<?xml version="1.0" encoding="UTF-8" standalone="yes"?><response><header><resultCode>00</resultCode><resultMsg>NORMAL SERVICE.</resultMsg></header><body><items><item><거래금액>    60,000</거래금액><거래유형>중개거래</거래유형><건축년도>1988</건축년도><년>2023</년><도로명>해등로</도로명><도로명건물본번호코드>00195</도로명건물본번호코드><도로명건물부번호코드>00000</도로명건물부번호코드><도로명시군구코드>11320</도로명시군구코드><도로명일련번호코드>01</도로명일련번호코드><도로명지상지하코드>0</도로명지상지하코드><도로명코드>3109003</도로명코드><법정동> 쌍문동</법정동><법정동본번코드>0056</법정동본번코드><법정동부번코드>0000</법정동부번코드><법정동시군구코드>11320</법정동시군구코드><법정동읍면동코드>10500</법정동읍면동코드><법정동지번코드>1</법정동지번코드><아파트>삼익세라믹</아파트><월>1</월><일>5</일><일련번호>11320-11</일련번호><전용면적>79.98</전용면적><중개사소재지>서울 도봉구</중개사소재지><지번>56</지번><지역코드>11320</지역코드><층>13</층><해제사유발생일> </해제사유발생일><해제여부> </해제여부></item><item><거래금액>    24,000</거래금액><거래유형>중개거래</거래유형><건축년도>2001</건축년도><년>2023</년><도로명>노해로46길</도로명><도로명건물본번호코드>00055</도로명건물본번호코드><도로명건물부번호코드>00000</도로명건물부번호코드><도로명시군구코드>11320</도로명시군구코드><도로명일련번호코드>01</도로명일련번호코드><도로명지상지하코드>0</도로명지상지하코드><도로명코드>4127011</도로명코드><법정동> 쌍문동</법정동><법정동본번코드>0315</법정동본번코드><법정동부번코드>0020</법정동부번코드><법정동시군구코드>11320</법정동시군구코드><법정동읍면동코드>10500</법정동읍면동코드><법정동지번코드>1</법정동지번코드><아파트>신건영주택A</아파트><월>1</월><일>5</일><일련번호>11320-131</일련번호><전용면적>59.3</전용면적><중개사소재지>서울 도봉구</중개사소재지><지번>315-20</지번><지역코드>11320</지역코드><층>4</층><해제사유발생일> </해제사유발생일><해제여부> </해제여부></item><item><거래금액>    26,000</거래금액><거래유형>중개거래</거래유형><건축년도>1988</건축년도><년>2023</년><도로명>해등로</도로명><도로명건물본번호코드>00231</도로명건물본번호코드><도로명건물부번호코드>00000</도로명건물부번호코드><도로명시군구코드>11320</도로명시군구코드><도로명일련번호코드>01</도로명일련번호코드><도로명지상지하코드>0</도로명지상지하코드><도로명코드>3109003</도로명코드><법정동> 쌍문동</법정동><법정동본번코드>0059</법정동본번코드><법정동부번코드>0000</법정동부번코드><법정동시군구코드>11320</법정동시군구코드><법정동읍면동코드>10500</법정동읍면동코드><법정동지번코드>1</법정동지번코드><아파트>한양2</아파트><월>1</월><일>6</일><일련번호>11320-21</일련번호><전용면적>28.71</전용면적><중개사소재지>서울 도봉구</중개사소재지><지번>59</지번><지역코드>11320</지역코드><층>10</층><해제사유발생일> </해제사유발생일><해제여부> </해제여부></item><item><거래금액>    43,000</거래금액><거래유형>중개거래</거래유형><건축년도>1989</건축년도><년>2023</년><도로명>해등로</도로명><도로명건물본번호코드>00242</도로명건물본번호코드><도로명건물부번호코드>00011</도로명건물부번호코드><도로명시군구코드>11320</도로명시군구코드><도로명일련번호코드>01</도로명일련번호코드><도로명지상지하코드>0</도로명지상지하코드><도로명코드>3109003</도로명코드><법정동> 쌍문동</법정동><법정동본번코드>0053</법정동본번코드><법정동부번코드>0000</법정동부번코드><법정동시군구코드>11320</법정동시군구코드><법정동읍면동코드>10500</법정동읍면동코드><법정동지번코드>1</법정동지번코드><아파트>성원</아파트><월>1</월><일>7</일><일련번호>11320-12</일련번호><전용면적>71.78</전용면적><중개사소재지>서울 도봉구</중개사소재지><지번>53</지번><지역코드>11320</지역코드><층>7</층><해제사유발생일> </해제사유발생일><해제여부> </해제여부></item><item><거래금액>    24,500</거래금액><거래유형>중개거래</거래유형><건축년도>1988</건축년도><년>2023</년><도로명>도봉로129길</도로명><도로명건물본번호코드>00045</도로명건물본번호코드><도로명건물부번호코드>00012</도로명건물부번호코드><도로명시군구코드>11320</도로명시군구코드><도로명일련번호코드>01</도로명일련번호코드><도로명지상지하코드>0</도로명지상지하코드><도로명코드>4127121</도로명코드><법정동> 쌍문동</법정동><법정동본번코드>0073</법정동본번코드><법정동부번코드>0000</법정동부번코드><법정동시군구코드>11320</법정동시군구코드><법정동읍면동코드>10500</법정동읍면동코드><법정동지번코드>1</법정동지번코드><아파트>경남</아파트><월>1</월><일>13</일><일련번호>11320-1</일련번호><전용면적>44.5</전용면적><중개사소재지>서울 도봉구</중개사소재지><지번>73</지번><지역코드>11320</지역코드><층>2</층><해제사유발생일> </해제사유발생일><해제여부> </해제여부></item><item><거래금액>    50,000</거래금액><거래유형>중개거래</거래유형><건축년도>1995</건축년도><년>2023</년><도로명>우이천로38가길</도로명><도로명건물본번호코드>00032</도로명건물본번호코드><도로명건물부번호코드>00000</도로명건물부번호코드><도로명시군구코드>11320</도로명시군구코드><도로명일련번호코드>01</도로명일련번호코드><도로명지상지하코드>0</도로명지상지하코드><도로명코드>4127283</도로명코드><법정동> 쌍문동</법정동><법정동본번코드>0719</법정동본번코드><법정동부번코드>0000</법정동부번코드><법정동시군구코드>11320</법정동시군구코드><법정동읍면동코드>10500</법정동읍면동코드><법정동지번코드>1</법정동지번코드><아파트>현대3</아파트><월>1</월><일>13</일><일련번호>11320-29</일련번호><전용면적>84.97</전용면적><중개사소재지>서울 도봉구</중개사소재지><지번>719</지번><지역코드>11320</지역코드><층>12</층><해제사유발생일> </해제사유발생일><해제여부> </해제여부></item><item><거래금액>    28,000</거래금액><거래유형>중개거래</거래유형><건축년도>1988</건축년도><년>2023</년><도로명>해등로</도로명><도로명건물본번호코드>00231</도로명건물본번호코드><도로명건물부번호코드>00000</도로명건물부번호코드><도로명시군구코드>11320</도로명시군구코드><도로명일련번호코드>01</도로명일련번호코드><도로명지상지하코드>0</도로명지상지하코드><도로명코드>3109003</도로명코드><법정동> 쌍문동</법정동><법정동본번코드>0059</법정동본번코드><법정동부번코드>0000</법정동부번코드><법정동시군구코드>11320</법정동시군구코드><법정동읍면동코드>10500</법정동읍면동코드><법정동지번코드>1</법정동지번코드><아파트>한양2</아파트><월>1</월><일>13</일><일련번호>11320-21</일련번호><전용면적>35.1</전용면적><중개사소재지>서울 도봉구</중개사소재지><지번>59</지번><지역코드>11320</지역코드><층>8</층><해제사유발생일> </해제사유발생일><해제여부> </해제여부></item><item><거래금액>    28,000</거래금액><거래유형>중개거래</거래유형><건축년도>1997</건축년도><년>2023</년><도로명>우이천로30길</도로명><도로명건물본번호코드>00028</도로명건물본번호코드><도로명건물부번호코드>00000</도로명건물부번호코드><도로명시군구코드>11320</도로명시군구코드><도로명일련번호코드>01</도로명일련번호코드><도로명지상지하코드>0</도로명지상지하코드><도로명코드>4127277</도로명코드><법정동> 쌍문동</법정동><법정동본번코드>0722</법정동본번코드><법정동부번코드>0000</법정동부번코드><법정동시군구코드>11320</법정동시군구코드><법정동읍면동코드>10500</법정동읍면동코드><법정동지번코드>1</법정동지번코드><아파트>염광</아파트><월>1</월><일>13</일><일련번호>11320-17</일련번호><전용면적>59.91</전용면적><중개사소재지>서울 도봉구</중개사소재지><지번>722</지번><지역코드>11320</지역코드><층>1</층><해제사유발생일> </해제사유발생일><해제여부> </해제여부></item><item><거래금액>    40,500</거래금액><거래유형>중개거래</거래유형><건축년도>1988</건축년도><년>2023</년><도로명>해등로</도로명><도로명건물본번호코드>00195</도로명건물본번호코드><도로명건물부번호코드>00000</도로명건물부번호코드><도로명시군구코드>11320</도로명시군구코드><도로명일련번호코드>01</도로명일련번호코드><도로명지상지하코드>0</도로명지상지하코드><도로명코드>3109003</도로명코드><법정동> 쌍문동</법정동><법정동본번코드>0056</법정동본번코드><법정동부번코드>0000</법정동부번코드><법정동시군구코드>11320</법정동시군구코드><법정동읍면동코드>10500</법정동읍면동코드><법정동지번코드>1</법정동지번코드><아파트>삼익세라믹</아파트><월>1</월><일>20</일><일련번호>11320-11</일련번호><전용면적>58.77</전용면적><중개사소재지>서울 도봉구, 서울 성동구</중개사소재지><지번>56</지번><지역코드>11320</지역코드><층>2</층><해제사유발생일> </해제사유발생일><해제여부> </해제여부></item><item><거래금액>    17,000</거래금액><거래유형>중개거래</거래유형><건축년도>2002</건축년도><년>2023</년><도로명>노해로41길</도로명><도로명건물본번호코드>00017</도로명건물본번호코드><도로명건물부번호코드>00000</도로명건물부번호코드><도로명시군구코드>11320</도로명시군구코드><도로명일련번호코드>01</도로명일련번호코드><도로명지상지하코드>0</도로명지상지하코드><도로명코드>4127006</도로명코드><법정동> 쌍문동</법정동><법정동본번코드>0357</법정동본번코드><법정동부번코드>0006</법정동부번코드><법정동시군구코드>11320</법정동시군구코드><법정동읍면동코드>10500</법정동읍면동코드><법정동지번코드>1</법정동지번코드><아파트>금강</아파트><월>1</월><일>25</일><일련번호>11320-134</일련번호><전용면적>48.61</전용면적><중개사소재지>서울 도봉구</중개사소재지><지번>357-6</지번><지역코드>11320</지역코드><층>5</층><해제사유발생일> </해제사유발생일><해제여부> </해제여부></item><item><거래금액>    25,200</거래금액><거래유형>중개거래</거래유형><건축년도>1988</건축년도><년>2023</년><도로명>해등로</도로명><도로명건물본번호코드>00231</도로명건물본번호코드><도로명건물부번호코드>00000</도로명건물부번호코드><도로명시군구코드>11320</도로명시군구코드><도로명일련번호코드>01</도로명일련번호코드><도로명지상지하코드>0</도로명지상지하코드><도로명코드>3109003</도로명코드><법정동> 쌍문동</법정동><법정동본번코드>0059</법정동본번코드><법정동부번코드>0000</법정동부번코드><법정동시군구코드>11320</법정동시군구코드><법정동읍면동코드>10500</법정동읍면동코드><법정동지번코드>1</법정동지번코드><아파트>한양2</아파트><월>1</월><일>30</일><일련번호>11320-21</일련번호><전용면적>35.1</전용면적><중개사소재지>서울 도봉구</중개사소재지><지번>59</지번><지역코드>11320</지역코드><층>2</층><해제사유발생일> </해제사유발생일><해제여부> </해제여부></item><item><거래금액>    47,000</거래금액><거래유형>중개거래</거래유형><건축년도>1989</건축년도><년>2023</년><도로명>해등로</도로명><도로명건물본번호코드>00242</도로명건물본번호코드><도로명건물부번호코드>00011</도로명건물부번호코드><도로명시군구코드>11320</도로명시군구코드><도로명일련번호코드>01</도로명일련번호코드><도로명지상지하코드>0</도로명지상지하코드><도로명코드>3109003</도로명코드><법정동> 쌍문동</법정동><법정동본번코드>0053</법정동본번코드><법정동부번코드>0000</법정동부번코드><법정동시군구코드>11320</법정동시군구코드><법정동읍면동코드>10500</법정동읍면동코드><법정동지번코드>1</법정동지번코드><아파트>성원</아파트><월>1</월><일>31</일><일련번호>11320-12</일련번호><전용면적>84.98</전용면적><중개사소재지>서울 도봉구</중개사소재지><지번>53</지번><지역코드>11320</지역코드><층>3</층><해제사유발생일> </해제사유발생일><해제여부> </해제여부></item><item><거래금액>    36,300</거래금액><거래유형>중개거래</거래유형><건축년도>1988</건축년도><년>2023</년><도로명>도당로</도로명><도로명건물본번호코드>00037</도로명건물본번호코드><도로명건물부번호코드>00000</도로명건물부번호코드><도로명시군구코드>11320</도로명시군구코드><도로명일련번호코드>02</도로명일련번호코드><도로명지상지하코드>0</도로명지상지하코드><도로명코드>3109001</도로명코드><법정동> 방학동</법정동><법정동본번코드>0274</법정동본번코드><법정동부번코드>0000</법정동부번코드><법정동시군구코드>11320</법정동시군구코드><법정동읍면동코드>10600</법정동읍면동코드><법정동지번코드>1</법정동지번코드><아파트>삼익세라믹아파트</아파트><월>1</월><일>10</일><일련번호>11320-39</일련번호><전용면적>58.77</전용면적><중개사소재지>서울 도봉구</중개사소재지><지번>274</지번><지역코드>11320</지역코드><층>3</층><해제사유발생일> </해제사유발생일><해제여부> </해제여부></item><item><거래금액>    35,200</거래금액><거래유형>중개거래</거래유형><건축년도>1991</건축년도><년>2023</년><도로명>방학로11길</도로명><도로명건물본번호코드>00036</도로명건물본번호코드><도로명건물부번호코드>00000</도로명건물부번호코드><도로명시군구코드>11320</도로명시군구코드><도로명일련번호코드>02</도로명일련번호코드><도로명지상지하코드>0</도로명지상지하코드><도로명코드>4127214</도로명코드><법정동> 방학동</법정동><법정동본번코드>0275</법정동본번코드><법정동부번코드>0000</법정동부번코드><법정동시군구코드>11320</법정동시군구코드><법정동읍면동코드>10600</법정동읍면동코드><법정동지번코드>1</법정동지번코드><아파트>벽산아파트1</아파트><월>1</월><일>11</일><일련번호>11320-38</일련번호><전용면적>63.38</전용면적><중개사소재지>서울 도봉구</중개사소재지><지번>275</지번><지역코드>11320</지역코드><층>3</층><해제사유발생일> </해제사유발생일><해제여부> </해제여부></item><item><거래금액>    56,000</거래금액><거래유형>직거래</거래유형><건축년도>1994</건축년도><년>2023</년><도로명>시루봉로</도로명><도로명건물본번호코드>00071</도로명건물본번호코드><도로명건물부번호코드>00000</도로명건물부번호코드><도로명시군구코드>11320</도로명시군구코드><도로명일련번호코드>02</도로명일련번호코드><도로명지상지하코드>0</도로명지상지하코드><도로명코드>3109002</도로명코드><법정동> 방학동</법정동><법정동본번코드>0734</법정동본번코드><법정동부번코드>0000</법정동부번코드><법정동시군구코드>11320</법정동시군구코드><법정동읍면동코드>10600</법정동읍면동코드><법정동지번코드>1</법정동지번코드><아파트>청구아파트</아파트><월>1</월><일>11</일><일련번호>11320-47</일련번호><전용면적>84.97</전용면적><중개사소재지> </중개사소재지><지번>734</지번><지역코드>11320</지역코드><층>3</층><해제사유발생일> </해제사유발생일><해제여부> </해제여부></item><item><거래금액>    76,000</거래금액><거래유형>직거래</거래유형><건축년도>2002</건축년도><년>2023</년><도로명>마들로</도로명><도로명건물본번호코드>00646</도로명건물본번호코드><도로명건물부번호코드>00000</도로명건물부번호코드><도로명시군구코드>11320</도로명시군구코드><도로명일련번호코드>01</도로명일련번호코드><도로명지상지하코드>0</도로명지상지하코드><도로명코드>3109006</도로명코드><법정동> 방학동</법정동><법정동본번코드>0720</법정동본번코드><법정동부번코드>0018</법정동부번코드><법정동시군구코드>11320</법정동시군구코드><법정동읍면동코드>10600</법정동읍면동코드><법정동지번코드>1</법정동지번코드><아파트>방학동삼성래미안1</아파트><월>1</월><일>13</일><일련번호>11320-49</일련번호><전용면적>118.381</전용면적><중개사소재지> </중개사소재지><지번>720-18</지번><지역코드>11320</지역코드><층>8</층><해제사유발생일> </해제사유발생일><해제여부> </해제여부></item><item><거래금액>    69,000</거래금액><거래유형>직거래</거래유형><건축년도>2003</건축년도><년>2023</년><도로명>마들로</도로명><도로명건물본번호코드>00657</도로명건물본번호코드><도로명건물부번호코드>00000</도로명건물부번호코드><도로명시군구코드>11320</도로명시군구코드><도로명일련번호코드>01</도로명일련번호코드><도로명지상지하코드>0</도로명지상지하코드><도로명코드>3109006</도로명코드><법정동> 방학동</법정동><법정동본번코드>0718</법정동본번코드><법정동부번코드>0007</법정동부번코드><법정동시군구코드>11320</법정동시군구코드><법정동읍면동코드>10600</법정동읍면동코드><법정동지번코드>1</법정동지번코드><아파트>이에스에이아파트1</아파트><월>1</월><일>17</일><일련번호>11320-106</일련번호><전용면적>84.98</전용면적><중개사소재지> </중개사소재지><지번>718-7</지번><지역코드>11320</지역코드><층>13</층><해제사유발생일> </해제사유발생일><해제여부> </해제여부></item><item><거래금액>    50,500</거래금액><거래유형>중개거래</거래유형><건축년도>1993</건축년도><년>2023</년><도로명>해등로</도로명><도로명건물본번호코드>00307</도로명건물본번호코드><도로명건물부번호코드>00000</도로명건물부번호코드><도로명시군구코드>11320</도로명시군구코드><도로명일련번호코드>02</도로명일련번호코드><도로명지상지하코드>0</도로명지상지하코드><도로명코드>3109003</도로명코드><법정동> 방학동</법정동><법정동본번코드>0508</법정동본번코드><법정동부번코드>0000</법정동부번코드><법정동시군구코드>11320</법정동시군구코드><법정동읍면동코드>10600</법정동읍면동코드><법정동지번코드>1</법정동지번코드><아파트>우성아파트2</아파트><월>1</월><일>18</일><일련번호>11320-46</일련번호><전용면적>84.98</전용면적><중개사소재지>서울 도봉구</중개사소재지><지번>508</지번><지역코드>11320</지역코드><층>7</층><해제사유발생일> </해제사유발생일><해제여부> </해제여부></item><item><거래금액>    29,000</거래금액><거래유형>중개거래</거래유형><건축년도>1986</건축년도><년>2023</년><도로명>시루봉로</도로명><도로명건물본번호코드>00107</도로명건물본번호코드><도로명건물부번호코드>00000</도로명건물부번호코드><도로명시군구코드>11320</도로명시군구코드><도로명일련번호코드>02</도로명일련번호코드><도로명지상지하코드>0</도로명지상지하코드><도로명코드>3109002</도로명코드><법정동> 방학동</법정동><법정동본번코드>0271</법정동본번코드><법정동부번코드>0001</법정동부번코드><법정동시군구코드>11320</법정동시군구코드><법정동읍면동코드>10600</법정동읍면동코드><법정동지번코드>1</법정동지번코드><아파트>신동아아파트1</아파트><월>1</월><일>31</일><일련번호>11320-42</일련번호><전용면적>43.35</전용면적><중개사소재지>서울 도봉구</중개사소재지><지번>271-1</지번><지역코드>11320</지역코드><층>1</층><해제사유발생일> </해제사유발생일><해제여부> </해제여부></item><item><거래금액>    46,800</거래금액><거래유형>중개거래</거래유형><건축년도>1990</건축년도><년>2023</년><도로명>해등로12길</도로명><도로명건물본번호코드>00044</도로명건물본번호코드><도로명건물부번호코드>00000</도로명건물부번호코드><도로명시군구코드>11320</도로명시군구코드><도로명일련번호코드>01</도로명일련번호코드><도로명지상지하코드>0</도로명지상지하코드><도로명코드>4127310</도로명코드><법정동> 창동</법정동><법정동본번코드>0316</법정동본번코드><법정동부번코드>0000</법정동부번코드><법정동시군구코드>11320</법정동시군구코드><법정동읍면동코드>10700</법정동읍면동코드><법정동지번코드>1</법정동지번코드><아파트>창동주공2단지</아파트><월>1</월><일>6</일><일련번호>11320-97</일련번호><전용면적>49.94</전용면적><중개사소재지>서울 도봉구</중개사소재지><지번>316</지번><지역코드>11320</지역코드><층>4</층><해제사유발생일>23.02.17</해제사유발생일><해제여부>O</해제여부></item><item><거래금액>    58,500</거래금액><거래유형>중개거래</거래유형><건축년도>1995</건축년도><년>2023</년><도로명>덕릉로63가길</도로명><도로명건물본번호코드>00043</도로명건물본번호코드><도로명건물부번호코드>00000</도로명건물부번호코드><도로명시군구코드>11320</도로명시군구코드><도로명일련번호코드>01</도로명일련번호코드><도로명지상지하코드>0</도로명지상지하코드><도로명코드>4127065</도로명코드><법정동> 창동</법정동><법정동본번코드>0804</법정동본번코드><법정동부번코드>0000</법정동부번코드><법정동시군구코드>11320</법정동시군구코드><법정동읍면동코드>10700</법정동읍면동코드><법정동지번코드>1</법정동지번코드><아파트>대우</아파트><월>1</월><일>9</일><일련번호>11320-53</일련번호><전용면적>84.88</전용면적><중개사소재지>서울 도봉구</중개사소재지><지번>804</지번><지역코드>11320</지역코드><층>10</층><해제사유발생일> </해제사유발생일><해제여부> </해제여부></item><item><거래금액>    43,300</거래금액><거래유형>중개거래</거래유형><건축년도>1991</건축년도><년>2023</년><도로명>덕릉로</도로명><도로명건물본번호코드>00350</도로명건물본번호코드><도로명건물부번호코드>00000</도로명건물부번호코드><도로명시군구코드>11320</도로명시군구코드><도로명일련번호코드>01</도로명일련번호코드><도로명지상지하코드>0</도로명지상지하코드><도로명코드>3000004</도로명코드><법정동> 창동</법정동><법정동본번코드>0373</법정동본번코드><법정동부번코드>0000</법정동부번코드><법정동시군구코드>11320</법정동시군구코드><법정동읍면동코드>10700</법정동읍면동코드><법정동지번코드>1</법정동지번코드><아파트>창동주공4단지</아파트><월>1</월><일>10</일><일련번호>11320-99</일련번호><전용면적>49.94</전용면적><중개사소재지>서울 도봉구</중개사소재지><지번>373</지번><지역코드>11320</지역코드><층>10</층><해제사유발생일> </해제사유발생일><해제여부> </해제여부></item><item><거래금액>    59,800</거래금액><거래유형>중개거래</거래유형><건축년도>1995</건축년도><년>2023</년><도로명>덕릉로63가길</도로명><도로명건물본번호코드>00043</도로명건물본번호코드><도로명건물부번호코드>00000</도로명건물부번호코드><도로명시군구코드>11320</도로명시군구코드><도로명일련번호코드>01</도로명일련번호코드><도로명지상지하코드>0</도로명지상지하코드><도로명코드>4127065</도로명코드><법정동> 창동</법정동><법정동본번코드>0804</법정동본번코드><법정동부번코드>0000</법정동부번코드><법정동시군구코드>11320</법정동시군구코드><법정동읍면동코드>10700</법정동읍면동코드><법정동지번코드>1</법정동지번코드><아파트>대우</아파트><월>1</월><일>12</일><일련번호>11320-53</일련번호><전용면적>84.88</전용면적><중개사소재지>서울 도봉구</중개사소재지><지번>804</지번><지역코드>11320</지역코드><층>1</층><해제사유발생일> </해제사유발생일><해제여부> </해제여부></item><item><거래금액>    31,000</거래금액><거래유형>중개거래</거래유형><건축년도>1989</건축년도><년>2023</년><도로명>덕릉로66길</도로명><도로명건물본번호코드>00017</도로명건물본번호코드><도로명건물부번호코드>00000</도로명건물부번호코드><도로명시군구코드>11320</도로명시군구코드><도로명일련번호코드>01</도로명일련번호코드><도로명지상지하코드>0</도로명지상지하코드><도로명코드>4127067</도로명코드><법정동> 창동</법정동><법정동본번코드>0038</법정동본번코드><법정동부번코드>0000</법정동부번코드><법정동시군구코드>11320</법정동시군구코드><법정동읍면동코드>10700</법정동읍면동코드><법정동지번코드>1</법정동지번코드><아파트>주공17단지</아파트><월>1</월><일>12</일><일련번호>11320-100</일련번호><전용면적>36.34</전용면적><중개사소재지>서울 도봉구</중개사소재지><지번>38</지번><지역코드>11320</지역코드><층>1</층><해제사유발생일> </해제사유발생일><해제여부> </해제여부></item><item><거래금액>    48,000</거래금액><거래유형>중개거래</거래유형><건축년도>1995</건축년도><년>2023</년><도로명>덕릉로63가길</도로명><도로명건물본번호코드>00043</도로명건물본번호코드><도로명건물부번호코드>00000</도로명건물부번호코드><도로명시군구코드>11320</도로명시군구코드><도로명일련번호코드>01</도로명일련번호코드><도로명지상지하코드>0</도로명지상지하코드><도로명코드>4127065</도로명코드><법정동> 창동</법정동><법정동본번코드>0804</법정동본번코드><법정동부번코드>0000</법정동부번코드><법정동시군구코드>11320</법정동시군구코드><법정동읍면동코드>10700</법정동읍면동코드><법정동지번코드>1</법정동지번코드><아파트>대우</아파트><월>1</월><일>12</일><일련번호>11320-53</일련번호><전용면적>59.86</전용면적><중개사소재지>서울 도봉구</중개사소재지><지번>804</지번><지역코드>11320</지역코드><층>12</층><해제사유발생일> </해제사유발생일><해제여부> </해제여부></item><item><거래금액>    86,900</거래금액><거래유형>중개거래</거래유형><건축년도>1997</건축년도><년>2023</년><도로명>노해로69길</도로명><도로명건물본번호코드>00103</도로명건물본번호코드><도로명건물부번호코드>00000</도로명건물부번호코드><도로명시군구코드>11320</도로명시군구코드><도로명일련번호코드>01</도로명일련번호코드><도로명지상지하코드>0</도로명지상지하코드><도로명코드>4127032</도로명코드><법정동> 창동</법정동><법정동본번코드>0808</법정동본번코드><법정동부번코드>0000</법정동부번코드><법정동시군구코드>11320</법정동시군구코드><법정동읍면동코드>10700</법정동읍면동코드><법정동지번코드>1</법정동지번코드><아파트>동아청솔</아파트><월>1</월><일>13</일><일련번호>11320-57</일련번호><전용면적>84.97</전용면적><중개사소재지>서울 도봉구</중개사소재지><지번>808</지번><지역코드>11320</지역코드><층>19</층><해제사유발생일> </해제사유발생일><해제여부> </해제여부></item><item><거래금액>    33,000</거래금액><거래유형>중개거래</거래유형><건축년도>1989</건축년도><년>2023</년><도로명>덕릉로66길</도로명><도로명건물본번호코드>00017</도로명건물본번호코드><도로명건물부번호코드>00000</도로명건물부번호코드><도로명시군구코드>11320</도로명시군구코드><도로명일련번호코드>01</도로명일련번호코드><도로명지상지하코드>0</도로명지상지하코드><도로명코드>4127067</도로명코드><법정동> 창동</법정동><법정동본번코드>0038</법정동본번코드><법정동부번코드>0000</법정동부번코드><법정동시군구코드>11320</법정동시군구코드><법정동읍면동코드>10700</법정동읍면동코드><법정동지번코드>1</법정동지번코드><아파트>주공17단지</아파트><월>1</월><일>13</일><일련번호>11320-100</일련번호><전용면적>36.16</전용면적><중개사소재지>서울 노원구, 서울 도봉구</중개사소재지><지번>38</지번><지역코드>11320</지역코드><층>10</층><해제사유발생일> </해제사유발생일><해제여부> </해제여부></item><item><거래금액>    85,000</거래금액><거래유형>중개거래</거래유형><건축년도>1997</건축년도><년>2023</년><도로명>노해로69길</도로명><도로명건물본번호코드>00103</도로명건물본번호코드><도로명건물부번호코드>00000</도로명건물부번호코드><도로명시군구코드>11320</도로명시군구코드><도로명일련번호코드>01</도로명일련번호코드><도로명지상지하코드>0</도로명지상지하코드><도로명코드>4127032</도로명코드><법정동> 창동</법정동><법정동본번코드>0808</법정동본번코드><법정동부번코드>0000</법정동부번코드><법정동시군구코드>11320</법정동시군구코드><법정동읍면동코드>10700</법정동읍면동코드><법정동지번코드>1</법정동지번코드><아파트>동아청솔</아파트><월>1</월><일>14</일><일련번호>11320-57</일련번호><전용면적>84.97</전용면적><중개사소재지>서울 도봉구</중개사소재지><지번>808</지번><지역코드>11320</지역코드><층>16</층><해제사유발생일> </해제사유발생일><해제여부> </해제여부></item><item><거래금액>     9,850</거래금액><거래유형>중개거래</거래유형><건축년도>2013</건축년도><년>2023</년><도로명>마들로11가길</도로명><도로명건물본번호코드>00006</도로명건물본번호코드><도로명건물부번호코드>00025</도로명건물부번호코드><도로명시군구코드>11320</도로명시군구코드><도로명일련번호코드>01</도로명일련번호코드><도로명지상지하코드>0</도로명지상지하코드><도로명코드>4127200</도로명코드><법정동> 창동</법정동><법정동본번코드>0007</법정동본번코드><법정동부번코드>0000</법정동부번코드><법정동시군구코드>11320</법정동시군구코드><법정동읍면동코드>10700</법정동읍면동코드><법정동지번코드>1</법정동지번코드><아파트>월가타워</아파트><월>1</월><일>14</일><일련번호>11320-3007</일련번호><전용면적>13.09</전용면적><중개사소재지>서울 도봉구</중개사소재지><지번>7</지번><지역코드>11320</지역코드><층>11</층><해제사유발생일> </해제사유발생일><해제여부> </해제여부></item><item><거래금액>    45,000</거래금액><거래유형>중개거래</거래유형><건축년도>1991</건축년도><년>2023</년><도로명>덕릉로</도로명><도로명건물본번호코드>00349</도로명건물본번호코드><도로명건물부번호코드>00000</도로명건물부번호코드><도로명시군구코드>11320</도로명시군구코드><도로명일련번호코드>01</도로명일련번호코드><도로명지상지하코드>0</도로명지상지하코드><도로명코드>3000004</도로명코드><법정동> 창동</법정동><법정동본번코드>0373</법정동본번코드><법정동부번코드>0000</법정동부번코드><법정동시군구코드>11320</법정동시군구코드><법정동읍면동코드>10700</법정동읍면동코드><법정동지번코드>1</법정동지번코드><아파트>창동주공4단지</아파트><월>1</월><일>14</일><일련번호>11320-99</일련번호><전용면적>49.94</전용면적><중개사소재지>서울 도봉구</중개사소재지><지번>373</지번><지역코드>11320</지역코드><층>13</층><해제사유발생일> </해제사유발생일><해제여부> </해제여부></item><item><거래금액>    47,000</거래금액><거래유형>중개거래</거래유형><건축년도>1990</건축년도><년>2023</년><도로명>해등로12길</도로명><도로명건물본번호코드>00044</도로명건물본번호코드><도로명건물부번호코드>00000</도로명건물부번호코드><도로명시군구코드>11320</도로명시군구코드><도로명일련번호코드>01</도로명일련번호코드><도로명지상지하코드>0</도로명지상지하코드><도로명코드>4127310</도로명코드><법정동> 창동</법정동><법정동본번코드>0316</법정동본번코드><법정동부번코드>0000</법정동부번코드><법정동시군구코드>11320</법정동시군구코드><법정동읍면동코드>10700</법정동읍면동코드><법정동지번코드>1</법정동지번코드><아파트>창동주공2단지</아파트><월>1</월><일>16</일><일련번호>11320-97</일련번호><전용면적>49.94</전용면적><중개사소재지>서울 도봉구</중개사소재지><지번>316</지번><지역코드>11320</지역코드><층>10</층><해제사유발생일> </해제사유발생일><해제여부> </해제여부></item><item><거래금액>     9,000</거래금액><거래유형>중개거래</거래유형><건축년도>2013</건축년도><년>2023</년><도로명>마들로11가길</도로명><도로명건물본번호코드>00006</도로명건물본번호코드><도로명건물부번호코드>00025</도로명건물부번호코드><도로명시군구코드>11320</도로명시군구코드><도로명일련번호코드>01</도로명일련번호코드><도로명지상지하코드>0</도로명지상지하코드><도로명코드>4127200</도로명코드><법정동> 창동</법정동><법정동본번코드>0007</법정동본번코드><법정동부번코드>0000</법정동부번코드><법정동시군구코드>11320</법정동시군구코드><법정동읍면동코드>10700</법정동읍면동코드><법정동지번코드>1</법정동지번코드><아파트>월가타워</아파트><월>1</월><일>16</일><일련번호>11320-3007</일련번호><전용면적>13.09</전용면적><중개사소재지>서울 도봉구</중개사소재지><지번>7</지번><지역코드>11320</지역코드><층>13</층><해제사유발생일> </해제사유발생일><해제여부> </해제여부></item><item><거래금액>     8,500</거래금액><거래유형>중개거래</거래유형><건축년도>2013</건축년도><년>2023</년><도로명>마들로11가길</도로명><도로명건물본번호코드>00006</도로명건물본번호코드><도로명건물부번호코드>00025</도로명건물부번호코드><도로명시군구코드>11320</도로명시군구코드><도로명일련번호코드>01</도로명일련번호코드><도로명지상지하코드>0</도로명지상지하코드><도로명코드>4127200</도로명코드><법정동> 창동</법정동><법정동본번코드>0007</법정동본번코드><법정동부번코드>0000</법정동부번코드><법정동시군구코드>11320</법정동시군구코드><법정동읍면동코드>10700</법정동읍면동코드><법정동지번코드>1</법정동지번코드><아파트>월가타워</아파트><월>1</월><일>16</일><일련번호>11320-3007</일련번호><전용면적>15</전용면적><중개사소재지>서울 도봉구</중개사소재지><지번>7</지번><지역코드>11320</지역코드><층>13</층><해제사유발생일> </해제사유발생일><해제여부> </해제여부></item><item><거래금액>    63,500</거래금액><거래유형>중개거래</거래유형><건축년도>1988</건축년도><년>2023</년><도로명>노해로70길</도로명><도로명건물본번호코드>00019</도로명건물본번호코드><도로명건물부번호코드>00000</도로명건물부번호코드><도로명시군구코드>11320</도로명시군구코드><도로명일련번호코드>01</도로명일련번호코드><도로명지상지하코드>0</도로명지상지하코드><도로명코드>4127033</도로명코드><법정동> 창동</법정동><법정동본번코드>0027</법정동본번코드><법정동부번코드>0000</법정동부번코드><법정동시군구코드>11320</법정동시군구코드><법정동읍면동코드>10700</법정동읍면동코드><법정동지번코드>1</법정동지번코드><아파트>주공19단지(창동리버타운)</아파트><월>1</월><일>16</일><일련번호>11320-101</일련번호><전용면적>61.52</전용면적><중개사소재지>서울 도봉구</중개사소재지><지번>27</지번><지역코드>11320</지역코드><층>7</층><해제사유발생일> </해제사유발생일><해제여부> </해제여부></item><item><거래금액>    62,000</거래금액><거래유형>중개거래</거래유형><건축년도>1988</건축년도><년>2023</년><도로명>노해로70길</도로명><도로명건물본번호코드>00019</도로명건물본번호코드><도로명건물부번호코드>00000</도로명건물부번호코드><도로명시군구코드>11320</도로명시군구코드><도로명일련번호코드>01</도로명일련번호코드><도로명지상지하코드>0</도로명지상지하코드><도로명코드>4127033</도로명코드><법정동> 창동</법정동><법정동본번코드>0027</법정동본번코드><법정동부번코드>0000</법정동부번코드><법정동시군구코드>11320</법정동시군구코드><법정동읍면동코드>10700</법정동읍면동코드><법정동지번코드>1</법정동지번코드><아파트>주공19단지(창동리버타운)</아파트><월>1</월><일>16</일><일련번호>11320-101</일련번호><전용면적>60.5</전용면적><중개사소재지>서울 도봉구</중개사소재지><지번>27</지번><지역코드>11320</지역코드><층>5</층><해제사유발생일> </해제사유발생일><해제여부> </해제여부></item><item><거래금액>    35,000</거래금액><거래유형>중개거래</거래유형><건축년도>1991</건축년도><년>2023</년><도로명>덕릉로</도로명><도로명건물본번호코드>00349</도로명건물본번호코드><도로명건물부번호코드>00000</도로명건물부번호코드><도로명시군구코드>11320</도로명시군구코드><도로명일련번호코드>01</도로명일련번호코드><도로명지상지하코드>0</도로명지상지하코드><도로명코드>3000004</도로명코드><법정동> 창동</법정동><법정동본번코드>0373</법정동본번코드><법정동부번코드>0000</법정동부번코드><법정동시군구코드>11320</법정동시군구코드><법정동읍면동코드>10700</법정동읍면동코드><법정동지번코드>1</법정동지번코드><아파트>창동주공4단지</아파트><월>1</월><일>16</일><일련번호>11320-99</일련번호><전용면적>36.16</전용면적><중개사소재지>서울 도봉구</중개사소재지><지번>373</지번><지역코드>11320</지역코드><층>2</층><해제사유발생일> </해제사유발생일><해제여부> </해제여부></item><item><거래금액>    69,900</거래금액><거래유형>직거래</거래유형><건축년도>1990</건축년도><년>2023</년><도로명>해등로</도로명><도로명건물본번호코드>00050</도로명건물본번호코드><도로명건물부번호코드>00000</도로명건물부번호코드><도로명시군구코드>11320</도로명시군구코드><도로명일련번호코드>03</도로명일련번호코드><도로명지상지하코드>0</도로명지상지하코드><도로명코드>3109003</도로명코드><법정동> 창동</법정동><법정동본번코드>0347</법정동본번코드><법정동부번코드>0000</법정동부번코드><법정동시군구코드>11320</법정동시군구코드><법정동읍면동코드>10700</법정동읍면동코드><법정동지번코드>1</법정동지번코드><아파트>창동주공3단지(해등마을)</아파트><월>1</월><일>16</일><일련번호>11320-98</일련번호><전용면적>61.52</전용면적><중개사소재지> </중개사소재지><지번>347</지번><지역코드>11320</지역코드><층>4</층><해제사유발생일> </해제사유발생일><해제여부> </해제여부></item><item><거래금액>    47,000</거래금액><거래유형>중개거래</거래유형><건축년도>1990</건축년도><년>2023</년><도로명>해등로12길</도로명><도로명건물본번호코드>00044</도로명건물본번호코드><도로명건물부번호코드>00000</도로명건물부번호코드><도로명시군구코드>11320</도로명시군구코드><도로명일련번호코드>01</도로명일련번호코드><도로명지상지하코드>0</도로명지상지하코드><도로명코드>4127310</도로명코드><법정동> 창동</법정동><법정동본번코드>0316</법정동본번코드><법정동부번코드>0000</법정동부번코드><법정동시군구코드>11320</법정동시군구코드><법정동읍면동코드>10700</법정동읍면동코드><법정동지번코드>1</법정동지번코드><아파트>창동주공2단지</아파트><월>1</월><일>17</일><일련번호>11320-97</일련번호><전용면적>49.94</전용면적><중개사소재지>서울 도봉구</중개사소재지><지번>316</지번><지역코드>11320</지역코드><층>11</층><해제사유발생일> </해제사유발생일><해제여부> </해제여부></item><item><거래금액>    54,000</거래금액><거래유형>중개거래</거래유형><건축년도>1990</건축년도><년>2023</년><도로명>해등로</도로명><도로명건물본번호코드>00050</도로명건물본번호코드><도로명건물부번호코드>00000</도로명건물부번호코드><도로명시군구코드>11320</도로명시군구코드><도로명일련번호코드>03</도로명일련번호코드><도로명지상지하코드>0</도로명지상지하코드><도로명코드>3109003</도로명코드><법정동> 창동</법정동><법정동본번코드>0347</법정동본번코드><법정동부번코드>0000</법정동부번코드><법정동시군구코드>11320</법정동시군구코드><법정동읍면동코드>10700</법정동읍면동코드><법정동지번코드>1</법정동지번코드><아파트>창동주공3단지(해등마을)</아파트><월>1</월><일>18</일><일련번호>11320-98</일련번호><전용면적>49.94</전용면적><중개사소재지>서울 도봉구</중개사소재지><지번>347</지번><지역코드>11320</지역코드><층>4</층><해제사유발생일>23.02.07</해제사유발생일><해제여부>O</해제여부></item><item><거래금액>    44,000</거래금액><거래유형>중개거래</거래유형><건축년도>1989</건축년도><년>2023</년><도로명>덕릉로66길</도로명><도로명건물본번호코드>00017</도로명건물본번호코드><도로명건물부번호코드>00000</도로명건물부번호코드><도로명시군구코드>11320</도로명시군구코드><도로명일련번호코드>01</도로명일련번호코드><도로명지상지하코드>0</도로명지상지하코드><도로명코드>4127067</도로명코드><법정동> 창동</법정동><법정동본번코드>0038</법정동본번코드><법정동부번코드>0000</법정동부번코드><법정동시군구코드>11320</법정동시군구코드><법정동읍면동코드>10700</법정동읍면동코드><법정동지번코드>1</법정동지번코드><아파트>주공17단지</아파트><월>1</월><일>18</일><일련번호>11320-100</일련번호><전용면적>49.94</전용면적><중개사소재지>서울 도봉구</중개사소재지><지번>38</지번><지역코드>11320</지역코드><층>15</층><해제사유발생일> </해제사유발생일><해제여부> </해제여부></item><item><거래금액>    54,000</거래금액><거래유형>중개거래</거래유형><건축년도>1990</건축년도><년>2023</년><도로명>해등로</도로명><도로명건물본번호코드>00050</도로명건물본번호코드><도로명건물부번호코드>00000</도로명건물부번호코드><도로명시군구코드>11320</도로명시군구코드><도로명일련번호코드>03</도로명일련번호코드><도로명지상지하코드>0</도로명지상지하코드><도로명코드>3109003</도로명코드><법정동> 창동</법정동><법정동본번코드>0347</법정동본번코드><법정동부번코드>0000</법정동부번코드><법정동시군구코드>11320</법정동시군구코드><법정동읍면동코드>10700</법정동읍면동코드><법정동지번코드>1</법정동지번코드><아파트>창동주공3단지(해등마을)</아파트><월>1</월><일>18</일><일련번호>11320-98</일련번호><전용면적>49.94</전용면적><중개사소재지>서울 도봉구</중개사소재지><지번>347</지번><지역코드>11320</지역코드><층>4</층><해제사유발생일> </해제사유발생일><해제여부> </해제여부></item><item><거래금액>    42,000</거래금액><거래유형>중개거래</거래유형><건축년도>1991</건축년도><년>2023</년><도로명>덕릉로</도로명><도로명건물본번호코드>00350</도로명건물본번호코드><도로명건물부번호코드>00000</도로명건물부번호코드><도로명시군구코드>11320</도로명시군구코드><도로명일련번호코드>01</도로명일련번호코드><도로명지상지하코드>0</도로명지상지하코드><도로명코드>3000004</도로명코드><법정동> 창동</법정동><법정동본번코드>0373</법정동본번코드><법정동부번코드>0000</법정동부번코드><법정동시군구코드>11320</법정동시군구코드><법정동읍면동코드>10700</법정동읍면동코드><법정동지번코드>1</법정동지번코드><아파트>창동주공4단지</아파트><월>1</월><일>19</일><일련번호>11320-99</일련번호><전용면적>41.3</전용면적><중개사소재지>서울 도봉구</중개사소재지><지번>373</지번><지역코드>11320</지역코드><층>7</층><해제사유발생일> </해제사유발생일><해제여부> </해제여부></item><item><거래금액>    72,500</거래금액><거래유형>중개거래</거래유형><건축년도>1988</건축년도><년>2023</년><도로명>노해로70길</도로명><도로명건물본번호코드>00019</도로명건물본번호코드><도로명건물부번호코드>00000</도로명건물부번호코드><도로명시군구코드>11320</도로명시군구코드><도로명일련번호코드>01</도로명일련번호코드><도로명지상지하코드>0</도로명지상지하코드><도로명코드>4127033</도로명코드><법정동> 창동</법정동><법정동본번코드>0027</법정동본번코드><법정동부번코드>0000</법정동부번코드><법정동시군구코드>11320</법정동시군구코드><법정동읍면동코드>10700</법정동읍면동코드><법정동지번코드>1</법정동지번코드><아파트>주공19단지(창동리버타운)</아파트><월>1</월><일>19</일><일련번호>11320-101</일련번호><전용면적>68.86</전용면적><중개사소재지>서울 도봉구</중개사소재지><지번>27</지번><지역코드>11320</지역코드><층>15</층><해제사유발생일> </해제사유발생일><해제여부> </해제여부></item><item><거래금액>    51,000</거래금액><거래유형>중개거래</거래유형><건축년도>1995</건축년도><년>2023</년><도로명>덕릉로63가길</도로명><도로명건물본번호코드>00043</도로명건물본번호코드><도로명건물부번호코드>00000</도로명건물부번호코드><도로명시군구코드>11320</도로명시군구코드><도로명일련번호코드>01</도로명일련번호코드><도로명지상지하코드>0</도로명지상지하코드><도로명코드>4127065</도로명코드><법정동> 창동</법정동><법정동본번코드>0804</법정동본번코드><법정동부번코드>0000</법정동부번코드><법정동시군구코드>11320</법정동시군구코드><법정동읍면동코드>10700</법정동읍면동코드><법정동지번코드>1</법정동지번코드><아파트>대우</아파트><월>1</월><일>20</일><일련번호>11320-53</일련번호><전용면적>59.86</전용면적><중개사소재지>서울 도봉구</중개사소재지><지번>804</지번><지역코드>11320</지역코드><층>12</층><해제사유발생일> </해제사유발생일><해제여부> </해제여부></item><item><거래금액>    34,800</거래금액><거래유형>중개거래</거래유형><건축년도>1991</건축년도><년>2023</년><도로명>덕릉로</도로명><도로명건물본번호코드>00350</도로명건물본번호코드><도로명건물부번호코드>00000</도로명건물부번호코드><도로명시군구코드>11320</도로명시군구코드><도로명일련번호코드>01</도로명일련번호코드><도로명지상지하코드>0</도로명지상지하코드><도로명코드>3000004</도로명코드><법정동> 창동</법정동><법정동본번코드>0373</법정동본번코드><법정동부번코드>0000</법정동부번코드><법정동시군구코드>11320</법정동시군구코드><법정동읍면동코드>10700</법정동읍면동코드><법정동지번코드>1</법정동지번코드><아파트>창동주공4단지</아파트><월>1</월><일>20</일><일련번호>11320-99</일련번호><전용면적>41.3</전용면적><중개사소재지>서울 도봉구</중개사소재지><지번>373</지번><지역코드>11320</지역코드><층>13</층><해제사유발생일> </해제사유발생일><해제여부> </해제여부></item><item><거래금액>    63,000</거래금액><거래유형>중개거래</거래유형><건축년도>1990</건축년도><년>2023</년><도로명>해등로</도로명><도로명건물본번호코드>00050</도로명건물본번호코드><도로명건물부번호코드>00000</도로명건물부번호코드><도로명시군구코드>11320</도로명시군구코드><도로명일련번호코드>03</도로명일련번호코드><도로명지상지하코드>0</도로명지상지하코드><도로명코드>3109003</도로명코드><법정동> 창동</법정동><법정동본번코드>0347</법정동본번코드><법정동부번코드>0000</법정동부번코드><법정동시군구코드>11320</법정동시군구코드><법정동읍면동코드>10700</법정동읍면동코드><법정동지번코드>1</법정동지번코드><아파트>창동주공3단지(해등마을)</아파트><월>1</월><일>20</일><일련번호>11320-98</일련번호><전용면적>58.01</전용면적><중개사소재지>서울 도봉구</중개사소재지><지번>347</지번><지역코드>11320</지역코드><층>6</층><해제사유발생일> </해제사유발생일><해제여부> </해제여부></item><item><거래금액>    34,200</거래금액><거래유형>중개거래</거래유형><건축년도>1989</건축년도><년>2023</년><도로명>덕릉로66길</도로명><도로명건물본번호코드>00017</도로명건물본번호코드><도로명건물부번호코드>00000</도로명건물부번호코드><도로명시군구코드>11320</도로명시군구코드><도로명일련번호코드>01</도로명일련번호코드><도로명지상지하코드>0</도로명지상지하코드><도로명코드>4127067</도로명코드><법정동> 창동</법정동><법정동본번코드>0038</법정동본번코드><법정동부번코드>0000</법정동부번코드><법정동시군구코드>11320</법정동시군구코드><법정동읍면동코드>10700</법정동읍면동코드><법정동지번코드>1</법정동지번코드><아파트>주공17단지</아파트><월>1</월><일>21</일><일련번호>11320-100</일련번호><전용면적>36.34</전용면적><중개사소재지>서울 도봉구</중개사소재지><지번>38</지번><지역코드>11320</지역코드><층>13</층><해제사유발생일> </해제사유발생일><해제여부> </해제여부></item><item><거래금액>    51,000</거래금액><거래유형>중개거래</거래유형><건축년도>1990</건축년도><년>2023</년><도로명>해등로12길</도로명><도로명건물본번호코드>00044</도로명건물본번호코드><도로명건물부번호코드>00000</도로명건물부번호코드><도로명시군구코드>11320</도로명시군구코드><도로명일련번호코드>01</도로명일련번호코드><도로명지상지하코드>0</도로명지상지하코드><도로명코드>4127310</도로명코드><법정동> 창동</법정동><법정동본번코드>0316</법정동본번코드><법정동부번코드>0000</법정동부번코드><법정동시군구코드>11320</법정동시군구코드><법정동읍면동코드>10700</법정동읍면동코드><법정동지번코드>1</법정동지번코드><아파트>창동주공2단지</아파트><월>1</월><일>23</일><일련번호>11320-97</일련번호><전용면적>49.94</전용면적><중개사소재지>서울 도봉구</중개사소재지><지번>316</지번><지역코드>11320</지역코드><층>13</층><해제사유발생일> </해제사유발생일><해제여부> </해제여부></item><item><거래금액>    61,500</거래금액><거래유형>중개거래</거래유형><건축년도>1997</건축년도><년>2023</년><도로명>마들로</도로명><도로명건물본번호코드>00551</도로명건물본번호코드><도로명건물부번호코드>00000</도로명건물부번호코드><도로명시군구코드>11320</도로명시군구코드><도로명일련번호코드>02</도로명일련번호코드><도로명지상지하코드>0</도로명지상지하코드><도로명코드>3109006</도로명코드><법정동> 창동</법정동><법정동본번코드>0807</법정동본번코드><법정동부번코드>0000</법정동부번코드><법정동시군구코드>11320</법정동시군구코드><법정동읍면동코드>10700</법정동읍면동코드><법정동지번코드>1</법정동지번코드><아파트>쌍용</아파트><월>1</월><일>25</일><일련번호>11320-63</일련번호><전용면적>59.88</전용면적><중개사소재지>서울 도봉구</중개사소재지><지번>807</지번><지역코드>11320</지역코드><층>4</층><해제사유발생일> </해제사유발생일><해제여부> </해제여부></item><item><거래금액>    65,000</거래금액><거래유형>중개거래</거래유형><건축년도>1990</건축년도><년>2023</년><도로명>해등로</도로명><도로명건물본번호코드>00050</도로명건물본번호코드><도로명건물부번호코드>00000</도로명건물부번호코드><도로명시군구코드>11320</도로명시군구코드><도로명일련번호코드>03</도로명일련번호코드><도로명지상지하코드>0</도로명지상지하코드><도로명코드>3109003</도로명코드><법정동> 창동</법정동><법정동본번코드>0347</법정동본번코드><법정동부번코드>0000</법정동부번코드><법정동시군구코드>11320</법정동시군구코드><법정동읍면동코드>10700</법정동읍면동코드><법정동지번코드>1</법정동지번코드><아파트>창동주공3단지(해등마을)</아파트><월>1</월><일>25</일><일련번호>11320-98</일련번호><전용면적>66.56</전용면적><중개사소재지>서울 도봉구</중개사소재지><지번>347</지번><지역코드>11320</지역코드><층>14</층><해제사유발생일> </해제사유발생일><해제여부> </해제여부></item><item><거래금액>    65,000</거래금액><거래유형>중개거래</거래유형><건축년도>1990</건축년도><년>2023</년><도로명>해등로</도로명><도로명건물본번호코드>00050</도로명건물본번호코드><도로명건물부번호코드>00000</도로명건물부번호코드><도로명시군구코드>11320</도로명시군구코드><도로명일련번호코드>03</도로명일련번호코드><도로명지상지하코드>0</도로명지상지하코드><도로명코드>3109003</도로명코드><법정동> 창동</법정동><법정동본번코드>0347</법정동본번코드><법정동부번코드>0000</법정동부번코드><법정동시군구코드>11320</법정동시군구코드><법정동읍면동코드>10700</법정동읍면동코드><법정동지번코드>1</법정동지번코드><아파트>창동주공3단지(해등마을)</아파트><월>1</월><일>25</일><일련번호>11320-98</일련번호><전용면적>59.22</전용면적><중개사소재지>서울 도봉구</중개사소재지><지번>347</지번><지역코드>11320</지역코드><층>5</층><해제사유발생일> </해제사유발생일><해제여부> </해제여부></item><item><거래금액>    65,000</거래금액><거래유형>중개거래</거래유형><건축년도>1990</건축년도><년>2023</년><도로명>해등로</도로명><도로명건물본번호코드>00050</도로명건물본번호코드><도로명건물부번호코드>00000</도로명건물부번호코드><도로명시군구코드>11320</도로명시군구코드><도로명일련번호코드>03</도로명일련번호코드><도로명지상지하코드>0</도로명지상지하코드><도로명코드>3109003</도로명코드><법정동> 창동</법정동><법정동본번코드>0347</법정동본번코드><법정동부번코드>0000</법정동부번코드><법정동시군구코드>11320</법정동시군구코드><법정동읍면동코드>10700</법정동읍면동코드><법정동지번코드>1</법정동지번코드><아파트>창동주공3단지(해등마을)</아파트><월>1</월><일>25</일><일련번호>11320-98</일련번호><전용면적>59.22</전용면적><중개사소재지>서울 도봉구</중개사소재지><지번>347</지번><지역코드>11320</지역코드><층>5</층><해제사유발생일>23.03.06</해제사유발생일><해제여부>O</해제여부></item><item><거래금액>    52,000</거래금액><거래유형>중개거래</거래유형><건축년도>1990</건축년도><년>2023</년><도로명>해등로12길</도로명><도로명건물본번호코드>00044</도로명건물본번호코드><도로명건물부번호코드>00000</도로명건물부번호코드><도로명시군구코드>11320</도로명시군구코드><도로명일련번호코드>01</도로명일련번호코드><도로명지상지하코드>0</도로명지상지하코드><도로명코드>4127310</도로명코드><법정동> 창동</법정동><법정동본번코드>0316</법정동본번코드><법정동부번코드>0000</법정동부번코드><법정동시군구코드>11320</법정동시군구코드><법정동읍면동코드>10700</법정동읍면동코드><법정동지번코드>1</법정동지번코드><아파트>창동주공2단지</아파트><월>1</월><일>27</일><일련번호>11320-97</일련번호><전용면적>49.94</전용면적><중개사소재지>서울 도봉구</중개사소재지><지번>316</지번><지역코드>11320</지역코드><층>12</층><해제사유발생일> </해제사유발생일><해제여부> </해제여부></item><item><거래금액>    67,000</거래금액><거래유형>중개거래</거래유형><건축년도>1988</건축년도><년>2023</년><도로명>노해로70길</도로명><도로명건물본번호코드>00019</도로명건물본번호코드><도로명건물부번호코드>00000</도로명건물부번호코드><도로명시군구코드>11320</도로명시군구코드><도로명일련번호코드>01</도로명일련번호코드><도로명지상지하코드>0</도로명지상지하코드><도로명코드>4127033</도로명코드><법정동> 창동</법정동><법정동본번코드>0027</법정동본번코드><법정동부번코드>0000</법정동부번코드><법정동시군구코드>11320</법정동시군구코드><법정동읍면동코드>10700</법정동읍면동코드><법정동지번코드>1</법정동지번코드><아파트>주공19단지(창동리버타운)</아파트><월>1</월><일>27</일><일련번호>11320-101</일련번호><전용면적>60.5</전용면적><중개사소재지>서울 도봉구</중개사소재지><지번>27</지번><지역코드>11320</지역코드><층>11</층><해제사유발생일> </해제사유발생일><해제여부> </해제여부></item><item><거래금액>    59,800</거래금액><거래유형>중개거래</거래유형><건축년도>1988</건축년도><년>2023</년><도로명>노해로70길</도로명><도로명건물본번호코드>00119</도로명건물본번호코드><도로명건물부번호코드>00000</도로명건물부번호코드><도로명시군구코드>11320</도로명시군구코드><도로명일련번호코드>01</도로명일련번호코드><도로명지상지하코드>0</도로명지상지하코드><도로명코드>4127033</도로명코드><법정동> 창동</법정동><법정동본번코드>0030</법정동본번코드><법정동부번코드>0000</법정동부번코드><법정동시군구코드>11320</법정동시군구코드><법정동읍면동코드>10700</법정동읍면동코드><법정동지번코드>1</법정동지번코드><아파트>창동주공18단지</아파트><월>1</월><일>28</일><일련번호>11320-64</일련번호><전용면적>59.39</전용면적><중개사소재지>서울 도봉구</중개사소재지><지번>30</지번><지역코드>11320</지역코드><층>12</층><해제사유발생일> </해제사유발생일><해제여부> </해제여부></item><item><거래금액>    51,000</거래금액><거래유형>중개거래</거래유형><건축년도>1990</건축년도><년>2023</년><도로명>해등로</도로명><도로명건물본번호코드>00050</도로명건물본번호코드><도로명건물부번호코드>00000</도로명건물부번호코드><도로명시군구코드>11320</도로명시군구코드><도로명일련번호코드>03</도로명일련번호코드><도로명지상지하코드>0</도로명지상지하코드><도로명코드>3109003</도로명코드><법정동> 창동</법정동><법정동본번코드>0347</법정동본번코드><법정동부번코드>0000</법정동부번코드><법정동시군구코드>11320</법정동시군구코드><법정동읍면동코드>10700</법정동읍면동코드><법정동지번코드>1</법정동지번코드><아파트>창동주공3단지(해등마을)</아파트><월>1</월><일>28</일><일련번호>11320-98</일련번호><전용면적>49.94</전용면적><중개사소재지>서울 도봉구</중개사소재지><지번>347</지번><지역코드>11320</지역코드><층>1</층><해제사유발생일> </해제사유발생일><해제여부> </해제여부></item><item><거래금액>    70,000</거래금액><거래유형>중개거래</거래유형><건축년도>1992</건축년도><년>2023</년><도로명>노해로66길</도로명><도로명건물본번호코드>00021</도로명건물본번호코드><도로명건물부번호코드>00000</도로명건물부번호코드><도로명시군구코드>11320</도로명시군구코드><도로명일련번호코드>01</도로명일련번호코드><도로명지상지하코드>0</도로명지상지하코드><도로명코드>4127029</도로명코드><법정동> 창동</법정동><법정동본번코드>0045</법정동본번코드><법정동부번코드>0000</법정동부번코드><법정동시군구코드>11320</법정동시군구코드><법정동읍면동코드>10700</법정동읍면동코드><법정동지번코드>1</법정동지번코드><아파트>삼성래미안</아파트><월>1</월><일>30</일><일련번호>11320-58</일련번호><전용면적>84.87</전용면적><중개사소재지>부산 해운대구</중개사소재지><지번>45</지번><지역코드>11320</지역코드><층>21</층><해제사유발생일> </해제사유발생일><해제여부> </해제여부></item><item><거래금액>    62,000</거래금액><거래유형>중개거래</거래유형><건축년도>1988</건축년도><년>2023</년><도로명>노해로70길</도로명><도로명건물본번호코드>00054</도로명건물본번호코드><도로명건물부번호코드>00000</도로명건물부번호코드><도로명시군구코드>11320</도로명시군구코드><도로명일련번호코드>01</도로명일련번호코드><도로명지상지하코드>0</도로명지상지하코드><도로명코드>4127033</도로명코드><법정동> 창동</법정동><법정동본번코드>0027</법정동본번코드><법정동부번코드>0000</법정동부번코드><법정동시군구코드>11320</법정동시군구코드><법정동읍면동코드>10700</법정동읍면동코드><법정동지번코드>1</법정동지번코드><아파트>주공19단지(창동리버타운)</아파트><월>1</월><일>30</일><일련번호>11320-101</일련번호><전용면적>59.39</전용면적><중개사소재지>서울 도봉구</중개사소재지><지번>27</지번><지역코드>11320</지역코드><층>15</층><해제사유발생일> </해제사유발생일><해제여부> </해제여부></item><item><거래금액>    42,000</거래금액><거래유형>직거래</거래유형><건축년도>1987</건축년도><년>2023</년><도로명>도봉산길</도로명><도로명건물본번호코드>00035</도로명건물본번호코드><도로명건물부번호코드>00000</도로명건물부번호코드><도로명시군구코드>11320</도로명시군구코드><도로명일련번호코드>01</도로명일련번호코드><도로명지상지하코드>0</도로명지상지하코드><도로명코드>4127198</도로명코드><법정동> 도봉동</법정동><법정동본번코드>0555</법정동본번코드><법정동부번코드>0000</법정동부번코드><법정동시군구코드>11320</법정동시군구코드><법정동읍면동코드>10800</법정동읍면동코드><법정동지번코드>1</법정동지번코드><아파트>서울가든</아파트><월>1</월><일>6</일><일련번호>11320-82</일련번호><전용면적>75.33</전용면적><중개사소재지> </중개사소재지><지번>555</지번><지역코드>11320</지역코드><층>10</층><해제사유발생일> </해제사유발생일><해제여부> </해제여부></item><item><거래금액>    59,500</거래금액><거래유형>중개거래</거래유형><건축년도>1995</건축년도><년>2023</년><도로명>마들로</도로명><도로명건물본번호코드>00859</도로명건물본번호코드><도로명건물부번호코드>00019</도로명건물부번호코드><도로명시군구코드>11320</도로명시군구코드><도로명일련번호코드>03</도로명일련번호코드><도로명지상지하코드>0</도로명지상지하코드><도로명코드>3109006</도로명코드><법정동> 도봉동</법정동><법정동본번코드>0030</법정동본번코드><법정동부번코드>0001</법정동부번코드><법정동시군구코드>11320</법정동시군구코드><법정동읍면동코드>10800</법정동읍면동코드><법정동지번코드>1</법정동지번코드><아파트>한신</아파트><월>1</월><일>7</일><일련번호>11320-86</일련번호><전용면적>84.94</전용면적><중개사소재지>경기 의정부시, 서울 도봉구</중개사소재지><지번>30-1</지번><지역코드>11320</지역코드><층>14</층><해제사유발생일> </해제사유발생일><해제여부> </해제여부></item><item><거래금액>    79,000</거래금액><거래유형>중개거래</거래유형><건축년도>2005</건축년도><년>2023</년><도로명>도봉로170길</도로명><도로명건물본번호코드>00040</도로명건물본번호코드><도로명건물부번호코드>00000</도로명건물부번호코드><도로명시군구코드>11320</도로명시군구코드><도로명일련번호코드>01</도로명일련번호코드><도로명지상지하코드>0</도로명지상지하코드><도로명코드>4127172</도로명코드><법정동> 도봉동</법정동><법정동본번코드>0655</법정동본번코드><법정동부번코드>0000</법정동부번코드><법정동시군구코드>11320</법정동시군구코드><법정동읍면동코드>10800</법정동읍면동코드><법정동지번코드>1</법정동지번코드><아파트>래미안도봉</아파트><월>1</월><일>7</일><일련번호>11320-154</일련번호><전용면적>84.55</전용면적><중개사소재지>서울 도봉구</중개사소재지><지번>655</지번><지역코드>11320</지역코드><층>17</층><해제사유발생일> </해제사유발생일><해제여부> </해제여부></item><item><거래금액>    50,000</거래금액><거래유형>중개거래</거래유형><건축년도>1995</건축년도><년>2023</년><도로명>마들로</도로명><도로명건물본번호코드>00859</도로명건물본번호코드><도로명건물부번호코드>00019</도로명건물부번호코드><도로명시군구코드>11320</도로명시군구코드><도로명일련번호코드>03</도로명일련번호코드><도로명지상지하코드>0</도로명지상지하코드><도로명코드>3109006</도로명코드><법정동> 도봉동</법정동><법정동본번코드>0030</법정동본번코드><법정동부번코드>0001</법정동부번코드><법정동시군구코드>11320</법정동시군구코드><법정동읍면동코드>10800</법정동읍면동코드><법정동지번코드>1</법정동지번코드><아파트>한신</아파트><월>1</월><일>10</일><일련번호>11320-86</일련번호><전용면적>84.94</전용면적><중개사소재지>서울 도봉구</중개사소재지><지번>30-1</지번><지역코드>11320</지역코드><층>6</층><해제사유발생일> </해제사유발생일><해제여부> </해제여부></item><item><거래금액>    54,000</거래금액><거래유형>중개거래</거래유형><건축년도>1995</건축년도><년>2023</년><도로명>마들로</도로명><도로명건물본번호코드>00859</도로명건물본번호코드><도로명건물부번호코드>00019</도로명건물부번호코드><도로명시군구코드>11320</도로명시군구코드><도로명일련번호코드>03</도로명일련번호코드><도로명지상지하코드>0</도로명지상지하코드><도로명코드>3109006</도로명코드><법정동> 도봉동</법정동><법정동본번코드>0030</법정동본번코드><법정동부번코드>0001</법정동부번코드><법정동시군구코드>11320</법정동시군구코드><법정동읍면동코드>10800</법정동읍면동코드><법정동지번코드>1</법정동지번코드><아파트>한신</아파트><월>1</월><일>11</일><일련번호>11320-86</일련번호><전용면적>84.94</전용면적><중개사소재지>경기 의정부시, 서울 도봉구</중개사소재지><지번>30-1</지번><지역코드>11320</지역코드><층>4</층><해제사유발생일> </해제사유발생일><해제여부> </해제여부></item><item><거래금액>    40,000</거래금액><거래유형>중개거래</거래유형><건축년도>2004</건축년도><년>2023</년><도로명>도봉로181길</도로명><도로명건물본번호코드>00074</도로명건물본번호코드><도로명건물부번호코드>00030</도로명건물부번호코드><도로명시군구코드>11320</도로명시군구코드><도로명일련번호코드>01</도로명일련번호코드><도로명지상지하코드>0</도로명지상지하코드><도로명코드>4127186</도로명코드><법정동> 도봉동</법정동><법정동본번코드>0571</법정동본번코드><법정동부번코드>0000</법정동부번코드><법정동시군구코드>11320</법정동시군구코드><법정동읍면동코드>10800</법정동읍면동코드><법정동지번코드>1</법정동지번코드><아파트>도봉산리베니움</아파트><월>1</월><일>12</일><일련번호>11320-151</일련번호><전용면적>84.19</전용면적><중개사소재지>서울 도봉구</중개사소재지><지번>571</지번><지역코드>11320</지역코드><층>2</층><해제사유발생일> </해제사유발생일><해제여부> </해제여부></item><item><거래금액>    47,500</거래금액><거래유형>중개거래</거래유형><건축년도>1995</건축년도><년>2023</년><도로명>마들로</도로명><도로명건물본번호코드>00859</도로명건물본번호코드><도로명건물부번호코드>00019</도로명건물부번호코드><도로명시군구코드>11320</도로명시군구코드><도로명일련번호코드>03</도로명일련번호코드><도로명지상지하코드>0</도로명지상지하코드><도로명코드>3109006</도로명코드><법정동> 도봉동</법정동><법정동본번코드>0030</법정동본번코드><법정동부번코드>0001</법정동부번코드><법정동시군구코드>11320</법정동시군구코드><법정동읍면동코드>10800</법정동읍면동코드><법정동지번코드>1</법정동지번코드><아파트>한신</아파트><월>1</월><일>13</일><일련번호>11320-86</일련번호><전용면적>84.94</전용면적><중개사소재지>서울 도봉구</중개사소재지><지번>30-1</지번><지역코드>11320</지역코드><층>3</층><해제사유발생일> </해제사유발생일><해제여부> </해제여부></item><item><거래금액>    51,500</거래금액><거래유형>중개거래</거래유형><건축년도>1995</건축년도><년>2023</년><도로명>마들로</도로명><도로명건물본번호코드>00859</도로명건물본번호코드><도로명건물부번호코드>00019</도로명건물부번호코드><도로명시군구코드>11320</도로명시군구코드><도로명일련번호코드>03</도로명일련번호코드><도로명지상지하코드>0</도로명지상지하코드><도로명코드>3109006</도로명코드><법정동> 도봉동</법정동><법정동본번코드>0030</법정동본번코드><법정동부번코드>0001</법정동부번코드><법정동시군구코드>11320</법정동시군구코드><법정동읍면동코드>10800</법정동읍면동코드><법정동지번코드>1</법정동지번코드><아파트>한신</아파트><월>1</월><일>19</일><일련번호>11320-86</일련번호><전용면적>84.94</전용면적><중개사소재지>서울 도봉구, 서울 중구</중개사소재지><지번>30-1</지번><지역코드>11320</지역코드><층>3</층><해제사유발생일> </해제사유발생일><해제여부> </해제여부></item><item><거래금액>    48,500</거래금액><거래유형>중개거래</거래유형><건축년도>1995</건축년도><년>2023</년><도로명>마들로</도로명><도로명건물본번호코드>00859</도로명건물본번호코드><도로명건물부번호코드>00019</도로명건물부번호코드><도로명시군구코드>11320</도로명시군구코드><도로명일련번호코드>03</도로명일련번호코드><도로명지상지하코드>0</도로명지상지하코드><도로명코드>3109006</도로명코드><법정동> 도봉동</법정동><법정동본번코드>0030</법정동본번코드><법정동부번코드>0001</법정동부번코드><법정동시군구코드>11320</법정동시군구코드><법정동읍면동코드>10800</법정동읍면동코드><법정동지번코드>1</법정동지번코드><아파트>한신</아파트><월>1</월><일>27</일><일련번호>11320-86</일련번호><전용면적>84.94</전용면적><중개사소재지>서울 도봉구</중개사소재지><지번>30-1</지번><지역코드>11320</지역코드><층>3</층><해제사유발생일> </해제사유발생일><해제여부> </해제여부></item><item><거래금액>    31,500</거래금액><거래유형>중개거래</거래유형><건축년도>1996</건축년도><년>2023</년><도로명>마들로</도로명><도로명건물본번호코드>00684</도로명건물본번호코드><도로명건물부번호코드>00019</도로명건물부번호코드><도로명시군구코드>11320</도로명시군구코드><도로명일련번호코드>00</도로명일련번호코드><도로명코드>3109006</도로명코드><법정동> 도봉동</법정동><법정동본번코드>0641</법정동본번코드><법정동부번코드>0000</법정동부번코드><법정동시군구코드>11320</법정동시군구코드><법정동읍면동코드>10800</법정동읍면동코드><법정동지번코드>1</법정동지번코드><아파트>서원</아파트><월>1</월><일>28</일><일련번호>11320-83</일련번호><전용면적>49.77</전용면적><중개사소재지>서울 노원구, 서울 도봉구</중개사소재지><지번>641</지번><지역코드>11320</지역코드><층>1</층><해제사유발생일> </해제사유발생일><해제여부> </해제여부></item><item><거래금액>    59,000</거래금액><거래유형>직거래</거래유형><건축년도>1992</건축년도><년>2023</년><도로명>도봉로169길</도로명><도로명건물본번호코드>00031</도로명건물본번호코드><도로명건물부번호코드>00000</도로명건물부번호코드><도로명시군구코드>11320</도로명시군구코드><도로명일련번호코드>01</도로명일련번호코드><도로명지상지하코드>0</도로명지상지하코드><도로명코드>4127168</도로명코드><법정동> 도봉동</법정동><법정동본번코드>0595</법정동본번코드><법정동부번코드>0000</법정동부번코드><법정동시군구코드>11320</법정동시군구코드><법정동읍면동코드>10800</법정동읍면동코드><법정동지번코드>1</법정동지번코드><아파트>럭키</아파트><월>1</월><일>30</일><일련번호>11320-79</일련번호><전용면적>84.86</전용면적><중개사소재지> </중개사소재지><지번>595</지번><지역코드>11320</지역코드><층>13</층><해제사유발생일> </해제사유발생일><해제여부> </해제여부></item><item><거래금액>    59,000</거래금액><거래유형>중개거래</거래유형><건축년도>1995</건축년도><년>2023</년><도로명>마들로</도로명><도로명건물본번호코드>00859</도로명건물본번호코드><도로명건물부번호코드>00019</도로명건물부번호코드><도로명시군구코드>11320</도로명시군구코드><도로명일련번호코드>03</도로명일련번호코드><도로명지상지하코드>0</도로명지상지하코드><도로명코드>3109006</도로명코드><법정동> 도봉동</법정동><법정동본번코드>0030</법정동본번코드><법정동부번코드>0001</법정동부번코드><법정동시군구코드>11320</법정동시군구코드><법정동읍면동코드>10800</법정동읍면동코드><법정동지번코드>1</법정동지번코드><아파트>한신</아파트><월>1</월><일>30</일><일련번호>11320-86</일련번호><전용면적>84.94</전용면적><중개사소재지>서울 도봉구</중개사소재지><지번>30-1</지번><지역코드>11320</지역코드><층>6</층><해제사유발생일> </해제사유발생일><해제여부> </해제여부></item></items><numOfRows>999</numOfRows><pageNo>1</pageNo><totalCount>70</totalCount></body></response>