<?xml version="1.0" encoding="UTF-8" standalone="yes"?><response><header><resultCode>00</resultCode><resultMsg>NORMAL SERVICE.</resultMsg></header><body><items><item><거래금액>    26,000</거래금액><거래유형>중개거래</거래유형><건축년도>1988</건축년도><년>2022</년><도로명>해등로</도로명><도로명건물본번호코드>00231</도로명건물본번호코드><도로명건물부번호코드>00000</도로명건물부번호코드><도로명시군구코드>11320</도로명시군구코드><도로명일련번호코드>01</도로명일련번호코드><도로명지상지하코드>0</도로명지상지하코드><도로명코드>3109003</도로명코드><법정동> 쌍문동</법정동><법정동본번코드>0059</법정동본번코드><법정동부번코드>0000</법정동부번코드><법정동시군구코드>11320</법정동시군구코드><법정동읍면동코드>10500</법정동읍면동코드><법정동지번코드>1</법정동지번코드><아파트>한양2</아파트><월>12</월><일>3</일><일련번호>11320-21</일련번호><전용면적>35.1</전용면적><중개사소재지>서울 도봉구</중개사소재지><지번>59</지번><지역코드>11320</지역코드><층>12</층><해제사유발생일> </해제사유발생일><해제여부> </해제여부></item><item><거래금액>    45,000</거래금액><거래유형>중개거래</거래유형><건축년도>1996</건축년도><년>2022</년><도로명>노해로45길</도로명><도로명건물본번호코드>00026</도로명건물본번호코드><도로명건물부번호코드>00000</도로명건물부번호코드><도로명시군구코드>11320</도로명시군구코드><도로명일련번호코드>01</도로명일련번호코드><도로명지상지하코드>0</도로명지상지하코드><도로명코드>4127010</도로명코드><법정동> 쌍문동</법정동><법정동본번코드>0721</법정동본번코드><법정동부번코드>0000</법정동부번코드><법정동시군구코드>11320</법정동시군구코드><법정동읍면동코드>10500</법정동읍면동코드><법정동지번코드>1</법정동지번코드><아파트>극동아파트</아파트><월>12</월><일>30</일><일련번호>11320-2</일련번호><전용면적>84.9</전용면적><중개사소재지>서울 도봉구</중개사소재지><지번>721</지번><지역코드>11320</지역코드><층>4</층><해제사유발생일> </해제사유발생일><해제여부> </해제여부></item><item><거래금액>    36,000</거래금액><거래유형>직거래</거래유형><건축년도>1991</건축년도><년>2022</년><도로명>방학로11길</도로명><도로명건물본번호코드>00036</도로명건물본번호코드><도로명건물부번호코드>00000</도로명건물부번호코드><도로명시군구코드>11320</도로명시군구코드><도로명일련번호코드>02</도로명일련번호코드><도로명지상지하코드>0</도로명지상지하코드><도로명코드>4127214</도로명코드><법정동> 방학동</법정동><법정동본번코드>0275</법정동본번코드><법정동부번코드>0000</법정동부번코드><법정동시군구코드>11320</법정동시군구코드><법정동읍면동코드>10600</법정동읍면동코드><법정동지번코드>1</법정동지번코드><아파트>벽산아파트1</아파트><월>12</월><일>1</일><일련번호>11320-38</일련번호><전용면적>72.01</전용면적><중개사소재지> </중개사소재지><지번>275</지번><지역코드>11320</지역코드><층>8</층><해제사유발생일> </해제사유발생일><해제여부> </해제여부></item><item><거래금액>    72,000</거래금액><거래유형>중개거래</거래유형><건축년도>2001</건축년도><년>2022</년><도로명>마들로</도로명><도로명건물본번호코드>00616</도로명건물본번호코드><도로명건물부번호코드>00000</도로명건물부번호코드><도로명시군구코드>11320</도로명시군구코드><도로명일련번호코드>01</도로명일련번호코드><도로명지상지하코드>0</도로명지상지하코드><도로명코드>3109006</도로명코드><법정동> 방학동</법정동><법정동본번코드>0720</법정동본번코드><법정동부번코드>0001</법정동부번코드><법정동시군구코드>11320</법정동시군구코드><법정동읍면동코드>10600</법정동읍면동코드><법정동지번코드>1</법정동지번코드><아파트>대상타운현대아파트</아파트><월>12</월><일>7</일><일련번호>11320-36</일련번호><전용면적>84.78</전용면적><중개사소재지>서울 도봉구</중개사소재지><지번>720-1</지번><지역코드>11320</지역코드><층>15</층><해제사유발생일> </해제사유발생일><해제여부> </해제여부></item><item><거래금액>    30,000</거래금액><거래유형>중개거래</거래유형><건축년도>2019</건축년도><년>2022</년><도로명>도당로</도로명><도로명건물본번호코드>00032</도로명건물본번호코드><도로명건물부번호코드>00000</도로명건물부번호코드><도로명시군구코드>11320</도로명시군구코드><도로명일련번호코드>00</도로명일련번호코드><도로명지상지하코드>0</도로명지상지하코드><도로명코드>3109001</도로명코드><법정동> 방학동</법정동><법정동본번코드>0741</법정동본번코드><법정동부번코드>0000</법정동부번코드><법정동시군구코드>11320</법정동시군구코드><법정동읍면동코드>10600</법정동읍면동코드><법정동지번코드>1</법정동지번코드><아파트>성진파크뷰아파트</아파트><월>12</월><일>19</일><일련번호>11320-3574</일련번호><전용면적>49.71</전용면적><중개사소재지>서울 도봉구</중개사소재지><지번>741</지번><지역코드>11320</지역코드><층>7</층><해제사유발생일> </해제사유발생일><해제여부> </해제여부></item><item><거래금액>    79,000</거래금액><거래유형>직거래</거래유형><건축년도>2002</건축년도><년>2022</년><도로명>마들로</도로명><도로명건물본번호코드>00646</도로명건물본번호코드><도로명건물부번호코드>00000</도로명건물부번호코드><도로명시군구코드>11320</도로명시군구코드><도로명일련번호코드>01</도로명일련번호코드><도로명지상지하코드>0</도로명지상지하코드><도로명코드>3109006</도로명코드><법정동> 방학동</법정동><법정동본번코드>0720</법정동본번코드><법정동부번코드>0018</법정동부번코드><법정동시군구코드>11320</법정동시군구코드><법정동읍면동코드>10600</법정동읍면동코드><법정동지번코드>1</법정동지번코드><아파트>방학동삼성래미안1</아파트><월>12</월><일>23</일><일련번호>11320-49</일련번호><전용면적>118.381</전용면적><중개사소재지> </중개사소재지><지번>720-18</지번><지역코드>11320</지역코드><층>20</층><해제사유발생일> </해제사유발생일><해제여부> </해제여부></item><item><거래금액>    83,000</거래금액><거래유형>직거래</거래유형><건축년도>2002</건축년도><년>2022</년><도로명>마들로</도로명><도로명건물본번호코드>00646</도로명건물본번호코드><도로명건물부번호코드>00000</도로명건물부번호코드><도로명시군구코드>11320</도로명시군구코드><도로명일련번호코드>01</도로명일련번호코드><도로명지상지하코드>0</도로명지상지하코드><도로명코드>3109006</도로명코드><법정동> 방학동</법정동><법정동본번코드>0720</법정동본번코드><법정동부번코드>0018</법정동부번코드><법정동시군구코드>11320</법정동시군구코드><법정동읍면동코드>10600</법정동읍면동코드><법정동지번코드>1</법정동지번코드><아파트>방학동삼성래미안1</아파트><월>12</월><일>28</일><일련번호>11320-49</일련번호><전용면적>118.381</전용면적><중개사소재지> </중개사소재지><지번>720-18</지번><지역코드>11320</지역코드><층>12</층><해제사유발생일> </해제사유발생일><해제여부> </해제여부></item><item><거래금액>    34,000</거래금액><거래유형>중개거래</거래유형><건축년도>1989</건축년도><년>2022</년><도로명>덕릉로66길</도로명><도로명건물본번호코드>00017</도로명건물본번호코드><도로명건물부번호코드>00000</도로명건물부번호코드><도로명시군구코드>11320</도로명시군구코드><도로명일련번호코드>01</도로명일련번호코드><도로명지상지하코드>0</도로명지상지하코드><도로명코드>4127067</도로명코드><법정동> 창동</법정동><법정동본번코드>0038</법정동본번코드><법정동부번코드>0000</법정동부번코드><법정동시군구코드>11320</법정동시군구코드><법정동읍면동코드>10700</법정동읍면동코드><법정동지번코드>1</법정동지번코드><아파트>주공17단지</아파트><월>12</월><일>2</일><일련번호>11320-100</일련번호><전용면적>36.16</전용면적><중개사소재지>서울 도봉구</중개사소재지><지번>38</지번><지역코드>11320</지역코드><층>12</층><해제사유발생일> </해제사유발생일><해제여부> </해제여부></item><item><거래금액>    33,000</거래금액><거래유형>중개거래</거래유형><건축년도>1989</건축년도><년>2022</년><도로명>덕릉로66길</도로명><도로명건물본번호코드>00017</도로명건물본번호코드><도로명건물부번호코드>00000</도로명건물부번호코드><도로명시군구코드>11320</도로명시군구코드><도로명일련번호코드>01</도로명일련번호코드><도로명지상지하코드>0</도로명지상지하코드><도로명코드>4127067</도로명코드><법정동> 창동</법정동><법정동본번코드>0038</법정동본번코드><법정동부번코드>0000</법정동부번코드><법정동시군구코드>11320</법정동시군구코드><법정동읍면동코드>10700</법정동읍면동코드><법정동지번코드>1</법정동지번코드><아파트>주공17단지</아파트><월>12</월><일>3</일><일련번호>11320-100</일련번호><전용면적>36.34</전용면적><중개사소재지>서울 도봉구</중개사소재지><지번>38</지번><지역코드>11320</지역코드><층>3</층><해제사유발생일> </해제사유발생일><해제여부> </해제여부></item><item><거래금액>    75,000</거래금액><거래유형>중개거래</거래유형><건축년도>2003</건축년도><년>2022</년><도로명>노해로63길</도로명><도로명건물본번호코드>00075</도로명건물본번호코드><도로명건물부번호코드>00000</도로명건물부번호코드><도로명시군구코드>11320</도로명시군구코드><도로명일련번호코드>01</도로명일련번호코드><도로명지상지하코드>0</도로명지상지하코드><도로명코드>4127025</도로명코드><법정동> 창동</법정동><법정동본번코드>0822</법정동본번코드><법정동부번코드>0000</법정동부번코드><법정동시군구코드>11320</법정동시군구코드><법정동읍면동코드>10700</법정동읍면동코드><법정동지번코드>1</법정동지번코드><아파트>대림e-편한세상</아파트><월>12</월><일>3</일><일련번호>11320-114</일련번호><전용면적>84.976</전용면적><중개사소재지>서울 도봉구</중개사소재지><지번>822</지번><지역코드>11320</지역코드><층>2</층><해제사유발생일> </해제사유발생일><해제여부> </해제여부></item><item><거래금액>    32,000</거래금액><거래유형>중개거래</거래유형><건축년도>1991</건축년도><년>2022</년><도로명>덕릉로</도로명><도로명건물본번호코드>00349</도로명건물본번호코드><도로명건물부번호코드>00000</도로명건물부번호코드><도로명시군구코드>11320</도로명시군구코드><도로명일련번호코드>01</도로명일련번호코드><도로명지상지하코드>0</도로명지상지하코드><도로명코드>3000004</도로명코드><법정동> 창동</법정동><법정동본번코드>0373</법정동본번코드><법정동부번코드>0000</법정동부번코드><법정동시군구코드>11320</법정동시군구코드><법정동읍면동코드>10700</법정동읍면동코드><법정동지번코드>1</법정동지번코드><아파트>창동주공4단지</아파트><월>12</월><일>8</일><일련번호>11320-99</일련번호><전용면적>36.16</전용면적><중개사소재지>서울 도봉구</중개사소재지><지번>373</지번><지역코드>11320</지역코드><층>7</층><해제사유발생일> </해제사유발생일><해제여부> </해제여부></item><item><거래금액>    49,900</거래금액><거래유형>중개거래</거래유형><건축년도>1990</건축년도><년>2022</년><도로명>해등로12길</도로명><도로명건물본번호코드>00044</도로명건물본번호코드><도로명건물부번호코드>00000</도로명건물부번호코드><도로명시군구코드>11320</도로명시군구코드><도로명일련번호코드>01</도로명일련번호코드><도로명지상지하코드>0</도로명지상지하코드><도로명코드>4127310</도로명코드><법정동> 창동</법정동><법정동본번코드>0316</법정동본번코드><법정동부번코드>0000</법정동부번코드><법정동시군구코드>11320</법정동시군구코드><법정동읍면동코드>10700</법정동읍면동코드><법정동지번코드>1</법정동지번코드><아파트>창동주공2단지</아파트><월>12</월><일>10</일><일련번호>11320-97</일련번호><전용면적>49.94</전용면적><중개사소재지>서울 도봉구</중개사소재지><지번>316</지번><지역코드>11320</지역코드><층>6</층><해제사유발생일> </해제사유발생일><해제여부> </해제여부></item><item><거래금액>    36,000</거래금액><거래유형>직거래</거래유형><건축년도>1999</건축년도><년>2022</년><도로명>덕릉로60바길</도로명><도로명건물본번호코드>00021</도로명건물본번호코드><도로명건물부번호코드>00000</도로명건물부번호코드><도로명시군구코드>11320</도로명시군구코드><도로명일련번호코드>01</도로명일련번호코드><도로명지상지하코드>0</도로명지상지하코드><도로명코드>4127057</도로명코드><법정동> 창동</법정동><법정동본번코드>0451</법정동본번코드><법정동부번코드>0000</법정동부번코드><법정동시군구코드>11320</법정동시군구코드><법정동읍면동코드>10700</법정동읍면동코드><법정동지번코드>1</법정동지번코드><아파트>한신APT</아파트><월>12</월><일>12</일><일련번호>11320-69</일련번호><전용면적>84.92</전용면적><중개사소재지> </중개사소재지><지번>451</지번><지역코드>11320</지역코드><층>5</층><해제사유발생일>22.12.23</해제사유발생일><해제여부>O</해제여부></item><item><거래금액>    40,000</거래금액><거래유형>중개거래</거래유형><건축년도>1990</건축년도><년>2022</년><도로명>해등로</도로명><도로명건물본번호코드>00113</도로명건물본번호코드><도로명건물부번호코드>00000</도로명건물부번호코드><도로명시군구코드>11320</도로명시군구코드><도로명일련번호코드>03</도로명일련번호코드><도로명지상지하코드>0</도로명지상지하코드><도로명코드>3109003</도로명코드><법정동> 창동</법정동><법정동본번코드>0305</법정동본번코드><법정동부번코드>0000</법정동부번코드><법정동시군구코드>11320</법정동시군구코드><법정동읍면동코드>10700</법정동읍면동코드><법정동지번코드>1</법정동지번코드><아파트>창동주공1단지</아파트><월>12</월><일>13</일><일련번호>11320-96</일련번호><전용면적>41.3</전용면적><중개사소재지>서울 도봉구</중개사소재지><지번>305</지번><지역코드>11320</지역코드><층>9</층><해제사유발생일> </해제사유발생일><해제여부> </해제여부></item><item><거래금액>    56,000</거래금액><거래유형>중개거래</거래유형><건축년도>1988</건축년도><년>2022</년><도로명>노해로70길</도로명><도로명건물본번호코드>00019</도로명건물본번호코드><도로명건물부번호코드>00000</도로명건물부번호코드><도로명시군구코드>11320</도로명시군구코드><도로명일련번호코드>01</도로명일련번호코드><도로명지상지하코드>0</도로명지상지하코드><도로명코드>4127033</도로명코드><법정동> 창동</법정동><법정동본번코드>0027</법정동본번코드><법정동부번코드>0000</법정동부번코드><법정동시군구코드>11320</법정동시군구코드><법정동읍면동코드>10700</법정동읍면동코드><법정동지번코드>1</법정동지번코드><아파트>주공19단지(창동리버타운)</아파트><월>12</월><일>17</일><일련번호>11320-101</일련번호><전용면적>60.5</전용면적><중개사소재지>서울 도봉구</중개사소재지><지번>27</지번><지역코드>11320</지역코드><층>9</층><해제사유발생일> </해제사유발생일><해제여부> </해제여부></item><item><거래금액>    52,000</거래금액><거래유형>중개거래</거래유형><건축년도>1995</건축년도><년>2022</년><도로명>덕릉로63가길</도로명><도로명건물본번호코드>00043</도로명건물본번호코드><도로명건물부번호코드>00000</도로명건물부번호코드><도로명시군구코드>11320</도로명시군구코드><도로명일련번호코드>01</도로명일련번호코드><도로명지상지하코드>0</도로명지상지하코드><도로명코드>4127065</도로명코드><법정동> 창동</법정동><법정동본번코드>0804</법정동본번코드><법정동부번코드>0000</법정동부번코드><법정동시군구코드>11320</법정동시군구코드><법정동읍면동코드>10700</법정동읍면동코드><법정동지번코드>1</법정동지번코드><아파트>대우</아파트><월>12</월><일>19</일><일련번호>11320-53</일련번호><전용면적>59.86</전용면적><중개사소재지>서울 도봉구</중개사소재지><지번>804</지번><지역코드>11320</지역코드><층>19</층><해제사유발생일> </해제사유발생일><해제여부> </해제여부></item><item><거래금액>    36,000</거래금액><거래유형>직거래</거래유형><건축년도>1999</건축년도><년>2022</년><도로명>덕릉로60바길</도로명><도로명건물본번호코드>00021</도로명건물본번호코드><도로명건물부번호코드>00000</도로명건물부번호코드><도로명시군구코드>11320</도로명시군구코드><도로명일련번호코드>01</도로명일련번호코드><도로명지상지하코드>0</도로명지상지하코드><도로명코드>4127057</도로명코드><법정동> 창동</법정동><법정동본번코드>0451</법정동본번코드><법정동부번코드>0000</법정동부번코드><법정동시군구코드>11320</법정동시군구코드><법정동읍면동코드>10700</법정동읍면동코드><법정동지번코드>1</법정동지번코드><아파트>한신APT</아파트><월>12</월><일>23</일><일련번호>11320-69</일련번호><전용면적>84.92</전용면적><중개사소재지> </중개사소재지><지번>451</지번><지역코드>11320</지역코드><층>5</층><해제사유발생일> </해제사유발생일><해제여부> </해제여부></item><item><거래금액>    43,000</거래금액><거래유형>중개거래</거래유형><건축년도>1991</건축년도><년>2022</년><도로명>덕릉로</도로명><도로명건물본번호코드>00350</도로명건물본번호코드><도로명건물부번호코드>00000</도로명건물부번호코드><도로명시군구코드>11320</도로명시군구코드><도로명일련번호코드>01</도로명일련번호코드><도로명지상지하코드>0</도로명지상지하코드><도로명코드>3000004</도로명코드><법정동> 창동</법정동><법정동본번코드>0373</법정동본번코드><법정동부번코드>0000</법정동부번코드><법정동시군구코드>11320</법정동시군구코드><법정동읍면동코드>10700</법정동읍면동코드><법정동지번코드>1</법정동지번코드><아파트>창동주공4단지</아파트><월>12</월><일>29</일><일련번호>11320-99</일련번호><전용면적>49.94</전용면적><중개사소재지>서울 도봉구</중개사소재지><지번>373</지번><지역코드>11320</지역코드><층>8</층><해제사유발생일> </해제사유발생일><해제여부> </해제여부></item><item><거래금액>    70,000</거래금액><거래유형>중개거래</거래유형><건축년도>2005</건축년도><년>2022</년><도로명>우이천로4라길</도로명><도로명건물본번호코드>00011</도로명건물본번호코드><도로명건물부번호코드>00014</도로명건물부번호코드><도로명시군구코드>11320</도로명시군구코드><도로명일련번호코드>01</도로명일련번호코드><도로명지상지하코드>0</도로명지상지하코드><도로명코드>4127305</도로명코드><법정동> 창동</법정동><법정동본번코드>0821</법정동본번코드><법정동부번코드>0000</법정동부번코드><법정동시군구코드>11320</법정동시군구코드><법정동읍면동코드>10700</법정동읍면동코드><법정동지번코드>1</법정동지번코드><아파트>초안산신도브래뉴</아파트><월>12</월><일>30</일><일련번호>11320-2349</일련번호><전용면적>84.9991</전용면적><중개사소재지>서울 도봉구</중개사소재지><지번>821</지번><지역코드>11320</지역코드><층>7</층><해제사유발생일>23.03.16</해제사유발생일><해제여부>O</해제여부></item><item><거래금액>    70,000</거래금액><거래유형>중개거래</거래유형><건축년도>2005</건축년도><년>2022</년><도로명>우이천로4라길</도로명><도로명건물본번호코드>00011</도로명건물본번호코드><도로명건물부번호코드>00014</도로명건물부번호코드><도로명시군구코드>11320</도로명시군구코드><도로명일련번호코드>01</도로명일련번호코드><도로명지상지하코드>0</도로명지상지하코드><도로명코드>4127305</도로명코드><법정동> 창동</법정동><법정동본번코드>0821</법정동본번코드><법정동부번코드>0000</법정동부번코드><법정동시군구코드>11320</법정동시군구코드><법정동읍면동코드>10700</법정동읍면동코드><법정동지번코드>1</법정동지번코드><아파트>초안산신도브래뉴</아파트><월>12</월><일>30</일><일련번호>11320-2349</일련번호><전용면적>84.9991</전용면적><중개사소재지>서울 도봉구</중개사소재지><지번>821</지번><지역코드>11320</지역코드><층>7</층><해제사유발생일> </해제사유발생일><해제여부> </해제여부></item><item><거래금액>    47,000</거래금액><거래유형>중개거래</거래유형><건축년도>1996</건축년도><년>2022</년><도로명>마들로</도로명><도로명건물본번호코드>00684</도로명건물본번호코드><도로명건물부번호코드>00019</도로명건물부번호코드><도로명시군구코드>11320</도로명시군구코드><도로명일련번호코드>00</도로명일련번호코드><도로명코드>3109006</도로명코드><법정동> 도봉동</법정동><법정동본번코드>0641</법정동본번코드><법정동부번코드>0000</법정동부번코드><법정동시군구코드>11320</법정동시군구코드><법정동읍면동코드>10800</법정동읍면동코드><법정동지번코드>1</법정동지번코드><아파트>서원</아파트><월>12</월><일>3</일><일련번호>11320-83</일련번호><전용면적>59.51</전용면적><중개사소재지>서울 도봉구</중개사소재지><지번>641</지번><지역코드>11320</지역코드><층>15</층><해제사유발생일> </해제사유발생일><해제여부> </해제여부></item><item><거래금액>    50,000</거래금액><거래유형>중개거래</거래유형><건축년도>1995</건축년도><년>2022</년><도로명>마들로</도로명><도로명건물본번호코드>00859</도로명건물본번호코드><도로명건물부번호코드>00019</도로명건물부번호코드><도로명시군구코드>11320</도로명시군구코드><도로명일련번호코드>03</도로명일련번호코드><도로명지상지하코드>0</도로명지상지하코드><도로명코드>3109006</도로명코드><법정동> 도봉동</법정동><법정동본번코드>0030</법정동본번코드><법정동부번코드>0001</법정동부번코드><법정동시군구코드>11320</법정동시군구코드><법정동읍면동코드>10800</법정동읍면동코드><법정동지번코드>1</법정동지번코드><아파트>한신</아파트><월>12</월><일>14</일><일련번호>11320-86</일련번호><전용면적>84.94</전용면적><중개사소재지>서울 도봉구</중개사소재지><지번>30-1</지번><지역코드>11320</지역코드><층>7</층><해제사유발생일>23.02.15</해제사유발생일><해제여부>O</해제여부></item><item><거래금액>    35,000</거래금액><거래유형>중개거래</거래유형><건축년도>1996</건축년도><년>2022</년><도로명>마들로</도로명><도로명건물본번호코드>00684</도로명건물본번호코드><도로명건물부번호코드>00019</도로명건물부번호코드><도로명시군구코드>11320</도로명시군구코드><도로명일련번호코드>00</도로명일련번호코드><도로명코드>3109006</도로명코드><법정동> 도봉동</법정동><법정동본번코드>0641</법정동본번코드><법정동부번코드>0000</법정동부번코드><법정동시군구코드>11320</법정동시군구코드><법정동읍면동코드>10800</법정동읍면동코드><법정동지번코드>1</법정동지번코드><아파트>서원</아파트><월>12</월><일>24</일><일련번호>11320-83</일련번호><전용면적>49.77</전용면적><중개사소재지>서울 도봉구</중개사소재지><지번>641</지번><지역코드>11320</지역코드><층>4</층><해제사유발생일> </해제사유발생일><해제여부> </해제여부></item></items><numOfRows>999</numOfRows><pageNo>1</pageNo><totalCount>23</totalCount></body></response>