<?xml version="1.0" encoding="UTF-8" standalone="yes"?><response><header><resultCode>00</resultCode><resultMsg>NORMAL SERVICE.</resultMsg></header><body><items><item><거래금액>   108,800</거래금액><거래유형>중개거래</거래유형><건축년도>2001</건축년도><년>2022</년><도로명>만양로</도로명><도로명건물본번호코드>00019</도로명건물본번호코드><도로명건물부번호코드>00000</도로명건물부번호코드><도로명시군구코드>11590</도로명시군구코드><도로명일련번호코드>01</도로명일련번호코드><도로명지상지하코드>0</도로명지상지하코드><도로명코드>3119002</도로명코드><법정동> 노량진동</법정동><법정동본번코드>0325</법정동본번코드><법정동부번코드>0000</법정동부번코드><법정동시군구코드>11590</법정동시군구코드><법정동읍면동코드>10100</법정동읍면동코드><법정동지번코드>1</법정동지번코드><아파트>신동아리버파크</아파트><월>11</월><일>14</일><일련번호>11590-4</일련번호><전용면적>84.88</전용면적><중개사소재지>서울 동작구</중개사소재지><지번>325</지번><지역코드>11590</지역코드><층>10</층><해제사유발생일> </해제사유발생일><해제여부> </해제여부></item><item><거래금액>   135,000</거래금액><거래유형>중개거래</거래유형><건축년도>2007</건축년도><년>2022</년><도로명>장승배기로4길</도로명><도로명건물본번호코드>00009</도로명건물본번호코드><도로명건물부번호코드>00000</도로명건물부번호코드><도로명시군구코드>11590</도로명시군구코드><도로명일련번호코드>01</도로명일련번호코드><도로명지상지하코드>0</도로명지상지하코드><도로명코드>4157611</도로명코드><법정동> 상도동</법정동><법정동본번코드>0521</법정동본번코드><법정동부번코드>0000</법정동부번코드><법정동시군구코드>11590</법정동시군구코드><법정동읍면동코드>10200</법정동읍면동코드><법정동지번코드>1</법정동지번코드><아파트>포스코더샵</아파트><월>11</월><일>14</일><일련번호>11590-3412</일련번호><전용면적>152.222</전용면적><중개사소재지>서울 동작구</중개사소재지><지번>521</지번><지역코드>11590</지역코드><층>9</층><해제사유발생일> </해제사유발생일><해제여부> </해제여부></item><item><거래금액>   120,000</거래금액><거래유형>중개거래</거래유형><건축년도>2016</건축년도><년>2022</년><도로명>상도로30길</도로명><도로명건물본번호코드>00040</도로명건물본번호코드><도로명건물부번호코드>00000</도로명건물부번호코드><도로명시군구코드>11590</도로명시군구코드><도로명일련번호코드>01</도로명일련번호코드><도로명지상지하코드>0</도로명지상지하코드><도로명코드>4157340</도로명코드><법정동> 상도동</법정동><법정동본번코드>0535</법정동본번코드><법정동부번코드>0000</법정동부번코드><법정동시군구코드>11590</법정동시군구코드><법정동읍면동코드>10200</법정동읍면동코드><법정동지번코드>1</법정동지번코드><아파트>두산위브트레지움2차</아파트><월>11</월><일>21</일><일련번호>11590-4495</일련번호><전용면적>84.864</전용면적><중개사소재지>서울 동작구</중개사소재지><지번>535</지번><지역코드>11590</지역코드><층>21</층><해제사유발생일> </해제사유발생일><해제여부> </해제여부></item><item><거래금액>    75,500</거래금액><거래유형>중개거래</거래유형><건축년도>1993</건축년도><년>2022</년><도로명>동작대로29길</도로명><도로명건물본번호코드>00119</도로명건물본번호코드><도로명건물부번호코드>00000</도로명건물부번호코드><도로명시군구코드>11590</도로명시군구코드><도로명일련번호코드>02</도로명일련번호코드><도로명지상지하코드>0</도로명지상지하코드><도로명코드>4157127</도로명코드><법정동> 사당동</법정동><법정동본번코드>0105</법정동본번코드><법정동부번코드>0000</법정동부번코드><법정동시군구코드>11590</법정동시군구코드><법정동읍면동코드>10700</법정동읍면동코드><법정동지번코드>1</법정동지번코드><아파트>극동(105)</아파트><월>11</월><일>8</일><일련번호>11590-38</일련번호><전용면적>46.75</전용면적><중개사소재지>서울 동작구</중개사소재지><지번>105</지번><지역코드>11590</지역코드><층>13</층><해제사유발생일> </해제사유발생일><해제여부> </해제여부></item><item><거래금액>    70,000</거래금액><거래유형>중개거래</거래유형><건축년도>1999</건축년도><년>2022</년><도로명>사당로2가길</도로명><도로명건물본번호코드>00188</도로명건물본번호코드><도로명건물부번호코드>00000</도로명건물부번호코드><도로명시군구코드>11590</도로명시군구코드><도로명일련번호코드>02</도로명일련번호코드><도로명지상지하코드>0</도로명지상지하코드><도로명코드>4157288</도로명코드><법정동> 사당동</법정동><법정동본번코드>1138</법정동본번코드><법정동부번코드>0000</법정동부번코드><법정동시군구코드>11590</법정동시군구코드><법정동읍면동코드>10700</법정동읍면동코드><법정동지번코드>1</법정동지번코드><아파트>삼호그린</아파트><월>11</월><일>9</일><일련번호>11590-45</일련번호><전용면적>59.58</전용면적><중개사소재지>서울 동작구</중개사소재지><지번>1138</지번><지역코드>11590</지역코드><층>7</층><해제사유발생일> </해제사유발생일><해제여부> </해제여부></item><item><거래금액>   115,000</거래금액><거래유형>중개거래</거래유형><건축년도>1999</건축년도><년>2022</년><도로명>사당로2가길</도로명><도로명건물본번호코드>00102</도로명건물본번호코드><도로명건물부번호코드>00000</도로명건물부번호코드><도로명시군구코드>11590</도로명시군구코드><도로명일련번호코드>02</도로명일련번호코드><도로명지상지하코드>0</도로명지상지하코드><도로명코드>4157288</도로명코드><법정동> 사당동</법정동><법정동본번코드>1139</법정동본번코드><법정동부번코드>0000</법정동부번코드><법정동시군구코드>11590</법정동시군구코드><법정동읍면동코드>10700</법정동읍면동코드><법정동지번코드>1</법정동지번코드><아파트>사당자이</아파트><월>11</월><일>10</일><일련번호>11590-43</일련번호><전용면적>114.94</전용면적><중개사소재지>서울 동작구</중개사소재지><지번>1139</지번><지역코드>11590</지역코드><층>1</층><해제사유발생일> </해제사유발생일><해제여부> </해제여부></item><item><거래금액>   121,500</거래금액><거래유형>중개거래</거래유형><건축년도>1993</건축년도><년>2022</년><도로명>동작대로29길</도로명><도로명건물본번호코드>00091</도로명건물본번호코드><도로명건물부번호코드>00000</도로명건물부번호코드><도로명시군구코드>11590</도로명시군구코드><도로명일련번호코드>02</도로명일련번호코드><도로명지상지하코드>0</도로명지상지하코드><도로명코드>4157127</도로명코드><법정동> 사당동</법정동><법정동본번코드>0105</법정동본번코드><법정동부번코드>0000</법정동부번코드><법정동시군구코드>11590</법정동시군구코드><법정동읍면동코드>10700</법정동읍면동코드><법정동지번코드>1</법정동지번코드><아파트>사당우성2</아파트><월>11</월><일>12</일><일련번호>11590-49</일련번호><전용면적>84.66</전용면적><중개사소재지>서울 동작구</중개사소재지><지번>105</지번><지역코드>11590</지역코드><층>6</층><해제사유발생일>23.01.27</해제사유발생일><해제여부>O</해제여부></item><item><거래금액>    70,000</거래금액><거래유형>중개거래</거래유형><건축년도>1992</건축년도><년>2022</년><도로명>동작대로29길</도로명><도로명건물본번호코드>00077</도로명건물본번호코드><도로명건물부번호코드>00000</도로명건물부번호코드><도로명시군구코드>11590</도로명시군구코드><도로명일련번호코드>02</도로명일련번호코드><도로명지상지하코드>0</도로명지상지하코드><도로명코드>4157127</도로명코드><법정동> 사당동</법정동><법정동본번코드>0120</법정동본번코드><법정동부번코드>0000</법정동부번코드><법정동시군구코드>11590</법정동시군구코드><법정동읍면동코드>10700</법정동읍면동코드><법정동지번코드>1</법정동지번코드><아파트>두성</아파트><월>11</월><일>15</일><일련번호>11590-173</일련번호><전용면적>62.46</전용면적><중개사소재지>서울 동작구</중개사소재지><지번>120</지번><지역코드>11590</지역코드><층>3</층><해제사유발생일> </해제사유발생일><해제여부> </해제여부></item><item><거래금액>   150,000</거래금액><거래유형>중개거래</거래유형><건축년도>2018</건축년도><년>2022</년><도로명>사당로23길</도로명><도로명건물본번호코드>00112</도로명건물본번호코드><도로명건물부번호코드>00000</도로명건물부번호코드><도로명시군구코드>11590</도로명시군구코드><도로명일련번호코드>00</도로명일련번호코드><도로명코드>4157264</도로명코드><법정동> 사당동</법정동><법정동본번코드>1159</법정동본번코드><법정동부번코드>0000</법정동부번코드><법정동시군구코드>11590</법정동시군구코드><법정동읍면동코드>10700</법정동읍면동코드><법정동지번코드>1</법정동지번코드><아파트>래미안로이파크</아파트><월>11</월><일>15</일><일련번호>11590-4827</일련번호><전용면적>84.98</전용면적><중개사소재지>서울 도봉구, 서울 동작구</중개사소재지><지번>1159</지번><지역코드>11590</지역코드><층>8</층><해제사유발생일> </해제사유발생일><해제여부> </해제여부></item><item><거래금액>    89,500</거래금액><거래유형>중개거래</거래유형><건축년도>2021</건축년도><년>2022</년><도로명>사당로</도로명><도로명건물본번호코드>00090</도로명건물본번호코드><도로명건물부번호코드>00000</도로명건물부번호코드><도로명시군구코드>11590</도로명시군구코드><도로명일련번호코드>00</도로명일련번호코드><도로명코드>3119004</도로명코드><법정동> 사당동</법정동><법정동본번코드>1160</법정동본번코드><법정동부번코드>0000</법정동부번코드><법정동시군구코드>11590</법정동시군구코드><법정동읍면동코드>10700</법정동읍면동코드><법정동지번코드>1</법정동지번코드><아파트>사당롯데캐슬골든포레</아파트><월>11</월><일>27</일><일련번호>11590-4948</일련번호><전용면적>59.9908</전용면적><중개사소재지>서울 동작구</중개사소재지><지번>1160</지번><지역코드>11590</지역코드><층>12</층><해제사유발생일> </해제사유발생일><해제여부> </해제여부></item><item><거래금액>    89,000</거래금액><거래유형>중개거래</거래유형><건축년도>2021</건축년도><년>2022</년><도로명>사당로</도로명><도로명건물본번호코드>00090</도로명건물본번호코드><도로명건물부번호코드>00000</도로명건물부번호코드><도로명시군구코드>11590</도로명시군구코드><도로명일련번호코드>00</도로명일련번호코드><도로명코드>3119004</도로명코드><법정동> 사당동</법정동><법정동본번코드>1160</법정동본번코드><법정동부번코드>0000</법정동부번코드><법정동시군구코드>11590</법정동시군구코드><법정동읍면동코드>10700</법정동읍면동코드><법정동지번코드>1</법정동지번코드><아파트>사당롯데캐슬골든포레</아파트><월>11</월><일>28</일><일련번호>11590-4948</일련번호><전용면적>59.9775</전용면적><중개사소재지>서울 동작구</중개사소재지><지번>1160</지번><지역코드>11590</지역코드><층>4</층><해제사유발생일> </해제사유발생일><해제여부> </해제여부></item><item><거래금액>    90,000</거래금액><거래유형>중개거래</거래유형><건축년도>1993</건축년도><년>2022</년><도로명>동작대로29길</도로명><도로명건물본번호코드>00115</도로명건물본번호코드><도로명건물부번호코드>00000</도로명건물부번호코드><도로명시군구코드>11590</도로명시군구코드><도로명일련번호코드>02</도로명일련번호코드><도로명지상지하코드>0</도로명지상지하코드><도로명코드>4157127</도로명코드><법정동> 사당동</법정동><법정동본번코드>0105</법정동본번코드><법정동부번코드>0000</법정동부번코드><법정동시군구코드>11590</법정동시군구코드><법정동읍면동코드>10700</법정동읍면동코드><법정동지번코드>1</법정동지번코드><아파트>사당우성3</아파트><월>11</월><일>29</일><일련번호>11590-89</일련번호><전용면적>59.89</전용면적><중개사소재지>서울 동작구</중개사소재지><지번>105</지번><지역코드>11590</지역코드><층>5</층><해제사유발생일> </해제사유발생일><해제여부> </해제여부></item><item><거래금액>    77,900</거래금액><거래유형>중개거래</거래유형><건축년도>1993</건축년도><년>2022</년><도로명>동작대로29길</도로명><도로명건물본번호코드>00110</도로명건물본번호코드><도로명건물부번호코드>00000</도로명건물부번호코드><도로명시군구코드>11590</도로명시군구코드><도로명일련번호코드>02</도로명일련번호코드><도로명지상지하코드>0</도로명지상지하코드><도로명코드>4157127</도로명코드><법정동> 사당동</법정동><법정동본번코드>0105</법정동본번코드><법정동부번코드>0000</법정동부번코드><법정동시군구코드>11590</법정동시군구코드><법정동읍면동코드>10700</법정동읍면동코드><법정동지번코드>1</법정동지번코드><아파트>신동아4</아파트><월>11</월><일>30</일><일련번호>11590-47</일련번호><전용면적>59.89</전용면적><중개사소재지>서울 동작구</중개사소재지><지번>105</지번><지역코드>11590</지역코드><층>1</층><해제사유발생일> </해제사유발생일><해제여부> </해제여부></item><item><거래금액>    11,700</거래금액><거래유형>중개거래</거래유형><건축년도>2012</건축년도><년>2022</년><도로명>여의대방로54길</도로명><도로명건물본번호코드>00039</도로명건물본번호코드><도로명건물부번호코드>00000</도로명건물부번호코드><도로명시군구코드>11590</도로명시군구코드><도로명일련번호코드>01</도로명일련번호코드><도로명지상지하코드>0</도로명지상지하코드><도로명코드>4157568</도로명코드><법정동> 대방동</법정동><법정동본번코드>0515</법정동본번코드><법정동부번코드>0000</법정동부번코드><법정동시군구코드>11590</법정동시군구코드><법정동읍면동코드>10800</법정동읍면동코드><법정동지번코드>1</법정동지번코드><아파트>아데나339</아파트><월>11</월><일>13</일><일련번호>11590-3964</일련번호><전용면적>12.68</전용면적><중개사소재지>서울 동작구</중개사소재지><지번>515</지번><지역코드>11590</지역코드><층>6</층><해제사유발생일> </해제사유발생일><해제여부> </해제여부></item><item><거래금액>    75,000</거래금액><거래유형>중개거래</거래유형><건축년도>1995</건축년도><년>2022</년><도로명>여의대방로44길</도로명><도로명건물본번호코드>00047</도로명건물본번호코드><도로명건물부번호코드>00000</도로명건물부번호코드><도로명시군구코드>11590</도로명시군구코드><도로명일련번호코드>01</도로명일련번호코드><도로명지상지하코드>0</도로명지상지하코드><도로명코드>4157566</도로명코드><법정동> 대방동</법정동><법정동본번코드>0503</법정동본번코드><법정동부번코드>0000</법정동부번코드><법정동시군구코드>11590</법정동시군구코드><법정동읍면동코드>10800</법정동읍면동코드><법정동지번코드>1</법정동지번코드><아파트>주공2</아파트><월>11</월><일>23</일><일련번호>11590-63</일련번호><전용면적>51.66</전용면적><중개사소재지>서울 동작구</중개사소재지><지번>503</지번><지역코드>11590</지역코드><층>8</층><해제사유발생일> </해제사유발생일><해제여부> </해제여부></item><item><거래금액>    44,500</거래금액><거래유형>중개거래</거래유형><건축년도>2001</건축년도><년>2022</년><도로명>대방동27길</도로명><도로명건물본번호코드>00004</도로명건물본번호코드><도로명건물부번호코드>00000</도로명건물부번호코드><도로명시군구코드>11590</도로명시군구코드><도로명일련번호코드>01</도로명일련번호코드><도로명지상지하코드>0</도로명지상지하코드><도로명코드>4157099</도로명코드><법정동> 대방동</법정동><법정동본번코드>0381</법정동본번코드><법정동부번코드>0003</법정동부번코드><법정동시군구코드>11590</법정동시군구코드><법정동읍면동코드>10800</법정동읍면동코드><법정동지번코드>1</법정동지번코드><아파트>드림빌라트</아파트><월>11</월><일>25</일><일련번호>11590-235</일련번호><전용면적>63.05</전용면적><중개사소재지>서울 동작구</중개사소재지><지번>381-3</지번><지역코드>11590</지역코드><층>2</층><해제사유발생일> </해제사유발생일><해제여부> </해제여부></item></items><numOfRows>999</numOfRows><pageNo>1</pageNo><totalCount>16</totalCount></body></response>