<?xml version="1.0" encoding="UTF-8" standalone="yes"?><response><header><resultCode>00</resultCode><resultMsg>NORMAL SERVICE.</resultMsg></header><body><items><item><거래금액>   106,000</거래금액><거래유형>중개거래</거래유형><건축년도>1997</건축년도><년>2022</년><도로명>만양로8길</도로명><도로명건물본번호코드>00050</도로명건물본번호코드><도로명건물부번호코드>00000</도로명건물부번호코드><도로명시군구코드>11590</도로명시군구코드><도로명일련번호코드>01</도로명일련번호코드><도로명지상지하코드>0</도로명지상지하코드><도로명코드>4157208</도로명코드><법정동> 노량진동</법정동><법정동본번코드>0323</법정동본번코드><법정동부번코드>0000</법정동부번코드><법정동시군구코드>11590</법정동시군구코드><법정동읍면동코드>10100</법정동읍면동코드><법정동지번코드>1</법정동지번코드><아파트>우성</아파트><월>9</월><일>2</일><일련번호>11590-5</일련번호><전용면적>84.96</전용면적><중개사소재지>서울 동작구</중개사소재지><지번>323</지번><지역코드>11590</지역코드><층>8</층><해제사유발생일> </해제사유발생일><해제여부> </해제여부></item><item><거래금액>    82,000</거래금액><거래유형>중개거래</거래유형><건축년도>2001</건축년도><년>2022</년><도로명>만양로</도로명><도로명건물본번호코드>00019</도로명건물본번호코드><도로명건물부번호코드>00000</도로명건물부번호코드><도로명시군구코드>11590</도로명시군구코드><도로명일련번호코드>01</도로명일련번호코드><도로명지상지하코드>0</도로명지상지하코드><도로명코드>3119002</도로명코드><법정동> 노량진동</법정동><법정동본번코드>0325</법정동본번코드><법정동부번코드>0000</법정동부번코드><법정동시군구코드>11590</법정동시군구코드><법정동읍면동코드>10100</법정동읍면동코드><법정동지번코드>1</법정동지번코드><아파트>신동아리버파크</아파트><월>9</월><일>17</일><일련번호>11590-4</일련번호><전용면적>59.67</전용면적><중개사소재지>서울 동작구</중개사소재지><지번>325</지번><지역코드>11590</지역코드><층>16</층><해제사유발생일> </해제사유발생일><해제여부> </해제여부></item><item><거래금액>   111,000</거래금액><거래유형>중개거래</거래유형><건축년도>1997</건축년도><년>2022</년><도로명>만양로8길</도로명><도로명건물본번호코드>00050</도로명건물본번호코드><도로명건물부번호코드>00000</도로명건물부번호코드><도로명시군구코드>11590</도로명시군구코드><도로명일련번호코드>01</도로명일련번호코드><도로명지상지하코드>0</도로명지상지하코드><도로명코드>4157208</도로명코드><법정동> 노량진동</법정동><법정동본번코드>0323</법정동본번코드><법정동부번코드>0000</법정동부번코드><법정동시군구코드>11590</법정동시군구코드><법정동읍면동코드>10100</법정동읍면동코드><법정동지번코드>1</법정동지번코드><아파트>우성</아파트><월>9</월><일>30</일><일련번호>11590-5</일련번호><전용면적>124.77</전용면적><중개사소재지>서울 동작구</중개사소재지><지번>323</지번><지역코드>11590</지역코드><층>16</층><해제사유발생일> </해제사유발생일><해제여부> </해제여부></item><item><거래금액>   125,000</거래금액><거래유형>중개거래</거래유형><건축년도>2012</건축년도><년>2022</년><도로명>상도로</도로명><도로명건물본번호코드>00346</도로명건물본번호코드><도로명건물부번호코드>00001</도로명건물부번호코드><도로명시군구코드>11590</도로명시군구코드><도로명일련번호코드>02</도로명일련번호코드><도로명지상지하코드>0</도로명지상지하코드><도로명코드>3119005</도로명코드><법정동> 상도동</법정동><법정동본번코드>0531</법정동본번코드><법정동부번코드>0000</법정동부번코드><법정동시군구코드>11590</법정동시군구코드><법정동읍면동코드>10200</법정동읍면동코드><법정동지번코드>1</법정동지번코드><아파트>힐스테이트 상도 센트럴파크</아파트><월>9</월><일>1</일><일련번호>11590-3954</일련번호><전용면적>84.6099</전용면적><중개사소재지>서울 동작구</중개사소재지><지번>531</지번><지역코드>11590</지역코드><층>15</층><해제사유발생일> </해제사유발생일><해제여부> </해제여부></item><item><거래금액>    14,000</거래금액><거래유형>중개거래</거래유형><건축년도>2016</건축년도><년>2022</년><도로명>상도로15길</도로명><도로명건물본번호코드>00131</도로명건물본번호코드><도로명건물부번호코드>00000</도로명건물부번호코드><도로명시군구코드>11590</도로명시군구코드><도로명일련번호코드>01</도로명일련번호코드><도로명지상지하코드>0</도로명지상지하코드><도로명코드>4157318</도로명코드><법정동> 상도동</법정동><법정동본번코드>0363</법정동본번코드><법정동부번코드>0164</법정동부번코드><법정동시군구코드>11590</법정동시군구코드><법정동읍면동코드>10200</법정동읍면동코드><법정동지번코드>1</법정동지번코드><아파트>상도휴엔하임</아파트><월>9</월><일>1</일><일련번호>11590-4526</일련번호><전용면적>14.7</전용면적><중개사소재지>서울 동작구</중개사소재지><지번>363-164</지번><지역코드>11590</지역코드><층>5</층><해제사유발생일> </해제사유발생일><해제여부> </해제여부></item><item><거래금액>    49,000</거래금액><거래유형>중개거래</거래유형><건축년도>1993</건축년도><년>2022</년><도로명>국사봉1길</도로명><도로명건물본번호코드>00214</도로명건물본번호코드><도로명건물부번호코드>00000</도로명건물부번호코드><도로명시군구코드>11590</도로명시군구코드><도로명일련번호코드>01</도로명일련번호코드><도로명지상지하코드>0</도로명지상지하코드><도로명코드>4157013</도로명코드><법정동> 상도동</법정동><법정동본번코드>0380</법정동본번코드><법정동부번코드>0001</법정동부번코드><법정동시군구코드>11590</법정동시군구코드><법정동읍면동코드>10200</법정동읍면동코드><법정동지번코드>1</법정동지번코드><아파트>성우</아파트><월>9</월><일>3</일><일련번호>11590-218</일련번호><전용면적>68.72</전용면적><중개사소재지>서울 동작구</중개사소재지><지번>380-1</지번><지역코드>11590</지역코드><층>4</층><해제사유발생일> </해제사유발생일><해제여부> </해제여부></item><item><거래금액>    14,500</거래금액><거래유형>중개거래</거래유형><건축년도>2016</건축년도><년>2022</년><도로명>상도로15길</도로명><도로명건물본번호코드>00131</도로명건물본번호코드><도로명건물부번호코드>00000</도로명건물부번호코드><도로명시군구코드>11590</도로명시군구코드><도로명일련번호코드>01</도로명일련번호코드><도로명지상지하코드>0</도로명지상지하코드><도로명코드>4157318</도로명코드><법정동> 상도동</법정동><법정동본번코드>0363</법정동본번코드><법정동부번코드>0164</법정동부번코드><법정동시군구코드>11590</법정동시군구코드><법정동읍면동코드>10200</법정동읍면동코드><법정동지번코드>1</법정동지번코드><아파트>상도휴엔하임</아파트><월>9</월><일>5</일><일련번호>11590-4526</일련번호><전용면적>14.7</전용면적><중개사소재지>서울 동작구</중개사소재지><지번>363-164</지번><지역코드>11590</지역코드><층>3</층><해제사유발생일> </해제사유발생일><해제여부> </해제여부></item><item><거래금액>   143,000</거래금액><거래유형>중개거래</거래유형><건축년도>2007</건축년도><년>2022</년><도로명>장승배기로4길</도로명><도로명건물본번호코드>00009</도로명건물본번호코드><도로명건물부번호코드>00000</도로명건물부번호코드><도로명시군구코드>11590</도로명시군구코드><도로명일련번호코드>01</도로명일련번호코드><도로명지상지하코드>0</도로명지상지하코드><도로명코드>4157611</도로명코드><법정동> 상도동</법정동><법정동본번코드>0521</법정동본번코드><법정동부번코드>0000</법정동부번코드><법정동시군구코드>11590</법정동시군구코드><법정동읍면동코드>10200</법정동읍면동코드><법정동지번코드>1</법정동지번코드><아파트>포스코더샵</아파트><월>9</월><일>21</일><일련번호>11590-3412</일련번호><전용면적>152.222</전용면적><중개사소재지>서울 동작구</중개사소재지><지번>521</지번><지역코드>11590</지역코드><층>9</층><해제사유발생일>22.10.28</해제사유발생일><해제여부>O</해제여부></item><item><거래금액>    88,000</거래금액><거래유형>직거래</거래유형><건축년도>2003</건축년도><년>2022</년><도로명>상도로</도로명><도로명건물본번호코드>00107</도로명건물본번호코드><도로명건물부번호코드>00000</도로명건물부번호코드><도로명시군구코드>11590</도로명시군구코드><도로명일련번호코드>02</도로명일련번호코드><도로명지상지하코드>0</도로명지상지하코드><도로명코드>3119005</도로명코드><법정동> 상도동</법정동><법정동본번코드>0418</법정동본번코드><법정동부번코드>0000</법정동부번코드><법정동시군구코드>11590</법정동시군구코드><법정동읍면동코드>10200</법정동읍면동코드><법정동지번코드>1</법정동지번코드><아파트>쌍용스윗닷홈</아파트><월>9</월><일>29</일><일련번호>11590-99</일련번호><전용면적>59.578</전용면적><중개사소재지> </중개사소재지><지번>418</지번><지역코드>11590</지역코드><층>7</층><해제사유발생일> </해제사유발생일><해제여부> </해제여부></item><item><거래금액>    23,000</거래금액><거래유형>중개거래</거래유형><건축년도>1994</건축년도><년>2022</년><도로명>국사봉18길</도로명><도로명건물본번호코드>00024</도로명건물본번호코드><도로명건물부번호코드>00000</도로명건물부번호코드><도로명시군구코드>11590</도로명시군구코드><도로명일련번호코드>01</도로명일련번호코드><도로명지상지하코드>0</도로명지상지하코드><도로명코드>4157011</도로명코드><법정동> 상도동</법정동><법정동본번코드>0301</법정동본번코드><법정동부번코드>0226</법정동부번코드><법정동시군구코드>11590</법정동시군구코드><법정동읍면동코드>10200</법정동읍면동코드><법정동지번코드>1</법정동지번코드><아파트>청운</아파트><월>9</월><일>29</일><일련번호>11590-216</일련번호><전용면적>50.37</전용면적><중개사소재지>서울 동작구</중개사소재지><지번>301-226</지번><지역코드>11590</지역코드><층>5</층><해제사유발생일> </해제사유발생일><해제여부> </해제여부></item><item><거래금액>    57,000</거래금액><거래유형>중개거래</거래유형><건축년도>1997</건축년도><년>2022</년><도로명>만양로</도로명><도로명건물본번호코드>00026</도로명건물본번호코드><도로명건물부번호코드>00000</도로명건물부번호코드><도로명시군구코드>11590</도로명시군구코드><도로명일련번호코드>02</도로명일련번호코드><도로명지상지하코드>0</도로명지상지하코드><도로명코드>3119002</도로명코드><법정동> 상도동</법정동><법정동본번코드>0414</법정동본번코드><법정동부번코드>0000</법정동부번코드><법정동시군구코드>11590</법정동시군구코드><법정동읍면동코드>10200</법정동읍면동코드><법정동지번코드>1</법정동지번코드><아파트>건영</아파트><월>9</월><일>30</일><일련번호>11590-9</일련번호><전용면적>32.8</전용면적><중개사소재지>서울 동작구</중개사소재지><지번>414</지번><지역코드>11590</지역코드><층>7</층><해제사유발생일> </해제사유발생일><해제여부> </해제여부></item><item><거래금액>   152,000</거래금액><거래유형>중개거래</거래유형><건축년도>2012</건축년도><년>2022</년><도로명>서달로</도로명><도로명건물본번호코드>00091</도로명건물본번호코드><도로명건물부번호코드>00000</도로명건물부번호코드><도로명시군구코드>11590</도로명시군구코드><도로명일련번호코드>02</도로명일련번호코드><도로명지상지하코드>0</도로명지상지하코드><도로명코드>3119006</도로명코드><법정동> 흑석동</법정동><법정동본번코드>0339</법정동본번코드><법정동부번코드>0000</법정동부번코드><법정동시군구코드>11590</법정동시군구코드><법정동읍면동코드>10500</법정동읍면동코드><법정동지번코드>1</법정동지번코드><아파트>흑석한강센트레빌Ⅱ</아파트><월>9</월><일>8</일><일련번호>11590-4002</일련번호><전용면적>84.946</전용면적><중개사소재지>서울 동작구</중개사소재지><지번>339</지번><지역코드>11590</지역코드><층>12</층><해제사유발생일> </해제사유발생일><해제여부> </해제여부></item><item><거래금액>   140,000</거래금액><거래유형>중개거래</거래유형><건축년도>1988</건축년도><년>2022</년><도로명>현충로</도로명><도로명건물본번호코드>00151</도로명건물본번호코드><도로명건물부번호코드>00000</도로명건물부번호코드><도로명시군구코드>11590</도로명시군구코드><도로명일련번호코드>02</도로명일련번호코드><도로명지상지하코드>0</도로명지상지하코드><도로명코드>3119009</도로명코드><법정동> 흑석동</법정동><법정동본번코드>0028</법정동본번코드><법정동부번코드>0000</법정동부번코드><법정동시군구코드>11590</법정동시군구코드><법정동읍면동코드>10500</법정동읍면동코드><법정동지번코드>1</법정동지번코드><아파트>한강현대</아파트><월>9</월><일>24</일><일련번호>11590-36</일련번호><전용면적>66.225</전용면적><중개사소재지>서울 동작구</중개사소재지><지번>28</지번><지역코드>11590</지역코드><층>5</층><해제사유발생일> </해제사유발생일><해제여부> </해제여부></item><item><거래금액>   100,000</거래금액><거래유형>직거래</거래유형><건축년도>1990</건축년도><년>2022</년><도로명>사당로17길</도로명><도로명건물본번호코드>00052</도로명건물본번호코드><도로명건물부번호코드>00000</도로명건물부번호코드><도로명시군구코드>11590</도로명시군구코드><도로명일련번호코드>00</도로명일련번호코드><도로명코드>4157246</도로명코드><법정동> 사당동</법정동><법정동본번코드>0169</법정동본번코드><법정동부번코드>0008</법정동부번코드><법정동시군구코드>11590</법정동시군구코드><법정동읍면동코드>10700</법정동읍면동코드><법정동지번코드>1</법정동지번코드><아파트>대림(169-8)</아파트><월>9</월><일>1</일><일련번호>11590-39</일련번호><전용면적>84.91</전용면적><중개사소재지> </중개사소재지><지번>169-8</지번><지역코드>11590</지역코드><층>6</층><해제사유발생일> </해제사유발생일><해제여부> </해제여부></item><item><거래금액>    14,000</거래금액><거래유형>중개거래</거래유형><건축년도>2015</건축년도><년>2022</년><도로명>사당로</도로명><도로명건물본번호코드>00158</도로명건물본번호코드><도로명건물부번호코드>00000</도로명건물부번호코드><도로명시군구코드>11590</도로명시군구코드><도로명일련번호코드>02</도로명일련번호코드><도로명지상지하코드>0</도로명지상지하코드><도로명코드>3119004</도로명코드><법정동> 사당동</법정동><법정동본번코드>0206</법정동본번코드><법정동부번코드>0127</법정동부번코드><법정동시군구코드>11590</법정동시군구코드><법정동읍면동코드>10700</법정동읍면동코드><법정동지번코드>1</법정동지번코드><아파트>사당휴브리지(206-127)</아파트><월>9</월><일>2</일><일련번호>11590-4322</일련번호><전용면적>12.42</전용면적><중개사소재지>서울 동작구</중개사소재지><지번>206-127</지번><지역코드>11590</지역코드><층>7</층><해제사유발생일> </해제사유발생일><해제여부> </해제여부></item><item><거래금액>    24,000</거래금액><거래유형>중개거래</거래유형><건축년도>2003</건축년도><년>2022</년><도로명>남부순환로255나길</도로명><도로명건물본번호코드>00018</도로명건물본번호코드><도로명건물부번호코드>00000</도로명건물부번호코드><도로명시군구코드>11590</도로명시군구코드><도로명일련번호코드>01</도로명일련번호코드><도로명지상지하코드>0</도로명지상지하코드><도로명코드>4157032</도로명코드><법정동> 사당동</법정동><법정동본번코드>0449</법정동본번코드><법정동부번코드>0010</법정동부번코드><법정동시군구코드>11590</법정동시군구코드><법정동읍면동코드>10700</법정동읍면동코드><법정동지번코드>1</법정동지번코드><아파트>해맑은</아파트><월>9</월><일>4</일><일련번호>11590-111</일련번호><전용면적>47.85</전용면적><중개사소재지>서울 동작구</중개사소재지><지번>449-10</지번><지역코드>11590</지역코드><층>5</층><해제사유발생일> </해제사유발생일><해제여부> </해제여부></item><item><거래금액>    14,500</거래금액><거래유형>중개거래</거래유형><건축년도>2015</건축년도><년>2022</년><도로명>사당로</도로명><도로명건물본번호코드>00158</도로명건물본번호코드><도로명건물부번호코드>00000</도로명건물부번호코드><도로명시군구코드>11590</도로명시군구코드><도로명일련번호코드>02</도로명일련번호코드><도로명지상지하코드>0</도로명지상지하코드><도로명코드>3119004</도로명코드><법정동> 사당동</법정동><법정동본번코드>0206</법정동본번코드><법정동부번코드>0127</법정동부번코드><법정동시군구코드>11590</법정동시군구코드><법정동읍면동코드>10700</법정동읍면동코드><법정동지번코드>1</법정동지번코드><아파트>사당휴브리지(206-127)</아파트><월>9</월><일>8</일><일련번호>11590-4322</일련번호><전용면적>12.42</전용면적><중개사소재지>서울 동작구</중개사소재지><지번>206-127</지번><지역코드>11590</지역코드><층>10</층><해제사유발생일> </해제사유발생일><해제여부> </해제여부></item><item><거래금액>    82,000</거래금액><거래유형>중개거래</거래유형><건축년도>2004</건축년도><년>2022</년><도로명>사당로16아길</도로명><도로명건물본번호코드>00043</도로명건물본번호코드><도로명건물부번호코드>00000</도로명건물부번호코드><도로명시군구코드>11590</도로명시군구코드><도로명일련번호코드>01</도로명일련번호코드><도로명지상지하코드>0</도로명지상지하코드><도로명코드>4157243</도로명코드><법정동> 사당동</법정동><법정동본번코드>1142</법정동본번코드><법정동부번코드>0000</법정동부번코드><법정동시군구코드>11590</법정동시군구코드><법정동읍면동코드>10700</법정동읍면동코드><법정동지번코드>1</법정동지번코드><아파트>진흥아리엘</아파트><월>9</월><일>16</일><일련번호>11590-150</일련번호><전용면적>84.9713</전용면적><중개사소재지>서울 동작구</중개사소재지><지번>1142</지번><지역코드>11590</지역코드><층>10</층><해제사유발생일> </해제사유발생일><해제여부> </해제여부></item><item><거래금액>   105,000</거래금액><거래유형>중개거래</거래유형><건축년도>1999</건축년도><년>2022</년><도로명>사당로2가길</도로명><도로명건물본번호코드>00102</도로명건물본번호코드><도로명건물부번호코드>00000</도로명건물부번호코드><도로명시군구코드>11590</도로명시군구코드><도로명일련번호코드>02</도로명일련번호코드><도로명지상지하코드>0</도로명지상지하코드><도로명코드>4157288</도로명코드><법정동> 사당동</법정동><법정동본번코드>1139</법정동본번코드><법정동부번코드>0000</법정동부번코드><법정동시군구코드>11590</법정동시군구코드><법정동읍면동코드>10700</법정동읍면동코드><법정동지번코드>1</법정동지번코드><아파트>사당자이</아파트><월>9</월><일>27</일><일련번호>11590-43</일련번호><전용면적>84.49</전용면적><중개사소재지>서울 동작구</중개사소재지><지번>1139</지번><지역코드>11590</지역코드><층>16</층><해제사유발생일> </해제사유발생일><해제여부> </해제여부></item><item><거래금액>   155,000</거래금액><거래유형>중개거래</거래유형><건축년도>1990</건축년도><년>2022</년><도로명>사당로17길</도로명><도로명건물본번호코드>00052</도로명건물본번호코드><도로명건물부번호코드>00000</도로명건물부번호코드><도로명시군구코드>11590</도로명시군구코드><도로명일련번호코드>00</도로명일련번호코드><도로명코드>4157246</도로명코드><법정동> 사당동</법정동><법정동본번코드>0169</법정동본번코드><법정동부번코드>0008</법정동부번코드><법정동시군구코드>11590</법정동시군구코드><법정동읍면동코드>10700</법정동읍면동코드><법정동지번코드>1</법정동지번코드><아파트>대림(169-8)</아파트><월>9</월><일>30</일><일련번호>11590-39</일련번호><전용면적>125.4</전용면적><중개사소재지>서울 동작구</중개사소재지><지번>169-8</지번><지역코드>11590</지역코드><층>14</층><해제사유발생일> </해제사유발생일><해제여부> </해제여부></item><item><거래금액>    94,500</거래금액><거래유형>중개거래</거래유형><건축년도>1994</건축년도><년>2022</년><도로명>등용로</도로명><도로명건물본번호코드>00127</도로명건물본번호코드><도로명건물부번호코드>00000</도로명건물부번호코드><도로명시군구코드>11590</도로명시군구코드><도로명일련번호코드>02</도로명일련번호코드><도로명지상지하코드>0</도로명지상지하코드><도로명코드>3119001</도로명코드><법정동> 대방동</법정동><법정동본번코드>0502</법정동본번코드><법정동부번코드>0000</법정동부번코드><법정동시군구코드>11590</법정동시군구코드><법정동읍면동코드>10800</법정동읍면동코드><법정동지번코드>1</법정동지번코드><아파트>대방동현대</아파트><월>9</월><일>15</일><일련번호>11590-84</일련번호><전용면적>84.96</전용면적><중개사소재지>서울 동작구</중개사소재지><지번>502</지번><지역코드>11590</지역코드><층>17</층><해제사유발생일> </해제사유발생일><해제여부> </해제여부></item><item><거래금액>    51,000</거래금액><거래유형>직거래</거래유형><건축년도>1998</건축년도><년>2022</년><도로명>보라매로5가길</도로명><도로명건물본번호코드>00016</도로명건물본번호코드><도로명건물부번호코드>00000</도로명건물부번호코드><도로명시군구코드>11590</도로명시군구코드><도로명일련번호코드>01</도로명일련번호코드><도로명지상지하코드>0</도로명지상지하코드><도로명코드>4157219</도로명코드><법정동> 신대방동</법정동><법정동본번코드>0395</법정동본번코드><법정동부번코드>0069</법정동부번코드><법정동시군구코드>11590</법정동시군구코드><법정동읍면동코드>10900</법정동읍면동코드><법정동지번코드>1</법정동지번코드><아파트>보라매아카데미타워</아파트><월>9</월><일>13</일><일련번호>11590-70</일련번호><전용면적>84.95</전용면적><중개사소재지> </중개사소재지><지번>395-69</지번><지역코드>11590</지역코드><층>25</층><해제사유발생일> </해제사유발생일><해제여부> </해제여부></item></items><numOfRows>999</numOfRows><pageNo>1</pageNo><totalCount>22</totalCount></body></response>