<?xml version="1.0" encoding="UTF-8" standalone="yes"?><response><header><resultCode>00</resultCode><resultMsg>NORMAL SERVICE.</resultMsg></header><body><items><item><거래금액>    90,000</거래금액><거래유형>중개거래</거래유형><건축년도>1997</건축년도><년>2022</년><도로명>만양로</도로명><도로명건물본번호코드>00026</도로명건물본번호코드><도로명건물부번호코드>00000</도로명건물부번호코드><도로명시군구코드>11590</도로명시군구코드><도로명일련번호코드>02</도로명일련번호코드><도로명지상지하코드>0</도로명지상지하코드><도로명코드>3119002</도로명코드><법정동> 노량진동</법정동><법정동본번코드>0324</법정동본번코드><법정동부번코드>0000</법정동부번코드><법정동시군구코드>11590</법정동시군구코드><법정동읍면동코드>10100</법정동읍면동코드><법정동지번코드>1</법정동지번코드><아파트>건영(103동-106동)</아파트><월>10</월><일>7</일><일련번호>11590-1</일련번호><전용면적>84.94</전용면적><중개사소재지>서울 동작구</중개사소재지><지번>324</지번><지역코드>11590</지역코드><층>17</층><해제사유발생일> </해제사유발생일><해제여부> </해제여부></item><item><거래금액>    85,000</거래금액><거래유형>중개거래</거래유형><건축년도>1997</건축년도><년>2022</년><도로명>만양로</도로명><도로명건물본번호코드>00026</도로명건물본번호코드><도로명건물부번호코드>00000</도로명건물부번호코드><도로명시군구코드>11590</도로명시군구코드><도로명일련번호코드>02</도로명일련번호코드><도로명지상지하코드>0</도로명지상지하코드><도로명코드>3119002</도로명코드><법정동> 노량진동</법정동><법정동본번코드>0324</법정동본번코드><법정동부번코드>0000</법정동부번코드><법정동시군구코드>11590</법정동시군구코드><법정동읍면동코드>10100</법정동읍면동코드><법정동지번코드>1</법정동지번코드><아파트>건영(103동-106동)</아파트><월>10</월><일>15</일><일련번호>11590-1</일련번호><전용면적>59.83</전용면적><중개사소재지>서울 동작구</중개사소재지><지번>324</지번><지역코드>11590</지역코드><층>11</층><해제사유발생일> </해제사유발생일><해제여부> </해제여부></item><item><거래금액>    16,900</거래금액><거래유형>중개거래</거래유형><건축년도>2015</건축년도><년>2022</년><도로명>노량진로</도로명><도로명건물본번호코드>00140</도로명건물본번호코드><도로명건물부번호코드>00000</도로명건물부번호코드><도로명시군구코드>11590</도로명시군구코드><도로명일련번호코드>01</도로명일련번호코드><도로명코드>3119011</도로명코드><법정동> 노량진동</법정동><법정동본번코드>0057</법정동본번코드><법정동부번코드>0001</법정동부번코드><법정동시군구코드>11590</법정동시군구코드><법정동읍면동코드>10100</법정동읍면동코드><법정동지번코드>1</법정동지번코드><아파트>메가스터디타워</아파트><월>10</월><일>18</일><일련번호>11590-4413</일련번호><전용면적>16.01</전용면적><중개사소재지>서울 동작구</중개사소재지><지번>57-1</지번><지역코드>11590</지역코드><층>10</층><해제사유발생일> </해제사유발생일><해제여부> </해제여부></item><item><거래금액>    11,800</거래금액><거래유형>중개거래</거래유형><건축년도>2012</건축년도><년>2022</년><도로명>상도로62길</도로명><도로명건물본번호코드>00081</도로명건물본번호코드><도로명건물부번호코드>00001</도로명건물부번호코드><도로명시군구코드>11590</도로명시군구코드><도로명일련번호코드>01</도로명일련번호코드><도로명지상지하코드>0</도로명지상지하코드><도로명코드>4157386</도로명코드><법정동> 상도동</법정동><법정동본번코드>0532</법정동본번코드><법정동부번코드>0000</법정동부번코드><법정동시군구코드>11590</법정동시군구코드><법정동읍면동코드>10200</법정동읍면동코드><법정동지번코드>1</법정동지번코드><아파트>씨티아모리움</아파트><월>10</월><일>3</일><일련번호>11590-3991</일련번호><전용면적>12.7071</전용면적><중개사소재지>서울 동작구</중개사소재지><지번>532</지번><지역코드>11590</지역코드><층>4</층><해제사유발생일> </해제사유발생일><해제여부> </해제여부></item><item><거래금액>    75,000</거래금액><거래유형>중개거래</거래유형><건축년도>1995</건축년도><년>2022</년><도로명>상도로60길</도로명><도로명건물본번호코드>00020</도로명건물본번호코드><도로명건물부번호코드>00000</도로명건물부번호코드><도로명시군구코드>11590</도로명시군구코드><도로명일련번호코드>01</도로명일련번호코드><도로명지상지하코드>0</도로명지상지하코드><도로명코드>4157382</도로명코드><법정동> 상도동</법정동><법정동본번코드>0411</법정동본번코드><법정동부번코드>0000</법정동부번코드><법정동시군구코드>11590</법정동시군구코드><법정동읍면동코드>10200</법정동읍면동코드><법정동지번코드>1</법정동지번코드><아파트>대림아파트</아파트><월>10</월><일>4</일><일련번호>11590-85</일련번호><전용면적>66.59</전용면적><중개사소재지>서울 동작구</중개사소재지><지번>411</지번><지역코드>11590</지역코드><층>10</층><해제사유발생일> </해제사유발생일><해제여부> </해제여부></item><item><거래금액>   108,500</거래금액><거래유형>중개거래</거래유형><건축년도>2007</건축년도><년>2022</년><도로명>상도로31길</도로명><도로명건물본번호코드>00019</도로명건물본번호코드><도로명건물부번호코드>00000</도로명건물부번호코드><도로명시군구코드>11590</도로명시군구코드><도로명일련번호코드>01</도로명일련번호코드><도로명지상지하코드>0</도로명지상지하코드><도로명코드>4157341</도로명코드><법정동> 상도동</법정동><법정동본번코드>0527</법정동본번코드><법정동부번코드>0000</법정동부번코드><법정동시군구코드>11590</법정동시군구코드><법정동읍면동코드>10200</법정동읍면동코드><법정동지번코드>1</법정동지번코드><아파트>이수브라운스톤상도(527-0)</아파트><월>10</월><일>8</일><일련번호>11590-3441</일련번호><전용면적>59.91</전용면적><중개사소재지>경기 수원권선구, 서울 강남구</중개사소재지><지번>527</지번><지역코드>11590</지역코드><층>14</층><해제사유발생일> </해제사유발생일><해제여부> </해제여부></item><item><거래금액>   118,000</거래금액><거래유형>중개거래</거래유형><건축년도>2004</건축년도><년>2022</년><도로명>상도로53길</도로명><도로명건물본번호코드>00008</도로명건물본번호코드><도로명건물부번호코드>00000</도로명건물부번호코드><도로명시군구코드>11590</도로명시군구코드><도로명일련번호코드>01</도로명일련번호코드><도로명지상지하코드>0</도로명지상지하코드><도로명코드>4157376</도로명코드><법정동> 상도동</법정동><법정동본번코드>0431</법정동본번코드><법정동부번코드>0000</법정동부번코드><법정동시군구코드>11590</법정동시군구코드><법정동읍면동코드>10200</법정동읍면동코드><법정동지번코드>1</법정동지번코드><아파트>래미안상도3차</아파트><월>10</월><일>10</일><일련번호>11590-127</일련번호><전용면적>84.96</전용면적><중개사소재지>서울 동작구</중개사소재지><지번>431</지번><지역코드>11590</지역코드><층>6</층><해제사유발생일> </해제사유발생일><해제여부> </해제여부></item><item><거래금액>    14,000</거래금액><거래유형>중개거래</거래유형><건축년도>2016</건축년도><년>2022</년><도로명>상도로15길</도로명><도로명건물본번호코드>00131</도로명건물본번호코드><도로명건물부번호코드>00000</도로명건물부번호코드><도로명시군구코드>11590</도로명시군구코드><도로명일련번호코드>01</도로명일련번호코드><도로명지상지하코드>0</도로명지상지하코드><도로명코드>4157318</도로명코드><법정동> 상도동</법정동><법정동본번코드>0363</법정동본번코드><법정동부번코드>0164</법정동부번코드><법정동시군구코드>11590</법정동시군구코드><법정동읍면동코드>10200</법정동읍면동코드><법정동지번코드>1</법정동지번코드><아파트>상도휴엔하임</아파트><월>10</월><일>24</일><일련번호>11590-4526</일련번호><전용면적>14.7</전용면적><중개사소재지>서울 동작구</중개사소재지><지번>363-164</지번><지역코드>11590</지역코드><층>6</층><해제사유발생일> </해제사유발생일><해제여부> </해제여부></item><item><거래금액>    14,000</거래금액><거래유형>중개거래</거래유형><건축년도>2016</건축년도><년>2022</년><도로명>상도로15길</도로명><도로명건물본번호코드>00131</도로명건물본번호코드><도로명건물부번호코드>00000</도로명건물부번호코드><도로명시군구코드>11590</도로명시군구코드><도로명일련번호코드>01</도로명일련번호코드><도로명지상지하코드>0</도로명지상지하코드><도로명코드>4157318</도로명코드><법정동> 상도동</법정동><법정동본번코드>0363</법정동본번코드><법정동부번코드>0164</법정동부번코드><법정동시군구코드>11590</법정동시군구코드><법정동읍면동코드>10200</법정동읍면동코드><법정동지번코드>1</법정동지번코드><아파트>상도휴엔하임</아파트><월>10</월><일>24</일><일련번호>11590-4526</일련번호><전용면적>14.7</전용면적><중개사소재지>서울 동작구</중개사소재지><지번>363-164</지번><지역코드>11590</지역코드><층>6</층><해제사유발생일> </해제사유발생일><해제여부> </해제여부></item><item><거래금액>    93,000</거래금액><거래유형>중개거래</거래유형><건축년도>2008</건축년도><년>2022</년><도로명>상도로34길</도로명><도로명건물본번호코드>00042</도로명건물본번호코드><도로명건물부번호코드>00000</도로명건물부번호코드><도로명시군구코드>11590</도로명시군구코드><도로명일련번호코드>01</도로명일련번호코드><도로명지상지하코드>0</도로명지상지하코드><도로명코드>4157344</도로명코드><법정동> 상도동</법정동><법정동본번코드>0528</법정동본번코드><법정동부번코드>0000</법정동부번코드><법정동시군구코드>11590</법정동시군구코드><법정동읍면동코드>10200</법정동읍면동코드><법정동지번코드>1</법정동지번코드><아파트>동원베네스트</아파트><월>10</월><일>29</일><일련번호>11590-3577</일련번호><전용면적>84.959</전용면적><중개사소재지>서울 동작구</중개사소재지><지번>528</지번><지역코드>11590</지역코드><층>5</층><해제사유발생일> </해제사유발생일><해제여부> </해제여부></item><item><거래금액>    77,500</거래금액><거래유형>중개거래</거래유형><건축년도>1993</건축년도><년>2022</년><도로명>매봉로</도로명><도로명건물본번호코드>00134</도로명건물본번호코드><도로명건물부번호코드>00000</도로명건물부번호코드><도로명시군구코드>11590</도로명시군구코드><도로명일련번호코드>03</도로명일련번호코드><도로명지상지하코드>0</도로명지상지하코드><도로명코드>3119003</도로명코드><법정동> 본동</법정동><법정동본번코드>0481</법정동본번코드><법정동부번코드>0000</법정동부번코드><법정동시군구코드>11590</법정동시군구코드><법정동읍면동코드>10400</법정동읍면동코드><법정동지번코드>1</법정동지번코드><아파트>신동아</아파트><월>10</월><일>3</일><일련번호>11590-29</일련번호><전용면적>46.75</전용면적><중개사소재지>서울 동작구</중개사소재지><지번>481</지번><지역코드>11590</지역코드><층>10</층><해제사유발생일> </해제사유발생일><해제여부> </해제여부></item><item><거래금액>    85,000</거래금액><거래유형>중개거래</거래유형><건축년도>1998</건축년도><년>2022</년><도로명>동작대로29길</도로명><도로명건물본번호코드>00118</도로명건물본번호코드><도로명건물부번호코드>00000</도로명건물부번호코드><도로명시군구코드>11590</도로명시군구코드><도로명일련번호코드>02</도로명일련번호코드><도로명지상지하코드>0</도로명지상지하코드><도로명코드>4157127</도로명코드><법정동> 사당동</법정동><법정동본번코드>1137</법정동본번코드><법정동부번코드>0000</법정동부번코드><법정동시군구코드>11590</법정동시군구코드><법정동읍면동코드>10700</법정동읍면동코드><법정동지번코드>1</법정동지번코드><아파트>신동아5</아파트><월>10</월><일>8</일><일련번호>11590-88</일련번호><전용면적>59.67</전용면적><중개사소재지>서울 동작구</중개사소재지><지번>1137</지번><지역코드>11590</지역코드><층>10</층><해제사유발생일> </해제사유발생일><해제여부> </해제여부></item><item><거래금액>    69,700</거래금액><거래유형>중개거래</거래유형><건축년도>1993</건축년도><년>2022</년><도로명>동작대로29길</도로명><도로명건물본번호코드>00115</도로명건물본번호코드><도로명건물부번호코드>00000</도로명건물부번호코드><도로명시군구코드>11590</도로명시군구코드><도로명일련번호코드>02</도로명일련번호코드><도로명지상지하코드>0</도로명지상지하코드><도로명코드>4157127</도로명코드><법정동> 사당동</법정동><법정동본번코드>0105</법정동본번코드><법정동부번코드>0000</법정동부번코드><법정동시군구코드>11590</법정동시군구코드><법정동읍면동코드>10700</법정동읍면동코드><법정동지번코드>1</법정동지번코드><아파트>사당우성3</아파트><월>10</월><일>18</일><일련번호>11590-89</일련번호><전용면적>46.75</전용면적><중개사소재지>서울 동작구</중개사소재지><지번>105</지번><지역코드>11590</지역코드><층>8</층><해제사유발생일> </해제사유발생일><해제여부> </해제여부></item><item><거래금액>    14,500</거래금액><거래유형>중개거래</거래유형><건축년도>2015</건축년도><년>2022</년><도로명>사당로</도로명><도로명건물본번호코드>00158</도로명건물본번호코드><도로명건물부번호코드>00000</도로명건물부번호코드><도로명시군구코드>11590</도로명시군구코드><도로명일련번호코드>02</도로명일련번호코드><도로명지상지하코드>0</도로명지상지하코드><도로명코드>3119004</도로명코드><법정동> 사당동</법정동><법정동본번코드>0206</법정동본번코드><법정동부번코드>0127</법정동부번코드><법정동시군구코드>11590</법정동시군구코드><법정동읍면동코드>10700</법정동읍면동코드><법정동지번코드>1</법정동지번코드><아파트>사당휴브리지(206-127)</아파트><월>10</월><일>21</일><일련번호>11590-4322</일련번호><전용면적>12.49</전용면적><중개사소재지>서울 동작구</중개사소재지><지번>206-127</지번><지역코드>11590</지역코드><층>8</층><해제사유발생일> </해제사유발생일><해제여부> </해제여부></item><item><거래금액>    14,500</거래금액><거래유형>중개거래</거래유형><건축년도>2015</건축년도><년>2022</년><도로명>사당로</도로명><도로명건물본번호코드>00158</도로명건물본번호코드><도로명건물부번호코드>00000</도로명건물부번호코드><도로명시군구코드>11590</도로명시군구코드><도로명일련번호코드>02</도로명일련번호코드><도로명지상지하코드>0</도로명지상지하코드><도로명코드>3119004</도로명코드><법정동> 사당동</법정동><법정동본번코드>0206</법정동본번코드><법정동부번코드>0127</법정동부번코드><법정동시군구코드>11590</법정동시군구코드><법정동읍면동코드>10700</법정동읍면동코드><법정동지번코드>1</법정동지번코드><아파트>사당휴브리지(206-127)</아파트><월>10</월><일>24</일><일련번호>11590-4322</일련번호><전용면적>12.42</전용면적><중개사소재지>서울 동작구</중개사소재지><지번>206-127</지번><지역코드>11590</지역코드><층>10</층><해제사유발생일> </해제사유발생일><해제여부> </해제여부></item><item><거래금액>   140,000</거래금액><거래유형>중개거래</거래유형><건축년도>1993</건축년도><년>2022</년><도로명>여의대방로44길</도로명><도로명건물본번호코드>00010</도로명건물본번호코드><도로명건물부번호코드>00000</도로명건물부번호코드><도로명시군구코드>11590</도로명시군구코드><도로명일련번호코드>01</도로명일련번호코드><도로명지상지하코드>0</도로명지상지하코드><도로명코드>4157566</도로명코드><법정동> 대방동</법정동><법정동본번코드>0501</법정동본번코드><법정동부번코드>0000</법정동부번코드><법정동시군구코드>11590</법정동시군구코드><법정동읍면동코드>10800</법정동읍면동코드><법정동지번코드>1</법정동지번코드><아파트>대림아파트</아파트><월>10</월><일>1</일><일련번호>11590-57</일련번호><전용면적>84.92</전용면적><중개사소재지>서울 동작구</중개사소재지><지번>501</지번><지역코드>11590</지역코드><층>15</층><해제사유발생일>22.10.12</해제사유발생일><해제여부>O</해제여부></item><item><거래금액>    12,500</거래금액><거래유형>중개거래</거래유형><건축년도>2011</건축년도><년>2022</년><도로명>상도로</도로명><도로명건물본번호코드>00063</도로명건물본번호코드><도로명건물부번호코드>00000</도로명건물부번호코드><도로명시군구코드>11590</도로명시군구코드><도로명일련번호코드>04</도로명일련번호코드><도로명지상지하코드>0</도로명지상지하코드><도로명코드>3119005</도로명코드><법정동> 대방동</법정동><법정동본번코드>0394</법정동본번코드><법정동부번코드>0002</법정동부번코드><법정동시군구코드>11590</법정동시군구코드><법정동읍면동코드>10800</법정동읍면동코드><법정동지번코드>1</법정동지번코드><아파트>진성마블로스</아파트><월>10</월><일>1</일><일련번호>11590-3842</일련번호><전용면적>14.134</전용면적><중개사소재지>서울 동작구</중개사소재지><지번>394-2</지번><지역코드>11590</지역코드><층>5</층><해제사유발생일> </해제사유발생일><해제여부> </해제여부></item><item><거래금액>    12,700</거래금액><거래유형>직거래</거래유형><건축년도>2012</건축년도><년>2022</년><도로명>여의대방로54길</도로명><도로명건물본번호코드>00039</도로명건물본번호코드><도로명건물부번호코드>00000</도로명건물부번호코드><도로명시군구코드>11590</도로명시군구코드><도로명일련번호코드>01</도로명일련번호코드><도로명지상지하코드>0</도로명지상지하코드><도로명코드>4157568</도로명코드><법정동> 대방동</법정동><법정동본번코드>0515</법정동본번코드><법정동부번코드>0000</법정동부번코드><법정동시군구코드>11590</법정동시군구코드><법정동읍면동코드>10800</법정동읍면동코드><법정동지번코드>1</법정동지번코드><아파트>아데나339</아파트><월>10</월><일>7</일><일련번호>11590-3964</일련번호><전용면적>15.36</전용면적><중개사소재지> </중개사소재지><지번>515</지번><지역코드>11590</지역코드><층>3</층><해제사유발생일> </해제사유발생일><해제여부> </해제여부></item><item><거래금액>    10,900</거래금액><거래유형>중개거래</거래유형><건축년도>2011</건축년도><년>2022</년><도로명>상도로</도로명><도로명건물본번호코드>00063</도로명건물본번호코드><도로명건물부번호코드>00000</도로명건물부번호코드><도로명시군구코드>11590</도로명시군구코드><도로명일련번호코드>04</도로명일련번호코드><도로명지상지하코드>0</도로명지상지하코드><도로명코드>3119005</도로명코드><법정동> 대방동</법정동><법정동본번코드>0394</법정동본번코드><법정동부번코드>0002</법정동부번코드><법정동시군구코드>11590</법정동시군구코드><법정동읍면동코드>10800</법정동읍면동코드><법정동지번코드>1</법정동지번코드><아파트>진성마블로스</아파트><월>10</월><일>8</일><일련번호>11590-3842</일련번호><전용면적>14.4</전용면적><중개사소재지>서울 동작구</중개사소재지><지번>394-2</지번><지역코드>11590</지역코드><층>4</층><해제사유발생일> </해제사유발생일><해제여부> </해제여부></item><item><거래금액>   140,000</거래금액><거래유형>중개거래</거래유형><건축년도>1993</건축년도><년>2022</년><도로명>여의대방로44길</도로명><도로명건물본번호코드>00010</도로명건물본번호코드><도로명건물부번호코드>00000</도로명건물부번호코드><도로명시군구코드>11590</도로명시군구코드><도로명일련번호코드>01</도로명일련번호코드><도로명지상지하코드>0</도로명지상지하코드><도로명코드>4157566</도로명코드><법정동> 대방동</법정동><법정동본번코드>0501</법정동본번코드><법정동부번코드>0000</법정동부번코드><법정동시군구코드>11590</법정동시군구코드><법정동읍면동코드>10800</법정동읍면동코드><법정동지번코드>1</법정동지번코드><아파트>대림아파트</아파트><월>10</월><일>11</일><일련번호>11590-57</일련번호><전용면적>84.92</전용면적><중개사소재지>서울 동작구</중개사소재지><지번>501</지번><지역코드>11590</지역코드><층>15</층><해제사유발생일> </해제사유발생일><해제여부> </해제여부></item><item><거래금액>   117,000</거래금액><거래유형>중개거래</거래유형><건축년도>1988</건축년도><년>2022</년><도로명>여의대방로</도로명><도로명건물본번호코드>00022</도로명건물본번호코드><도로명건물부번호코드>00000</도로명건물부번호코드><도로명시군구코드>11590</도로명시군구코드><도로명일련번호코드>02</도로명일련번호코드><도로명지상지하코드>0</도로명지상지하코드><도로명코드>3118028</도로명코드><법정동> 신대방동</법정동><법정동본번코드>0565</법정동본번코드><법정동부번코드>0000</법정동부번코드><법정동시군구코드>11590</법정동시군구코드><법정동읍면동코드>10900</법정동읍면동코드><법정동지번코드>1</법정동지번코드><아파트>우성1</아파트><월>10</월><일>9</일><일련번호>11590-76</일련번호><전용면적>127.02</전용면적><중개사소재지>서울 동작구</중개사소재지><지번>565</지번><지역코드>11590</지역코드><층>4</층><해제사유발생일> </해제사유발생일><해제여부> </해제여부></item></items><numOfRows>999</numOfRows><pageNo>1</pageNo><totalCount>21</totalCount></body></response>