<?xml version="1.0" encoding="UTF-8" standalone="yes"?><response><header><resultCode>00</resultCode><resultMsg>NORMAL SERVICE.</resultMsg></header><body><items><item><거래금액>    80,000</거래금액><거래유형>중개거래</거래유형><건축년도>2001</건축년도><년>2023</년><도로명>만양로</도로명><도로명건물본번호코드>00019</도로명건물본번호코드><도로명건물부번호코드>00000</도로명건물부번호코드><도로명시군구코드>11590</도로명시군구코드><도로명일련번호코드>01</도로명일련번호코드><도로명지상지하코드>0</도로명지상지하코드><도로명코드>3119002</도로명코드><법정동> 노량진동</법정동><법정동본번코드>0325</법정동본번코드><법정동부번코드>0000</법정동부번코드><법정동시군구코드>11590</법정동시군구코드><법정동읍면동코드>10100</법정동읍면동코드><법정동지번코드>1</법정동지번코드><아파트>신동아리버파크</아파트><월>2</월><일>4</일><일련번호>11590-4</일련번호><전용면적>59.67</전용면적><중개사소재지>서울 동작구</중개사소재지><지번>325</지번><지역코드>11590</지역코드><층>22</층><해제사유발생일> </해제사유발생일><해제여부> </해제여부></item><item><거래금액>   116,500</거래금액><거래유형>중개거래</거래유형><건축년도>2001</건축년도><년>2023</년><도로명>만양로</도로명><도로명건물본번호코드>00019</도로명건물본번호코드><도로명건물부번호코드>00000</도로명건물부번호코드><도로명시군구코드>11590</도로명시군구코드><도로명일련번호코드>01</도로명일련번호코드><도로명지상지하코드>0</도로명지상지하코드><도로명코드>3119002</도로명코드><법정동> 노량진동</법정동><법정동본번코드>0325</법정동본번코드><법정동부번코드>0000</법정동부번코드><법정동시군구코드>11590</법정동시군구코드><법정동읍면동코드>10100</법정동읍면동코드><법정동지번코드>1</법정동지번코드><아파트>신동아리버파크</아파트><월>2</월><일>11</일><일련번호>11590-4</일련번호><전용면적>114.75</전용면적><중개사소재지>서울 동작구</중개사소재지><지번>325</지번><지역코드>11590</지역코드><층>17</층><해제사유발생일> </해제사유발생일><해제여부> </해제여부></item><item><거래금액>   116,000</거래금액><거래유형>중개거래</거래유형><건축년도>2001</건축년도><년>2023</년><도로명>만양로</도로명><도로명건물본번호코드>00019</도로명건물본번호코드><도로명건물부번호코드>00000</도로명건물부번호코드><도로명시군구코드>11590</도로명시군구코드><도로명일련번호코드>01</도로명일련번호코드><도로명지상지하코드>0</도로명지상지하코드><도로명코드>3119002</도로명코드><법정동> 노량진동</법정동><법정동본번코드>0325</법정동본번코드><법정동부번코드>0000</법정동부번코드><법정동시군구코드>11590</법정동시군구코드><법정동읍면동코드>10100</법정동읍면동코드><법정동지번코드>1</법정동지번코드><아파트>신동아리버파크</아파트><월>2</월><일>12</일><일련번호>11590-4</일련번호><전용면적>114.75</전용면적><중개사소재지>서울 강서구, 서울 동작구</중개사소재지><지번>325</지번><지역코드>11590</지역코드><층>23</층><해제사유발생일> </해제사유발생일><해제여부> </해제여부></item><item><거래금액>    81,500</거래금액><거래유형>중개거래</거래유형><건축년도>1997</건축년도><년>2023</년><도로명>만양로8길</도로명><도로명건물본번호코드>00050</도로명건물본번호코드><도로명건물부번호코드>00000</도로명건물부번호코드><도로명시군구코드>11590</도로명시군구코드><도로명일련번호코드>01</도로명일련번호코드><도로명지상지하코드>0</도로명지상지하코드><도로명코드>4157208</도로명코드><법정동> 노량진동</법정동><법정동본번코드>0323</법정동본번코드><법정동부번코드>0000</법정동부번코드><법정동시군구코드>11590</법정동시군구코드><법정동읍면동코드>10100</법정동읍면동코드><법정동지번코드>1</법정동지번코드><아파트>우성</아파트><월>2</월><일>22</일><일련번호>11590-5</일련번호><전용면적>59.82</전용면적><중개사소재지>서울 동작구</중개사소재지><지번>323</지번><지역코드>11590</지역코드><층>10</층><해제사유발생일> </해제사유발생일><해제여부> </해제여부></item><item><거래금액>    78,000</거래금액><거래유형>중개거래</거래유형><건축년도>2001</건축년도><년>2023</년><도로명>만양로</도로명><도로명건물본번호코드>00019</도로명건물본번호코드><도로명건물부번호코드>00000</도로명건물부번호코드><도로명시군구코드>11590</도로명시군구코드><도로명일련번호코드>01</도로명일련번호코드><도로명지상지하코드>0</도로명지상지하코드><도로명코드>3119002</도로명코드><법정동> 노량진동</법정동><법정동본번코드>0325</법정동본번코드><법정동부번코드>0000</법정동부번코드><법정동시군구코드>11590</법정동시군구코드><법정동읍면동코드>10100</법정동읍면동코드><법정동지번코드>1</법정동지번코드><아파트>신동아리버파크</아파트><월>2</월><일>25</일><일련번호>11590-4</일련번호><전용면적>59.67</전용면적><중개사소재지>서울 동작구</중개사소재지><지번>325</지번><지역코드>11590</지역코드><층>12</층><해제사유발생일> </해제사유발생일><해제여부> </해제여부></item><item><거래금액>    80,000</거래금액><거래유형>중개거래</거래유형><건축년도>2001</건축년도><년>2023</년><도로명>만양로</도로명><도로명건물본번호코드>00019</도로명건물본번호코드><도로명건물부번호코드>00000</도로명건물부번호코드><도로명시군구코드>11590</도로명시군구코드><도로명일련번호코드>01</도로명일련번호코드><도로명지상지하코드>0</도로명지상지하코드><도로명코드>3119002</도로명코드><법정동> 노량진동</법정동><법정동본번코드>0325</법정동본번코드><법정동부번코드>0000</법정동부번코드><법정동시군구코드>11590</법정동시군구코드><법정동읍면동코드>10100</법정동읍면동코드><법정동지번코드>1</법정동지번코드><아파트>신동아리버파크</아파트><월>2</월><일>25</일><일련번호>11590-4</일련번호><전용면적>59.67</전용면적><중개사소재지>서울 동작구</중개사소재지><지번>325</지번><지역코드>11590</지역코드><층>16</층><해제사유발생일> </해제사유발생일><해제여부> </해제여부></item><item><거래금액>   126,000</거래금액><거래유형>중개거래</거래유형><건축년도>2016</건축년도><년>2023</년><도로명>상도로30길</도로명><도로명건물본번호코드>00040</도로명건물본번호코드><도로명건물부번호코드>00000</도로명건물부번호코드><도로명시군구코드>11590</도로명시군구코드><도로명일련번호코드>01</도로명일련번호코드><도로명지상지하코드>0</도로명지상지하코드><도로명코드>4157340</도로명코드><법정동> 상도동</법정동><법정동본번코드>0535</법정동본번코드><법정동부번코드>0000</법정동부번코드><법정동시군구코드>11590</법정동시군구코드><법정동읍면동코드>10200</법정동읍면동코드><법정동지번코드>1</법정동지번코드><아파트>두산위브트레지움2차</아파트><월>2</월><일>1</일><일련번호>11590-4495</일련번호><전용면적>84.8032</전용면적><중개사소재지>서울 동작구</중개사소재지><지번>535</지번><지역코드>11590</지역코드><층>10</층><해제사유발생일> </해제사유발생일><해제여부> </해제여부></item><item><거래금액>   112,000</거래금액><거래유형>중개거래</거래유형><건축년도>2012</건축년도><년>2023</년><도로명>상도로</도로명><도로명건물본번호코드>00346</도로명건물본번호코드><도로명건물부번호코드>00001</도로명건물부번호코드><도로명시군구코드>11590</도로명시군구코드><도로명일련번호코드>02</도로명일련번호코드><도로명지상지하코드>0</도로명지상지하코드><도로명코드>3119005</도로명코드><법정동> 상도동</법정동><법정동본번코드>0531</법정동본번코드><법정동부번코드>0000</법정동부번코드><법정동시군구코드>11590</법정동시군구코드><법정동읍면동코드>10200</법정동읍면동코드><법정동지번코드>1</법정동지번코드><아파트>힐스테이트 상도 센트럴파크</아파트><월>2</월><일>4</일><일련번호>11590-3954</일련번호><전용면적>118.2086</전용면적><중개사소재지>서울 동작구</중개사소재지><지번>531</지번><지역코드>11590</지역코드><층>2</층><해제사유발생일> </해제사유발생일><해제여부> </해제여부></item><item><거래금액>    13,900</거래금액><거래유형>중개거래</거래유형><건축년도>2016</건축년도><년>2023</년><도로명>상도로15길</도로명><도로명건물본번호코드>00131</도로명건물본번호코드><도로명건물부번호코드>00000</도로명건물부번호코드><도로명시군구코드>11590</도로명시군구코드><도로명일련번호코드>01</도로명일련번호코드><도로명지상지하코드>0</도로명지상지하코드><도로명코드>4157318</도로명코드><법정동> 상도동</법정동><법정동본번코드>0363</법정동본번코드><법정동부번코드>0164</법정동부번코드><법정동시군구코드>11590</법정동시군구코드><법정동읍면동코드>10200</법정동읍면동코드><법정동지번코드>1</법정동지번코드><아파트>상도휴엔하임</아파트><월>2</월><일>4</일><일련번호>11590-4526</일련번호><전용면적>14.7</전용면적><중개사소재지>서울 동작구</중개사소재지><지번>363-164</지번><지역코드>11590</지역코드><층>3</층><해제사유발생일> </해제사유발생일><해제여부> </해제여부></item><item><거래금액>    12,900</거래금액><거래유형>직거래</거래유형><건축년도>2012</건축년도><년>2023</년><도로명>상도로62길</도로명><도로명건물본번호코드>00081</도로명건물본번호코드><도로명건물부번호코드>00001</도로명건물부번호코드><도로명시군구코드>11590</도로명시군구코드><도로명일련번호코드>01</도로명일련번호코드><도로명지상지하코드>0</도로명지상지하코드><도로명코드>4157386</도로명코드><법정동> 상도동</법정동><법정동본번코드>0532</법정동본번코드><법정동부번코드>0000</법정동부번코드><법정동시군구코드>11590</법정동시군구코드><법정동읍면동코드>10200</법정동읍면동코드><법정동지번코드>1</법정동지번코드><아파트>씨티아모리움</아파트><월>2</월><일>8</일><일련번호>11590-3991</일련번호><전용면적>14.1881</전용면적><중개사소재지> </중개사소재지><지번>532</지번><지역코드>11590</지역코드><층>5</층><해제사유발생일> </해제사유발생일><해제여부> </해제여부></item><item><거래금액>   106,000</거래금액><거래유형>중개거래</거래유형><건축년도>2018</건축년도><년>2023</년><도로명>만양로</도로명><도로명건물본번호코드>00006</도로명건물본번호코드><도로명건물부번호코드>00000</도로명건물부번호코드><도로명시군구코드>11590</도로명시군구코드><도로명일련번호코드>01</도로명일련번호코드><도로명코드>3119002</도로명코드><법정동> 상도동</법정동><법정동본번코드>0903</법정동본번코드><법정동부번코드>0000</법정동부번코드><법정동시군구코드>11590</법정동시군구코드><법정동읍면동코드>10200</법정동읍면동코드><법정동지번코드>1</법정동지번코드><아파트>e편한세상상도노빌리티</아파트><월>2</월><일>8</일><일련번호>11590-4879</일련번호><전용면적>59.7827</전용면적><중개사소재지>서울 동작구</중개사소재지><지번>903</지번><지역코드>11590</지역코드><층>28</층><해제사유발생일> </해제사유발생일><해제여부> </해제여부></item><item><거래금액>    98,000</거래금액><거래유형>중개거래</거래유형><건축년도>2003</건축년도><년>2023</년><도로명>상도로</도로명><도로명건물본번호코드>00107</도로명건물본번호코드><도로명건물부번호코드>00000</도로명건물부번호코드><도로명시군구코드>11590</도로명시군구코드><도로명일련번호코드>02</도로명일련번호코드><도로명지상지하코드>0</도로명지상지하코드><도로명코드>3119005</도로명코드><법정동> 상도동</법정동><법정동본번코드>0418</법정동본번코드><법정동부번코드>0000</법정동부번코드><법정동시군구코드>11590</법정동시군구코드><법정동읍면동코드>10200</법정동읍면동코드><법정동지번코드>1</법정동지번코드><아파트>쌍용스윗닷홈</아파트><월>2</월><일>10</일><일련번호>11590-99</일련번호><전용면적>84.954</전용면적><중개사소재지>서울 동작구</중개사소재지><지번>418</지번><지역코드>11590</지역코드><층>1</층><해제사유발생일> </해제사유발생일><해제여부> </해제여부></item><item><거래금액>    65,000</거래금액><거래유형>중개거래</거래유형><건축년도>2003</건축년도><년>2023</년><도로명>사당로2길</도로명><도로명건물본번호코드>00002</도로명건물본번호코드><도로명건물부번호코드>00032</도로명건물부번호코드><도로명시군구코드>11590</도로명시군구코드><도로명일련번호코드>01</도로명일련번호코드><도로명지상지하코드>0</도로명지상지하코드><도로명코드>4157289</도로명코드><법정동> 상도동</법정동><법정동본번코드>0412</법정동본번코드><법정동부번코드>0000</법정동부번코드><법정동시군구코드>11590</법정동시군구코드><법정동읍면동코드>10200</법정동읍면동코드><법정동지번코드>1</법정동지번코드><아파트>상도현대</아파트><월>2</월><일>15</일><일련번호>11590-15</일련번호><전용면적>59.72</전용면적><중개사소재지>서울 관악구, 서울 동작구</중개사소재지><지번>412</지번><지역코드>11590</지역코드><층>8</층><해제사유발생일> </해제사유발생일><해제여부> </해제여부></item><item><거래금액>   112,500</거래금액><거래유형>중개거래</거래유형><건축년도>2007</건축년도><년>2023</년><도로명>장승배기로4길</도로명><도로명건물본번호코드>00009</도로명건물본번호코드><도로명건물부번호코드>00000</도로명건물부번호코드><도로명시군구코드>11590</도로명시군구코드><도로명일련번호코드>01</도로명일련번호코드><도로명지상지하코드>0</도로명지상지하코드><도로명코드>4157611</도로명코드><법정동> 상도동</법정동><법정동본번코드>0521</법정동본번코드><법정동부번코드>0000</법정동부번코드><법정동시군구코드>11590</법정동시군구코드><법정동읍면동코드>10200</법정동읍면동코드><법정동지번코드>1</법정동지번코드><아파트>포스코더샵</아파트><월>2</월><일>16</일><일련번호>11590-3412</일련번호><전용면적>84.995</전용면적><중개사소재지>서울 동작구</중개사소재지><지번>521</지번><지역코드>11590</지역코드><층>7</층><해제사유발생일> </해제사유발생일><해제여부> </해제여부></item><item><거래금액>    85,800</거래금액><거래유형>중개거래</거래유형><건축년도>2003</건축년도><년>2023</년><도로명>상도로</도로명><도로명건물본번호코드>00320</도로명건물본번호코드><도로명건물부번호코드>00000</도로명건물부번호코드><도로명시군구코드>11590</도로명시군구코드><도로명일련번호코드>02</도로명일련번호코드><도로명지상지하코드>0</도로명지상지하코드><도로명코드>3119005</도로명코드><법정동> 상도동</법정동><법정동본번코드>0415</법정동본번코드><법정동부번코드>0000</법정동부번코드><법정동시군구코드>11590</법정동시군구코드><법정동읍면동코드>10200</법정동읍면동코드><법정동지번코드>1</법정동지번코드><아파트>중앙하이츠빌</아파트><월>2</월><일>20</일><일련번호>11590-100</일련번호><전용면적>84.9883</전용면적><중개사소재지>서울 동작구</중개사소재지><지번>415</지번><지역코드>11590</지역코드><층>2</층><해제사유발생일> </해제사유발생일><해제여부> </해제여부></item><item><거래금액>    83,000</거래금액><거래유형>중개거래</거래유형><건축년도>2004</건축년도><년>2023</년><도로명>상도로53길</도로명><도로명건물본번호코드>00008</도로명건물본번호코드><도로명건물부번호코드>00000</도로명건물부번호코드><도로명시군구코드>11590</도로명시군구코드><도로명일련번호코드>01</도로명일련번호코드><도로명지상지하코드>0</도로명지상지하코드><도로명코드>4157376</도로명코드><법정동> 상도동</법정동><법정동본번코드>0431</법정동본번코드><법정동부번코드>0000</법정동부번코드><법정동시군구코드>11590</법정동시군구코드><법정동읍면동코드>10200</법정동읍면동코드><법정동지번코드>1</법정동지번코드><아파트>래미안상도3차</아파트><월>2</월><일>22</일><일련번호>11590-127</일련번호><전용면적>59.97</전용면적><중개사소재지>서울 동작구</중개사소재지><지번>431</지번><지역코드>11590</지역코드><층>2</층><해제사유발생일> </해제사유발생일><해제여부> </해제여부></item><item><거래금액>    80,000</거래금액><거래유형>직거래</거래유형><건축년도>2016</건축년도><년>2023</년><도로명>상도로</도로명><도로명건물본번호코드>00207</도로명건물본번호코드><도로명건물부번호코드>00000</도로명건물부번호코드><도로명시군구코드>11590</도로명시군구코드><도로명일련번호코드>02</도로명일련번호코드><도로명지상지하코드>0</도로명지상지하코드><도로명코드>3119005</도로명코드><법정동> 상도동</법정동><법정동본번코드>0536</법정동본번코드><법정동부번코드>0000</법정동부번코드><법정동시군구코드>11590</법정동시군구코드><법정동읍면동코드>10200</법정동읍면동코드><법정동지번코드>1</법정동지번코드><아파트>상도효성해링턴플레이스</아파트><월>2</월><일>22</일><일련번호>11590-4559</일련번호><전용면적>59.9769</전용면적><중개사소재지> </중개사소재지><지번>536</지번><지역코드>11590</지역코드><층>20</층><해제사유발생일> </해제사유발생일><해제여부> </해제여부></item><item><거래금액>    75,000</거래금액><거래유형>중개거래</거래유형><건축년도>1992</건축년도><년>2023</년><도로명>상도로</도로명><도로명건물본번호코드>00421</도로명건물본번호코드><도로명건물부번호코드>00000</도로명건물부번호코드><도로명시군구코드>11590</도로명시군구코드><도로명일련번호코드>02</도로명일련번호코드><도로명지상지하코드>0</도로명지상지하코드><도로명코드>3119005</도로명코드><법정동> 상도동</법정동><법정동본번코드>0407</법정동본번코드><법정동부번코드>0000</법정동부번코드><법정동시군구코드>11590</법정동시군구코드><법정동읍면동코드>10200</법정동읍면동코드><법정동지번코드>1</법정동지번코드><아파트>현대(관악)</아파트><월>2</월><일>23</일><일련번호>11590-3295</일련번호><전용면적>84.78</전용면적><중개사소재지>서울 관악구</중개사소재지><지번>407</지번><지역코드>11590</지역코드><층>12</층><해제사유발생일> </해제사유발생일><해제여부> </해제여부></item><item><거래금액>   102,000</거래금액><거래유형>중개거래</거래유형><건축년도>2021</건축년도><년>2023</년><도로명>양녕로</도로명><도로명건물본번호코드>00220</도로명건물본번호코드><도로명건물부번호코드>00000</도로명건물부번호코드><도로명시군구코드>11590</도로명시군구코드><도로명일련번호코드>01</도로명일련번호코드><도로명지상지하코드>0</도로명지상지하코드><도로명코드>3005080</도로명코드><법정동> 상도동</법정동><법정동본번코드>0904</법정동본번코드><법정동부번코드>0000</법정동부번코드><법정동시군구코드>11590</법정동시군구코드><법정동읍면동코드>10200</법정동읍면동코드><법정동지번코드>1</법정동지번코드><아파트>상도역롯데캐슬파크엘</아파트><월>2</월><일>23</일><일련번호>11590-4993</일련번호><전용면적>59.9818</전용면적><중개사소재지>서울 동작구</중개사소재지><지번>904</지번><지역코드>11590</지역코드><층>15</층><해제사유발생일> </해제사유발생일><해제여부> </해제여부></item><item><거래금액>    14,300</거래금액><거래유형>중개거래</거래유형><건축년도>2016</건축년도><년>2023</년><도로명>상도로15길</도로명><도로명건물본번호코드>00131</도로명건물본번호코드><도로명건물부번호코드>00000</도로명건물부번호코드><도로명시군구코드>11590</도로명시군구코드><도로명일련번호코드>01</도로명일련번호코드><도로명지상지하코드>0</도로명지상지하코드><도로명코드>4157318</도로명코드><법정동> 상도동</법정동><법정동본번코드>0363</법정동본번코드><법정동부번코드>0164</법정동부번코드><법정동시군구코드>11590</법정동시군구코드><법정동읍면동코드>10200</법정동읍면동코드><법정동지번코드>1</법정동지번코드><아파트>상도휴엔하임</아파트><월>2</월><일>24</일><일련번호>11590-4526</일련번호><전용면적>14.7</전용면적><중개사소재지>서울 동작구</중개사소재지><지번>363-164</지번><지역코드>11590</지역코드><층>9</층><해제사유발생일> </해제사유발생일><해제여부> </해제여부></item><item><거래금액>   100,000</거래금액><거래유형>중개거래</거래유형><건축년도>2018</건축년도><년>2023</년><도로명>만양로</도로명><도로명건물본번호코드>00006</도로명건물본번호코드><도로명건물부번호코드>00000</도로명건물부번호코드><도로명시군구코드>11590</도로명시군구코드><도로명일련번호코드>01</도로명일련번호코드><도로명코드>3119002</도로명코드><법정동> 상도동</법정동><법정동본번코드>0903</법정동본번코드><법정동부번코드>0000</법정동부번코드><법정동시군구코드>11590</법정동시군구코드><법정동읍면동코드>10200</법정동읍면동코드><법정동지번코드>1</법정동지번코드><아파트>e편한세상상도노빌리티</아파트><월>2</월><일>24</일><일련번호>11590-4879</일련번호><전용면적>59.7827</전용면적><중개사소재지>서울 동작구</중개사소재지><지번>903</지번><지역코드>11590</지역코드><층>2</층><해제사유발생일> </해제사유발생일><해제여부> </해제여부></item><item><거래금액>   109,000</거래금액><거래유형>중개거래</거래유형><건축년도>2013</건축년도><년>2023</년><도로명>상도로</도로명><도로명건물본번호코드>00346</도로명건물본번호코드><도로명건물부번호코드>00002</도로명건물부번호코드><도로명시군구코드>11590</도로명시군구코드><도로명일련번호코드>02</도로명일련번호코드><도로명지상지하코드>0</도로명지상지하코드><도로명코드>3119005</도로명코드><법정동> 상도동</법정동><법정동본번코드>0533</법정동본번코드><법정동부번코드>0000</법정동부번코드><법정동시군구코드>11590</법정동시군구코드><법정동읍면동코드>10200</법정동읍면동코드><법정동지번코드>1</법정동지번코드><아파트>힐스테이트 상도 프레스티지</아파트><월>2</월><일>25</일><일련번호>11590-4078</일련번호><전용면적>84.951</전용면적><중개사소재지>경기 남양주시, 서울 동작구</중개사소재지><지번>533</지번><지역코드>11590</지역코드><층>4</층><해제사유발생일> </해제사유발생일><해제여부> </해제여부></item><item><거래금액>   108,000</거래금액><거래유형>중개거래</거래유형><건축년도>2013</건축년도><년>2023</년><도로명>상도로</도로명><도로명건물본번호코드>00346</도로명건물본번호코드><도로명건물부번호코드>00002</도로명건물부번호코드><도로명시군구코드>11590</도로명시군구코드><도로명일련번호코드>02</도로명일련번호코드><도로명지상지하코드>0</도로명지상지하코드><도로명코드>3119005</도로명코드><법정동> 상도동</법정동><법정동본번코드>0533</법정동본번코드><법정동부번코드>0000</법정동부번코드><법정동시군구코드>11590</법정동시군구코드><법정동읍면동코드>10200</법정동읍면동코드><법정동지번코드>1</법정동지번코드><아파트>힐스테이트 상도 프레스티지</아파트><월>2</월><일>28</일><일련번호>11590-4078</일련번호><전용면적>84.951</전용면적><중개사소재지>서울 동작구</중개사소재지><지번>533</지번><지역코드>11590</지역코드><층>5</층><해제사유발생일> </해제사유발생일><해제여부> </해제여부></item><item><거래금액>   180,000</거래금액><거래유형>중개거래</거래유형><건축년도>2011</건축년도><년>2023</년><도로명>노량진로23가길</도로명><도로명건물본번호코드>00023</도로명건물본번호코드><도로명건물부번호코드>00000</도로명건물부번호코드><도로명시군구코드>11590</도로명시군구코드><도로명일련번호코드>01</도로명일련번호코드><도로명지상지하코드>0</도로명지상지하코드><도로명코드>4157068</도로명코드><법정동> 본동</법정동><법정동본번코드>0494</법정동본번코드><법정동부번코드>0000</법정동부번코드><법정동시군구코드>11590</법정동시군구코드><법정동읍면동코드>10400</법정동읍면동코드><법정동지번코드>1</법정동지번코드><아파트>래미안트윈파크</아파트><월>2</월><일>11</일><일련번호>11590-3831</일련번호><전용면적>115.42</전용면적><중개사소재지>서울 동작구</중개사소재지><지번>494</지번><지역코드>11590</지역코드><층>23</층><해제사유발생일> </해제사유발생일><해제여부> </해제여부></item><item><거래금액>    86,000</거래금액><거래유형>중개거래</거래유형><건축년도>2004</건축년도><년>2023</년><도로명>매봉로</도로명><도로명건물본번호코드>00123</도로명건물본번호코드><도로명건물부번호코드>00000</도로명건물부번호코드><도로명시군구코드>11590</도로명시군구코드><도로명일련번호코드>03</도로명일련번호코드><도로명지상지하코드>0</도로명지상지하코드><도로명코드>3119003</도로명코드><법정동> 본동</법정동><법정동본번코드>0492</법정동본번코드><법정동부번코드>0000</법정동부번코드><법정동시군구코드>11590</법정동시군구코드><법정동읍면동코드>10400</법정동읍면동코드><법정동지번코드>1</법정동지번코드><아파트>삼성래미안</아파트><월>2</월><일>20</일><일련번호>11590-130</일련번호><전용면적>59.9843</전용면적><중개사소재지>서울 동작구</중개사소재지><지번>492</지번><지역코드>11590</지역코드><층>10</층><해제사유발생일> </해제사유발생일><해제여부> </해제여부></item><item><거래금액>   136,000</거래금액><거래유형>중개거래</거래유형><건축년도>2011</건축년도><년>2023</년><도로명>노량진로23가길</도로명><도로명건물본번호코드>00023</도로명건물본번호코드><도로명건물부번호코드>00000</도로명건물부번호코드><도로명시군구코드>11590</도로명시군구코드><도로명일련번호코드>01</도로명일련번호코드><도로명지상지하코드>0</도로명지상지하코드><도로명코드>4157068</도로명코드><법정동> 본동</법정동><법정동본번코드>0494</법정동본번코드><법정동부번코드>0000</법정동부번코드><법정동시군구코드>11590</법정동시군구코드><법정동읍면동코드>10400</법정동읍면동코드><법정동지번코드>1</법정동지번코드><아파트>래미안트윈파크</아파트><월>2</월><일>22</일><일련번호>11590-3831</일련번호><전용면적>59.9</전용면적><중개사소재지>서울 동작구</중개사소재지><지번>494</지번><지역코드>11590</지역코드><층>26</층><해제사유발생일> </해제사유발생일><해제여부> </해제여부></item><item><거래금액>    77,000</거래금액><거래유형>중개거래</거래유형><건축년도>2004</건축년도><년>2023</년><도로명>노량진로32길</도로명><도로명건물본번호코드>00156</도로명건물본번호코드><도로명건물부번호코드>00000</도로명건물부번호코드><도로명시군구코드>11590</도로명시군구코드><도로명일련번호코드>01</도로명일련번호코드><도로명지상지하코드>0</도로명지상지하코드><도로명코드>4157075</도로명코드><법정동> 본동</법정동><법정동본번코드>0484</법정동본번코드><법정동부번코드>0000</법정동부번코드><법정동시군구코드>11590</법정동시군구코드><법정동읍면동코드>10400</법정동읍면동코드><법정동지번코드>1</법정동지번코드><아파트>경동윈츠리버</아파트><월>2</월><일>23</일><일련번호>11590-96</일련번호><전용면적>56.68</전용면적><중개사소재지>서울 동작구</중개사소재지><지번>484</지번><지역코드>11590</지역코드><층>3</층><해제사유발생일> </해제사유발생일><해제여부> </해제여부></item><item><거래금액>   150,000</거래금액><거래유형>중개거래</거래유형><건축년도>2011</건축년도><년>2023</년><도로명>노량진로23가길</도로명><도로명건물본번호코드>00023</도로명건물본번호코드><도로명건물부번호코드>00000</도로명건물부번호코드><도로명시군구코드>11590</도로명시군구코드><도로명일련번호코드>01</도로명일련번호코드><도로명지상지하코드>0</도로명지상지하코드><도로명코드>4157068</도로명코드><법정동> 본동</법정동><법정동본번코드>0494</법정동본번코드><법정동부번코드>0000</법정동부번코드><법정동시군구코드>11590</법정동시군구코드><법정동읍면동코드>10400</법정동읍면동코드><법정동지번코드>1</법정동지번코드><아파트>래미안트윈파크</아파트><월>2</월><일>25</일><일련번호>11590-3831</일련번호><전용면적>84.76</전용면적><중개사소재지>서울 동작구</중개사소재지><지번>494</지번><지역코드>11590</지역코드><층>11</층><해제사유발생일> </해제사유발생일><해제여부> </해제여부></item><item><거래금액>   120,000</거래금액><거래유형>중개거래</거래유형><건축년도>1988</건축년도><년>2023</년><도로명>현충로</도로명><도로명건물본번호코드>00151</도로명건물본번호코드><도로명건물부번호코드>00000</도로명건물부번호코드><도로명시군구코드>11590</도로명시군구코드><도로명일련번호코드>02</도로명일련번호코드><도로명지상지하코드>0</도로명지상지하코드><도로명코드>3119009</도로명코드><법정동> 흑석동</법정동><법정동본번코드>0028</법정동본번코드><법정동부번코드>0000</법정동부번코드><법정동시군구코드>11590</법정동시군구코드><법정동읍면동코드>10500</법정동읍면동코드><법정동지번코드>1</법정동지번코드><아파트>한강현대</아파트><월>2</월><일>2</일><일련번호>11590-36</일련번호><전용면적>66.225</전용면적><중개사소재지>서울 동작구</중개사소재지><지번>28</지번><지역코드>11590</지역코드><층>7</층><해제사유발생일> </해제사유발생일><해제여부> </해제여부></item><item><거래금액>   145,000</거래금액><거래유형>중개거래</거래유형><건축년도>1988</건축년도><년>2023</년><도로명>현충로</도로명><도로명건물본번호코드>00151</도로명건물본번호코드><도로명건물부번호코드>00000</도로명건물부번호코드><도로명시군구코드>11590</도로명시군구코드><도로명일련번호코드>02</도로명일련번호코드><도로명지상지하코드>0</도로명지상지하코드><도로명코드>3119009</도로명코드><법정동> 흑석동</법정동><법정동본번코드>0028</법정동본번코드><법정동부번코드>0000</법정동부번코드><법정동시군구코드>11590</법정동시군구코드><법정동읍면동코드>10500</법정동읍면동코드><법정동지번코드>1</법정동지번코드><아파트>한강현대</아파트><월>2</월><일>8</일><일련번호>11590-36</일련번호><전용면적>83.475</전용면적><중개사소재지>서울 동작구</중개사소재지><지번>28</지번><지역코드>11590</지역코드><층>15</층><해제사유발생일> </해제사유발생일><해제여부> </해제여부></item><item><거래금액>   120,000</거래금액><거래유형>중개거래</거래유형><건축년도>2012</건축년도><년>2023</년><도로명>흑석한강로</도로명><도로명건물본번호코드>00027</도로명건물본번호코드><도로명건물부번호코드>00000</도로명건물부번호코드><도로명시군구코드>11590</도로명시군구코드><도로명일련번호코드>01</도로명일련번호코드><도로명지상지하코드>0</도로명지상지하코드><도로명코드>3119012</도로명코드><법정동> 흑석동</법정동><법정동본번코드>0336</법정동본번코드><법정동부번코드>0000</법정동부번코드><법정동시군구코드>11590</법정동시군구코드><법정동읍면동코드>10500</법정동읍면동코드><법정동지번코드>1</법정동지번코드><아파트>흑석한강푸르지오</아파트><월>2</월><일>10</일><일련번호>11590-3965</일련번호><전용면적>84.79</전용면적><중개사소재지>서울 동작구</중개사소재지><지번>336</지번><지역코드>11590</지역코드><층>12</층><해제사유발생일> </해제사유발생일><해제여부> </해제여부></item><item><거래금액>   134,500</거래금액><거래유형>중개거래</거래유형><건축년도>1988</건축년도><년>2023</년><도로명>현충로</도로명><도로명건물본번호코드>00119</도로명건물본번호코드><도로명건물부번호코드>00000</도로명건물부번호코드><도로명시군구코드>11590</도로명시군구코드><도로명일련번호코드>02</도로명일련번호코드><도로명지상지하코드>0</도로명지상지하코드><도로명코드>3119009</도로명코드><법정동> 흑석동</법정동><법정동본번코드>0010</법정동본번코드><법정동부번코드>0000</법정동부번코드><법정동시군구코드>11590</법정동시군구코드><법정동읍면동코드>10500</법정동읍면동코드><법정동지번코드>1</법정동지번코드><아파트>명수대현대</아파트><월>2</월><일>18</일><일련번호>11590-34</일련번호><전용면적>84.33</전용면적><중개사소재지>서울 동작구</중개사소재지><지번>10</지번><지역코드>11590</지역코드><층>7</층><해제사유발생일> </해제사유발생일><해제여부> </해제여부></item><item><거래금액>   146,000</거래금액><거래유형>중개거래</거래유형><건축년도>2011</건축년도><년>2023</년><도로명>흑석한강로</도로명><도로명건물본번호코드>00012</도로명건물본번호코드><도로명건물부번호코드>00000</도로명건물부번호코드><도로명시군구코드>11590</도로명시군구코드><도로명일련번호코드>01</도로명일련번호코드><도로명지상지하코드>0</도로명지상지하코드><도로명코드>3119012</도로명코드><법정동> 흑석동</법정동><법정동본번코드>0335</법정동본번코드><법정동부번코드>0000</법정동부번코드><법정동시군구코드>11590</법정동시군구코드><법정동읍면동코드>10500</법정동읍면동코드><법정동지번코드>1</법정동지번코드><아파트>흑석한강센트레빌</아파트><월>2</월><일>19</일><일련번호>11590-3773</일련번호><전용면적>84.84</전용면적><중개사소재지>서울 동작구</중개사소재지><지번>335</지번><지역코드>11590</지역코드><층>10</층><해제사유발생일> </해제사유발생일><해제여부> </해제여부></item><item><거래금액>   140,000</거래금액><거래유형>중개거래</거래유형><건축년도>1988</건축년도><년>2023</년><도로명>현충로</도로명><도로명건물본번호코드>00151</도로명건물본번호코드><도로명건물부번호코드>00000</도로명건물부번호코드><도로명시군구코드>11590</도로명시군구코드><도로명일련번호코드>02</도로명일련번호코드><도로명지상지하코드>0</도로명지상지하코드><도로명코드>3119009</도로명코드><법정동> 흑석동</법정동><법정동본번코드>0028</법정동본번코드><법정동부번코드>0000</법정동부번코드><법정동시군구코드>11590</법정동시군구코드><법정동읍면동코드>10500</법정동읍면동코드><법정동지번코드>1</법정동지번코드><아파트>한강현대</아파트><월>2</월><일>21</일><일련번호>11590-36</일련번호><전용면적>83.475</전용면적><중개사소재지>서울 동작구</중개사소재지><지번>28</지번><지역코드>11590</지역코드><층>2</층><해제사유발생일> </해제사유발생일><해제여부> </해제여부></item><item><거래금액>   122,000</거래금액><거래유형>중개거래</거래유형><건축년도>2012</건축년도><년>2023</년><도로명>흑석한강로</도로명><도로명건물본번호코드>00027</도로명건물본번호코드><도로명건물부번호코드>00000</도로명건물부번호코드><도로명시군구코드>11590</도로명시군구코드><도로명일련번호코드>01</도로명일련번호코드><도로명지상지하코드>0</도로명지상지하코드><도로명코드>3119012</도로명코드><법정동> 흑석동</법정동><법정동본번코드>0336</법정동본번코드><법정동부번코드>0000</법정동부번코드><법정동시군구코드>11590</법정동시군구코드><법정동읍면동코드>10500</법정동읍면동코드><법정동지번코드>1</법정동지번코드><아파트>흑석한강푸르지오</아파트><월>2</월><일>24</일><일련번호>11590-3965</일련번호><전용면적>84.79</전용면적><중개사소재지>서울 동작구</중개사소재지><지번>336</지번><지역코드>11590</지역코드><층>12</층><해제사유발생일> </해제사유발생일><해제여부> </해제여부></item><item><거래금액>   119,000</거래금액><거래유형>중개거래</거래유형><건축년도>1993</건축년도><년>2023</년><도로명>동작대로29길</도로명><도로명건물본번호코드>00091</도로명건물본번호코드><도로명건물부번호코드>00000</도로명건물부번호코드><도로명시군구코드>11590</도로명시군구코드><도로명일련번호코드>02</도로명일련번호코드><도로명지상지하코드>0</도로명지상지하코드><도로명코드>4157127</도로명코드><법정동> 사당동</법정동><법정동본번코드>0105</법정동본번코드><법정동부번코드>0000</법정동부번코드><법정동시군구코드>11590</법정동시군구코드><법정동읍면동코드>10700</법정동읍면동코드><법정동지번코드>1</법정동지번코드><아파트>사당우성2</아파트><월>2</월><일>4</일><일련번호>11590-49</일련번호><전용면적>84.66</전용면적><중개사소재지>서울 동작구</중개사소재지><지번>105</지번><지역코드>11590</지역코드><층>13</층><해제사유발생일> </해제사유발생일><해제여부> </해제여부></item><item><거래금액>    17,500</거래금액><거래유형>중개거래</거래유형><건축년도>2015</건축년도><년>2023</년><도로명>사당로</도로명><도로명건물본번호코드>00158</도로명건물본번호코드><도로명건물부번호코드>00000</도로명건물부번호코드><도로명시군구코드>11590</도로명시군구코드><도로명일련번호코드>02</도로명일련번호코드><도로명지상지하코드>0</도로명지상지하코드><도로명코드>3119004</도로명코드><법정동> 사당동</법정동><법정동본번코드>0206</법정동본번코드><법정동부번코드>0127</법정동부번코드><법정동시군구코드>11590</법정동시군구코드><법정동읍면동코드>10700</법정동읍면동코드><법정동지번코드>1</법정동지번코드><아파트>사당휴브리지(206-127)</아파트><월>2</월><일>7</일><일련번호>11590-4322</일련번호><전용면적>12.49</전용면적><중개사소재지>서울 성북구</중개사소재지><지번>206-127</지번><지역코드>11590</지역코드><층>8</층><해제사유발생일> </해제사유발생일><해제여부> </해제여부></item><item><거래금액>    92,000</거래금액><거래유형>중개거래</거래유형><건축년도>2021</건축년도><년>2023</년><도로명>사당로</도로명><도로명건물본번호코드>00090</도로명건물본번호코드><도로명건물부번호코드>00000</도로명건물부번호코드><도로명시군구코드>11590</도로명시군구코드><도로명일련번호코드>00</도로명일련번호코드><도로명코드>3119004</도로명코드><법정동> 사당동</법정동><법정동본번코드>1160</법정동본번코드><법정동부번코드>0000</법정동부번코드><법정동시군구코드>11590</법정동시군구코드><법정동읍면동코드>10700</법정동읍면동코드><법정동지번코드>1</법정동지번코드><아파트>사당롯데캐슬골든포레</아파트><월>2</월><일>8</일><일련번호>11590-4948</일련번호><전용면적>59.9908</전용면적><중개사소재지>경기 수원영통구, 서울 동작구</중개사소재지><지번>1160</지번><지역코드>11590</지역코드><층>17</층><해제사유발생일> </해제사유발생일><해제여부> </해제여부></item><item><거래금액>   108,500</거래금액><거래유형>중개거래</거래유형><건축년도>1993</건축년도><년>2023</년><도로명>동작대로29길</도로명><도로명건물본번호코드>00119</도로명건물본번호코드><도로명건물부번호코드>00000</도로명건물부번호코드><도로명시군구코드>11590</도로명시군구코드><도로명일련번호코드>02</도로명일련번호코드><도로명지상지하코드>0</도로명지상지하코드><도로명코드>4157127</도로명코드><법정동> 사당동</법정동><법정동본번코드>0105</법정동본번코드><법정동부번코드>0000</법정동부번코드><법정동시군구코드>11590</법정동시군구코드><법정동읍면동코드>10700</법정동읍면동코드><법정동지번코드>1</법정동지번코드><아파트>극동(105)</아파트><월>2</월><일>9</일><일련번호>11590-38</일련번호><전용면적>109.7</전용면적><중개사소재지>서울 동작구</중개사소재지><지번>105</지번><지역코드>11590</지역코드><층>18</층><해제사유발생일> </해제사유발생일><해제여부> </해제여부></item><item><거래금액>    87,000</거래금액><거래유형>중개거래</거래유형><건축년도>2021</건축년도><년>2023</년><도로명>사당로</도로명><도로명건물본번호코드>00090</도로명건물본번호코드><도로명건물부번호코드>00000</도로명건물부번호코드><도로명시군구코드>11590</도로명시군구코드><도로명일련번호코드>00</도로명일련번호코드><도로명코드>3119004</도로명코드><법정동> 사당동</법정동><법정동본번코드>1160</법정동본번코드><법정동부번코드>0000</법정동부번코드><법정동시군구코드>11590</법정동시군구코드><법정동읍면동코드>10700</법정동읍면동코드><법정동지번코드>1</법정동지번코드><아파트>사당롯데캐슬골든포레</아파트><월>2</월><일>9</일><일련번호>11590-4948</일련번호><전용면적>59.9908</전용면적><중개사소재지>서울 동작구</중개사소재지><지번>1160</지번><지역코드>11590</지역코드><층>7</층><해제사유발생일> </해제사유발생일><해제여부> </해제여부></item><item><거래금액>   140,000</거래금액><거래유형>중개거래</거래유형><건축년도>2018</건축년도><년>2023</년><도로명>사당로23길</도로명><도로명건물본번호코드>00112</도로명건물본번호코드><도로명건물부번호코드>00000</도로명건물부번호코드><도로명시군구코드>11590</도로명시군구코드><도로명일련번호코드>00</도로명일련번호코드><도로명코드>4157264</도로명코드><법정동> 사당동</법정동><법정동본번코드>1159</법정동본번코드><법정동부번코드>0000</법정동부번코드><법정동시군구코드>11590</법정동시군구코드><법정동읍면동코드>10700</법정동읍면동코드><법정동지번코드>1</법정동지번코드><아파트>래미안로이파크</아파트><월>2</월><일>13</일><일련번호>11590-4827</일련번호><전용면적>84.98</전용면적><중개사소재지>서울 동작구</중개사소재지><지번>1159</지번><지역코드>11590</지역코드><층>17</층><해제사유발생일> </해제사유발생일><해제여부> </해제여부></item><item><거래금액>    82,000</거래금액><거래유형>중개거래</거래유형><건축년도>1993</건축년도><년>2023</년><도로명>동작대로29길</도로명><도로명건물본번호코드>00110</도로명건물본번호코드><도로명건물부번호코드>00000</도로명건물부번호코드><도로명시군구코드>11590</도로명시군구코드><도로명일련번호코드>02</도로명일련번호코드><도로명지상지하코드>0</도로명지상지하코드><도로명코드>4157127</도로명코드><법정동> 사당동</법정동><법정동본번코드>0105</법정동본번코드><법정동부번코드>0000</법정동부번코드><법정동시군구코드>11590</법정동시군구코드><법정동읍면동코드>10700</법정동읍면동코드><법정동지번코드>1</법정동지번코드><아파트>신동아4</아파트><월>2</월><일>14</일><일련번호>11590-47</일련번호><전용면적>59.89</전용면적><중개사소재지>서울 동작구</중개사소재지><지번>105</지번><지역코드>11590</지역코드><층>3</층><해제사유발생일> </해제사유발생일><해제여부> </해제여부></item><item><거래금액>   103,800</거래금액><거래유형>중개거래</거래유형><건축년도>2021</건축년도><년>2023</년><도로명>사당로</도로명><도로명건물본번호코드>00090</도로명건물본번호코드><도로명건물부번호코드>00000</도로명건물부번호코드><도로명시군구코드>11590</도로명시군구코드><도로명일련번호코드>00</도로명일련번호코드><도로명코드>3119004</도로명코드><법정동> 사당동</법정동><법정동본번코드>1160</법정동본번코드><법정동부번코드>0000</법정동부번코드><법정동시군구코드>11590</법정동시군구코드><법정동읍면동코드>10700</법정동읍면동코드><법정동지번코드>1</법정동지번코드><아파트>사당롯데캐슬골든포레</아파트><월>2</월><일>14</일><일련번호>11590-4948</일련번호><전용면적>84.9857</전용면적><중개사소재지>서울 동작구</중개사소재지><지번>1160</지번><지역코드>11590</지역코드><층>2</층><해제사유발생일> </해제사유발생일><해제여부> </해제여부></item><item><거래금액>   136,600</거래금액><거래유형>중개거래</거래유형><건축년도>2018</건축년도><년>2023</년><도로명>사당로23길</도로명><도로명건물본번호코드>00112</도로명건물본번호코드><도로명건물부번호코드>00000</도로명건물부번호코드><도로명시군구코드>11590</도로명시군구코드><도로명일련번호코드>00</도로명일련번호코드><도로명코드>4157264</도로명코드><법정동> 사당동</법정동><법정동본번코드>1159</법정동본번코드><법정동부번코드>0000</법정동부번코드><법정동시군구코드>11590</법정동시군구코드><법정동읍면동코드>10700</법정동읍면동코드><법정동지번코드>1</법정동지번코드><아파트>래미안로이파크</아파트><월>2</월><일>15</일><일련번호>11590-4827</일련번호><전용면적>84.98</전용면적><중개사소재지>서울 관악구, 서울 동작구</중개사소재지><지번>1159</지번><지역코드>11590</지역코드><층>7</층><해제사유발생일> </해제사유발생일><해제여부> </해제여부></item><item><거래금액>    89,500</거래금액><거래유형>중개거래</거래유형><건축년도>2021</건축년도><년>2023</년><도로명>사당로</도로명><도로명건물본번호코드>00090</도로명건물본번호코드><도로명건물부번호코드>00000</도로명건물부번호코드><도로명시군구코드>11590</도로명시군구코드><도로명일련번호코드>00</도로명일련번호코드><도로명코드>3119004</도로명코드><법정동> 사당동</법정동><법정동본번코드>1160</법정동본번코드><법정동부번코드>0000</법정동부번코드><법정동시군구코드>11590</법정동시군구코드><법정동읍면동코드>10700</법정동읍면동코드><법정동지번코드>1</법정동지번코드><아파트>사당롯데캐슬골든포레</아파트><월>2</월><일>17</일><일련번호>11590-4948</일련번호><전용면적>49.4797</전용면적><중개사소재지>서울 동작구</중개사소재지><지번>1160</지번><지역코드>11590</지역코드><층>17</층><해제사유발생일> </해제사유발생일><해제여부> </해제여부></item><item><거래금액>   105,000</거래금액><거래유형>중개거래</거래유형><건축년도>2021</건축년도><년>2023</년><도로명>사당로</도로명><도로명건물본번호코드>00090</도로명건물본번호코드><도로명건물부번호코드>00000</도로명건물부번호코드><도로명시군구코드>11590</도로명시군구코드><도로명일련번호코드>00</도로명일련번호코드><도로명코드>3119004</도로명코드><법정동> 사당동</법정동><법정동본번코드>1160</법정동본번코드><법정동부번코드>0000</법정동부번코드><법정동시군구코드>11590</법정동시군구코드><법정동읍면동코드>10700</법정동읍면동코드><법정동지번코드>1</법정동지번코드><아파트>사당롯데캐슬골든포레</아파트><월>2</월><일>19</일><일련번호>11590-4948</일련번호><전용면적>84.9857</전용면적><중개사소재지>서울 동작구</중개사소재지><지번>1160</지번><지역코드>11590</지역코드><층>1</층><해제사유발생일> </해제사유발생일><해제여부> </해제여부></item><item><거래금액>    70,500</거래금액><거래유형>중개거래</거래유형><건축년도>1999</건축년도><년>2023</년><도로명>사당로2가길</도로명><도로명건물본번호코드>00102</도로명건물본번호코드><도로명건물부번호코드>00000</도로명건물부번호코드><도로명시군구코드>11590</도로명시군구코드><도로명일련번호코드>02</도로명일련번호코드><도로명지상지하코드>0</도로명지상지하코드><도로명코드>4157288</도로명코드><법정동> 사당동</법정동><법정동본번코드>1139</법정동본번코드><법정동부번코드>0000</법정동부번코드><법정동시군구코드>11590</법정동시군구코드><법정동읍면동코드>10700</법정동읍면동코드><법정동지번코드>1</법정동지번코드><아파트>사당자이</아파트><월>2</월><일>20</일><일련번호>11590-43</일련번호><전용면적>59.89</전용면적><중개사소재지>서울 동작구</중개사소재지><지번>1139</지번><지역코드>11590</지역코드><층>17</층><해제사유발생일> </해제사유발생일><해제여부> </해제여부></item><item><거래금액>    53,000</거래금액><거래유형>중개거래</거래유형><건축년도>1988</건축년도><년>2023</년><도로명>사당로2길</도로명><도로명건물본번호코드>00072</도로명건물본번호코드><도로명건물부번호코드>00000</도로명건물부번호코드><도로명시군구코드>11590</도로명시군구코드><도로명일련번호코드>02</도로명일련번호코드><도로명지상지하코드>0</도로명지상지하코드><도로명코드>4157289</도로명코드><법정동> 사당동</법정동><법정동본번코드>0196</법정동본번코드><법정동부번코드>0000</법정동부번코드><법정동시군구코드>11590</법정동시군구코드><법정동읍면동코드>10700</법정동읍면동코드><법정동지번코드>1</법정동지번코드><아파트>인정</아파트><월>2</월><일>22</일><일련번호>11590-50</일련번호><전용면적>59.79</전용면적><중개사소재지>서울 동작구</중개사소재지><지번>196</지번><지역코드>11590</지역코드><층>2</층><해제사유발생일> </해제사유발생일><해제여부> </해제여부></item><item><거래금액>    90,000</거래금액><거래유형>중개거래</거래유형><건축년도>2021</건축년도><년>2023</년><도로명>사당로</도로명><도로명건물본번호코드>00090</도로명건물본번호코드><도로명건물부번호코드>00000</도로명건물부번호코드><도로명시군구코드>11590</도로명시군구코드><도로명일련번호코드>00</도로명일련번호코드><도로명코드>3119004</도로명코드><법정동> 사당동</법정동><법정동본번코드>1160</법정동본번코드><법정동부번코드>0000</법정동부번코드><법정동시군구코드>11590</법정동시군구코드><법정동읍면동코드>10700</법정동읍면동코드><법정동지번코드>1</법정동지번코드><아파트>사당롯데캐슬골든포레</아파트><월>2</월><일>23</일><일련번호>11590-4948</일련번호><전용면적>59.8557</전용면적><중개사소재지>서울 동작구</중개사소재지><지번>1160</지번><지역코드>11590</지역코드><층>18</층><해제사유발생일> </해제사유발생일><해제여부> </해제여부></item><item><거래금액>    14,500</거래금액><거래유형>중개거래</거래유형><건축년도>2015</건축년도><년>2023</년><도로명>사당로</도로명><도로명건물본번호코드>00158</도로명건물본번호코드><도로명건물부번호코드>00000</도로명건물부번호코드><도로명시군구코드>11590</도로명시군구코드><도로명일련번호코드>02</도로명일련번호코드><도로명지상지하코드>0</도로명지상지하코드><도로명코드>3119004</도로명코드><법정동> 사당동</법정동><법정동본번코드>0206</법정동본번코드><법정동부번코드>0127</법정동부번코드><법정동시군구코드>11590</법정동시군구코드><법정동읍면동코드>10700</법정동읍면동코드><법정동지번코드>1</법정동지번코드><아파트>사당휴브리지(206-127)</아파트><월>2</월><일>24</일><일련번호>11590-4322</일련번호><전용면적>12.42</전용면적><중개사소재지>서울 동작구</중개사소재지><지번>206-127</지번><지역코드>11590</지역코드><층>5</층><해제사유발생일> </해제사유발생일><해제여부> </해제여부></item><item><거래금액>   118,500</거래금액><거래유형>중개거래</거래유형><건축년도>1993</건축년도><년>2023</년><도로명>동작대로29길</도로명><도로명건물본번호코드>00091</도로명건물본번호코드><도로명건물부번호코드>00000</도로명건물부번호코드><도로명시군구코드>11590</도로명시군구코드><도로명일련번호코드>02</도로명일련번호코드><도로명지상지하코드>0</도로명지상지하코드><도로명코드>4157127</도로명코드><법정동> 사당동</법정동><법정동본번코드>0105</법정동본번코드><법정동부번코드>0000</법정동부번코드><법정동시군구코드>11590</법정동시군구코드><법정동읍면동코드>10700</법정동읍면동코드><법정동지번코드>1</법정동지번코드><아파트>사당우성2</아파트><월>2</월><일>25</일><일련번호>11590-49</일련번호><전용면적>84.66</전용면적><중개사소재지>서울 동작구</중개사소재지><지번>105</지번><지역코드>11590</지역코드><층>7</층><해제사유발생일> </해제사유발생일><해제여부> </해제여부></item><item><거래금액>    14,000</거래금액><거래유형>중개거래</거래유형><건축년도>2015</건축년도><년>2023</년><도로명>사당로</도로명><도로명건물본번호코드>00158</도로명건물본번호코드><도로명건물부번호코드>00000</도로명건물부번호코드><도로명시군구코드>11590</도로명시군구코드><도로명일련번호코드>02</도로명일련번호코드><도로명지상지하코드>0</도로명지상지하코드><도로명코드>3119004</도로명코드><법정동> 사당동</법정동><법정동본번코드>0206</법정동본번코드><법정동부번코드>0127</법정동부번코드><법정동시군구코드>11590</법정동시군구코드><법정동읍면동코드>10700</법정동읍면동코드><법정동지번코드>1</법정동지번코드><아파트>사당휴브리지(206-127)</아파트><월>2</월><일>25</일><일련번호>11590-4322</일련번호><전용면적>12.42</전용면적><중개사소재지>서울 동작구</중개사소재지><지번>206-127</지번><지역코드>11590</지역코드><층>7</층><해제사유발생일> </해제사유발생일><해제여부> </해제여부></item><item><거래금액>    77,000</거래금액><거래유형>중개거래</거래유형><건축년도>2004</건축년도><년>2023</년><도로명>사당로16아길</도로명><도로명건물본번호코드>00043</도로명건물본번호코드><도로명건물부번호코드>00000</도로명건물부번호코드><도로명시군구코드>11590</도로명시군구코드><도로명일련번호코드>01</도로명일련번호코드><도로명지상지하코드>0</도로명지상지하코드><도로명코드>4157243</도로명코드><법정동> 사당동</법정동><법정동본번코드>1142</법정동본번코드><법정동부번코드>0000</법정동부번코드><법정동시군구코드>11590</법정동시군구코드><법정동읍면동코드>10700</법정동읍면동코드><법정동지번코드>1</법정동지번코드><아파트>진흥아리엘</아파트><월>2</월><일>25</일><일련번호>11590-150</일련번호><전용면적>115.0474</전용면적><중개사소재지>서울 동작구</중개사소재지><지번>1142</지번><지역코드>11590</지역코드><층>11</층><해제사유발생일> </해제사유발생일><해제여부> </해제여부></item><item><거래금액>   126,000</거래금액><거래유형>중개거래</거래유형><건축년도>1993</건축년도><년>2023</년><도로명>동작대로29길</도로명><도로명건물본번호코드>00110</도로명건물본번호코드><도로명건물부번호코드>00000</도로명건물부번호코드><도로명시군구코드>11590</도로명시군구코드><도로명일련번호코드>02</도로명일련번호코드><도로명지상지하코드>0</도로명지상지하코드><도로명코드>4157127</도로명코드><법정동> 사당동</법정동><법정동본번코드>0105</법정동본번코드><법정동부번코드>0000</법정동부번코드><법정동시군구코드>11590</법정동시군구코드><법정동읍면동코드>10700</법정동읍면동코드><법정동지번코드>1</법정동지번코드><아파트>신동아4</아파트><월>2</월><일>27</일><일련번호>11590-47</일련번호><전용면적>118.25</전용면적><중개사소재지>서울 동작구</중개사소재지><지번>105</지번><지역코드>11590</지역코드><층>9</층><해제사유발생일> </해제사유발생일><해제여부> </해제여부></item><item><거래금액>    61,500</거래금액><거래유형>중개거래</거래유형><건축년도>2004</건축년도><년>2023</년><도로명>사당로2길</도로명><도로명건물본번호코드>00040</도로명건물본번호코드><도로명건물부번호코드>00000</도로명건물부번호코드><도로명시군구코드>11590</도로명시군구코드><도로명일련번호코드>02</도로명일련번호코드><도로명지상지하코드>0</도로명지상지하코드><도로명코드>4157289</도로명코드><법정동> 사당동</법정동><법정동본번코드>1145</법정동본번코드><법정동부번코드>0000</법정동부번코드><법정동시군구코드>11590</법정동시군구코드><법정동읍면동코드>10700</법정동읍면동코드><법정동지번코드>1</법정동지번코드><아파트>사당해그린</아파트><월>2</월><일>28</일><일련번호>11590-137</일련번호><전용면적>59.92</전용면적><중개사소재지>서울 관악구</중개사소재지><지번>1145</지번><지역코드>11590</지역코드><층>13</층><해제사유발생일> </해제사유발생일><해제여부> </해제여부></item><item><거래금액>    77,500</거래금액><거래유형>중개거래</거래유형><건축년도>1995</건축년도><년>2023</년><도로명>여의대방로44길</도로명><도로명건물본번호코드>00047</도로명건물본번호코드><도로명건물부번호코드>00000</도로명건물부번호코드><도로명시군구코드>11590</도로명시군구코드><도로명일련번호코드>01</도로명일련번호코드><도로명지상지하코드>0</도로명지상지하코드><도로명코드>4157566</도로명코드><법정동> 대방동</법정동><법정동본번코드>0503</법정동본번코드><법정동부번코드>0000</법정동부번코드><법정동시군구코드>11590</법정동시군구코드><법정동읍면동코드>10800</법정동읍면동코드><법정동지번코드>1</법정동지번코드><아파트>주공2</아파트><월>2</월><일>4</일><일련번호>11590-63</일련번호><전용면적>51.66</전용면적><중개사소재지>서울 동작구</중개사소재지><지번>503</지번><지역코드>11590</지역코드><층>7</층><해제사유발생일> </해제사유발생일><해제여부> </해제여부></item><item><거래금액>   118,000</거래금액><거래유형>중개거래</거래유형><건축년도>1994</건축년도><년>2023</년><도로명>여의대방로44길</도로명><도로명건물본번호코드>00009</도로명건물본번호코드><도로명건물부번호코드>00000</도로명건물부번호코드><도로명시군구코드>11590</도로명시군구코드><도로명일련번호코드>01</도로명일련번호코드><도로명지상지하코드>0</도로명지상지하코드><도로명코드>4157566</도로명코드><법정동> 대방동</법정동><법정동본번코드>0500</법정동본번코드><법정동부번코드>0000</법정동부번코드><법정동시군구코드>11590</법정동시군구코드><법정동읍면동코드>10800</법정동읍면동코드><법정동지번코드>1</법정동지번코드><아파트>성원</아파트><월>2</월><일>5</일><일련번호>11590-59</일련번호><전용면적>84.32</전용면적><중개사소재지>서울 동작구</중개사소재지><지번>500</지번><지역코드>11590</지역코드><층>19</층><해제사유발생일> </해제사유발생일><해제여부> </해제여부></item><item><거래금액>    19,700</거래금액><거래유형>중개거래</거래유형><건축년도>2012</건축년도><년>2023</년><도로명>여의대방로54길</도로명><도로명건물본번호코드>00039</도로명건물본번호코드><도로명건물부번호코드>00000</도로명건물부번호코드><도로명시군구코드>11590</도로명시군구코드><도로명일련번호코드>01</도로명일련번호코드><도로명지상지하코드>0</도로명지상지하코드><도로명코드>4157568</도로명코드><법정동> 대방동</법정동><법정동본번코드>0515</법정동본번코드><법정동부번코드>0000</법정동부번코드><법정동시군구코드>11590</법정동시군구코드><법정동읍면동코드>10800</법정동읍면동코드><법정동지번코드>1</법정동지번코드><아파트>아데나339</아파트><월>2</월><일>25</일><일련번호>11590-3964</일련번호><전용면적>26.78</전용면적><중개사소재지>서울 동작구</중개사소재지><지번>515</지번><지역코드>11590</지역코드><층>4</층><해제사유발생일> </해제사유발생일><해제여부> </해제여부></item><item><거래금액>    85,000</거래금액><거래유형>중개거래</거래유형><건축년도>2001</건축년도><년>2023</년><도로명>여의대방로10길</도로명><도로명건물본번호코드>00014</도로명건물본번호코드><도로명건물부번호코드>00000</도로명건물부번호코드><도로명시군구코드>11590</도로명시군구코드><도로명일련번호코드>01</도로명일련번호코드><도로명지상지하코드>0</도로명지상지하코드><도로명코드>4157536</도로명코드><법정동> 신대방동</법정동><법정동본번코드>0710</법정동본번코드><법정동부번코드>0000</법정동부번코드><법정동시군구코드>11590</법정동시군구코드><법정동읍면동코드>10900</법정동읍면동코드><법정동지번코드>1</법정동지번코드><아파트>경남교수</아파트><월>2</월><일>7</일><일련번호>11590-66</일련번호><전용면적>84.94</전용면적><중개사소재지>서울 동작구</중개사소재지><지번>710</지번><지역코드>11590</지역코드><층>10</층><해제사유발생일> </해제사유발생일><해제여부> </해제여부></item><item><거래금액>   115,000</거래금액><거래유형>중개거래</거래유형><건축년도>2006</건축년도><년>2023</년><도로명>신대방1가길</도로명><도로명건물본번호코드>00038</도로명건물본번호코드><도로명건물부번호코드>00000</도로명건물부번호코드><도로명시군구코드>11590</도로명시군구코드><도로명일련번호코드>01</도로명일련번호코드><도로명지상지하코드>0</도로명지상지하코드><도로명코드>4157486</도로명코드><법정동> 신대방동</법정동><법정동본번코드>0719</법정동본번코드><법정동부번코드>0000</법정동부번코드><법정동시군구코드>11590</법정동시군구코드><법정동읍면동코드>10900</법정동읍면동코드><법정동지번코드>1</법정동지번코드><아파트>성원상떼빌</아파트><월>2</월><일>13</일><일련번호>11590-3351</일련번호><전용면적>132.43</전용면적><중개사소재지>서울 동작구, 서울 영등포구</중개사소재지><지번>719</지번><지역코드>11590</지역코드><층>21</층><해제사유발생일> </해제사유발생일><해제여부> </해제여부></item><item><거래금액>    60,000</거래금액><거래유형>중개거래</거래유형><건축년도>2003</건축년도><년>2023</년><도로명>여의대방로10길</도로명><도로명건물본번호코드>00038</도로명건물본번호코드><도로명건물부번호코드>00000</도로명건물부번호코드><도로명시군구코드>11590</도로명시군구코드><도로명일련번호코드>01</도로명일련번호코드><도로명지상지하코드>0</도로명지상지하코드><도로명코드>4157536</도로명코드><법정동> 신대방동</법정동><법정동본번코드>0713</법정동본번코드><법정동부번코드>0000</법정동부번코드><법정동시군구코드>11590</법정동시군구코드><법정동읍면동코드>10900</법정동읍면동코드><법정동지번코드>1</법정동지번코드><아파트>롯데낙천대</아파트><월>2</월><일>14</일><일련번호>11590-103</일련번호><전용면적>55.4561</전용면적><중개사소재지>경기 의왕시</중개사소재지><지번>713</지번><지역코드>11590</지역코드><층>11</층><해제사유발생일> </해제사유발생일><해제여부> </해제여부></item><item><거래금액>    96,000</거래금액><거래유형>중개거래</거래유형><건축년도>2003</건축년도><년>2023</년><도로명>여의대방로10길</도로명><도로명건물본번호코드>00038</도로명건물본번호코드><도로명건물부번호코드>00000</도로명건물부번호코드><도로명시군구코드>11590</도로명시군구코드><도로명일련번호코드>01</도로명일련번호코드><도로명지상지하코드>0</도로명지상지하코드><도로명코드>4157536</도로명코드><법정동> 신대방동</법정동><법정동본번코드>0713</법정동본번코드><법정동부번코드>0000</법정동부번코드><법정동시군구코드>11590</법정동시군구코드><법정동읍면동코드>10900</법정동읍면동코드><법정동지번코드>1</법정동지번코드><아파트>롯데낙천대</아파트><월>2</월><일>14</일><일련번호>11590-103</일련번호><전용면적>80.2422</전용면적><중개사소재지>경기 의왕시, 서울 동작구</중개사소재지><지번>713</지번><지역코드>11590</지역코드><층>4</층><해제사유발생일> </해제사유발생일><해제여부> </해제여부></item><item><거래금액>    75,000</거래금액><거래유형>직거래</거래유형><건축년도>2010</건축년도><년>2023</년><도로명>보라매로</도로명><도로명건물본번호코드>00070</도로명건물본번호코드><도로명건물부번호코드>00000</도로명건물부번호코드><도로명시군구코드>11590</도로명시군구코드><도로명일련번호코드>02</도로명일련번호코드><도로명지상지하코드>0</도로명지상지하코드><도로명코드>3005078</도로명코드><법정동> 신대방동</법정동><법정동본번코드>0720</법정동본번코드><법정동부번코드>0000</법정동부번코드><법정동시군구코드>11590</법정동시군구코드><법정동읍면동코드>10900</법정동읍면동코드><법정동지번코드>1</법정동지번코드><아파트>보라매e편한세상</아파트><월>2</월><일>22</일><일련번호>11590-3743</일련번호><전용면적>59.98</전용면적><중개사소재지> </중개사소재지><지번>720</지번><지역코드>11590</지역코드><층>7</층><해제사유발생일> </해제사유발생일><해제여부> </해제여부></item><item><거래금액>    63,000</거래금액><거래유형>중개거래</거래유형><건축년도>2003</건축년도><년>2023</년><도로명>여의대방로10길</도로명><도로명건물본번호코드>00038</도로명건물본번호코드><도로명건물부번호코드>00000</도로명건물부번호코드><도로명시군구코드>11590</도로명시군구코드><도로명일련번호코드>01</도로명일련번호코드><도로명지상지하코드>0</도로명지상지하코드><도로명코드>4157536</도로명코드><법정동> 신대방동</법정동><법정동본번코드>0713</법정동본번코드><법정동부번코드>0000</법정동부번코드><법정동시군구코드>11590</법정동시군구코드><법정동읍면동코드>10900</법정동읍면동코드><법정동지번코드>1</법정동지번코드><아파트>롯데낙천대</아파트><월>2</월><일>24</일><일련번호>11590-103</일련번호><전용면적>55.4561</전용면적><중개사소재지>서울 동작구</중개사소재지><지번>713</지번><지역코드>11590</지역코드><층>3</층><해제사유발생일> </해제사유발생일><해제여부> </해제여부></item><item><거래금액>    70,000</거래금액><거래유형>중개거래</거래유형><건축년도>2003</건축년도><년>2023</년><도로명>여의대방로10길</도로명><도로명건물본번호코드>00038</도로명건물본번호코드><도로명건물부번호코드>00000</도로명건물부번호코드><도로명시군구코드>11590</도로명시군구코드><도로명일련번호코드>01</도로명일련번호코드><도로명지상지하코드>0</도로명지상지하코드><도로명코드>4157536</도로명코드><법정동> 신대방동</법정동><법정동본번코드>0713</법정동본번코드><법정동부번코드>0000</법정동부번코드><법정동시군구코드>11590</법정동시군구코드><법정동읍면동코드>10900</법정동읍면동코드><법정동지번코드>1</법정동지번코드><아파트>롯데낙천대</아파트><월>2</월><일>24</일><일련번호>11590-103</일련번호><전용면적>55.4561</전용면적><중개사소재지>서울 동작구</중개사소재지><지번>713</지번><지역코드>11590</지역코드><층>4</층><해제사유발생일> </해제사유발생일><해제여부> </해제여부></item></items><numOfRows>999</numOfRows><pageNo>1</pageNo><totalCount>65</totalCount></body></response>