<?xml version="1.0" encoding="UTF-8" standalone="yes"?><response><header><resultCode>00</resultCode><resultMsg>NORMAL SERVICE.</resultMsg></header><body><items><item><거래금액>    60,000</거래금액><거래유형>중개거래</거래유형><건축년도>2005</건축년도><년>2022</년><도로명>왕산로16길</도로명><도로명건물본번호코드>00047</도로명건물본번호코드><도로명건물부번호코드>00000</도로명건물부번호코드><도로명시군구코드>11230</도로명시군구코드><도로명일련번호코드>01</도로명일련번호코드><도로명지상지하코드>0</도로명지상지하코드><도로명코드>4115266</도로명코드><법정동> 용두동</법정동><법정동본번코드>0785</법정동본번코드><법정동부번코드>0000</법정동부번코드><법정동시군구코드>11230</법정동시군구코드><법정동읍면동코드>10200</법정동읍면동코드><법정동지번코드>1</법정동지번코드><아파트>청재제일타운</아파트><월>10</월><일>30</일><일련번호>11230-1958</일련번호><전용면적>83.76</전용면적><중개사소재지>서울 동대문구</중개사소재지><지번>785</지번><지역코드>11230</지역코드><층>7</층><해제사유발생일> </해제사유발생일><해제여부> </해제여부></item><item><거래금액>   120,000</거래금액><거래유형>직거래</거래유형><건축년도>2018</건축년도><년>2022</년><도로명>답십리로23길</도로명><도로명건물본번호코드>00030</도로명건물본번호코드><도로명건물부번호코드>00000</도로명건물부번호코드><도로명시군구코드>11230</도로명시군구코드><도로명일련번호코드>01</도로명일련번호코드><도로명지상지하코드>0</도로명지상지하코드><도로명코드>4115061</도로명코드><법정동> 전농동</법정동><법정동본번코드>0695</법정동본번코드><법정동부번코드>0000</법정동부번코드><법정동시군구코드>11230</법정동시군구코드><법정동읍면동코드>10400</법정동읍면동코드><법정동지번코드>1</법정동지번코드><아파트>동대문롯데캐슬노블레스</아파트><월>10</월><일>11</일><일련번호>11230-2822</일련번호><전용면적>84.98</전용면적><중개사소재지> </중개사소재지><지번>695</지번><지역코드>11230</지역코드><층>17</층><해제사유발생일> </해제사유발생일><해제여부> </해제여부></item><item><거래금액>   105,000</거래금액><거래유형>중개거래</거래유형><건축년도>2014</건축년도><년>2022</년><도로명>사가정로</도로명><도로명건물본번호코드>00065</도로명건물본번호코드><도로명건물부번호코드>00000</도로명건물부번호코드><도로명시군구코드>11230</도로명시군구코드><도로명일련번호코드>01</도로명일련번호코드><도로명지상지하코드>0</도로명지상지하코드><도로명코드>3005034</도로명코드><법정동> 전농동</법정동><법정동본번코드>0690</법정동본번코드><법정동부번코드>0000</법정동부번코드><법정동시군구코드>11230</법정동시군구코드><법정동읍면동코드>10400</법정동읍면동코드><법정동지번코드>1</법정동지번코드><아파트>래미안크레시티</아파트><월>10</월><일>26</일><일련번호>11230-2578</일련번호><전용면적>84.96</전용면적><중개사소재지>서울 동대문구</중개사소재지><지번>690</지번><지역코드>11230</지역코드><층>4</층><해제사유발생일> </해제사유발생일><해제여부> </해제여부></item><item><거래금액>    14,000</거래금액><거래유형>중개거래</거래유형><건축년도>2015</건축년도><년>2022</년><도로명>천호대로</도로명><도로명건물본번호코드>00257</도로명건물본번호코드><도로명건물부번호코드>00000</도로명건물부번호코드><도로명시군구코드>11230</도로명시군구코드><도로명일련번호코드>03</도로명일련번호코드><도로명지상지하코드>0</도로명지상지하코드><도로명코드>2000008</도로명코드><법정동> 답십리동</법정동><법정동본번코드>0497</법정동본번코드><법정동부번코드>0023</법정동부번코드><법정동시군구코드>11230</법정동시군구코드><법정동읍면동코드>10500</법정동읍면동코드><법정동지번코드>1</법정동지번코드><아파트>청계푸르지오시티</아파트><월>10</월><일>1</일><일련번호>11230-2510</일련번호><전용면적>18.92</전용면적><중개사소재지>서울 동대문구</중개사소재지><지번>497-23</지번><지역코드>11230</지역코드><층>21</층><해제사유발생일> </해제사유발생일><해제여부> </해제여부></item><item><거래금액>    98,000</거래금액><거래유형>중개거래</거래유형><건축년도>2019</건축년도><년>2022</년><도로명>답십리로</도로명><도로명건물본번호코드>00141</도로명건물본번호코드><도로명건물부번호코드>00000</도로명건물부번호코드><도로명시군구코드>11230</도로명시군구코드><도로명일련번호코드>01</도로명일련번호코드><도로명코드>3005025</도로명코드><법정동> 답십리동</법정동><법정동본번코드>1013</법정동본번코드><법정동부번코드>0000</법정동부번코드><법정동시군구코드>11230</법정동시군구코드><법정동읍면동코드>10500</법정동읍면동코드><법정동지번코드>1</법정동지번코드><아파트>래미안미드카운티</아파트><월>10</월><일>4</일><일련번호>11230-2802</일련번호><전용면적>59.98</전용면적><중개사소재지>서울 동대문구</중개사소재지><지번>1013</지번><지역코드>11230</지역코드><층>5</층><해제사유발생일> </해제사유발생일><해제여부> </해제여부></item><item><거래금액>    15,500</거래금액><거래유형>중개거래</거래유형><건축년도>2015</건축년도><년>2022</년><도로명>천호대로</도로명><도로명건물본번호코드>00257</도로명건물본번호코드><도로명건물부번호코드>00000</도로명건물부번호코드><도로명시군구코드>11230</도로명시군구코드><도로명일련번호코드>03</도로명일련번호코드><도로명지상지하코드>0</도로명지상지하코드><도로명코드>2000008</도로명코드><법정동> 답십리동</법정동><법정동본번코드>0497</법정동본번코드><법정동부번코드>0023</법정동부번코드><법정동시군구코드>11230</법정동시군구코드><법정동읍면동코드>10500</법정동읍면동코드><법정동지번코드>1</법정동지번코드><아파트>청계푸르지오시티</아파트><월>10</월><일>16</일><일련번호>11230-2510</일련번호><전용면적>18.92</전용면적><중개사소재지>서울 동대문구</중개사소재지><지번>497-23</지번><지역코드>11230</지역코드><층>20</층><해제사유발생일> </해제사유발생일><해제여부> </해제여부></item><item><거래금액>    13,125</거래금액><거래유형>직거래</거래유형><건축년도>2016</건축년도><년>2022</년><도로명>고미술로</도로명><도로명건물본번호코드>00071</도로명건물본번호코드><도로명건물부번호코드>00000</도로명건물부번호코드><도로명시군구코드>11230</도로명시군구코드><도로명일련번호코드>00</도로명일련번호코드><도로명코드>3105003</도로명코드><법정동> 답십리동</법정동><법정동본번코드>0530</법정동본번코드><법정동부번코드>0015</법정동부번코드><법정동시군구코드>11230</법정동시군구코드><법정동읍면동코드>10500</법정동읍면동코드><법정동지번코드>1</법정동지번코드><아파트>현대썬앤빌청계</아파트><월>10</월><일>20</일><일련번호>11230-2682</일련번호><전용면적>14.21</전용면적><중개사소재지> </중개사소재지><지번>530-15</지번><지역코드>11230</지역코드><층>9</층><해제사유발생일> </해제사유발생일><해제여부> </해제여부></item><item><거래금액>    75,000</거래금액><거래유형>중개거래</거래유형><건축년도>2001</건축년도><년>2022</년><도로명>한천로11길</도로명><도로명건물본번호코드>00010</도로명건물본번호코드><도로명건물부번호코드>00001</도로명건물부번호코드><도로명시군구코드>11230</도로명시군구코드><도로명일련번호코드>01</도로명일련번호코드><도로명지상지하코드>0</도로명지상지하코드><도로명코드>4115600</도로명코드><법정동> 답십리동</법정동><법정동본번코드>0010</법정동본번코드><법정동부번코드>0000</법정동부번코드><법정동시군구코드>11230</법정동시군구코드><법정동읍면동코드>10500</법정동읍면동코드><법정동지번코드>1</법정동지번코드><아파트>동아</아파트><월>10</월><일>30</일><일련번호>11230-21</일련번호><전용면적>84.72</전용면적><중개사소재지>서울 동대문구</중개사소재지><지번>10</지번><지역코드>11230</지역코드><층>16</층><해제사유발생일> </해제사유발생일><해제여부> </해제여부></item><item><거래금액>    37,900</거래금액><거래유형>중개거래</거래유형><건축년도>2015</건축년도><년>2022</년><도로명>장한로23길</도로명><도로명건물본번호코드>00011</도로명건물본번호코드><도로명건물부번호코드>00003</도로명건물부번호코드><도로명시군구코드>11230</도로명시군구코드><도로명일련번호코드>00</도로명일련번호코드><도로명코드>4115398</도로명코드><법정동> 장안동</법정동><법정동본번코드>0372</법정동본번코드><법정동부번코드>0016</법정동부번코드><법정동시군구코드>11230</법정동시군구코드><법정동읍면동코드>10600</법정동읍면동코드><법정동지번코드>1</법정동지번코드><아파트>청솔아파트B동</아파트><월>10</월><일>6</일><일련번호>11230-2543</일련번호><전용면적>53.79</전용면적><중개사소재지>서울 동대문구</중개사소재지><지번>372-16</지번><지역코드>11230</지역코드><층>8</층><해제사유발생일> </해제사유발생일><해제여부> </해제여부></item><item><거래금액>    32,000</거래금액><거래유형>직거래</거래유형><건축년도>2016</건축년도><년>2022</년><도로명>한천로24길</도로명><도로명건물본번호코드>00074</도로명건물본번호코드><도로명건물부번호코드>00009</도로명건물부번호코드><도로명시군구코드>11230</도로명시군구코드><도로명일련번호코드>00</도로명일련번호코드><도로명코드>4115612</도로명코드><법정동> 장안동</법정동><법정동본번코드>0374</법정동본번코드><법정동부번코드>0008</법정동부번코드><법정동시군구코드>11230</법정동시군구코드><법정동읍면동코드>10600</법정동읍면동코드><법정동지번코드>1</법정동지번코드><아파트>가우디트윈캐슬2</아파트><월>10</월><일>6</일><일련번호>11230-2668</일련번호><전용면적>47.72</전용면적><중개사소재지> </중개사소재지><지번>374-8</지번><지역코드>11230</지역코드><층>13</층><해제사유발생일> </해제사유발생일><해제여부> </해제여부></item><item><거래금액>    74,000</거래금액><거래유형>중개거래</거래유형><건축년도>2002</건축년도><년>2022</년><도로명>장한로</도로명><도로명건물본번호코드>00119</도로명건물본번호코드><도로명건물부번호코드>00000</도로명건물부번호코드><도로명시군구코드>11230</도로명시군구코드><도로명일련번호코드>01</도로명일련번호코드><도로명지상지하코드>0</도로명지상지하코드><도로명코드>3105012</도로명코드><법정동> 장안동</법정동><법정동본번코드>0371</법정동본번코드><법정동부번코드>0001</법정동부번코드><법정동시군구코드>11230</법정동시군구코드><법정동읍면동코드>10600</법정동읍면동코드><법정동지번코드>1</법정동지번코드><아파트>장안삼성쉐르빌</아파트><월>10</월><일>8</일><일련번호>11230-38</일련번호><전용면적>100.7</전용면적><중개사소재지>서울 동대문구</중개사소재지><지번>371-1</지번><지역코드>11230</지역코드><층>10</층><해제사유발생일> </해제사유발생일><해제여부> </해제여부></item><item><거래금액>    12,500</거래금액><거래유형>직거래</거래유형><건축년도>2013</건축년도><년>2022</년><도로명>천호대로97길</도로명><도로명건물본번호코드>00009</도로명건물본번호코드><도로명건물부번호코드>00000</도로명건물부번호코드><도로명시군구코드>11230</도로명시군구코드><도로명일련번호코드>01</도로명일련번호코드><도로명지상지하코드>0</도로명지상지하코드><도로명코드>4115576</도로명코드><법정동> 장안동</법정동><법정동본번코드>0466</법정동본번코드><법정동부번코드>0005</법정동부번코드><법정동시군구코드>11230</법정동시군구코드><법정동읍면동코드>10600</법정동읍면동코드><법정동지번코드>1</법정동지번코드><아파트>장안푸르미에</아파트><월>10</월><일>13</일><일련번호>11230-2389</일련번호><전용면적>12.6512</전용면적><중개사소재지> </중개사소재지><지번>466-5</지번><지역코드>11230</지역코드><층>3</층><해제사유발생일> </해제사유발생일><해제여부> </해제여부></item><item><거래금액>    25,700</거래금액><거래유형>중개거래</거래유형><건축년도>2012</건축년도><년>2022</년><도로명>장한로26가길</도로명><도로명건물본번호코드>00086</도로명건물본번호코드><도로명건물부번호코드>00000</도로명건물부번호코드><도로명시군구코드>11230</도로명시군구코드><도로명일련번호코드>01</도로명일련번호코드><도로명지상지하코드>0</도로명지상지하코드><도로명코드>4115401</도로명코드><법정동> 장안동</법정동><법정동본번코드>0364</법정동본번코드><법정동부번코드>0009</법정동부번코드><법정동시군구코드>11230</법정동시군구코드><법정동읍면동코드>10600</법정동읍면동코드><법정동지번코드>1</법정동지번코드><아파트>태솔타워</아파트><월>10</월><일>15</일><일련번호>11230-2285</일련번호><전용면적>39.24</전용면적><중개사소재지>서울 동대문구</중개사소재지><지번>364-9</지번><지역코드>11230</지역코드><층>7</층><해제사유발생일> </해제사유발생일><해제여부> </해제여부></item><item><거래금액>    43,500</거래금액><거래유형>중개거래</거래유형><건축년도>2018</건축년도><년>2022</년><도로명>장한로26가길</도로명><도로명건물본번호코드>00090</도로명건물본번호코드><도로명건물부번호코드>00000</도로명건물부번호코드><도로명시군구코드>11230</도로명시군구코드><도로명일련번호코드>00</도로명일련번호코드><도로명지상지하코드>0</도로명지상지하코드><도로명코드>4115401</도로명코드><법정동> 장안동</법정동><법정동본번코드>0364</법정동본번코드><법정동부번코드>0007</법정동부번코드><법정동시군구코드>11230</법정동시군구코드><법정동읍면동코드>10600</법정동읍면동코드><법정동지번코드>1</법정동지번코드><아파트>스마트트라움</아파트><월>10</월><일>26</일><일련번호>11230-2842</일련번호><전용면적>48.02</전용면적><중개사소재지>서울 강서구</중개사소재지><지번>364-7</지번><지역코드>11230</지역코드><층>12</층><해제사유발생일> </해제사유발생일><해제여부> </해제여부></item><item><거래금액>    88,000</거래금액><거래유형>중개거래</거래유형><건축년도>1987</건축년도><년>2022</년><도로명>약령시로21길</도로명><도로명건물본번호코드>00030</도로명건물본번호코드><도로명건물부번호코드>00000</도로명건물부번호코드><도로명시군구코드>11230</도로명시군구코드><도로명일련번호코드>01</도로명일련번호코드><도로명지상지하코드>0</도로명지상지하코드><도로명코드>4115249</도로명코드><법정동> 청량리동</법정동><법정동본번코드>0234</법정동본번코드><법정동부번코드>0002</법정동부번코드><법정동시군구코드>11230</법정동시군구코드><법정동읍면동코드>10700</법정동읍면동코드><법정동지번코드>1</법정동지번코드><아파트>현대</아파트><월>10</월><일>8</일><일련번호>11230-45</일련번호><전용면적>76.63</전용면적><중개사소재지>서울 동대문구</중개사소재지><지번>234-2</지번><지역코드>11230</지역코드><층>10</층><해제사유발생일> </해제사유발생일><해제여부> </해제여부></item><item><거래금액>    45,000</거래금액><거래유형>중개거래</거래유형><건축년도>2001</건축년도><년>2022</년><도로명>한천로</도로명><도로명건물본번호코드>00248</도로명건물본번호코드><도로명건물부번호코드>00000</도로명건물부번호코드><도로명시군구코드>11230</도로명시군구코드><도로명일련번호코드>04</도로명일련번호코드><도로명지상지하코드>0</도로명지상지하코드><도로명코드>3005038</도로명코드><법정동> 휘경동</법정동><법정동본번코드>0057</법정동본번코드><법정동부번코드>0000</법정동부번코드><법정동시군구코드>11230</법정동시군구코드><법정동읍면동코드>10900</법정동읍면동코드><법정동지번코드>1</법정동지번코드><아파트>주공2</아파트><월>10</월><일>15</일><일련번호>11230-64</일련번호><전용면적>39.97</전용면적><중개사소재지>서울 동대문구</중개사소재지><지번>57</지번><지역코드>11230</지역코드><층>2</층><해제사유발생일> </해제사유발생일><해제여부> </해제여부></item><item><거래금액>   120,000</거래금액><거래유형>중개거래</거래유형><건축년도>2011</건축년도><년>2022</년><도로명>외대역동로</도로명><도로명건물본번호코드>00014</도로명건물본번호코드><도로명건물부번호코드>00000</도로명건물부번호코드><도로명시군구코드>11230</도로명시군구코드><도로명일련번호코드>01</도로명일련번호코드><도로명지상지하코드>0</도로명지상지하코드><도로명코드>3105009</도로명코드><법정동> 휘경동</법정동><법정동본번코드>0367</법정동본번코드><법정동부번코드>0000</법정동부번코드><법정동시군구코드>11230</법정동시군구코드><법정동읍면동코드>10900</법정동읍면동코드><법정동지번코드>1</법정동지번코드><아파트>휘경센트레빌</아파트><월>10</월><일>18</일><일련번호>11230-2232</일련번호><전용면적>114.99</전용면적><중개사소재지>서울 동대문구</중개사소재지><지번>367</지번><지역코드>11230</지역코드><층>10</층><해제사유발생일> </해제사유발생일><해제여부> </해제여부></item><item><거래금액>   114,800</거래금액><거래유형>중개거래</거래유형><건축년도>2004</건축년도><년>2022</년><도로명>이문로12길</도로명><도로명건물본번호코드>00003</도로명건물본번호코드><도로명건물부번호코드>00010</도로명건물부번호코드><도로명시군구코드>11230</도로명시군구코드><도로명일련번호코드>02</도로명일련번호코드><도로명지상지하코드>0</도로명지상지하코드><도로명코드>4115336</도로명코드><법정동> 이문동</법정동><법정동본번코드>0311</법정동본번코드><법정동부번코드>0000</법정동부번코드><법정동시군구코드>11230</법정동시군구코드><법정동읍면동코드>11000</법정동읍면동코드><법정동지번코드>1</법정동지번코드><아파트>래미안이문2차</아파트><월>10</월><일>4</일><일련번호>11230-125</일련번호><전용면적>114.5</전용면적><중개사소재지>서울 동대문구</중개사소재지><지번>311</지번><지역코드>11230</지역코드><층>11</층><해제사유발생일> </해제사유발생일><해제여부> </해제여부></item><item><거래금액>    66,000</거래금액><거래유형>중개거래</거래유형><건축년도>2000</건축년도><년>2022</년><도로명>한천로58길</도로명><도로명건물본번호코드>00047</도로명건물본번호코드><도로명건물부번호코드>00000</도로명건물부번호코드><도로명시군구코드>11230</도로명시군구코드><도로명일련번호코드>01</도로명일련번호코드><도로명지상지하코드>0</도로명지상지하코드><도로명코드>4115640</도로명코드><법정동> 이문동</법정동><법정동본번코드>0064</법정동본번코드><법정동부번코드>0000</법정동부번코드><법정동시군구코드>11230</법정동시군구코드><법정동읍면동코드>11000</법정동읍면동코드><법정동지번코드>1</법정동지번코드><아파트>쌍용</아파트><월>10</월><일>10</일><일련번호>11230-62</일련번호><전용면적>59.99</전용면적><중개사소재지>서울 동대문구</중개사소재지><지번>64</지번><지역코드>11230</지역코드><층>22</층><해제사유발생일> </해제사유발생일><해제여부> </해제여부></item><item><거래금액>    80,000</거래금액><거래유형>중개거래</거래유형><건축년도>2001</건축년도><년>2022</년><도로명>한천로58길</도로명><도로명건물본번호코드>00139</도로명건물본번호코드><도로명건물부번호코드>00000</도로명건물부번호코드><도로명시군구코드>11230</도로명시군구코드><도로명일련번호코드>01</도로명일련번호코드><도로명지상지하코드>0</도로명지상지하코드><도로명코드>4115640</도로명코드><법정동> 이문동</법정동><법정동본번코드>0045</법정동본번코드><법정동부번코드>0000</법정동부번코드><법정동시군구코드>11230</법정동시군구코드><법정동읍면동코드>11000</법정동읍면동코드><법정동지번코드>1</법정동지번코드><아파트>대우</아파트><월>10</월><일>17</일><일련번호>11230-59</일련번호><전용면적>114.521</전용면적><중개사소재지>서울 중랑구</중개사소재지><지번>45</지번><지역코드>11230</지역코드><층>16</층><해제사유발생일> </해제사유발생일><해제여부> </해제여부></item><item><거래금액>     9,000</거래금액><거래유형>직거래</거래유형><건축년도>2013</건축년도><년>2022</년><도로명>이문로</도로명><도로명건물본번호코드>00199</도로명건물본번호코드><도로명건물부번호코드>00000</도로명건물부번호코드><도로명시군구코드>11230</도로명시군구코드><도로명일련번호코드>03</도로명일련번호코드><도로명지상지하코드>0</도로명지상지하코드><도로명코드>3105010</도로명코드><법정동> 이문동</법정동><법정동본번코드>0254</법정동본번코드><법정동부번코드>0040</법정동부번코드><법정동시군구코드>11230</법정동시군구코드><법정동읍면동코드>11000</법정동읍면동코드><법정동지번코드>1</법정동지번코드><아파트>주성아우라</아파트><월>10</월><일>18</일><일련번호>11230-2384</일련번호><전용면적>13.263</전용면적><중개사소재지> </중개사소재지><지번>254-40</지번><지역코드>11230</지역코드><층>13</층><해제사유발생일> </해제사유발생일><해제여부> </해제여부></item><item><거래금액>    23,000</거래금액><거래유형>직거래</거래유형><건축년도>2022</건축년도><년>2022</년><도로명>이문로</도로명><도로명건물본번호코드>00091</도로명건물본번호코드><도로명건물부번호코드>00000</도로명건물부번호코드><도로명시군구코드>11230</도로명시군구코드><도로명일련번호코드>00</도로명일련번호코드><도로명지상지하코드>0</도로명지상지하코드><도로명코드>3105010</도로명코드><법정동> 이문동</법정동><법정동본번코드>0327</법정동본번코드><법정동부번코드>0001</법정동부번코드><법정동시군구코드>11230</법정동시군구코드><법정동읍면동코드>11000</법정동읍면동코드><법정동지번코드>1</법정동지번코드><아파트>민족통일MJ캠퍼스외대3차</아파트><월>10</월><일>18</일><일련번호>11230-3063</일련번호><전용면적>18.24</전용면적><중개사소재지> </중개사소재지><지번>327-1</지번><지역코드>11230</지역코드><층>12</층><해제사유발생일> </해제사유발생일><해제여부> </해제여부></item><item><거래금액>    72,000</거래금액><거래유형>직거래</거래유형><건축년도>2000</건축년도><년>2022</년><도로명>한천로58길</도로명><도로명건물본번호코드>00047</도로명건물본번호코드><도로명건물부번호코드>00000</도로명건물부번호코드><도로명시군구코드>11230</도로명시군구코드><도로명일련번호코드>01</도로명일련번호코드><도로명지상지하코드>0</도로명지상지하코드><도로명코드>4115640</도로명코드><법정동> 이문동</법정동><법정동본번코드>0064</법정동본번코드><법정동부번코드>0000</법정동부번코드><법정동시군구코드>11230</법정동시군구코드><법정동읍면동코드>11000</법정동읍면동코드><법정동지번코드>1</법정동지번코드><아파트>쌍용</아파트><월>10</월><일>26</일><일련번호>11230-62</일련번호><전용면적>114.35</전용면적><중개사소재지> </중개사소재지><지번>64</지번><지역코드>11230</지역코드><층>14</층><해제사유발생일> </해제사유발생일><해제여부> </해제여부></item><item><거래금액>     7,000</거래금액><거래유형>중개거래</거래유형><건축년도>2013</건축년도><년>2022</년><도로명>이문로</도로명><도로명건물본번호코드>00190</도로명건물본번호코드><도로명건물부번호코드>00000</도로명건물부번호코드><도로명시군구코드>11230</도로명시군구코드><도로명일련번호코드>03</도로명일련번호코드><도로명지상지하코드>0</도로명지상지하코드><도로명코드>3105010</도로명코드><법정동> 이문동</법정동><법정동본번코드>0256</법정동본번코드><법정동부번코드>0002</법정동부번코드><법정동시군구코드>11230</법정동시군구코드><법정동읍면동코드>11000</법정동읍면동코드><법정동지번코드>1</법정동지번코드><아파트>투니온</아파트><월>10</월><일>27</일><일련번호>11230-2368</일련번호><전용면적>14.26</전용면적><중개사소재지>서울 동대문구</중개사소재지><지번>256-2</지번><지역코드>11230</지역코드><층>11</층><해제사유발생일> </해제사유발생일><해제여부> </해제여부></item><item><거래금액>    63,000</거래금액><거래유형>중개거래</거래유형><건축년도>2000</건축년도><년>2022</년><도로명>한천로58길</도로명><도로명건물본번호코드>00047</도로명건물본번호코드><도로명건물부번호코드>00000</도로명건물부번호코드><도로명시군구코드>11230</도로명시군구코드><도로명일련번호코드>01</도로명일련번호코드><도로명지상지하코드>0</도로명지상지하코드><도로명코드>4115640</도로명코드><법정동> 이문동</법정동><법정동본번코드>0064</법정동본번코드><법정동부번코드>0000</법정동부번코드><법정동시군구코드>11230</법정동시군구코드><법정동읍면동코드>11000</법정동읍면동코드><법정동지번코드>1</법정동지번코드><아파트>쌍용</아파트><월>10</월><일>28</일><일련번호>11230-62</일련번호><전용면적>59.99</전용면적><중개사소재지>서울 노원구, 서울 동대문구</중개사소재지><지번>64</지번><지역코드>11230</지역코드><층>13</층><해제사유발생일> </해제사유발생일><해제여부> </해제여부></item></items><numOfRows>999</numOfRows><pageNo>1</pageNo><totalCount>25</totalCount></body></response>