<?xml version="1.0" encoding="UTF-8" standalone="yes"?><response><header><resultCode>00</resultCode><resultMsg>NORMAL SERVICE.</resultMsg></header><body><items><item><거래금액>    17,000</거래금액><거래유형>중개거래</거래유형><건축년도>2018</건축년도><년>2022</년><도로명>청계천로</도로명><도로명건물본번호코드>00443</도로명건물본번호코드><도로명건물부번호코드>00000</도로명건물부번호코드><도로명시군구코드>11230</도로명시군구코드><도로명일련번호코드>00</도로명일련번호코드><도로명지상지하코드>0</도로명지상지하코드><도로명코드>3100021</도로명코드><법정동> 신설동</법정동><법정동본번코드>0100</법정동본번코드><법정동부번코드>0026</법정동부번코드><법정동시군구코드>11230</법정동시군구코드><법정동읍면동코드>10100</법정동읍면동코드><법정동지번코드>1</법정동지번코드><아파트>포레스트힐시티</아파트><월>9</월><일>21</일><일련번호>11230-2844</일련번호><전용면적>14.75</전용면적><중개사소재지>서울 동대문구</중개사소재지><지번>100-26</지번><지역코드>11230</지역코드><층>18</층><해제사유발생일> </해제사유발생일><해제여부> </해제여부></item><item><거래금액>   125,500</거래금액><거래유형>중개거래</거래유형><건축년도>2018</건축년도><년>2022</년><도로명>답십리로23길</도로명><도로명건물본번호코드>00030</도로명건물본번호코드><도로명건물부번호코드>00000</도로명건물부번호코드><도로명시군구코드>11230</도로명시군구코드><도로명일련번호코드>01</도로명일련번호코드><도로명지상지하코드>0</도로명지상지하코드><도로명코드>4115061</도로명코드><법정동> 전농동</법정동><법정동본번코드>0695</법정동본번코드><법정동부번코드>0000</법정동부번코드><법정동시군구코드>11230</법정동시군구코드><법정동읍면동코드>10400</법정동읍면동코드><법정동지번코드>1</법정동지번코드><아파트>동대문롯데캐슬노블레스</아파트><월>9</월><일>18</일><일련번호>11230-2822</일련번호><전용면적>84.98</전용면적><중개사소재지>서울 동대문구</중개사소재지><지번>695</지번><지역코드>11230</지역코드><층>6</층><해제사유발생일> </해제사유발생일><해제여부> </해제여부></item><item><거래금액>   137,000</거래금액><거래유형>중개거래</거래유형><건축년도>2014</건축년도><년>2022</년><도로명>사가정로</도로명><도로명건물본번호코드>00065</도로명건물본번호코드><도로명건물부번호코드>00000</도로명건물부번호코드><도로명시군구코드>11230</도로명시군구코드><도로명일련번호코드>01</도로명일련번호코드><도로명지상지하코드>0</도로명지상지하코드><도로명코드>3005034</도로명코드><법정동> 전농동</법정동><법정동본번코드>0690</법정동본번코드><법정동부번코드>0000</법정동부번코드><법정동시군구코드>11230</법정동시군구코드><법정동읍면동코드>10400</법정동읍면동코드><법정동지번코드>1</법정동지번코드><아파트>래미안크레시티</아파트><월>9</월><일>24</일><일련번호>11230-2578</일련번호><전용면적>84.98</전용면적><중개사소재지>서울 동대문구</중개사소재지><지번>690</지번><지역코드>11230</지역코드><층>15</층><해제사유발생일> </해제사유발생일><해제여부> </해제여부></item><item><거래금액>    79,000</거래금액><거래유형>중개거래</거래유형><건축년도>2003</건축년도><년>2022</년><도로명>답십리로60길</도로명><도로명건물본번호코드>00038</도로명건물본번호코드><도로명건물부번호코드>00000</도로명건물부번호코드><도로명시군구코드>11230</도로명시군구코드><도로명일련번호코드>01</도로명일련번호코드><도로명지상지하코드>0</도로명지상지하코드><도로명코드>4115094</도로명코드><법정동> 답십리동</법정동><법정동본번코드>0808</법정동본번코드><법정동부번코드>0000</법정동부번코드><법정동시군구코드>11230</법정동시군구코드><법정동읍면동코드>10500</법정동읍면동코드><법정동지번코드>1</법정동지번코드><아파트>대림</아파트><월>9</월><일>2</일><일련번호>11230-31</일련번호><전용면적>84.66</전용면적><중개사소재지>서울 동대문구</중개사소재지><지번>808</지번><지역코드>11230</지역코드><층>16</층><해제사유발생일> </해제사유발생일><해제여부> </해제여부></item><item><거래금액>    84,000</거래금액><거래유형>중개거래</거래유형><건축년도>1987</건축년도><년>2022</년><도로명>서울시립대로</도로명><도로명건물본번호코드>00005</도로명건물본번호코드><도로명건물부번호코드>00000</도로명건물부번호코드><도로명시군구코드>11230</도로명시군구코드><도로명일련번호코드>02</도로명일련번호코드><도로명지상지하코드>0</도로명지상지하코드><도로명코드>3105004</도로명코드><법정동> 답십리동</법정동><법정동본번코드>0464</법정동본번코드><법정동부번코드>0001</법정동부번코드><법정동시군구코드>11230</법정동시군구코드><법정동읍면동코드>10500</법정동읍면동코드><법정동지번코드>1</법정동지번코드><아파트>신답극동</아파트><월>9</월><일>3</일><일련번호>11230-17</일련번호><전용면적>105.59</전용면적><중개사소재지>서울 동대문구</중개사소재지><지번>464-1</지번><지역코드>11230</지역코드><층>12</층><해제사유발생일> </해제사유발생일><해제여부> </해제여부></item><item><거래금액>   125,000</거래금액><거래유형>중개거래</거래유형><건축년도>2014</건축년도><년>2022</년><도로명>답십리로</도로명><도로명건물본번호코드>00130</도로명건물본번호코드><도로명건물부번호코드>00000</도로명건물부번호코드><도로명시군구코드>11230</도로명시군구코드><도로명일련번호코드>03</도로명일련번호코드><도로명지상지하코드>0</도로명지상지하코드><도로명코드>3005025</도로명코드><법정동> 답십리동</법정동><법정동본번코드>1003</법정동본번코드><법정동부번코드>0000</법정동부번코드><법정동시군구코드>11230</법정동시군구코드><법정동읍면동코드>10500</법정동읍면동코드><법정동지번코드>1</법정동지번코드><아파트>래미안위브</아파트><월>9</월><일>3</일><일련번호>11230-2587</일련번호><전용면적>84.98</전용면적><중개사소재지>서울 동대문구</중개사소재지><지번>1003</지번><지역코드>11230</지역코드><층>5</층><해제사유발생일> </해제사유발생일><해제여부> </해제여부></item><item><거래금액>    13,900</거래금액><거래유형>중개거래</거래유형><건축년도>2015</건축년도><년>2022</년><도로명>천호대로</도로명><도로명건물본번호코드>00257</도로명건물본번호코드><도로명건물부번호코드>00000</도로명건물부번호코드><도로명시군구코드>11230</도로명시군구코드><도로명일련번호코드>03</도로명일련번호코드><도로명지상지하코드>0</도로명지상지하코드><도로명코드>2000008</도로명코드><법정동> 답십리동</법정동><법정동본번코드>0497</법정동본번코드><법정동부번코드>0023</법정동부번코드><법정동시군구코드>11230</법정동시군구코드><법정동읍면동코드>10500</법정동읍면동코드><법정동지번코드>1</법정동지번코드><아파트>청계푸르지오시티</아파트><월>9</월><일>3</일><일련번호>11230-2510</일련번호><전용면적>18.92</전용면적><중개사소재지>서울 동대문구</중개사소재지><지번>497-23</지번><지역코드>11230</지역코드><층>11</층><해제사유발생일> </해제사유발생일><해제여부> </해제여부></item><item><거래금액>    13,500</거래금액><거래유형>중개거래</거래유형><건축년도>2016</건축년도><년>2022</년><도로명>고미술로</도로명><도로명건물본번호코드>00071</도로명건물본번호코드><도로명건물부번호코드>00000</도로명건물부번호코드><도로명시군구코드>11230</도로명시군구코드><도로명일련번호코드>00</도로명일련번호코드><도로명코드>3105003</도로명코드><법정동> 답십리동</법정동><법정동본번코드>0530</법정동본번코드><법정동부번코드>0015</법정동부번코드><법정동시군구코드>11230</법정동시군구코드><법정동읍면동코드>10500</법정동읍면동코드><법정동지번코드>1</법정동지번코드><아파트>현대썬앤빌청계</아파트><월>9</월><일>5</일><일련번호>11230-2682</일련번호><전용면적>14.82</전용면적><중개사소재지>서울 강남구, 서울 동대문구</중개사소재지><지번>530-15</지번><지역코드>11230</지역코드><층>13</층><해제사유발생일> </해제사유발생일><해제여부> </해제여부></item><item><거래금액>    81,000</거래금액><거래유형>중개거래</거래유형><건축년도>2011</건축년도><년>2022</년><도로명>한천로37길</도로명><도로명건물본번호코드>00033</도로명건물본번호코드><도로명건물부번호코드>00000</도로명건물부번호코드><도로명시군구코드>11230</도로명시군구코드><도로명일련번호코드>01</도로명일련번호코드><도로명지상지하코드>0</도로명지상지하코드><도로명코드>4115621</도로명코드><법정동> 답십리동</법정동><법정동본번코드>1000</법정동본번코드><법정동부번코드>0000</법정동부번코드><법정동시군구코드>11230</법정동시군구코드><법정동읍면동코드>10500</법정동읍면동코드><법정동지번코드>1</법정동지번코드><아파트>래미안엘파인아파트</아파트><월>9</월><일>8</일><일련번호>11230-2157</일련번호><전용면적>84.94</전용면적><중개사소재지>서울 동대문구</중개사소재지><지번>1000</지번><지역코드>11230</지역코드><층>13</층><해제사유발생일> </해제사유발생일><해제여부> </해제여부></item><item><거래금액>   125,000</거래금액><거래유형>중개거래</거래유형><건축년도>2014</건축년도><년>2022</년><도로명>답십리로</도로명><도로명건물본번호코드>00130</도로명건물본번호코드><도로명건물부번호코드>00000</도로명건물부번호코드><도로명시군구코드>11230</도로명시군구코드><도로명일련번호코드>03</도로명일련번호코드><도로명지상지하코드>0</도로명지상지하코드><도로명코드>3005025</도로명코드><법정동> 답십리동</법정동><법정동본번코드>1003</법정동본번코드><법정동부번코드>0000</법정동부번코드><법정동시군구코드>11230</법정동시군구코드><법정동읍면동코드>10500</법정동읍면동코드><법정동지번코드>1</법정동지번코드><아파트>래미안위브</아파트><월>9</월><일>16</일><일련번호>11230-2587</일련번호><전용면적>84.98</전용면적><중개사소재지>서울 동대문구</중개사소재지><지번>1003</지번><지역코드>11230</지역코드><층>19</층><해제사유발생일> </해제사유발생일><해제여부> </해제여부></item><item><거래금액>    83,000</거래금액><거래유형>중개거래</거래유형><건축년도>2000</건축년도><년>2022</년><도로명>답십리로56길</도로명><도로명건물본번호코드>00021</도로명건물본번호코드><도로명건물부번호코드>00000</도로명건물부번호코드><도로명시군구코드>11230</도로명시군구코드><도로명일련번호코드>01</도로명일련번호코드><도로명지상지하코드>0</도로명지상지하코드><도로명코드>4115090</도로명코드><법정동> 답십리동</법정동><법정동본번코드>0990</법정동본번코드><법정동부번코드>0000</법정동부번코드><법정동시군구코드>11230</법정동시군구코드><법정동읍면동코드>10500</법정동읍면동코드><법정동지번코드>1</법정동지번코드><아파트>두산</아파트><월>9</월><일>19</일><일련번호>11230-22</일련번호><전용면적>84.83</전용면적><중개사소재지>서울 동대문구, 서울 중랑구</중개사소재지><지번>990</지번><지역코드>11230</지역코드><층>8</층><해제사유발생일> </해제사유발생일><해제여부> </해제여부></item><item><거래금액>    10,000</거래금액><거래유형>중개거래</거래유형><건축년도>2013</건축년도><년>2022</년><도로명>전농로</도로명><도로명건물본번호코드>00016</도로명건물본번호코드><도로명건물부번호코드>00000</도로명건물부번호코드><도로명시군구코드>11230</도로명시군구코드><도로명일련번호코드>02</도로명일련번호코드><도로명지상지하코드>0</도로명지상지하코드><도로명코드>3105013</도로명코드><법정동> 답십리동</법정동><법정동본번코드>0488</법정동본번코드><법정동부번코드>0018</법정동부번코드><법정동시군구코드>11230</법정동시군구코드><법정동읍면동코드>10500</법정동읍면동코드><법정동지번코드>1</법정동지번코드><아파트>센시티16</아파트><월>9</월><일>19</일><일련번호>11230-2370</일련번호><전용면적>14.244</전용면적><중개사소재지>서울 동대문구</중개사소재지><지번>488-18</지번><지역코드>11230</지역코드><층>16</층><해제사유발생일> </해제사유발생일><해제여부> </해제여부></item><item><거래금액>    69,000</거래금액><거래유형>중개거래</거래유형><건축년도>1992</건축년도><년>2022</년><도로명>답십리로</도로명><도로명건물본번호코드>00210</도로명건물본번호코드><도로명건물부번호코드>00030</도로명건물부번호코드><도로명시군구코드>11230</도로명시군구코드><도로명일련번호코드>03</도로명일련번호코드><도로명지상지하코드>0</도로명지상지하코드><도로명코드>3005025</도로명코드><법정동> 답십리동</법정동><법정동본번코드>0042</법정동본번코드><법정동부번코드>0000</법정동부번코드><법정동시군구코드>11230</법정동시군구코드><법정동읍면동코드>10500</법정동읍면동코드><법정동지번코드>1</법정동지번코드><아파트>동답한신</아파트><월>9</월><일>24</일><일련번호>11230-19</일련번호><전용면적>59.22</전용면적><중개사소재지>서울 동대문구</중개사소재지><지번>42</지번><지역코드>11230</지역코드><층>4</층><해제사유발생일> </해제사유발생일><해제여부> </해제여부></item><item><거래금액>    75,000</거래금액><거래유형>중개거래</거래유형><건축년도>2000</건축년도><년>2022</년><도로명>전농로10길</도로명><도로명건물본번호코드>00020</도로명건물본번호코드><도로명건물부번호코드>00000</도로명건물부번호코드><도로명시군구코드>11230</도로명시군구코드><도로명일련번호코드>01</도로명일련번호코드><도로명지상지하코드>0</도로명지상지하코드><도로명코드>4115424</도로명코드><법정동> 답십리동</법정동><법정동본번코드>0080</법정동본번코드><법정동부번코드>0000</법정동부번코드><법정동시군구코드>11230</법정동시군구코드><법정동읍면동코드>10500</법정동읍면동코드><법정동지번코드>1</법정동지번코드><아파트>답십리청솔우성</아파트><월>9</월><일>30</일><일련번호>11230-26</일련번호><전용면적>59.89</전용면적><중개사소재지>서울 동대문구</중개사소재지><지번>80</지번><지역코드>11230</지역코드><층>6</층><해제사유발생일> </해제사유발생일><해제여부> </해제여부></item><item><거래금액>    10,800</거래금액><거래유형>중개거래</거래유형><건축년도>2013</건축년도><년>2022</년><도로명>전농로</도로명><도로명건물본번호코드>00016</도로명건물본번호코드><도로명건물부번호코드>00000</도로명건물부번호코드><도로명시군구코드>11230</도로명시군구코드><도로명일련번호코드>02</도로명일련번호코드><도로명지상지하코드>0</도로명지상지하코드><도로명코드>3105013</도로명코드><법정동> 답십리동</법정동><법정동본번코드>0488</법정동본번코드><법정동부번코드>0018</법정동부번코드><법정동시군구코드>11230</법정동시군구코드><법정동읍면동코드>10500</법정동읍면동코드><법정동지번코드>1</법정동지번코드><아파트>센시티16</아파트><월>9</월><일>30</일><일련번호>11230-2370</일련번호><전용면적>14.244</전용면적><중개사소재지>서울 동대문구</중개사소재지><지번>488-18</지번><지역코드>11230</지역코드><층>7</층><해제사유발생일> </해제사유발생일><해제여부> </해제여부></item><item><거래금액>    48,500</거래금액><거래유형>중개거래</거래유형><건축년도>2008</건축년도><년>2022</년><도로명>장한로26나길</도로명><도로명건물본번호코드>00016</도로명건물본번호코드><도로명건물부번호코드>00000</도로명건물부번호코드><도로명시군구코드>11230</도로명시군구코드><도로명일련번호코드>01</도로명일련번호코드><도로명지상지하코드>0</도로명지상지하코드><도로명코드>4115403</도로명코드><법정동> 장안동</법정동><법정동본번코드>0344</법정동본번코드><법정동부번코드>0005</법정동부번코드><법정동시군구코드>11230</법정동시군구코드><법정동읍면동코드>10600</법정동읍면동코드><법정동지번코드>1</법정동지번코드><아파트>선일크라시아</아파트><월>9</월><일>7</일><일련번호>11230-2101</일련번호><전용면적>66.56</전용면적><중개사소재지>서울 동대문구</중개사소재지><지번>344-5</지번><지역코드>11230</지역코드><층>5</층><해제사유발생일>22.10.11</해제사유발생일><해제여부>O</해제여부></item><item><거래금액>    48,500</거래금액><거래유형>중개거래</거래유형><건축년도>2008</건축년도><년>2022</년><도로명>장한로26나길</도로명><도로명건물본번호코드>00016</도로명건물본번호코드><도로명건물부번호코드>00000</도로명건물부번호코드><도로명시군구코드>11230</도로명시군구코드><도로명일련번호코드>01</도로명일련번호코드><도로명지상지하코드>0</도로명지상지하코드><도로명코드>4115403</도로명코드><법정동> 장안동</법정동><법정동본번코드>0344</법정동본번코드><법정동부번코드>0005</법정동부번코드><법정동시군구코드>11230</법정동시군구코드><법정동읍면동코드>10600</법정동읍면동코드><법정동지번코드>1</법정동지번코드><아파트>선일크라시아</아파트><월>9</월><일>7</일><일련번호>11230-2101</일련번호><전용면적>66.56</전용면적><중개사소재지>서울 동대문구</중개사소재지><지번>344-5</지번><지역코드>11230</지역코드><층>7</층><해제사유발생일> </해제사유발생일><해제여부> </해제여부></item><item><거래금액>    15,400</거래금액><거래유형>중개거래</거래유형><건축년도>2014</건축년도><년>2022</년><도로명>장한로21길</도로명><도로명건물본번호코드>00011</도로명건물본번호코드><도로명건물부번호코드>00002</도로명건물부번호코드><도로명시군구코드>11230</도로명시군구코드><도로명일련번호코드>01</도로명일련번호코드><도로명지상지하코드>0</도로명지상지하코드><도로명코드>4115396</도로명코드><법정동> 장안동</법정동><법정동본번코드>0382</법정동본번코드><법정동부번코드>0002</법정동부번코드><법정동시군구코드>11230</법정동시군구코드><법정동읍면동코드>10600</법정동읍면동코드><법정동지번코드>1</법정동지번코드><아파트>제이드파크(382-2)</아파트><월>9</월><일>9</일><일련번호>11230-2434</일련번호><전용면적>17.16</전용면적><중개사소재지>서울 동대문구</중개사소재지><지번>382-2</지번><지역코드>11230</지역코드><층>9</층><해제사유발생일> </해제사유발생일><해제여부> </해제여부></item><item><거래금액>    11,900</거래금액><거래유형>중개거래</거래유형><건축년도>2015</건축년도><년>2022</년><도로명>장한로</도로명><도로명건물본번호코드>00091</도로명건물본번호코드><도로명건물부번호코드>00000</도로명건물부번호코드><도로명시군구코드>11230</도로명시군구코드><도로명일련번호코드>01</도로명일련번호코드><도로명코드>3105012</도로명코드><법정동> 장안동</법정동><법정동본번코드>0373</법정동본번코드><법정동부번코드>0003</법정동부번코드><법정동시군구코드>11230</법정동시군구코드><법정동읍면동코드>10600</법정동읍면동코드><법정동지번코드>1</법정동지번코드><아파트>현대썬앤빌601</아파트><월>9</월><일>13</일><일련번호>11230-2556</일련번호><전용면적>18.35</전용면적><중개사소재지>서울 동대문구</중개사소재지><지번>373-3</지번><지역코드>11230</지역코드><층>10</층><해제사유발생일> </해제사유발생일><해제여부> </해제여부></item><item><거래금액>    12,000</거래금액><거래유형>중개거래</거래유형><건축년도>2015</건축년도><년>2022</년><도로명>장한로</도로명><도로명건물본번호코드>00091</도로명건물본번호코드><도로명건물부번호코드>00000</도로명건물부번호코드><도로명시군구코드>11230</도로명시군구코드><도로명일련번호코드>01</도로명일련번호코드><도로명코드>3105012</도로명코드><법정동> 장안동</법정동><법정동본번코드>0373</법정동본번코드><법정동부번코드>0003</법정동부번코드><법정동시군구코드>11230</법정동시군구코드><법정동읍면동코드>10600</법정동읍면동코드><법정동지번코드>1</법정동지번코드><아파트>현대썬앤빌601</아파트><월>9</월><일>17</일><일련번호>11230-2556</일련번호><전용면적>18.35</전용면적><중개사소재지>서울 동대문구</중개사소재지><지번>373-3</지번><지역코드>11230</지역코드><층>10</층><해제사유발생일> </해제사유발생일><해제여부> </해제여부></item><item><거래금액>    87,000</거래금액><거래유형>직거래</거래유형><건축년도>2019</건축년도><년>2022</년><도로명>장한로27가길</도로명><도로명건물본번호코드>00037</도로명건물본번호코드><도로명건물부번호코드>00000</도로명건물부번호코드><도로명시군구코드>11230</도로명시군구코드><도로명일련번호코드>00</도로명일련번호코드><도로명지상지하코드>0</도로명지상지하코드><도로명코드>4115405</도로명코드><법정동> 장안동</법정동><법정동본번코드>0587</법정동본번코드><법정동부번코드>0000</법정동부번코드><법정동시군구코드>11230</법정동시군구코드><법정동읍면동코드>10600</법정동읍면동코드><법정동지번코드>1</법정동지번코드><아파트>동대문더퍼스트데시앙</아파트><월>9</월><일>28</일><일련번호>11230-2969</일련번호><전용면적>59.8074</전용면적><중개사소재지> </중개사소재지><지번>587</지번><지역코드>11230</지역코드><층>3</층><해제사유발생일> </해제사유발생일><해제여부> </해제여부></item><item><거래금액>   117,000</거래금액><거래유형>직거래</거래유형><건축년도>2001</건축년도><년>2022</년><도로명>홍릉로10길</도로명><도로명건물본번호코드>00048</도로명건물본번호코드><도로명건물부번호코드>00000</도로명건물부번호코드><도로명시군구코드>11230</도로명시군구코드><도로명일련번호코드>01</도로명일련번호코드><도로명지상지하코드>0</도로명지상지하코드><도로명코드>4115649</도로명코드><법정동> 청량리동</법정동><법정동본번코드>0212</법정동본번코드><법정동부번코드>0000</법정동부번코드><법정동시군구코드>11230</법정동시군구코드><법정동읍면동코드>10700</법정동읍면동코드><법정동지번코드>1</법정동지번코드><아파트>홍릉동부</아파트><월>9</월><일>6</일><일련번호>11230-47</일련번호><전용면적>84.91</전용면적><중개사소재지> </중개사소재지><지번>212</지번><지역코드>11230</지역코드><층>14</층><해제사유발생일> </해제사유발생일><해제여부> </해제여부></item><item><거래금액>    91,000</거래금액><거래유형>중개거래</거래유형><건축년도>2011</건축년도><년>2022</년><도로명>회기로26길</도로명><도로명건물본번호코드>00015</도로명건물본번호코드><도로명건물부번호코드>00000</도로명건물부번호코드><도로명시군구코드>11230</도로명시군구코드><도로명일련번호코드>01</도로명일련번호코드><도로명지상지하코드>0</도로명지상지하코드><도로명코드>4115702</도로명코드><법정동> 회기동</법정동><법정동본번코드>0351</법정동본번코드><법정동부번코드>0000</법정동부번코드><법정동시군구코드>11230</법정동시군구코드><법정동읍면동코드>10800</법정동읍면동코드><법정동지번코드>1</법정동지번코드><아파트>회기힐스테이트</아파트><월>9</월><일>19</일><일련번호>11230-2239</일련번호><전용면적>84.99</전용면적><중개사소재지>서울 동대문구</중개사소재지><지번>351</지번><지역코드>11230</지역코드><층>8</층><해제사유발생일> </해제사유발생일><해제여부> </해제여부></item><item><거래금액>    63,000</거래금액><거래유형>중개거래</거래유형><건축년도>2001</건축년도><년>2022</년><도로명>한천로</도로명><도로명건물본번호코드>00248</도로명건물본번호코드><도로명건물부번호코드>00000</도로명건물부번호코드><도로명시군구코드>11230</도로명시군구코드><도로명일련번호코드>04</도로명일련번호코드><도로명지상지하코드>0</도로명지상지하코드><도로명코드>3005038</도로명코드><법정동> 휘경동</법정동><법정동본번코드>0057</법정동본번코드><법정동부번코드>0000</법정동부번코드><법정동시군구코드>11230</법정동시군구코드><법정동읍면동코드>10900</법정동읍면동코드><법정동지번코드>1</법정동지번코드><아파트>주공2</아파트><월>9</월><일>19</일><일련번호>11230-64</일련번호><전용면적>59.13</전용면적><중개사소재지>서울 동대문구</중개사소재지><지번>57</지번><지역코드>11230</지역코드><층>21</층><해제사유발생일>23.01.09</해제사유발생일><해제여부>O</해제여부></item><item><거래금액>    75,000</거래금액><거래유형>중개거래</거래유형><건축년도>2000</건축년도><년>2022</년><도로명>한천로58길</도로명><도로명건물본번호코드>00047</도로명건물본번호코드><도로명건물부번호코드>00000</도로명건물부번호코드><도로명시군구코드>11230</도로명시군구코드><도로명일련번호코드>01</도로명일련번호코드><도로명지상지하코드>0</도로명지상지하코드><도로명코드>4115640</도로명코드><법정동> 이문동</법정동><법정동본번코드>0064</법정동본번코드><법정동부번코드>0000</법정동부번코드><법정동시군구코드>11230</법정동시군구코드><법정동읍면동코드>11000</법정동읍면동코드><법정동지번코드>1</법정동지번코드><아파트>쌍용</아파트><월>9</월><일>23</일><일련번호>11230-62</일련번호><전용면적>84.89</전용면적><중개사소재지>서울 동대문구</중개사소재지><지번>64</지번><지역코드>11230</지역코드><층>24</층><해제사유발생일> </해제사유발생일><해제여부> </해제여부></item><item><거래금액>    26,400</거래금액><거래유형>직거래</거래유형><건축년도>2022</건축년도><년>2022</년><도로명>이문로</도로명><도로명건물본번호코드>00091</도로명건물본번호코드><도로명건물부번호코드>00000</도로명건물부번호코드><도로명시군구코드>11230</도로명시군구코드><도로명일련번호코드>00</도로명일련번호코드><도로명지상지하코드>0</도로명지상지하코드><도로명코드>3105010</도로명코드><법정동> 이문동</법정동><법정동본번코드>0327</법정동본번코드><법정동부번코드>0001</법정동부번코드><법정동시군구코드>11230</법정동시군구코드><법정동읍면동코드>11000</법정동읍면동코드><법정동지번코드>1</법정동지번코드><아파트>민족통일MJ캠퍼스외대3차</아파트><월>9</월><일>30</일><일련번호>11230-3063</일련번호><전용면적>18</전용면적><중개사소재지> </중개사소재지><지번>327-1</지번><지역코드>11230</지역코드><층>16</층><해제사유발생일> </해제사유발생일><해제여부> </해제여부></item></items><numOfRows>999</numOfRows><pageNo>1</pageNo><totalCount>26</totalCount></body></response>