<?xml version="1.0" encoding="UTF-8" standalone="yes"?><response><header><resultCode>00</resultCode><resultMsg>NORMAL SERVICE.</resultMsg></header><body><items><item><거래금액>    94,000</거래금액><거래유형>중개거래</거래유형><건축년도>2009</건축년도><년>2022</년><도로명>정릉천동로</도로명><도로명건물본번호코드>00016</도로명건물본번호코드><도로명건물부번호코드>00000</도로명건물부번호코드><도로명시군구코드>11230</도로명시군구코드><도로명일련번호코드>01</도로명일련번호코드><도로명지상지하코드>0</도로명지상지하코드><도로명코드>3105014</도로명코드><법정동> 용두동</법정동><법정동본번코드>0791</법정동본번코드><법정동부번코드>0000</법정동부번코드><법정동시군구코드>11230</법정동시군구코드><법정동읍면동코드>10200</법정동읍면동코드><법정동지번코드>1</법정동지번코드><아파트>용두두산위브</아파트><월>11</월><일>1</일><일련번호>11230-2164</일련번호><전용면적>84.99</전용면적><중개사소재지>서울 동대문구</중개사소재지><지번>791</지번><지역코드>11230</지역코드><층>18</층><해제사유발생일> </해제사유발생일><해제여부> </해제여부></item><item><거래금액>    88,000</거래금액><거래유형>중개거래</거래유형><건축년도>2009</건축년도><년>2022</년><도로명>정릉천동로</도로명><도로명건물본번호코드>00016</도로명건물본번호코드><도로명건물부번호코드>00000</도로명건물부번호코드><도로명시군구코드>11230</도로명시군구코드><도로명일련번호코드>01</도로명일련번호코드><도로명지상지하코드>0</도로명지상지하코드><도로명코드>3105014</도로명코드><법정동> 용두동</법정동><법정동본번코드>0791</법정동본번코드><법정동부번코드>0000</법정동부번코드><법정동시군구코드>11230</법정동시군구코드><법정동읍면동코드>10200</법정동읍면동코드><법정동지번코드>1</법정동지번코드><아파트>용두두산위브</아파트><월>11</월><일>19</일><일련번호>11230-2164</일련번호><전용면적>84.99</전용면적><중개사소재지>서울 동대문구</중개사소재지><지번>791</지번><지역코드>11230</지역코드><층>10</층><해제사유발생일> </해제사유발생일><해제여부> </해제여부></item><item><거래금액>    37,500</거래금액><거래유형>중개거래</거래유형><건축년도>2016</건축년도><년>2022</년><도로명>왕산로</도로명><도로명건물본번호코드>00086</도로명건물본번호코드><도로명건물부번호코드>00000</도로명건물부번호코드><도로명시군구코드>11230</도로명시군구코드><도로명일련번호코드>00</도로명일련번호코드><도로명지상지하코드>0</도로명지상지하코드><도로명코드>3105008</도로명코드><법정동> 용두동</법정동><법정동본번코드>0104</법정동본번코드><법정동부번코드>0003</법정동부번코드><법정동시군구코드>11230</법정동시군구코드><법정동읍면동코드>10200</법정동읍면동코드><법정동지번코드>1</법정동지번코드><아파트>동대문푸르지오시티(도시형생활주택)</아파트><월>11</월><일>26</일><일련번호>11230-2647</일련번호><전용면적>30.11</전용면적><중개사소재지>서울 동대문구</중개사소재지><지번>104-3</지번><지역코드>11230</지역코드><층>6</층><해제사유발생일> </해제사유발생일><해제여부> </해제여부></item><item><거래금액>   100,000</거래금액><거래유형>중개거래</거래유형><건축년도>2011</건축년도><년>2022</년><도로명>정릉천동로</도로명><도로명건물본번호코드>00036</도로명건물본번호코드><도로명건물부번호코드>00000</도로명건물부번호코드><도로명시군구코드>11230</도로명시군구코드><도로명일련번호코드>01</도로명일련번호코드><도로명지상지하코드>0</도로명지상지하코드><도로명코드>3105014</도로명코드><법정동> 용두동</법정동><법정동본번코드>0792</법정동본번코드><법정동부번코드>0000</법정동부번코드><법정동시군구코드>11230</법정동시군구코드><법정동읍면동코드>10200</법정동읍면동코드><법정동지번코드>1</법정동지번코드><아파트>래미안 허브리츠</아파트><월>11</월><일>28</일><일련번호>11230-2198</일련번호><전용면적>84.97</전용면적><중개사소재지>서울 동대문구</중개사소재지><지번>792</지번><지역코드>11230</지역코드><층>12</층><해제사유발생일> </해제사유발생일><해제여부> </해제여부></item><item><거래금액>    85,000</거래금액><거래유형>중개거래</거래유형><건축년도>2001</건축년도><년>2022</년><도로명>고미술로</도로명><도로명건물본번호코드>00057</도로명건물본번호코드><도로명건물부번호코드>00000</도로명건물부번호코드><도로명시군구코드>11230</도로명시군구코드><도로명일련번호코드>01</도로명일련번호코드><도로명지상지하코드>0</도로명지상지하코드><도로명코드>3105003</도로명코드><법정동> 답십리동</법정동><법정동본번코드>0994</법정동본번코드><법정동부번코드>0000</법정동부번코드><법정동시군구코드>11230</법정동시군구코드><법정동읍면동코드>10500</법정동읍면동코드><법정동지번코드>1</법정동지번코드><아파트>답십리한화</아파트><월>11</월><일>1</일><일련번호>11230-29</일련번호><전용면적>84.86</전용면적><중개사소재지>서울 동대문구</중개사소재지><지번>994</지번><지역코드>11230</지역코드><층>10</층><해제사유발생일>23.03.02</해제사유발생일><해제여부>O</해제여부></item><item><거래금액>    13,400</거래금액><거래유형>중개거래</거래유형><건축년도>2016</건축년도><년>2022</년><도로명>천호대로</도로명><도로명건물본번호코드>00289</도로명건물본번호코드><도로명건물부번호코드>00000</도로명건물부번호코드><도로명시군구코드>11230</도로명시군구코드><도로명일련번호코드>00</도로명일련번호코드><도로명코드>2000008</도로명코드><법정동> 답십리동</법정동><법정동본번코드>0494</법정동본번코드><법정동부번코드>0001</법정동부번코드><법정동시군구코드>11230</법정동시군구코드><법정동읍면동코드>10500</법정동읍면동코드><법정동지번코드>1</법정동지번코드><아파트>한일노벨리아</아파트><월>11</월><일>3</일><일련번호>11230-2691</일련번호><전용면적>14.76</전용면적><중개사소재지>서울 광진구, 서울 동대문구</중개사소재지><지번>494-1</지번><지역코드>11230</지역코드><층>15</층><해제사유발생일> </해제사유발생일><해제여부> </해제여부></item><item><거래금액>    15,000</거래금액><거래유형>중개거래</거래유형><건축년도>2016</건축년도><년>2022</년><도로명>고미술로</도로명><도로명건물본번호코드>00071</도로명건물본번호코드><도로명건물부번호코드>00000</도로명건물부번호코드><도로명시군구코드>11230</도로명시군구코드><도로명일련번호코드>00</도로명일련번호코드><도로명코드>3105003</도로명코드><법정동> 답십리동</법정동><법정동본번코드>0530</법정동본번코드><법정동부번코드>0015</법정동부번코드><법정동시군구코드>11230</법정동시군구코드><법정동읍면동코드>10500</법정동읍면동코드><법정동지번코드>1</법정동지번코드><아파트>현대썬앤빌청계</아파트><월>11</월><일>4</일><일련번호>11230-2682</일련번호><전용면적>18.38</전용면적><중개사소재지>서울 성동구</중개사소재지><지번>530-15</지번><지역코드>11230</지역코드><층>11</층><해제사유발생일> </해제사유발생일><해제여부> </해제여부></item><item><거래금액>    70,500</거래금액><거래유형>중개거래</거래유형><건축년도>2011</건축년도><년>2022</년><도로명>한천로37길</도로명><도로명건물본번호코드>00033</도로명건물본번호코드><도로명건물부번호코드>00000</도로명건물부번호코드><도로명시군구코드>11230</도로명시군구코드><도로명일련번호코드>01</도로명일련번호코드><도로명지상지하코드>0</도로명지상지하코드><도로명코드>4115621</도로명코드><법정동> 답십리동</법정동><법정동본번코드>1000</법정동본번코드><법정동부번코드>0000</법정동부번코드><법정동시군구코드>11230</법정동시군구코드><법정동읍면동코드>10500</법정동읍면동코드><법정동지번코드>1</법정동지번코드><아파트>래미안엘파인아파트</아파트><월>11</월><일>8</일><일련번호>11230-2157</일련번호><전용면적>59.95</전용면적><중개사소재지>서울 동대문구</중개사소재지><지번>1000</지번><지역코드>11230</지역코드><층>14</층><해제사유발생일> </해제사유발생일><해제여부> </해제여부></item><item><거래금액>   103,000</거래금액><거래유형>중개거래</거래유형><건축년도>2019</건축년도><년>2022</년><도로명>답십리로</도로명><도로명건물본번호코드>00141</도로명건물본번호코드><도로명건물부번호코드>00000</도로명건물부번호코드><도로명시군구코드>11230</도로명시군구코드><도로명일련번호코드>01</도로명일련번호코드><도로명코드>3005025</도로명코드><법정동> 답십리동</법정동><법정동본번코드>1013</법정동본번코드><법정동부번코드>0000</법정동부번코드><법정동시군구코드>11230</법정동시군구코드><법정동읍면동코드>10500</법정동읍면동코드><법정동지번코드>1</법정동지번코드><아파트>래미안미드카운티</아파트><월>11</월><일>15</일><일련번호>11230-2802</일련번호><전용면적>84.99</전용면적><중개사소재지>서울 동대문구</중개사소재지><지번>1013</지번><지역코드>11230</지역코드><층>17</층><해제사유발생일> </해제사유발생일><해제여부> </해제여부></item><item><거래금액>   102,000</거래금액><거래유형>중개거래</거래유형><건축년도>2014</건축년도><년>2022</년><도로명>답십리로</도로명><도로명건물본번호코드>00130</도로명건물본번호코드><도로명건물부번호코드>00000</도로명건물부번호코드><도로명시군구코드>11230</도로명시군구코드><도로명일련번호코드>03</도로명일련번호코드><도로명지상지하코드>0</도로명지상지하코드><도로명코드>3005025</도로명코드><법정동> 답십리동</법정동><법정동본번코드>1003</법정동본번코드><법정동부번코드>0000</법정동부번코드><법정동시군구코드>11230</법정동시군구코드><법정동읍면동코드>10500</법정동읍면동코드><법정동지번코드>1</법정동지번코드><아파트>래미안위브</아파트><월>11</월><일>18</일><일련번호>11230-2587</일련번호><전용면적>84.98</전용면적><중개사소재지>서울 동대문구</중개사소재지><지번>1003</지번><지역코드>11230</지역코드><층>15</층><해제사유발생일> </해제사유발생일><해제여부> </해제여부></item><item><거래금액>   102,000</거래금액><거래유형>중개거래</거래유형><건축년도>2014</건축년도><년>2022</년><도로명>답십리로</도로명><도로명건물본번호코드>00130</도로명건물본번호코드><도로명건물부번호코드>00000</도로명건물부번호코드><도로명시군구코드>11230</도로명시군구코드><도로명일련번호코드>03</도로명일련번호코드><도로명지상지하코드>0</도로명지상지하코드><도로명코드>3005025</도로명코드><법정동> 답십리동</법정동><법정동본번코드>1003</법정동본번코드><법정동부번코드>0000</법정동부번코드><법정동시군구코드>11230</법정동시군구코드><법정동읍면동코드>10500</법정동읍면동코드><법정동지번코드>1</법정동지번코드><아파트>래미안위브</아파트><월>11</월><일>18</일><일련번호>11230-2587</일련번호><전용면적>84.98</전용면적><중개사소재지>서울 동대문구</중개사소재지><지번>1003</지번><지역코드>11230</지역코드><층>15</층><해제사유발생일>23.01.30</해제사유발생일><해제여부>O</해제여부></item><item><거래금액>    70,500</거래금액><거래유형>중개거래</거래유형><건축년도>2001</건축년도><년>2022</년><도로명>한천로11길</도로명><도로명건물본번호코드>00010</도로명건물본번호코드><도로명건물부번호코드>00001</도로명건물부번호코드><도로명시군구코드>11230</도로명시군구코드><도로명일련번호코드>01</도로명일련번호코드><도로명지상지하코드>0</도로명지상지하코드><도로명코드>4115600</도로명코드><법정동> 답십리동</법정동><법정동본번코드>0010</법정동본번코드><법정동부번코드>0000</법정동부번코드><법정동시군구코드>11230</법정동시군구코드><법정동읍면동코드>10500</법정동읍면동코드><법정동지번코드>1</법정동지번코드><아파트>동아</아파트><월>11</월><일>19</일><일련번호>11230-21</일련번호><전용면적>84.72</전용면적><중개사소재지>서울 동대문구</중개사소재지><지번>10</지번><지역코드>11230</지역코드><층>13</층><해제사유발생일> </해제사유발생일><해제여부> </해제여부></item><item><거래금액>    95,000</거래금액><거래유형>중개거래</거래유형><건축년도>2018</건축년도><년>2022</년><도로명>천호대로55길</도로명><도로명건물본번호코드>00011</도로명건물본번호코드><도로명건물부번호코드>00000</도로명건물부번호코드><도로명시군구코드>11230</도로명시군구코드><도로명일련번호코드>01</도로명일련번호코드><도로명지상지하코드>0</도로명지상지하코드><도로명코드>4115548</도로명코드><법정동> 답십리동</법정동><법정동본번코드>1009</법정동본번코드><법정동부번코드>0000</법정동부번코드><법정동시군구코드>11230</법정동시군구코드><법정동읍면동코드>10500</법정동읍면동코드><법정동지번코드>1</법정동지번코드><아파트>힐스테이트청계</아파트><월>11</월><일>19</일><일련번호>11230-2823</일련번호><전용면적>59.94</전용면적><중개사소재지>서울 동대문구</중개사소재지><지번>1009</지번><지역코드>11230</지역코드><층>10</층><해제사유발생일> </해제사유발생일><해제여부> </해제여부></item><item><거래금액>   102,000</거래금액><거래유형>중개거래</거래유형><건축년도>2014</건축년도><년>2022</년><도로명>답십리로</도로명><도로명건물본번호코드>00130</도로명건물본번호코드><도로명건물부번호코드>00000</도로명건물부번호코드><도로명시군구코드>11230</도로명시군구코드><도로명일련번호코드>03</도로명일련번호코드><도로명지상지하코드>0</도로명지상지하코드><도로명코드>3005025</도로명코드><법정동> 답십리동</법정동><법정동본번코드>1003</법정동본번코드><법정동부번코드>0000</법정동부번코드><법정동시군구코드>11230</법정동시군구코드><법정동읍면동코드>10500</법정동읍면동코드><법정동지번코드>1</법정동지번코드><아파트>래미안위브</아파트><월>11</월><일>19</일><일련번호>11230-2587</일련번호><전용면적>84.98</전용면적><중개사소재지>서울 동대문구</중개사소재지><지번>1003</지번><지역코드>11230</지역코드><층>12</층><해제사유발생일> </해제사유발생일><해제여부> </해제여부></item><item><거래금액>   105,000</거래금액><거래유형>중개거래</거래유형><건축년도>2014</건축년도><년>2022</년><도로명>답십리로</도로명><도로명건물본번호코드>00130</도로명건물본번호코드><도로명건물부번호코드>00000</도로명건물부번호코드><도로명시군구코드>11230</도로명시군구코드><도로명일련번호코드>03</도로명일련번호코드><도로명지상지하코드>0</도로명지상지하코드><도로명코드>3005025</도로명코드><법정동> 답십리동</법정동><법정동본번코드>1003</법정동본번코드><법정동부번코드>0000</법정동부번코드><법정동시군구코드>11230</법정동시군구코드><법정동읍면동코드>10500</법정동읍면동코드><법정동지번코드>1</법정동지번코드><아파트>래미안위브</아파트><월>11</월><일>24</일><일련번호>11230-2587</일련번호><전용면적>84.98</전용면적><중개사소재지>서울 동대문구, 서울 성북구</중개사소재지><지번>1003</지번><지역코드>11230</지역코드><층>15</층><해제사유발생일> </해제사유발생일><해제여부> </해제여부></item><item><거래금액>    13,800</거래금액><거래유형>중개거래</거래유형><건축년도>2015</건축년도><년>2022</년><도로명>천호대로</도로명><도로명건물본번호코드>00257</도로명건물본번호코드><도로명건물부번호코드>00000</도로명건물부번호코드><도로명시군구코드>11230</도로명시군구코드><도로명일련번호코드>03</도로명일련번호코드><도로명지상지하코드>0</도로명지상지하코드><도로명코드>2000008</도로명코드><법정동> 답십리동</법정동><법정동본번코드>0497</법정동본번코드><법정동부번코드>0023</법정동부번코드><법정동시군구코드>11230</법정동시군구코드><법정동읍면동코드>10500</법정동읍면동코드><법정동지번코드>1</법정동지번코드><아파트>청계푸르지오시티</아파트><월>11</월><일>25</일><일련번호>11230-2510</일련번호><전용면적>18.92</전용면적><중개사소재지>서울 동대문구</중개사소재지><지번>497-23</지번><지역코드>11230</지역코드><층>3</층><해제사유발생일> </해제사유발생일><해제여부> </해제여부></item><item><거래금액>   120,000</거래금액><거래유형>중개거래</거래유형><건축년도>2018</건축년도><년>2022</년><도로명>천호대로55길</도로명><도로명건물본번호코드>00011</도로명건물본번호코드><도로명건물부번호코드>00000</도로명건물부번호코드><도로명시군구코드>11230</도로명시군구코드><도로명일련번호코드>01</도로명일련번호코드><도로명지상지하코드>0</도로명지상지하코드><도로명코드>4115548</도로명코드><법정동> 답십리동</법정동><법정동본번코드>1009</법정동본번코드><법정동부번코드>0000</법정동부번코드><법정동시군구코드>11230</법정동시군구코드><법정동읍면동코드>10500</법정동읍면동코드><법정동지번코드>1</법정동지번코드><아파트>힐스테이트청계</아파트><월>11</월><일>30</일><일련번호>11230-2823</일련번호><전용면적>84.85</전용면적><중개사소재지>서울 동대문구</중개사소재지><지번>1009</지번><지역코드>11230</지역코드><층>26</층><해제사유발생일> </해제사유발생일><해제여부> </해제여부></item><item><거래금액>    77,500</거래금액><거래유형>중개거래</거래유형><건축년도>2003</건축년도><년>2022</년><도로명>장안벚꽃로</도로명><도로명건물본번호코드>00107</도로명건물본번호코드><도로명건물부번호코드>00000</도로명건물부번호코드><도로명시군구코드>11230</도로명시군구코드><도로명일련번호코드>01</도로명일련번호코드><도로명지상지하코드>0</도로명지상지하코드><도로명코드>3105011</도로명코드><법정동> 장안동</법정동><법정동본번코드>0336</법정동본번코드><법정동부번코드>0000</법정동부번코드><법정동시군구코드>11230</법정동시군구코드><법정동읍면동코드>10600</법정동읍면동코드><법정동지번코드>1</법정동지번코드><아파트>장안현대홈타운(336)</아파트><월>11</월><일>7</일><일련번호>11230-81</일련번호><전용면적>84.87</전용면적><중개사소재지>서울 동대문구</중개사소재지><지번>336</지번><지역코드>11230</지역코드><층>14</층><해제사유발생일> </해제사유발생일><해제여부> </해제여부></item><item><거래금액>    89,000</거래금액><거래유형>중개거래</거래유형><건축년도>2007</건축년도><년>2022</년><도로명>장안벚꽃로</도로명><도로명건물본번호코드>00167</도로명건물본번호코드><도로명건물부번호코드>00000</도로명건물부번호코드><도로명시군구코드>11230</도로명시군구코드><도로명일련번호코드>01</도로명일련번호코드><도로명지상지하코드>0</도로명지상지하코드><도로명코드>3105011</도로명코드><법정동> 장안동</법정동><법정동본번코드>0329</법정동본번코드><법정동부번코드>0003</법정동부번코드><법정동시군구코드>11230</법정동시군구코드><법정동읍면동코드>10600</법정동읍면동코드><법정동지번코드>1</법정동지번코드><아파트>래미안장안2차</아파트><월>11</월><일>8</일><일련번호>11230-129</일련번호><전용면적>81.05</전용면적><중개사소재지>서울 동대문구</중개사소재지><지번>329-3</지번><지역코드>11230</지역코드><층>12</층><해제사유발생일> </해제사유발생일><해제여부> </해제여부></item><item><거래금액>    80,000</거래금액><거래유형>중개거래</거래유형><건축년도>2003</건축년도><년>2022</년><도로명>장안벚꽃로</도로명><도로명건물본번호코드>00107</도로명건물본번호코드><도로명건물부번호코드>00000</도로명건물부번호코드><도로명시군구코드>11230</도로명시군구코드><도로명일련번호코드>01</도로명일련번호코드><도로명지상지하코드>0</도로명지상지하코드><도로명코드>3105011</도로명코드><법정동> 장안동</법정동><법정동본번코드>0336</법정동본번코드><법정동부번코드>0000</법정동부번코드><법정동시군구코드>11230</법정동시군구코드><법정동읍면동코드>10600</법정동읍면동코드><법정동지번코드>1</법정동지번코드><아파트>장안현대홈타운(336)</아파트><월>11</월><일>10</일><일련번호>11230-81</일련번호><전용면적>84.87</전용면적><중개사소재지>서울 동대문구</중개사소재지><지번>336</지번><지역코드>11230</지역코드><층>9</층><해제사유발생일> </해제사유발생일><해제여부> </해제여부></item><item><거래금액>    78,750</거래금액><거래유형>중개거래</거래유형><건축년도>2003</건축년도><년>2022</년><도로명>장안벚꽃로</도로명><도로명건물본번호코드>00107</도로명건물본번호코드><도로명건물부번호코드>00000</도로명건물부번호코드><도로명시군구코드>11230</도로명시군구코드><도로명일련번호코드>01</도로명일련번호코드><도로명지상지하코드>0</도로명지상지하코드><도로명코드>3105011</도로명코드><법정동> 장안동</법정동><법정동본번코드>0336</법정동본번코드><법정동부번코드>0000</법정동부번코드><법정동시군구코드>11230</법정동시군구코드><법정동읍면동코드>10600</법정동읍면동코드><법정동지번코드>1</법정동지번코드><아파트>장안현대홈타운(336)</아파트><월>11</월><일>14</일><일련번호>11230-81</일련번호><전용면적>84.87</전용면적><중개사소재지>서울 동대문구</중개사소재지><지번>336</지번><지역코드>11230</지역코드><층>22</층><해제사유발생일> </해제사유발생일><해제여부> </해제여부></item><item><거래금액>    39,000</거래금액><거래유형>중개거래</거래유형><건축년도>2016</건축년도><년>2022</년><도로명>장한로28가길</도로명><도로명건물본번호코드>00114</도로명건물본번호코드><도로명건물부번호코드>00000</도로명건물부번호코드><도로명시군구코드>11230</도로명시군구코드><도로명일련번호코드>00</도로명일련번호코드><도로명지상지하코드>0</도로명지상지하코드><도로명코드>4115408</도로명코드><법정동> 장안동</법정동><법정동본번코드>0319</법정동본번코드><법정동부번코드>0006</법정동부번코드><법정동시군구코드>11230</법정동시군구코드><법정동읍면동코드>10600</법정동읍면동코드><법정동지번코드>1</법정동지번코드><아파트>U-포그니</아파트><월>11</월><일>16</일><일련번호>11230-2683</일련번호><전용면적>59.15</전용면적><중개사소재지>서울 동대문구</중개사소재지><지번>319-6</지번><지역코드>11230</지역코드><층>5</층><해제사유발생일> </해제사유발생일><해제여부> </해제여부></item><item><거래금액>    10,050</거래금액><거래유형>중개거래</거래유형><건축년도>2012</건축년도><년>2022</년><도로명>장한로</도로명><도로명건물본번호코드>00105</도로명건물본번호코드><도로명건물부번호코드>00000</도로명건물부번호코드><도로명시군구코드>11230</도로명시군구코드><도로명일련번호코드>01</도로명일련번호코드><도로명지상지하코드>0</도로명지상지하코드><도로명코드>3105012</도로명코드><법정동> 장안동</법정동><법정동본번코드>0372</법정동본번코드><법정동부번코드>0005</법정동부번코드><법정동시군구코드>11230</법정동시군구코드><법정동읍면동코드>10600</법정동읍면동코드><법정동지번코드>1</법정동지번코드><아파트>장안뉴시티</아파트><월>11</월><일>17</일><일련번호>11230-2274</일련번호><전용면적>17.63</전용면적><중개사소재지>서울 동대문구</중개사소재지><지번>372-5</지번><지역코드>11230</지역코드><층>8</층><해제사유발생일> </해제사유발생일><해제여부> </해제여부></item><item><거래금액>    36,000</거래금액><거래유형>직거래</거래유형><건축년도>2016</건축년도><년>2022</년><도로명>장한로28가길</도로명><도로명건물본번호코드>00114</도로명건물본번호코드><도로명건물부번호코드>00000</도로명건물부번호코드><도로명시군구코드>11230</도로명시군구코드><도로명일련번호코드>00</도로명일련번호코드><도로명지상지하코드>0</도로명지상지하코드><도로명코드>4115408</도로명코드><법정동> 장안동</법정동><법정동본번코드>0319</법정동본번코드><법정동부번코드>0006</법정동부번코드><법정동시군구코드>11230</법정동시군구코드><법정동읍면동코드>10600</법정동읍면동코드><법정동지번코드>1</법정동지번코드><아파트>U-포그니</아파트><월>11</월><일>18</일><일련번호>11230-2683</일련번호><전용면적>59.15</전용면적><중개사소재지> </중개사소재지><지번>319-6</지번><지역코드>11230</지역코드><층>3</층><해제사유발생일> </해제사유발생일><해제여부> </해제여부></item><item><거래금액>    75,000</거래금액><거래유형>중개거래</거래유형><건축년도>2003</건축년도><년>2022</년><도로명>장안벚꽃로</도로명><도로명건물본번호코드>00107</도로명건물본번호코드><도로명건물부번호코드>00000</도로명건물부번호코드><도로명시군구코드>11230</도로명시군구코드><도로명일련번호코드>01</도로명일련번호코드><도로명지상지하코드>0</도로명지상지하코드><도로명코드>3105011</도로명코드><법정동> 장안동</법정동><법정동본번코드>0336</법정동본번코드><법정동부번코드>0000</법정동부번코드><법정동시군구코드>11230</법정동시군구코드><법정동읍면동코드>10600</법정동읍면동코드><법정동지번코드>1</법정동지번코드><아파트>장안현대홈타운(336)</아파트><월>11</월><일>21</일><일련번호>11230-81</일련번호><전용면적>84.87</전용면적><중개사소재지>서울 동대문구</중개사소재지><지번>336</지번><지역코드>11230</지역코드><층>21</층><해제사유발생일> </해제사유발생일><해제여부> </해제여부></item><item><거래금액>    12,500</거래금액><거래유형>중개거래</거래유형><건축년도>2013</건축년도><년>2022</년><도로명>천호대로97길</도로명><도로명건물본번호코드>00009</도로명건물본번호코드><도로명건물부번호코드>00000</도로명건물부번호코드><도로명시군구코드>11230</도로명시군구코드><도로명일련번호코드>01</도로명일련번호코드><도로명지상지하코드>0</도로명지상지하코드><도로명코드>4115576</도로명코드><법정동> 장안동</법정동><법정동본번코드>0466</법정동본번코드><법정동부번코드>0005</법정동부번코드><법정동시군구코드>11230</법정동시군구코드><법정동읍면동코드>10600</법정동읍면동코드><법정동지번코드>1</법정동지번코드><아파트>장안푸르미에</아파트><월>11</월><일>26</일><일련번호>11230-2389</일련번호><전용면적>12.9463</전용면적><중개사소재지>서울 도봉구</중개사소재지><지번>466-5</지번><지역코드>11230</지역코드><층>6</층><해제사유발생일> </해제사유발생일><해제여부> </해제여부></item><item><거래금액>    24,900</거래금액><거래유형>중개거래</거래유형><건축년도>2013</건축년도><년>2022</년><도로명>이문로</도로명><도로명건물본번호코드>00037</도로명건물본번호코드><도로명건물부번호코드>00000</도로명건물부번호코드><도로명시군구코드>11230</도로명시군구코드><도로명일련번호코드>01</도로명일련번호코드><도로명지상지하코드>0</도로명지상지하코드><도로명코드>3105010</도로명코드><법정동> 회기동</법정동><법정동본번코드>0346</법정동본번코드><법정동부번코드>0018</법정동부번코드><법정동시군구코드>11230</법정동시군구코드><법정동읍면동코드>10800</법정동읍면동코드><법정동지번코드>1</법정동지번코드><아파트>베라체캠퍼스</아파트><월>11</월><일>5</일><일련번호>11230-2350</일련번호><전용면적>24.011</전용면적><중개사소재지>서울 동대문구</중개사소재지><지번>346-18</지번><지역코드>11230</지역코드><층>9</층><해제사유발생일> </해제사유발생일><해제여부> </해제여부></item><item><거래금액>   105,000</거래금액><거래유형>중개거래</거래유형><건축년도>2011</건축년도><년>2022</년><도로명>회기로26길</도로명><도로명건물본번호코드>00015</도로명건물본번호코드><도로명건물부번호코드>00000</도로명건물부번호코드><도로명시군구코드>11230</도로명시군구코드><도로명일련번호코드>01</도로명일련번호코드><도로명지상지하코드>0</도로명지상지하코드><도로명코드>4115702</도로명코드><법정동> 회기동</법정동><법정동본번코드>0351</법정동본번코드><법정동부번코드>0000</법정동부번코드><법정동시군구코드>11230</법정동시군구코드><법정동읍면동코드>10800</법정동읍면동코드><법정동지번코드>1</법정동지번코드><아파트>회기힐스테이트</아파트><월>11</월><일>21</일><일련번호>11230-2239</일련번호><전용면적>120.31</전용면적><중개사소재지>서울 동대문구</중개사소재지><지번>351</지번><지역코드>11230</지역코드><층>10</층><해제사유발생일> </해제사유발생일><해제여부> </해제여부></item><item><거래금액>    23,300</거래금액><거래유형>중개거래</거래유형><건축년도>2013</건축년도><년>2022</년><도로명>이문로</도로명><도로명건물본번호코드>00037</도로명건물본번호코드><도로명건물부번호코드>00000</도로명건물부번호코드><도로명시군구코드>11230</도로명시군구코드><도로명일련번호코드>01</도로명일련번호코드><도로명지상지하코드>0</도로명지상지하코드><도로명코드>3105010</도로명코드><법정동> 회기동</법정동><법정동본번코드>0346</법정동본번코드><법정동부번코드>0018</법정동부번코드><법정동시군구코드>11230</법정동시군구코드><법정동읍면동코드>10800</법정동읍면동코드><법정동지번코드>1</법정동지번코드><아파트>베라체캠퍼스</아파트><월>11</월><일>22</일><일련번호>11230-2350</일련번호><전용면적>24.319</전용면적><중개사소재지>서울 동대문구</중개사소재지><지번>346-18</지번><지역코드>11230</지역코드><층>5</층><해제사유발생일> </해제사유발생일><해제여부> </해제여부></item><item><거래금액>   105,000</거래금액><거래유형>중개거래</거래유형><건축년도>2019</건축년도><년>2022</년><도로명>휘경로</도로명><도로명건물본번호코드>00060</도로명건물본번호코드><도로명건물부번호코드>00000</도로명건물부번호코드><도로명시군구코드>11230</도로명시군구코드><도로명일련번호코드>01</도로명일련번호코드><도로명지상지하코드>0</도로명지상지하코드><도로명코드>3105021</도로명코드><법정동> 휘경동</법정동><법정동본번코드>0372</법정동본번코드><법정동부번코드>0000</법정동부번코드><법정동시군구코드>11230</법정동시군구코드><법정동읍면동코드>10900</법정동읍면동코드><법정동지번코드>1</법정동지번코드><아파트>휘경SK뷰</아파트><월>11</월><일>5</일><일련번호>11230-2908</일련번호><전용면적>84.31</전용면적><중개사소재지>서울 동대문구</중개사소재지><지번>372</지번><지역코드>11230</지역코드><층>9</층><해제사유발생일> </해제사유발생일><해제여부> </해제여부></item><item><거래금액>    92,000</거래금액><거래유형>중개거래</거래유형><건축년도>2019</건축년도><년>2022</년><도로명>휘경로</도로명><도로명건물본번호코드>00060</도로명건물본번호코드><도로명건물부번호코드>00000</도로명건물부번호코드><도로명시군구코드>11230</도로명시군구코드><도로명일련번호코드>01</도로명일련번호코드><도로명지상지하코드>0</도로명지상지하코드><도로명코드>3105021</도로명코드><법정동> 휘경동</법정동><법정동본번코드>0372</법정동본번코드><법정동부번코드>0000</법정동부번코드><법정동시군구코드>11230</법정동시군구코드><법정동읍면동코드>10900</법정동읍면동코드><법정동지번코드>1</법정동지번코드><아파트>휘경SK뷰</아파트><월>11</월><일>5</일><일련번호>11230-2908</일련번호><전용면적>59.65</전용면적><중개사소재지>서울 동대문구</중개사소재지><지번>372</지번><지역코드>11230</지역코드><층>17</층><해제사유발생일> </해제사유발생일><해제여부> </해제여부></item><item><거래금액>    22,800</거래금액><거래유형>중개거래</거래유형><건축년도>2001</건축년도><년>2022</년><도로명>망우로12길</도로명><도로명건물본번호코드>00061</도로명건물본번호코드><도로명건물부번호코드>00000</도로명건물부번호코드><도로명시군구코드>11230</도로명시군구코드><도로명일련번호코드>01</도로명일련번호코드><도로명지상지하코드>0</도로명지상지하코드><도로명코드>4115111</도로명코드><법정동> 휘경동</법정동><법정동본번코드>0308</법정동본번코드><법정동부번코드>0110</법정동부번코드><법정동시군구코드>11230</법정동시군구코드><법정동읍면동코드>10900</법정동읍면동코드><법정동지번코드>1</법정동지번코드><아파트>동성</아파트><월>11</월><일>28</일><일련번호>11230-49</일련번호><전용면적>25.34</전용면적><중개사소재지>서울 동대문구</중개사소재지><지번>308-110</지번><지역코드>11230</지역코드><층>6</층><해제사유발생일> </해제사유발생일><해제여부> </해제여부></item><item><거래금액>    60,000</거래금액><거래유형>중개거래</거래유형><건축년도>2000</건축년도><년>2022</년><도로명>한천로58길</도로명><도로명건물본번호코드>00047</도로명건물본번호코드><도로명건물부번호코드>00000</도로명건물부번호코드><도로명시군구코드>11230</도로명시군구코드><도로명일련번호코드>01</도로명일련번호코드><도로명지상지하코드>0</도로명지상지하코드><도로명코드>4115640</도로명코드><법정동> 이문동</법정동><법정동본번코드>0064</법정동본번코드><법정동부번코드>0000</법정동부번코드><법정동시군구코드>11230</법정동시군구코드><법정동읍면동코드>11000</법정동읍면동코드><법정동지번코드>1</법정동지번코드><아파트>쌍용</아파트><월>11</월><일>19</일><일련번호>11230-62</일련번호><전용면적>59.99</전용면적><중개사소재지>서울 동대문구</중개사소재지><지번>64</지번><지역코드>11230</지역코드><층>15</층><해제사유발생일> </해제사유발생일><해제여부> </해제여부></item></items><numOfRows>999</numOfRows><pageNo>1</pageNo><totalCount>33</totalCount></body></response>