<?xml version="1.0" encoding="UTF-8" standalone="yes"?><response><header><resultCode>00</resultCode><resultMsg>NORMAL SERVICE.</resultMsg></header><body><items><item><거래금액>    90,000</거래금액><거래유형>중개거래</거래유형><건축년도>1997</건축년도><년>2023</년><도로명>만양로8길</도로명><도로명건물본번호코드>00050</도로명건물본번호코드><도로명건물부번호코드>00000</도로명건물부번호코드><도로명시군구코드>11590</도로명시군구코드><도로명일련번호코드>01</도로명일련번호코드><도로명지상지하코드>0</도로명지상지하코드><도로명코드>4157208</도로명코드><법정동> 노량진동</법정동><법정동본번코드>0323</법정동본번코드><법정동부번코드>0000</법정동부번코드><법정동시군구코드>11590</법정동시군구코드><법정동읍면동코드>10100</법정동읍면동코드><법정동지번코드>1</법정동지번코드><아파트>우성</아파트><월>1</월><일>10</일><일련번호>11590-5</일련번호><전용면적>59.82</전용면적><중개사소재지>서울 동작구</중개사소재지><지번>323</지번><지역코드>11590</지역코드><층>7</층><해제사유발생일> </해제사유발생일><해제여부> </해제여부></item><item><거래금액>   102,000</거래금액><거래유형>중개거래</거래유형><건축년도>2001</건축년도><년>2023</년><도로명>만양로</도로명><도로명건물본번호코드>00019</도로명건물본번호코드><도로명건물부번호코드>00000</도로명건물부번호코드><도로명시군구코드>11590</도로명시군구코드><도로명일련번호코드>01</도로명일련번호코드><도로명지상지하코드>0</도로명지상지하코드><도로명코드>3119002</도로명코드><법정동> 노량진동</법정동><법정동본번코드>0325</법정동본번코드><법정동부번코드>0000</법정동부번코드><법정동시군구코드>11590</법정동시군구코드><법정동읍면동코드>10100</법정동읍면동코드><법정동지번코드>1</법정동지번코드><아파트>신동아리버파크</아파트><월>1</월><일>19</일><일련번호>11590-4</일련번호><전용면적>84.88</전용면적><중개사소재지>서울 동작구</중개사소재지><지번>325</지번><지역코드>11590</지역코드><층>3</층><해제사유발생일> </해제사유발생일><해제여부> </해제여부></item><item><거래금액>   102,000</거래금액><거래유형>중개거래</거래유형><건축년도>1997</건축년도><년>2023</년><도로명>만양로8길</도로명><도로명건물본번호코드>00050</도로명건물본번호코드><도로명건물부번호코드>00000</도로명건물부번호코드><도로명시군구코드>11590</도로명시군구코드><도로명일련번호코드>01</도로명일련번호코드><도로명지상지하코드>0</도로명지상지하코드><도로명코드>4157208</도로명코드><법정동> 노량진동</법정동><법정동본번코드>0323</법정동본번코드><법정동부번코드>0000</법정동부번코드><법정동시군구코드>11590</법정동시군구코드><법정동읍면동코드>10100</법정동읍면동코드><법정동지번코드>1</법정동지번코드><아파트>우성</아파트><월>1</월><일>31</일><일련번호>11590-5</일련번호><전용면적>124.77</전용면적><중개사소재지>서울 동작구</중개사소재지><지번>323</지번><지역코드>11590</지역코드><층>4</층><해제사유발생일> </해제사유발생일><해제여부> </해제여부></item><item><거래금액>    84,000</거래금액><거래유형>중개거래</거래유형><건축년도>2003</건축년도><년>2023</년><도로명>상도로</도로명><도로명건물본번호코드>00320</도로명건물본번호코드><도로명건물부번호코드>00000</도로명건물부번호코드><도로명시군구코드>11590</도로명시군구코드><도로명일련번호코드>02</도로명일련번호코드><도로명지상지하코드>0</도로명지상지하코드><도로명코드>3119005</도로명코드><법정동> 상도동</법정동><법정동본번코드>0415</법정동본번코드><법정동부번코드>0000</법정동부번코드><법정동시군구코드>11590</법정동시군구코드><법정동읍면동코드>10200</법정동읍면동코드><법정동지번코드>1</법정동지번코드><아파트>중앙하이츠빌</아파트><월>1</월><일>3</일><일련번호>11590-100</일련번호><전용면적>84.9883</전용면적><중개사소재지>서울 동작구, 서울 서초구</중개사소재지><지번>415</지번><지역코드>11590</지역코드><층>13</층><해제사유발생일> </해제사유발생일><해제여부> </해제여부></item><item><거래금액>   108,000</거래금액><거래유형>중개거래</거래유형><건축년도>2004</건축년도><년>2023</년><도로명>장승배기로</도로명><도로명건물본번호코드>00026</도로명건물본번호코드><도로명건물부번호코드>00000</도로명건물부번호코드><도로명시군구코드>11590</도로명시군구코드><도로명일련번호코드>02</도로명일련번호코드><도로명지상지하코드>0</도로명지상지하코드><도로명코드>3119008</도로명코드><법정동> 상도동</법정동><법정동본번코드>0416</법정동본번코드><법정동부번코드>0000</법정동부번코드><법정동시군구코드>11590</법정동시군구코드><법정동읍면동코드>10200</법정동읍면동코드><법정동지번코드>1</법정동지번코드><아파트>아이파크</아파트><월>1</월><일>6</일><일련번호>11590-126</일련번호><전용면적>114.83</전용면적><중개사소재지>서울 동작구</중개사소재지><지번>416</지번><지역코드>11590</지역코드><층>15</층><해제사유발생일> </해제사유발생일><해제여부> </해제여부></item><item><거래금액>   113,000</거래금액><거래유형>직거래</거래유형><건축년도>2004</건축년도><년>2023</년><도로명>상도로53길</도로명><도로명건물본번호코드>00008</도로명건물본번호코드><도로명건물부번호코드>00000</도로명건물부번호코드><도로명시군구코드>11590</도로명시군구코드><도로명일련번호코드>01</도로명일련번호코드><도로명지상지하코드>0</도로명지상지하코드><도로명코드>4157376</도로명코드><법정동> 상도동</법정동><법정동본번코드>0431</법정동본번코드><법정동부번코드>0000</법정동부번코드><법정동시군구코드>11590</법정동시군구코드><법정동읍면동코드>10200</법정동읍면동코드><법정동지번코드>1</법정동지번코드><아파트>래미안상도3차</아파트><월>1</월><일>6</일><일련번호>11590-127</일련번호><전용면적>84.96</전용면적><중개사소재지> </중개사소재지><지번>431</지번><지역코드>11590</지역코드><층>7</층><해제사유발생일>23.01.16</해제사유발생일><해제여부>O</해제여부></item><item><거래금액>   104,000</거래금액><거래유형>중개거래</거래유형><건축년도>2018</건축년도><년>2023</년><도로명>만양로</도로명><도로명건물본번호코드>00006</도로명건물본번호코드><도로명건물부번호코드>00000</도로명건물부번호코드><도로명시군구코드>11590</도로명시군구코드><도로명일련번호코드>01</도로명일련번호코드><도로명코드>3119002</도로명코드><법정동> 상도동</법정동><법정동본번코드>0903</법정동본번코드><법정동부번코드>0000</법정동부번코드><법정동시군구코드>11590</법정동시군구코드><법정동읍면동코드>10200</법정동읍면동코드><법정동지번코드>1</법정동지번코드><아파트>e편한세상상도노빌리티</아파트><월>1</월><일>7</일><일련번호>11590-4879</일련번호><전용면적>59.7827</전용면적><중개사소재지>서울 동작구</중개사소재지><지번>903</지번><지역코드>11590</지역코드><층>21</층><해제사유발생일> </해제사유발생일><해제여부> </해제여부></item><item><거래금액>    64,000</거래금액><거래유형>중개거래</거래유형><건축년도>1992</건축년도><년>2023</년><도로명>상도로</도로명><도로명건물본번호코드>00421</도로명건물본번호코드><도로명건물부번호코드>00000</도로명건물부번호코드><도로명시군구코드>11590</도로명시군구코드><도로명일련번호코드>02</도로명일련번호코드><도로명지상지하코드>0</도로명지상지하코드><도로명코드>3119005</도로명코드><법정동> 상도동</법정동><법정동본번코드>0407</법정동본번코드><법정동부번코드>0000</법정동부번코드><법정동시군구코드>11590</법정동시군구코드><법정동읍면동코드>10200</법정동읍면동코드><법정동지번코드>1</법정동지번코드><아파트>현대(관악)</아파트><월>1</월><일>9</일><일련번호>11590-3295</일련번호><전용면적>58.59</전용면적><중개사소재지>서울 관악구</중개사소재지><지번>407</지번><지역코드>11590</지역코드><층>8</층><해제사유발생일> </해제사유발생일><해제여부> </해제여부></item><item><거래금액>   118,000</거래금액><거래유형>중개거래</거래유형><건축년도>2012</건축년도><년>2023</년><도로명>상도로</도로명><도로명건물본번호코드>00346</도로명건물본번호코드><도로명건물부번호코드>00001</도로명건물부번호코드><도로명시군구코드>11590</도로명시군구코드><도로명일련번호코드>02</도로명일련번호코드><도로명지상지하코드>0</도로명지상지하코드><도로명코드>3119005</도로명코드><법정동> 상도동</법정동><법정동본번코드>0531</법정동본번코드><법정동부번코드>0000</법정동부번코드><법정동시군구코드>11590</법정동시군구코드><법정동읍면동코드>10200</법정동읍면동코드><법정동지번코드>1</법정동지번코드><아파트>힐스테이트 상도 센트럴파크</아파트><월>1</월><일>9</일><일련번호>11590-3954</일련번호><전용면적>84.6099</전용면적><중개사소재지>서울 동작구</중개사소재지><지번>531</지번><지역코드>11590</지역코드><층>7</층><해제사유발생일> </해제사유발생일><해제여부> </해제여부></item><item><거래금액>    72,000</거래금액><거래유형>중개거래</거래유형><건축년도>1994</건축년도><년>2023</년><도로명>상도로</도로명><도로명건물본번호코드>00407</도로명건물본번호코드><도로명건물부번호코드>00000</도로명건물부번호코드><도로명시군구코드>11590</도로명시군구코드><도로명일련번호코드>02</도로명일련번호코드><도로명지상지하코드>0</도로명지상지하코드><도로명코드>3119005</도로명코드><법정동> 상도동</법정동><법정동본번코드>0408</법정동본번코드><법정동부번코드>0000</법정동부번코드><법정동시군구코드>11590</법정동시군구코드><법정동읍면동코드>10200</법정동읍면동코드><법정동지번코드>1</법정동지번코드><아파트>상도동삼호아파트</아파트><월>1</월><일>11</일><일련번호>11590-13</일련번호><전용면적>84.52</전용면적><중개사소재지>서울 동작구</중개사소재지><지번>408</지번><지역코드>11590</지역코드><층>9</층><해제사유발생일> </해제사유발생일><해제여부> </해제여부></item><item><거래금액>   130,000</거래금액><거래유형>중개거래</거래유형><건축년도>2018</건축년도><년>2023</년><도로명>만양로</도로명><도로명건물본번호코드>00006</도로명건물본번호코드><도로명건물부번호코드>00000</도로명건물부번호코드><도로명시군구코드>11590</도로명시군구코드><도로명일련번호코드>01</도로명일련번호코드><도로명코드>3119002</도로명코드><법정동> 상도동</법정동><법정동본번코드>0903</법정동본번코드><법정동부번코드>0000</법정동부번코드><법정동시군구코드>11590</법정동시군구코드><법정동읍면동코드>10200</법정동읍면동코드><법정동지번코드>1</법정동지번코드><아파트>e편한세상상도노빌리티</아파트><월>1</월><일>11</일><일련번호>11590-4879</일련번호><전용면적>84.9704</전용면적><중개사소재지>서울 동작구</중개사소재지><지번>903</지번><지역코드>11590</지역코드><층>15</층><해제사유발생일> </해제사유발생일><해제여부> </해제여부></item><item><거래금액>    86,000</거래금액><거래유형>중개거래</거래유형><건축년도>2003</건축년도><년>2023</년><도로명>상도로</도로명><도로명건물본번호코드>00320</도로명건물본번호코드><도로명건물부번호코드>00000</도로명건물부번호코드><도로명시군구코드>11590</도로명시군구코드><도로명일련번호코드>02</도로명일련번호코드><도로명지상지하코드>0</도로명지상지하코드><도로명코드>3119005</도로명코드><법정동> 상도동</법정동><법정동본번코드>0415</법정동본번코드><법정동부번코드>0000</법정동부번코드><법정동시군구코드>11590</법정동시군구코드><법정동읍면동코드>10200</법정동읍면동코드><법정동지번코드>1</법정동지번코드><아파트>중앙하이츠빌</아파트><월>1</월><일>17</일><일련번호>11590-100</일련번호><전용면적>84.9883</전용면적><중개사소재지>서울 동작구</중개사소재지><지번>415</지번><지역코드>11590</지역코드><층>6</층><해제사유발생일> </해제사유발생일><해제여부> </해제여부></item><item><거래금액>   147,500</거래금액><거래유형>중개거래</거래유형><건축년도>2007</건축년도><년>2023</년><도로명>장승배기로4길</도로명><도로명건물본번호코드>00009</도로명건물본번호코드><도로명건물부번호코드>00000</도로명건물부번호코드><도로명시군구코드>11590</도로명시군구코드><도로명일련번호코드>01</도로명일련번호코드><도로명지상지하코드>0</도로명지상지하코드><도로명코드>4157611</도로명코드><법정동> 상도동</법정동><법정동본번코드>0521</법정동본번코드><법정동부번코드>0000</법정동부번코드><법정동시군구코드>11590</법정동시군구코드><법정동읍면동코드>10200</법정동읍면동코드><법정동지번코드>1</법정동지번코드><아파트>포스코더샵</아파트><월>1</월><일>17</일><일련번호>11590-3412</일련번호><전용면적>132.735</전용면적><중개사소재지>서울 동작구</중개사소재지><지번>521</지번><지역코드>11590</지역코드><층>5</층><해제사유발생일> </해제사유발생일><해제여부> </해제여부></item><item><거래금액>   147,500</거래금액><거래유형>중개거래</거래유형><건축년도>2007</건축년도><년>2023</년><도로명>장승배기로4길</도로명><도로명건물본번호코드>00009</도로명건물본번호코드><도로명건물부번호코드>00000</도로명건물부번호코드><도로명시군구코드>11590</도로명시군구코드><도로명일련번호코드>01</도로명일련번호코드><도로명지상지하코드>0</도로명지상지하코드><도로명코드>4157611</도로명코드><법정동> 상도동</법정동><법정동본번코드>0521</법정동본번코드><법정동부번코드>0000</법정동부번코드><법정동시군구코드>11590</법정동시군구코드><법정동읍면동코드>10200</법정동읍면동코드><법정동지번코드>1</법정동지번코드><아파트>포스코더샵</아파트><월>1</월><일>17</일><일련번호>11590-3412</일련번호><전용면적>132.735</전용면적><중개사소재지>서울 동작구</중개사소재지><지번>521</지번><지역코드>11590</지역코드><층>5</층><해제사유발생일>23.02.20</해제사유발생일><해제여부>O</해제여부></item><item><거래금액>   129,500</거래금액><거래유형>중개거래</거래유형><건축년도>2018</건축년도><년>2023</년><도로명>만양로</도로명><도로명건물본번호코드>00006</도로명건물본번호코드><도로명건물부번호코드>00000</도로명건물부번호코드><도로명시군구코드>11590</도로명시군구코드><도로명일련번호코드>01</도로명일련번호코드><도로명코드>3119002</도로명코드><법정동> 상도동</법정동><법정동본번코드>0903</법정동본번코드><법정동부번코드>0000</법정동부번코드><법정동시군구코드>11590</법정동시군구코드><법정동읍면동코드>10200</법정동읍면동코드><법정동지번코드>1</법정동지번코드><아파트>e편한세상상도노빌리티</아파트><월>1</월><일>18</일><일련번호>11590-4879</일련번호><전용면적>84.9704</전용면적><중개사소재지>서울 동작구</중개사소재지><지번>903</지번><지역코드>11590</지역코드><층>9</층><해제사유발생일> </해제사유발생일><해제여부> </해제여부></item><item><거래금액>   112,500</거래금액><거래유형>중개거래</거래유형><건축년도>2012</건축년도><년>2023</년><도로명>상도로</도로명><도로명건물본번호코드>00346</도로명건물본번호코드><도로명건물부번호코드>00001</도로명건물부번호코드><도로명시군구코드>11590</도로명시군구코드><도로명일련번호코드>02</도로명일련번호코드><도로명지상지하코드>0</도로명지상지하코드><도로명코드>3119005</도로명코드><법정동> 상도동</법정동><법정동본번코드>0531</법정동본번코드><법정동부번코드>0000</법정동부번코드><법정동시군구코드>11590</법정동시군구코드><법정동읍면동코드>10200</법정동읍면동코드><법정동지번코드>1</법정동지번코드><아파트>힐스테이트 상도 센트럴파크</아파트><월>1</월><일>24</일><일련번호>11590-3954</일련번호><전용면적>84.6099</전용면적><중개사소재지>서울 동작구</중개사소재지><지번>531</지번><지역코드>11590</지역코드><층>7</층><해제사유발생일> </해제사유발생일><해제여부> </해제여부></item><item><거래금액>    72,000</거래금액><거래유형>중개거래</거래유형><건축년도>1994</건축년도><년>2023</년><도로명>상도로</도로명><도로명건물본번호코드>00407</도로명건물본번호코드><도로명건물부번호코드>00000</도로명건물부번호코드><도로명시군구코드>11590</도로명시군구코드><도로명일련번호코드>02</도로명일련번호코드><도로명지상지하코드>0</도로명지상지하코드><도로명코드>3119005</도로명코드><법정동> 상도동</법정동><법정동본번코드>0408</법정동본번코드><법정동부번코드>0000</법정동부번코드><법정동시군구코드>11590</법정동시군구코드><법정동읍면동코드>10200</법정동읍면동코드><법정동지번코드>1</법정동지번코드><아파트>상도동삼호아파트</아파트><월>1</월><일>25</일><일련번호>11590-13</일련번호><전용면적>84.52</전용면적><중개사소재지>서울 강남구, 서울 동작구</중개사소재지><지번>408</지번><지역코드>11590</지역코드><층>9</층><해제사유발생일> </해제사유발생일><해제여부> </해제여부></item><item><거래금액>    86,000</거래금액><거래유형>중개거래</거래유형><건축년도>2010</건축년도><년>2023</년><도로명>상도로30길</도로명><도로명건물본번호코드>00039</도로명건물본번호코드><도로명건물부번호코드>00000</도로명건물부번호코드><도로명시군구코드>11590</도로명시군구코드><도로명일련번호코드>01</도로명일련번호코드><도로명지상지하코드>0</도로명지상지하코드><도로명코드>4157340</도로명코드><법정동> 상도동</법정동><법정동본번코드>0529</법정동본번코드><법정동부번코드>0000</법정동부번코드><법정동시군구코드>11590</법정동시군구코드><법정동읍면동코드>10200</법정동읍면동코드><법정동지번코드>1</법정동지번코드><아파트>상도두산위브</아파트><월>1</월><일>27</일><일련번호>11590-3714</일련번호><전용면적>84.534</전용면적><중개사소재지>서울 동작구</중개사소재지><지번>529</지번><지역코드>11590</지역코드><층>2</층><해제사유발생일> </해제사유발생일><해제여부> </해제여부></item><item><거래금액>   115,000</거래금액><거래유형>직거래</거래유형><건축년도>1988</건축년도><년>2023</년><도로명>현충로</도로명><도로명건물본번호코드>00119</도로명건물본번호코드><도로명건물부번호코드>00000</도로명건물부번호코드><도로명시군구코드>11590</도로명시군구코드><도로명일련번호코드>02</도로명일련번호코드><도로명지상지하코드>0</도로명지상지하코드><도로명코드>3119009</도로명코드><법정동> 흑석동</법정동><법정동본번코드>0010</법정동본번코드><법정동부번코드>0000</법정동부번코드><법정동시군구코드>11590</법정동시군구코드><법정동읍면동코드>10500</법정동읍면동코드><법정동지번코드>1</법정동지번코드><아파트>명수대현대</아파트><월>1</월><일>3</일><일련번호>11590-34</일련번호><전용면적>84.33</전용면적><중개사소재지> </중개사소재지><지번>10</지번><지역코드>11590</지역코드><층>7</층><해제사유발생일> </해제사유발생일><해제여부> </해제여부></item><item><거래금액>    80,650</거래금액><거래유형>중개거래</거래유형><건축년도>2003</건축년도><년>2023</년><도로명>서달로1길</도로명><도로명건물본번호코드>00017</도로명건물본번호코드><도로명건물부번호코드>00000</도로명건물부번호코드><도로명시군구코드>11590</도로명시군구코드><도로명일련번호코드>01</도로명일련번호코드><도로명지상지하코드>0</도로명지상지하코드><도로명코드>4157422</도로명코드><법정동> 흑석동</법정동><법정동본번코드>0328</법정동본번코드><법정동부번코드>0000</법정동부번코드><법정동시군구코드>11590</법정동시군구코드><법정동읍면동코드>10500</법정동읍면동코드><법정동지번코드>1</법정동지번코드><아파트>흑석동양아파트</아파트><월>1</월><일>9</일><일련번호>11590-106</일련번호><전용면적>59.511</전용면적><중개사소재지>서울 동작구</중개사소재지><지번>328</지번><지역코드>11590</지역코드><층>13</층><해제사유발생일> </해제사유발생일><해제여부> </해제여부></item><item><거래금액>   150,000</거래금액><거래유형>중개거래</거래유형><건축년도>1988</건축년도><년>2023</년><도로명>현충로</도로명><도로명건물본번호코드>00151</도로명건물본번호코드><도로명건물부번호코드>00000</도로명건물부번호코드><도로명시군구코드>11590</도로명시군구코드><도로명일련번호코드>02</도로명일련번호코드><도로명지상지하코드>0</도로명지상지하코드><도로명코드>3119009</도로명코드><법정동> 흑석동</법정동><법정동본번코드>0028</법정동본번코드><법정동부번코드>0000</법정동부번코드><법정동시군구코드>11590</법정동시군구코드><법정동읍면동코드>10500</법정동읍면동코드><법정동지번코드>1</법정동지번코드><아파트>한강현대</아파트><월>1</월><일>14</일><일련번호>11590-36</일련번호><전용면적>114.44</전용면적><중개사소재지>서울 동작구</중개사소재지><지번>28</지번><지역코드>11590</지역코드><층>3</층><해제사유발생일> </해제사유발생일><해제여부> </해제여부></item><item><거래금액>   123,500</거래금액><거래유형>중개거래</거래유형><건축년도>2012</건축년도><년>2023</년><도로명>흑석한강로</도로명><도로명건물본번호코드>00027</도로명건물본번호코드><도로명건물부번호코드>00000</도로명건물부번호코드><도로명시군구코드>11590</도로명시군구코드><도로명일련번호코드>01</도로명일련번호코드><도로명지상지하코드>0</도로명지상지하코드><도로명코드>3119012</도로명코드><법정동> 흑석동</법정동><법정동본번코드>0336</법정동본번코드><법정동부번코드>0000</법정동부번코드><법정동시군구코드>11590</법정동시군구코드><법정동읍면동코드>10500</법정동읍면동코드><법정동지번코드>1</법정동지번코드><아파트>흑석한강푸르지오</아파트><월>1</월><일>15</일><일련번호>11590-3965</일련번호><전용면적>84.98</전용면적><중개사소재지>서울 동작구</중개사소재지><지번>336</지번><지역코드>11590</지역코드><층>4</층><해제사유발생일> </해제사유발생일><해제여부> </해제여부></item><item><거래금액>   139,000</거래금액><거래유형>중개거래</거래유형><건축년도>2011</건축년도><년>2023</년><도로명>흑석한강로</도로명><도로명건물본번호코드>00012</도로명건물본번호코드><도로명건물부번호코드>00000</도로명건물부번호코드><도로명시군구코드>11590</도로명시군구코드><도로명일련번호코드>01</도로명일련번호코드><도로명지상지하코드>0</도로명지상지하코드><도로명코드>3119012</도로명코드><법정동> 흑석동</법정동><법정동본번코드>0335</법정동본번코드><법정동부번코드>0000</법정동부번코드><법정동시군구코드>11590</법정동시군구코드><법정동읍면동코드>10500</법정동읍면동코드><법정동지번코드>1</법정동지번코드><아파트>흑석한강센트레빌</아파트><월>1</월><일>16</일><일련번호>11590-3773</일련번호><전용면적>84.84</전용면적><중개사소재지>서울 동작구</중개사소재지><지번>335</지번><지역코드>11590</지역코드><층>8</층><해제사유발생일> </해제사유발생일><해제여부> </해제여부></item><item><거래금액>   114,000</거래금액><거래유형>중개거래</거래유형><건축년도>2018</건축년도><년>2023</년><도로명>서달로</도로명><도로명건물본번호코드>00123</도로명건물본번호코드><도로명건물부번호코드>00000</도로명건물부번호코드><도로명시군구코드>11590</도로명시군구코드><도로명일련번호코드>01</도로명일련번호코드><도로명코드>3119006</도로명코드><법정동> 흑석동</법정동><법정동본번코드>0340</법정동본번코드><법정동부번코드>0000</법정동부번코드><법정동시군구코드>11590</법정동시군구코드><법정동읍면동코드>10500</법정동읍면동코드><법정동지번코드>1</법정동지번코드><아파트>롯데캐슬에듀포레</아파트><월>1</월><일>24</일><일련번호>11590-4875</일련번호><전용면적>59.8718</전용면적><중개사소재지>서울 동작구</중개사소재지><지번>340</지번><지역코드>11590</지역코드><층>12</층><해제사유발생일> </해제사유발생일><해제여부> </해제여부></item><item><거래금액>   107,000</거래금액><거래유형>중개거래</거래유형><건축년도>2003</건축년도><년>2023</년><도로명>동작대로39가길</도로명><도로명건물본번호코드>00055</도로명건물본번호코드><도로명건물부번호코드>00000</도로명건물부번호코드><도로명시군구코드>11590</도로명시군구코드><도로명일련번호코드>01</도로명일련번호코드><도로명지상지하코드>0</도로명지상지하코드><도로명코드>4157667</도로명코드><법정동> 동작동</법정동><법정동본번코드>0331</법정동본번코드><법정동부번코드>0000</법정동부번코드><법정동시군구코드>11590</법정동시군구코드><법정동읍면동코드>10600</법정동읍면동코드><법정동지번코드>1</법정동지번코드><아파트>금강KCC</아파트><월>1</월><일>28</일><일련번호>11590-95</일련번호><전용면적>84.95</전용면적><중개사소재지>서울 동작구, 서울 서초구</중개사소재지><지번>331</지번><지역코드>11590</지역코드><층>11</층><해제사유발생일> </해제사유발생일><해제여부> </해제여부></item><item><거래금액>    88,000</거래금액><거래유형>중개거래</거래유형><건축년도>2021</건축년도><년>2023</년><도로명>사당로</도로명><도로명건물본번호코드>00090</도로명건물본번호코드><도로명건물부번호코드>00000</도로명건물부번호코드><도로명시군구코드>11590</도로명시군구코드><도로명일련번호코드>00</도로명일련번호코드><도로명코드>3119004</도로명코드><법정동> 사당동</법정동><법정동본번코드>1160</법정동본번코드><법정동부번코드>0000</법정동부번코드><법정동시군구코드>11590</법정동시군구코드><법정동읍면동코드>10700</법정동읍면동코드><법정동지번코드>1</법정동지번코드><아파트>사당롯데캐슬골든포레</아파트><월>1</월><일>7</일><일련번호>11590-4948</일련번호><전용면적>59.9908</전용면적><중개사소재지>서울 동작구</중개사소재지><지번>1160</지번><지역코드>11590</지역코드><층>5</층><해제사유발생일> </해제사유발생일><해제여부> </해제여부></item><item><거래금액>    14,200</거래금액><거래유형>중개거래</거래유형><건축년도>2015</건축년도><년>2023</년><도로명>사당로</도로명><도로명건물본번호코드>00158</도로명건물본번호코드><도로명건물부번호코드>00000</도로명건물부번호코드><도로명시군구코드>11590</도로명시군구코드><도로명일련번호코드>02</도로명일련번호코드><도로명지상지하코드>0</도로명지상지하코드><도로명코드>3119004</도로명코드><법정동> 사당동</법정동><법정동본번코드>0206</법정동본번코드><법정동부번코드>0127</법정동부번코드><법정동시군구코드>11590</법정동시군구코드><법정동읍면동코드>10700</법정동읍면동코드><법정동지번코드>1</법정동지번코드><아파트>사당휴브리지(206-127)</아파트><월>1</월><일>10</일><일련번호>11590-4322</일련번호><전용면적>12.42</전용면적><중개사소재지>서울 동작구</중개사소재지><지번>206-127</지번><지역코드>11590</지역코드><층>4</층><해제사유발생일> </해제사유발생일><해제여부> </해제여부></item><item><거래금액>    17,500</거래금액><거래유형>중개거래</거래유형><건축년도>2015</건축년도><년>2023</년><도로명>사당로</도로명><도로명건물본번호코드>00158</도로명건물본번호코드><도로명건물부번호코드>00000</도로명건물부번호코드><도로명시군구코드>11590</도로명시군구코드><도로명일련번호코드>02</도로명일련번호코드><도로명지상지하코드>0</도로명지상지하코드><도로명코드>3119004</도로명코드><법정동> 사당동</법정동><법정동본번코드>0206</법정동본번코드><법정동부번코드>0127</법정동부번코드><법정동시군구코드>11590</법정동시군구코드><법정동읍면동코드>10700</법정동읍면동코드><법정동지번코드>1</법정동지번코드><아파트>사당휴브리지(206-127)</아파트><월>1</월><일>10</일><일련번호>11590-4322</일련번호><전용면적>12.49</전용면적><중개사소재지>서울 성북구</중개사소재지><지번>206-127</지번><지역코드>11590</지역코드><층>8</층><해제사유발생일>23.02.08</해제사유발생일><해제여부>O</해제여부></item><item><거래금액>   114,000</거래금액><거래유형>중개거래</거래유형><건축년도>1993</건축년도><년>2023</년><도로명>동작대로29길</도로명><도로명건물본번호코드>00091</도로명건물본번호코드><도로명건물부번호코드>00000</도로명건물부번호코드><도로명시군구코드>11590</도로명시군구코드><도로명일련번호코드>02</도로명일련번호코드><도로명지상지하코드>0</도로명지상지하코드><도로명코드>4157127</도로명코드><법정동> 사당동</법정동><법정동본번코드>0105</법정동본번코드><법정동부번코드>0000</법정동부번코드><법정동시군구코드>11590</법정동시군구코드><법정동읍면동코드>10700</법정동읍면동코드><법정동지번코드>1</법정동지번코드><아파트>사당우성2</아파트><월>1</월><일>13</일><일련번호>11590-49</일련번호><전용면적>84.66</전용면적><중개사소재지>서울 동작구</중개사소재지><지번>105</지번><지역코드>11590</지역코드><층>6</층><해제사유발생일> </해제사유발생일><해제여부> </해제여부></item><item><거래금액>    14,500</거래금액><거래유형>중개거래</거래유형><건축년도>2015</건축년도><년>2023</년><도로명>사당로</도로명><도로명건물본번호코드>00158</도로명건물본번호코드><도로명건물부번호코드>00000</도로명건물부번호코드><도로명시군구코드>11590</도로명시군구코드><도로명일련번호코드>02</도로명일련번호코드><도로명지상지하코드>0</도로명지상지하코드><도로명코드>3119004</도로명코드><법정동> 사당동</법정동><법정동본번코드>0206</법정동본번코드><법정동부번코드>0127</법정동부번코드><법정동시군구코드>11590</법정동시군구코드><법정동읍면동코드>10700</법정동읍면동코드><법정동지번코드>1</법정동지번코드><아파트>사당휴브리지(206-127)</아파트><월>1</월><일>14</일><일련번호>11590-4322</일련번호><전용면적>12.42</전용면적><중개사소재지>서울 동작구</중개사소재지><지번>206-127</지번><지역코드>11590</지역코드><층>4</층><해제사유발생일> </해제사유발생일><해제여부> </해제여부></item><item><거래금액>    50,000</거래금액><거래유형>직거래</거래유형><건축년도>2004</건축년도><년>2023</년><도로명>사당로16아길</도로명><도로명건물본번호코드>00043</도로명건물본번호코드><도로명건물부번호코드>00000</도로명건물부번호코드><도로명시군구코드>11590</도로명시군구코드><도로명일련번호코드>01</도로명일련번호코드><도로명지상지하코드>0</도로명지상지하코드><도로명코드>4157243</도로명코드><법정동> 사당동</법정동><법정동본번코드>1142</법정동본번코드><법정동부번코드>0000</법정동부번코드><법정동시군구코드>11590</법정동시군구코드><법정동읍면동코드>10700</법정동읍면동코드><법정동지번코드>1</법정동지번코드><아파트>진흥아리엘</아파트><월>1</월><일>18</일><일련번호>11590-150</일련번호><전용면적>59.7879</전용면적><중개사소재지> </중개사소재지><지번>1142</지번><지역코드>11590</지역코드><층>1</층><해제사유발생일> </해제사유발생일><해제여부> </해제여부></item><item><거래금액>    14,500</거래금액><거래유형>중개거래</거래유형><건축년도>2015</건축년도><년>2023</년><도로명>사당로</도로명><도로명건물본번호코드>00158</도로명건물본번호코드><도로명건물부번호코드>00000</도로명건물부번호코드><도로명시군구코드>11590</도로명시군구코드><도로명일련번호코드>02</도로명일련번호코드><도로명지상지하코드>0</도로명지상지하코드><도로명코드>3119004</도로명코드><법정동> 사당동</법정동><법정동본번코드>0206</법정동본번코드><법정동부번코드>0127</법정동부번코드><법정동시군구코드>11590</법정동시군구코드><법정동읍면동코드>10700</법정동읍면동코드><법정동지번코드>1</법정동지번코드><아파트>사당휴브리지(206-127)</아파트><월>1</월><일>18</일><일련번호>11590-4322</일련번호><전용면적>12.42</전용면적><중개사소재지>서울 동작구</중개사소재지><지번>206-127</지번><지역코드>11590</지역코드><층>5</층><해제사유발생일> </해제사유발생일><해제여부> </해제여부></item><item><거래금액>    45,000</거래금액><거래유형>중개거래</거래유형><건축년도>2003</건축년도><년>2023</년><도로명>사당로</도로명><도로명건물본번호코드>00164</도로명건물본번호코드><도로명건물부번호코드>00001</도로명건물부번호코드><도로명시군구코드>11590</도로명시군구코드><도로명일련번호코드>02</도로명일련번호코드><도로명지상지하코드>0</도로명지상지하코드><도로명코드>3119004</도로명코드><법정동> 사당동</법정동><법정동본번코드>0212</법정동본번코드><법정동부번코드>0003</법정동부번코드><법정동시군구코드>11590</법정동시군구코드><법정동읍면동코드>10700</법정동읍면동코드><법정동지번코드>1</법정동지번코드><아파트>남성골든빌A동B동</아파트><월>1</월><일>19</일><일련번호>11590-108</일련번호><전용면적>45.43</전용면적><중개사소재지>서울 동작구, 서울 서초구</중개사소재지><지번>212-3</지번><지역코드>11590</지역코드><층>6</층><해제사유발생일> </해제사유발생일><해제여부> </해제여부></item><item><거래금액>    69,000</거래금액><거래유형>중개거래</거래유형><건축년도>1999</건축년도><년>2023</년><도로명>사당로2가길</도로명><도로명건물본번호코드>00102</도로명건물본번호코드><도로명건물부번호코드>00000</도로명건물부번호코드><도로명시군구코드>11590</도로명시군구코드><도로명일련번호코드>02</도로명일련번호코드><도로명지상지하코드>0</도로명지상지하코드><도로명코드>4157288</도로명코드><법정동> 사당동</법정동><법정동본번코드>1139</법정동본번코드><법정동부번코드>0000</법정동부번코드><법정동시군구코드>11590</법정동시군구코드><법정동읍면동코드>10700</법정동읍면동코드><법정동지번코드>1</법정동지번코드><아파트>사당자이</아파트><월>1</월><일>20</일><일련번호>11590-43</일련번호><전용면적>59.89</전용면적><중개사소재지>서울 동작구</중개사소재지><지번>1139</지번><지역코드>11590</지역코드><층>10</층><해제사유발생일> </해제사유발생일><해제여부> </해제여부></item><item><거래금액>    82,500</거래금액><거래유형>중개거래</거래유형><건축년도>1993</건축년도><년>2023</년><도로명>동작대로29길</도로명><도로명건물본번호코드>00110</도로명건물본번호코드><도로명건물부번호코드>00000</도로명건물부번호코드><도로명시군구코드>11590</도로명시군구코드><도로명일련번호코드>02</도로명일련번호코드><도로명지상지하코드>0</도로명지상지하코드><도로명코드>4157127</도로명코드><법정동> 사당동</법정동><법정동본번코드>0105</법정동본번코드><법정동부번코드>0000</법정동부번코드><법정동시군구코드>11590</법정동시군구코드><법정동읍면동코드>10700</법정동읍면동코드><법정동지번코드>1</법정동지번코드><아파트>신동아4</아파트><월>1</월><일>20</일><일련번호>11590-47</일련번호><전용면적>59.89</전용면적><중개사소재지>서울 동작구</중개사소재지><지번>105</지번><지역코드>11590</지역코드><층>4</층><해제사유발생일> </해제사유발생일><해제여부> </해제여부></item><item><거래금액>   101,000</거래금액><거래유형>중개거래</거래유형><건축년도>2021</건축년도><년>2023</년><도로명>사당로</도로명><도로명건물본번호코드>00090</도로명건물본번호코드><도로명건물부번호코드>00000</도로명건물부번호코드><도로명시군구코드>11590</도로명시군구코드><도로명일련번호코드>00</도로명일련번호코드><도로명코드>3119004</도로명코드><법정동> 사당동</법정동><법정동본번코드>1160</법정동본번코드><법정동부번코드>0000</법정동부번코드><법정동시군구코드>11590</법정동시군구코드><법정동읍면동코드>10700</법정동읍면동코드><법정동지번코드>1</법정동지번코드><아파트>사당롯데캐슬골든포레</아파트><월>1</월><일>26</일><일련번호>11590-4948</일련번호><전용면적>84.9787</전용면적><중개사소재지>서울 동작구</중개사소재지><지번>1160</지번><지역코드>11590</지역코드><층>4</층><해제사유발생일> </해제사유발생일><해제여부> </해제여부></item><item><거래금액>    78,000</거래금액><거래유형>중개거래</거래유형><건축년도>1993</건축년도><년>2023</년><도로명>동작대로29길</도로명><도로명건물본번호코드>00110</도로명건물본번호코드><도로명건물부번호코드>00000</도로명건물부번호코드><도로명시군구코드>11590</도로명시군구코드><도로명일련번호코드>02</도로명일련번호코드><도로명지상지하코드>0</도로명지상지하코드><도로명코드>4157127</도로명코드><법정동> 사당동</법정동><법정동본번코드>0105</법정동본번코드><법정동부번코드>0000</법정동부번코드><법정동시군구코드>11590</법정동시군구코드><법정동읍면동코드>10700</법정동읍면동코드><법정동지번코드>1</법정동지번코드><아파트>신동아4</아파트><월>1</월><일>29</일><일련번호>11590-47</일련번호><전용면적>59.89</전용면적><중개사소재지>서울 동작구</중개사소재지><지번>105</지번><지역코드>11590</지역코드><층>2</층><해제사유발생일> </해제사유발생일><해제여부> </해제여부></item><item><거래금액>    62,000</거래금액><거래유형>중개거래</거래유형><건축년도>2002</건축년도><년>2023</년><도로명>사당로2가길</도로명><도로명건물본번호코드>00173</도로명건물본번호코드><도로명건물부번호코드>00000</도로명건물부번호코드><도로명시군구코드>11590</도로명시군구코드><도로명일련번호코드>02</도로명일련번호코드><도로명지상지하코드>0</도로명지상지하코드><도로명코드>4157288</도로명코드><법정동> 사당동</법정동><법정동본번코드>1143</법정동본번코드><법정동부번코드>0000</법정동부번코드><법정동시군구코드>11590</법정동시군구코드><법정동읍면동코드>10700</법정동읍면동코드><법정동지번코드>1</법정동지번코드><아파트>남해오네뜨</아파트><월>1</월><일>29</일><일련번호>11590-55</일련번호><전용면적>59.958</전용면적><중개사소재지>서울 동작구</중개사소재지><지번>1143</지번><지역코드>11590</지역코드><층>7</층><해제사유발생일>23.03.02</해제사유발생일><해제여부>O</해제여부></item><item><거래금액>    14,400</거래금액><거래유형>중개거래</거래유형><건축년도>2015</건축년도><년>2023</년><도로명>사당로</도로명><도로명건물본번호코드>00158</도로명건물본번호코드><도로명건물부번호코드>00000</도로명건물부번호코드><도로명시군구코드>11590</도로명시군구코드><도로명일련번호코드>02</도로명일련번호코드><도로명지상지하코드>0</도로명지상지하코드><도로명코드>3119004</도로명코드><법정동> 사당동</법정동><법정동본번코드>0206</법정동본번코드><법정동부번코드>0127</법정동부번코드><법정동시군구코드>11590</법정동시군구코드><법정동읍면동코드>10700</법정동읍면동코드><법정동지번코드>1</법정동지번코드><아파트>사당휴브리지(206-127)</아파트><월>1</월><일>30</일><일련번호>11590-4322</일련번호><전용면적>12.42</전용면적><중개사소재지>서울 동작구</중개사소재지><지번>206-127</지번><지역코드>11590</지역코드><층>7</층><해제사유발생일> </해제사유발생일><해제여부> </해제여부></item><item><거래금액>   123,000</거래금액><거래유형>중개거래</거래유형><건축년도>2013</건축년도><년>2023</년><도로명>사당로27길</도로명><도로명건물본번호코드>00130</도로명건물본번호코드><도로명건물부번호코드>00000</도로명건물부번호코드><도로명시군구코드>11590</도로명시군구코드><도로명일련번호코드>01</도로명일련번호코드><도로명지상지하코드>0</도로명지상지하코드><도로명코드>4157279</도로명코드><법정동> 사당동</법정동><법정동본번코드>1157</법정동본번코드><법정동부번코드>0000</법정동부번코드><법정동시군구코드>11590</법정동시군구코드><법정동읍면동코드>10700</법정동읍면동코드><법정동지번코드>1</법정동지번코드><아파트>이수역리가</아파트><월>1</월><일>31</일><일련번호>11590-4095</일련번호><전용면적>84.9827</전용면적><중개사소재지>서울 동작구</중개사소재지><지번>1157</지번><지역코드>11590</지역코드><층>13</층><해제사유발생일> </해제사유발생일><해제여부> </해제여부></item><item><거래금액>    86,000</거래금액><거래유형>중개거래</거래유형><건축년도>1988</건축년도><년>2023</년><도로명>여의대방로</도로명><도로명건물본번호코드>00022</도로명건물본번호코드><도로명건물부번호코드>00000</도로명건물부번호코드><도로명시군구코드>11590</도로명시군구코드><도로명일련번호코드>02</도로명일련번호코드><도로명지상지하코드>0</도로명지상지하코드><도로명코드>3118028</도로명코드><법정동> 신대방동</법정동><법정동본번코드>0565</법정동본번코드><법정동부번코드>0000</법정동부번코드><법정동시군구코드>11590</법정동시군구코드><법정동읍면동코드>10900</법정동읍면동코드><법정동지번코드>1</법정동지번코드><아파트>우성1</아파트><월>1</월><일>5</일><일련번호>11590-76</일련번호><전용면적>84.99</전용면적><중개사소재지>서울 동작구</중개사소재지><지번>565</지번><지역코드>11590</지역코드><층>5</층><해제사유발생일> </해제사유발생일><해제여부> </해제여부></item><item><거래금액>    85,500</거래금액><거래유형>중개거래</거래유형><건축년도>2001</건축년도><년>2023</년><도로명>여의대방로10길</도로명><도로명건물본번호코드>00014</도로명건물본번호코드><도로명건물부번호코드>00000</도로명건물부번호코드><도로명시군구코드>11590</도로명시군구코드><도로명일련번호코드>01</도로명일련번호코드><도로명지상지하코드>0</도로명지상지하코드><도로명코드>4157536</도로명코드><법정동> 신대방동</법정동><법정동본번코드>0710</법정동본번코드><법정동부번코드>0000</법정동부번코드><법정동시군구코드>11590</법정동시군구코드><법정동읍면동코드>10900</법정동읍면동코드><법정동지번코드>1</법정동지번코드><아파트>경남교수</아파트><월>1</월><일>7</일><일련번호>11590-66</일련번호><전용면적>84.94</전용면적><중개사소재지>서울 동작구</중개사소재지><지번>710</지번><지역코드>11590</지역코드><층>1</층><해제사유발생일> </해제사유발생일><해제여부> </해제여부></item><item><거래금액>    65,500</거래금액><거래유형>중개거래</거래유형><건축년도>2003</건축년도><년>2023</년><도로명>여의대방로10길</도로명><도로명건물본번호코드>00038</도로명건물본번호코드><도로명건물부번호코드>00000</도로명건물부번호코드><도로명시군구코드>11590</도로명시군구코드><도로명일련번호코드>01</도로명일련번호코드><도로명지상지하코드>0</도로명지상지하코드><도로명코드>4157536</도로명코드><법정동> 신대방동</법정동><법정동본번코드>0713</법정동본번코드><법정동부번코드>0000</법정동부번코드><법정동시군구코드>11590</법정동시군구코드><법정동읍면동코드>10900</법정동읍면동코드><법정동지번코드>1</법정동지번코드><아파트>롯데낙천대</아파트><월>1</월><일>13</일><일련번호>11590-103</일련번호><전용면적>55.4561</전용면적><중개사소재지>서울 동작구</중개사소재지><지번>713</지번><지역코드>11590</지역코드><층>15</층><해제사유발생일> </해제사유발생일><해제여부> </해제여부></item><item><거래금액>   116,000</거래금액><거래유형>중개거래</거래유형><건축년도>2010</건축년도><년>2023</년><도로명>보라매로</도로명><도로명건물본번호코드>00070</도로명건물본번호코드><도로명건물부번호코드>00000</도로명건물부번호코드><도로명시군구코드>11590</도로명시군구코드><도로명일련번호코드>02</도로명일련번호코드><도로명지상지하코드>0</도로명지상지하코드><도로명코드>3005078</도로명코드><법정동> 신대방동</법정동><법정동본번코드>0720</법정동본번코드><법정동부번코드>0000</법정동부번코드><법정동시군구코드>11590</법정동시군구코드><법정동읍면동코드>10900</법정동읍면동코드><법정동지번코드>1</법정동지번코드><아파트>보라매e편한세상</아파트><월>1</월><일>14</일><일련번호>11590-3743</일련번호><전용면적>133.3</전용면적><중개사소재지>서울 동작구</중개사소재지><지번>720</지번><지역코드>11590</지역코드><층>14</층><해제사유발생일> </해제사유발생일><해제여부> </해제여부></item></items><numOfRows>999</numOfRows><pageNo>1</pageNo><totalCount>44</totalCount></body></response>