<?xml version="1.0" encoding="UTF-8" standalone="yes"?><response><header><resultCode>00</resultCode><resultMsg>NORMAL SERVICE.</resultMsg></header><body><items><item><거래금액>    90,000</거래금액><거래유형>중개거래</거래유형><건축년도>1997</건축년도><년>2022</년><도로명>만양로8길</도로명><도로명건물본번호코드>00050</도로명건물본번호코드><도로명건물부번호코드>00000</도로명건물부번호코드><도로명시군구코드>11590</도로명시군구코드><도로명일련번호코드>01</도로명일련번호코드><도로명지상지하코드>0</도로명지상지하코드><도로명코드>4157208</도로명코드><법정동> 노량진동</법정동><법정동본번코드>0323</법정동본번코드><법정동부번코드>0000</법정동부번코드><법정동시군구코드>11590</법정동시군구코드><법정동읍면동코드>10100</법정동읍면동코드><법정동지번코드>1</법정동지번코드><아파트>우성</아파트><월>12</월><일>17</일><일련번호>11590-5</일련번호><전용면적>84.96</전용면적><중개사소재지>서울 동작구</중개사소재지><지번>323</지번><지역코드>11590</지역코드><층>11</층><해제사유발생일> </해제사유발생일><해제여부> </해제여부></item><item><거래금액>    18,000</거래금액><거래유형>중개거래</거래유형><건축년도>2015</건축년도><년>2022</년><도로명>노량진로</도로명><도로명건물본번호코드>00140</도로명건물본번호코드><도로명건물부번호코드>00000</도로명건물부번호코드><도로명시군구코드>11590</도로명시군구코드><도로명일련번호코드>01</도로명일련번호코드><도로명코드>3119011</도로명코드><법정동> 노량진동</법정동><법정동본번코드>0057</법정동본번코드><법정동부번코드>0001</법정동부번코드><법정동시군구코드>11590</법정동시군구코드><법정동읍면동코드>10100</법정동읍면동코드><법정동지번코드>1</법정동지번코드><아파트>메가스터디타워</아파트><월>12</월><일>24</일><일련번호>11590-4413</일련번호><전용면적>16.01</전용면적><중개사소재지>서울 동작구</중개사소재지><지번>57-1</지번><지역코드>11590</지역코드><층>20</층><해제사유발생일> </해제사유발생일><해제여부> </해제여부></item><item><거래금액>    52,000</거래금액><거래유형>직거래</거래유형><건축년도>2006</건축년도><년>2022</년><도로명>국사봉길</도로명><도로명건물본번호코드>00178</도로명건물본번호코드><도로명건물부번호코드>00000</도로명건물부번호코드><도로명시군구코드>11590</도로명시군구코드><도로명일련번호코드>01</도로명일련번호코드><도로명지상지하코드>0</도로명지상지하코드><도로명코드>4157029</도로명코드><법정동> 상도동</법정동><법정동본번코드>0458</법정동본번코드><법정동부번코드>0000</법정동부번코드><법정동시군구코드>11590</법정동시군구코드><법정동읍면동코드>10200</법정동읍면동코드><법정동지번코드>1</법정동지번코드><아파트>상도갑을명가1차</아파트><월>12</월><일>2</일><일련번호>11590-3356</일련번호><전용면적>84.71</전용면적><중개사소재지> </중개사소재지><지번>458</지번><지역코드>11590</지역코드><층>8</층><해제사유발생일> </해제사유발생일><해제여부> </해제여부></item><item><거래금액>   130,000</거래금액><거래유형>중개거래</거래유형><건축년도>2012</건축년도><년>2022</년><도로명>상도로</도로명><도로명건물본번호코드>00346</도로명건물본번호코드><도로명건물부번호코드>00001</도로명건물부번호코드><도로명시군구코드>11590</도로명시군구코드><도로명일련번호코드>02</도로명일련번호코드><도로명지상지하코드>0</도로명지상지하코드><도로명코드>3119005</도로명코드><법정동> 상도동</법정동><법정동본번코드>0531</법정동본번코드><법정동부번코드>0000</법정동부번코드><법정동시군구코드>11590</법정동시군구코드><법정동읍면동코드>10200</법정동읍면동코드><법정동지번코드>1</법정동지번코드><아파트>힐스테이트 상도 센트럴파크</아파트><월>12</월><일>7</일><일련번호>11590-3954</일련번호><전용면적>118.1432</전용면적><중개사소재지>서울 동작구</중개사소재지><지번>531</지번><지역코드>11590</지역코드><층>15</층><해제사유발생일> </해제사유발생일><해제여부> </해제여부></item><item><거래금액>    13,500</거래금액><거래유형>중개거래</거래유형><건축년도>2016</건축년도><년>2022</년><도로명>상도로15길</도로명><도로명건물본번호코드>00131</도로명건물본번호코드><도로명건물부번호코드>00000</도로명건물부번호코드><도로명시군구코드>11590</도로명시군구코드><도로명일련번호코드>01</도로명일련번호코드><도로명지상지하코드>0</도로명지상지하코드><도로명코드>4157318</도로명코드><법정동> 상도동</법정동><법정동본번코드>0363</법정동본번코드><법정동부번코드>0164</법정동부번코드><법정동시군구코드>11590</법정동시군구코드><법정동읍면동코드>10200</법정동읍면동코드><법정동지번코드>1</법정동지번코드><아파트>상도휴엔하임</아파트><월>12</월><일>8</일><일련번호>11590-4526</일련번호><전용면적>14.7</전용면적><중개사소재지>서울 동작구</중개사소재지><지번>363-164</지번><지역코드>11590</지역코드><층>10</층><해제사유발생일> </해제사유발생일><해제여부> </해제여부></item><item><거래금액>   115,000</거래금액><거래유형>중개거래</거래유형><건축년도>2012</건축년도><년>2022</년><도로명>상도로</도로명><도로명건물본번호코드>00346</도로명건물본번호코드><도로명건물부번호코드>00001</도로명건물부번호코드><도로명시군구코드>11590</도로명시군구코드><도로명일련번호코드>02</도로명일련번호코드><도로명지상지하코드>0</도로명지상지하코드><도로명코드>3119005</도로명코드><법정동> 상도동</법정동><법정동본번코드>0531</법정동본번코드><법정동부번코드>0000</법정동부번코드><법정동시군구코드>11590</법정동시군구코드><법정동읍면동코드>10200</법정동읍면동코드><법정동지번코드>1</법정동지번코드><아파트>힐스테이트 상도 센트럴파크</아파트><월>12</월><일>30</일><일련번호>11590-3954</일련번호><전용면적>84.6099</전용면적><중개사소재지>서울 동작구</중개사소재지><지번>531</지번><지역코드>11590</지역코드><층>5</층><해제사유발생일> </해제사유발생일><해제여부> </해제여부></item><item><거래금액>   115,000</거래금액><거래유형>중개거래</거래유형><건축년도>2012</건축년도><년>2022</년><도로명>상도로</도로명><도로명건물본번호코드>00346</도로명건물본번호코드><도로명건물부번호코드>00001</도로명건물부번호코드><도로명시군구코드>11590</도로명시군구코드><도로명일련번호코드>02</도로명일련번호코드><도로명지상지하코드>0</도로명지상지하코드><도로명코드>3119005</도로명코드><법정동> 상도동</법정동><법정동본번코드>0531</법정동본번코드><법정동부번코드>0000</법정동부번코드><법정동시군구코드>11590</법정동시군구코드><법정동읍면동코드>10200</법정동읍면동코드><법정동지번코드>1</법정동지번코드><아파트>힐스테이트 상도 센트럴파크</아파트><월>12</월><일>31</일><일련번호>11590-3954</일련번호><전용면적>84.6099</전용면적><중개사소재지>서울 동작구</중개사소재지><지번>531</지번><지역코드>11590</지역코드><층>5</층><해제사유발생일>23.02.27</해제사유발생일><해제여부>O</해제여부></item><item><거래금액>   113,500</거래금액><거래유형>중개거래</거래유형><건축년도>2021</건축년도><년>2022</년><도로명>양녕로</도로명><도로명건물본번호코드>00220</도로명건물본번호코드><도로명건물부번호코드>00000</도로명건물부번호코드><도로명시군구코드>11590</도로명시군구코드><도로명일련번호코드>01</도로명일련번호코드><도로명지상지하코드>0</도로명지상지하코드><도로명코드>3005080</도로명코드><법정동> 상도동</법정동><법정동본번코드>0904</법정동본번코드><법정동부번코드>0000</법정동부번코드><법정동시군구코드>11590</법정동시군구코드><법정동읍면동코드>10200</법정동읍면동코드><법정동지번코드>1</법정동지번코드><아파트>상도역롯데캐슬파크엘</아파트><월>12</월><일>31</일><일련번호>11590-4993</일련번호><전용면적>74.9587</전용면적><중개사소재지>서울 동작구</중개사소재지><지번>904</지번><지역코드>11590</지역코드><층>9</층><해제사유발생일> </해제사유발생일><해제여부> </해제여부></item><item><거래금액>    67,500</거래금액><거래유형>중개거래</거래유형><건축년도>1993</건축년도><년>2022</년><도로명>매봉로</도로명><도로명건물본번호코드>00134</도로명건물본번호코드><도로명건물부번호코드>00000</도로명건물부번호코드><도로명시군구코드>11590</도로명시군구코드><도로명일련번호코드>03</도로명일련번호코드><도로명지상지하코드>0</도로명지상지하코드><도로명코드>3119003</도로명코드><법정동> 본동</법정동><법정동본번코드>0481</법정동본번코드><법정동부번코드>0000</법정동부번코드><법정동시군구코드>11590</법정동시군구코드><법정동읍면동코드>10400</법정동읍면동코드><법정동지번코드>1</법정동지번코드><아파트>신동아</아파트><월>12</월><일>3</일><일련번호>11590-29</일련번호><전용면적>46.75</전용면적><중개사소재지>서울 동작구</중개사소재지><지번>481</지번><지역코드>11590</지역코드><층>1</층><해제사유발생일> </해제사유발생일><해제여부> </해제여부></item><item><거래금액>   145,000</거래금액><거래유형>중개거래</거래유형><건축년도>2011</건축년도><년>2022</년><도로명>노량진로23가길</도로명><도로명건물본번호코드>00023</도로명건물본번호코드><도로명건물부번호코드>00000</도로명건물부번호코드><도로명시군구코드>11590</도로명시군구코드><도로명일련번호코드>01</도로명일련번호코드><도로명지상지하코드>0</도로명지상지하코드><도로명코드>4157068</도로명코드><법정동> 본동</법정동><법정동본번코드>0494</법정동본번코드><법정동부번코드>0000</법정동부번코드><법정동시군구코드>11590</법정동시군구코드><법정동읍면동코드>10400</법정동읍면동코드><법정동지번코드>1</법정동지번코드><아파트>래미안트윈파크</아파트><월>12</월><일>4</일><일련번호>11590-3831</일련번호><전용면적>84.94</전용면적><중개사소재지>서울 동작구</중개사소재지><지번>494</지번><지역코드>11590</지역코드><층>24</층><해제사유발생일> </해제사유발생일><해제여부> </해제여부></item><item><거래금액>   149,000</거래금액><거래유형>중개거래</거래유형><건축년도>2011</건축년도><년>2022</년><도로명>노량진로23가길</도로명><도로명건물본번호코드>00023</도로명건물본번호코드><도로명건물부번호코드>00000</도로명건물부번호코드><도로명시군구코드>11590</도로명시군구코드><도로명일련번호코드>01</도로명일련번호코드><도로명지상지하코드>0</도로명지상지하코드><도로명코드>4157068</도로명코드><법정동> 본동</법정동><법정동본번코드>0494</법정동본번코드><법정동부번코드>0000</법정동부번코드><법정동시군구코드>11590</법정동시군구코드><법정동읍면동코드>10400</법정동읍면동코드><법정동지번코드>1</법정동지번코드><아파트>래미안트윈파크</아파트><월>12</월><일>23</일><일련번호>11590-3831</일련번호><전용면적>84.76</전용면적><중개사소재지>서울 동작구</중개사소재지><지번>494</지번><지역코드>11590</지역코드><층>21</층><해제사유발생일> </해제사유발생일><해제여부> </해제여부></item><item><거래금액>   150,000</거래금액><거래유형>직거래</거래유형><건축년도>2018</건축년도><년>2022</년><도로명>서달로</도로명><도로명건물본번호코드>00123</도로명건물본번호코드><도로명건물부번호코드>00000</도로명건물부번호코드><도로명시군구코드>11590</도로명시군구코드><도로명일련번호코드>01</도로명일련번호코드><도로명코드>3119006</도로명코드><법정동> 흑석동</법정동><법정동본번코드>0340</법정동본번코드><법정동부번코드>0000</법정동부번코드><법정동시군구코드>11590</법정동시군구코드><법정동읍면동코드>10500</법정동읍면동코드><법정동지번코드>1</법정동지번코드><아파트>롯데캐슬에듀포레</아파트><월>12</월><일>19</일><일련번호>11590-4875</일련번호><전용면적>84.9912</전용면적><중개사소재지> </중개사소재지><지번>340</지번><지역코드>11590</지역코드><층>15</층><해제사유발생일> </해제사유발생일><해제여부> </해제여부></item><item><거래금액>   210,000</거래금액><거래유형>중개거래</거래유형><건축년도>1988</건축년도><년>2022</년><도로명>현충로</도로명><도로명건물본번호코드>00151</도로명건물본번호코드><도로명건물부번호코드>00000</도로명건물부번호코드><도로명시군구코드>11590</도로명시군구코드><도로명일련번호코드>02</도로명일련번호코드><도로명지상지하코드>0</도로명지상지하코드><도로명코드>3119009</도로명코드><법정동> 흑석동</법정동><법정동본번코드>0028</법정동본번코드><법정동부번코드>0000</법정동부번코드><법정동시군구코드>11590</법정동시군구코드><법정동읍면동코드>10500</법정동읍면동코드><법정동지번코드>1</법정동지번코드><아파트>한강현대</아파트><월>12</월><일>26</일><일련번호>11590-36</일련번호><전용면적>131.06</전용면적><중개사소재지>서울 동작구</중개사소재지><지번>28</지번><지역코드>11590</지역코드><층>12</층><해제사유발생일> </해제사유발생일><해제여부> </해제여부></item><item><거래금액>   135,000</거래금액><거래유형>중개거래</거래유형><건축년도>2011</건축년도><년>2022</년><도로명>흑석한강로</도로명><도로명건물본번호코드>00012</도로명건물본번호코드><도로명건물부번호코드>00000</도로명건물부번호코드><도로명시군구코드>11590</도로명시군구코드><도로명일련번호코드>01</도로명일련번호코드><도로명지상지하코드>0</도로명지상지하코드><도로명코드>3119012</도로명코드><법정동> 흑석동</법정동><법정동본번코드>0335</법정동본번코드><법정동부번코드>0000</법정동부번코드><법정동시군구코드>11590</법정동시군구코드><법정동읍면동코드>10500</법정동읍면동코드><법정동지번코드>1</법정동지번코드><아파트>흑석한강센트레빌</아파트><월>12</월><일>26</일><일련번호>11590-3773</일련번호><전용면적>84.84</전용면적><중개사소재지>서울 동작구</중개사소재지><지번>335</지번><지역코드>11590</지역코드><층>10</층><해제사유발생일> </해제사유발생일><해제여부> </해제여부></item><item><거래금액>    83,900</거래금액><거래유형>중개거래</거래유형><건축년도>2012</건축년도><년>2022</년><도로명>사당로13길</도로명><도로명건물본번호코드>00040</도로명건물본번호코드><도로명건물부번호코드>00000</도로명건물부번호코드><도로명시군구코드>11590</도로명시군구코드><도로명일련번호코드>01</도로명일련번호코드><도로명지상지하코드>0</도로명지상지하코드><도로명코드>4157230</도로명코드><법정동> 사당동</법정동><법정동본번코드>1156</법정동본번코드><법정동부번코드>0000</법정동부번코드><법정동시군구코드>11590</법정동시군구코드><법정동읍면동코드>10700</법정동읍면동코드><법정동지번코드>1</법정동지번코드><아파트>이너스내안애</아파트><월>12</월><일>2</일><일련번호>11590-3869</일련번호><전용면적>84.97</전용면적><중개사소재지>서울 동작구, 서울 서초구</중개사소재지><지번>1156</지번><지역코드>11590</지역코드><층>2</층><해제사유발생일> </해제사유발생일><해제여부> </해제여부></item><item><거래금액>    89,500</거래금액><거래유형>중개거래</거래유형><건축년도>1993</건축년도><년>2022</년><도로명>동작대로29길</도로명><도로명건물본번호코드>00119</도로명건물본번호코드><도로명건물부번호코드>00000</도로명건물부번호코드><도로명시군구코드>11590</도로명시군구코드><도로명일련번호코드>02</도로명일련번호코드><도로명지상지하코드>0</도로명지상지하코드><도로명코드>4157127</도로명코드><법정동> 사당동</법정동><법정동본번코드>0105</법정동본번코드><법정동부번코드>0000</법정동부번코드><법정동시군구코드>11590</법정동시군구코드><법정동읍면동코드>10700</법정동읍면동코드><법정동지번코드>1</법정동지번코드><아파트>극동(105)</아파트><월>12</월><일>9</일><일련번호>11590-38</일련번호><전용면적>84.32</전용면적><중개사소재지>서울 동작구</중개사소재지><지번>105</지번><지역코드>11590</지역코드><층>12</층><해제사유발생일> </해제사유발생일><해제여부> </해제여부></item><item><거래금액>    48,000</거래금액><거래유형>중개거래</거래유형><건축년도>2006</건축년도><년>2022</년><도로명>사당로26길</도로명><도로명건물본번호코드>00130</도로명건물본번호코드><도로명건물부번호코드>00006</도로명건물부번호코드><도로명시군구코드>11590</도로명시군구코드><도로명일련번호코드>01</도로명일련번호코드><도로명지상지하코드>0</도로명지상지하코드><도로명코드>4157277</도로명코드><법정동> 사당동</법정동><법정동본번코드>1037</법정동본번코드><법정동부번코드>0009</법정동부번코드><법정동시군구코드>11590</법정동시군구코드><법정동읍면동코드>10700</법정동읍면동코드><법정동지번코드>1</법정동지번코드><아파트>삼성휘버스</아파트><월>12</월><일>13</일><일련번호>11590-3313</일련번호><전용면적>40.759</전용면적><중개사소재지>서울 동작구, 서울 서초구</중개사소재지><지번>1037-9</지번><지역코드>11590</지역코드><층>2</층><해제사유발생일> </해제사유발생일><해제여부> </해제여부></item><item><거래금액>    12,000</거래금액><거래유형>중개거래</거래유형><건축년도>2015</건축년도><년>2022</년><도로명>사당로</도로명><도로명건물본번호코드>00158</도로명건물본번호코드><도로명건물부번호코드>00000</도로명건물부번호코드><도로명시군구코드>11590</도로명시군구코드><도로명일련번호코드>02</도로명일련번호코드><도로명지상지하코드>0</도로명지상지하코드><도로명코드>3119004</도로명코드><법정동> 사당동</법정동><법정동본번코드>0206</법정동본번코드><법정동부번코드>0127</법정동부번코드><법정동시군구코드>11590</법정동시군구코드><법정동읍면동코드>10700</법정동읍면동코드><법정동지번코드>1</법정동지번코드><아파트>사당휴브리지(206-127)</아파트><월>12</월><일>15</일><일련번호>11590-4322</일련번호><전용면적>12.49</전용면적><중개사소재지>서울 동작구</중개사소재지><지번>206-127</지번><지역코드>11590</지역코드><층>11</층><해제사유발생일> </해제사유발생일><해제여부> </해제여부></item><item><거래금액>    70,000</거래금액><거래유형>중개거래</거래유형><건축년도>2006</건축년도><년>2022</년><도로명>동작대로35사길</도로명><도로명건물본번호코드>00002</도로명건물본번호코드><도로명건물부번호코드>00000</도로명건물부번호코드><도로명시군구코드>11590</도로명시군구코드><도로명일련번호코드>01</도로명일련번호코드><도로명지상지하코드>0</도로명지상지하코드><도로명코드>4157148</도로명코드><법정동> 사당동</법정동><법정동본번코드>0043</법정동본번코드><법정동부번코드>0071</법정동부번코드><법정동시군구코드>11590</법정동시군구코드><법정동읍면동코드>10700</법정동읍면동코드><법정동지번코드>1</법정동지번코드><아파트>세림아파트(43-71)</아파트><월>12</월><일>24</일><일련번호>11590-3294</일련번호><전용면적>72.59</전용면적><중개사소재지>서울 동작구</중개사소재지><지번>43-71</지번><지역코드>11590</지역코드><층>1</층><해제사유발생일> </해제사유발생일><해제여부> </해제여부></item><item><거래금액>    89,000</거래금액><거래유형>중개거래</거래유형><건축년도>2021</건축년도><년>2022</년><도로명>사당로</도로명><도로명건물본번호코드>00090</도로명건물본번호코드><도로명건물부번호코드>00000</도로명건물부번호코드><도로명시군구코드>11590</도로명시군구코드><도로명일련번호코드>00</도로명일련번호코드><도로명코드>3119004</도로명코드><법정동> 사당동</법정동><법정동본번코드>1160</법정동본번코드><법정동부번코드>0000</법정동부번코드><법정동시군구코드>11590</법정동시군구코드><법정동읍면동코드>10700</법정동읍면동코드><법정동지번코드>1</법정동지번코드><아파트>사당롯데캐슬골든포레</아파트><월>12</월><일>28</일><일련번호>11590-4948</일련번호><전용면적>59.9908</전용면적><중개사소재지>서울 동작구</중개사소재지><지번>1160</지번><지역코드>11590</지역코드><층>2</층><해제사유발생일> </해제사유발생일><해제여부> </해제여부></item><item><거래금액>   154,500</거래금액><거래유형>중개거래</거래유형><건축년도>1993</건축년도><년>2022</년><도로명>여의대방로44길</도로명><도로명건물본번호코드>00010</도로명건물본번호코드><도로명건물부번호코드>00000</도로명건물부번호코드><도로명시군구코드>11590</도로명시군구코드><도로명일련번호코드>01</도로명일련번호코드><도로명지상지하코드>0</도로명지상지하코드><도로명코드>4157566</도로명코드><법정동> 대방동</법정동><법정동본번코드>0501</법정동본번코드><법정동부번코드>0000</법정동부번코드><법정동시군구코드>11590</법정동시군구코드><법정동읍면동코드>10800</법정동읍면동코드><법정동지번코드>1</법정동지번코드><아파트>대림아파트</아파트><월>12</월><일>7</일><일련번호>11590-57</일련번호><전용면적>134.25</전용면적><중개사소재지>서울 동작구</중개사소재지><지번>501</지번><지역코드>11590</지역코드><층>13</층><해제사유발생일> </해제사유발생일><해제여부> </해제여부></item><item><거래금액>    12,000</거래금액><거래유형>직거래</거래유형><건축년도>2012</건축년도><년>2022</년><도로명>여의대방로54길</도로명><도로명건물본번호코드>00039</도로명건물본번호코드><도로명건물부번호코드>00000</도로명건물부번호코드><도로명시군구코드>11590</도로명시군구코드><도로명일련번호코드>01</도로명일련번호코드><도로명지상지하코드>0</도로명지상지하코드><도로명코드>4157568</도로명코드><법정동> 대방동</법정동><법정동본번코드>0515</법정동본번코드><법정동부번코드>0000</법정동부번코드><법정동시군구코드>11590</법정동시군구코드><법정동읍면동코드>10800</법정동읍면동코드><법정동지번코드>1</법정동지번코드><아파트>아데나339</아파트><월>12</월><일>12</일><일련번호>11590-3964</일련번호><전용면적>15.36</전용면적><중개사소재지> </중개사소재지><지번>515</지번><지역코드>11590</지역코드><층>3</층><해제사유발생일> </해제사유발생일><해제여부> </해제여부></item><item><거래금액>    12,800</거래금액><거래유형>중개거래</거래유형><건축년도>2012</건축년도><년>2022</년><도로명>여의대방로54길</도로명><도로명건물본번호코드>00039</도로명건물본번호코드><도로명건물부번호코드>00000</도로명건물부번호코드><도로명시군구코드>11590</도로명시군구코드><도로명일련번호코드>01</도로명일련번호코드><도로명지상지하코드>0</도로명지상지하코드><도로명코드>4157568</도로명코드><법정동> 대방동</법정동><법정동본번코드>0515</법정동본번코드><법정동부번코드>0000</법정동부번코드><법정동시군구코드>11590</법정동시군구코드><법정동읍면동코드>10800</법정동읍면동코드><법정동지번코드>1</법정동지번코드><아파트>아데나339</아파트><월>12</월><일>16</일><일련번호>11590-3964</일련번호><전용면적>15.36</전용면적><중개사소재지>서울 동작구</중개사소재지><지번>515</지번><지역코드>11590</지역코드><층>3</층><해제사유발생일> </해제사유발생일><해제여부> </해제여부></item><item><거래금액>   110,000</거래금액><거래유형>중개거래</거래유형><건축년도>2001</건축년도><년>2022</년><도로명>여의대방로10길</도로명><도로명건물본번호코드>00014</도로명건물본번호코드><도로명건물부번호코드>00000</도로명건물부번호코드><도로명시군구코드>11590</도로명시군구코드><도로명일련번호코드>01</도로명일련번호코드><도로명지상지하코드>0</도로명지상지하코드><도로명코드>4157536</도로명코드><법정동> 신대방동</법정동><법정동본번코드>0710</법정동본번코드><법정동부번코드>0000</법정동부번코드><법정동시군구코드>11590</법정동시군구코드><법정동읍면동코드>10900</법정동읍면동코드><법정동지번코드>1</법정동지번코드><아파트>경남교수</아파트><월>12</월><일>3</일><일련번호>11590-66</일련번호><전용면적>113.93</전용면적><중개사소재지>서울 동작구</중개사소재지><지번>710</지번><지역코드>11590</지역코드><층>20</층><해제사유발생일> </해제사유발생일><해제여부> </해제여부></item><item><거래금액>    86,500</거래금액><거래유형>중개거래</거래유형><건축년도>2001</건축년도><년>2022</년><도로명>여의대방로10길</도로명><도로명건물본번호코드>00014</도로명건물본번호코드><도로명건물부번호코드>00000</도로명건물부번호코드><도로명시군구코드>11590</도로명시군구코드><도로명일련번호코드>01</도로명일련번호코드><도로명지상지하코드>0</도로명지상지하코드><도로명코드>4157536</도로명코드><법정동> 신대방동</법정동><법정동본번코드>0710</법정동본번코드><법정동부번코드>0000</법정동부번코드><법정동시군구코드>11590</법정동시군구코드><법정동읍면동코드>10900</법정동읍면동코드><법정동지번코드>1</법정동지번코드><아파트>경남교수</아파트><월>12</월><일>31</일><일련번호>11590-66</일련번호><전용면적>84.94</전용면적><중개사소재지>서울 동작구</중개사소재지><지번>710</지번><지역코드>11590</지역코드><층>20</층><해제사유발생일> </해제사유발생일><해제여부> </해제여부></item></items><numOfRows>999</numOfRows><pageNo>1</pageNo><totalCount>25</totalCount></body></response>