<?xml version="1.0" encoding="UTF-8" standalone="yes"?><response><header><resultCode>00</resultCode><resultMsg>NORMAL SERVICE.</resultMsg></header><body><items><item><거래금액>    50,000</거래금액><거래유형>중개거래</거래유형><건축년도>2021</건축년도><년>2022</년><도로명>수색로</도로명><도로명건물본번호코드>00300</도로명건물본번호코드><도로명건물부번호코드>00000</도로명건물부번호코드><도로명시군구코드>11380</도로명시군구코드><도로명일련번호코드>00</도로명일련번호코드><도로명코드>3005054</도로명코드><법정동> 수색동</법정동><법정동본번코드>0417</법정동본번코드><법정동부번코드>0000</법정동부번코드><법정동시군구코드>11380</법정동시군구코드><법정동읍면동코드>10100</법정동읍면동코드><법정동지번코드>1</법정동지번코드><아파트>DMC롯데캐슬더퍼스트</아파트><월>11</월><일>4</일><일련번호>11380-11086</일련번호><전용면적>39.83</전용면적><중개사소재지>서울 은평구</중개사소재지><지번>417</지번><지역코드>11380</지역코드><층>1</층><해제사유발생일> </해제사유발생일><해제여부> </해제여부></item><item><거래금액>    50,000</거래금액><거래유형>중개거래</거래유형><건축년도>2003</건축년도><년>2022</년><도로명>은평터널로</도로명><도로명건물본번호코드>00065</도로명건물본번호코드><도로명건물부번호코드>00000</도로명건물부번호코드><도로명시군구코드>11380</도로명시군구코드><도로명일련번호코드>01</도로명일련번호코드><도로명지상지하코드>0</도로명지상지하코드><도로명코드>3111008</도로명코드><법정동> 수색동</법정동><법정동본번코드>0415</법정동본번코드><법정동부번코드>0001</법정동부번코드><법정동시군구코드>11380</법정동시군구코드><법정동읍면동코드>10100</법정동읍면동코드><법정동지번코드>1</법정동지번코드><아파트>대림한숲(DMC이편한세상)</아파트><월>11</월><일>30</일><일련번호>11380-100</일련번호><전용면적>59.895</전용면적><중개사소재지>서울 은평구</중개사소재지><지번>415-1</지번><지역코드>11380</지역코드><층>1</층><해제사유발생일> </해제사유발생일><해제여부> </해제여부></item><item><거래금액>    87,000</거래금액><거래유형>중개거래</거래유형><건축년도>2015</건축년도><년>2022</년><도로명>통일로</도로명><도로명건물본번호코드>00660</도로명건물본번호코드><도로명건물부번호코드>00000</도로명건물부번호코드><도로명시군구코드>11380</도로명시군구코드><도로명일련번호코드>01</도로명일련번호코드><도로명지상지하코드>0</도로명지상지하코드><도로명코드>3000008</도로명코드><법정동> 녹번동</법정동><법정동본번코드>0281</법정동본번코드><법정동부번코드>0000</법정동부번코드><법정동시군구코드>11380</법정동시군구코드><법정동읍면동코드>10200</법정동읍면동코드><법정동지번코드>1</법정동지번코드><아파트>북한산푸르지오</아파트><월>11</월><일>16</일><일련번호>11380-10020</일련번호><전용면적>84.99</전용면적><중개사소재지>서울 은평구</중개사소재지><지번>281</지번><지역코드>11380</지역코드><층>5</층><해제사유발생일> </해제사유발생일><해제여부> </해제여부></item><item><거래금액>    23,300</거래금액><거래유형>중개거래</거래유형><건축년도>2016</건축년도><년>2022</년><도로명>통일로82길</도로명><도로명건물본번호코드>00006</도로명건물본번호코드><도로명건물부번호코드>00007</도로명건물부번호코드><도로명시군구코드>11380</도로명시군구코드><도로명일련번호코드>01</도로명일련번호코드><도로명지상지하코드>0</도로명지상지하코드><도로명코드>4133324</도로명코드><법정동> 불광동</법정동><법정동본번코드>0486</법정동본번코드><법정동부번코드>0014</법정동부번코드><법정동시군구코드>11380</법정동시군구코드><법정동읍면동코드>10300</법정동읍면동코드><법정동지번코드>1</법정동지번코드><아파트>정익제이원5차</아파트><월>11</월><일>18</일><일련번호>11380-10230</일련번호><전용면적>16.07</전용면적><중개사소재지>서울 은평구</중개사소재지><지번>486-14</지번><지역코드>11380</지역코드><층>7</층><해제사유발생일> </해제사유발생일><해제여부> </해제여부></item><item><거래금액>    12,000</거래금액><거래유형>직거래</거래유형><건축년도>2018</건축년도><년>2022</년><도로명>갈현로</도로명><도로명건물본번호코드>00300</도로명건물본번호코드><도로명건물부번호코드>00000</도로명건물부번호코드><도로명시군구코드>11380</도로명시군구코드><도로명일련번호코드>01</도로명일련번호코드><도로명지상지하코드>0</도로명지상지하코드><도로명코드>3111001</도로명코드><법정동> 갈현동</법정동><법정동본번코드>0548</법정동본번코드><법정동부번코드>0000</법정동부번코드><법정동시군구코드>11380</법정동시군구코드><법정동읍면동코드>10400</법정동읍면동코드><법정동지번코드>1</법정동지번코드><아파트>유호루하스</아파트><월>11</월><일>18</일><일련번호>11380-10765</일련번호><전용면적>16.768</전용면적><중개사소재지> </중개사소재지><지번>548</지번><지역코드>11380</지역코드><층>7</층><해제사유발생일> </해제사유발생일><해제여부> </해제여부></item><item><거래금액>    12,000</거래금액><거래유형>직거래</거래유형><건축년도>2018</건축년도><년>2022</년><도로명>갈현로</도로명><도로명건물본번호코드>00300</도로명건물본번호코드><도로명건물부번호코드>00000</도로명건물부번호코드><도로명시군구코드>11380</도로명시군구코드><도로명일련번호코드>01</도로명일련번호코드><도로명지상지하코드>0</도로명지상지하코드><도로명코드>3111001</도로명코드><법정동> 갈현동</법정동><법정동본번코드>0548</법정동본번코드><법정동부번코드>0000</법정동부번코드><법정동시군구코드>11380</법정동시군구코드><법정동읍면동코드>10400</법정동읍면동코드><법정동지번코드>1</법정동지번코드><아파트>유호루하스</아파트><월>11</월><일>18</일><일련번호>11380-10765</일련번호><전용면적>16.768</전용면적><중개사소재지> </중개사소재지><지번>548</지번><지역코드>11380</지역코드><층>7</층><해제사유발생일> </해제사유발생일><해제여부> </해제여부></item><item><거래금액>    26,600</거래금액><거래유형>직거래</거래유형><건축년도>1973</건축년도><년>2022</년><도로명>연서로17길</도로명><도로명건물본번호코드>00012</도로명건물본번호코드><도로명건물부번호코드>00000</도로명건물부번호코드><도로명시군구코드>11380</도로명시군구코드><도로명일련번호코드>00</도로명일련번호코드><도로명지상지하코드>0</도로명지상지하코드><도로명코드>4133147</도로명코드><법정동> 갈현동</법정동><법정동본번코드>0467</법정동본번코드><법정동부번코드>0002</법정동부번코드><법정동시군구코드>11380</법정동시군구코드><법정동읍면동코드>10400</법정동읍면동코드><법정동지번코드>1</법정동지번코드><아파트>역촌맨션</아파트><월>11</월><일>22</일><일련번호>11380-185</일련번호><전용면적>65.78</전용면적><중개사소재지> </중개사소재지><지번>467-2</지번><지역코드>11380</지역코드><층>3</층><해제사유발생일> </해제사유발생일><해제여부> </해제여부></item><item><거래금액>    19,600</거래금액><거래유형>직거래</거래유형><건축년도>1973</건축년도><년>2022</년><도로명>연서로19길</도로명><도로명건물본번호코드>00009</도로명건물본번호코드><도로명건물부번호코드>00000</도로명건물부번호코드><도로명시군구코드>11380</도로명시군구코드><도로명일련번호코드>01</도로명일련번호코드><도로명지상지하코드>0</도로명지상지하코드><도로명코드>4133150</도로명코드><법정동> 갈현동</법정동><법정동본번코드>0467</법정동본번코드><법정동부번코드>0002</법정동부번코드><법정동시군구코드>11380</법정동시군구코드><법정동읍면동코드>10400</법정동읍면동코드><법정동지번코드>1</법정동지번코드><아파트>역촌맨션</아파트><월>11</월><일>22</일><일련번호>11380-185</일련번호><전용면적>53.2</전용면적><중개사소재지> </중개사소재지><지번>467-2</지번><지역코드>11380</지역코드><층>3</층><해제사유발생일> </해제사유발생일><해제여부> </해제여부></item><item><거래금액>    35,500</거래금액><거래유형>직거래</거래유형><건축년도>1973</건축년도><년>2022</년><도로명>연서로17길</도로명><도로명건물본번호코드>00012</도로명건물본번호코드><도로명건물부번호코드>00000</도로명건물부번호코드><도로명시군구코드>11380</도로명시군구코드><도로명일련번호코드>00</도로명일련번호코드><도로명지상지하코드>0</도로명지상지하코드><도로명코드>4133147</도로명코드><법정동> 갈현동</법정동><법정동본번코드>0467</법정동본번코드><법정동부번코드>0002</법정동부번코드><법정동시군구코드>11380</법정동시군구코드><법정동읍면동코드>10400</법정동읍면동코드><법정동지번코드>1</법정동지번코드><아파트>역촌맨션</아파트><월>11</월><일>30</일><일련번호>11380-185</일련번호><전용면적>66.43</전용면적><중개사소재지> </중개사소재지><지번>467-2</지번><지역코드>11380</지역코드><층>1</층><해제사유발생일> </해제사유발생일><해제여부> </해제여부></item><item><거래금액>    27,980</거래금액><거래유형>직거래</거래유형><건축년도>1973</건축년도><년>2022</년><도로명>연서로19길</도로명><도로명건물본번호코드>00009</도로명건물본번호코드><도로명건물부번호코드>00000</도로명건물부번호코드><도로명시군구코드>11380</도로명시군구코드><도로명일련번호코드>01</도로명일련번호코드><도로명지상지하코드>0</도로명지상지하코드><도로명코드>4133150</도로명코드><법정동> 갈현동</법정동><법정동본번코드>0467</법정동본번코드><법정동부번코드>0002</법정동부번코드><법정동시군구코드>11380</법정동시군구코드><법정동읍면동코드>10400</법정동읍면동코드><법정동지번코드>1</법정동지번코드><아파트>역촌맨션</아파트><월>11</월><일>30</일><일련번호>11380-185</일련번호><전용면적>53.2</전용면적><중개사소재지> </중개사소재지><지번>467-2</지번><지역코드>11380</지역코드><층>6</층><해제사유발생일> </해제사유발생일><해제여부> </해제여부></item><item><거래금액>    29,200</거래금액><거래유형>직거래</거래유형><건축년도>1973</건축년도><년>2022</년><도로명>연서로19길</도로명><도로명건물본번호코드>00009</도로명건물본번호코드><도로명건물부번호코드>00000</도로명건물부번호코드><도로명시군구코드>11380</도로명시군구코드><도로명일련번호코드>01</도로명일련번호코드><도로명지상지하코드>0</도로명지상지하코드><도로명코드>4133150</도로명코드><법정동> 갈현동</법정동><법정동본번코드>0467</법정동본번코드><법정동부번코드>0002</법정동부번코드><법정동시군구코드>11380</법정동시군구코드><법정동읍면동코드>10400</법정동읍면동코드><법정동지번코드>1</법정동지번코드><아파트>역촌맨션</아파트><월>11</월><일>30</일><일련번호>11380-185</일련번호><전용면적>53.2</전용면적><중개사소재지> </중개사소재지><지번>467-2</지번><지역코드>11380</지역코드><층>4</층><해제사유발생일> </해제사유발생일><해제여부> </해제여부></item><item><거래금액>    29,200</거래금액><거래유형>직거래</거래유형><건축년도>1973</건축년도><년>2022</년><도로명>연서로19길</도로명><도로명건물본번호코드>00009</도로명건물본번호코드><도로명건물부번호코드>00000</도로명건물부번호코드><도로명시군구코드>11380</도로명시군구코드><도로명일련번호코드>01</도로명일련번호코드><도로명지상지하코드>0</도로명지상지하코드><도로명코드>4133150</도로명코드><법정동> 갈현동</법정동><법정동본번코드>0467</법정동본번코드><법정동부번코드>0002</법정동부번코드><법정동시군구코드>11380</법정동시군구코드><법정동읍면동코드>10400</법정동읍면동코드><법정동지번코드>1</법정동지번코드><아파트>역촌맨션</아파트><월>11</월><일>30</일><일련번호>11380-185</일련번호><전용면적>53.2</전용면적><중개사소재지> </중개사소재지><지번>467-2</지번><지역코드>11380</지역코드><층>2</층><해제사유발생일> </해제사유발생일><해제여부> </해제여부></item><item><거래금액>    34,415</거래금액><거래유형>직거래</거래유형><건축년도>1973</건축년도><년>2022</년><도로명>연서로17길</도로명><도로명건물본번호코드>00012</도로명건물본번호코드><도로명건물부번호코드>00000</도로명건물부번호코드><도로명시군구코드>11380</도로명시군구코드><도로명일련번호코드>00</도로명일련번호코드><도로명지상지하코드>0</도로명지상지하코드><도로명코드>4133147</도로명코드><법정동> 갈현동</법정동><법정동본번코드>0467</법정동본번코드><법정동부번코드>0002</법정동부번코드><법정동시군구코드>11380</법정동시군구코드><법정동읍면동코드>10400</법정동읍면동코드><법정동지번코드>1</법정동지번코드><아파트>역촌맨션</아파트><월>11</월><일>30</일><일련번호>11380-185</일련번호><전용면적>65.78</전용면적><중개사소재지> </중개사소재지><지번>467-2</지번><지역코드>11380</지역코드><층>5</층><해제사유발생일> </해제사유발생일><해제여부> </해제여부></item><item><거래금액>    36,300</거래금액><거래유형>직거래</거래유형><건축년도>1973</건축년도><년>2022</년><도로명>연서로17길</도로명><도로명건물본번호코드>00012</도로명건물본번호코드><도로명건물부번호코드>00000</도로명건물부번호코드><도로명시군구코드>11380</도로명시군구코드><도로명일련번호코드>00</도로명일련번호코드><도로명지상지하코드>0</도로명지상지하코드><도로명코드>4133147</도로명코드><법정동> 갈현동</법정동><법정동본번코드>0467</법정동본번코드><법정동부번코드>0002</법정동부번코드><법정동시군구코드>11380</법정동시군구코드><법정동읍면동코드>10400</법정동읍면동코드><법정동지번코드>1</법정동지번코드><아파트>역촌맨션</아파트><월>11</월><일>30</일><일련번호>11380-185</일련번호><전용면적>65.78</전용면적><중개사소재지> </중개사소재지><지번>467-2</지번><지역코드>11380</지역코드><층>2</층><해제사유발생일> </해제사유발생일><해제여부> </해제여부></item><item><거래금액>    36,400</거래금액><거래유형>직거래</거래유형><건축년도>1973</건축년도><년>2022</년><도로명>연서로17길</도로명><도로명건물본번호코드>00012</도로명건물본번호코드><도로명건물부번호코드>00000</도로명건물부번호코드><도로명시군구코드>11380</도로명시군구코드><도로명일련번호코드>00</도로명일련번호코드><도로명지상지하코드>0</도로명지상지하코드><도로명코드>4133147</도로명코드><법정동> 갈현동</법정동><법정동본번코드>0467</법정동본번코드><법정동부번코드>0002</법정동부번코드><법정동시군구코드>11380</법정동시군구코드><법정동읍면동코드>10400</법정동읍면동코드><법정동지번코드>1</법정동지번코드><아파트>역촌맨션</아파트><월>11</월><일>30</일><일련번호>11380-185</일련번호><전용면적>65.78</전용면적><중개사소재지> </중개사소재지><지번>467-2</지번><지역코드>11380</지역코드><층>2</층><해제사유발생일> </해제사유발생일><해제여부> </해제여부></item><item><거래금액>    52,000</거래금액><거래유형>중개거래</거래유형><건축년도>2004</건축년도><년>2022</년><도로명>갈현로11길</도로명><도로명건물본번호코드>00046</도로명건물본번호코드><도로명건물부번호코드>00000</도로명건물부번호코드><도로명시군구코드>11380</도로명시군구코드><도로명일련번호코드>01</도로명일련번호코드><도로명지상지하코드>0</도로명지상지하코드><도로명코드>4133015</도로명코드><법정동> 구산동</법정동><법정동본번코드>0224</법정동본번코드><법정동부번코드>0000</법정동부번코드><법정동시군구코드>11380</법정동시군구코드><법정동읍면동코드>10500</법정동읍면동코드><법정동지번코드>1</법정동지번코드><아파트>경남아너스빌</아파트><월>11</월><일>23</일><일련번호>11380-247</일련번호><전용면적>84.69</전용면적><중개사소재지>서울 은평구</중개사소재지><지번>224</지번><지역코드>11380</지역코드><층>8</층><해제사유발생일> </해제사유발생일><해제여부> </해제여부></item><item><거래금액>    36,500</거래금액><거래유형>직거래</거래유형><건축년도>2021</건축년도><년>2022</년><도로명>서오릉로</도로명><도로명건물본번호코드>00080</도로명건물본번호코드><도로명건물부번호코드>00000</도로명건물부번호코드><도로명시군구코드>11380</도로명시군구코드><도로명일련번호코드>00</도로명일련번호코드><도로명코드>3000007</도로명코드><법정동> 대조동</법정동><법정동본번코드>0179</법정동본번코드><법정동부번코드>0016</법정동부번코드><법정동시군구코드>11380</법정동시군구코드><법정동읍면동코드>10600</법정동읍면동코드><법정동지번코드>1</법정동지번코드><아파트>북한산포레스트</아파트><월>11</월><일>23</일><일련번호>11380-11177</일련번호><전용면적>29.02</전용면적><중개사소재지> </중개사소재지><지번>179-16</지번><지역코드>11380</지역코드><층>4</층><해제사유발생일> </해제사유발생일><해제여부> </해제여부></item><item><거래금액>    43,000</거래금액><거래유형>중개거래</거래유형><건축년도>2011</건축년도><년>2022</년><도로명>응암로</도로명><도로명건물본번호코드>00290</도로명건물본번호코드><도로명건물부번호코드>00000</도로명건물부번호코드><도로명시군구코드>11380</도로명시군구코드><도로명일련번호코드>02</도로명일련번호코드><도로명지상지하코드>0</도로명지상지하코드><도로명코드>3005055</도로명코드><법정동> 응암동</법정동><법정동본번코드>0107</법정동본번코드><법정동부번코드>0004</법정동부번코드><법정동시군구코드>11380</법정동시군구코드><법정동읍면동코드>10700</법정동읍면동코드><법정동지번코드>1</법정동지번코드><아파트>다원(107-4)</아파트><월>11</월><일>7</일><일련번호>11380-9057</일련번호><전용면적>57.23</전용면적><중개사소재지>서울 은평구</중개사소재지><지번>107-4</지번><지역코드>11380</지역코드><층>9</층><해제사유발생일> </해제사유발생일><해제여부> </해제여부></item><item><거래금액>    75,000</거래금액><거래유형>중개거래</거래유형><건축년도>2020</건축년도><년>2022</년><도로명>응암로30길</도로명><도로명건물본번호코드>00015</도로명건물본번호코드><도로명건물부번호코드>00000</도로명건물부번호코드><도로명시군구코드>11380</도로명시군구코드><도로명일련번호코드>01</도로명일련번호코드><도로명코드>4133240</도로명코드><법정동> 응암동</법정동><법정동본번코드>0768</법정동본번코드><법정동부번코드>0000</법정동부번코드><법정동시군구코드>11380</법정동시군구코드><법정동읍면동코드>10700</법정동읍면동코드><법정동지번코드>1</법정동지번코드><아파트>백련산해모로</아파트><월>11</월><일>15</일><일련번호>11380-11061</일련번호><전용면적>59.92</전용면적><중개사소재지>서울 은평구</중개사소재지><지번>768</지번><지역코드>11380</지역코드><층>4</층><해제사유발생일> </해제사유발생일><해제여부> </해제여부></item><item><거래금액>    81,000</거래금액><거래유형>중개거래</거래유형><건축년도>2022</건축년도><년>2022</년><도로명>은평로</도로명><도로명건물본번호코드>00240</도로명건물본번호코드><도로명건물부번호코드>00000</도로명건물부번호코드><도로명시군구코드>11380</도로명시군구코드><도로명일련번호코드>00</도로명일련번호코드><도로명코드>3111007</도로명코드><법정동> 응암동</법정동><법정동본번코드>0770</법정동본번코드><법정동부번코드>0000</법정동부번코드><법정동시군구코드>11380</법정동시군구코드><법정동읍면동코드>10700</법정동읍면동코드><법정동지번코드>1</법정동지번코드><아파트>힐스테이트녹번역</아파트><월>11</월><일>16</일><일련번호>11380-11169</일련번호><전용면적>59.99</전용면적><중개사소재지>서울 은평구</중개사소재지><지번>770</지번><지역코드>11380</지역코드><층>7</층><해제사유발생일> </해제사유발생일><해제여부> </해제여부></item><item><거래금액>    81,000</거래금액><거래유형>중개거래</거래유형><건축년도>2022</건축년도><년>2022</년><도로명>은평로</도로명><도로명건물본번호코드>00240</도로명건물본번호코드><도로명건물부번호코드>00000</도로명건물부번호코드><도로명시군구코드>11380</도로명시군구코드><도로명일련번호코드>00</도로명일련번호코드><도로명코드>3111007</도로명코드><법정동> 응암동</법정동><법정동본번코드>0770</법정동본번코드><법정동부번코드>0000</법정동부번코드><법정동시군구코드>11380</법정동시군구코드><법정동읍면동코드>10700</법정동읍면동코드><법정동지번코드>1</법정동지번코드><아파트>힐스테이트녹번역</아파트><월>11</월><일>16</일><일련번호>11380-11169</일련번호><전용면적>59.99</전용면적><중개사소재지>서울 은평구</중개사소재지><지번>770</지번><지역코드>11380</지역코드><층>7</층><해제사유발생일>23.01.28</해제사유발생일><해제여부>O</해제여부></item><item><거래금액>    81,000</거래금액><거래유형>중개거래</거래유형><건축년도>2022</건축년도><년>2022</년><도로명>은평로</도로명><도로명건물본번호코드>00240</도로명건물본번호코드><도로명건물부번호코드>00000</도로명건물부번호코드><도로명시군구코드>11380</도로명시군구코드><도로명일련번호코드>00</도로명일련번호코드><도로명코드>3111007</도로명코드><법정동> 응암동</법정동><법정동본번코드>0770</법정동본번코드><법정동부번코드>0000</법정동부번코드><법정동시군구코드>11380</법정동시군구코드><법정동읍면동코드>10700</법정동읍면동코드><법정동지번코드>1</법정동지번코드><아파트>힐스테이트녹번역</아파트><월>11</월><일>16</일><일련번호>11380-11169</일련번호><전용면적>59.99</전용면적><중개사소재지>서울 은평구</중개사소재지><지번>770</지번><지역코드>11380</지역코드><층>7</층><해제사유발생일>23.01.31</해제사유발생일><해제여부>O</해제여부></item><item><거래금액>    50,000</거래금액><거래유형>중개거래</거래유형><건축년도>2003</건축년도><년>2022</년><도로명>은평로</도로명><도로명건물본번호코드>00096</도로명건물본번호코드><도로명건물부번호코드>00000</도로명건물부번호코드><도로명시군구코드>11380</도로명시군구코드><도로명일련번호코드>02</도로명일련번호코드><도로명지상지하코드>0</도로명지상지하코드><도로명코드>3111007</도로명코드><법정동> 응암동</법정동><법정동본번코드>0111</법정동본번코드><법정동부번코드>0048</법정동부번코드><법정동시군구코드>11380</법정동시군구코드><법정동읍면동코드>10700</법정동읍면동코드><법정동지번코드>1</법정동지번코드><아파트>프라임팰리스</아파트><월>11</월><일>29</일><일련번호>11380-113</일련번호><전용면적>71.16</전용면적><중개사소재지>서울 서대문구</중개사소재지><지번>111-48</지번><지역코드>11380</지역코드><층>14</층><해제사유발생일> </해제사유발생일><해제여부> </해제여부></item><item><거래금액>    82,750</거래금액><거래유형>중개거래</거래유형><건축년도>2021</건축년도><년>2022</년><도로명>은평로</도로명><도로명건물본번호코드>00220</도로명건물본번호코드><도로명건물부번호코드>00000</도로명건물부번호코드><도로명시군구코드>11380</도로명시군구코드><도로명일련번호코드>01</도로명일련번호코드><도로명코드>3111007</도로명코드><법정동> 응암동</법정동><법정동본번코드>0769</법정동본번코드><법정동부번코드>0000</법정동부번코드><법정동시군구코드>11380</법정동시군구코드><법정동읍면동코드>10700</법정동읍면동코드><법정동지번코드>1</법정동지번코드><아파트>녹번역e편한세상캐슬</아파트><월>11</월><일>30</일><일련번호>11380-11078</일련번호><전용면적>59.96</전용면적><중개사소재지>서울 은평구</중개사소재지><지번>769</지번><지역코드>11380</지역코드><층>6</층><해제사유발생일> </해제사유발생일><해제여부> </해제여부></item><item><거래금액>    34,900</거래금액><거래유형>중개거래</거래유형><건축년도>2008</건축년도><년>2022</년><도로명>갈현로2가길</도로명><도로명건물본번호코드>00001</도로명건물본번호코드><도로명건물부번호코드>00001</도로명건물부번호코드><도로명시군구코드>11380</도로명시군구코드><도로명일련번호코드>01</도로명일련번호코드><도로명지상지하코드>0</도로명지상지하코드><도로명코드>4133030</도로명코드><법정동> 신사동</법정동><법정동본번코드>0006</법정동본번코드><법정동부번코드>0005</법정동부번코드><법정동시군구코드>11380</법정동시군구코드><법정동읍면동코드>10900</법정동읍면동코드><법정동지번코드>1</법정동지번코드><아파트>신아</아파트><월>11</월><일>7</일><일련번호>11380-8078</일련번호><전용면적>57.06</전용면적><중개사소재지>서울 은평구</중개사소재지><지번>6-5</지번><지역코드>11380</지역코드><층>7</층><해제사유발생일> </해제사유발생일><해제여부> </해제여부></item><item><거래금액>    11,000</거래금액><거래유형>중개거래</거래유형><건축년도>2011</건축년도><년>2022</년><도로명>증산로</도로명><도로명건물본번호코드>00291</도로명건물본번호코드><도로명건물부번호코드>00000</도로명건물부번호코드><도로명시군구코드>11380</도로명시군구코드><도로명일련번호코드>02</도로명일련번호코드><도로명지상지하코드>0</도로명지상지하코드><도로명코드>3005056</도로명코드><법정동> 증산동</법정동><법정동본번코드>0173</법정동본번코드><법정동부번코드>0001</법정동부번코드><법정동시군구코드>11380</법정동시군구코드><법정동읍면동코드>11000</법정동읍면동코드><법정동지번코드>1</법정동지번코드><아파트>디오반</아파트><월>11</월><일>25</일><일련번호>11380-9047</일련번호><전용면적>14.46</전용면적><중개사소재지>서울 은평구</중개사소재지><지번>173-1</지번><지역코드>11380</지역코드><층>5</층><해제사유발생일> </해제사유발생일><해제여부> </해제여부></item><item><거래금액>    95,000</거래금액><거래유형>중개거래</거래유형><건축년도>2019</건축년도><년>2022</년><도로명>통일로</도로명><도로명건물본번호코드>01034</도로명건물본번호코드><도로명건물부번호코드>00000</도로명건물부번호코드><도로명시군구코드>11380</도로명시군구코드><도로명일련번호코드>00</도로명일련번호코드><도로명코드>3000008</도로명코드><법정동> 진관동</법정동><법정동본번코드>0062</법정동본번코드><법정동부번코드>0000</법정동부번코드><법정동시군구코드>11380</법정동시군구코드><법정동읍면동코드>11400</법정동읍면동코드><법정동지번코드>1</법정동지번코드><아파트>은평스카이뷰자이</아파트><월>11</월><일>6</일><일련번호>11380-10938</일련번호><전용면적>84.7488</전용면적><중개사소재지>서울 은평구</중개사소재지><지번>62</지번><지역코드>11380</지역코드><층>32</층><해제사유발생일> </해제사유발생일><해제여부> </해제여부></item><item><거래금액>    77,000</거래금액><거래유형>중개거래</거래유형><건축년도>2008</건축년도><년>2022</년><도로명>진관4로</도로명><도로명건물본번호코드>00078</도로명건물본번호코드><도로명건물부번호코드>00007</도로명건물부번호코드><도로명시군구코드>11380</도로명시군구코드><도로명일련번호코드>01</도로명일련번호코드><도로명지상지하코드>0</도로명지상지하코드><도로명코드>3111012</도로명코드><법정동> 진관동</법정동><법정동본번코드>0003</법정동본번코드><법정동부번코드>0000</법정동부번코드><법정동시군구코드>11380</법정동시군구코드><법정동읍면동코드>11400</법정동읍면동코드><법정동지번코드>1</법정동지번코드><아파트>상림마을6단지푸르지오(601~605동)BL1-8</아파트><월>11</월><일>10</일><일련번호>11380-8020</일련번호><전용면적>101.93</전용면적><중개사소재지>서울 은평구</중개사소재지><지번>3</지번><지역코드>11380</지역코드><층>5</층><해제사유발생일> </해제사유발생일><해제여부> </해제여부></item><item><거래금액>    72,000</거래금액><거래유형>중개거래</거래유형><건축년도>2015</건축년도><년>2022</년><도로명>연서로46길</도로명><도로명건물본번호코드>00007</도로명건물본번호코드><도로명건물부번호코드>00000</도로명건물부번호코드><도로명시군구코드>11380</도로명시군구코드><도로명일련번호코드>00</도로명일련번호코드><도로명지상지하코드>0</도로명지상지하코드><도로명코드>4133180</도로명코드><법정동> 진관동</법정동><법정동본번코드>0150</법정동본번코드><법정동부번코드>0000</법정동부번코드><법정동시군구코드>11380</법정동시군구코드><법정동읍면동코드>11400</법정동읍면동코드><법정동지번코드>1</법정동지번코드><아파트>은평뉴타운기자촌11단지</아파트><월>11</월><일>17</일><일련번호>11380-9862</일련번호><전용면적>84.94</전용면적><중개사소재지>서울 은평구</중개사소재지><지번>150</지번><지역코드>11380</지역코드><층>7</층><해제사유발생일> </해제사유발생일><해제여부> </해제여부></item><item><거래금액>   110,000</거래금액><거래유형>중개거래</거래유형><건축년도>2010</건축년도><년>2022</년><도로명>진관3로</도로명><도로명건물본번호코드>00077</도로명건물본번호코드><도로명건물부번호코드>00000</도로명건물부번호코드><도로명시군구코드>11380</도로명시군구코드><도로명일련번호코드>01</도로명일련번호코드><도로명지상지하코드>0</도로명지상지하코드><도로명코드>3111011</도로명코드><법정동> 진관동</법정동><법정동본번코드>0025</법정동본번코드><법정동부번코드>0000</법정동부번코드><법정동시군구코드>11380</법정동시군구코드><법정동읍면동코드>11400</법정동읍면동코드><법정동지번코드>1</법정동지번코드><아파트>구파발9단지래미안(916~928동)BL3-2</아파트><월>11</월><일>19</일><일련번호>11380-8619</일련번호><전용면적>134.83</전용면적><중개사소재지>서울 은평구</중개사소재지><지번>25</지번><지역코드>11380</지역코드><층>4</층><해제사유발생일> </해제사유발생일><해제여부> </해제여부></item><item><거래금액>    65,500</거래금액><거래유형>중개거래</거래유형><건축년도>2008</건축년도><년>2022</년><도로명>진관4로</도로명><도로명건물본번호코드>00107</도로명건물본번호코드><도로명건물부번호코드>00000</도로명건물부번호코드><도로명시군구코드>11380</도로명시군구코드><도로명일련번호코드>01</도로명일련번호코드><도로명지상지하코드>0</도로명지상지하코드><도로명코드>3111012</도로명코드><법정동> 진관동</법정동><법정동본번코드>0001</법정동본번코드><법정동부번코드>0000</법정동부번코드><법정동시군구코드>11380</법정동시군구코드><법정동읍면동코드>11400</법정동읍면동코드><법정동지번코드>1</법정동지번코드><아파트>상림마을6단지푸르지오(615~621동)BL1-6</아파트><월>11</월><일>20</일><일련번호>11380-8018</일련번호><전용면적>84.79</전용면적><중개사소재지>서울 은평구</중개사소재지><지번>1</지번><지역코드>11380</지역코드><층>3</층><해제사유발생일> </해제사유발생일><해제여부> </해제여부></item><item><거래금액>    70,000</거래금액><거래유형>중개거래</거래유형><건축년도>2009</건축년도><년>2022</년><도로명>진관1로</도로명><도로명건물본번호코드>00021</도로명건물본번호코드><도로명건물부번호코드>00009</도로명건물부번호코드><도로명시군구코드>11380</도로명시군구코드><도로명일련번호코드>01</도로명일련번호코드><도로명지상지하코드>0</도로명지상지하코드><도로명코드>3111009</도로명코드><법정동> 진관동</법정동><법정동본번코드>0101</법정동본번코드><법정동부번코드>0000</법정동부번코드><법정동시군구코드>11380</법정동시군구코드><법정동읍면동코드>11400</법정동읍면동코드><법정동지번코드>1</법정동지번코드><아파트>박석고개1단지힐스테이트(101~111동)BL2-12</아파트><월>11</월><일>21</일><일련번호>11380-8391</일련번호><전용면적>59.85</전용면적><중개사소재지>서울 은평구</중개사소재지><지번>101</지번><지역코드>11380</지역코드><층>11</층><해제사유발생일> </해제사유발생일><해제여부> </해제여부></item><item><거래금액>    58,000</거래금액><거래유형>중개거래</거래유형><건축년도>2017</건축년도><년>2022</년><도로명>통일로</도로명><도로명건물본번호코드>01080</도로명건물본번호코드><도로명건물부번호코드>00000</도로명건물부번호코드><도로명시군구코드>11380</도로명시군구코드><도로명일련번호코드>00</도로명일련번호코드><도로명지상지하코드>0</도로명지상지하코드><도로명코드>3000008</도로명코드><법정동> 진관동</법정동><법정동본번코드>0060</법정동본번코드><법정동부번코드>0000</법정동부번코드><법정동시군구코드>11380</법정동시군구코드><법정동읍면동코드>11400</법정동읍면동코드><법정동지번코드>1</법정동지번코드><아파트>은평뉴타운솔하임</아파트><월>11</월><일>21</일><일련번호>11380-10714</일련번호><전용면적>45.044</전용면적><중개사소재지>서울 은평구</중개사소재지><지번>60</지번><지역코드>11380</지역코드><층>18</층><해제사유발생일> </해제사유발생일><해제여부> </해제여부></item></items><numOfRows>999</numOfRows><pageNo>1</pageNo><totalCount>33</totalCount></body></response>