<?xml version="1.0" encoding="UTF-8" standalone="yes"?><response><header><resultCode>00</resultCode><resultMsg>NORMAL SERVICE.</resultMsg></header><body><items><item><거래금액>   100,000</거래금액><거래유형>직거래</거래유형><건축년도>2021</건축년도><년>2022</년><도로명>수색로</도로명><도로명건물본번호코드>00300</도로명건물본번호코드><도로명건물부번호코드>00000</도로명건물부번호코드><도로명시군구코드>11380</도로명시군구코드><도로명일련번호코드>00</도로명일련번호코드><도로명코드>3005054</도로명코드><법정동> 수색동</법정동><법정동본번코드>0417</법정동본번코드><법정동부번코드>0000</법정동부번코드><법정동시군구코드>11380</법정동시군구코드><법정동읍면동코드>10100</법정동읍면동코드><법정동지번코드>1</법정동지번코드><아파트>DMC롯데캐슬더퍼스트</아파트><월>9</월><일>7</일><일련번호>11380-11086</일련번호><전용면적>84.87</전용면적><중개사소재지> </중개사소재지><지번>417</지번><지역코드>11380</지역코드><층>4</층><해제사유발생일> </해제사유발생일><해제여부> </해제여부></item><item><거래금액>   119,000</거래금액><거래유형>중개거래</거래유형><건축년도>2019</건축년도><년>2022</년><도로명>통일로</도로명><도로명건물본번호코드>00630</도로명건물본번호코드><도로명건물부번호코드>00000</도로명건물부번호코드><도로명시군구코드>11380</도로명시군구코드><도로명일련번호코드>00</도로명일련번호코드><도로명지상지하코드>0</도로명지상지하코드><도로명코드>3000008</도로명코드><법정동> 녹번동</법정동><법정동본번코드>0283</법정동본번코드><법정동부번코드>0000</법정동부번코드><법정동시군구코드>11380</법정동시군구코드><법정동읍면동코드>10200</법정동읍면동코드><법정동지번코드>1</법정동지번코드><아파트>래미안베라힐즈</아파트><월>9</월><일>8</일><일련번호>11380-11015</일련번호><전용면적>84.98</전용면적><중개사소재지>서울 은평구</중개사소재지><지번>283</지번><지역코드>11380</지역코드><층>5</층><해제사유발생일> </해제사유발생일><해제여부> </해제여부></item><item><거래금액>    56,500</거래금액><거래유형>중개거래</거래유형><건축년도>2013</건축년도><년>2022</년><도로명>연서로34길</도로명><도로명건물본번호코드>00042</도로명건물본번호코드><도로명건물부번호코드>00000</도로명건물부번호코드><도로명시군구코드>11380</도로명시군구코드><도로명일련번호코드>01</도로명일련번호코드><도로명지상지하코드>0</도로명지상지하코드><도로명코드>4133166</도로명코드><법정동> 불광동</법정동><법정동본번코드>0644</법정동본번코드><법정동부번코드>0000</법정동부번코드><법정동시군구코드>11380</법정동시군구코드><법정동읍면동코드>10300</법정동읍면동코드><법정동지번코드>1</법정동지번코드><아파트>북한산동호스카이</아파트><월>9</월><일>1</일><일련번호>11380-9431</일련번호><전용면적>84.99</전용면적><중개사소재지>서울 은평구</중개사소재지><지번>644</지번><지역코드>11380</지역코드><층>3</층><해제사유발생일> </해제사유발생일><해제여부> </해제여부></item><item><거래금액>    86,000</거래금액><거래유형>중개거래</거래유형><건축년도>2010</건축년도><년>2022</년><도로명>진흥로</도로명><도로명건물본번호코드>00267</도로명건물본번호코드><도로명건물부번호코드>00000</도로명건물부번호코드><도로명시군구코드>11380</도로명시군구코드><도로명일련번호코드>02</도로명일련번호코드><도로명지상지하코드>0</도로명지상지하코드><도로명코드>3100020</도로명코드><법정동> 불광동</법정동><법정동본번코드>0638</법정동본번코드><법정동부번코드>0000</법정동부번코드><법정동시군구코드>11380</법정동시군구코드><법정동읍면동코드>10300</법정동읍면동코드><법정동지번코드>1</법정동지번코드><아파트>북한산래미안아파트(1단지)</아파트><월>9</월><일>3</일><일련번호>11380-8699</일련번호><전용면적>84.9885</전용면적><중개사소재지>경기 고양덕양구</중개사소재지><지번>638</지번><지역코드>11380</지역코드><층>10</층><해제사유발생일> </해제사유발생일><해제여부> </해제여부></item><item><거래금액>    85,000</거래금액><거래유형>중개거래</거래유형><건축년도>2018</건축년도><년>2022</년><도로명>불광로</도로명><도로명건물본번호코드>00064</도로명건물본번호코드><도로명건물부번호코드>00000</도로명건물부번호코드><도로명시군구코드>11380</도로명시군구코드><도로명일련번호코드>00</도로명일련번호코드><도로명코드>3111004</도로명코드><법정동> 불광동</법정동><법정동본번코드>0645</법정동본번코드><법정동부번코드>0000</법정동부번코드><법정동시군구코드>11380</법정동시군구코드><법정동읍면동코드>10300</법정동읍면동코드><법정동지번코드>1</법정동지번코드><아파트>불광롯데캐슬</아파트><월>9</월><일>3</일><일련번호>11380-10903</일련번호><전용면적>59.99</전용면적><중개사소재지>서울 은평구</중개사소재지><지번>645</지번><지역코드>11380</지역코드><층>9</층><해제사유발생일> </해제사유발생일><해제여부> </해제여부></item><item><거래금액>    50,000</거래금액><거래유형>중개거래</거래유형><건축년도>1997</건축년도><년>2022</년><도로명>갈현로29길</도로명><도로명건물본번호코드>00011</도로명건물본번호코드><도로명건물부번호코드>00000</도로명건물부번호코드><도로명시군구코드>11380</도로명시군구코드><도로명일련번호코드>01</도로명일련번호코드><도로명지상지하코드>0</도로명지상지하코드><도로명코드>4133029</도로명코드><법정동> 갈현동</법정동><법정동본번코드>0538</법정동본번코드><법정동부번코드>0000</법정동부번코드><법정동시군구코드>11380</법정동시군구코드><법정동읍면동코드>10400</법정동읍면동코드><법정동지번코드>1</법정동지번코드><아파트>미미</아파트><월>9</월><일>20</일><일련번호>11380-30</일련번호><전용면적>59.595</전용면적><중개사소재지>서울 은평구</중개사소재지><지번>538</지번><지역코드>11380</지역코드><층>8</층><해제사유발생일> </해제사유발생일><해제여부> </해제여부></item><item><거래금액>    40,000</거래금액><거래유형>직거래</거래유형><건축년도>1997</건축년도><년>2022</년><도로명>갈현로23길</도로명><도로명건물본번호코드>00041</도로명건물본번호코드><도로명건물부번호코드>00000</도로명건물부번호코드><도로명시군구코드>11380</도로명시군구코드><도로명일련번호코드>01</도로명일련번호코드><도로명지상지하코드>0</도로명지상지하코드><도로명코드>4133026</도로명코드><법정동> 갈현동</법정동><법정동본번코드>0539</법정동본번코드><법정동부번코드>0000</법정동부번코드><법정동시군구코드>11380</법정동시군구코드><법정동읍면동코드>10400</법정동읍면동코드><법정동지번코드>1</법정동지번코드><아파트>한솔</아파트><월>9</월><일>26</일><일련번호>11380-35</일련번호><전용면적>59.94</전용면적><중개사소재지> </중개사소재지><지번>539</지번><지역코드>11380</지역코드><층>8</층><해제사유발생일> </해제사유발생일><해제여부> </해제여부></item><item><거래금액>    44,300</거래금액><거래유형>중개거래</거래유형><건축년도>2022</건축년도><년>2022</년><도로명>서오릉로</도로명><도로명건물본번호코드>00253</도로명건물본번호코드><도로명건물부번호코드>00000</도로명건물부번호코드><도로명시군구코드>11380</도로명시군구코드><도로명일련번호코드>03</도로명일련번호코드><도로명지상지하코드>0</도로명지상지하코드><도로명코드>3000007</도로명코드><법정동> 구산동</법정동><법정동본번코드>0548</법정동본번코드><법정동부번코드>0000</법정동부번코드><법정동시군구코드>11380</법정동시군구코드><법정동읍면동코드>10500</법정동읍면동코드><법정동지번코드>1</법정동지번코드><아파트>은평서해그랑블</아파트><월>9</월><일>3</일><일련번호>11380-11181</일련번호><전용면적>44.2463</전용면적><중개사소재지>서울 은평구</중개사소재지><지번>548</지번><지역코드>11380</지역코드><층>12</층><해제사유발생일> </해제사유발생일><해제여부> </해제여부></item><item><거래금액>    18,000</거래금액><거래유형>중개거래</거래유형><건축년도>2002</건축년도><년>2022</년><도로명>갈현로17나길</도로명><도로명건물본번호코드>00031</도로명건물본번호코드><도로명건물부번호코드>00000</도로명건물부번호코드><도로명시군구코드>11380</도로명시군구코드><도로명일련번호코드>01</도로명일련번호코드><도로명지상지하코드>0</도로명지상지하코드><도로명코드>4133022</도로명코드><법정동> 구산동</법정동><법정동본번코드>0026</법정동본번코드><법정동부번코드>0004</법정동부번코드><법정동시군구코드>11380</법정동시군구코드><법정동읍면동코드>10500</법정동읍면동코드><법정동지번코드>1</법정동지번코드><아파트>우공아트빌</아파트><월>9</월><일>27</일><일련번호>11380-47</일련번호><전용면적>49.67</전용면적><중개사소재지>서울 은평구</중개사소재지><지번>26-4</지번><지역코드>11380</지역코드><층>5</층><해제사유발생일> </해제사유발생일><해제여부> </해제여부></item><item><거래금액>    45,000</거래금액><거래유형>중개거래</거래유형><건축년도>2013</건축년도><년>2022</년><도로명>불광로1길</도로명><도로명건물본번호코드>00012</도로명건물본번호코드><도로명건물부번호코드>00000</도로명건물부번호코드><도로명시군구코드>11380</도로명시군구코드><도로명일련번호코드>01</도로명일련번호코드><도로명지상지하코드>0</도로명지상지하코드><도로명코드>4133084</도로명코드><법정동> 대조동</법정동><법정동본번코드>0009</법정동본번코드><법정동부번코드>0046</법정동부번코드><법정동시군구코드>11380</법정동시군구코드><법정동읍면동코드>10600</법정동읍면동코드><법정동지번코드>1</법정동지번코드><아파트>미래하임(9-46)</아파트><월>9</월><일>12</일><일련번호>11380-9487</일련번호><전용면적>48.32</전용면적><중개사소재지>서울 은평구</중개사소재지><지번>9-46</지번><지역코드>11380</지역코드><층>8</층><해제사유발생일> </해제사유발생일><해제여부> </해제여부></item><item><거래금액>    33,000</거래금액><거래유형>중개거래</거래유형><건축년도>2012</건축년도><년>2022</년><도로명>통일로</도로명><도로명건물본번호코드>00749</도로명건물본번호코드><도로명건물부번호코드>00011</도로명건물부번호코드><도로명시군구코드>11380</도로명시군구코드><도로명일련번호코드>04</도로명일련번호코드><도로명지상지하코드>0</도로명지상지하코드><도로명코드>3000008</도로명코드><법정동> 대조동</법정동><법정동본번코드>0004</법정동본번코드><법정동부번코드>0018</법정동부번코드><법정동시군구코드>11380</법정동시군구코드><법정동읍면동코드>10600</법정동읍면동코드><법정동지번코드>1</법정동지번코드><아파트>아이안빌</아파트><월>9</월><일>24</일><일련번호>11380-9311</일련번호><전용면적>36.41</전용면적><중개사소재지>서울 은평구</중개사소재지><지번>4-18</지번><지역코드>11380</지역코드><층>5</층><해제사유발생일> </해제사유발생일><해제여부> </해제여부></item><item><거래금액>    70,000</거래금액><거래유형>중개거래</거래유형><건축년도>1998</건축년도><년>2022</년><도로명>응암로</도로명><도로명건물본번호코드>00318</도로명건물본번호코드><도로명건물부번호코드>00000</도로명건물부번호코드><도로명시군구코드>11380</도로명시군구코드><도로명일련번호코드>02</도로명일련번호코드><도로명지상지하코드>0</도로명지상지하코드><도로명코드>3005055</도로명코드><법정동> 응암동</법정동><법정동본번코드>0739</법정동본번코드><법정동부번코드>0000</법정동부번코드><법정동시군구코드>11380</법정동시군구코드><법정동읍면동코드>10700</법정동읍면동코드><법정동지번코드>1</법정동지번코드><아파트>응암동금호</아파트><월>9</월><일>2</일><일련번호>11380-7650</일련번호><전용면적>59.82</전용면적><중개사소재지>서울 은평구</중개사소재지><지번>739</지번><지역코드>11380</지역코드><층>10</층><해제사유발생일> </해제사유발생일><해제여부> </해제여부></item><item><거래금액>    84,000</거래금액><거래유형>중개거래</거래유형><건축년도>2021</건축년도><년>2022</년><도로명>백련산로</도로명><도로명건물본번호코드>00067</도로명건물본번호코드><도로명건물부번호코드>00000</도로명건물부번호코드><도로명시군구코드>11380</도로명시군구코드><도로명일련번호코드>01</도로명일련번호코드><도로명코드>3111003</도로명코드><법정동> 응암동</법정동><법정동본번코드>0766</법정동본번코드><법정동부번코드>0000</법정동부번코드><법정동시군구코드>11380</법정동시군구코드><법정동읍면동코드>10700</법정동읍면동코드><법정동지번코드>1</법정동지번코드><아파트>백련산파크자이</아파트><월>9</월><일>3</일><일련번호>11380-10961</일련번호><전용면적>59.905</전용면적><중개사소재지>서울 은평구</중개사소재지><지번>766</지번><지역코드>11380</지역코드><층>13</층><해제사유발생일> </해제사유발생일><해제여부> </해제여부></item><item><거래금액>    37,200</거래금액><거래유형>직거래</거래유형><건축년도>2021</건축년도><년>2022</년><도로명>응암로</도로명><도로명건물본번호코드>00293</도로명건물본번호코드><도로명건물부번호코드>00000</도로명건물부번호코드><도로명시군구코드>11380</도로명시군구코드><도로명일련번호코드>00</도로명일련번호코드><도로명코드>3005055</도로명코드><법정동> 응암동</법정동><법정동본번코드>0116</법정동본번코드><법정동부번코드>0022</법정동부번코드><법정동시군구코드>11380</법정동시군구코드><법정동읍면동코드>10700</법정동읍면동코드><법정동지번코드>1</법정동지번코드><아파트>거장메카(116-22)</아파트><월>9</월><일>4</일><일련번호>11380-11238</일련번호><전용면적>29.75</전용면적><중개사소재지> </중개사소재지><지번>116-22</지번><지역코드>11380</지역코드><층>11</층><해제사유발생일> </해제사유발생일><해제여부> </해제여부></item><item><거래금액>    12,150</거래금액><거래유형>중개거래</거래유형><건축년도>2014</건축년도><년>2022</년><도로명>은평로</도로명><도로명건물본번호코드>00123</도로명건물본번호코드><도로명건물부번호코드>00000</도로명건물부번호코드><도로명시군구코드>11380</도로명시군구코드><도로명일련번호코드>02</도로명일련번호코드><도로명지상지하코드>0</도로명지상지하코드><도로명코드>3111007</도로명코드><법정동> 응암동</법정동><법정동본번코드>0088</법정동본번코드><법정동부번코드>0008</법정동부번코드><법정동시군구코드>11380</법정동시군구코드><법정동읍면동코드>10700</법정동읍면동코드><법정동지번코드>1</법정동지번코드><아파트>응암아네스트</아파트><월>9</월><일>7</일><일련번호>11380-9791</일련번호><전용면적>13.5298</전용면적><중개사소재지>서울 은평구</중개사소재지><지번>88-8</지번><지역코드>11380</지역코드><층>12</층><해제사유발생일> </해제사유발생일><해제여부> </해제여부></item><item><거래금액>    67,000</거래금액><거래유형>직거래</거래유형><건축년도>2022</건축년도><년>2022</년><도로명>응암로</도로명><도로명건물본번호코드>00277</도로명건물본번호코드><도로명건물부번호코드>00000</도로명건물부번호코드><도로명시군구코드>11380</도로명시군구코드><도로명일련번호코드>00</도로명일련번호코드><도로명지상지하코드>0</도로명지상지하코드><도로명코드>3005055</도로명코드><법정동> 응암동</법정동><법정동본번코드>0117</법정동본번코드><법정동부번코드>0024</법정동부번코드><법정동시군구코드>11380</법정동시군구코드><법정동읍면동코드>10700</법정동읍면동코드><법정동지번코드>1</법정동지번코드><아파트>펠리시티</아파트><월>9</월><일>10</일><일련번호>11380-11333</일련번호><전용면적>55.68</전용면적><중개사소재지> </중개사소재지><지번>117-24</지번><지역코드>11380</지역코드><층>13</층><해제사유발생일> </해제사유발생일><해제여부> </해제여부></item><item><거래금액>    67,500</거래금액><거래유형>중개거래</거래유형><건축년도>2004</건축년도><년>2022</년><도로명>은평로</도로명><도로명건물본번호코드>00160</도로명건물본번호코드><도로명건물부번호코드>00000</도로명건물부번호코드><도로명시군구코드>11380</도로명시군구코드><도로명일련번호코드>02</도로명일련번호코드><도로명지상지하코드>0</도로명지상지하코드><도로명코드>3111007</도로명코드><법정동> 응암동</법정동><법정동본번코드>0096</법정동본번코드><법정동부번코드>0018</법정동부번코드><법정동시군구코드>11380</법정동시군구코드><법정동읍면동코드>10700</법정동읍면동코드><법정동지번코드>1</법정동지번코드><아파트>경향렉스빌</아파트><월>9</월><일>14</일><일련번호>11380-189</일련번호><전용면적>84.781</전용면적><중개사소재지>서울 은평구</중개사소재지><지번>96-18</지번><지역코드>11380</지역코드><층>7</층><해제사유발생일>22.11.17</해제사유발생일><해제여부>O</해제여부></item><item><거래금액>    93,500</거래금액><거래유형>중개거래</거래유형><건축년도>2021</건축년도><년>2022</년><도로명>은평로</도로명><도로명건물본번호코드>00220</도로명건물본번호코드><도로명건물부번호코드>00000</도로명건물부번호코드><도로명시군구코드>11380</도로명시군구코드><도로명일련번호코드>01</도로명일련번호코드><도로명코드>3111007</도로명코드><법정동> 응암동</법정동><법정동본번코드>0769</법정동본번코드><법정동부번코드>0000</법정동부번코드><법정동시군구코드>11380</법정동시군구코드><법정동읍면동코드>10700</법정동읍면동코드><법정동지번코드>1</법정동지번코드><아파트>녹번역e편한세상캐슬</아파트><월>9</월><일>14</일><일련번호>11380-11078</일련번호><전용면적>59.96</전용면적><중개사소재지>서울 은평구</중개사소재지><지번>769</지번><지역코드>11380</지역코드><층>10</층><해제사유발생일> </해제사유발생일><해제여부> </해제여부></item><item><거래금액>    67,500</거래금액><거래유형>중개거래</거래유형><건축년도>2004</건축년도><년>2022</년><도로명>은평로</도로명><도로명건물본번호코드>00160</도로명건물본번호코드><도로명건물부번호코드>00000</도로명건물부번호코드><도로명시군구코드>11380</도로명시군구코드><도로명일련번호코드>02</도로명일련번호코드><도로명지상지하코드>0</도로명지상지하코드><도로명코드>3111007</도로명코드><법정동> 응암동</법정동><법정동본번코드>0096</법정동본번코드><법정동부번코드>0018</법정동부번코드><법정동시군구코드>11380</법정동시군구코드><법정동읍면동코드>10700</법정동읍면동코드><법정동지번코드>1</법정동지번코드><아파트>경향렉스빌</아파트><월>9</월><일>14</일><일련번호>11380-189</일련번호><전용면적>84.781</전용면적><중개사소재지>서울 은평구</중개사소재지><지번>96-18</지번><지역코드>11380</지역코드><층>7</층><해제사유발생일> </해제사유발생일><해제여부> </해제여부></item><item><거래금액>    67,500</거래금액><거래유형>중개거래</거래유형><건축년도>2004</건축년도><년>2022</년><도로명>은평로</도로명><도로명건물본번호코드>00160</도로명건물본번호코드><도로명건물부번호코드>00000</도로명건물부번호코드><도로명시군구코드>11380</도로명시군구코드><도로명일련번호코드>02</도로명일련번호코드><도로명지상지하코드>0</도로명지상지하코드><도로명코드>3111007</도로명코드><법정동> 응암동</법정동><법정동본번코드>0096</법정동본번코드><법정동부번코드>0018</법정동부번코드><법정동시군구코드>11380</법정동시군구코드><법정동읍면동코드>10700</법정동읍면동코드><법정동지번코드>1</법정동지번코드><아파트>경향렉스빌</아파트><월>9</월><일>14</일><일련번호>11380-189</일련번호><전용면적>84.781</전용면적><중개사소재지>서울 은평구</중개사소재지><지번>96-18</지번><지역코드>11380</지역코드><층>7</층><해제사유발생일>22.11.10</해제사유발생일><해제여부>O</해제여부></item><item><거래금액>    67,500</거래금액><거래유형>중개거래</거래유형><건축년도>2004</건축년도><년>2022</년><도로명>은평로</도로명><도로명건물본번호코드>00160</도로명건물본번호코드><도로명건물부번호코드>00000</도로명건물부번호코드><도로명시군구코드>11380</도로명시군구코드><도로명일련번호코드>02</도로명일련번호코드><도로명지상지하코드>0</도로명지상지하코드><도로명코드>3111007</도로명코드><법정동> 응암동</법정동><법정동본번코드>0096</법정동본번코드><법정동부번코드>0018</법정동부번코드><법정동시군구코드>11380</법정동시군구코드><법정동읍면동코드>10700</법정동읍면동코드><법정동지번코드>1</법정동지번코드><아파트>경향렉스빌</아파트><월>9</월><일>14</일><일련번호>11380-189</일련번호><전용면적>84.781</전용면적><중개사소재지>서울 은평구</중개사소재지><지번>96-18</지번><지역코드>11380</지역코드><층>7</층><해제사유발생일>22.10.24</해제사유발생일><해제여부>O</해제여부></item><item><거래금액>    79,500</거래금액><거래유형>중개거래</거래유형><건축년도>2021</건축년도><년>2022</년><도로명>백련산로</도로명><도로명건물본번호코드>00067</도로명건물본번호코드><도로명건물부번호코드>00000</도로명건물부번호코드><도로명시군구코드>11380</도로명시군구코드><도로명일련번호코드>01</도로명일련번호코드><도로명코드>3111003</도로명코드><법정동> 응암동</법정동><법정동본번코드>0766</법정동본번코드><법정동부번코드>0000</법정동부번코드><법정동시군구코드>11380</법정동시군구코드><법정동읍면동코드>10700</법정동읍면동코드><법정동지번코드>1</법정동지번코드><아파트>백련산파크자이</아파트><월>9</월><일>15</일><일련번호>11380-10961</일련번호><전용면적>59.905</전용면적><중개사소재지>서울 은평구</중개사소재지><지번>766</지번><지역코드>11380</지역코드><층>9</층><해제사유발생일> </해제사유발생일><해제여부> </해제여부></item><item><거래금액>    93,000</거래금액><거래유형>중개거래</거래유형><건축년도>2021</건축년도><년>2022</년><도로명>은평로</도로명><도로명건물본번호코드>00220</도로명건물본번호코드><도로명건물부번호코드>00000</도로명건물부번호코드><도로명시군구코드>11380</도로명시군구코드><도로명일련번호코드>01</도로명일련번호코드><도로명코드>3111007</도로명코드><법정동> 응암동</법정동><법정동본번코드>0769</법정동본번코드><법정동부번코드>0000</법정동부번코드><법정동시군구코드>11380</법정동시군구코드><법정동읍면동코드>10700</법정동읍면동코드><법정동지번코드>1</법정동지번코드><아파트>녹번역e편한세상캐슬</아파트><월>9</월><일>16</일><일련번호>11380-11078</일련번호><전용면적>59.97</전용면적><중개사소재지>서울 강동구, 서울 은평구</중개사소재지><지번>769</지번><지역코드>11380</지역코드><층>8</층><해제사유발생일> </해제사유발생일><해제여부> </해제여부></item><item><거래금액>    17,350</거래금액><거래유형>중개거래</거래유형><건축년도>2005</건축년도><년>2022</년><도로명>응암로20길</도로명><도로명건물본번호코드>00022</도로명건물본번호코드><도로명건물부번호코드>00017</도로명건물부번호코드><도로명시군구코드>11380</도로명시군구코드><도로명일련번호코드>01</도로명일련번호코드><도로명지상지하코드>0</도로명지상지하코드><도로명코드>4133231</도로명코드><법정동> 응암동</법정동><법정동본번코드>0402</법정동본번코드><법정동부번코드>0112</법정동부번코드><법정동시군구코드>11380</법정동시군구코드><법정동읍면동코드>10700</법정동읍면동코드><법정동지번코드>1</법정동지번코드><아파트>뉴월드(402-112)</아파트><월>9</월><일>19</일><일련번호>11380-7608</일련번호><전용면적>26.68</전용면적><중개사소재지>서울 은평구</중개사소재지><지번>402-112</지번><지역코드>11380</지역코드><층>5</층><해제사유발생일> </해제사유발생일><해제여부> </해제여부></item><item><거래금액>   120,000</거래금액><거래유형>중개거래</거래유형><건축년도>2021</건축년도><년>2022</년><도로명>은평로</도로명><도로명건물본번호코드>00220</도로명건물본번호코드><도로명건물부번호코드>00000</도로명건물부번호코드><도로명시군구코드>11380</도로명시군구코드><도로명일련번호코드>01</도로명일련번호코드><도로명코드>3111007</도로명코드><법정동> 응암동</법정동><법정동본번코드>0769</법정동본번코드><법정동부번코드>0000</법정동부번코드><법정동시군구코드>11380</법정동시군구코드><법정동읍면동코드>10700</법정동읍면동코드><법정동지번코드>1</법정동지번코드><아파트>녹번역e편한세상캐슬</아파트><월>9</월><일>21</일><일련번호>11380-11078</일련번호><전용면적>84.98</전용면적><중개사소재지>서울 은평구</중개사소재지><지번>769</지번><지역코드>11380</지역코드><층>17</층><해제사유발생일> </해제사유발생일><해제여부> </해제여부></item><item><거래금액>    36,200</거래금액><거래유형>직거래</거래유형><건축년도>2021</건축년도><년>2022</년><도로명>응암로</도로명><도로명건물본번호코드>00293</도로명건물본번호코드><도로명건물부번호코드>00000</도로명건물부번호코드><도로명시군구코드>11380</도로명시군구코드><도로명일련번호코드>00</도로명일련번호코드><도로명코드>3005055</도로명코드><법정동> 응암동</법정동><법정동본번코드>0116</법정동본번코드><법정동부번코드>0022</법정동부번코드><법정동시군구코드>11380</법정동시군구코드><법정동읍면동코드>10700</법정동읍면동코드><법정동지번코드>1</법정동지번코드><아파트>거장메카(116-22)</아파트><월>9</월><일>25</일><일련번호>11380-11238</일련번호><전용면적>24.77</전용면적><중개사소재지> </중개사소재지><지번>116-22</지번><지역코드>11380</지역코드><층>8</층><해제사유발생일> </해제사유발생일><해제여부> </해제여부></item><item><거래금액>    80,000</거래금액><거래유형>중개거래</거래유형><건축년도>2011</건축년도><년>2022</년><도로명>갈현로3나길</도로명><도로명건물본번호코드>00023</도로명건물본번호코드><도로명건물부번호코드>00000</도로명건물부번호코드><도로명시군구코드>11380</도로명시군구코드><도로명일련번호코드>01</도로명일련번호코드><도로명지상지하코드>0</도로명지상지하코드><도로명코드>4133043</도로명코드><법정동> 역촌동</법정동><법정동본번코드>0232</법정동본번코드><법정동부번코드>0000</법정동부번코드><법정동시군구코드>11380</법정동시군구코드><법정동읍면동코드>10800</법정동읍면동코드><법정동지번코드>1</법정동지번코드><아파트>역촌센트레빌</아파트><월>9</월><일>6</일><일련번호>11380-8811</일련번호><전용면적>84.99</전용면적><중개사소재지>서울 은평구</중개사소재지><지번>232</지번><지역코드>11380</지역코드><층>11</층><해제사유발생일> </해제사유발생일><해제여부> </해제여부></item><item><거래금액>    68,000</거래금액><거래유형>중개거래</거래유형><건축년도>2004</건축년도><년>2022</년><도로명>연서로</도로명><도로명건물본번호코드>00009</도로명건물본번호코드><도로명건물부번호코드>00000</도로명건물부번호코드><도로명시군구코드>11380</도로명시군구코드><도로명일련번호코드>05</도로명일련번호코드><도로명지상지하코드>0</도로명지상지하코드><도로명코드>3111006</도로명코드><법정동> 역촌동</법정동><법정동본번코드>0085</법정동본번코드><법정동부번코드>0012</법정동부번코드><법정동시군구코드>11380</법정동시군구코드><법정동읍면동코드>10800</법정동읍면동코드><법정동지번코드>1</법정동지번코드><아파트>센타폴리스</아파트><월>9</월><일>17</일><일련번호>11380-255</일련번호><전용면적>84.97</전용면적><중개사소재지>서울 은평구</중개사소재지><지번>85-12</지번><지역코드>11380</지역코드><층>3</층><해제사유발생일> </해제사유발생일><해제여부> </해제여부></item><item><거래금액>    68,000</거래금액><거래유형>중개거래</거래유형><건축년도>2004</건축년도><년>2022</년><도로명>연서로</도로명><도로명건물본번호코드>00009</도로명건물본번호코드><도로명건물부번호코드>00000</도로명건물부번호코드><도로명시군구코드>11380</도로명시군구코드><도로명일련번호코드>05</도로명일련번호코드><도로명지상지하코드>0</도로명지상지하코드><도로명코드>3111006</도로명코드><법정동> 역촌동</법정동><법정동본번코드>0085</법정동본번코드><법정동부번코드>0012</법정동부번코드><법정동시군구코드>11380</법정동시군구코드><법정동읍면동코드>10800</법정동읍면동코드><법정동지번코드>1</법정동지번코드><아파트>센타폴리스</아파트><월>9</월><일>17</일><일련번호>11380-255</일련번호><전용면적>84.97</전용면적><중개사소재지>서울 은평구</중개사소재지><지번>85-12</지번><지역코드>11380</지역코드><층>3</층><해제사유발생일>22.10.13</해제사유발생일><해제여부>O</해제여부></item><item><거래금액>    79,000</거래금액><거래유형>중개거래</거래유형><건축년도>2006</건축년도><년>2022</년><도로명>연서로</도로명><도로명건물본번호코드>00001</도로명건물본번호코드><도로명건물부번호코드>00000</도로명건물부번호코드><도로명시군구코드>11380</도로명시군구코드><도로명일련번호코드>05</도로명일련번호코드><도로명지상지하코드>0</도로명지상지하코드><도로명코드>3111006</도로명코드><법정동> 역촌동</법정동><법정동본번코드>0085</법정동본번코드><법정동부번코드>0041</법정동부번코드><법정동시군구코드>11380</법정동시군구코드><법정동읍면동코드>10800</법정동읍면동코드><법정동지번코드>1</법정동지번코드><아파트>리더스파크</아파트><월>9</월><일>20</일><일련번호>11380-7762</일련번호><전용면적>82.45</전용면적><중개사소재지>서울 은평구</중개사소재지><지번>85-41</지번><지역코드>11380</지역코드><층>13</층><해제사유발생일> </해제사유발생일><해제여부> </해제여부></item><item><거래금액>    25,500</거래금액><거래유형>직거래</거래유형><건축년도>2003</건축년도><년>2022</년><도로명>연서로2길</도로명><도로명건물본번호코드>00018</도로명건물본번호코드><도로명건물부번호코드>00001</도로명건물부번호코드><도로명시군구코드>11380</도로명시군구코드><도로명일련번호코드>01</도로명일련번호코드><도로명지상지하코드>0</도로명지상지하코드><도로명코드>4133161</도로명코드><법정동> 역촌동</법정동><법정동본번코드>0043</법정동본번코드><법정동부번코드>0055</법정동부번코드><법정동시군구코드>11380</법정동시군구코드><법정동읍면동코드>10800</법정동읍면동코드><법정동지번코드>1</법정동지번코드><아파트>청우참조은</아파트><월>9</월><일>27</일><일련번호>11380-404</일련번호><전용면적>50.31</전용면적><중개사소재지> </중개사소재지><지번>43-55</지번><지역코드>11380</지역코드><층>2</층><해제사유발생일> </해제사유발생일><해제여부> </해제여부></item><item><거래금액>    58,200</거래금액><거래유형>중개거래</거래유형><건축년도>2019</건축년도><년>2022</년><도로명>가좌로11가길</도로명><도로명건물본번호코드>00010</도로명건물본번호코드><도로명건물부번호코드>00000</도로명건물부번호코드><도로명시군구코드>11380</도로명시군구코드><도로명일련번호코드>00</도로명일련번호코드><도로명지상지하코드>0</도로명지상지하코드><도로명코드>4133002</도로명코드><법정동> 신사동</법정동><법정동본번코드>0241</법정동본번코드><법정동부번코드>0002</법정동부번코드><법정동시군구코드>11380</법정동시군구코드><법정동읍면동코드>10900</법정동읍면동코드><법정동지번코드>1</법정동지번코드><아파트>벨로스아파트</아파트><월>9</월><일>2</일><일련번호>11380-10996</일련번호><전용면적>78.37</전용면적><중개사소재지>서울 은평구</중개사소재지><지번>241-2</지번><지역코드>11380</지역코드><층>3</층><해제사유발생일> </해제사유발생일><해제여부> </해제여부></item><item><거래금액>    31,000</거래금액><거래유형>중개거래</거래유형><건축년도>2000</건축년도><년>2022</년><도로명>은평터널로</도로명><도로명건물본번호코드>00182</도로명건물본번호코드><도로명건물부번호코드>00000</도로명건물부번호코드><도로명시군구코드>11380</도로명시군구코드><도로명일련번호코드>02</도로명일련번호코드><도로명지상지하코드>0</도로명지상지하코드><도로명코드>3111008</도로명코드><법정동> 신사동</법정동><법정동본번코드>0200</법정동본번코드><법정동부번코드>0115</법정동부번코드><법정동시군구코드>11380</법정동시군구코드><법정동읍면동코드>10900</법정동읍면동코드><법정동지번코드>1</법정동지번코드><아파트>명진(200-115)</아파트><월>9</월><일>21</일><일련번호>11380-232</일련번호><전용면적>75.23</전용면적><중개사소재지>서울 은평구</중개사소재지><지번>200-115</지번><지역코드>11380</지역코드><층>4</층><해제사유발생일> </해제사유발생일><해제여부> </해제여부></item><item><거래금액>    86,000</거래금액><거래유형>중개거래</거래유형><건축년도>2010</건축년도><년>2022</년><도로명>연서로</도로명><도로명건물본번호코드>00455</도로명건물본번호코드><도로명건물부번호코드>00000</도로명건물부번호코드><도로명시군구코드>11380</도로명시군구코드><도로명일련번호코드>06</도로명일련번호코드><도로명지상지하코드>0</도로명지상지하코드><도로명코드>3111006</도로명코드><법정동> 진관동</법정동><법정동본번코드>0092</법정동본번코드><법정동부번코드>0000</법정동부번코드><법정동시군구코드>11380</법정동시군구코드><법정동읍면동코드>11400</법정동읍면동코드><법정동지번코드>1</법정동지번코드><아파트>은평뉴타운 제각말 푸르지오(5-4단지)</아파트><월>9</월><일>1</일><일련번호>11380-8666</일련번호><전용면적>84.89</전용면적><중개사소재지>서울 은평구</중개사소재지><지번>92</지번><지역코드>11380</지역코드><층>5</층><해제사유발생일> </해제사유발생일><해제여부> </해제여부></item><item><거래금액>   107,000</거래금액><거래유형>중개거래</거래유형><건축년도>2019</건축년도><년>2022</년><도로명>통일로</도로명><도로명건물본번호코드>01034</도로명건물본번호코드><도로명건물부번호코드>00000</도로명건물부번호코드><도로명시군구코드>11380</도로명시군구코드><도로명일련번호코드>00</도로명일련번호코드><도로명코드>3000008</도로명코드><법정동> 진관동</법정동><법정동본번코드>0062</법정동본번코드><법정동부번코드>0000</법정동부번코드><법정동시군구코드>11380</법정동시군구코드><법정동읍면동코드>11400</법정동읍면동코드><법정동지번코드>1</법정동지번코드><아파트>은평스카이뷰자이</아파트><월>9</월><일>17</일><일련번호>11380-10938</일련번호><전용면적>84.3363</전용면적><중개사소재지>서울 은평구</중개사소재지><지번>62</지번><지역코드>11380</지역코드><층>28</층><해제사유발생일> </해제사유발생일><해제여부> </해제여부></item><item><거래금액>    86,000</거래금액><거래유형>중개거래</거래유형><건축년도>2009</건축년도><년>2022</년><도로명>진관2로</도로명><도로명건물본번호코드>00111</도로명건물본번호코드><도로명건물부번호코드>00007</도로명건물부번호코드><도로명시군구코드>11380</도로명시군구코드><도로명일련번호코드>01</도로명일련번호코드><도로명지상지하코드>0</도로명지상지하코드><도로명코드>3111010</도로명코드><법정동> 진관동</법정동><법정동본번코드>0088</법정동본번코드><법정동부번코드>0000</법정동부번코드><법정동시군구코드>11380</법정동시군구코드><법정동읍면동코드>11400</법정동읍면동코드><법정동지번코드>1</법정동지번코드><아파트>우물골2단지두산위브(209~222동)BL2-8</아파트><월>9</월><일>22</일><일련번호>11380-8506</일련번호><전용면적>84.51</전용면적><중개사소재지>서울 은평구</중개사소재지><지번>88</지번><지역코드>11380</지역코드><층>6</층><해제사유발생일> </해제사유발생일><해제여부> </해제여부></item><item><거래금액>    98,000</거래금액><거래유형>중개거래</거래유형><건축년도>2019</건축년도><년>2022</년><도로명>통일로</도로명><도로명건물본번호코드>01034</도로명건물본번호코드><도로명건물부번호코드>00000</도로명건물부번호코드><도로명시군구코드>11380</도로명시군구코드><도로명일련번호코드>00</도로명일련번호코드><도로명코드>3000008</도로명코드><법정동> 진관동</법정동><법정동본번코드>0062</법정동본번코드><법정동부번코드>0000</법정동부번코드><법정동시군구코드>11380</법정동시군구코드><법정동읍면동코드>11400</법정동읍면동코드><법정동지번코드>1</법정동지번코드><아파트>은평스카이뷰자이</아파트><월>9</월><일>25</일><일련번호>11380-10938</일련번호><전용면적>84.7488</전용면적><중개사소재지>서울 은평구</중개사소재지><지번>62</지번><지역코드>11380</지역코드><층>15</층><해제사유발생일> </해제사유발생일><해제여부> </해제여부></item><item><거래금액>   105,000</거래금액><거래유형>중개거래</거래유형><건축년도>2010</건축년도><년>2022</년><도로명>연서로48길</도로명><도로명건물본번호코드>00012</도로명건물본번호코드><도로명건물부번호코드>00000</도로명건물부번호코드><도로명시군구코드>11380</도로명시군구코드><도로명일련번호코드>01</도로명일련번호코드><도로명지상지하코드>0</도로명지상지하코드><도로명코드>4133182</도로명코드><법정동> 진관동</법정동><법정동본번코드>0154</법정동본번코드><법정동부번코드>0000</법정동부번코드><법정동시군구코드>11380</법정동시군구코드><법정동읍면동코드>11400</법정동읍면동코드><법정동지번코드>1</법정동지번코드><아파트>은평뉴타운 제각말 푸르지오(5-1단지)</아파트><월>9</월><일>26</일><일련번호>11380-8668</일련번호><전용면적>101.83</전용면적><중개사소재지>서울 은평구</중개사소재지><지번>154</지번><지역코드>11380</지역코드><층>8</층><해제사유발생일> </해제사유발생일><해제여부> </해제여부></item><item><거래금액>   102,000</거래금액><거래유형>중개거래</거래유형><건축년도>2019</건축년도><년>2022</년><도로명>통일로</도로명><도로명건물본번호코드>01034</도로명건물본번호코드><도로명건물부번호코드>00000</도로명건물부번호코드><도로명시군구코드>11380</도로명시군구코드><도로명일련번호코드>00</도로명일련번호코드><도로명코드>3000008</도로명코드><법정동> 진관동</법정동><법정동본번코드>0062</법정동본번코드><법정동부번코드>0000</법정동부번코드><법정동시군구코드>11380</법정동시군구코드><법정동읍면동코드>11400</법정동읍면동코드><법정동지번코드>1</법정동지번코드><아파트>은평스카이뷰자이</아파트><월>9</월><일>26</일><일련번호>11380-10938</일련번호><전용면적>84.3363</전용면적><중개사소재지>서울 은평구</중개사소재지><지번>62</지번><지역코드>11380</지역코드><층>11</층><해제사유발생일> </해제사유발생일><해제여부> </해제여부></item></items><numOfRows>999</numOfRows><pageNo>1</pageNo><totalCount>39</totalCount></body></response>