<?xml version="1.0" encoding="UTF-8" standalone="yes"?><response><header><resultCode>00</resultCode><resultMsg>NORMAL SERVICE.</resultMsg></header><body><items><item><거래금액>    95,000</거래금액><거래유형>중개거래</거래유형><건축년도>2003</건축년도><년>2022</년><도로명>은평터널로</도로명><도로명건물본번호코드>00060</도로명건물본번호코드><도로명건물부번호코드>00000</도로명건물부번호코드><도로명시군구코드>11380</도로명시군구코드><도로명일련번호코드>01</도로명일련번호코드><도로명지상지하코드>0</도로명지상지하코드><도로명코드>3111008</도로명코드><법정동> 수색동</법정동><법정동본번코드>0416</법정동본번코드><법정동부번코드>0001</법정동부번코드><법정동시군구코드>11380</법정동시군구코드><법정동읍면동코드>10100</법정동읍면동코드><법정동지번코드>1</법정동지번코드><아파트>진흥엣세벨</아파트><월>10</월><일>11</일><일련번호>11380-173</일련번호><전용면적>106.423</전용면적><중개사소재지>서울 은평구</중개사소재지><지번>416-1</지번><지역코드>11380</지역코드><층>3</층><해제사유발생일> </해제사유발생일><해제여부> </해제여부></item><item><거래금액>    42,500</거래금액><거래유형>중개거래</거래유형><건축년도>2019</건축년도><년>2022</년><도로명>서오릉로2길</도로명><도로명건물본번호코드>00012</도로명건물본번호코드><도로명건물부번호코드>00000</도로명건물부번호코드><도로명시군구코드>11380</도로명시군구코드><도로명일련번호코드>00</도로명일련번호코드><도로명코드>4133112</도로명코드><법정동> 녹번동</법정동><법정동본번코드>0183</법정동본번코드><법정동부번코드>0002</법정동부번코드><법정동시군구코드>11380</법정동시군구코드><법정동읍면동코드>10200</법정동읍면동코드><법정동지번코드>1</법정동지번코드><아파트>거장메카</아파트><월>10</월><일>8</일><일련번호>11380-11029</일련번호><전용면적>39.51</전용면적><중개사소재지>서울 은평구</중개사소재지><지번>183-2</지번><지역코드>11380</지역코드><층>6</층><해제사유발생일> </해제사유발생일><해제여부> </해제여부></item><item><거래금액>    87,800</거래금액><거래유형>중개거래</거래유형><건축년도>2015</건축년도><년>2022</년><도로명>통일로</도로명><도로명건물본번호코드>00660</도로명건물본번호코드><도로명건물부번호코드>00000</도로명건물부번호코드><도로명시군구코드>11380</도로명시군구코드><도로명일련번호코드>01</도로명일련번호코드><도로명지상지하코드>0</도로명지상지하코드><도로명코드>3000008</도로명코드><법정동> 녹번동</법정동><법정동본번코드>0281</법정동본번코드><법정동부번코드>0000</법정동부번코드><법정동시군구코드>11380</법정동시군구코드><법정동읍면동코드>10200</법정동읍면동코드><법정동지번코드>1</법정동지번코드><아파트>북한산푸르지오</아파트><월>10</월><일>12</일><일련번호>11380-10020</일련번호><전용면적>84.99</전용면적><중개사소재지>서울 은평구</중개사소재지><지번>281</지번><지역코드>11380</지역코드><층>17</층><해제사유발생일> </해제사유발생일><해제여부> </해제여부></item><item><거래금액>    99,200</거래금액><거래유형>직거래</거래유형><건축년도>2019</건축년도><년>2022</년><도로명>통일로</도로명><도로명건물본번호코드>00610</도로명건물본번호코드><도로명건물부번호코드>00000</도로명건물부번호코드><도로명시군구코드>11380</도로명시군구코드><도로명일련번호코드>00</도로명일련번호코드><도로명지상지하코드>0</도로명지상지하코드><도로명코드>3000008</도로명코드><법정동> 녹번동</법정동><법정동본번코드>0282</법정동본번코드><법정동부번코드>0000</법정동부번코드><법정동시군구코드>11380</법정동시군구코드><법정동읍면동코드>10200</법정동읍면동코드><법정동지번코드>1</법정동지번코드><아파트>힐스테이트녹번</아파트><월>10</월><일>23</일><일련번호>11380-10967</일련번호><전용면적>59.938</전용면적><중개사소재지> </중개사소재지><지번>282</지번><지역코드>11380</지역코드><층>14</층><해제사유발생일> </해제사유발생일><해제여부> </해제여부></item><item><거래금액>    79,000</거래금액><거래유형>중개거래</거래유형><건축년도>2004</건축년도><년>2022</년><도로명>불광로2길</도로명><도로명건물본번호코드>00016</도로명건물본번호코드><도로명건물부번호코드>00000</도로명건물부번호코드><도로명시군구코드>11380</도로명시군구코드><도로명일련번호코드>01</도로명일련번호코드><도로명지상지하코드>0</도로명지상지하코드><도로명코드>4133087</도로명코드><법정동> 불광동</법정동><법정동본번코드>0633</법정동본번코드><법정동부번코드>0000</법정동부번코드><법정동시군구코드>11380</법정동시군구코드><법정동읍면동코드>10300</법정동읍면동코드><법정동지번코드>1</법정동지번코드><아파트>북한산현대홈타운</아파트><월>10</월><일>1</일><일련번호>11380-263</일련번호><전용면적>84.9956</전용면적><중개사소재지>서울 은평구</중개사소재지><지번>633</지번><지역코드>11380</지역코드><층>12</층><해제사유발생일> </해제사유발생일><해제여부> </해제여부></item><item><거래금액>    29,000</거래금액><거래유형>중개거래</거래유형><건축년도>2018</건축년도><년>2022</년><도로명>통일로</도로명><도로명건물본번호코드>00708</도로명건물본번호코드><도로명건물부번호코드>00003</도로명건물부번호코드><도로명시군구코드>11380</도로명시군구코드><도로명일련번호코드>00</도로명일련번호코드><도로명코드>3000008</도로명코드><법정동> 불광동</법정동><법정동본번코드>0285</법정동본번코드><법정동부번코드>0018</법정동부번코드><법정동시군구코드>11380</법정동시군구코드><법정동읍면동코드>10300</법정동읍면동코드><법정동지번코드>1</법정동지번코드><아파트>경인에버빌(285-18)</아파트><월>10</월><일>1</일><일련번호>11380-10881</일련번호><전용면적>29.47</전용면적><중개사소재지>서울 은평구</중개사소재지><지번>285-18</지번><지역코드>11380</지역코드><층>9</층><해제사유발생일> </해제사유발생일><해제여부> </해제여부></item><item><거래금액>   100,000</거래금액><거래유형>중개거래</거래유형><건축년도>2010</건축년도><년>2022</년><도로명>불광로</도로명><도로명건물본번호코드>00122</도로명건물본번호코드><도로명건물부번호코드>00010</도로명건물부번호코드><도로명시군구코드>11380</도로명시군구코드><도로명일련번호코드>01</도로명일련번호코드><도로명지상지하코드>0</도로명지상지하코드><도로명코드>3111004</도로명코드><법정동> 불광동</법정동><법정동본번코드>0641</법정동본번코드><법정동부번코드>0000</법정동부번코드><법정동시군구코드>11380</법정동시군구코드><법정동읍면동코드>10300</법정동읍면동코드><법정동지번코드>1</법정동지번코드><아파트>북한산현대힐스테이트3차아파트</아파트><월>10</월><일>7</일><일련번호>11380-8697</일련번호><전용면적>115.41</전용면적><중개사소재지>서울 은평구</중개사소재지><지번>641</지번><지역코드>11380</지역코드><층>1</층><해제사유발생일> </해제사유발생일><해제여부> </해제여부></item><item><거래금액>    24,000</거래금액><거래유형>직거래</거래유형><건축년도>2021</건축년도><년>2022</년><도로명>통일로</도로명><도로명건물본번호코드>00868</도로명건물본번호코드><도로명건물부번호코드>00000</도로명건물부번호코드><도로명시군구코드>11380</도로명시군구코드><도로명일련번호코드>00</도로명일련번호코드><도로명코드>3000008</도로명코드><법정동> 불광동</법정동><법정동본번코드>0484</법정동본번코드><법정동부번코드>0073</법정동부번코드><법정동시군구코드>11380</법정동시군구코드><법정동읍면동코드>10300</법정동읍면동코드><법정동지번코드>1</법정동지번코드><아파트>효민아크로뷰</아파트><월>10</월><일>11</일><일련번호>11380-11186</일련번호><전용면적>15.09</전용면적><중개사소재지> </중개사소재지><지번>484-73</지번><지역코드>11380</지역코드><층>20</층><해제사유발생일> </해제사유발생일><해제여부> </해제여부></item><item><거래금액>    27,000</거래금액><거래유형>직거래</거래유형><건축년도>2000</건축년도><년>2022</년><도로명>불광로</도로명><도로명건물본번호코드>00090</도로명건물본번호코드><도로명건물부번호코드>00000</도로명건물부번호코드><도로명시군구코드>11380</도로명시군구코드><도로명일련번호코드>01</도로명일련번호코드><도로명지상지하코드>0</도로명지상지하코드><도로명코드>3111004</도로명코드><법정동> 불광동</법정동><법정동본번코드>0631</법정동본번코드><법정동부번코드>0001</법정동부번코드><법정동시군구코드>11380</법정동시군구코드><법정동읍면동코드>10300</법정동읍면동코드><법정동지번코드>1</법정동지번코드><아파트>대호프라자아파트</아파트><월>10</월><일>31</일><일련번호>11380-10</일련번호><전용면적>41.22</전용면적><중개사소재지> </중개사소재지><지번>631-1</지번><지역코드>11380</지역코드><층>4</층><해제사유발생일> </해제사유발생일><해제여부> </해제여부></item><item><거래금액>    37,500</거래금액><거래유형>직거래</거래유형><건축년도>2021</건축년도><년>2022</년><도로명>서오릉로</도로명><도로명건물본번호코드>00080</도로명건물본번호코드><도로명건물부번호코드>00000</도로명건물부번호코드><도로명시군구코드>11380</도로명시군구코드><도로명일련번호코드>00</도로명일련번호코드><도로명코드>3000007</도로명코드><법정동> 대조동</법정동><법정동본번코드>0179</법정동본번코드><법정동부번코드>0016</법정동부번코드><법정동시군구코드>11380</법정동시군구코드><법정동읍면동코드>10600</법정동읍면동코드><법정동지번코드>1</법정동지번코드><아파트>북한산포레스트</아파트><월>10</월><일>9</일><일련번호>11380-11177</일련번호><전용면적>29.02</전용면적><중개사소재지> </중개사소재지><지번>179-16</지번><지역코드>11380</지역코드><층>11</층><해제사유발생일> </해제사유발생일><해제여부> </해제여부></item><item><거래금액>    56,500</거래금액><거래유형>중개거래</거래유형><건축년도>1997</건축년도><년>2022</년><도로명>서오릉로</도로명><도로명건물본번호코드>00094</도로명건물본번호코드><도로명건물부번호코드>00000</도로명건물부번호코드><도로명시군구코드>11380</도로명시군구코드><도로명일련번호코드>04</도로명일련번호코드><도로명지상지하코드>0</도로명지상지하코드><도로명코드>3000007</도로명코드><법정동> 대조동</법정동><법정동본번코드>0231</법정동본번코드><법정동부번코드>0000</법정동부번코드><법정동시군구코드>11380</법정동시군구코드><법정동읍면동코드>10600</법정동읍면동코드><법정동지번코드>1</법정동지번코드><아파트>삼성타운</아파트><월>10</월><일>14</일><일련번호>11380-51</일련번호><전용면적>59.4</전용면적><중개사소재지>서울 은평구</중개사소재지><지번>231</지번><지역코드>11380</지역코드><층>16</층><해제사유발생일> </해제사유발생일><해제여부> </해제여부></item><item><거래금액>    24,000</거래금액><거래유형>직거래</거래유형><건축년도>2014</건축년도><년>2022</년><도로명>통일로</도로명><도로명건물본번호코드>00745</도로명건물본번호코드><도로명건물부번호코드>00004</도로명건물부번호코드><도로명시군구코드>11380</도로명시군구코드><도로명일련번호코드>04</도로명일련번호코드><도로명지상지하코드>0</도로명지상지하코드><도로명코드>3000008</도로명코드><법정동> 대조동</법정동><법정동본번코드>0004</법정동본번코드><법정동부번코드>0006</법정동부번코드><법정동시군구코드>11380</법정동시군구코드><법정동읍면동코드>10600</법정동읍면동코드><법정동지번코드>1</법정동지번코드><아파트>정익제이원</아파트><월>10</월><일>29</일><일련번호>11380-9604</일련번호><전용면적>24.91</전용면적><중개사소재지> </중개사소재지><지번>4-6</지번><지역코드>11380</지역코드><층>14</층><해제사유발생일> </해제사유발생일><해제여부> </해제여부></item><item><거래금액>   102,000</거래금액><거래유형>중개거래</거래유형><건축년도>2020</건축년도><년>2022</년><도로명>응암로30길</도로명><도로명건물본번호코드>00016</도로명건물본번호코드><도로명건물부번호코드>00000</도로명건물부번호코드><도로명시군구코드>11380</도로명시군구코드><도로명일련번호코드>01</도로명일련번호코드><도로명지상지하코드>0</도로명지상지하코드><도로명코드>4133240</도로명코드><법정동> 응암동</법정동><법정동본번코드>0767</법정동본번코드><법정동부번코드>0000</법정동부번코드><법정동시군구코드>11380</법정동시군구코드><법정동읍면동코드>10700</법정동읍면동코드><법정동지번코드>1</법정동지번코드><아파트>백련산에스케이뷰아이파크</아파트><월>10</월><일>4</일><일련번호>11380-11008</일련번호><전용면적>84.9039</전용면적><중개사소재지>서울 은평구</중개사소재지><지번>767</지번><지역코드>11380</지역코드><층>9</층><해제사유발생일> </해제사유발생일><해제여부> </해제여부></item><item><거래금액>    70,000</거래금액><거래유형>중개거래</거래유형><건축년도>2003</건축년도><년>2022</년><도로명>백련산로</도로명><도로명건물본번호코드>00006</도로명건물본번호코드><도로명건물부번호코드>00000</도로명건물부번호코드><도로명시군구코드>11380</도로명시군구코드><도로명일련번호코드>01</도로명일련번호코드><도로명지상지하코드>0</도로명지상지하코드><도로명코드>3111003</도로명코드><법정동> 응암동</법정동><법정동본번코드>0669</법정동본번코드><법정동부번코드>0001</법정동부번코드><법정동시군구코드>11380</법정동시군구코드><법정동읍면동코드>10700</법정동읍면동코드><법정동지번코드>1</법정동지번코드><아파트>대주피오레</아파트><월>10</월><일>7</일><일련번호>11380-109</일련번호><전용면적>108.8</전용면적><중개사소재지>서울 은평구</중개사소재지><지번>669-1</지번><지역코드>11380</지역코드><층>3</층><해제사유발생일> </해제사유발생일><해제여부> </해제여부></item><item><거래금액>   110,000</거래금액><거래유형>중개거래</거래유형><건축년도>2021</건축년도><년>2022</년><도로명>은평로</도로명><도로명건물본번호코드>00220</도로명건물본번호코드><도로명건물부번호코드>00000</도로명건물부번호코드><도로명시군구코드>11380</도로명시군구코드><도로명일련번호코드>01</도로명일련번호코드><도로명코드>3111007</도로명코드><법정동> 응암동</법정동><법정동본번코드>0769</법정동본번코드><법정동부번코드>0000</법정동부번코드><법정동시군구코드>11380</법정동시군구코드><법정동읍면동코드>10700</법정동읍면동코드><법정동지번코드>1</법정동지번코드><아파트>녹번역e편한세상캐슬</아파트><월>10</월><일>10</일><일련번호>11380-11078</일련번호><전용면적>84.94</전용면적><중개사소재지>서울 은평구</중개사소재지><지번>769</지번><지역코드>11380</지역코드><층>8</층><해제사유발생일> </해제사유발생일><해제여부> </해제여부></item><item><거래금액>    12,600</거래금액><거래유형>중개거래</거래유형><건축년도>2014</건축년도><년>2022</년><도로명>은평로</도로명><도로명건물본번호코드>00123</도로명건물본번호코드><도로명건물부번호코드>00000</도로명건물부번호코드><도로명시군구코드>11380</도로명시군구코드><도로명일련번호코드>02</도로명일련번호코드><도로명지상지하코드>0</도로명지상지하코드><도로명코드>3111007</도로명코드><법정동> 응암동</법정동><법정동본번코드>0088</법정동본번코드><법정동부번코드>0008</법정동부번코드><법정동시군구코드>11380</법정동시군구코드><법정동읍면동코드>10700</법정동읍면동코드><법정동지번코드>1</법정동지번코드><아파트>응암아네스트</아파트><월>10</월><일>12</일><일련번호>11380-9791</일련번호><전용면적>13.6793</전용면적><중개사소재지>서울 은평구</중개사소재지><지번>88-8</지번><지역코드>11380</지역코드><층>16</층><해제사유발생일> </해제사유발생일><해제여부> </해제여부></item><item><거래금액>    45,000</거래금액><거래유형>중개거래</거래유형><건축년도>2019</건축년도><년>2022</년><도로명>응암로13길</도로명><도로명건물본번호코드>00014</도로명건물본번호코드><도로명건물부번호코드>00000</도로명건물부번호코드><도로명시군구코드>11380</도로명시군구코드><도로명일련번호코드>01</도로명일련번호코드><도로명지상지하코드>0</도로명지상지하코드><도로명코드>4133226</도로명코드><법정동> 응암동</법정동><법정동본번코드>0590</법정동본번코드><법정동부번코드>0023</법정동부번코드><법정동시군구코드>11380</법정동시군구코드><법정동읍면동코드>10700</법정동읍면동코드><법정동지번코드>1</법정동지번코드><아파트>디우아르떼</아파트><월>10</월><일>21</일><일련번호>11380-10932</일련번호><전용면적>42.69</전용면적><중개사소재지>서울 은평구</중개사소재지><지번>590-23</지번><지역코드>11380</지역코드><층>6</층><해제사유발생일> </해제사유발생일><해제여부> </해제여부></item><item><거래금액>    11,800</거래금액><거래유형>중개거래</거래유형><건축년도>2014</건축년도><년>2022</년><도로명>은평로</도로명><도로명건물본번호코드>00123</도로명건물본번호코드><도로명건물부번호코드>00000</도로명건물부번호코드><도로명시군구코드>11380</도로명시군구코드><도로명일련번호코드>02</도로명일련번호코드><도로명지상지하코드>0</도로명지상지하코드><도로명코드>3111007</도로명코드><법정동> 응암동</법정동><법정동본번코드>0088</법정동본번코드><법정동부번코드>0008</법정동부번코드><법정동시군구코드>11380</법정동시군구코드><법정동읍면동코드>10700</법정동읍면동코드><법정동지번코드>1</법정동지번코드><아파트>응암아네스트</아파트><월>10</월><일>22</일><일련번호>11380-9791</일련번호><전용면적>13.6793</전용면적><중개사소재지>서울 은평구</중개사소재지><지번>88-8</지번><지역코드>11380</지역코드><층>13</층><해제사유발생일> </해제사유발생일><해제여부> </해제여부></item><item><거래금액>    23,800</거래금액><거래유형>중개거래</거래유형><건축년도>2020</건축년도><년>2022</년><도로명>은평로</도로명><도로명건물본번호코드>00116</도로명건물본번호코드><도로명건물부번호코드>00000</도로명건물부번호코드><도로명시군구코드>11380</도로명시군구코드><도로명일련번호코드>00</도로명일련번호코드><도로명코드>3111007</도로명코드><법정동> 응암동</법정동><법정동본번코드>0110</법정동본번코드><법정동부번코드>0001</법정동부번코드><법정동시군구코드>11380</법정동시군구코드><법정동읍면동코드>10700</법정동읍면동코드><법정동지번코드>1</법정동지번코드><아파트>위산일리온시티</아파트><월>10</월><일>23</일><일련번호>11380-11101</일련번호><전용면적>19.28</전용면적><중개사소재지>서울 은평구</중개사소재지><지번>110-1</지번><지역코드>11380</지역코드><층>14</층><해제사유발생일> </해제사유발생일><해제여부> </해제여부></item><item><거래금액>    37,200</거래금액><거래유형>직거래</거래유형><건축년도>2021</건축년도><년>2022</년><도로명>응암로</도로명><도로명건물본번호코드>00293</도로명건물본번호코드><도로명건물부번호코드>00000</도로명건물부번호코드><도로명시군구코드>11380</도로명시군구코드><도로명일련번호코드>00</도로명일련번호코드><도로명코드>3005055</도로명코드><법정동> 응암동</법정동><법정동본번코드>0116</법정동본번코드><법정동부번코드>0022</법정동부번코드><법정동시군구코드>11380</법정동시군구코드><법정동읍면동코드>10700</법정동읍면동코드><법정동지번코드>1</법정동지번코드><아파트>거장메카(116-22)</아파트><월>10</월><일>23</일><일련번호>11380-11238</일련번호><전용면적>29.75</전용면적><중개사소재지> </중개사소재지><지번>116-22</지번><지역코드>11380</지역코드><층>10</층><해제사유발생일> </해제사유발생일><해제여부> </해제여부></item><item><거래금액>    59,000</거래금액><거래유형>중개거래</거래유형><건축년도>2020</건축년도><년>2022</년><도로명>응암로30길</도로명><도로명건물본번호코드>00015</도로명건물본번호코드><도로명건물부번호코드>00000</도로명건물부번호코드><도로명시군구코드>11380</도로명시군구코드><도로명일련번호코드>01</도로명일련번호코드><도로명코드>4133240</도로명코드><법정동> 응암동</법정동><법정동본번코드>0768</법정동본번코드><법정동부번코드>0000</법정동부번코드><법정동시군구코드>11380</법정동시군구코드><법정동읍면동코드>10700</법정동읍면동코드><법정동지번코드>1</법정동지번코드><아파트>백련산해모로</아파트><월>10</월><일>25</일><일련번호>11380-11061</일련번호><전용면적>54.64</전용면적><중개사소재지>서울 은평구</중개사소재지><지번>768</지번><지역코드>11380</지역코드><층>10</층><해제사유발생일> </해제사유발생일><해제여부> </해제여부></item><item><거래금액>    78,000</거래금액><거래유형>중개거래</거래유형><건축년도>2021</건축년도><년>2022</년><도로명>은평로</도로명><도로명건물본번호코드>00220</도로명건물본번호코드><도로명건물부번호코드>00000</도로명건물부번호코드><도로명시군구코드>11380</도로명시군구코드><도로명일련번호코드>01</도로명일련번호코드><도로명코드>3111007</도로명코드><법정동> 응암동</법정동><법정동본번코드>0769</법정동본번코드><법정동부번코드>0000</법정동부번코드><법정동시군구코드>11380</법정동시군구코드><법정동읍면동코드>10700</법정동읍면동코드><법정동지번코드>1</법정동지번코드><아파트>녹번역e편한세상캐슬</아파트><월>10</월><일>29</일><일련번호>11380-11078</일련번호><전용면적>59.97</전용면적><중개사소재지>서울 은평구</중개사소재지><지번>769</지번><지역코드>11380</지역코드><층>10</층><해제사유발생일> </해제사유발생일><해제여부> </해제여부></item><item><거래금액>    46,000</거래금액><거래유형>중개거래</거래유형><건축년도>1997</건축년도><년>2022</년><도로명>가좌로12길</도로명><도로명건물본번호코드>00012</도로명건물본번호코드><도로명건물부번호코드>00000</도로명건물부번호코드><도로명시군구코드>11380</도로명시군구코드><도로명일련번호코드>01</도로명일련번호코드><도로명지상지하코드>0</도로명지상지하코드><도로명코드>4133005</도로명코드><법정동> 신사동</법정동><법정동본번코드>0019</법정동본번코드><법정동부번코드>0084</법정동부번코드><법정동시군구코드>11380</법정동시군구코드><법정동읍면동코드>10900</법정동읍면동코드><법정동지번코드>1</법정동지번코드><아파트>형진</아파트><월>10</월><일>7</일><일련번호>11380-74</일련번호><전용면적>68.54</전용면적><중개사소재지>서울 은평구</중개사소재지><지번>19-84</지번><지역코드>11380</지역코드><층>4</층><해제사유발생일> </해제사유발생일><해제여부> </해제여부></item><item><거래금액>    59,800</거래금액><거래유형>중개거래</거래유형><건축년도>1994</건축년도><년>2022</년><도로명>가좌로</도로명><도로명건물본번호코드>00344</도로명건물본번호코드><도로명건물부번호코드>00000</도로명건물부번호코드><도로명시군구코드>11380</도로명시군구코드><도로명일련번호코드>02</도로명일련번호코드><도로명지상지하코드>0</도로명지상지하코드><도로명코드>3005053</도로명코드><법정동> 신사동</법정동><법정동본번코드>0355</법정동본번코드><법정동부번코드>0000</법정동부번코드><법정동시군구코드>11380</법정동시군구코드><법정동읍면동코드>10900</법정동읍면동코드><법정동지번코드>1</법정동지번코드><아파트>현대2</아파트><월>10</월><일>15</일><일련번호>11380-105</일련번호><전용면적>84.83</전용면적><중개사소재지>서울 은평구</중개사소재지><지번>355</지번><지역코드>11380</지역코드><층>8</층><해제사유발생일> </해제사유발생일><해제여부> </해제여부></item><item><거래금액>    49,800</거래금액><거래유형>직거래</거래유형><건축년도>1994</건축년도><년>2022</년><도로명>가좌로</도로명><도로명건물본번호코드>00344</도로명건물본번호코드><도로명건물부번호코드>00000</도로명건물부번호코드><도로명시군구코드>11380</도로명시군구코드><도로명일련번호코드>02</도로명일련번호코드><도로명지상지하코드>0</도로명지상지하코드><도로명코드>3005053</도로명코드><법정동> 신사동</법정동><법정동본번코드>0355</법정동본번코드><법정동부번코드>0000</법정동부번코드><법정동시군구코드>11380</법정동시군구코드><법정동읍면동코드>10900</법정동읍면동코드><법정동지번코드>1</법정동지번코드><아파트>현대2</아파트><월>10</월><일>18</일><일련번호>11380-105</일련번호><전용면적>84.83</전용면적><중개사소재지> </중개사소재지><지번>355</지번><지역코드>11380</지역코드><층>9</층><해제사유발생일> </해제사유발생일><해제여부> </해제여부></item><item><거래금액>    42,500</거래금액><거래유형>중개거래</거래유형><건축년도>2015</건축년도><년>2022</년><도로명>가좌로</도로명><도로명건물본번호코드>00341</도로명건물본번호코드><도로명건물부번호코드>00000</도로명건물부번호코드><도로명시군구코드>11380</도로명시군구코드><도로명일련번호코드>02</도로명일련번호코드><도로명지상지하코드>0</도로명지상지하코드><도로명코드>3005053</도로명코드><법정동> 신사동</법정동><법정동본번코드>0229</법정동본번코드><법정동부번코드>0024</법정동부번코드><법정동시군구코드>11380</법정동시군구코드><법정동읍면동코드>10900</법정동읍면동코드><법정동지번코드>1</법정동지번코드><아파트>미래하임(아파트)</아파트><월>10</월><일>27</일><일련번호>11380-9946</일련번호><전용면적>56.62</전용면적><중개사소재지>서울 서대문구, 서울 은평구</중개사소재지><지번>229-24</지번><지역코드>11380</지역코드><층>4</층><해제사유발생일> </해제사유발생일><해제여부> </해제여부></item><item><거래금액>    70,000</거래금액><거래유형>직거래</거래유형><건축년도>2008</건축년도><년>2022</년><도로명>진관4로</도로명><도로명건물본번호코드>00100</도로명건물본번호코드><도로명건물부번호코드>00000</도로명건물부번호코드><도로명시군구코드>11380</도로명시군구코드><도로명일련번호코드>01</도로명일련번호코드><도로명지상지하코드>0</도로명지상지하코드><도로명코드>3111012</도로명코드><법정동> 진관동</법정동><법정동본번코드>0002</법정동본번코드><법정동부번코드>0000</법정동부번코드><법정동시군구코드>11380</법정동시군구코드><법정동읍면동코드>11400</법정동읍면동코드><법정동지번코드>1</법정동지번코드><아파트>상림마을6단지푸르지오(606~614동)BL1-7</아파트><월>10</월><일>6</일><일련번호>11380-8019</일련번호><전용면적>84.79</전용면적><중개사소재지> </중개사소재지><지번>2</지번><지역코드>11380</지역코드><층>5</층><해제사유발생일> </해제사유발생일><해제여부> </해제여부></item><item><거래금액>    67,000</거래금액><거래유형>중개거래</거래유형><건축년도>2008</건축년도><년>2022</년><도로명>진관4로</도로명><도로명건물본번호코드>00100</도로명건물본번호코드><도로명건물부번호코드>00000</도로명건물부번호코드><도로명시군구코드>11380</도로명시군구코드><도로명일련번호코드>01</도로명일련번호코드><도로명지상지하코드>0</도로명지상지하코드><도로명코드>3111012</도로명코드><법정동> 진관동</법정동><법정동본번코드>0002</법정동본번코드><법정동부번코드>0000</법정동부번코드><법정동시군구코드>11380</법정동시군구코드><법정동읍면동코드>11400</법정동읍면동코드><법정동지번코드>1</법정동지번코드><아파트>상림마을6단지푸르지오(606~614동)BL1-7</아파트><월>10</월><일>24</일><일련번호>11380-8019</일련번호><전용면적>84.95</전용면적><중개사소재지>서울 성동구</중개사소재지><지번>2</지번><지역코드>11380</지역코드><층>7</층><해제사유발생일> </해제사유발생일><해제여부> </해제여부></item></items><numOfRows>999</numOfRows><pageNo>1</pageNo><totalCount>28</totalCount></body></response>