<?xml version="1.0" encoding="UTF-8" standalone="yes"?><response><header><resultCode>00</resultCode><resultMsg>NORMAL SERVICE.</resultMsg></header><body><items><item><거래금액>    88,500</거래금액><거래유형>중개거래</거래유형><건축년도>2021</건축년도><년>2022</년><도로명>수색로</도로명><도로명건물본번호코드>00300</도로명건물본번호코드><도로명건물부번호코드>00000</도로명건물부번호코드><도로명시군구코드>11380</도로명시군구코드><도로명일련번호코드>00</도로명일련번호코드><도로명코드>3005054</도로명코드><법정동> 수색동</법정동><법정동본번코드>0417</법정동본번코드><법정동부번코드>0000</법정동부번코드><법정동시군구코드>11380</법정동시군구코드><법정동읍면동코드>10100</법정동읍면동코드><법정동지번코드>1</법정동지번코드><아파트>DMC롯데캐슬더퍼스트</아파트><월>12</월><일>3</일><일련번호>11380-11086</일련번호><전용면적>59.96</전용면적><중개사소재지>서울 은평구</중개사소재지><지번>417</지번><지역코드>11380</지역코드><층>14</층><해제사유발생일> </해제사유발생일><해제여부> </해제여부></item><item><거래금액>    67,500</거래금액><거래유형>중개거래</거래유형><건축년도>2003</건축년도><년>2022</년><도로명>은평터널로</도로명><도로명건물본번호코드>00065</도로명건물본번호코드><도로명건물부번호코드>00000</도로명건물부번호코드><도로명시군구코드>11380</도로명시군구코드><도로명일련번호코드>01</도로명일련번호코드><도로명지상지하코드>0</도로명지상지하코드><도로명코드>3111008</도로명코드><법정동> 수색동</법정동><법정동본번코드>0415</법정동본번코드><법정동부번코드>0001</법정동부번코드><법정동시군구코드>11380</법정동시군구코드><법정동읍면동코드>10100</법정동읍면동코드><법정동지번코드>1</법정동지번코드><아파트>대림한숲(DMC이편한세상)</아파트><월>12</월><일>10</일><일련번호>11380-100</일련번호><전용면적>84.951</전용면적><중개사소재지>서울 은평구</중개사소재지><지번>415-1</지번><지역코드>11380</지역코드><층>11</층><해제사유발생일> </해제사유발생일><해제여부> </해제여부></item><item><거래금액>    41,400</거래금액><거래유형>직거래</거래유형><건축년도>1987</건축년도><년>2022</년><도로명>은평터널로2길</도로명><도로명건물본번호코드>00021</도로명건물본번호코드><도로명건물부번호코드>00000</도로명건물부번호코드><도로명시군구코드>11380</도로명시군구코드><도로명일련번호코드>01</도로명일련번호코드><도로명지상지하코드>0</도로명지상지하코드><도로명코드>4133217</도로명코드><법정동> 수색동</법정동><법정동본번코드>0017</법정동본번코드><법정동부번코드>0009</법정동부번코드><법정동시군구코드>11380</법정동시군구코드><법정동읍면동코드>10100</법정동읍면동코드><법정동지번코드>1</법정동지번코드><아파트>수정가,나동</아파트><월>12</월><일>28</일><일련번호>11380-101</일련번호><전용면적>65.34</전용면적><중개사소재지> </중개사소재지><지번>17-9</지번><지역코드>11380</지역코드><층>2</층><해제사유발생일> </해제사유발생일><해제여부> </해제여부></item><item><거래금액>    87,000</거래금액><거래유형>중개거래</거래유형><건축년도>2019</건축년도><년>2022</년><도로명>통일로</도로명><도로명건물본번호코드>00610</도로명건물본번호코드><도로명건물부번호코드>00000</도로명건물부번호코드><도로명시군구코드>11380</도로명시군구코드><도로명일련번호코드>00</도로명일련번호코드><도로명지상지하코드>0</도로명지상지하코드><도로명코드>3000008</도로명코드><법정동> 녹번동</법정동><법정동본번코드>0282</법정동본번코드><법정동부번코드>0000</법정동부번코드><법정동시군구코드>11380</법정동시군구코드><법정동읍면동코드>10200</법정동읍면동코드><법정동지번코드>1</법정동지번코드><아파트>힐스테이트녹번</아파트><월>12</월><일>9</일><일련번호>11380-10967</일련번호><전용면적>84.9</전용면적><중개사소재지>서울 은평구</중개사소재지><지번>282</지번><지역코드>11380</지역코드><층>1</층><해제사유발생일> </해제사유발생일><해제여부> </해제여부></item><item><거래금액>    89,700</거래금액><거래유형>중개거래</거래유형><건축년도>2015</건축년도><년>2022</년><도로명>통일로</도로명><도로명건물본번호코드>00660</도로명건물본번호코드><도로명건물부번호코드>00000</도로명건물부번호코드><도로명시군구코드>11380</도로명시군구코드><도로명일련번호코드>01</도로명일련번호코드><도로명지상지하코드>0</도로명지상지하코드><도로명코드>3000008</도로명코드><법정동> 녹번동</법정동><법정동본번코드>0281</법정동본번코드><법정동부번코드>0000</법정동부번코드><법정동시군구코드>11380</법정동시군구코드><법정동읍면동코드>10200</법정동읍면동코드><법정동지번코드>1</법정동지번코드><아파트>북한산푸르지오</아파트><월>12</월><일>17</일><일련번호>11380-10020</일련번호><전용면적>84.99</전용면적><중개사소재지>서울 은평구</중개사소재지><지번>281</지번><지역코드>11380</지역코드><층>7</층><해제사유발생일> </해제사유발생일><해제여부> </해제여부></item><item><거래금액>    84,750</거래금액><거래유형>중개거래</거래유형><건축년도>2015</건축년도><년>2022</년><도로명>통일로</도로명><도로명건물본번호코드>00660</도로명건물본번호코드><도로명건물부번호코드>00000</도로명건물부번호코드><도로명시군구코드>11380</도로명시군구코드><도로명일련번호코드>01</도로명일련번호코드><도로명지상지하코드>0</도로명지상지하코드><도로명코드>3000008</도로명코드><법정동> 녹번동</법정동><법정동본번코드>0281</법정동본번코드><법정동부번코드>0000</법정동부번코드><법정동시군구코드>11380</법정동시군구코드><법정동읍면동코드>10200</법정동읍면동코드><법정동지번코드>1</법정동지번코드><아파트>북한산푸르지오</아파트><월>12</월><일>29</일><일련번호>11380-10020</일련번호><전용면적>84.99</전용면적><중개사소재지>서울 은평구</중개사소재지><지번>281</지번><지역코드>11380</지역코드><층>7</층><해제사유발생일> </해제사유발생일><해제여부> </해제여부></item><item><거래금액>    12,000</거래금액><거래유형>직거래</거래유형><건축년도>2013</건축년도><년>2022</년><도로명>통일로82가길</도로명><도로명건물본번호코드>00004</도로명건물본번호코드><도로명건물부번호코드>00004</도로명건물부번호코드><도로명시군구코드>11380</도로명시군구코드><도로명일련번호코드>01</도로명일련번호코드><도로명지상지하코드>0</도로명지상지하코드><도로명코드>4133323</도로명코드><법정동> 불광동</법정동><법정동본번코드>0484</법정동본번코드><법정동부번코드>0060</법정동부번코드><법정동시군구코드>11380</법정동시군구코드><법정동읍면동코드>10300</법정동읍면동코드><법정동지번코드>1</법정동지번코드><아파트>제이타워</아파트><월>12</월><일>6</일><일련번호>11380-9413</일련번호><전용면적>15.05</전용면적><중개사소재지> </중개사소재지><지번>484-60</지번><지역코드>11380</지역코드><층>7</층><해제사유발생일> </해제사유발생일><해제여부> </해제여부></item><item><거래금액>    30,000</거래금액><거래유형>중개거래</거래유형><건축년도>2000</건축년도><년>2022</년><도로명>불광로</도로명><도로명건물본번호코드>00090</도로명건물본번호코드><도로명건물부번호코드>00000</도로명건물부번호코드><도로명시군구코드>11380</도로명시군구코드><도로명일련번호코드>01</도로명일련번호코드><도로명지상지하코드>0</도로명지상지하코드><도로명코드>3111004</도로명코드><법정동> 불광동</법정동><법정동본번코드>0631</법정동본번코드><법정동부번코드>0001</법정동부번코드><법정동시군구코드>11380</법정동시군구코드><법정동읍면동코드>10300</법정동읍면동코드><법정동지번코드>1</법정동지번코드><아파트>대호프라자아파트</아파트><월>12</월><일>12</일><일련번호>11380-10</일련번호><전용면적>41.22</전용면적><중개사소재지>서울 은평구</중개사소재지><지번>631-1</지번><지역코드>11380</지역코드><층>3</층><해제사유발생일> </해제사유발생일><해제여부> </해제여부></item><item><거래금액>   107,000</거래금액><거래유형>중개거래</거래유형><건축년도>2011</건축년도><년>2022</년><도로명>통일로</도로명><도로명건물본번호코드>00796</도로명건물본번호코드><도로명건물부번호코드>00000</도로명건물부번호코드><도로명시군구코드>11380</도로명시군구코드><도로명일련번호코드>02</도로명일련번호코드><도로명지상지하코드>0</도로명지상지하코드><도로명코드>3000008</도로명코드><법정동> 불광동</법정동><법정동본번코드>0643</법정동본번코드><법정동부번코드>0000</법정동부번코드><법정동시군구코드>11380</법정동시군구코드><법정동읍면동코드>10300</법정동읍면동코드><법정동지번코드>1</법정동지번코드><아파트>북한산힐스테이트7차</아파트><월>12</월><일>23</일><일련번호>11380-8922</일련번호><전용면적>84.947</전용면적><중개사소재지>서울 은평구</중개사소재지><지번>643</지번><지역코드>11380</지역코드><층>5</층><해제사유발생일> </해제사유발생일><해제여부> </해제여부></item><item><거래금액>    37,000</거래금액><거래유형>중개거래</거래유형><건축년도>1998</건축년도><년>2022</년><도로명>서오릉로</도로명><도로명건물본번호코드>00258</도로명건물본번호코드><도로명건물부번호코드>00000</도로명건물부번호코드><도로명시군구코드>11380</도로명시군구코드><도로명일련번호코드>02</도로명일련번호코드><도로명지상지하코드>0</도로명지상지하코드><도로명코드>3000007</도로명코드><법정동> 갈현동</법정동><법정동본번코드>0540</법정동본번코드><법정동부번코드>0000</법정동부번코드><법정동시군구코드>11380</법정동시군구코드><법정동읍면동코드>10400</법정동읍면동코드><법정동지번코드>1</법정동지번코드><아파트>우남</아파트><월>12</월><일>15</일><일련번호>11380-31</일련번호><전용면적>59.92</전용면적><중개사소재지>서울 은평구</중개사소재지><지번>540</지번><지역코드>11380</지역코드><층>12</층><해제사유발생일> </해제사유발생일><해제여부> </해제여부></item><item><거래금액>    33,200</거래금액><거래유형>중개거래</거래유형><건축년도>2015</건축년도><년>2022</년><도로명>불광로1길</도로명><도로명건물본번호코드>00006</도로명건물본번호코드><도로명건물부번호코드>00000</도로명건물부번호코드><도로명시군구코드>11380</도로명시군구코드><도로명일련번호코드>01</도로명일련번호코드><도로명코드>4133084</도로명코드><법정동> 대조동</법정동><법정동본번코드>0009</법정동본번코드><법정동부번코드>0019</법정동부번코드><법정동시군구코드>11380</법정동시군구코드><법정동읍면동코드>10600</법정동읍면동코드><법정동지번코드>1</법정동지번코드><아파트>모아아파트(103동)</아파트><월>12</월><일>17</일><일련번호>11380-10081</일련번호><전용면적>39.47</전용면적><중개사소재지>서울 은평구</중개사소재지><지번>9-19</지번><지역코드>11380</지역코드><층>7</층><해제사유발생일> </해제사유발생일><해제여부> </해제여부></item><item><거래금액>   106,000</거래금액><거래유형>중개거래</거래유형><건축년도>2021</건축년도><년>2022</년><도로명>은평로</도로명><도로명건물본번호코드>00220</도로명건물본번호코드><도로명건물부번호코드>00000</도로명건물부번호코드><도로명시군구코드>11380</도로명시군구코드><도로명일련번호코드>01</도로명일련번호코드><도로명코드>3111007</도로명코드><법정동> 응암동</법정동><법정동본번코드>0769</법정동본번코드><법정동부번코드>0000</법정동부번코드><법정동시군구코드>11380</법정동시군구코드><법정동읍면동코드>10700</법정동읍면동코드><법정동지번코드>1</법정동지번코드><아파트>녹번역e편한세상캐슬</아파트><월>12</월><일>5</일><일련번호>11380-11078</일련번호><전용면적>84.98</전용면적><중개사소재지>서울 은평구</중개사소재지><지번>769</지번><지역코드>11380</지역코드><층>6</층><해제사유발생일> </해제사유발생일><해제여부> </해제여부></item><item><거래금액>    80,000</거래금액><거래유형>중개거래</거래유형><건축년도>2021</건축년도><년>2022</년><도로명>은평로</도로명><도로명건물본번호코드>00220</도로명건물본번호코드><도로명건물부번호코드>00000</도로명건물부번호코드><도로명시군구코드>11380</도로명시군구코드><도로명일련번호코드>01</도로명일련번호코드><도로명코드>3111007</도로명코드><법정동> 응암동</법정동><법정동본번코드>0769</법정동본번코드><법정동부번코드>0000</법정동부번코드><법정동시군구코드>11380</법정동시군구코드><법정동읍면동코드>10700</법정동읍면동코드><법정동지번코드>1</법정동지번코드><아파트>녹번역e편한세상캐슬</아파트><월>12</월><일>6</일><일련번호>11380-11078</일련번호><전용면적>59.97</전용면적><중개사소재지>서울 은평구</중개사소재지><지번>769</지번><지역코드>11380</지역코드><층>10</층><해제사유발생일> </해제사유발생일><해제여부> </해제여부></item><item><거래금액>    59,500</거래금액><거래유형>중개거래</거래유형><건축년도>2003</건축년도><년>2022</년><도로명>백련산로</도로명><도로명건물본번호코드>00006</도로명건물본번호코드><도로명건물부번호코드>00000</도로명건물부번호코드><도로명시군구코드>11380</도로명시군구코드><도로명일련번호코드>01</도로명일련번호코드><도로명지상지하코드>0</도로명지상지하코드><도로명코드>3111003</도로명코드><법정동> 응암동</법정동><법정동본번코드>0669</법정동본번코드><법정동부번코드>0001</법정동부번코드><법정동시군구코드>11380</법정동시군구코드><법정동읍면동코드>10700</법정동읍면동코드><법정동지번코드>1</법정동지번코드><아파트>대주피오레</아파트><월>12</월><일>8</일><일련번호>11380-109</일련번호><전용면적>84.92</전용면적><중개사소재지>경기 남양주시</중개사소재지><지번>669-1</지번><지역코드>11380</지역코드><층>12</층><해제사유발생일> </해제사유발생일><해제여부> </해제여부></item><item><거래금액>    65,000</거래금액><거래유형>중개거래</거래유형><건축년도>2021</건축년도><년>2022</년><도로명>은평로</도로명><도로명건물본번호코드>00220</도로명건물본번호코드><도로명건물부번호코드>00000</도로명건물부번호코드><도로명시군구코드>11380</도로명시군구코드><도로명일련번호코드>01</도로명일련번호코드><도로명코드>3111007</도로명코드><법정동> 응암동</법정동><법정동본번코드>0769</법정동본번코드><법정동부번코드>0000</법정동부번코드><법정동시군구코드>11380</법정동시군구코드><법정동읍면동코드>10700</법정동읍면동코드><법정동지번코드>1</법정동지번코드><아파트>녹번역e편한세상캐슬</아파트><월>12</월><일>8</일><일련번호>11380-11078</일련번호><전용면적>44.85</전용면적><중개사소재지>서울 은평구</중개사소재지><지번>769</지번><지역코드>11380</지역코드><층>9</층><해제사유발생일> </해제사유발생일><해제여부> </해제여부></item><item><거래금액>    83,000</거래금액><거래유형>중개거래</거래유형><건축년도>2022</건축년도><년>2022</년><도로명>은평로</도로명><도로명건물본번호코드>00240</도로명건물본번호코드><도로명건물부번호코드>00000</도로명건물부번호코드><도로명시군구코드>11380</도로명시군구코드><도로명일련번호코드>00</도로명일련번호코드><도로명코드>3111007</도로명코드><법정동> 응암동</법정동><법정동본번코드>0770</법정동본번코드><법정동부번코드>0000</법정동부번코드><법정동시군구코드>11380</법정동시군구코드><법정동읍면동코드>10700</법정동읍면동코드><법정동지번코드>1</법정동지번코드><아파트>힐스테이트녹번역</아파트><월>12</월><일>12</일><일련번호>11380-11169</일련번호><전용면적>59.99</전용면적><중개사소재지>서울 은평구</중개사소재지><지번>770</지번><지역코드>11380</지역코드><층>13</층><해제사유발생일> </해제사유발생일><해제여부> </해제여부></item><item><거래금액>    61,000</거래금액><거래유형>중개거래</거래유형><건축년도>2020</건축년도><년>2022</년><도로명>응암로30길</도로명><도로명건물본번호코드>00015</도로명건물본번호코드><도로명건물부번호코드>00000</도로명건물부번호코드><도로명시군구코드>11380</도로명시군구코드><도로명일련번호코드>01</도로명일련번호코드><도로명코드>4133240</도로명코드><법정동> 응암동</법정동><법정동본번코드>0768</법정동본번코드><법정동부번코드>0000</법정동부번코드><법정동시군구코드>11380</법정동시군구코드><법정동읍면동코드>10700</법정동읍면동코드><법정동지번코드>1</법정동지번코드><아파트>백련산해모로</아파트><월>12</월><일>14</일><일련번호>11380-11061</일련번호><전용면적>59.93</전용면적><중개사소재지>서울 은평구</중개사소재지><지번>768</지번><지역코드>11380</지역코드><층>7</층><해제사유발생일> </해제사유발생일><해제여부> </해제여부></item><item><거래금액>    80,000</거래금액><거래유형>중개거래</거래유형><건축년도>2003</건축년도><년>2022</년><도로명>응암로</도로명><도로명건물본번호코드>00295</도로명건물본번호코드><도로명건물부번호코드>00000</도로명건물부번호코드><도로명시군구코드>11380</도로명시군구코드><도로명일련번호코드>02</도로명일련번호코드><도로명지상지하코드>0</도로명지상지하코드><도로명코드>3005055</도로명코드><법정동> 응암동</법정동><법정동본번코드>0116</법정동본번코드><법정동부번코드>0017</법정동부번코드><법정동시군구코드>11380</법정동시군구코드><법정동읍면동코드>10700</법정동읍면동코드><법정동지번코드>1</법정동지번코드><아파트>서강스카이빌2</아파트><월>12</월><일>17</일><일련번호>11380-111</일련번호><전용면적>156.39</전용면적><중개사소재지>서울 은평구</중개사소재지><지번>116-17</지번><지역코드>11380</지역코드><층>13</층><해제사유발생일> </해제사유발생일><해제여부> </해제여부></item><item><거래금액>    31,700</거래금액><거래유형>중개거래</거래유형><건축년도>2015</건축년도><년>2022</년><도로명>은평로</도로명><도로명건물본번호코드>00164</도로명건물본번호코드><도로명건물부번호코드>00000</도로명건물부번호코드><도로명시군구코드>11380</도로명시군구코드><도로명일련번호코드>02</도로명일련번호코드><도로명지상지하코드>0</도로명지상지하코드><도로명코드>3111007</도로명코드><법정동> 응암동</법정동><법정동본번코드>0096</법정동본번코드><법정동부번코드>0019</법정동부번코드><법정동시군구코드>11380</법정동시군구코드><법정동읍면동코드>10700</법정동읍면동코드><법정동지번코드>1</법정동지번코드><아파트>삼영N-CITY</아파트><월>12</월><일>24</일><일련번호>11380-9854</일련번호><전용면적>45.91</전용면적><중개사소재지>서울 은평구</중개사소재지><지번>96-19</지번><지역코드>11380</지역코드><층>6</층><해제사유발생일> </해제사유발생일><해제여부> </해제여부></item><item><거래금액>    65,000</거래금액><거래유형>중개거래</거래유형><건축년도>2006</건축년도><년>2022</년><도로명>진흥로1길</도로명><도로명건물본번호코드>00011</도로명건물본번호코드><도로명건물부번호코드>00000</도로명건물부번호코드><도로명시군구코드>11380</도로명시군구코드><도로명일련번호코드>01</도로명일련번호코드><도로명지상지하코드>0</도로명지상지하코드><도로명코드>4133280</도로명코드><법정동> 역촌동</법정동><법정동본번코드>0039</법정동본번코드><법정동부번코드>0001</법정동부번코드><법정동시군구코드>11380</법정동시군구코드><법정동읍면동코드>10800</법정동읍면동코드><법정동지번코드>1</법정동지번코드><아파트>미랜드</아파트><월>12</월><일>2</일><일련번호>11380-7799</일련번호><전용면적>84.98</전용면적><중개사소재지>서울 은평구</중개사소재지><지번>39-1</지번><지역코드>11380</지역코드><층>3</층><해제사유발생일> </해제사유발생일><해제여부> </해제여부></item><item><거래금액>    14,000</거래금액><거래유형>직거래</거래유형><건축년도>2002</건축년도><년>2022</년><도로명>연서로</도로명><도로명건물본번호코드>00047</도로명건물본번호코드><도로명건물부번호코드>00002</도로명건물부번호코드><도로명시군구코드>11380</도로명시군구코드><도로명일련번호코드>05</도로명일련번호코드><도로명지상지하코드>0</도로명지상지하코드><도로명코드>3111006</도로명코드><법정동> 역촌동</법정동><법정동본번코드>0063</법정동본번코드><법정동부번코드>0002</법정동부번코드><법정동시군구코드>11380</법정동시군구코드><법정동읍면동코드>10800</법정동읍면동코드><법정동지번코드>1</법정동지번코드><아파트>소망</아파트><월>12</월><일>9</일><일련번호>11380-223</일련번호><전용면적>43.17</전용면적><중개사소재지> </중개사소재지><지번>63-2</지번><지역코드>11380</지역코드><층>6</층><해제사유발생일> </해제사유발생일><해제여부> </해제여부></item><item><거래금액>    28,500</거래금액><거래유형>중개거래</거래유형><건축년도>2001</건축년도><년>2022</년><도로명>연서로2길</도로명><도로명건물본번호코드>00008</도로명건물본번호코드><도로명건물부번호코드>00004</도로명건물부번호코드><도로명시군구코드>11380</도로명시군구코드><도로명일련번호코드>01</도로명일련번호코드><도로명지상지하코드>0</도로명지상지하코드><도로명코드>4133161</도로명코드><법정동> 역촌동</법정동><법정동본번코드>0043</법정동본번코드><법정동부번코드>0040</법정동부번코드><법정동시군구코드>11380</법정동시군구코드><법정동읍면동코드>10800</법정동읍면동코드><법정동지번코드>1</법정동지번코드><아파트>도올탑스텔</아파트><월>12</월><일>22</일><일련번호>11380-356</일련번호><전용면적>73.76</전용면적><중개사소재지>서울 은평구</중개사소재지><지번>43-40</지번><지역코드>11380</지역코드><층>5</층><해제사유발생일> </해제사유발생일><해제여부> </해제여부></item><item><거래금액>    39,000</거래금액><거래유형>중개거래</거래유형><건축년도>2006</건축년도><년>2022</년><도로명>연서로</도로명><도로명건물본번호코드>00028</도로명건물본번호코드><도로명건물부번호코드>00000</도로명건물부번호코드><도로명시군구코드>11380</도로명시군구코드><도로명일련번호코드>05</도로명일련번호코드><도로명지상지하코드>0</도로명지상지하코드><도로명코드>3111006</도로명코드><법정동> 역촌동</법정동><법정동본번코드>0036</법정동본번코드><법정동부번코드>0037</법정동부번코드><법정동시군구코드>11380</법정동시군구코드><법정동읍면동코드>10800</법정동읍면동코드><법정동지번코드>1</법정동지번코드><아파트>연리지</아파트><월>12</월><일>30</일><일련번호>11380-387</일련번호><전용면적>77.46</전용면적><중개사소재지>서울 은평구</중개사소재지><지번>36-37</지번><지역코드>11380</지역코드><층>3</층><해제사유발생일>23.02.07</해제사유발생일><해제여부>O</해제여부></item><item><거래금액>    45,500</거래금액><거래유형>중개거래</거래유형><건축년도>1988</건축년도><년>2022</년><도로명>증산로15길</도로명><도로명건물본번호코드>00067</도로명건물본번호코드><도로명건물부번호코드>00007</도로명건물부번호코드><도로명시군구코드>11380</도로명시군구코드><도로명일련번호코드>01</도로명일련번호코드><도로명지상지하코드>0</도로명지상지하코드><도로명코드>4133254</도로명코드><법정동> 신사동</법정동><법정동본번코드>0155</법정동본번코드><법정동부번코드>0001</법정동부번코드><법정동시군구코드>11380</법정동시군구코드><법정동읍면동코드>10900</법정동읍면동코드><법정동지번코드>1</법정동지번코드><아파트>신성</아파트><월>12</월><일>20</일><일련번호>11380-71</일련번호><전용면적>61.32</전용면적><중개사소재지>서울 은평구</중개사소재지><지번>155-1</지번><지역코드>11380</지역코드><층>9</층><해제사유발생일> </해제사유발생일><해제여부> </해제여부></item><item><거래금액>    23,000</거래금액><거래유형>중개거래</거래유형><건축년도>2002</건축년도><년>2022</년><도로명>은평터널로</도로명><도로명건물본번호코드>00178</도로명건물본번호코드><도로명건물부번호코드>00000</도로명건물부번호코드><도로명시군구코드>11380</도로명시군구코드><도로명일련번호코드>02</도로명일련번호코드><도로명지상지하코드>0</도로명지상지하코드><도로명코드>3111008</도로명코드><법정동> 신사동</법정동><법정동본번코드>0200</법정동본번코드><법정동부번코드>0028</법정동부번코드><법정동시군구코드>11380</법정동시군구코드><법정동읍면동코드>10900</법정동읍면동코드><법정동지번코드>1</법정동지번코드><아파트>성현</아파트><월>12</월><일>21</일><일련번호>11380-81</일련번호><전용면적>48.78</전용면적><중개사소재지>서울 은평구</중개사소재지><지번>200-28</지번><지역코드>11380</지역코드><층>7</층><해제사유발생일> </해제사유발생일><해제여부> </해제여부></item><item><거래금액>    45,000</거래금액><거래유형>직거래</거래유형><건축년도>1987</건축년도><년>2022</년><도로명>증산로15길</도로명><도로명건물본번호코드>00035</도로명건물본번호코드><도로명건물부번호코드>00010</도로명건물부번호코드><도로명시군구코드>11380</도로명시군구코드><도로명일련번호코드>01</도로명일련번호코드><도로명지상지하코드>0</도로명지상지하코드><도로명코드>4133254</도로명코드><법정동> 신사동</법정동><법정동본번코드>0140</법정동본번코드><법정동부번코드>0001</법정동부번코드><법정동시군구코드>11380</법정동시군구코드><법정동읍면동코드>10900</법정동읍면동코드><법정동지번코드>1</법정동지번코드><아파트>미성</아파트><월>12</월><일>29</일><일련번호>11380-66</일련번호><전용면적>63.53</전용면적><중개사소재지> </중개사소재지><지번>140-1</지번><지역코드>11380</지역코드><층>4</층><해제사유발생일> </해제사유발생일><해제여부> </해제여부></item><item><거래금액>    11,200</거래금액><거래유형>중개거래</거래유형><건축년도>2011</건축년도><년>2022</년><도로명>증산로</도로명><도로명건물본번호코드>00291</도로명건물본번호코드><도로명건물부번호코드>00000</도로명건물부번호코드><도로명시군구코드>11380</도로명시군구코드><도로명일련번호코드>02</도로명일련번호코드><도로명지상지하코드>0</도로명지상지하코드><도로명코드>3005056</도로명코드><법정동> 증산동</법정동><법정동본번코드>0173</법정동본번코드><법정동부번코드>0001</법정동부번코드><법정동시군구코드>11380</법정동시군구코드><법정동읍면동코드>11000</법정동읍면동코드><법정동지번코드>1</법정동지번코드><아파트>디오반</아파트><월>12</월><일>9</일><일련번호>11380-9047</일련번호><전용면적>14.46</전용면적><중개사소재지>서울 은평구</중개사소재지><지번>173-1</지번><지역코드>11380</지역코드><층>2</층><해제사유발생일> </해제사유발생일><해제여부> </해제여부></item><item><거래금액>    11,950</거래금액><거래유형>중개거래</거래유형><건축년도>2011</건축년도><년>2022</년><도로명>증산로</도로명><도로명건물본번호코드>00291</도로명건물본번호코드><도로명건물부번호코드>00000</도로명건물부번호코드><도로명시군구코드>11380</도로명시군구코드><도로명일련번호코드>02</도로명일련번호코드><도로명지상지하코드>0</도로명지상지하코드><도로명코드>3005056</도로명코드><법정동> 증산동</법정동><법정동본번코드>0173</법정동본번코드><법정동부번코드>0001</법정동부번코드><법정동시군구코드>11380</법정동시군구코드><법정동읍면동코드>11000</법정동읍면동코드><법정동지번코드>1</법정동지번코드><아파트>디오반</아파트><월>12</월><일>9</일><일련번호>11380-9047</일련번호><전용면적>14.46</전용면적><중개사소재지>서울 은평구</중개사소재지><지번>173-1</지번><지역코드>11380</지역코드><층>3</층><해제사유발생일> </해제사유발생일><해제여부> </해제여부></item><item><거래금액>    11,800</거래금액><거래유형>중개거래</거래유형><건축년도>2011</건축년도><년>2022</년><도로명>증산로</도로명><도로명건물본번호코드>00291</도로명건물본번호코드><도로명건물부번호코드>00000</도로명건물부번호코드><도로명시군구코드>11380</도로명시군구코드><도로명일련번호코드>02</도로명일련번호코드><도로명지상지하코드>0</도로명지상지하코드><도로명코드>3005056</도로명코드><법정동> 증산동</법정동><법정동본번코드>0173</법정동본번코드><법정동부번코드>0001</법정동부번코드><법정동시군구코드>11380</법정동시군구코드><법정동읍면동코드>11000</법정동읍면동코드><법정동지번코드>1</법정동지번코드><아파트>디오반</아파트><월>12</월><일>9</일><일련번호>11380-9047</일련번호><전용면적>14.46</전용면적><중개사소재지>서울 은평구</중개사소재지><지번>173-1</지번><지역코드>11380</지역코드><층>7</층><해제사유발생일> </해제사유발생일><해제여부> </해제여부></item><item><거래금액>    94,000</거래금액><거래유형>중개거래</거래유형><건축년도>2019</건축년도><년>2022</년><도로명>통일로</도로명><도로명건물본번호코드>01034</도로명건물본번호코드><도로명건물부번호코드>00000</도로명건물부번호코드><도로명시군구코드>11380</도로명시군구코드><도로명일련번호코드>00</도로명일련번호코드><도로명코드>3000008</도로명코드><법정동> 진관동</법정동><법정동본번코드>0062</법정동본번코드><법정동부번코드>0000</법정동부번코드><법정동시군구코드>11380</법정동시군구코드><법정동읍면동코드>11400</법정동읍면동코드><법정동지번코드>1</법정동지번코드><아파트>은평스카이뷰자이</아파트><월>12</월><일>2</일><일련번호>11380-10938</일련번호><전용면적>84.3363</전용면적><중개사소재지>서울 은평구</중개사소재지><지번>62</지번><지역코드>11380</지역코드><층>22</층><해제사유발생일> </해제사유발생일><해제여부> </해제여부></item></items><numOfRows>999</numOfRows><pageNo>1</pageNo><totalCount>30</totalCount></body></response>