<?xml version="1.0" encoding="UTF-8" standalone="yes"?><response><header><resultCode>00</resultCode><resultMsg>NORMAL SERVICE.</resultMsg></header><body><items><item><거래금액>    90,000</거래금액><거래유형>중개거래</거래유형><건축년도>2021</건축년도><년>2023</년><도로명>수색로</도로명><도로명건물본번호코드>00300</도로명건물본번호코드><도로명건물부번호코드>00000</도로명건물부번호코드><도로명시군구코드>11380</도로명시군구코드><도로명일련번호코드>00</도로명일련번호코드><도로명코드>3005054</도로명코드><법정동> 수색동</법정동><법정동본번코드>0417</법정동본번코드><법정동부번코드>0000</법정동부번코드><법정동시군구코드>11380</법정동시군구코드><법정동읍면동코드>10100</법정동읍면동코드><법정동지번코드>1</법정동지번코드><아파트>DMC롯데캐슬더퍼스트</아파트><월>1</월><일>6</일><일련번호>11380-11086</일련번호><전용면적>84.87</전용면적><중개사소재지>서울 은평구</중개사소재지><지번>417</지번><지역코드>11380</지역코드><층>13</층><해제사유발생일> </해제사유발생일><해제여부> </해제여부></item><item><거래금액>    54,300</거래금액><거래유형>중개거래</거래유형><건축년도>2003</건축년도><년>2023</년><도로명>은평터널로</도로명><도로명건물본번호코드>00065</도로명건물본번호코드><도로명건물부번호코드>00000</도로명건물부번호코드><도로명시군구코드>11380</도로명시군구코드><도로명일련번호코드>01</도로명일련번호코드><도로명지상지하코드>0</도로명지상지하코드><도로명코드>3111008</도로명코드><법정동> 수색동</법정동><법정동본번코드>0415</법정동본번코드><법정동부번코드>0001</법정동부번코드><법정동시군구코드>11380</법정동시군구코드><법정동읍면동코드>10100</법정동읍면동코드><법정동지번코드>1</법정동지번코드><아파트>대림한숲(DMC이편한세상)</아파트><월>1</월><일>14</일><일련번호>11380-100</일련번호><전용면적>59.895</전용면적><중개사소재지>서울 은평구</중개사소재지><지번>415-1</지번><지역코드>11380</지역코드><층>2</층><해제사유발생일> </해제사유발생일><해제여부> </해제여부></item><item><거래금액>    94,000</거래금액><거래유형>중개거래</거래유형><건축년도>2021</건축년도><년>2023</년><도로명>수색로</도로명><도로명건물본번호코드>00300</도로명건물본번호코드><도로명건물부번호코드>00000</도로명건물부번호코드><도로명시군구코드>11380</도로명시군구코드><도로명일련번호코드>00</도로명일련번호코드><도로명코드>3005054</도로명코드><법정동> 수색동</법정동><법정동본번코드>0417</법정동본번코드><법정동부번코드>0000</법정동부번코드><법정동시군구코드>11380</법정동시군구코드><법정동읍면동코드>10100</법정동읍면동코드><법정동지번코드>1</법정동지번코드><아파트>DMC롯데캐슬더퍼스트</아파트><월>1</월><일>14</일><일련번호>11380-11086</일련번호><전용면적>84.93</전용면적><중개사소재지>서울 은평구</중개사소재지><지번>417</지번><지역코드>11380</지역코드><층>8</층><해제사유발생일> </해제사유발생일><해제여부> </해제여부></item><item><거래금액>    88,500</거래금액><거래유형>중개거래</거래유형><건축년도>2021</건축년도><년>2023</년><도로명>수색로</도로명><도로명건물본번호코드>00300</도로명건물본번호코드><도로명건물부번호코드>00000</도로명건물부번호코드><도로명시군구코드>11380</도로명시군구코드><도로명일련번호코드>00</도로명일련번호코드><도로명코드>3005054</도로명코드><법정동> 수색동</법정동><법정동본번코드>0417</법정동본번코드><법정동부번코드>0000</법정동부번코드><법정동시군구코드>11380</법정동시군구코드><법정동읍면동코드>10100</법정동읍면동코드><법정동지번코드>1</법정동지번코드><아파트>DMC롯데캐슬더퍼스트</아파트><월>1</월><일>14</일><일련번호>11380-11086</일련번호><전용면적>84.87</전용면적><중개사소재지>서울 은평구</중개사소재지><지번>417</지번><지역코드>11380</지역코드><층>12</층><해제사유발생일> </해제사유발생일><해제여부> </해제여부></item><item><거래금액>    62,000</거래금액><거래유형>중개거래</거래유형><건축년도>2003</건축년도><년>2023</년><도로명>은평터널로</도로명><도로명건물본번호코드>00060</도로명건물본번호코드><도로명건물부번호코드>00000</도로명건물부번호코드><도로명시군구코드>11380</도로명시군구코드><도로명일련번호코드>01</도로명일련번호코드><도로명지상지하코드>0</도로명지상지하코드><도로명코드>3111008</도로명코드><법정동> 수색동</법정동><법정동본번코드>0416</법정동본번코드><법정동부번코드>0001</법정동부번코드><법정동시군구코드>11380</법정동시군구코드><법정동읍면동코드>10100</법정동읍면동코드><법정동지번코드>1</법정동지번코드><아파트>진흥엣세벨</아파트><월>1</월><일>14</일><일련번호>11380-173</일련번호><전용면적>78.2853</전용면적><중개사소재지>서울 은평구</중개사소재지><지번>416-1</지번><지역코드>11380</지역코드><층>11</층><해제사유발생일> </해제사유발생일><해제여부> </해제여부></item><item><거래금액>    91,000</거래금액><거래유형>중개거래</거래유형><건축년도>2015</건축년도><년>2023</년><도로명>통일로</도로명><도로명건물본번호코드>00660</도로명건물본번호코드><도로명건물부번호코드>00000</도로명건물부번호코드><도로명시군구코드>11380</도로명시군구코드><도로명일련번호코드>01</도로명일련번호코드><도로명지상지하코드>0</도로명지상지하코드><도로명코드>3000008</도로명코드><법정동> 녹번동</법정동><법정동본번코드>0281</법정동본번코드><법정동부번코드>0000</법정동부번코드><법정동시군구코드>11380</법정동시군구코드><법정동읍면동코드>10200</법정동읍면동코드><법정동지번코드>1</법정동지번코드><아파트>북한산푸르지오</아파트><월>1</월><일>12</일><일련번호>11380-10020</일련번호><전용면적>84.99</전용면적><중개사소재지>서울 은평구</중개사소재지><지번>281</지번><지역코드>11380</지역코드><층>12</층><해제사유발생일> </해제사유발생일><해제여부> </해제여부></item><item><거래금액>    85,000</거래금액><거래유형>중개거래</거래유형><건축년도>2015</건축년도><년>2023</년><도로명>통일로</도로명><도로명건물본번호코드>00660</도로명건물본번호코드><도로명건물부번호코드>00000</도로명건물부번호코드><도로명시군구코드>11380</도로명시군구코드><도로명일련번호코드>01</도로명일련번호코드><도로명지상지하코드>0</도로명지상지하코드><도로명코드>3000008</도로명코드><법정동> 녹번동</법정동><법정동본번코드>0281</법정동본번코드><법정동부번코드>0000</법정동부번코드><법정동시군구코드>11380</법정동시군구코드><법정동읍면동코드>10200</법정동읍면동코드><법정동지번코드>1</법정동지번코드><아파트>북한산푸르지오</아파트><월>1</월><일>13</일><일련번호>11380-10020</일련번호><전용면적>84.99</전용면적><중개사소재지>서울 은평구</중개사소재지><지번>281</지번><지역코드>11380</지역코드><층>6</층><해제사유발생일> </해제사유발생일><해제여부> </해제여부></item><item><거래금액>   102,000</거래금액><거래유형>중개거래</거래유형><건축년도>2019</건축년도><년>2023</년><도로명>통일로</도로명><도로명건물본번호코드>00610</도로명건물본번호코드><도로명건물부번호코드>00000</도로명건물부번호코드><도로명시군구코드>11380</도로명시군구코드><도로명일련번호코드>00</도로명일련번호코드><도로명지상지하코드>0</도로명지상지하코드><도로명코드>3000008</도로명코드><법정동> 녹번동</법정동><법정동본번코드>0282</법정동본번코드><법정동부번코드>0000</법정동부번코드><법정동시군구코드>11380</법정동시군구코드><법정동읍면동코드>10200</법정동읍면동코드><법정동지번코드>1</법정동지번코드><아파트>힐스테이트녹번</아파트><월>1</월><일>27</일><일련번호>11380-10967</일련번호><전용면적>84.9</전용면적><중개사소재지>서울 은평구</중개사소재지><지번>282</지번><지역코드>11380</지역코드><층>15</층><해제사유발생일> </해제사유발생일><해제여부> </해제여부></item><item><거래금액>    75,000</거래금액><거래유형>중개거래</거래유형><건축년도>2019</건축년도><년>2023</년><도로명>통일로</도로명><도로명건물본번호코드>00630</도로명건물본번호코드><도로명건물부번호코드>00000</도로명건물부번호코드><도로명시군구코드>11380</도로명시군구코드><도로명일련번호코드>00</도로명일련번호코드><도로명지상지하코드>0</도로명지상지하코드><도로명코드>3000008</도로명코드><법정동> 녹번동</법정동><법정동본번코드>0283</법정동본번코드><법정동부번코드>0000</법정동부번코드><법정동시군구코드>11380</법정동시군구코드><법정동읍면동코드>10200</법정동읍면동코드><법정동지번코드>1</법정동지번코드><아파트>래미안베라힐즈</아파트><월>1</월><일>27</일><일련번호>11380-11015</일련번호><전용면적>59.98</전용면적><중개사소재지>서울 은평구</중개사소재지><지번>283</지번><지역코드>11380</지역코드><층>12</층><해제사유발생일> </해제사유발생일><해제여부> </해제여부></item><item><거래금액>    78,000</거래금액><거래유형>중개거래</거래유형><건축년도>2019</건축년도><년>2023</년><도로명>통일로</도로명><도로명건물본번호코드>00630</도로명건물본번호코드><도로명건물부번호코드>00000</도로명건물부번호코드><도로명시군구코드>11380</도로명시군구코드><도로명일련번호코드>00</도로명일련번호코드><도로명지상지하코드>0</도로명지상지하코드><도로명코드>3000008</도로명코드><법정동> 녹번동</법정동><법정동본번코드>0283</법정동본번코드><법정동부번코드>0000</법정동부번코드><법정동시군구코드>11380</법정동시군구코드><법정동읍면동코드>10200</법정동읍면동코드><법정동지번코드>1</법정동지번코드><아파트>래미안베라힐즈</아파트><월>1</월><일>28</일><일련번호>11380-11015</일련번호><전용면적>59.98</전용면적><중개사소재지>서울 은평구</중개사소재지><지번>283</지번><지역코드>11380</지역코드><층>15</층><해제사유발생일> </해제사유발생일><해제여부> </해제여부></item><item><거래금액>   102,000</거래금액><거래유형>중개거래</거래유형><건축년도>2019</건축년도><년>2023</년><도로명>통일로</도로명><도로명건물본번호코드>00630</도로명건물본번호코드><도로명건물부번호코드>00000</도로명건물부번호코드><도로명시군구코드>11380</도로명시군구코드><도로명일련번호코드>00</도로명일련번호코드><도로명지상지하코드>0</도로명지상지하코드><도로명코드>3000008</도로명코드><법정동> 녹번동</법정동><법정동본번코드>0283</법정동본번코드><법정동부번코드>0000</법정동부번코드><법정동시군구코드>11380</법정동시군구코드><법정동읍면동코드>10200</법정동읍면동코드><법정동지번코드>1</법정동지번코드><아파트>래미안베라힐즈</아파트><월>1</월><일>31</일><일련번호>11380-11015</일련번호><전용면적>84.93</전용면적><중개사소재지>서울 은평구</중개사소재지><지번>283</지번><지역코드>11380</지역코드><층>10</층><해제사유발생일> </해제사유발생일><해제여부> </해제여부></item><item><거래금액>   104,500</거래금액><거래유형>중개거래</거래유형><건축년도>2018</건축년도><년>2023</년><도로명>불광로</도로명><도로명건물본번호코드>00064</도로명건물본번호코드><도로명건물부번호코드>00000</도로명건물부번호코드><도로명시군구코드>11380</도로명시군구코드><도로명일련번호코드>00</도로명일련번호코드><도로명코드>3111004</도로명코드><법정동> 불광동</법정동><법정동본번코드>0645</법정동본번코드><법정동부번코드>0000</법정동부번코드><법정동시군구코드>11380</법정동시군구코드><법정동읍면동코드>10300</법정동읍면동코드><법정동지번코드>1</법정동지번코드><아파트>불광롯데캐슬</아파트><월>1</월><일>2</일><일련번호>11380-10903</일련번호><전용면적>114.99</전용면적><중개사소재지>서울 은평구</중개사소재지><지번>645</지번><지역코드>11380</지역코드><층>18</층><해제사유발생일> </해제사유발생일><해제여부> </해제여부></item><item><거래금액>    67,500</거래금액><거래유형>중개거래</거래유형><건축년도>2010</건축년도><년>2023</년><도로명>진흥로</도로명><도로명건물본번호코드>00265</도로명건물본번호코드><도로명건물부번호코드>00000</도로명건물부번호코드><도로명시군구코드>11380</도로명시군구코드><도로명일련번호코드>02</도로명일련번호코드><도로명지상지하코드>0</도로명지상지하코드><도로명코드>3100020</도로명코드><법정동> 불광동</법정동><법정동본번코드>0637</법정동본번코드><법정동부번코드>0000</법정동부번코드><법정동시군구코드>11380</법정동시군구코드><법정동읍면동코드>10300</법정동읍면동코드><법정동지번코드>1</법정동지번코드><아파트>북한산래미안아파트(2단지)</아파트><월>1</월><일>17</일><일련번호>11380-8696</일련번호><전용면적>59.9932</전용면적><중개사소재지>서울 은평구</중개사소재지><지번>637</지번><지역코드>11380</지역코드><층>9</층><해제사유발생일> </해제사유발생일><해제여부> </해제여부></item><item><거래금액>    26,000</거래금액><거래유형>중개거래</거래유형><건축년도>2015</건축년도><년>2023</년><도로명>통일로82가길</도로명><도로명건물본번호코드>00001</도로명건물본번호코드><도로명건물부번호코드>00000</도로명건물부번호코드><도로명시군구코드>11380</도로명시군구코드><도로명일련번호코드>01</도로명일련번호코드><도로명코드>4133323</도로명코드><법정동> 불광동</법정동><법정동본번코드>0484</법정동본번코드><법정동부번코드>0056</법정동부번코드><법정동시군구코드>11380</법정동시군구코드><법정동읍면동코드>10300</법정동읍면동코드><법정동지번코드>1</법정동지번코드><아파트>정익제이원(4차)</아파트><월>1</월><일>27</일><일련번호>11380-10114</일련번호><전용면적>24.2</전용면적><중개사소재지>서울 은평구</중개사소재지><지번>484-56</지번><지역코드>11380</지역코드><층>6</층><해제사유발생일> </해제사유발생일><해제여부> </해제여부></item><item><거래금액>    19,000</거래금액><거래유형>직거래</거래유형><건축년도>1991</건축년도><년>2023</년><도로명>갈현로29길</도로명><도로명건물본번호코드>00061</도로명건물본번호코드><도로명건물부번호코드>00000</도로명건물부번호코드><도로명시군구코드>11380</도로명시군구코드><도로명일련번호코드>01</도로명일련번호코드><도로명지상지하코드>0</도로명지상지하코드><도로명코드>4133029</도로명코드><법정동> 갈현동</법정동><법정동본번코드>0267</법정동본번코드><법정동부번코드>0001</법정동부번코드><법정동시군구코드>11380</법정동시군구코드><법정동읍면동코드>10400</법정동읍면동코드><법정동지번코드>1</법정동지번코드><아파트>라이프시티</아파트><월>1</월><일>5</일><일련번호>11380-27</일련번호><전용면적>64.63</전용면적><중개사소재지> </중개사소재지><지번>267-1</지번><지역코드>11380</지역코드><층>14</층><해제사유발생일> </해제사유발생일><해제여부> </해제여부></item><item><거래금액>    36,300</거래금액><거래유형>직거래</거래유형><건축년도>1973</건축년도><년>2023</년><도로명>연서로17길</도로명><도로명건물본번호코드>00012</도로명건물본번호코드><도로명건물부번호코드>00000</도로명건물부번호코드><도로명시군구코드>11380</도로명시군구코드><도로명일련번호코드>00</도로명일련번호코드><도로명지상지하코드>0</도로명지상지하코드><도로명코드>4133147</도로명코드><법정동> 갈현동</법정동><법정동본번코드>0467</법정동본번코드><법정동부번코드>0002</법정동부번코드><법정동시군구코드>11380</법정동시군구코드><법정동읍면동코드>10400</법정동읍면동코드><법정동지번코드>1</법정동지번코드><아파트>역촌맨션</아파트><월>1</월><일>6</일><일련번호>11380-185</일련번호><전용면적>65.75</전용면적><중개사소재지> </중개사소재지><지번>467-2</지번><지역코드>11380</지역코드><층>4</층><해제사유발생일> </해제사유발생일><해제여부> </해제여부></item><item><거래금액>    44,958</거래금액><거래유형>중개거래</거래유형><건축년도>2001</건축년도><년>2023</년><도로명>갈현로37길</도로명><도로명건물본번호코드>00064</도로명건물본번호코드><도로명건물부번호코드>00000</도로명건물부번호코드><도로명시군구코드>11380</도로명시군구코드><도로명일련번호코드>01</도로명일련번호코드><도로명지상지하코드>0</도로명지상지하코드><도로명코드>4133038</도로명코드><법정동> 갈현동</법정동><법정동본번코드>0281</법정동본번코드><법정동부번코드>0208</법정동부번코드><법정동시군구코드>11380</법정동시군구코드><법정동읍면동코드>10400</법정동읍면동코드><법정동지번코드>1</법정동지번코드><아파트>대양</아파트><월>1</월><일>29</일><일련번호>11380-25</일련번호><전용면적>68.4</전용면적><중개사소재지>서울 은평구</중개사소재지><지번>281-208</지번><지역코드>11380</지역코드><층>2</층><해제사유발생일> </해제사유발생일><해제여부> </해제여부></item><item><거래금액>    38,279</거래금액><거래유형>직거래</거래유형><건축년도>1973</건축년도><년>2023</년><도로명>연서로17길</도로명><도로명건물본번호코드>00012</도로명건물본번호코드><도로명건물부번호코드>00000</도로명건물부번호코드><도로명시군구코드>11380</도로명시군구코드><도로명일련번호코드>00</도로명일련번호코드><도로명지상지하코드>0</도로명지상지하코드><도로명코드>4133147</도로명코드><법정동> 갈현동</법정동><법정동본번코드>0467</법정동본번코드><법정동부번코드>0002</법정동부번코드><법정동시군구코드>11380</법정동시군구코드><법정동읍면동코드>10400</법정동읍면동코드><법정동지번코드>1</법정동지번코드><아파트>역촌맨션</아파트><월>1</월><일>30</일><일련번호>11380-185</일련번호><전용면적>65.78</전용면적><중개사소재지> </중개사소재지><지번>467-2</지번><지역코드>11380</지역코드><층>6</층><해제사유발생일> </해제사유발생일><해제여부> </해제여부></item><item><거래금액>    31,809</거래금액><거래유형>직거래</거래유형><건축년도>1973</건축년도><년>2023</년><도로명>연서로19길</도로명><도로명건물본번호코드>00009</도로명건물본번호코드><도로명건물부번호코드>00000</도로명건물부번호코드><도로명시군구코드>11380</도로명시군구코드><도로명일련번호코드>01</도로명일련번호코드><도로명지상지하코드>0</도로명지상지하코드><도로명코드>4133150</도로명코드><법정동> 갈현동</법정동><법정동본번코드>0467</법정동본번코드><법정동부번코드>0002</법정동부번코드><법정동시군구코드>11380</법정동시군구코드><법정동읍면동코드>10400</법정동읍면동코드><법정동지번코드>1</법정동지번코드><아파트>역촌맨션</아파트><월>1</월><일>30</일><일련번호>11380-185</일련번호><전용면적>53.2</전용면적><중개사소재지> </중개사소재지><지번>467-2</지번><지역코드>11380</지역코드><층>5</층><해제사유발생일> </해제사유발생일><해제여부> </해제여부></item><item><거래금액>    31,780</거래금액><거래유형>직거래</거래유형><건축년도>1973</건축년도><년>2023</년><도로명>연서로19길</도로명><도로명건물본번호코드>00009</도로명건물본번호코드><도로명건물부번호코드>00000</도로명건물부번호코드><도로명시군구코드>11380</도로명시군구코드><도로명일련번호코드>01</도로명일련번호코드><도로명지상지하코드>0</도로명지상지하코드><도로명코드>4133150</도로명코드><법정동> 갈현동</법정동><법정동본번코드>0467</법정동본번코드><법정동부번코드>0002</법정동부번코드><법정동시군구코드>11380</법정동시군구코드><법정동읍면동코드>10400</법정동읍면동코드><법정동지번코드>1</법정동지번코드><아파트>역촌맨션</아파트><월>1</월><일>30</일><일련번호>11380-185</일련번호><전용면적>53.87</전용면적><중개사소재지> </중개사소재지><지번>467-2</지번><지역코드>11380</지역코드><층>1</층><해제사유발생일> </해제사유발생일><해제여부> </해제여부></item><item><거래금액>    39,800</거래금액><거래유형>직거래</거래유형><건축년도>2008</건축년도><년>2023</년><도로명>서오릉로</도로명><도로명건물본번호코드>00181</도로명건물본번호코드><도로명건물부번호코드>00000</도로명건물부번호코드><도로명시군구코드>11380</도로명시군구코드><도로명일련번호코드>03</도로명일련번호코드><도로명지상지하코드>0</도로명지상지하코드><도로명코드>3000007</도로명코드><법정동> 구산동</법정동><법정동본번코드>0199</법정동본번코드><법정동부번코드>0024</법정동부번코드><법정동시군구코드>11380</법정동시군구코드><법정동읍면동코드>10500</법정동읍면동코드><법정동지번코드>1</법정동지번코드><아파트>신호(199-24)</아파트><월>1</월><일>9</일><일련번호>11380-7975</일련번호><전용면적>100.53</전용면적><중개사소재지> </중개사소재지><지번>199-24</지번><지역코드>11380</지역코드><층>2</층><해제사유발생일> </해제사유발생일><해제여부> </해제여부></item><item><거래금액>    58,500</거래금액><거래유형>중개거래</거래유형><건축년도>2022</건축년도><년>2023</년><도로명>서오릉로</도로명><도로명건물본번호코드>00253</도로명건물본번호코드><도로명건물부번호코드>00000</도로명건물부번호코드><도로명시군구코드>11380</도로명시군구코드><도로명일련번호코드>03</도로명일련번호코드><도로명지상지하코드>0</도로명지상지하코드><도로명코드>3000007</도로명코드><법정동> 구산동</법정동><법정동본번코드>0548</법정동본번코드><법정동부번코드>0000</법정동부번코드><법정동시군구코드>11380</법정동시군구코드><법정동읍면동코드>10500</법정동읍면동코드><법정동지번코드>1</법정동지번코드><아파트>은평서해그랑블</아파트><월>1</월><일>27</일><일련번호>11380-11181</일련번호><전용면적>72.0441</전용면적><중개사소재지>서울 은평구</중개사소재지><지번>548</지번><지역코드>11380</지역코드><층>2</층><해제사유발생일> </해제사유발생일><해제여부> </해제여부></item><item><거래금액>    38,700</거래금액><거래유형>중개거래</거래유형><건축년도>2016</건축년도><년>2023</년><도로명>서오릉로</도로명><도로명건물본번호코드>00267</도로명건물본번호코드><도로명건물부번호코드>00000</도로명건물부번호코드><도로명시군구코드>11380</도로명시군구코드><도로명일련번호코드>03</도로명일련번호코드><도로명지상지하코드>0</도로명지상지하코드><도로명코드>3000007</도로명코드><법정동> 구산동</법정동><법정동본번코드>0304</법정동본번코드><법정동부번코드>0001</법정동부번코드><법정동시군구코드>11380</법정동시군구코드><법정동읍면동코드>10500</법정동읍면동코드><법정동지번코드>1</법정동지번코드><아파트>세영아파트</아파트><월>1</월><일>31</일><일련번호>11380-10284</일련번호><전용면적>59.59</전용면적><중개사소재지>서울 은평구</중개사소재지><지번>304-1</지번><지역코드>11380</지역코드><층>4</층><해제사유발생일>23.03.15</해제사유발생일><해제여부>O</해제여부></item><item><거래금액>    40,000</거래금액><거래유형>중개거래</거래유형><건축년도>2021</건축년도><년>2023</년><도로명>진흥로</도로명><도로명건물본번호코드>00153</도로명건물본번호코드><도로명건물부번호코드>00000</도로명건물부번호코드><도로명시군구코드>11380</도로명시군구코드><도로명일련번호코드>00</도로명일련번호코드><도로명코드>3100020</도로명코드><법정동> 대조동</법정동><법정동본번코드>0026</법정동본번코드><법정동부번코드>0014</법정동부번코드><법정동시군구코드>11380</법정동시군구코드><법정동읍면동코드>10600</법정동읍면동코드><법정동지번코드>1</법정동지번코드><아파트>대경아르체아파트</아파트><월>1</월><일>2</일><일련번호>11380-11230</일련번호><전용면적>29.99</전용면적><중개사소재지>서울 은평구</중개사소재지><지번>26-14</지번><지역코드>11380</지역코드><층>9</층><해제사유발생일> </해제사유발생일><해제여부> </해제여부></item><item><거래금액>    17,000</거래금액><거래유형>중개거래</거래유형><건축년도>2020</건축년도><년>2023</년><도로명>연서로28길</도로명><도로명건물본번호코드>00012</도로명건물본번호코드><도로명건물부번호코드>00000</도로명건물부번호코드><도로명시군구코드>11380</도로명시군구코드><도로명일련번호코드>00</도로명일련번호코드><도로명코드>4133159</도로명코드><법정동> 대조동</법정동><법정동본번코드>0197</법정동본번코드><법정동부번코드>0003</법정동부번코드><법정동시군구코드>11380</법정동시군구코드><법정동읍면동코드>10600</법정동읍면동코드><법정동지번코드>1</법정동지번코드><아파트>메트하임</아파트><월>1</월><일>2</일><일련번호>11380-11072</일련번호><전용면적>14.03</전용면적><중개사소재지>서울 은평구</중개사소재지><지번>197-3</지번><지역코드>11380</지역코드><층>11</층><해제사유발생일> </해제사유발생일><해제여부> </해제여부></item><item><거래금액>    40,500</거래금액><거래유형>직거래</거래유형><건축년도>2021</건축년도><년>2023</년><도로명>진흥로</도로명><도로명건물본번호코드>00153</도로명건물본번호코드><도로명건물부번호코드>00000</도로명건물부번호코드><도로명시군구코드>11380</도로명시군구코드><도로명일련번호코드>00</도로명일련번호코드><도로명코드>3100020</도로명코드><법정동> 대조동</법정동><법정동본번코드>0026</법정동본번코드><법정동부번코드>0014</법정동부번코드><법정동시군구코드>11380</법정동시군구코드><법정동읍면동코드>10600</법정동읍면동코드><법정동지번코드>1</법정동지번코드><아파트>대경아르체아파트</아파트><월>1</월><일>3</일><일련번호>11380-11230</일련번호><전용면적>29.99</전용면적><중개사소재지> </중개사소재지><지번>26-14</지번><지역코드>11380</지역코드><층>10</층><해제사유발생일> </해제사유발생일><해제여부> </해제여부></item><item><거래금액>    11,500</거래금액><거래유형>중개거래</거래유형><건축년도>2014</건축년도><년>2023</년><도로명>통일로67길</도로명><도로명건물본번호코드>00009</도로명건물본번호코드><도로명건물부번호코드>00000</도로명건물부번호코드><도로명시군구코드>11380</도로명시군구코드><도로명일련번호코드>00</도로명일련번호코드><도로명코드>4133309</도로명코드><법정동> 대조동</법정동><법정동본번코드>0009</법정동본번코드><법정동부번코드>0014</법정동부번코드><법정동시군구코드>11380</법정동시군구코드><법정동읍면동코드>10600</법정동읍면동코드><법정동지번코드>1</법정동지번코드><아파트>주주베에이</아파트><월>1</월><일>16</일><일련번호>11380-9641</일련번호><전용면적>12.25</전용면적><중개사소재지>서울 은평구</중개사소재지><지번>9-14</지번><지역코드>11380</지역코드><층>7</층><해제사유발생일> </해제사유발생일><해제여부> </해제여부></item><item><거래금액>    11,700</거래금액><거래유형>중개거래</거래유형><건축년도>2013</건축년도><년>2023</년><도로명>통일로77길</도로명><도로명건물본번호코드>00006</도로명건물본번호코드><도로명건물부번호코드>00000</도로명건물부번호코드><도로명시군구코드>11380</도로명시군구코드><도로명일련번호코드>01</도로명일련번호코드><도로명지상지하코드>0</도로명지상지하코드><도로명코드>4133318</도로명코드><법정동> 대조동</법정동><법정동본번코드>0186</법정동본번코드><법정동부번코드>0044</법정동부번코드><법정동시군구코드>11380</법정동시군구코드><법정동읍면동코드>10600</법정동읍면동코드><법정동지번코드>1</법정동지번코드><아파트>YS홈타운</아파트><월>1</월><일>18</일><일련번호>11380-9375</일련번호><전용면적>12.39</전용면적><중개사소재지>서울 은평구</중개사소재지><지번>186-44</지번><지역코드>11380</지역코드><층>5</층><해제사유발생일> </해제사유발생일><해제여부> </해제여부></item><item><거래금액>    30,000</거래금액><거래유형>중개거래</거래유형><건축년도>2018</건축년도><년>2023</년><도로명>불광로</도로명><도로명건물본번호코드>00009</도로명건물본번호코드><도로명건물부번호코드>00001</도로명건물부번호코드><도로명시군구코드>11380</도로명시군구코드><도로명일련번호코드>00</도로명일련번호코드><도로명지상지하코드>0</도로명지상지하코드><도로명코드>3111004</도로명코드><법정동> 대조동</법정동><법정동본번코드>0012</법정동본번코드><법정동부번코드>0008</법정동부번코드><법정동시군구코드>11380</법정동시군구코드><법정동읍면동코드>10600</법정동읍면동코드><법정동지번코드>1</법정동지번코드><아파트>효민아크로뷰</아파트><월>1</월><일>18</일><일련번호>11380-10878</일련번호><전용면적>27.51</전용면적><중개사소재지>서울 은평구</중개사소재지><지번>12-8</지번><지역코드>11380</지역코드><층>9</층><해제사유발생일> </해제사유발생일><해제여부> </해제여부></item><item><거래금액>    19,000</거래금액><거래유형>중개거래</거래유형><건축년도>2012</건축년도><년>2023</년><도로명>통일로</도로명><도로명건물본번호코드>00749</도로명건물본번호코드><도로명건물부번호코드>00007</도로명건물부번호코드><도로명시군구코드>11380</도로명시군구코드><도로명일련번호코드>04</도로명일련번호코드><도로명지상지하코드>0</도로명지상지하코드><도로명코드>3000008</도로명코드><법정동> 대조동</법정동><법정동본번코드>0004</법정동본번코드><법정동부번코드>0011</법정동부번코드><법정동시군구코드>11380</법정동시군구코드><법정동읍면동코드>10600</법정동읍면동코드><법정동지번코드>1</법정동지번코드><아파트>벽산메트로시티</아파트><월>1</월><일>19</일><일련번호>11380-9233</일련번호><전용면적>23.02</전용면적><중개사소재지>서울 은평구</중개사소재지><지번>4-11</지번><지역코드>11380</지역코드><층>10</층><해제사유발생일> </해제사유발생일><해제여부> </해제여부></item><item><거래금액>   112,500</거래금액><거래유형>중개거래</거래유형><건축년도>2021</건축년도><년>2023</년><도로명>은평로</도로명><도로명건물본번호코드>00220</도로명건물본번호코드><도로명건물부번호코드>00000</도로명건물부번호코드><도로명시군구코드>11380</도로명시군구코드><도로명일련번호코드>01</도로명일련번호코드><도로명코드>3111007</도로명코드><법정동> 응암동</법정동><법정동본번코드>0769</법정동본번코드><법정동부번코드>0000</법정동부번코드><법정동시군구코드>11380</법정동시군구코드><법정동읍면동코드>10700</법정동읍면동코드><법정동지번코드>1</법정동지번코드><아파트>녹번역e편한세상캐슬</아파트><월>1</월><일>3</일><일련번호>11380-11078</일련번호><전용면적>99.76</전용면적><중개사소재지>서울 은평구</중개사소재지><지번>769</지번><지역코드>11380</지역코드><층>7</층><해제사유발생일> </해제사유발생일><해제여부> </해제여부></item><item><거래금액>    38,000</거래금액><거래유형>중개거래</거래유형><건축년도>1990</건축년도><년>2023</년><도로명>백련산로</도로명><도로명건물본번호코드>00127</도로명건물본번호코드><도로명건물부번호코드>00000</도로명건물부번호코드><도로명시군구코드>11380</도로명시군구코드><도로명일련번호코드>01</도로명일련번호코드><도로명지상지하코드>0</도로명지상지하코드><도로명코드>3111003</도로명코드><법정동> 응암동</법정동><법정동본번코드>0197</법정동본번코드><법정동부번코드>0078</법정동부번코드><법정동시군구코드>11380</법정동시군구코드><법정동읍면동코드>10700</법정동읍면동코드><법정동지번코드>1</법정동지번코드><아파트>신동아</아파트><월>1</월><일>7</일><일련번호>11380-57</일련번호><전용면적>52.71</전용면적><중개사소재지>서울 마포구</중개사소재지><지번>197-78</지번><지역코드>11380</지역코드><층>8</층><해제사유발생일> </해제사유발생일><해제여부> </해제여부></item><item><거래금액>    75,000</거래금액><거래유형>중개거래</거래유형><건축년도>2021</건축년도><년>2023</년><도로명>은평로</도로명><도로명건물본번호코드>00220</도로명건물본번호코드><도로명건물부번호코드>00000</도로명건물부번호코드><도로명시군구코드>11380</도로명시군구코드><도로명일련번호코드>01</도로명일련번호코드><도로명코드>3111007</도로명코드><법정동> 응암동</법정동><법정동본번코드>0769</법정동본번코드><법정동부번코드>0000</법정동부번코드><법정동시군구코드>11380</법정동시군구코드><법정동읍면동코드>10700</법정동읍면동코드><법정동지번코드>1</법정동지번코드><아파트>녹번역e편한세상캐슬</아파트><월>1</월><일>11</일><일련번호>11380-11078</일련번호><전용면적>59.96</전용면적><중개사소재지>서울 은평구</중개사소재지><지번>769</지번><지역코드>11380</지역코드><층>3</층><해제사유발생일> </해제사유발생일><해제여부> </해제여부></item><item><거래금액>    83,000</거래금액><거래유형>중개거래</거래유형><건축년도>2021</건축년도><년>2023</년><도로명>은평로</도로명><도로명건물본번호코드>00220</도로명건물본번호코드><도로명건물부번호코드>00000</도로명건물부번호코드><도로명시군구코드>11380</도로명시군구코드><도로명일련번호코드>01</도로명일련번호코드><도로명코드>3111007</도로명코드><법정동> 응암동</법정동><법정동본번코드>0769</법정동본번코드><법정동부번코드>0000</법정동부번코드><법정동시군구코드>11380</법정동시군구코드><법정동읍면동코드>10700</법정동읍면동코드><법정동지번코드>1</법정동지번코드><아파트>녹번역e편한세상캐슬</아파트><월>1</월><일>12</일><일련번호>11380-11078</일련번호><전용면적>59.96</전용면적><중개사소재지>서울 은평구</중개사소재지><지번>769</지번><지역코드>11380</지역코드><층>13</층><해제사유발생일> </해제사유발생일><해제여부> </해제여부></item><item><거래금액>    75,000</거래금액><거래유형>중개거래</거래유형><건축년도>2021</건축년도><년>2023</년><도로명>백련산로</도로명><도로명건물본번호코드>00067</도로명건물본번호코드><도로명건물부번호코드>00000</도로명건물부번호코드><도로명시군구코드>11380</도로명시군구코드><도로명일련번호코드>01</도로명일련번호코드><도로명코드>3111003</도로명코드><법정동> 응암동</법정동><법정동본번코드>0766</법정동본번코드><법정동부번코드>0000</법정동부번코드><법정동시군구코드>11380</법정동시군구코드><법정동읍면동코드>10700</법정동읍면동코드><법정동지번코드>1</법정동지번코드><아파트>백련산파크자이</아파트><월>1</월><일>17</일><일련번호>11380-10961</일련번호><전용면적>59.789</전용면적><중개사소재지>서울 은평구</중개사소재지><지번>766</지번><지역코드>11380</지역코드><층>10</층><해제사유발생일> </해제사유발생일><해제여부> </해제여부></item><item><거래금액>    70,000</거래금액><거래유형>중개거래</거래유형><건축년도>2021</건축년도><년>2023</년><도로명>백련산로</도로명><도로명건물본번호코드>00067</도로명건물본번호코드><도로명건물부번호코드>00000</도로명건물부번호코드><도로명시군구코드>11380</도로명시군구코드><도로명일련번호코드>01</도로명일련번호코드><도로명코드>3111003</도로명코드><법정동> 응암동</법정동><법정동본번코드>0766</법정동본번코드><법정동부번코드>0000</법정동부번코드><법정동시군구코드>11380</법정동시군구코드><법정동읍면동코드>10700</법정동읍면동코드><법정동지번코드>1</법정동지번코드><아파트>백련산파크자이</아파트><월>1</월><일>17</일><일련번호>11380-10961</일련번호><전용면적>59.789</전용면적><중개사소재지>서울 은평구</중개사소재지><지번>766</지번><지역코드>11380</지역코드><층>8</층><해제사유발생일> </해제사유발생일><해제여부> </해제여부></item><item><거래금액>   101,000</거래금액><거래유형>중개거래</거래유형><건축년도>2021</건축년도><년>2023</년><도로명>은평로</도로명><도로명건물본번호코드>00220</도로명건물본번호코드><도로명건물부번호코드>00000</도로명건물부번호코드><도로명시군구코드>11380</도로명시군구코드><도로명일련번호코드>01</도로명일련번호코드><도로명코드>3111007</도로명코드><법정동> 응암동</법정동><법정동본번코드>0769</법정동본번코드><법정동부번코드>0000</법정동부번코드><법정동시군구코드>11380</법정동시군구코드><법정동읍면동코드>10700</법정동읍면동코드><법정동지번코드>1</법정동지번코드><아파트>녹번역e편한세상캐슬</아파트><월>1</월><일>18</일><일련번호>11380-11078</일련번호><전용면적>84.97</전용면적><중개사소재지>서울 은평구</중개사소재지><지번>769</지번><지역코드>11380</지역코드><층>11</층><해제사유발생일> </해제사유발생일><해제여부> </해제여부></item><item><거래금액>    72,500</거래금액><거래유형>중개거래</거래유형><건축년도>2022</건축년도><년>2023</년><도로명>은평로</도로명><도로명건물본번호코드>00240</도로명건물본번호코드><도로명건물부번호코드>00000</도로명건물부번호코드><도로명시군구코드>11380</도로명시군구코드><도로명일련번호코드>00</도로명일련번호코드><도로명코드>3111007</도로명코드><법정동> 응암동</법정동><법정동본번코드>0770</법정동본번코드><법정동부번코드>0000</법정동부번코드><법정동시군구코드>11380</법정동시군구코드><법정동읍면동코드>10700</법정동읍면동코드><법정동지번코드>1</법정동지번코드><아파트>힐스테이트녹번역</아파트><월>1</월><일>27</일><일련번호>11380-11169</일련번호><전용면적>59.99</전용면적><중개사소재지>서울 은평구</중개사소재지><지번>770</지번><지역코드>11380</지역코드><층>2</층><해제사유발생일> </해제사유발생일><해제여부> </해제여부></item><item><거래금액>    79,000</거래금액><거래유형>중개거래</거래유형><건축년도>2021</건축년도><년>2023</년><도로명>은평로</도로명><도로명건물본번호코드>00220</도로명건물본번호코드><도로명건물부번호코드>00000</도로명건물부번호코드><도로명시군구코드>11380</도로명시군구코드><도로명일련번호코드>01</도로명일련번호코드><도로명코드>3111007</도로명코드><법정동> 응암동</법정동><법정동본번코드>0769</법정동본번코드><법정동부번코드>0000</법정동부번코드><법정동시군구코드>11380</법정동시군구코드><법정동읍면동코드>10700</법정동읍면동코드><법정동지번코드>1</법정동지번코드><아파트>녹번역e편한세상캐슬</아파트><월>1</월><일>28</일><일련번호>11380-11078</일련번호><전용면적>59.96</전용면적><중개사소재지>서울 은평구</중개사소재지><지번>769</지번><지역코드>11380</지역코드><층>11</층><해제사유발생일> </해제사유발생일><해제여부> </해제여부></item><item><거래금액>    79,500</거래금액><거래유형>중개거래</거래유형><건축년도>2021</건축년도><년>2023</년><도로명>은평로</도로명><도로명건물본번호코드>00220</도로명건물본번호코드><도로명건물부번호코드>00000</도로명건물부번호코드><도로명시군구코드>11380</도로명시군구코드><도로명일련번호코드>01</도로명일련번호코드><도로명코드>3111007</도로명코드><법정동> 응암동</법정동><법정동본번코드>0769</법정동본번코드><법정동부번코드>0000</법정동부번코드><법정동시군구코드>11380</법정동시군구코드><법정동읍면동코드>10700</법정동읍면동코드><법정동지번코드>1</법정동지번코드><아파트>녹번역e편한세상캐슬</아파트><월>1</월><일>29</일><일련번호>11380-11078</일련번호><전용면적>59.96</전용면적><중개사소재지>서울 은평구</중개사소재지><지번>769</지번><지역코드>11380</지역코드><층>6</층><해제사유발생일> </해제사유발생일><해제여부> </해제여부></item><item><거래금액>    57,000</거래금액><거래유형>중개거래</거래유형><건축년도>2021</건축년도><년>2023</년><도로명>백련산로</도로명><도로명건물본번호코드>00067</도로명건물본번호코드><도로명건물부번호코드>00000</도로명건물부번호코드><도로명시군구코드>11380</도로명시군구코드><도로명일련번호코드>01</도로명일련번호코드><도로명코드>3111003</도로명코드><법정동> 응암동</법정동><법정동본번코드>0766</법정동본번코드><법정동부번코드>0000</법정동부번코드><법정동시군구코드>11380</법정동시군구코드><법정동읍면동코드>10700</법정동읍면동코드><법정동지번코드>1</법정동지번코드><아파트>백련산파크자이</아파트><월>1</월><일>29</일><일련번호>11380-10961</일련번호><전용면적>49.759</전용면적><중개사소재지>서울 은평구</중개사소재지><지번>766</지번><지역코드>11380</지역코드><층>9</층><해제사유발생일> </해제사유발생일><해제여부> </해제여부></item><item><거래금액>    70,000</거래금액><거래유형>중개거래</거래유형><건축년도>2021</건축년도><년>2023</년><도로명>백련산로</도로명><도로명건물본번호코드>00067</도로명건물본번호코드><도로명건물부번호코드>00000</도로명건물부번호코드><도로명시군구코드>11380</도로명시군구코드><도로명일련번호코드>01</도로명일련번호코드><도로명코드>3111003</도로명코드><법정동> 응암동</법정동><법정동본번코드>0766</법정동본번코드><법정동부번코드>0000</법정동부번코드><법정동시군구코드>11380</법정동시군구코드><법정동읍면동코드>10700</법정동읍면동코드><법정동지번코드>1</법정동지번코드><아파트>백련산파크자이</아파트><월>1</월><일>29</일><일련번호>11380-10961</일련번호><전용면적>59.789</전용면적><중개사소재지>서울 은평구</중개사소재지><지번>766</지번><지역코드>11380</지역코드><층>9</층><해제사유발생일> </해제사유발생일><해제여부> </해제여부></item><item><거래금액>    95,000</거래금액><거래유형>직거래</거래유형><건축년도>2018</건축년도><년>2023</년><도로명>백련산로</도로명><도로명건물본번호코드>00037</도로명건물본번호코드><도로명건물부번호코드>00000</도로명건물부번호코드><도로명시군구코드>11380</도로명시군구코드><도로명일련번호코드>00</도로명일련번호코드><도로명코드>3111003</도로명코드><법정동> 응암동</법정동><법정동본번코드>0764</법정동본번코드><법정동부번코드>0000</법정동부번코드><법정동시군구코드>11380</법정동시군구코드><법정동읍면동코드>10700</법정동읍면동코드><법정동지번코드>1</법정동지번코드><아파트>백련산힐스테이트4차</아파트><월>1</월><일>30</일><일련번호>11380-10719</일련번호><전용면적>84.98</전용면적><중개사소재지> </중개사소재지><지번>764</지번><지역코드>11380</지역코드><층>18</층><해제사유발생일> </해제사유발생일><해제여부> </해제여부></item><item><거래금액>    54,500</거래금액><거래유형>중개거래</거래유형><건축년도>2006</건축년도><년>2023</년><도로명>증산로19길</도로명><도로명건물본번호코드>00003</도로명건물본번호코드><도로명건물부번호코드>00000</도로명건물부번호코드><도로명시군구코드>11380</도로명시군구코드><도로명일련번호코드>01</도로명일련번호코드><도로명지상지하코드>0</도로명지상지하코드><도로명코드>4133258</도로명코드><법정동> 신사동</법정동><법정동본번코드>0035</법정동본번코드><법정동부번코드>0002</법정동부번코드><법정동시군구코드>11380</법정동시군구코드><법정동읍면동코드>10900</법정동읍면동코드><법정동지번코드>1</법정동지번코드><아파트>선정(35-2)</아파트><월>1</월><일>8</일><일련번호>11380-7744</일련번호><전용면적>73.43</전용면적><중개사소재지>서울 은평구</중개사소재지><지번>35-2</지번><지역코드>11380</지역코드><층>7</층><해제사유발생일> </해제사유발생일><해제여부> </해제여부></item><item><거래금액>    55,500</거래금액><거래유형>중개거래</거래유형><건축년도>1997</건축년도><년>2023</년><도로명>은평터널로</도로명><도로명건물본번호코드>00164</도로명건물본번호코드><도로명건물부번호코드>00000</도로명건물부번호코드><도로명시군구코드>11380</도로명시군구코드><도로명일련번호코드>02</도로명일련번호코드><도로명지상지하코드>0</도로명지상지하코드><도로명코드>3111008</도로명코드><법정동> 신사동</법정동><법정동본번코드>0359</법정동본번코드><법정동부번코드>0000</법정동부번코드><법정동시군구코드>11380</법정동시군구코드><법정동읍면동코드>10900</법정동읍면동코드><법정동지번코드>1</법정동지번코드><아파트>현대1</아파트><월>1</월><일>10</일><일련번호>11380-73</일련번호><전용면적>84.17</전용면적><중개사소재지>서울 은평구</중개사소재지><지번>359</지번><지역코드>11380</지역코드><층>10</층><해제사유발생일>23.01.30</해제사유발생일><해제여부>O</해제여부></item><item><거래금액>    40,000</거래금액><거래유형>중개거래</거래유형><건축년도>1993</건축년도><년>2023</년><도로명>가좌로</도로명><도로명건물본번호코드>00391</도로명건물본번호코드><도로명건물부번호코드>00000</도로명건물부번호코드><도로명시군구코드>11380</도로명시군구코드><도로명일련번호코드>02</도로명일련번호코드><도로명지상지하코드>0</도로명지상지하코드><도로명코드>3005053</도로명코드><법정동> 신사동</법정동><법정동본번코드>0297</법정동본번코드><법정동부번코드>0000</법정동부번코드><법정동시군구코드>11380</법정동시군구코드><법정동읍면동코드>10900</법정동읍면동코드><법정동지번코드>1</법정동지번코드><아파트>신사씨티</아파트><월>1</월><일>19</일><일련번호>11380-72</일련번호><전용면적>58.09</전용면적><중개사소재지>서울 은평구</중개사소재지><지번>297</지번><지역코드>11380</지역코드><층>13</층><해제사유발생일> </해제사유발생일><해제여부> </해제여부></item><item><거래금액>    93,500</거래금액><거래유형>중개거래</거래유형><건축년도>2023</건축년도><년>2023</년><도로명>수색로</도로명><도로명건물본번호코드>00200</도로명건물본번호코드><도로명건물부번호코드>00000</도로명건물부번호코드><도로명시군구코드>11380</도로명시군구코드><도로명일련번호코드>02</도로명일련번호코드><도로명지상지하코드>0</도로명지상지하코드><도로명코드>3005054</도로명코드><법정동> 증산동</법정동><법정동본번코드>0258</법정동본번코드><법정동부번코드>0000</법정동부번코드><법정동시군구코드>11380</법정동시군구코드><법정동읍면동코드>11000</법정동읍면동코드><법정동지번코드>1</법정동지번코드><아파트>DMC센트럴자이(4단지)</아파트><월>1</월><일>20</일><일련번호>11380-11268</일련번호><전용면적>55.74</전용면적><중개사소재지>서울 은평구</중개사소재지><지번>258</지번><지역코드>11380</지역코드><층>22</층><해제사유발생일> </해제사유발생일><해제여부> </해제여부></item><item><거래금액>    24,800</거래금액><거래유형>중개거래</거래유형><건축년도>2017</건축년도><년>2023</년><도로명>통일로</도로명><도로명건물본번호코드>01080</도로명건물본번호코드><도로명건물부번호코드>00000</도로명건물부번호코드><도로명시군구코드>11380</도로명시군구코드><도로명일련번호코드>00</도로명일련번호코드><도로명지상지하코드>0</도로명지상지하코드><도로명코드>3000008</도로명코드><법정동> 진관동</법정동><법정동본번코드>0060</법정동본번코드><법정동부번코드>0000</법정동부번코드><법정동시군구코드>11380</법정동시군구코드><법정동읍면동코드>11400</법정동읍면동코드><법정동지번코드>1</법정동지번코드><아파트>은평뉴타운솔하임</아파트><월>1</월><일>7</일><일련번호>11380-10714</일련번호><전용면적>19.839</전용면적><중개사소재지>서울 은평구</중개사소재지><지번>60</지번><지역코드>11380</지역코드><층>19</층><해제사유발생일>23.01.12</해제사유발생일><해제여부>O</해제여부></item><item><거래금액>    24,800</거래금액><거래유형>중개거래</거래유형><건축년도>2017</건축년도><년>2023</년><도로명>통일로</도로명><도로명건물본번호코드>01080</도로명건물본번호코드><도로명건물부번호코드>00000</도로명건물부번호코드><도로명시군구코드>11380</도로명시군구코드><도로명일련번호코드>00</도로명일련번호코드><도로명지상지하코드>0</도로명지상지하코드><도로명코드>3000008</도로명코드><법정동> 진관동</법정동><법정동본번코드>0060</법정동본번코드><법정동부번코드>0000</법정동부번코드><법정동시군구코드>11380</법정동시군구코드><법정동읍면동코드>11400</법정동읍면동코드><법정동지번코드>1</법정동지번코드><아파트>은평뉴타운솔하임</아파트><월>1</월><일>7</일><일련번호>11380-10714</일련번호><전용면적>19.839</전용면적><중개사소재지>서울 은평구</중개사소재지><지번>60</지번><지역코드>11380</지역코드><층>19</층><해제사유발생일> </해제사유발생일><해제여부> </해제여부></item><item><거래금액>    70,000</거래금액><거래유형>직거래</거래유형><건축년도>2010</건축년도><년>2023</년><도로명>연서로</도로명><도로명건물본번호코드>00455</도로명건물본번호코드><도로명건물부번호코드>00000</도로명건물부번호코드><도로명시군구코드>11380</도로명시군구코드><도로명일련번호코드>06</도로명일련번호코드><도로명지상지하코드>0</도로명지상지하코드><도로명코드>3111006</도로명코드><법정동> 진관동</법정동><법정동본번코드>0092</법정동본번코드><법정동부번코드>0000</법정동부번코드><법정동시군구코드>11380</법정동시군구코드><법정동읍면동코드>11400</법정동읍면동코드><법정동지번코드>1</법정동지번코드><아파트>은평뉴타운 제각말 푸르지오(5-4단지)</아파트><월>1</월><일>9</일><일련번호>11380-8666</일련번호><전용면적>84.89</전용면적><중개사소재지> </중개사소재지><지번>92</지번><지역코드>11380</지역코드><층>2</층><해제사유발생일> </해제사유발생일><해제여부> </해제여부></item><item><거래금액>    70,000</거래금액><거래유형>중개거래</거래유형><건축년도>2008</건축년도><년>2023</년><도로명>진관4로</도로명><도로명건물본번호코드>00100</도로명건물본번호코드><도로명건물부번호코드>00000</도로명건물부번호코드><도로명시군구코드>11380</도로명시군구코드><도로명일련번호코드>01</도로명일련번호코드><도로명지상지하코드>0</도로명지상지하코드><도로명코드>3111012</도로명코드><법정동> 진관동</법정동><법정동본번코드>0002</법정동본번코드><법정동부번코드>0000</법정동부번코드><법정동시군구코드>11380</법정동시군구코드><법정동읍면동코드>11400</법정동읍면동코드><법정동지번코드>1</법정동지번코드><아파트>상림마을6단지푸르지오(606~614동)BL1-7</아파트><월>1</월><일>12</일><일련번호>11380-8019</일련번호><전용면적>84.79</전용면적><중개사소재지>서울 은평구</중개사소재지><지번>2</지번><지역코드>11380</지역코드><층>2</층><해제사유발생일> </해제사유발생일><해제여부> </해제여부></item><item><거래금액>    90,000</거래금액><거래유형>중개거래</거래유형><건축년도>2008</건축년도><년>2023</년><도로명>진관4로</도로명><도로명건물본번호코드>00048</도로명건물본번호코드><도로명건물부번호코드>00050</도로명건물부번호코드><도로명시군구코드>11380</도로명시군구코드><도로명일련번호코드>01</도로명일련번호코드><도로명지상지하코드>0</도로명지상지하코드><도로명코드>3111012</도로명코드><법정동> 진관동</법정동><법정동본번코드>0011</법정동본번코드><법정동부번코드>0000</법정동부번코드><법정동시군구코드>11380</법정동시군구코드><법정동읍면동코드>11400</법정동읍면동코드><법정동지번코드>1</법정동지번코드><아파트>상림마을7단지아이파크(719~729동)BL1-13</아파트><월>1</월><일>13</일><일련번호>11380-8172</일련번호><전용면적>134.91</전용면적><중개사소재지>서울 은평구</중개사소재지><지번>11</지번><지역코드>11380</지역코드><층>7</층><해제사유발생일> </해제사유발생일><해제여부> </해제여부></item><item><거래금액>    77,000</거래금액><거래유형>중개거래</거래유형><건축년도>2009</건축년도><년>2023</년><도로명>진관2로</도로명><도로명건물본번호코드>00077</도로명건물본번호코드><도로명건물부번호코드>00000</도로명건물부번호코드><도로명시군구코드>11380</도로명시군구코드><도로명일련번호코드>01</도로명일련번호코드><도로명지상지하코드>0</도로명지상지하코드><도로명코드>3111010</도로명코드><법정동> 진관동</법정동><법정동본번코드>0083</법정동본번코드><법정동부번코드>0000</법정동부번코드><법정동시군구코드>11380</법정동시군구코드><법정동읍면동코드>11400</법정동읍면동코드><법정동지번코드>1</법정동지번코드><아파트>우물골2단지두산위브(204~208동)BL2-5</아파트><월>1</월><일>13</일><일련번호>11380-8505</일련번호><전용면적>84.51</전용면적><중개사소재지>서울 은평구</중개사소재지><지번>83</지번><지역코드>11380</지역코드><층>3</층><해제사유발생일> </해제사유발생일><해제여부> </해제여부></item><item><거래금액>    60,000</거래금액><거래유형>중개거래</거래유형><건축년도>2017</건축년도><년>2023</년><도로명>진관3로</도로명><도로명건물본번호코드>00021</도로명건물본번호코드><도로명건물부번호코드>00000</도로명건물부번호코드><도로명시군구코드>11380</도로명시군구코드><도로명일련번호코드>00</도로명일련번호코드><도로명지상지하코드>0</도로명지상지하코드><도로명코드>3111011</도로명코드><법정동> 진관동</법정동><법정동본번코드>0065</법정동본번코드><법정동부번코드>0000</법정동부번코드><법정동시군구코드>11380</법정동시군구코드><법정동읍면동코드>11400</법정동읍면동코드><법정동지번코드>1</법정동지번코드><아파트>은평뉴타운엘크루</아파트><월>1</월><일>14</일><일련번호>11380-10527</일련번호><전용면적>59.98</전용면적><중개사소재지>서울 성북구</중개사소재지><지번>65</지번><지역코드>11380</지역코드><층>6</층><해제사유발생일> </해제사유발생일><해제여부> </해제여부></item><item><거래금액>    73,000</거래금액><거래유형>중개거래</거래유형><건축년도>2018</건축년도><년>2023</년><도로명>진관3로</도로명><도로명건물본번호코드>00033</도로명건물본번호코드><도로명건물부번호코드>00000</도로명건물부번호코드><도로명시군구코드>11380</도로명시군구코드><도로명일련번호코드>01</도로명일련번호코드><도로명지상지하코드>0</도로명지상지하코드><도로명코드>3111011</도로명코드><법정동> 진관동</법정동><법정동본번코드>0066</법정동본번코드><법정동부번코드>0000</법정동부번코드><법정동시군구코드>11380</법정동시군구코드><법정동읍면동코드>11400</법정동읍면동코드><법정동지번코드>1</법정동지번코드><아파트>은평뉴타운꿈에그린</아파트><월>1</월><일>14</일><일련번호>11380-10798</일련번호><전용면적>59.92</전용면적><중개사소재지>서울 은평구</중개사소재지><지번>66</지번><지역코드>11380</지역코드><층>14</층><해제사유발생일> </해제사유발생일><해제여부> </해제여부></item><item><거래금액>    67,000</거래금액><거래유형>중개거래</거래유형><건축년도>2008</건축년도><년>2023</년><도로명>진관4로</도로명><도로명건물본번호코드>00107</도로명건물본번호코드><도로명건물부번호코드>00000</도로명건물부번호코드><도로명시군구코드>11380</도로명시군구코드><도로명일련번호코드>01</도로명일련번호코드><도로명지상지하코드>0</도로명지상지하코드><도로명코드>3111012</도로명코드><법정동> 진관동</법정동><법정동본번코드>0001</법정동본번코드><법정동부번코드>0000</법정동부번코드><법정동시군구코드>11380</법정동시군구코드><법정동읍면동코드>11400</법정동읍면동코드><법정동지번코드>1</법정동지번코드><아파트>상림마을6단지푸르지오(615~621동)BL1-6</아파트><월>1</월><일>15</일><일련번호>11380-8018</일련번호><전용면적>84.79</전용면적><중개사소재지>서울 은평구</중개사소재지><지번>1</지번><지역코드>11380</지역코드><층>3</층><해제사유발생일> </해제사유발생일><해제여부> </해제여부></item><item><거래금액>   112,000</거래금액><거래유형>중개거래</거래유형><건축년도>2009</건축년도><년>2023</년><도로명>진관2로</도로명><도로명건물본번호코드>00090</도로명건물본번호코드><도로명건물부번호코드>00000</도로명건물부번호코드><도로명시군구코드>11380</도로명시군구코드><도로명일련번호코드>01</도로명일련번호코드><도로명지상지하코드>0</도로명지상지하코드><도로명코드>3111010</도로명코드><법정동> 진관동</법정동><법정동본번코드>0107</법정동본번코드><법정동부번코드>0000</법정동부번코드><법정동시군구코드>11380</법정동시군구코드><법정동읍면동코드>11400</법정동읍면동코드><법정동지번코드>1</법정동지번코드><아파트>마고정3단지센트레빌(310~322동)BL2-3</아파트><월>1</월><일>16</일><일련번호>11380-8489</일련번호><전용면적>167.14</전용면적><중개사소재지>서울 은평구</중개사소재지><지번>107</지번><지역코드>11380</지역코드><층>7</층><해제사유발생일> </해제사유발생일><해제여부> </해제여부></item><item><거래금액>   101,000</거래금액><거래유형>중개거래</거래유형><건축년도>2009</건축년도><년>2023</년><도로명>진관1로</도로명><도로명건물본번호코드>00021</도로명건물본번호코드><도로명건물부번호코드>00010</도로명건물부번호코드><도로명시군구코드>11380</도로명시군구코드><도로명일련번호코드>01</도로명일련번호코드><도로명지상지하코드>0</도로명지상지하코드><도로명코드>3111009</도로명코드><법정동> 진관동</법정동><법정동본번코드>0102</법정동본번코드><법정동부번코드>0000</법정동부번코드><법정동시군구코드>11380</법정동시군구코드><법정동읍면동코드>11400</법정동읍면동코드><법정동지번코드>1</법정동지번코드><아파트>박석고개1단지힐스테이트(116~131동)BL2-1</아파트><월>1</월><일>19</일><일련번호>11380-8392</일련번호><전용면적>101.76</전용면적><중개사소재지>서울 은평구</중개사소재지><지번>102</지번><지역코드>11380</지역코드><층>8</층><해제사유발생일> </해제사유발생일><해제여부> </해제여부></item></items><numOfRows>999</numOfRows><pageNo>1</pageNo><totalCount>58</totalCount></body></response>