<?xml version="1.0" encoding="UTF-8" standalone="yes"?><response><header><resultCode>00</resultCode><resultMsg>NORMAL SERVICE.</resultMsg></header><body><items><item><거래금액>   135,000</거래금액><거래유형>중개거래</거래유형><건축년도>2019</건축년도><년>2022</년><도로명>공항대로</도로명><도로명건물본번호코드>00583</도로명건물본번호코드><도로명건물부번호코드>00000</도로명건물부번호코드><도로명시군구코드>11500</도로명시군구코드><도로명일련번호코드>01</도로명일련번호코드><도로명지상지하코드>0</도로명지상지하코드><도로명코드>2005007</도로명코드><법정동> 염창동</법정동><법정동본번코드>0309</법정동본번코드><법정동부번코드>0000</법정동부번코드><법정동시군구코드>11500</법정동시군구코드><법정동읍면동코드>10100</법정동읍면동코드><법정동지번코드>1</법정동지번코드><아파트>e편한세상염창</아파트><월>11</월><일>1</일><일련번호>11500-7907</일련번호><전용면적>84.9529</전용면적><중개사소재지>서울 영등포구</중개사소재지><지번>309</지번><지역코드>11500</지역코드><층>3</층><해제사유발생일> </해제사유발생일><해제여부> </해제여부></item><item><거래금액>    95,000</거래금액><거래유형>중개거래</거래유형><건축년도>1998</건축년도><년>2022</년><도로명>양천로69길</도로명><도로명건물본번호코드>00058</도로명건물본번호코드><도로명건물부번호코드>00000</도로명건물부번호코드><도로명시군구코드>11500</도로명시군구코드><도로명일련번호코드>01</도로명일련번호코드><도로명지상지하코드>0</도로명지상지하코드><도로명코드>4145423</도로명코드><법정동> 염창동</법정동><법정동본번코드>0292</법정동본번코드><법정동부번코드>0000</법정동부번코드><법정동시군구코드>11500</법정동시군구코드><법정동읍면동코드>10100</법정동읍면동코드><법정동지번코드>1</법정동지번코드><아파트>동아</아파트><월>11</월><일>2</일><일련번호>11500-6</일련번호><전용면적>84.95</전용면적><중개사소재지>서울 강서구</중개사소재지><지번>292</지번><지역코드>11500</지역코드><층>7</층><해제사유발생일> </해제사유발생일><해제여부> </해제여부></item><item><거래금액>   105,000</거래금액><거래유형>직거래</거래유형><건축년도>1999</건축년도><년>2022</년><도로명>공항대로75길</도로명><도로명건물본번호코드>00042</도로명건물본번호코드><도로명건물부번호코드>00000</도로명건물부번호코드><도로명시군구코드>11500</도로명시군구코드><도로명일련번호코드>01</도로명일련번호코드><도로명지상지하코드>0</도로명지상지하코드><도로명코드>4145217</도로명코드><법정동> 염창동</법정동><법정동본번코드>0262</법정동본번코드><법정동부번코드>0002</법정동부번코드><법정동시군구코드>11500</법정동시군구코드><법정동읍면동코드>10100</법정동읍면동코드><법정동지번코드>1</법정동지번코드><아파트>대림</아파트><월>11</월><일>7</일><일련번호>11500-5</일련번호><전용면적>84.87</전용면적><중개사소재지> </중개사소재지><지번>262-2</지번><지역코드>11500</지역코드><층>7</층><해제사유발생일> </해제사유발생일><해제여부> </해제여부></item><item><거래금액>    91,000</거래금액><거래유형>직거래</거래유형><건축년도>1998</건축년도><년>2022</년><도로명>양천로69길</도로명><도로명건물본번호코드>00058</도로명건물본번호코드><도로명건물부번호코드>00000</도로명건물부번호코드><도로명시군구코드>11500</도로명시군구코드><도로명일련번호코드>01</도로명일련번호코드><도로명지상지하코드>0</도로명지상지하코드><도로명코드>4145423</도로명코드><법정동> 염창동</법정동><법정동본번코드>0292</법정동본번코드><법정동부번코드>0000</법정동부번코드><법정동시군구코드>11500</법정동시군구코드><법정동읍면동코드>10100</법정동읍면동코드><법정동지번코드>1</법정동지번코드><아파트>동아</아파트><월>11</월><일>8</일><일련번호>11500-6</일련번호><전용면적>114.84</전용면적><중개사소재지> </중개사소재지><지번>292</지번><지역코드>11500</지역코드><층>8</층><해제사유발생일> </해제사유발생일><해제여부> </해제여부></item><item><거래금액>    89,700</거래금액><거래유형>직거래</거래유형><건축년도>2022</건축년도><년>2022</년><도로명>공항대로45길</도로명><도로명건물본번호코드>00015</도로명건물본번호코드><도로명건물부번호코드>00000</도로명건물부번호코드><도로명시군구코드>11500</도로명시군구코드><도로명일련번호코드>00</도로명일련번호코드><도로명지상지하코드>0</도로명지상지하코드><도로명코드>4145188</도로명코드><법정동> 등촌동</법정동><법정동본번코드>0726</법정동본번코드><법정동부번코드>0000</법정동부번코드><법정동시군구코드>11500</법정동시군구코드><법정동읍면동코드>10200</법정동읍면동코드><법정동지번코드>1</법정동지번코드><아파트>가양역두산위브</아파트><월>11</월><일>4</일><일련번호>11500-8261</일련번호><전용면적>59.98</전용면적><중개사소재지> </중개사소재지><지번>726</지번><지역코드>11500</지역코드><층>19</층><해제사유발생일> </해제사유발생일><해제여부> </해제여부></item><item><거래금액>    63,000</거래금액><거래유형>중개거래</거래유형><건축년도>1992</건축년도><년>2022</년><도로명>화곡로68길</도로명><도로명건물본번호코드>00115</도로명건물본번호코드><도로명건물부번호코드>00000</도로명건물부번호코드><도로명시군구코드>11500</도로명시군구코드><도로명일련번호코드>01</도로명일련번호코드><도로명지상지하코드>0</도로명지상지하코드><도로명코드>4145550</도로명코드><법정동> 등촌동</법정동><법정동본번코드>0630</법정동본번코드><법정동부번코드>0003</법정동부번코드><법정동시군구코드>11500</법정동시군구코드><법정동읍면동코드>10200</법정동읍면동코드><법정동지번코드>1</법정동지번코드><아파트>우성</아파트><월>11</월><일>5</일><일련번호>11500-49</일련번호><전용면적>66.9</전용면적><중개사소재지>서울 영등포구</중개사소재지><지번>630-3</지번><지역코드>11500</지역코드><층>12</층><해제사유발생일> </해제사유발생일><해제여부> </해제여부></item><item><거래금액>    59,700</거래금액><거래유형>직거래</거래유형><건축년도>1995</건축년도><년>2022</년><도로명>강서로56나길</도로명><도로명건물본번호코드>00037</도로명건물본번호코드><도로명건물부번호코드>00000</도로명건물부번호코드><도로명시군구코드>11500</도로명시군구코드><도로명일련번호코드>01</도로명일련번호코드><도로명지상지하코드>0</도로명지상지하코드><도로명코드>4145070</도로명코드><법정동> 등촌동</법정동><법정동본번코드>0688</법정동본번코드><법정동부번코드>0000</법정동부번코드><법정동시군구코드>11500</법정동시군구코드><법정동읍면동코드>10200</법정동읍면동코드><법정동지번코드>1</법정동지번코드><아파트>주공3</아파트><월>11</월><일>8</일><일련번호>11500-55</일련번호><전용면적>58.14</전용면적><중개사소재지> </중개사소재지><지번>688</지번><지역코드>11500</지역코드><층>10</층><해제사유발생일> </해제사유발생일><해제여부> </해제여부></item><item><거래금액>    82,000</거래금액><거래유형>중개거래</거래유형><건축년도>2004</건축년도><년>2022</년><도로명>등촌로</도로명><도로명건물본번호코드>00163</도로명건물본번호코드><도로명건물부번호코드>00000</도로명건물부번호코드><도로명시군구코드>11500</도로명시군구코드><도로명일련번호코드>01</도로명일련번호코드><도로명지상지하코드>0</도로명지상지하코드><도로명코드>3005064</도로명코드><법정동> 등촌동</법정동><법정동본번코드>0715</법정동본번코드><법정동부번코드>0000</법정동부번코드><법정동시군구코드>11500</법정동시군구코드><법정동읍면동코드>10200</법정동읍면동코드><법정동지번코드>1</법정동지번코드><아파트>등촌동아이파크</아파트><월>11</월><일>13</일><일련번호>11500-263</일련번호><전용면적>84.7556</전용면적><중개사소재지>서울 강서구</중개사소재지><지번>715</지번><지역코드>11500</지역코드><층>14</층><해제사유발생일> </해제사유발생일><해제여부> </해제여부></item><item><거래금액>    67,000</거래금액><거래유형>중개거래</거래유형><건축년도>2002</건축년도><년>2022</년><도로명>양천로62길</도로명><도로명건물본번호코드>00041</도로명건물본번호코드><도로명건물부번호코드>00000</도로명건물부번호코드><도로명시군구코드>11500</도로명시군구코드><도로명일련번호코드>01</도로명일련번호코드><도로명지상지하코드>0</도로명지상지하코드><도로명코드>4145417</도로명코드><법정동> 등촌동</법정동><법정동본번코드>0712</법정동본번코드><법정동부번코드>0000</법정동부번코드><법정동시군구코드>11500</법정동시군구코드><법정동읍면동코드>10200</법정동읍면동코드><법정동지번코드>1</법정동지번코드><아파트>코오롱오투빌2</아파트><월>11</월><일>23</일><일련번호>11500-67</일련번호><전용면적>59.95</전용면적><중개사소재지>경기 김포시, 서울 강서구</중개사소재지><지번>712</지번><지역코드>11500</지역코드><층>5</층><해제사유발생일> </해제사유발생일><해제여부> </해제여부></item><item><거래금액>    70,000</거래금액><거래유형>직거래</거래유형><건축년도>2004</건축년도><년>2022</년><도로명>등촌로</도로명><도로명건물본번호코드>00163</도로명건물본번호코드><도로명건물부번호코드>00000</도로명건물부번호코드><도로명시군구코드>11500</도로명시군구코드><도로명일련번호코드>01</도로명일련번호코드><도로명지상지하코드>0</도로명지상지하코드><도로명코드>3005064</도로명코드><법정동> 등촌동</법정동><법정동본번코드>0715</법정동본번코드><법정동부번코드>0000</법정동부번코드><법정동시군구코드>11500</법정동시군구코드><법정동읍면동코드>10200</법정동읍면동코드><법정동지번코드>1</법정동지번코드><아파트>등촌동아이파크</아파트><월>11</월><일>28</일><일련번호>11500-263</일련번호><전용면적>84.9958</전용면적><중개사소재지> </중개사소재지><지번>715</지번><지역코드>11500</지역코드><층>4</층><해제사유발생일> </해제사유발생일><해제여부> </해제여부></item><item><거래금액>    65,000</거래금액><거래유형>직거래</거래유형><건축년도>2004</건축년도><년>2022</년><도로명>등촌로</도로명><도로명건물본번호코드>00163</도로명건물본번호코드><도로명건물부번호코드>00000</도로명건물부번호코드><도로명시군구코드>11500</도로명시군구코드><도로명일련번호코드>01</도로명일련번호코드><도로명지상지하코드>0</도로명지상지하코드><도로명코드>3005064</도로명코드><법정동> 등촌동</법정동><법정동본번코드>0715</법정동본번코드><법정동부번코드>0000</법정동부번코드><법정동시군구코드>11500</법정동시군구코드><법정동읍면동코드>10200</법정동읍면동코드><법정동지번코드>1</법정동지번코드><아파트>등촌동아이파크</아파트><월>11</월><일>29</일><일련번호>11500-263</일련번호><전용면적>84.7556</전용면적><중개사소재지> </중개사소재지><지번>715</지번><지역코드>11500</지역코드><층>16</층><해제사유발생일> </해제사유발생일><해제여부> </해제여부></item><item><거래금액>   118,000</거래금액><거래유형>중개거래</거래유형><건축년도>2015</건축년도><년>2022</년><도로명>우현로</도로명><도로명건물본번호코드>00067</도로명건물본번호코드><도로명건물부번호코드>00000</도로명건물부번호코드><도로명시군구코드>11500</도로명시군구코드><도로명일련번호코드>01</도로명일련번호코드><도로명지상지하코드>0</도로명지상지하코드><도로명코드>3115010</도로명코드><법정동> 화곡동</법정동><법정동본번코드>1165</법정동본번코드><법정동부번코드>0000</법정동부번코드><법정동시군구코드>11500</법정동시군구코드><법정동읍면동코드>10300</법정동읍면동코드><법정동지번코드>1</법정동지번코드><아파트>강서힐스테이트</아파트><월>11</월><일>1</일><일련번호>11500-6919</일련번호><전용면적>84.99</전용면적><중개사소재지>서울 강서구</중개사소재지><지번>1165</지번><지역코드>11500</지역코드><층>17</층><해제사유발생일> </해제사유발생일><해제여부> </해제여부></item><item><거래금액>    19,500</거래금액><거래유형>중개거래</거래유형><건축년도>2015</건축년도><년>2022</년><도로명>곰달래로24길</도로명><도로명건물본번호코드>00004</도로명건물본번호코드><도로명건물부번호코드>00000</도로명건물부번호코드><도로명시군구코드>11500</도로명시군구코드><도로명일련번호코드>01</도로명일련번호코드><도로명지상지하코드>0</도로명지상지하코드><도로명코드>4145124</도로명코드><법정동> 화곡동</법정동><법정동본번코드>0899</법정동본번코드><법정동부번코드>0002</법정동부번코드><법정동시군구코드>11500</법정동시군구코드><법정동읍면동코드>10300</법정동읍면동코드><법정동지번코드>1</법정동지번코드><아파트>세림</아파트><월>11</월><일>1</일><일련번호>11500-7109</일련번호><전용면적>21.64</전용면적><중개사소재지>서울 강서구</중개사소재지><지번>899-2</지번><지역코드>11500</지역코드><층>9</층><해제사유발생일> </해제사유발생일><해제여부> </해제여부></item><item><거래금액>    18,000</거래금액><거래유형>중개거래</거래유형><건축년도>2002</건축년도><년>2022</년><도로명>화곡로59길</도로명><도로명건물본번호코드>00037</도로명건물본번호코드><도로명건물부번호코드>00016</도로명건물부번호코드><도로명시군구코드>11500</도로명시군구코드><도로명일련번호코드>01</도로명일련번호코드><도로명지상지하코드>0</도로명지상지하코드><도로명코드>4145542</도로명코드><법정동> 화곡동</법정동><법정동본번코드>1101</법정동본번코드><법정동부번코드>0003</법정동부번코드><법정동시군구코드>11500</법정동시군구코드><법정동읍면동코드>10300</법정동읍면동코드><법정동지번코드>1</법정동지번코드><아파트>로즈힐(1101-3)</아파트><월>11</월><일>8</일><일련번호>11500-493</일련번호><전용면적>59.99</전용면적><중개사소재지>경기 부천시</중개사소재지><지번>1101-3</지번><지역코드>11500</지역코드><층>1</층><해제사유발생일> </해제사유발생일><해제여부> </해제여부></item><item><거래금액>   130,000</거래금액><거래유형>중개거래</거래유형><건축년도>2003</건축년도><년>2022</년><도로명>공항대로</도로명><도로명건물본번호코드>00382</도로명건물본번호코드><도로명건물부번호코드>00000</도로명건물부번호코드><도로명시군구코드>11500</도로명시군구코드><도로명일련번호코드>03</도로명일련번호코드><도로명지상지하코드>0</도로명지상지하코드><도로명코드>2005007</도로명코드><법정동> 화곡동</법정동><법정동본번코드>1145</법정동본번코드><법정동부번코드>0000</법정동부번코드><법정동시군구코드>11500</법정동시군구코드><법정동읍면동코드>10300</법정동읍면동코드><법정동지번코드>1</법정동지번코드><아파트>우장산롯데캐슬</아파트><월>11</월><일>10</일><일련번호>11500-242</일련번호><전용면적>117.19</전용면적><중개사소재지>서울 강서구</중개사소재지><지번>1145</지번><지역코드>11500</지역코드><층>4</층><해제사유발생일> </해제사유발생일><해제여부> </해제여부></item><item><거래금액>    24,000</거래금액><거래유형>직거래</거래유형><건축년도>2018</건축년도><년>2022</년><도로명>월정로20길</도로명><도로명건물본번호코드>00042</도로명건물본번호코드><도로명건물부번호코드>00000</도로명건물부번호코드><도로명시군구코드>11500</도로명시군구코드><도로명일련번호코드>00</도로명일련번호코드><도로명지상지하코드>0</도로명지상지하코드><도로명코드>4145444</도로명코드><법정동> 화곡동</법정동><법정동본번코드>0922</법정동본번코드><법정동부번코드>0017</법정동부번코드><법정동시군구코드>11500</법정동시군구코드><법정동읍면동코드>10300</법정동읍면동코드><법정동지번코드>1</법정동지번코드><아파트>우공아파트</아파트><월>11</월><일>11</일><일련번호>11500-7835</일련번호><전용면적>26.36</전용면적><중개사소재지> </중개사소재지><지번>922-17</지번><지역코드>11500</지역코드><층>4</층><해제사유발생일> </해제사유발생일><해제여부> </해제여부></item><item><거래금액>     8,700</거래금액><거래유형>직거래</거래유형><건축년도>2013</건축년도><년>2022</년><도로명>강서로7길</도로명><도로명건물본번호코드>00107</도로명건물본번호코드><도로명건물부번호코드>00000</도로명건물부번호코드><도로명시군구코드>11500</도로명시군구코드><도로명일련번호코드>01</도로명일련번호코드><도로명지상지하코드>0</도로명지상지하코드><도로명코드>4145080</도로명코드><법정동> 화곡동</법정동><법정동본번코드>0926</법정동본번코드><법정동부번코드>0005</법정동부번코드><법정동시군구코드>11500</법정동시군구코드><법정동읍면동코드>10300</법정동읍면동코드><법정동지번코드>1</법정동지번코드><아파트>한양아이클래스</아파트><월>11</월><일>12</일><일련번호>11500-6746</일련번호><전용면적>13.79</전용면적><중개사소재지> </중개사소재지><지번>926-5</지번><지역코드>11500</지역코드><층>7</층><해제사유발생일> </해제사유발생일><해제여부> </해제여부></item><item><거래금액>    11,000</거래금액><거래유형>중개거래</거래유형><건축년도>2015</건축년도><년>2022</년><도로명>강서로7길</도로명><도로명건물본번호코드>00070</도로명건물본번호코드><도로명건물부번호코드>00000</도로명건물부번호코드><도로명시군구코드>11500</도로명시군구코드><도로명일련번호코드>00</도로명일련번호코드><도로명지상지하코드>0</도로명지상지하코드><도로명코드>4145080</도로명코드><법정동> 화곡동</법정동><법정동본번코드>0917</법정동본번코드><법정동부번코드>0014</법정동부번코드><법정동시군구코드>11500</법정동시군구코드><법정동읍면동코드>10300</법정동읍면동코드><법정동지번코드>1</법정동지번코드><아파트>삼성다빈치(917-14)</아파트><월>11</월><일>12</일><일련번호>11500-7090</일련번호><전용면적>14.35</전용면적><중개사소재지>서울 강서구</중개사소재지><지번>917-14</지번><지역코드>11500</지역코드><층>11</층><해제사유발생일> </해제사유발생일><해제여부> </해제여부></item><item><거래금액>    10,000</거래금액><거래유형>중개거래</거래유형><건축년도>2015</건축년도><년>2022</년><도로명>강서로7길</도로명><도로명건물본번호코드>00070</도로명건물본번호코드><도로명건물부번호코드>00000</도로명건물부번호코드><도로명시군구코드>11500</도로명시군구코드><도로명일련번호코드>00</도로명일련번호코드><도로명지상지하코드>0</도로명지상지하코드><도로명코드>4145080</도로명코드><법정동> 화곡동</법정동><법정동본번코드>0917</법정동본번코드><법정동부번코드>0014</법정동부번코드><법정동시군구코드>11500</법정동시군구코드><법정동읍면동코드>10300</법정동읍면동코드><법정동지번코드>1</법정동지번코드><아파트>삼성다빈치(917-14)</아파트><월>11</월><일>12</일><일련번호>11500-7090</일련번호><전용면적>14.35</전용면적><중개사소재지>서울 강서구</중개사소재지><지번>917-14</지번><지역코드>11500</지역코드><층>7</층><해제사유발생일> </해제사유발생일><해제여부> </해제여부></item><item><거래금액>    69,500</거래금액><거래유형>중개거래</거래유형><건축년도>1992</건축년도><년>2022</년><도로명>월정로</도로명><도로명건물본번호코드>00160</도로명건물본번호코드><도로명건물부번호코드>00000</도로명건물부번호코드><도로명시군구코드>11500</도로명시군구코드><도로명일련번호코드>01</도로명일련번호코드><도로명지상지하코드>0</도로명지상지하코드><도로명코드>3005067</도로명코드><법정동> 화곡동</법정동><법정동본번코드>0361</법정동본번코드><법정동부번코드>0001</법정동부번코드><법정동시군구코드>11500</법정동시군구코드><법정동읍면동코드>10300</법정동읍면동코드><법정동지번코드>1</법정동지번코드><아파트>대림e편한세상</아파트><월>11</월><일>14</일><일련번호>11500-76</일련번호><전용면적>84.84</전용면적><중개사소재지>서울 강서구, 서울 양천구</중개사소재지><지번>361-1</지번><지역코드>11500</지역코드><층>14</층><해제사유발생일> </해제사유발생일><해제여부> </해제여부></item><item><거래금액>    15,000</거래금액><거래유형>중개거래</거래유형><건축년도>2016</건축년도><년>2022</년><도로명>화곡로</도로명><도로명건물본번호코드>00176</도로명건물본번호코드><도로명건물부번호코드>00019</도로명건물부번호코드><도로명시군구코드>11500</도로명시군구코드><도로명일련번호코드>02</도로명일련번호코드><도로명지상지하코드>0</도로명지상지하코드><도로명코드>3005069</도로명코드><법정동> 화곡동</법정동><법정동본번코드>0143</법정동본번코드><법정동부번코드>0006</법정동부번코드><법정동시군구코드>11500</법정동시군구코드><법정동읍면동코드>10300</법정동읍면동코드><법정동지번코드>1</법정동지번코드><아파트>성재센트리움아파트</아파트><월>11</월><일>14</일><일련번호>11500-7276</일련번호><전용면적>20.3</전용면적><중개사소재지>서울 강서구</중개사소재지><지번>143-6</지번><지역코드>11500</지역코드><층>5</층><해제사유발생일> </해제사유발생일><해제여부> </해제여부></item><item><거래금액>    23,000</거래금액><거래유형>중개거래</거래유형><건축년도>2002</건축년도><년>2022</년><도로명>까치산로</도로명><도로명건물본번호코드>00088</도로명건물본번호코드><도로명건물부번호코드>00015</도로명건물부번호코드><도로명시군구코드>11500</도로명시군구코드><도로명일련번호코드>01</도로명일련번호코드><도로명지상지하코드>0</도로명지상지하코드><도로명코드>3115003</도로명코드><법정동> 화곡동</법정동><법정동본번코드>0029</법정동본번코드><법정동부번코드>0079</법정동부번코드><법정동시군구코드>11500</법정동시군구코드><법정동읍면동코드>10300</법정동읍면동코드><법정동지번코드>1</법정동지번코드><아파트>강동</아파트><월>11</월><일>14</일><일련번호>11500-485</일련번호><전용면적>58.86</전용면적><중개사소재지>서울 강서구</중개사소재지><지번>29-79</지번><지역코드>11500</지역코드><층>2</층><해제사유발생일> </해제사유발생일><해제여부> </해제여부></item><item><거래금액>    23,500</거래금액><거래유형>중개거래</거래유형><건축년도>2001</건축년도><년>2022</년><도로명>까치산로12길</도로명><도로명건물본번호코드>00013</도로명건물본번호코드><도로명건물부번호코드>00000</도로명건물부번호코드><도로명시군구코드>11500</도로명시군구코드><도로명일련번호코드>01</도로명일련번호코드><도로명지상지하코드>0</도로명지상지하코드><도로명코드>4145251</도로명코드><법정동> 화곡동</법정동><법정동본번코드>0046</법정동본번코드><법정동부번코드>0116</법정동부번코드><법정동시군구코드>11500</법정동시군구코드><법정동읍면동코드>10300</법정동읍면동코드><법정동지번코드>1</법정동지번코드><아파트>신보</아파트><월>11</월><일>18</일><일련번호>11500-309</일련번호><전용면적>59.63</전용면적><중개사소재지>서울 강서구</중개사소재지><지번>46-116</지번><지역코드>11500</지역코드><층>2</층><해제사유발생일> </해제사유발생일><해제여부> </해제여부></item><item><거래금액>     9,200</거래금액><거래유형>중개거래</거래유형><건축년도>2013</건축년도><년>2022</년><도로명>강서로7길</도로명><도로명건물본번호코드>00107</도로명건물본번호코드><도로명건물부번호코드>00000</도로명건물부번호코드><도로명시군구코드>11500</도로명시군구코드><도로명일련번호코드>01</도로명일련번호코드><도로명지상지하코드>0</도로명지상지하코드><도로명코드>4145080</도로명코드><법정동> 화곡동</법정동><법정동본번코드>0926</법정동본번코드><법정동부번코드>0005</법정동부번코드><법정동시군구코드>11500</법정동시군구코드><법정동읍면동코드>10300</법정동읍면동코드><법정동지번코드>1</법정동지번코드><아파트>한양아이클래스</아파트><월>11</월><일>18</일><일련번호>11500-6746</일련번호><전용면적>13.79</전용면적><중개사소재지>서울 구로구</중개사소재지><지번>926-5</지번><지역코드>11500</지역코드><층>11</층><해제사유발생일> </해제사유발생일><해제여부> </해제여부></item><item><거래금액>    34,000</거래금액><거래유형>직거래</거래유형><건축년도>2007</건축년도><년>2022</년><도로명>곰달래로56길</도로명><도로명건물본번호코드>00039</도로명건물본번호코드><도로명건물부번호코드>00000</도로명건물부번호코드><도로명시군구코드>11500</도로명시군구코드><도로명일련번호코드>01</도로명일련번호코드><도로명지상지하코드>0</도로명지상지하코드><도로명코드>4145160</도로명코드><법정동> 화곡동</법정동><법정동본번코드>0788</법정동본번코드><법정동부번코드>0039</법정동부번코드><법정동시군구코드>11500</법정동시군구코드><법정동읍면동코드>10300</법정동읍면동코드><법정동지번코드>1</법정동지번코드><아파트>예지보금자리</아파트><월>11</월><일>21</일><일련번호>11500-5345</일련번호><전용면적>78.82</전용면적><중개사소재지> </중개사소재지><지번>788-39</지번><지역코드>11500</지역코드><층>3</층><해제사유발생일> </해제사유발생일><해제여부> </해제여부></item><item><거래금액>   200,000</거래금액><거래유형>중개거래</거래유형><건축년도>2002</건축년도><년>2022</년><도로명>화곡로13길</도로명><도로명건물본번호코드>00107</도로명건물본번호코드><도로명건물부번호코드>00000</도로명건물부번호코드><도로명시군구코드>11500</도로명시군구코드><도로명일련번호코드>01</도로명일련번호코드><도로명지상지하코드>0</도로명지상지하코드><도로명코드>4145494</도로명코드><법정동> 화곡동</법정동><법정동본번코드>1091</법정동본번코드><법정동부번코드>0000</법정동부번코드><법정동시군구코드>11500</법정동시군구코드><법정동읍면동코드>10300</법정동읍면동코드><법정동지번코드>1</법정동지번코드><아파트>화곡푸르지오</아파트><월>11</월><일>23</일><일련번호>11500-120</일련번호><전용면적>192.22</전용면적><중개사소재지>서울 강서구</중개사소재지><지번>1091</지번><지역코드>11500</지역코드><층>8</층><해제사유발생일> </해제사유발생일><해제여부> </해제여부></item><item><거래금액>    21,500</거래금액><거래유형>직거래</거래유형><건축년도>2017</건축년도><년>2022</년><도로명>강서로7길</도로명><도로명건물본번호코드>00038</도로명건물본번호코드><도로명건물부번호코드>00006</도로명건물부번호코드><도로명시군구코드>11500</도로명시군구코드><도로명일련번호코드>00</도로명일련번호코드><도로명지상지하코드>0</도로명지상지하코드><도로명코드>4145080</도로명코드><법정동> 화곡동</법정동><법정동본번코드>0900</법정동본번코드><법정동부번코드>0028</법정동부번코드><법정동시군구코드>11500</법정동시군구코드><법정동읍면동코드>10300</법정동읍면동코드><법정동지번코드>1</법정동지번코드><아파트>에스타워</아파트><월>11</월><일>24</일><일련번호>11500-7611</일련번호><전용면적>29.86</전용면적><중개사소재지> </중개사소재지><지번>900-28</지번><지역코드>11500</지역코드><층>7</층><해제사유발생일> </해제사유발생일><해제여부> </해제여부></item><item><거래금액>   112,000</거래금액><거래유형>중개거래</거래유형><건축년도>2002</건축년도><년>2022</년><도로명>화곡로13길</도로명><도로명건물본번호코드>00107</도로명건물본번호코드><도로명건물부번호코드>00000</도로명건물부번호코드><도로명시군구코드>11500</도로명시군구코드><도로명일련번호코드>01</도로명일련번호코드><도로명지상지하코드>0</도로명지상지하코드><도로명코드>4145494</도로명코드><법정동> 화곡동</법정동><법정동본번코드>1091</법정동본번코드><법정동부번코드>0000</법정동부번코드><법정동시군구코드>11500</법정동시군구코드><법정동읍면동코드>10300</법정동읍면동코드><법정동지번코드>1</법정동지번코드><아파트>화곡푸르지오</아파트><월>11</월><일>30</일><일련번호>11500-120</일련번호><전용면적>144.123</전용면적><중개사소재지>서울 강서구, 서울 양천구</중개사소재지><지번>1091</지번><지역코드>11500</지역코드><층>12</층><해제사유발생일> </해제사유발생일><해제여부> </해제여부></item><item><거래금액>   138,000</거래금액><거래유형>중개거래</거래유형><건축년도>1993</건축년도><년>2022</년><도로명>강서로</도로명><도로명건물본번호코드>00532</도로명건물본번호코드><도로명건물부번호코드>00000</도로명건물부번호코드><도로명시군구코드>11500</도로명시군구코드><도로명일련번호코드>03</도로명일련번호코드><도로명지상지하코드>0</도로명지상지하코드><도로명코드>3115001</도로명코드><법정동> 가양동</법정동><법정동본번코드>1459</법정동본번코드><법정동부번코드>0000</법정동부번코드><법정동시군구코드>11500</법정동시군구코드><법정동읍면동코드>10400</법정동읍면동코드><법정동지번코드>1</법정동지번코드><아파트>동신대아</아파트><월>11</월><일>1</일><일련번호>11500-152</일련번호><전용면적>134.88</전용면적><중개사소재지>서울 강서구</중개사소재지><지번>1459</지번><지역코드>11500</지역코드><층>11</층><해제사유발생일> </해제사유발생일><해제여부> </해제여부></item><item><거래금액>    57,890</거래금액><거래유형>직거래</거래유형><건축년도>1992</건축년도><년>2022</년><도로명>허준로</도로명><도로명건물본번호코드>00047</도로명건물본번호코드><도로명건물부번호코드>00000</도로명건물부번호코드><도로명시군구코드>11500</도로명시군구코드><도로명일련번호코드>01</도로명일련번호코드><도로명지상지하코드>0</도로명지상지하코드><도로명코드>3115013</도로명코드><법정동> 가양동</법정동><법정동본번코드>1461</법정동본번코드><법정동부번코드>0000</법정동부번코드><법정동시군구코드>11500</법정동시군구코드><법정동읍면동코드>10400</법정동읍면동코드><법정동지번코드>1</법정동지번코드><아파트>가양2단지(성지)</아파트><월>11</월><일>16</일><일련번호>11500-151</일련번호><전용면적>49.56</전용면적><중개사소재지> </중개사소재지><지번>1461</지번><지역코드>11500</지역코드><층>15</층><해제사유발생일> </해제사유발생일><해제여부> </해제여부></item><item><거래금액>   120,000</거래금액><거래유형>중개거래</거래유형><건축년도>2014</건축년도><년>2022</년><도로명>마곡중앙로</도로명><도로명건물본번호코드>00036</도로명건물본번호코드><도로명건물부번호코드>00000</도로명건물부번호코드><도로명시군구코드>11500</도로명시군구코드><도로명일련번호코드>03</도로명일련번호코드><도로명지상지하코드>0</도로명지상지하코드><도로명코드>3155045</도로명코드><법정동> 마곡동</법정동><법정동본번코드>0751</법정동본번코드><법정동부번코드>0000</법정동부번코드><법정동시군구코드>11500</법정동시군구코드><법정동읍면동코드>10500</법정동읍면동코드><법정동지번코드>1</법정동지번코드><아파트>마곡엠벨리(15단지)</아파트><월>11</월><일>29</일><일련번호>11500-6867</일련번호><전용면적>84.86</전용면적><중개사소재지>서울 강서구</중개사소재지><지번>751</지번><지역코드>11500</지역코드><층>11</층><해제사유발생일> </해제사유발생일><해제여부> </해제여부></item><item><거래금액>    70,000</거래금액><거래유형>중개거래</거래유형><건축년도>2008</건축년도><년>2022</년><도로명>수명로2길</도로명><도로명건물본번호코드>00105</도로명건물본번호코드><도로명건물부번호코드>00000</도로명건물부번호코드><도로명시군구코드>11500</도로명시군구코드><도로명일련번호코드>01</도로명일련번호코드><도로명지상지하코드>0</도로명지상지하코드><도로명코드>4145382</도로명코드><법정동> 내발산동</법정동><법정동본번코드>0749</법정동본번코드><법정동부번코드>0000</법정동부번코드><법정동시군구코드>11500</법정동시군구코드><법정동읍면동코드>10600</법정동읍면동코드><법정동지번코드>1</법정동지번코드><아파트>마곡수명산파크5단지</아파트><월>11</월><일>1</일><일련번호>11500-5547</일련번호><전용면적>59.76</전용면적><중개사소재지>서울 강서구</중개사소재지><지번>749</지번><지역코드>11500</지역코드><층>4</층><해제사유발생일> </해제사유발생일><해제여부> </해제여부></item><item><거래금액>    86,000</거래금액><거래유형>중개거래</거래유형><건축년도>2005</건축년도><년>2022</년><도로명>강서로</도로명><도로명건물본번호코드>00348</도로명건물본번호코드><도로명건물부번호코드>00000</도로명건물부번호코드><도로명시군구코드>11500</도로명시군구코드><도로명일련번호코드>04</도로명일련번호코드><도로명지상지하코드>0</도로명지상지하코드><도로명코드>3115001</도로명코드><법정동> 내발산동</법정동><법정동본번코드>0657</법정동본번코드><법정동부번코드>0000</법정동부번코드><법정동시군구코드>11500</법정동시군구코드><법정동읍면동코드>10600</법정동읍면동코드><법정동지번코드>1</법정동지번코드><아파트>우장산힐스테이트</아파트><월>11</월><일>9</일><일련번호>11500-477</일련번호><전용면적>59.98</전용면적><중개사소재지>서울 강서구</중개사소재지><지번>657</지번><지역코드>11500</지역코드><층>3</층><해제사유발생일> </해제사유발생일><해제여부> </해제여부></item><item><거래금액>   115,000</거래금액><거래유형>직거래</거래유형><건축년도>2005</건축년도><년>2022</년><도로명>강서로</도로명><도로명건물본번호코드>00348</도로명건물본번호코드><도로명건물부번호코드>00000</도로명건물부번호코드><도로명시군구코드>11500</도로명시군구코드><도로명일련번호코드>04</도로명일련번호코드><도로명지상지하코드>0</도로명지상지하코드><도로명코드>3115001</도로명코드><법정동> 내발산동</법정동><법정동본번코드>0657</법정동본번코드><법정동부번코드>0000</법정동부번코드><법정동시군구코드>11500</법정동시군구코드><법정동읍면동코드>10600</법정동읍면동코드><법정동지번코드>1</법정동지번코드><아파트>우장산힐스테이트</아파트><월>11</월><일>18</일><일련번호>11500-477</일련번호><전용면적>126.65</전용면적><중개사소재지> </중개사소재지><지번>657</지번><지역코드>11500</지역코드><층>16</층><해제사유발생일> </해제사유발생일><해제여부> </해제여부></item><item><거래금액>    69,500</거래금액><거래유형>중개거래</거래유형><건축년도>2008</건축년도><년>2022</년><도로명>수명로2길</도로명><도로명건물본번호코드>00105</도로명건물본번호코드><도로명건물부번호코드>00000</도로명건물부번호코드><도로명시군구코드>11500</도로명시군구코드><도로명일련번호코드>01</도로명일련번호코드><도로명지상지하코드>0</도로명지상지하코드><도로명코드>4145382</도로명코드><법정동> 내발산동</법정동><법정동본번코드>0749</법정동본번코드><법정동부번코드>0000</법정동부번코드><법정동시군구코드>11500</법정동시군구코드><법정동읍면동코드>10600</법정동읍면동코드><법정동지번코드>1</법정동지번코드><아파트>마곡수명산파크5단지</아파트><월>11</월><일>18</일><일련번호>11500-5547</일련번호><전용면적>59.87</전용면적><중개사소재지>서울 강서구</중개사소재지><지번>749</지번><지역코드>11500</지역코드><층>8</층><해제사유발생일> </해제사유발생일><해제여부> </해제여부></item><item><거래금액>    81,000</거래금액><거래유형>중개거래</거래유형><건축년도>2008</건축년도><년>2022</년><도로명>수명로1길</도로명><도로명건물본번호코드>00016</도로명건물본번호코드><도로명건물부번호코드>00000</도로명건물부번호코드><도로명시군구코드>11500</도로명시군구코드><도로명일련번호코드>01</도로명일련번호코드><도로명지상지하코드>0</도로명지상지하코드><도로명코드>4145381</도로명코드><법정동> 내발산동</법정동><법정동본번코드>0753</법정동본번코드><법정동부번코드>0000</법정동부번코드><법정동시군구코드>11500</법정동시군구코드><법정동읍면동코드>10600</법정동읍면동코드><법정동지번코드>1</법정동지번코드><아파트>마곡수명산파크4단지</아파트><월>11</월><일>21</일><일련번호>11500-5437</일련번호><전용면적>84.53</전용면적><중개사소재지>경기 광명시, 서울 강서구</중개사소재지><지번>753</지번><지역코드>11500</지역코드><층>4</층><해제사유발생일> </해제사유발생일><해제여부> </해제여부></item><item><거래금액>    84,500</거래금액><거래유형>중개거래</거래유형><건축년도>2008</건축년도><년>2022</년><도로명>수명로1길</도로명><도로명건물본번호코드>00016</도로명건물본번호코드><도로명건물부번호코드>00000</도로명건물부번호코드><도로명시군구코드>11500</도로명시군구코드><도로명일련번호코드>01</도로명일련번호코드><도로명지상지하코드>0</도로명지상지하코드><도로명코드>4145381</도로명코드><법정동> 내발산동</법정동><법정동본번코드>0753</법정동본번코드><법정동부번코드>0000</법정동부번코드><법정동시군구코드>11500</법정동시군구코드><법정동읍면동코드>10600</법정동읍면동코드><법정동지번코드>1</법정동지번코드><아파트>마곡수명산파크4단지</아파트><월>11</월><일>24</일><일련번호>11500-5437</일련번호><전용면적>84.96</전용면적><중개사소재지>서울 강서구</중개사소재지><지번>753</지번><지역코드>11500</지역코드><층>10</층><해제사유발생일> </해제사유발생일><해제여부> </해제여부></item><item><거래금액>    86,500</거래금액><거래유형>중개거래</거래유형><건축년도>1993</건축년도><년>2022</년><도로명>금낭화로23길</도로명><도로명건물본번호코드>00008</도로명건물본번호코드><도로명건물부번호코드>00000</도로명건물부번호코드><도로명시군구코드>11500</도로명시군구코드><도로명일련번호코드>01</도로명일련번호코드><도로명지상지하코드>0</도로명지상지하코드><도로명코드>4145237</도로명코드><법정동> 방화동</법정동><법정동본번코드>0817</법정동본번코드><법정동부번코드>0000</법정동부번코드><법정동시군구코드>11500</법정동시군구코드><법정동읍면동코드>10900</법정동읍면동코드><법정동지번코드>1</법정동지번코드><아파트>동성</아파트><월>11</월><일>12</일><일련번호>11500-194</일련번호><전용면적>84.95</전용면적><중개사소재지>서울 강서구</중개사소재지><지번>817</지번><지역코드>11500</지역코드><층>3</층><해제사유발생일> </해제사유발생일><해제여부> </해제여부></item><item><거래금액>    49,000</거래금액><거래유형>중개거래</거래유형><건축년도>2018</건축년도><년>2022</년><도로명>양천로10길</도로명><도로명건물본번호코드>00037</도로명건물본번호코드><도로명건물부번호코드>00000</도로명건물부번호코드><도로명시군구코드>11500</도로명시군구코드><도로명일련번호코드>01</도로명일련번호코드><도로명코드>4145384</도로명코드><법정동> 방화동</법정동><법정동본번코드>0903</법정동본번코드><법정동부번코드>0000</법정동부번코드><법정동시군구코드>11500</법정동시군구코드><법정동읍면동코드>10900</법정동읍면동코드><법정동지번코드>1</법정동지번코드><아파트>신세계아파트</아파트><월>11</월><일>14</일><일련번호>11500-7784</일련번호><전용면적>64.46</전용면적><중개사소재지>서울 강서구</중개사소재지><지번>903</지번><지역코드>11500</지역코드><층>4</층><해제사유발생일> </해제사유발생일><해제여부> </해제여부></item><item><거래금액>    78,000</거래금액><거래유형>중개거래</거래유형><건축년도>2008</건축년도><년>2022</년><도로명>방화대로34길</도로명><도로명건물본번호코드>00088</도로명건물본번호코드><도로명건물부번호코드>00000</도로명건물부번호코드><도로명시군구코드>11500</도로명시군구코드><도로명일련번호코드>02</도로명일련번호코드><도로명지상지하코드>0</도로명지상지하코드><도로명코드>4145332</도로명코드><법정동> 방화동</법정동><법정동본번코드>0890</법정동본번코드><법정동부번코드>0000</법정동부번코드><법정동시군구코드>11500</법정동시군구코드><법정동읍면동코드>10900</법정동읍면동코드><법정동지번코드>1</법정동지번코드><아파트>마곡푸르지오</아파트><월>11</월><일>15</일><일련번호>11500-5552</일련번호><전용면적>59.87</전용면적><중개사소재지>서울 강서구</중개사소재지><지번>890</지번><지역코드>11500</지역코드><층>10</층><해제사유발생일> </해제사유발생일><해제여부> </해제여부></item><item><거래금액>    75,000</거래금액><거래유형>중개거래</거래유형><건축년도>2003</건축년도><년>2022</년><도로명>방화대로45길</도로명><도로명건물본번호코드>00032</도로명건물본번호코드><도로명건물부번호코드>00000</도로명건물부번호코드><도로명시군구코드>11500</도로명시군구코드><도로명일련번호코드>01</도로명일련번호코드><도로명지상지하코드>0</도로명지상지하코드><도로명코드>4145339</도로명코드><법정동> 방화동</법정동><법정동본번코드>0875</법정동본번코드><법정동부번코드>0000</법정동부번코드><법정동시군구코드>11500</법정동시군구코드><법정동읍면동코드>10900</법정동읍면동코드><법정동지번코드>1</법정동지번코드><아파트>방화동동부센트레빌(875번지)</아파트><월>11</월><일>22</일><일련번호>11500-233</일련번호><전용면적>84.97</전용면적><중개사소재지>서울 강서구</중개사소재지><지번>875</지번><지역코드>11500</지역코드><층>9</층><해제사유발생일> </해제사유발생일><해제여부> </해제여부></item><item><거래금액>    22,700</거래금액><거래유형>직거래</거래유형><건축년도>2001</건축년도><년>2022</년><도로명>초원로</도로명><도로명건물본번호코드>00020</도로명건물본번호코드><도로명건물부번호코드>00000</도로명건물부번호코드><도로명시군구코드>11500</도로명시군구코드><도로명일련번호코드>01</도로명일련번호코드><도로명지상지하코드>0</도로명지상지하코드><도로명코드>3115012</도로명코드><법정동> 방화동</법정동><법정동본번코드>0647</법정동본번코드><법정동부번코드>0020</법정동부번코드><법정동시군구코드>11500</법정동시군구코드><법정동읍면동코드>10900</법정동읍면동코드><법정동지번코드>1</법정동지번코드><아파트>신라힐</아파트><월>11</월><일>22</일><일련번호>11500-377</일련번호><전용면적>57.36</전용면적><중개사소재지> </중개사소재지><지번>647-20</지번><지역코드>11500</지역코드><층>8</층><해제사유발생일> </해제사유발생일><해제여부> </해제여부></item></items><numOfRows>999</numOfRows><pageNo>1</pageNo><totalCount>42</totalCount></body></response>