<?xml version="1.0" encoding="UTF-8" standalone="yes"?><response><header><resultCode>00</resultCode><resultMsg>NORMAL SERVICE.</resultMsg></header><body><items><item><거래금액>    50,000</거래금액><거래유형>중개거래</거래유형><건축년도>2004</건축년도><년>2022</년><도로명>양천로75길</도로명><도로명건물본번호코드>00022</도로명건물본번호코드><도로명건물부번호코드>00021</도로명건물부번호코드><도로명시군구코드>11500</도로명시군구코드><도로명일련번호코드>01</도로명일련번호코드><도로명지상지하코드>0</도로명지상지하코드><도로명코드>4145429</도로명코드><법정동> 염창동</법정동><법정동본번코드>0254</법정동본번코드><법정동부번코드>0002</법정동부번코드><법정동시군구코드>11500</법정동시군구코드><법정동읍면동코드>10100</법정동읍면동코드><법정동지번코드>1</법정동지번코드><아파트>이너스내안에</아파트><월>12</월><일>29</일><일련번호>11500-296</일련번호><전용면적>53.79</전용면적><중개사소재지>서울 강서구</중개사소재지><지번>254-2</지번><지역코드>11500</지역코드><층>8</층><해제사유발생일> </해제사유발생일><해제여부> </해제여부></item><item><거래금액>   115,000</거래금액><거래유형>중개거래</거래유형><건축년도>1998</건축년도><년>2022</년><도로명>양천로73길</도로명><도로명건물본번호코드>00080</도로명건물본번호코드><도로명건물부번호코드>00000</도로명건물부번호코드><도로명시군구코드>11500</도로명시군구코드><도로명일련번호코드>01</도로명일련번호코드><도로명지상지하코드>0</도로명지상지하코드><도로명코드>4145428</도로명코드><법정동> 염창동</법정동><법정동본번코드>0293</법정동본번코드><법정동부번코드>0000</법정동부번코드><법정동시군구코드>11500</법정동시군구코드><법정동읍면동코드>10100</법정동읍면동코드><법정동지번코드>1</법정동지번코드><아파트>한강동아</아파트><월>12</월><일>30</일><일련번호>11500-27</일련번호><전용면적>114.78</전용면적><중개사소재지>서울 강서구</중개사소재지><지번>293</지번><지역코드>11500</지역코드><층>17</층><해제사유발생일> </해제사유발생일><해제여부> </해제여부></item><item><거래금액>    69,000</거래금액><거래유형>중개거래</거래유형><건축년도>1999</건축년도><년>2022</년><도로명>공항대로45길</도로명><도로명건물본번호코드>00068</도로명건물본번호코드><도로명건물부번호코드>00006</도로명건물부번호코드><도로명시군구코드>11500</도로명시군구코드><도로명일련번호코드>01</도로명일련번호코드><도로명지상지하코드>0</도로명지상지하코드><도로명코드>4145188</도로명코드><법정동> 등촌동</법정동><법정동본번코드>0638</법정동본번코드><법정동부번코드>0000</법정동부번코드><법정동시군구코드>11500</법정동시군구코드><법정동읍면동코드>10200</법정동읍면동코드><법정동지번코드>1</법정동지번코드><아파트>서광등촌마을아파트</아파트><월>12</월><일>2</일><일련번호>11500-44</일련번호><전용면적>59.67</전용면적><중개사소재지>서울 강서구</중개사소재지><지번>638</지번><지역코드>11500</지역코드><층>10</층><해제사유발생일> </해제사유발생일><해제여부> </해제여부></item><item><거래금액>    67,000</거래금액><거래유형>중개거래</거래유형><건축년도>1999</건축년도><년>2022</년><도로명>공항대로59길</도로명><도로명건물본번호코드>00064</도로명건물본번호코드><도로명건물부번호코드>00000</도로명건물부번호코드><도로명시군구코드>11500</도로명시군구코드><도로명일련번호코드>01</도로명일련번호코드><도로명지상지하코드>0</도로명지상지하코드><도로명코드>4145206</도로명코드><법정동> 등촌동</법정동><법정동본번코드>0634</법정동본번코드><법정동부번코드>0002</법정동부번코드><법정동시군구코드>11500</법정동시군구코드><법정동읍면동코드>10200</법정동읍면동코드><법정동지번코드>1</법정동지번코드><아파트>한사랑2삼성</아파트><월>12</월><일>13</일><일련번호>11500-61</일련번호><전용면적>59.73</전용면적><중개사소재지>서울 강서구</중개사소재지><지번>634-2</지번><지역코드>11500</지역코드><층>14</층><해제사유발생일> </해제사유발생일><해제여부> </해제여부></item><item><거래금액>    60,000</거래금액><거래유형>중개거래</거래유형><건축년도>1997</건축년도><년>2022</년><도로명>화곡로68길</도로명><도로명건물본번호코드>00033</도로명건물본번호코드><도로명건물부번호코드>00000</도로명건물부번호코드><도로명시군구코드>11500</도로명시군구코드><도로명일련번호코드>01</도로명일련번호코드><도로명지상지하코드>0</도로명지상지하코드><도로명코드>4145550</도로명코드><법정동> 등촌동</법정동><법정동본번코드>0628</법정동본번코드><법정동부번코드>0015</법정동부번코드><법정동시군구코드>11500</법정동시군구코드><법정동읍면동코드>10200</법정동읍면동코드><법정동지번코드>1</법정동지번코드><아파트>등촌라인(조합)</아파트><월>12</월><일>14</일><일련번호>11500-39</일련번호><전용면적>59.91</전용면적><중개사소재지>서울 강서구</중개사소재지><지번>628-15</지번><지역코드>11500</지역코드><층>12</층><해제사유발생일> </해제사유발생일><해제여부> </해제여부></item><item><거래금액>    58,000</거래금액><거래유형>중개거래</거래유형><건축년도>1995</건축년도><년>2022</년><도로명>공항대로39길</도로명><도로명건물본번호코드>00074</도로명건물본번호코드><도로명건물부번호코드>00000</도로명건물부번호코드><도로명시군구코드>11500</도로명시군구코드><도로명일련번호코드>01</도로명일련번호코드><도로명지상지하코드>0</도로명지상지하코드><도로명코드>4145179</도로명코드><법정동> 등촌동</법정동><법정동본번코드>0695</법정동본번코드><법정동부번코드>0000</법정동부번코드><법정동시군구코드>11500</법정동시군구코드><법정동읍면동코드>10200</법정동읍면동코드><법정동지번코드>1</법정동지번코드><아파트>주공5</아파트><월>12</월><일>26</일><일련번호>11500-56</일련번호><전용면적>58.14</전용면적><중개사소재지>서울 강서구</중개사소재지><지번>695</지번><지역코드>11500</지역코드><층>13</층><해제사유발생일> </해제사유발생일><해제여부> </해제여부></item><item><거래금액>   101,000</거래금액><거래유형>중개거래</거래유형><건축년도>2008</건축년도><년>2022</년><도로명>강서로</도로명><도로명건물본번호코드>00266</도로명건물본번호코드><도로명건물부번호코드>00000</도로명건물부번호코드><도로명시군구코드>11500</도로명시군구코드><도로명일련번호코드>02</도로명일련번호코드><도로명지상지하코드>0</도로명지상지하코드><도로명코드>3115001</도로명코드><법정동> 화곡동</법정동><법정동본번코드>1159</법정동본번코드><법정동부번코드>0000</법정동부번코드><법정동시군구코드>11500</법정동시군구코드><법정동읍면동코드>10300</법정동읍면동코드><법정동지번코드>1</법정동지번코드><아파트>우장산아이파크,이편한세상</아파트><월>12</월><일>1</일><일련번호>11500-5419</일련번호><전용면적>84.97</전용면적><중개사소재지>서울 강서구</중개사소재지><지번>1159</지번><지역코드>11500</지역코드><층>3</층><해제사유발생일> </해제사유발생일><해제여부> </해제여부></item><item><거래금액>     8,700</거래금액><거래유형>중개거래</거래유형><건축년도>2013</건축년도><년>2022</년><도로명>강서로7길</도로명><도로명건물본번호코드>00107</도로명건물본번호코드><도로명건물부번호코드>00000</도로명건물부번호코드><도로명시군구코드>11500</도로명시군구코드><도로명일련번호코드>01</도로명일련번호코드><도로명지상지하코드>0</도로명지상지하코드><도로명코드>4145080</도로명코드><법정동> 화곡동</법정동><법정동본번코드>0926</법정동본번코드><법정동부번코드>0005</법정동부번코드><법정동시군구코드>11500</법정동시군구코드><법정동읍면동코드>10300</법정동읍면동코드><법정동지번코드>1</법정동지번코드><아파트>한양아이클래스</아파트><월>12</월><일>2</일><일련번호>11500-6746</일련번호><전용면적>13.79</전용면적><중개사소재지>서울 강서구</중개사소재지><지번>926-5</지번><지역코드>11500</지역코드><층>8</층><해제사유발생일> </해제사유발생일><해제여부> </해제여부></item><item><거래금액>    50,500</거래금액><거래유형>중개거래</거래유형><건축년도>1998</건축년도><년>2022</년><도로명>강서로45다길</도로명><도로명건물본번호코드>00030</도로명건물본번호코드><도로명건물부번호코드>00027</도로명건물부번호코드><도로명시군구코드>11500</도로명시군구코드><도로명일련번호코드>01</도로명일련번호코드><도로명지상지하코드>0</도로명지상지하코드><도로명코드>4145054</도로명코드><법정동> 화곡동</법정동><법정동본번코드>1139</법정동본번코드><법정동부번코드>0000</법정동부번코드><법정동시군구코드>11500</법정동시군구코드><법정동읍면동코드>10300</법정동읍면동코드><법정동지번코드>1</법정동지번코드><아파트>초록</아파트><월>12</월><일>3</일><일련번호>11500-103</일련번호><전용면적>49.77</전용면적><중개사소재지>서울 강서구</중개사소재지><지번>1139</지번><지역코드>11500</지역코드><층>9</층><해제사유발생일> </해제사유발생일><해제여부> </해제여부></item><item><거래금액>    79,000</거래금액><거래유형>중개거래</거래유형><건축년도>2006</건축년도><년>2022</년><도로명>우현로</도로명><도로명건물본번호코드>00026</도로명건물본번호코드><도로명건물부번호코드>00000</도로명건물부번호코드><도로명시군구코드>11500</도로명시군구코드><도로명일련번호코드>01</도로명일련번호코드><도로명지상지하코드>0</도로명지상지하코드><도로명코드>3115010</도로명코드><법정동> 화곡동</법정동><법정동본번코드>1158</법정동본번코드><법정동부번코드>0000</법정동부번코드><법정동시군구코드>11500</법정동시군구코드><법정동읍면동코드>10300</법정동읍면동코드><법정동지번코드>1</법정동지번코드><아파트>우장산에스케이뷰</아파트><월>12</월><일>5</일><일련번호>11500-5251</일련번호><전용면적>84.98</전용면적><중개사소재지>서울 강서구</중개사소재지><지번>1158</지번><지역코드>11500</지역코드><층>7</층><해제사유발생일> </해제사유발생일><해제여부> </해제여부></item><item><거래금액>     8,900</거래금액><거래유형>중개거래</거래유형><건축년도>2013</건축년도><년>2022</년><도로명>강서로7길</도로명><도로명건물본번호코드>00107</도로명건물본번호코드><도로명건물부번호코드>00000</도로명건물부번호코드><도로명시군구코드>11500</도로명시군구코드><도로명일련번호코드>01</도로명일련번호코드><도로명지상지하코드>0</도로명지상지하코드><도로명코드>4145080</도로명코드><법정동> 화곡동</법정동><법정동본번코드>0926</법정동본번코드><법정동부번코드>0005</법정동부번코드><법정동시군구코드>11500</법정동시군구코드><법정동읍면동코드>10300</법정동읍면동코드><법정동지번코드>1</법정동지번코드><아파트>한양아이클래스</아파트><월>12</월><일>7</일><일련번호>11500-6746</일련번호><전용면적>13.79</전용면적><중개사소재지>서울 구로구</중개사소재지><지번>926-5</지번><지역코드>11500</지역코드><층>8</층><해제사유발생일>23.02.01</해제사유발생일><해제여부>O</해제여부></item><item><거래금액>    84,000</거래금액><거래유형>직거래</거래유형><건축년도>2002</건축년도><년>2022</년><도로명>화곡로13길</도로명><도로명건물본번호코드>00107</도로명건물본번호코드><도로명건물부번호코드>00000</도로명건물부번호코드><도로명시군구코드>11500</도로명시군구코드><도로명일련번호코드>01</도로명일련번호코드><도로명지상지하코드>0</도로명지상지하코드><도로명코드>4145494</도로명코드><법정동> 화곡동</법정동><법정동본번코드>1091</법정동본번코드><법정동부번코드>0000</법정동부번코드><법정동시군구코드>11500</법정동시군구코드><법정동읍면동코드>10300</법정동읍면동코드><법정동지번코드>1</법정동지번코드><아파트>화곡푸르지오</아파트><월>12</월><일>9</일><일련번호>11500-120</일련번호><전용면적>103.92</전용면적><중개사소재지> </중개사소재지><지번>1091</지번><지역코드>11500</지역코드><층>3</층><해제사유발생일> </해제사유발생일><해제여부> </해제여부></item><item><거래금액>     9,450</거래금액><거래유형>중개거래</거래유형><건축년도>2012</건축년도><년>2022</년><도로명>공항대로46길</도로명><도로명건물본번호코드>00028</도로명건물본번호코드><도로명건물부번호코드>00000</도로명건물부번호코드><도로명시군구코드>11500</도로명시군구코드><도로명일련번호코드>01</도로명일련번호코드><도로명지상지하코드>0</도로명지상지하코드><도로명코드>4145190</도로명코드><법정동> 화곡동</법정동><법정동본번코드>1161</법정동본번코드><법정동부번코드>0000</법정동부번코드><법정동시군구코드>11500</법정동시군구코드><법정동읍면동코드>10300</법정동읍면동코드><법정동지번코드>1</법정동지번코드><아파트>강서동도센트리움</아파트><월>12</월><일>9</일><일련번호>11500-6622</일련번호><전용면적>14.677</전용면적><중개사소재지>서울 강서구</중개사소재지><지번>1161</지번><지역코드>11500</지역코드><층>2</층><해제사유발생일> </해제사유발생일><해제여부> </해제여부></item><item><거래금액>   116,000</거래금액><거래유형>중개거래</거래유형><건축년도>2015</건축년도><년>2022</년><도로명>우현로</도로명><도로명건물본번호코드>00067</도로명건물본번호코드><도로명건물부번호코드>00000</도로명건물부번호코드><도로명시군구코드>11500</도로명시군구코드><도로명일련번호코드>01</도로명일련번호코드><도로명지상지하코드>0</도로명지상지하코드><도로명코드>3115010</도로명코드><법정동> 화곡동</법정동><법정동본번코드>1165</법정동본번코드><법정동부번코드>0000</법정동부번코드><법정동시군구코드>11500</법정동시군구코드><법정동읍면동코드>10300</법정동읍면동코드><법정동지번코드>1</법정동지번코드><아파트>강서힐스테이트</아파트><월>12</월><일>10</일><일련번호>11500-6919</일련번호><전용면적>84.99</전용면적><중개사소재지>서울 강서구</중개사소재지><지번>1165</지번><지역코드>11500</지역코드><층>9</층><해제사유발생일> </해제사유발생일><해제여부> </해제여부></item><item><거래금액>    31,500</거래금액><거래유형>직거래</거래유형><건축년도>2004</건축년도><년>2022</년><도로명>초록마을로</도로명><도로명건물본번호코드>00121</도로명건물본번호코드><도로명건물부번호코드>00000</도로명건물부번호코드><도로명시군구코드>11500</도로명시군구코드><도로명일련번호코드>01</도로명일련번호코드><도로명지상지하코드>0</도로명지상지하코드><도로명코드>3115011</도로명코드><법정동> 화곡동</법정동><법정동본번코드>1146</법정동본번코드><법정동부번코드>0000</법정동부번코드><법정동시군구코드>11500</법정동시군구코드><법정동읍면동코드>10300</법정동읍면동코드><법정동지번코드>1</법정동지번코드><아파트>태창네스트힐</아파트><월>12</월><일>12</일><일련번호>11500-245</일련번호><전용면적>71.98</전용면적><중개사소재지> </중개사소재지><지번>1146</지번><지역코드>11500</지역코드><층>4</층><해제사유발생일> </해제사유발생일><해제여부> </해제여부></item><item><거래금액>    25,500</거래금액><거래유형>중개거래</거래유형><건축년도>2018</건축년도><년>2022</년><도로명>강서로</도로명><도로명건물본번호코드>00043</도로명건물본번호코드><도로명건물부번호코드>00006</도로명건물부번호코드><도로명시군구코드>11500</도로명시군구코드><도로명일련번호코드>00</도로명일련번호코드><도로명코드>3115001</도로명코드><법정동> 화곡동</법정동><법정동본번코드>0343</법정동본번코드><법정동부번코드>0049</법정동부번코드><법정동시군구코드>11500</법정동시군구코드><법정동읍면동코드>10300</법정동읍면동코드><법정동지번코드>1</법정동지번코드><아파트>혜성오피아파트</아파트><월>12</월><일>16</일><일련번호>11500-7721</일련번호><전용면적>29.44</전용면적><중개사소재지>서울 강서구</중개사소재지><지번>343-49</지번><지역코드>11500</지역코드><층>8</층><해제사유발생일> </해제사유발생일><해제여부> </해제여부></item><item><거래금액>     8,500</거래금액><거래유형>중개거래</거래유형><건축년도>2013</건축년도><년>2022</년><도로명>강서로7길</도로명><도로명건물본번호코드>00107</도로명건물본번호코드><도로명건물부번호코드>00000</도로명건물부번호코드><도로명시군구코드>11500</도로명시군구코드><도로명일련번호코드>01</도로명일련번호코드><도로명지상지하코드>0</도로명지상지하코드><도로명코드>4145080</도로명코드><법정동> 화곡동</법정동><법정동본번코드>0926</법정동본번코드><법정동부번코드>0005</법정동부번코드><법정동시군구코드>11500</법정동시군구코드><법정동읍면동코드>10300</법정동읍면동코드><법정동지번코드>1</법정동지번코드><아파트>한양아이클래스</아파트><월>12</월><일>20</일><일련번호>11500-6746</일련번호><전용면적>13.79</전용면적><중개사소재지>서울 강서구</중개사소재지><지번>926-5</지번><지역코드>11500</지역코드><층>10</층><해제사유발생일> </해제사유발생일><해제여부> </해제여부></item><item><거래금액>    10,000</거래금액><거래유형>중개거래</거래유형><건축년도>2015</건축년도><년>2022</년><도로명>강서로7길</도로명><도로명건물본번호코드>00070</도로명건물본번호코드><도로명건물부번호코드>00000</도로명건물부번호코드><도로명시군구코드>11500</도로명시군구코드><도로명일련번호코드>00</도로명일련번호코드><도로명지상지하코드>0</도로명지상지하코드><도로명코드>4145080</도로명코드><법정동> 화곡동</법정동><법정동본번코드>0917</법정동본번코드><법정동부번코드>0014</법정동부번코드><법정동시군구코드>11500</법정동시군구코드><법정동읍면동코드>10300</법정동읍면동코드><법정동지번코드>1</법정동지번코드><아파트>삼성다빈치(917-14)</아파트><월>12</월><일>20</일><일련번호>11500-7090</일련번호><전용면적>14.35</전용면적><중개사소재지>서울 강서구</중개사소재지><지번>917-14</지번><지역코드>11500</지역코드><층>8</층><해제사유발생일> </해제사유발생일><해제여부> </해제여부></item><item><거래금액>    90,000</거래금액><거래유형>중개거래</거래유형><건축년도>2008</건축년도><년>2022</년><도로명>강서로</도로명><도로명건물본번호코드>00266</도로명건물본번호코드><도로명건물부번호코드>00000</도로명건물부번호코드><도로명시군구코드>11500</도로명시군구코드><도로명일련번호코드>02</도로명일련번호코드><도로명지상지하코드>0</도로명지상지하코드><도로명코드>3115001</도로명코드><법정동> 화곡동</법정동><법정동본번코드>1159</법정동본번코드><법정동부번코드>0000</법정동부번코드><법정동시군구코드>11500</법정동시군구코드><법정동읍면동코드>10300</법정동읍면동코드><법정동지번코드>1</법정동지번코드><아파트>우장산아이파크,이편한세상</아파트><월>12</월><일>22</일><일련번호>11500-5419</일련번호><전용면적>59.98</전용면적><중개사소재지>서울 강서구</중개사소재지><지번>1159</지번><지역코드>11500</지역코드><층>17</층><해제사유발생일> </해제사유발생일><해제여부> </해제여부></item><item><거래금액>   136,500</거래금액><거래유형>중개거래</거래유형><건축년도>2015</건축년도><년>2022</년><도로명>우현로</도로명><도로명건물본번호코드>00067</도로명건물본번호코드><도로명건물부번호코드>00000</도로명건물부번호코드><도로명시군구코드>11500</도로명시군구코드><도로명일련번호코드>01</도로명일련번호코드><도로명지상지하코드>0</도로명지상지하코드><도로명코드>3115010</도로명코드><법정동> 화곡동</법정동><법정동본번코드>1165</법정동본번코드><법정동부번코드>0000</법정동부번코드><법정동시군구코드>11500</법정동시군구코드><법정동읍면동코드>10300</법정동읍면동코드><법정동지번코드>1</법정동지번코드><아파트>강서힐스테이트</아파트><월>12</월><일>22</일><일련번호>11500-6919</일련번호><전용면적>128.81</전용면적><중개사소재지>서울 강서구</중개사소재지><지번>1165</지번><지역코드>11500</지역코드><층>19</층><해제사유발생일> </해제사유발생일><해제여부> </해제여부></item><item><거래금액>    78,000</거래금액><거래유형>중개거래</거래유형><건축년도>2008</건축년도><년>2022</년><도로명>강서로</도로명><도로명건물본번호코드>00266</도로명건물본번호코드><도로명건물부번호코드>00000</도로명건물부번호코드><도로명시군구코드>11500</도로명시군구코드><도로명일련번호코드>02</도로명일련번호코드><도로명지상지하코드>0</도로명지상지하코드><도로명코드>3115001</도로명코드><법정동> 화곡동</법정동><법정동본번코드>1159</법정동본번코드><법정동부번코드>0000</법정동부번코드><법정동시군구코드>11500</법정동시군구코드><법정동읍면동코드>10300</법정동읍면동코드><법정동지번코드>1</법정동지번코드><아파트>우장산아이파크,이편한세상</아파트><월>12</월><일>23</일><일련번호>11500-5419</일련번호><전용면적>59.98</전용면적><중개사소재지>서울 강서구</중개사소재지><지번>1159</지번><지역코드>11500</지역코드><층>1</층><해제사유발생일> </해제사유발생일><해제여부> </해제여부></item><item><거래금액>     9,500</거래금액><거래유형>직거래</거래유형><건축년도>2013</건축년도><년>2022</년><도로명>곰달래로20길</도로명><도로명건물본번호코드>00031</도로명건물본번호코드><도로명건물부번호코드>00000</도로명건물부번호코드><도로명시군구코드>11500</도로명시군구코드><도로명일련번호코드>01</도로명일련번호코드><도로명지상지하코드>0</도로명지상지하코드><도로명코드>4145120</도로명코드><법정동> 화곡동</법정동><법정동본번코드>0915</법정동본번코드><법정동부번코드>0033</법정동부번코드><법정동시군구코드>11500</법정동시군구코드><법정동읍면동코드>10300</법정동읍면동코드><법정동지번코드>1</법정동지번코드><아파트>황제팰리체</아파트><월>12</월><일>26</일><일련번호>11500-6689</일련번호><전용면적>12.031</전용면적><중개사소재지> </중개사소재지><지번>915-33</지번><지역코드>11500</지역코드><층>9</층><해제사유발생일> </해제사유발생일><해제여부> </해제여부></item><item><거래금액>   145,000</거래금액><거래유형>중개거래</거래유형><건축년도>2015</건축년도><년>2022</년><도로명>우현로</도로명><도로명건물본번호코드>00067</도로명건물본번호코드><도로명건물부번호코드>00000</도로명건물부번호코드><도로명시군구코드>11500</도로명시군구코드><도로명일련번호코드>01</도로명일련번호코드><도로명지상지하코드>0</도로명지상지하코드><도로명코드>3115010</도로명코드><법정동> 화곡동</법정동><법정동본번코드>1165</법정동본번코드><법정동부번코드>0000</법정동부번코드><법정동시군구코드>11500</법정동시군구코드><법정동읍면동코드>10300</법정동읍면동코드><법정동지번코드>1</법정동지번코드><아파트>강서힐스테이트</아파트><월>12</월><일>26</일><일련번호>11500-6919</일련번호><전용면적>128.81</전용면적><중개사소재지>서울 강서구</중개사소재지><지번>1165</지번><지역코드>11500</지역코드><층>11</층><해제사유발생일> </해제사유발생일><해제여부> </해제여부></item><item><거래금액>    85,000</거래금액><거래유형>직거래</거래유형><건축년도>2008</건축년도><년>2022</년><도로명>강서로</도로명><도로명건물본번호코드>00266</도로명건물본번호코드><도로명건물부번호코드>00000</도로명건물부번호코드><도로명시군구코드>11500</도로명시군구코드><도로명일련번호코드>02</도로명일련번호코드><도로명지상지하코드>0</도로명지상지하코드><도로명코드>3115001</도로명코드><법정동> 화곡동</법정동><법정동본번코드>1159</법정동본번코드><법정동부번코드>0000</법정동부번코드><법정동시군구코드>11500</법정동시군구코드><법정동읍면동코드>10300</법정동읍면동코드><법정동지번코드>1</법정동지번코드><아파트>우장산아이파크,이편한세상</아파트><월>12</월><일>29</일><일련번호>11500-5419</일련번호><전용면적>84.97</전용면적><중개사소재지> </중개사소재지><지번>1159</지번><지역코드>11500</지역코드><층>20</층><해제사유발생일> </해제사유발생일><해제여부> </해제여부></item><item><거래금액>   115,000</거래금액><거래유형>중개거래</거래유형><건축년도>1993</건축년도><년>2022</년><도로명>허준로</도로명><도로명건물본번호코드>00121</도로명건물본번호코드><도로명건물부번호코드>00000</도로명건물부번호코드><도로명시군구코드>11500</도로명시군구코드><도로명일련번호코드>01</도로명일련번호코드><도로명지상지하코드>0</도로명지상지하코드><도로명코드>3115013</도로명코드><법정동> 가양동</법정동><법정동본번코드>1474</법정동본번코드><법정동부번코드>0000</법정동부번코드><법정동시군구코드>11500</법정동시군구코드><법정동읍면동코드>10400</법정동읍면동코드><법정동지번코드>1</법정동지번코드><아파트>대림경동아파트</아파트><월>12</월><일>3</일><일련번호>11500-147</일련번호><전용면적>131.4</전용면적><중개사소재지>서울 강서구</중개사소재지><지번>1474</지번><지역코드>11500</지역코드><층>12</층><해제사유발생일> </해제사유발생일><해제여부> </해제여부></item><item><거래금액>    90,500</거래금액><거래유형>중개거래</거래유형><건축년도>1990</건축년도><년>2022</년><도로명>양천로</도로명><도로명건물본번호코드>00489</도로명건물본번호코드><도로명건물부번호코드>00000</도로명건물부번호코드><도로명시군구코드>11500</도로명시군구코드><도로명일련번호코드>03</도로명일련번호코드><도로명지상지하코드>0</도로명지상지하코드><도로명코드>3115008</도로명코드><법정동> 가양동</법정동><법정동본번코드>0014</법정동본번코드><법정동부번코드>0003</법정동부번코드><법정동시군구코드>11500</법정동시군구코드><법정동읍면동코드>10400</법정동읍면동코드><법정동지번코드>1</법정동지번코드><아파트>가양우성</아파트><월>12</월><일>11</일><일련번호>11500-144</일련번호><전용면적>84.87</전용면적><중개사소재지>서울 강서구</중개사소재지><지번>14-3</지번><지역코드>11500</지역코드><층>6</층><해제사유발생일> </해제사유발생일><해제여부> </해제여부></item><item><거래금액>    69,800</거래금액><거래유형>중개거래</거래유형><건축년도>1999</건축년도><년>2022</년><도로명>양천로</도로명><도로명건물본번호코드>00507</도로명건물본번호코드><도로명건물부번호코드>00000</도로명건물부번호코드><도로명시군구코드>11500</도로명시군구코드><도로명일련번호코드>03</도로명일련번호코드><도로명지상지하코드>0</도로명지상지하코드><도로명코드>3115008</도로명코드><법정동> 가양동</법정동><법정동본번코드>0448</법정동본번코드><법정동부번코드>0001</법정동부번코드><법정동시군구코드>11500</법정동시군구코드><법정동읍면동코드>10400</법정동읍면동코드><법정동지번코드>1</법정동지번코드><아파트>가양강나루현대</아파트><월>12</월><일>27</일><일련번호>11500-143</일련번호><전용면적>59.76</전용면적><중개사소재지>서울 강서구</중개사소재지><지번>448-1</지번><지역코드>11500</지역코드><층>8</층><해제사유발생일> </해제사유발생일><해제여부> </해제여부></item><item><거래금액>   115,000</거래금액><거래유형>중개거래</거래유형><건축년도>2017</건축년도><년>2022</년><도로명>마곡중앙1로</도로명><도로명건물본번호코드>00071</도로명건물본번호코드><도로명건물부번호코드>00000</도로명건물부번호코드><도로명시군구코드>11500</도로명시군구코드><도로명일련번호코드>00</도로명일련번호코드><도로명지상지하코드>0</도로명지상지하코드><도로명코드>3155049</도로명코드><법정동> 마곡동</법정동><법정동본번코드>0748</법정동본번코드><법정동부번코드>0000</법정동부번코드><법정동시군구코드>11500</법정동시군구코드><법정동읍면동코드>10500</법정동읍면동코드><법정동지번코드>1</법정동지번코드><아파트>마곡13단지힐스테이트마스터</아파트><월>12</월><일>2</일><일련번호>11500-7596</일련번호><전용면적>84.9805</전용면적><중개사소재지>서울 강서구</중개사소재지><지번>748</지번><지역코드>11500</지역코드><층>10</층><해제사유발생일> </해제사유발생일><해제여부> </해제여부></item><item><거래금액>   113,000</거래금액><거래유형>중개거래</거래유형><건축년도>2017</건축년도><년>2022</년><도로명>마곡중앙1로</도로명><도로명건물본번호코드>00071</도로명건물본번호코드><도로명건물부번호코드>00000</도로명건물부번호코드><도로명시군구코드>11500</도로명시군구코드><도로명일련번호코드>00</도로명일련번호코드><도로명지상지하코드>0</도로명지상지하코드><도로명코드>3155049</도로명코드><법정동> 마곡동</법정동><법정동본번코드>0748</법정동본번코드><법정동부번코드>0000</법정동부번코드><법정동시군구코드>11500</법정동시군구코드><법정동읍면동코드>10500</법정동읍면동코드><법정동지번코드>1</법정동지번코드><아파트>마곡13단지힐스테이트마스터</아파트><월>12</월><일>12</일><일련번호>11500-7596</일련번호><전용면적>84.9805</전용면적><중개사소재지>서울 강서구</중개사소재지><지번>748</지번><지역코드>11500</지역코드><층>11</층><해제사유발생일> </해제사유발생일><해제여부> </해제여부></item><item><거래금액>   116,000</거래금액><거래유형>중개거래</거래유형><건축년도>2017</건축년도><년>2022</년><도로명>마곡중앙3로</도로명><도로명건물본번호코드>00074</도로명건물본번호코드><도로명건물부번호코드>00000</도로명건물부번호코드><도로명시군구코드>11500</도로명시군구코드><도로명일련번호코드>01</도로명일련번호코드><도로명지상지하코드>0</도로명지상지하코드><도로명코드>3155050</도로명코드><법정동> 마곡동</법정동><법정동본번코드>0725</법정동본번코드><법정동부번코드>0001</법정동부번코드><법정동시군구코드>11500</법정동시군구코드><법정동읍면동코드>10500</법정동읍면동코드><법정동지번코드>1</법정동지번코드><아파트>마곡힐스테이트</아파트><월>12</월><일>13</일><일련번호>11500-7244</일련번호><전용면적>84.98</전용면적><중개사소재지>서울 강서구</중개사소재지><지번>725-1</지번><지역코드>11500</지역코드><층>6</층><해제사유발생일> </해제사유발생일><해제여부> </해제여부></item><item><거래금액>    90,000</거래금액><거래유형>중개거래</거래유형><건축년도>1993</건축년도><년>2022</년><도로명>양천로30길</도로명><도로명건물본번호코드>00123</도로명건물본번호코드><도로명건물부번호코드>00009</도로명건물부번호코드><도로명시군구코드>11500</도로명시군구코드><도로명일련번호코드>01</도로명일련번호코드><도로명지상지하코드>0</도로명지상지하코드><도로명코드>4145404</도로명코드><법정동> 마곡동</법정동><법정동본번코드>0422</법정동본번코드><법정동부번코드>0000</법정동부번코드><법정동시군구코드>11500</법정동시군구코드><법정동읍면동코드>10500</법정동읍면동코드><법정동지번코드>1</법정동지번코드><아파트>신안</아파트><월>12</월><일>18</일><일련번호>11500-158</일련번호><전용면적>84.97</전용면적><중개사소재지>서울 강서구</중개사소재지><지번>422</지번><지역코드>11500</지역코드><층>4</층><해제사유발생일> </해제사유발생일><해제여부> </해제여부></item><item><거래금액>   114,800</거래금액><거래유형>중개거래</거래유형><건축년도>2017</건축년도><년>2022</년><도로명>마곡중앙1로</도로명><도로명건물본번호코드>00071</도로명건물본번호코드><도로명건물부번호코드>00000</도로명건물부번호코드><도로명시군구코드>11500</도로명시군구코드><도로명일련번호코드>00</도로명일련번호코드><도로명지상지하코드>0</도로명지상지하코드><도로명코드>3155049</도로명코드><법정동> 마곡동</법정동><법정동본번코드>0748</법정동본번코드><법정동부번코드>0000</법정동부번코드><법정동시군구코드>11500</법정동시군구코드><법정동읍면동코드>10500</법정동읍면동코드><법정동지번코드>1</법정동지번코드><아파트>마곡13단지힐스테이트마스터</아파트><월>12</월><일>27</일><일련번호>11500-7596</일련번호><전용면적>84.9805</전용면적><중개사소재지>서울 강서구</중개사소재지><지번>748</지번><지역코드>11500</지역코드><층>12</층><해제사유발생일> </해제사유발생일><해제여부> </해제여부></item><item><거래금액>   110,000</거래금액><거래유형>중개거래</거래유형><건축년도>2017</건축년도><년>2022</년><도로명>마곡중앙1로</도로명><도로명건물본번호코드>00071</도로명건물본번호코드><도로명건물부번호코드>00000</도로명건물부번호코드><도로명시군구코드>11500</도로명시군구코드><도로명일련번호코드>00</도로명일련번호코드><도로명지상지하코드>0</도로명지상지하코드><도로명코드>3155049</도로명코드><법정동> 마곡동</법정동><법정동본번코드>0748</법정동본번코드><법정동부번코드>0000</법정동부번코드><법정동시군구코드>11500</법정동시군구코드><법정동읍면동코드>10500</법정동읍면동코드><법정동지번코드>1</법정동지번코드><아파트>마곡13단지힐스테이트마스터</아파트><월>12</월><일>28</일><일련번호>11500-7596</일련번호><전용면적>84.9881</전용면적><중개사소재지>서울 강서구</중개사소재지><지번>748</지번><지역코드>11500</지역코드><층>8</층><해제사유발생일> </해제사유발생일><해제여부> </해제여부></item><item><거래금액>   113,500</거래금액><거래유형>중개거래</거래유형><건축년도>2017</건축년도><년>2022</년><도로명>마곡중앙1로</도로명><도로명건물본번호코드>00071</도로명건물본번호코드><도로명건물부번호코드>00000</도로명건물부번호코드><도로명시군구코드>11500</도로명시군구코드><도로명일련번호코드>00</도로명일련번호코드><도로명지상지하코드>0</도로명지상지하코드><도로명코드>3155049</도로명코드><법정동> 마곡동</법정동><법정동본번코드>0748</법정동본번코드><법정동부번코드>0000</법정동부번코드><법정동시군구코드>11500</법정동시군구코드><법정동읍면동코드>10500</법정동읍면동코드><법정동지번코드>1</법정동지번코드><아파트>마곡13단지힐스테이트마스터</아파트><월>12</월><일>31</일><일련번호>11500-7596</일련번호><전용면적>84.9805</전용면적><중개사소재지>서울 강서구, 서울 금천구</중개사소재지><지번>748</지번><지역코드>11500</지역코드><층>15</층><해제사유발생일> </해제사유발생일><해제여부> </해제여부></item><item><거래금액>    65,000</거래금액><거래유형>중개거래</거래유형><건축년도>2007</건축년도><년>2022</년><도로명>강서로46길</도로명><도로명건물본번호코드>00078</도로명건물본번호코드><도로명건물부번호코드>00000</도로명건물부번호코드><도로명시군구코드>11500</도로명시군구코드><도로명일련번호코드>01</도로명일련번호코드><도로명지상지하코드>0</도로명지상지하코드><도로명코드>4145056</도로명코드><법정동> 내발산동</법정동><법정동본번코드>0738</법정동본번코드><법정동부번코드>0000</법정동부번코드><법정동시군구코드>11500</법정동시군구코드><법정동읍면동코드>10600</법정동읍면동코드><법정동지번코드>1</법정동지번코드><아파트>청솔숲속마을102동</아파트><월>12</월><일>3</일><일련번호>11500-5383</일련번호><전용면적>61.68</전용면적><중개사소재지>서울 강서구</중개사소재지><지번>738</지번><지역코드>11500</지역코드><층>5</층><해제사유발생일> </해제사유발생일><해제여부> </해제여부></item><item><거래금액>    69,000</거래금액><거래유형>중개거래</거래유형><건축년도>2008</건축년도><년>2022</년><도로명>수명로2길</도로명><도로명건물본번호코드>00105</도로명건물본번호코드><도로명건물부번호코드>00000</도로명건물부번호코드><도로명시군구코드>11500</도로명시군구코드><도로명일련번호코드>01</도로명일련번호코드><도로명지상지하코드>0</도로명지상지하코드><도로명코드>4145382</도로명코드><법정동> 내발산동</법정동><법정동본번코드>0749</법정동본번코드><법정동부번코드>0000</법정동부번코드><법정동시군구코드>11500</법정동시군구코드><법정동읍면동코드>10600</법정동읍면동코드><법정동지번코드>1</법정동지번코드><아파트>마곡수명산파크5단지</아파트><월>12</월><일>3</일><일련번호>11500-5547</일련번호><전용면적>59.76</전용면적><중개사소재지>서울 강서구</중개사소재지><지번>749</지번><지역코드>11500</지역코드><층>5</층><해제사유발생일> </해제사유발생일><해제여부> </해제여부></item><item><거래금액>   100,000</거래금액><거래유형>중개거래</거래유형><건축년도>2007</건축년도><년>2022</년><도로명>강서로47길</도로명><도로명건물본번호코드>00108</도로명건물본번호코드><도로명건물부번호코드>00000</도로명건물부번호코드><도로명시군구코드>11500</도로명시군구코드><도로명일련번호코드>01</도로명일련번호코드><도로명지상지하코드>0</도로명지상지하코드><도로명코드>4145058</도로명코드><법정동> 내발산동</법정동><법정동본번코드>0742</법정동본번코드><법정동부번코드>0000</법정동부번코드><법정동시군구코드>11500</법정동시군구코드><법정동읍면동코드>10600</법정동읍면동코드><법정동지번코드>1</법정동지번코드><아파트>마곡수명산파크1단지</아파트><월>12</월><일>10</일><일련번호>11500-5371</일련번호><전용면적>84.82</전용면적><중개사소재지>서울 강서구</중개사소재지><지번>742</지번><지역코드>11500</지역코드><층>9</층><해제사유발생일> </해제사유발생일><해제여부> </해제여부></item><item><거래금액>    78,000</거래금액><거래유형>중개거래</거래유형><건축년도>2008</건축년도><년>2022</년><도로명>수명로2가길</도로명><도로명건물본번호코드>00022</도로명건물본번호코드><도로명건물부번호코드>00000</도로명건물부번호코드><도로명시군구코드>11500</도로명시군구코드><도로명일련번호코드>01</도로명일련번호코드><도로명지상지하코드>0</도로명지상지하코드><도로명코드>4145558</도로명코드><법정동> 내발산동</법정동><법정동본번코드>0756</법정동본번코드><법정동부번코드>0000</법정동부번코드><법정동시군구코드>11500</법정동시군구코드><법정동읍면동코드>10600</법정동읍면동코드><법정동지번코드>1</법정동지번코드><아파트>마곡수명산파크7단지</아파트><월>12</월><일>10</일><일련번호>11500-5741</일련번호><전용면적>84.68</전용면적><중개사소재지>서울 강서구</중개사소재지><지번>756</지번><지역코드>11500</지역코드><층>6</층><해제사유발생일> </해제사유발생일><해제여부> </해제여부></item><item><거래금액>    76,000</거래금액><거래유형>중개거래</거래유형><건축년도>2008</건축년도><년>2022</년><도로명>수명로1길</도로명><도로명건물본번호코드>00016</도로명건물본번호코드><도로명건물부번호코드>00000</도로명건물부번호코드><도로명시군구코드>11500</도로명시군구코드><도로명일련번호코드>01</도로명일련번호코드><도로명지상지하코드>0</도로명지상지하코드><도로명코드>4145381</도로명코드><법정동> 내발산동</법정동><법정동본번코드>0753</법정동본번코드><법정동부번코드>0000</법정동부번코드><법정동시군구코드>11500</법정동시군구코드><법정동읍면동코드>10600</법정동읍면동코드><법정동지번코드>1</법정동지번코드><아파트>마곡수명산파크4단지</아파트><월>12</월><일>12</일><일련번호>11500-5437</일련번호><전용면적>84.53</전용면적><중개사소재지>서울 강서구</중개사소재지><지번>753</지번><지역코드>11500</지역코드><층>14</층><해제사유발생일> </해제사유발생일><해제여부> </해제여부></item><item><거래금액>    80,000</거래금액><거래유형>직거래</거래유형><건축년도>2008</건축년도><년>2022</년><도로명>수명로1길</도로명><도로명건물본번호코드>00016</도로명건물본번호코드><도로명건물부번호코드>00000</도로명건물부번호코드><도로명시군구코드>11500</도로명시군구코드><도로명일련번호코드>01</도로명일련번호코드><도로명지상지하코드>0</도로명지상지하코드><도로명코드>4145381</도로명코드><법정동> 내발산동</법정동><법정동본번코드>0753</법정동본번코드><법정동부번코드>0000</법정동부번코드><법정동시군구코드>11500</법정동시군구코드><법정동읍면동코드>10600</법정동읍면동코드><법정동지번코드>1</법정동지번코드><아파트>마곡수명산파크4단지</아파트><월>12</월><일>14</일><일련번호>11500-5437</일련번호><전용면적>59.84</전용면적><중개사소재지> </중개사소재지><지번>753</지번><지역코드>11500</지역코드><층>9</층><해제사유발생일> </해제사유발생일><해제여부> </해제여부></item><item><거래금액>    72,000</거래금액><거래유형>중개거래</거래유형><건축년도>2004</건축년도><년>2022</년><도로명>강서로45길</도로명><도로명건물본번호코드>00018</도로명건물본번호코드><도로명건물부번호코드>00000</도로명건물부번호코드><도로명시군구코드>11500</도로명시군구코드><도로명일련번호코드>02</도로명일련번호코드><도로명지상지하코드>0</도로명지상지하코드><도로명코드>4145052</도로명코드><법정동> 내발산동</법정동><법정동본번코드>0722</법정동본번코드><법정동부번코드>0016</법정동부번코드><법정동시군구코드>11500</법정동시군구코드><법정동읍면동코드>10600</법정동읍면동코드><법정동지번코드>1</법정동지번코드><아파트>태승훼미리</아파트><월>12</월><일>17</일><일련번호>11500-373</일련번호><전용면적>83.61</전용면적><중개사소재지>서울 강서구</중개사소재지><지번>722-16</지번><지역코드>11500</지역코드><층>7</층><해제사유발생일> </해제사유발생일><해제여부> </해제여부></item><item><거래금액>    63,500</거래금액><거래유형>중개거래</거래유형><건축년도>2001</건축년도><년>2022</년><도로명>우장산로8길</도로명><도로명건물본번호코드>00023</도로명건물본번호코드><도로명건물부번호코드>00000</도로명건물부번호코드><도로명시군구코드>11500</도로명시군구코드><도로명일련번호코드>01</도로명일련번호코드><도로명지상지하코드>0</도로명지상지하코드><도로명코드>4145439</도로명코드><법정동> 내발산동</법정동><법정동본번코드>0673</법정동본번코드><법정동부번코드>0002</법정동부번코드><법정동시군구코드>11500</법정동시군구코드><법정동읍면동코드>10600</법정동읍면동코드><법정동지번코드>1</법정동지번코드><아파트>청솔101동</아파트><월>12</월><일>29</일><일련번호>11500-174</일련번호><전용면적>78.2152</전용면적><중개사소재지>서울 강서구</중개사소재지><지번>673-2</지번><지역코드>11500</지역코드><층>11</층><해제사유발생일> </해제사유발생일><해제여부> </해제여부></item><item><거래금액>    80,500</거래금액><거래유형>중개거래</거래유형><건축년도>2007</건축년도><년>2022</년><도로명>수명로1길</도로명><도로명건물본번호코드>00110</도로명건물본번호코드><도로명건물부번호코드>00000</도로명건물부번호코드><도로명시군구코드>11500</도로명시군구코드><도로명일련번호코드>01</도로명일련번호코드><도로명지상지하코드>0</도로명지상지하코드><도로명코드>4145381</도로명코드><법정동> 내발산동</법정동><법정동본번코드>0751</법정동본번코드><법정동부번코드>0000</법정동부번코드><법정동시군구코드>11500</법정동시군구코드><법정동읍면동코드>10600</법정동읍면동코드><법정동지번코드>1</법정동지번코드><아파트>마곡수명산파크3단지</아파트><월>12</월><일>29</일><일련번호>11500-5349</일련번호><전용면적>84.96</전용면적><중개사소재지>서울 강서구</중개사소재지><지번>751</지번><지역코드>11500</지역코드><층>9</층><해제사유발생일> </해제사유발생일><해제여부> </해제여부></item><item><거래금액>    70,000</거래금액><거래유형>중개거래</거래유형><건축년도>1994</건축년도><년>2022</년><도로명>공항대로2길</도로명><도로명건물본번호코드>00061</도로명건물본번호코드><도로명건물부번호코드>00000</도로명건물부번호코드><도로명시군구코드>11500</도로명시군구코드><도로명일련번호코드>01</도로명일련번호코드><도로명지상지하코드>0</도로명지상지하코드><도로명코드>4145175</도로명코드><법정동> 공항동</법정동><법정동본번코드>0061</법정동본번코드><법정동부번코드>0002</법정동부번코드><법정동시군구코드>11500</법정동시군구코드><법정동읍면동코드>10800</법정동읍면동코드><법정동지번코드>1</법정동지번코드><아파트>장미</아파트><월>12</월><일>29</일><일련번호>11500-184</일련번호><전용면적>62.4</전용면적><중개사소재지>서울 강서구</중개사소재지><지번>61-2</지번><지역코드>11500</지역코드><층>1</층><해제사유발생일>23.01.31</해제사유발생일><해제여부>O</해제여부></item><item><거래금액>    70,000</거래금액><거래유형>중개거래</거래유형><건축년도>1994</건축년도><년>2022</년><도로명>공항대로2길</도로명><도로명건물본번호코드>00061</도로명건물본번호코드><도로명건물부번호코드>00000</도로명건물부번호코드><도로명시군구코드>11500</도로명시군구코드><도로명일련번호코드>01</도로명일련번호코드><도로명지상지하코드>0</도로명지상지하코드><도로명코드>4145175</도로명코드><법정동> 공항동</법정동><법정동본번코드>0061</법정동본번코드><법정동부번코드>0002</법정동부번코드><법정동시군구코드>11500</법정동시군구코드><법정동읍면동코드>10800</법정동읍면동코드><법정동지번코드>1</법정동지번코드><아파트>장미</아파트><월>12</월><일>29</일><일련번호>11500-184</일련번호><전용면적>62.4</전용면적><중개사소재지>서울 강서구</중개사소재지><지번>61-2</지번><지역코드>11500</지역코드><층>1</층><해제사유발생일> </해제사유발생일><해제여부> </해제여부></item><item><거래금액>    50,000</거래금액><거래유형>중개거래</거래유형><건축년도>2002</건축년도><년>2022</년><도로명>방화대로</도로명><도로명건물본번호코드>00319</도로명건물본번호코드><도로명건물부번호코드>00000</도로명건물부번호코드><도로명시군구코드>11500</도로명시군구코드><도로명일련번호코드>03</도로명일련번호코드><도로명지상지하코드>0</도로명지상지하코드><도로명코드>2115001</도로명코드><법정동> 방화동</법정동><법정동본번코드>0867</법정동본번코드><법정동부번코드>0000</법정동부번코드><법정동시군구코드>11500</법정동시군구코드><법정동읍면동코드>10900</법정동읍면동코드><법정동지번코드>1</법정동지번코드><아파트>길성그랑프리텔</아파트><월>12</월><일>13</일><일련번호>11500-484</일련번호><전용면적>77.8</전용면적><중개사소재지>경기 부천시</중개사소재지><지번>867</지번><지역코드>11500</지역코드><층>7</층><해제사유발생일> </해제사유발생일><해제여부> </해제여부></item><item><거래금액>    36,000</거래금액><거래유형>직거래</거래유형><건축년도>2004</건축년도><년>2022</년><도로명>방화동로</도로명><도로명건물본번호코드>00126</도로명건물본번호코드><도로명건물부번호코드>00000</도로명건물부번호코드><도로명시군구코드>11500</도로명시군구코드><도로명일련번호코드>02</도로명일련번호코드><도로명지상지하코드>0</도로명지상지하코드><도로명코드>3115005</도로명코드><법정동> 방화동</법정동><법정동본번코드>0567</법정동본번코드><법정동부번코드>0004</법정동부번코드><법정동시군구코드>11500</법정동시군구코드><법정동읍면동코드>10900</법정동읍면동코드><법정동지번코드>1</법정동지번코드><아파트>삼정코아</아파트><월>12</월><일>15</일><일련번호>11500-375</일련번호><전용면적>83.23</전용면적><중개사소재지> </중개사소재지><지번>567-4</지번><지역코드>11500</지역코드><층>10</층><해제사유발생일> </해제사유발생일><해제여부> </해제여부></item><item><거래금액>     9,500</거래금액><거래유형>중개거래</거래유형><건축년도>2013</건축년도><년>2022</년><도로명>개화동로27가길</도로명><도로명건물본번호코드>00033</도로명건물본번호코드><도로명건물부번호코드>00000</도로명건물부번호코드><도로명시군구코드>11500</도로명시군구코드><도로명일련번호코드>01</도로명일련번호코드><도로명지상지하코드>0</도로명지상지하코드><도로명코드>4145100</도로명코드><법정동> 방화동</법정동><법정동본번코드>0619</법정동본번코드><법정동부번코드>0007</법정동부번코드><법정동시군구코드>11500</법정동시군구코드><법정동읍면동코드>10900</법정동읍면동코드><법정동지번코드>1</법정동지번코드><아파트>AirPalace(619-7)</아파트><월>12</월><일>19</일><일련번호>11500-6675</일련번호><전용면적>14.5</전용면적><중개사소재지>서울 강서구</중개사소재지><지번>619-7</지번><지역코드>11500</지역코드><층>4</층><해제사유발생일> </해제사유발생일><해제여부> </해제여부></item><item><거래금액>    43,000</거래금액><거래유형>중개거래</거래유형><건축년도>1988</건축년도><년>2022</년><도로명>양천로23길</도로명><도로명건물본번호코드>00008</도로명건물본번호코드><도로명건물부번호코드>00000</도로명건물부번호코드><도로명시군구코드>11500</도로명시군구코드><도로명일련번호코드>01</도로명일련번호코드><도로명지상지하코드>0</도로명지상지하코드><도로명코드>4145397</도로명코드><법정동> 방화동</법정동><법정동본번코드>0286</법정동본번코드><법정동부번코드>0001</법정동부번코드><법정동시군구코드>11500</법정동시군구코드><법정동읍면동코드>10900</법정동읍면동코드><법정동지번코드>1</법정동지번코드><아파트>한미(286-1)</아파트><월>12</월><일>22</일><일련번호>11500-214</일련번호><전용면적>40.02</전용면적><중개사소재지>서울 강서구</중개사소재지><지번>286-1</지번><지역코드>11500</지역코드><층>3</층><해제사유발생일> </해제사유발생일><해제여부> </해제여부></item><item><거래금액>    49,000</거래금액><거래유형>중개거래</거래유형><건축년도>1997</건축년도><년>2022</년><도로명>양천로18길</도로명><도로명건물본번호코드>00027</도로명건물본번호코드><도로명건물부번호코드>00000</도로명건물부번호코드><도로명시군구코드>11500</도로명시군구코드><도로명일련번호코드>01</도로명일련번호코드><도로명지상지하코드>0</도로명지상지하코드><도로명코드>4145392</도로명코드><법정동> 방화동</법정동><법정동본번코드>0858</법정동본번코드><법정동부번코드>0000</법정동부번코드><법정동시군구코드>11500</법정동시군구코드><법정동읍면동코드>10900</법정동읍면동코드><법정동지번코드>1</법정동지번코드><아파트>삼성꽃마을</아파트><월>12</월><일>23</일><일련번호>11500-202</일련번호><전용면적>59.99</전용면적><중개사소재지>서울 강서구</중개사소재지><지번>858</지번><지역코드>11500</지역코드><층>12</층><해제사유발생일>23.02.07</해제사유발생일><해제여부>O</해제여부></item><item><거래금액>    49,000</거래금액><거래유형>중개거래</거래유형><건축년도>1997</건축년도><년>2022</년><도로명>양천로18길</도로명><도로명건물본번호코드>00027</도로명건물본번호코드><도로명건물부번호코드>00000</도로명건물부번호코드><도로명시군구코드>11500</도로명시군구코드><도로명일련번호코드>01</도로명일련번호코드><도로명지상지하코드>0</도로명지상지하코드><도로명코드>4145392</도로명코드><법정동> 방화동</법정동><법정동본번코드>0858</법정동본번코드><법정동부번코드>0000</법정동부번코드><법정동시군구코드>11500</법정동시군구코드><법정동읍면동코드>10900</법정동읍면동코드><법정동지번코드>1</법정동지번코드><아파트>삼성꽃마을</아파트><월>12</월><일>23</일><일련번호>11500-202</일련번호><전용면적>59.99</전용면적><중개사소재지>서울 강서구</중개사소재지><지번>858</지번><지역코드>11500</지역코드><층>12</층><해제사유발생일> </해제사유발생일><해제여부> </해제여부></item><item><거래금액>    47,300</거래금액><거래유형>중개거래</거래유형><건축년도>1994</건축년도><년>2022</년><도로명>금낭화로</도로명><도로명건물본번호코드>00287</도로명건물본번호코드><도로명건물부번호코드>00019</도로명건물부번호코드><도로명시군구코드>11500</도로명시군구코드><도로명일련번호코드>01</도로명일련번호코드><도로명지상지하코드>0</도로명지상지하코드><도로명코드>3115002</도로명코드><법정동> 방화동</법정동><법정동본번코드>0814</법정동본번코드><법정동부번코드>0000</법정동부번코드><법정동시군구코드>11500</법정동시군구코드><법정동읍면동코드>10900</법정동읍면동코드><법정동지번코드>1</법정동지번코드><아파트>방화5</아파트><월>12</월><일>27</일><일련번호>11500-197</일련번호><전용면적>39.6</전용면적><중개사소재지>서울 강서구</중개사소재지><지번>814</지번><지역코드>11500</지역코드><층>6</층><해제사유발생일> </해제사유발생일><해제여부> </해제여부></item><item><거래금액>    21,000</거래금액><거래유형>직거래</거래유형><건축년도>2018</건축년도><년>2022</년><도로명>양천로10길</도로명><도로명건물본번호코드>00037</도로명건물본번호코드><도로명건물부번호코드>00000</도로명건물부번호코드><도로명시군구코드>11500</도로명시군구코드><도로명일련번호코드>01</도로명일련번호코드><도로명코드>4145384</도로명코드><법정동> 방화동</법정동><법정동본번코드>0903</법정동본번코드><법정동부번코드>0000</법정동부번코드><법정동시군구코드>11500</법정동시군구코드><법정동읍면동코드>10900</법정동읍면동코드><법정동지번코드>1</법정동지번코드><아파트>신세계아파트</아파트><월>12</월><일>27</일><일련번호>11500-7784</일련번호><전용면적>28.48</전용면적><중개사소재지> </중개사소재지><지번>903</지번><지역코드>11500</지역코드><층>7</층><해제사유발생일> </해제사유발생일><해제여부> </해제여부></item></items><numOfRows>999</numOfRows><pageNo>1</pageNo><totalCount>53</totalCount></body></response>