<?xml version="1.0" encoding="UTF-8" standalone="yes"?><response><header><resultCode>00</resultCode><resultMsg>NORMAL SERVICE.</resultMsg></header><body><items><item><거래금액>   168,500</거래금액><거래유형>중개거래</거래유형><건축년도>1986</건축년도><년>2022</년><도로명>고덕로</도로명><도로명건물본번호코드>00240</도로명건물본번호코드><도로명건물부번호코드>00000</도로명건물부번호코드><도로명시군구코드>11740</도로명시군구코드><도로명일련번호코드>01</도로명일련번호코드><도로명지상지하코드>0</도로명지상지하코드><도로명코드>3124001</도로명코드><법정동> 명일동</법정동><법정동본번코드>0044</법정동본번코드><법정동부번코드>0000</법정동부번코드><법정동시군구코드>11740</법정동시군구코드><법정동읍면동코드>10100</법정동읍면동코드><법정동지번코드>1</법정동지번코드><아파트>신동아</아파트><월>9</월><일>7</일><일련번호>11740-10</일련번호><전용면적>127.33</전용면적><중개사소재지>서울 강동구</중개사소재지><지번>44</지번><지역코드>11740</지역코드><층>7</층><해제사유발생일> </해제사유발생일><해제여부> </해제여부></item><item><거래금액>   105,000</거래금액><거래유형>중개거래</거래유형><건축년도>1995</건축년도><년>2022</년><도로명>고덕로61길</도로명><도로명건물본번호코드>00037</도로명건물본번호코드><도로명건물부번호코드>00000</도로명건물부번호코드><도로명시군구코드>11740</도로명시군구코드><도로명일련번호코드>01</도로명일련번호코드><도로명지상지하코드>0</도로명지상지하코드><도로명코드>4172031</도로명코드><법정동> 고덕동</법정동><법정동본번코드>0312</법정동본번코드><법정동부번코드>0000</법정동부번코드><법정동시군구코드>11740</법정동시군구코드><법정동읍면동코드>10200</법정동읍면동코드><법정동지번코드>1</법정동지번코드><아파트>배재현대</아파트><월>9</월><일>5</일><일련번호>11740-28</일련번호><전용면적>84.9</전용면적><중개사소재지>경기 동두천시</중개사소재지><지번>312</지번><지역코드>11740</지역코드><층>3</층><해제사유발생일> </해제사유발생일><해제여부> </해제여부></item><item><거래금액>   236,500</거래금액><거래유형>중개거래</거래유형><건축년도>2011</건축년도><년>2022</년><도로명>동남로79길</도로명><도로명건물본번호코드>00026</도로명건물본번호코드><도로명건물부번호코드>00000</도로명건물부번호코드><도로명시군구코드>11740</도로명시군구코드><도로명일련번호코드>01</도로명일련번호코드><도로명지상지하코드>0</도로명지상지하코드><도로명코드>4172098</도로명코드><법정동> 고덕동</법정동><법정동본번코드>0499</법정동본번코드><법정동부번코드>0000</법정동부번코드><법정동시군구코드>11740</법정동시군구코드><법정동읍면동코드>10200</법정동읍면동코드><법정동지번코드>1</법정동지번코드><아파트>고덕 아이파크</아파트><월>9</월><일>13</일><일련번호>11740-2894</일련번호><전용면적>177.99</전용면적><중개사소재지>서울 강동구</중개사소재지><지번>499</지번><지역코드>11740</지역코드><층>8</층><해제사유발생일> </해제사유발생일><해제여부> </해제여부></item><item><거래금액>   106,000</거래금액><거래유형>중개거래</거래유형><건축년도>2019</건축년도><년>2022</년><도로명>고덕로</도로명><도로명건물본번호코드>00333</도로명건물본번호코드><도로명건물부번호코드>00000</도로명건물부번호코드><도로명시군구코드>11740</도로명시군구코드><도로명일련번호코드>02</도로명일련번호코드><도로명지상지하코드>0</도로명지상지하코드><도로명코드>3124001</도로명코드><법정동> 고덕동</법정동><법정동본번코드>0693</법정동본번코드><법정동부번코드>0000</법정동부번코드><법정동시군구코드>11740</법정동시군구코드><법정동읍면동코드>10200</법정동읍면동코드><법정동지번코드>1</법정동지번코드><아파트>고덕그라시움</아파트><월>9</월><일>28</일><일련번호>11740-4628</일련번호><전용면적>59.052</전용면적><중개사소재지>서울 강동구</중개사소재지><지번>693</지번><지역코드>11740</지역코드><층>13</층><해제사유발생일> </해제사유발생일><해제여부> </해제여부></item><item><거래금액>   115,000</거래금액><거래유형>중개거래</거래유형><건축년도>2020</건축년도><년>2022</년><도로명>고덕로</도로명><도로명건물본번호코드>00360</도로명건물본번호코드><도로명건물부번호코드>00000</도로명건물부번호코드><도로명시군구코드>11740</도로명시군구코드><도로명일련번호코드>01</도로명일련번호코드><도로명코드>3124001</도로명코드><법정동> 상일동</법정동><법정동본번코드>0519</법정동본번코드><법정동부번코드>0000</법정동부번코드><법정동시군구코드>11740</법정동시군구코드><법정동읍면동코드>10300</법정동읍면동코드><법정동지번코드>1</법정동지번코드><아파트>고덕아르테온</아파트><월>9</월><일>3</일><일련번호>11740-4692</일련번호><전용면적>59.98</전용면적><중개사소재지>서울 강동구</중개사소재지><지번>519</지번><지역코드>11740</지역코드><층>20</층><해제사유발생일> </해제사유발생일><해제여부> </해제여부></item><item><거래금액>   174,500</거래금액><거래유형>중개거래</거래유형><건축년도>2020</건축년도><년>2022</년><도로명>고덕로</도로명><도로명건물본번호코드>00360</도로명건물본번호코드><도로명건물부번호코드>00000</도로명건물부번호코드><도로명시군구코드>11740</도로명시군구코드><도로명일련번호코드>01</도로명일련번호코드><도로명코드>3124001</도로명코드><법정동> 상일동</법정동><법정동본번코드>0519</법정동본번코드><법정동부번코드>0000</법정동부번코드><법정동시군구코드>11740</법정동시군구코드><법정동읍면동코드>10300</법정동읍면동코드><법정동지번코드>1</법정동지번코드><아파트>고덕아르테온</아파트><월>9</월><일>13</일><일련번호>11740-4692</일련번호><전용면적>84.97</전용면적><중개사소재지>서울 강동구</중개사소재지><지번>519</지번><지역코드>11740</지역코드><층>2</층><해제사유발생일> </해제사유발생일><해제여부> </해제여부></item><item><거래금액>   102,000</거래금액><거래유형>중개거래</거래유형><건축년도>2020</건축년도><년>2022</년><도로명>고덕로</도로명><도로명건물본번호코드>00360</도로명건물본번호코드><도로명건물부번호코드>00000</도로명건물부번호코드><도로명시군구코드>11740</도로명시군구코드><도로명일련번호코드>01</도로명일련번호코드><도로명코드>3124001</도로명코드><법정동> 상일동</법정동><법정동본번코드>0519</법정동본번코드><법정동부번코드>0000</법정동부번코드><법정동시군구코드>11740</법정동시군구코드><법정동읍면동코드>10300</법정동읍면동코드><법정동지번코드>1</법정동지번코드><아파트>고덕아르테온</아파트><월>9</월><일>26</일><일련번호>11740-4692</일련번호><전용면적>59.98</전용면적><중개사소재지>서울 강동구</중개사소재지><지번>519</지번><지역코드>11740</지역코드><층>3</층><해제사유발생일> </해제사유발생일><해제여부> </해제여부></item><item><거래금액>    80,500</거래금액><거래유형>중개거래</거래유형><건축년도>1994</건축년도><년>2022</년><도로명>천호대로193길</도로명><도로명건물본번호코드>00037</도로명건물본번호코드><도로명건물부번호코드>00000</도로명건물부번호코드><도로명시군구코드>11740</도로명시군구코드><도로명일련번호코드>01</도로명일련번호코드><도로명지상지하코드>0</도로명지상지하코드><도로명코드>4172395</도로명코드><법정동> 길동</법정동><법정동본번코드>0400</법정동본번코드><법정동부번코드>0000</법정동부번코드><법정동시군구코드>11740</법정동시군구코드><법정동읍면동코드>10500</법정동읍면동코드><법정동지번코드>1</법정동지번코드><아파트>길동우성</아파트><월>9</월><일>5</일><일련번호>11740-39</일련번호><전용면적>57.1</전용면적><중개사소재지>서울 강동구</중개사소재지><지번>400</지번><지역코드>11740</지역코드><층>4</층><해제사유발생일> </해제사유발생일><해제여부> </해제여부></item><item><거래금액>    13,000</거래금액><거래유형>직거래</거래유형><건축년도>2015</건축년도><년>2022</년><도로명>천중로42길</도로명><도로명건물본번호코드>00069</도로명건물본번호코드><도로명건물부번호코드>00000</도로명건물부번호코드><도로명시군구코드>11740</도로명시군구코드><도로명일련번호코드>01</도로명일련번호코드><도로명지상지하코드>0</도로명지상지하코드><도로명코드>4172350</도로명코드><법정동> 길동</법정동><법정동본번코드>0388</법정동본번코드><법정동부번코드>0007</법정동부번코드><법정동시군구코드>11740</법정동시군구코드><법정동읍면동코드>10500</법정동읍면동코드><법정동지번코드>1</법정동지번코드><아파트>다성이즈빌(주상복합)</아파트><월>9</월><일>6</일><일련번호>11740-3711</일련번호><전용면적>17.91</전용면적><중개사소재지> </중개사소재지><지번>388-7</지번><지역코드>11740</지역코드><층>9</층><해제사유발생일> </해제사유발생일><해제여부> </해제여부></item><item><거래금액>    14,250</거래금액><거래유형>중개거래</거래유형><건축년도>2012</건축년도><년>2022</년><도로명>천중로</도로명><도로명건물본번호코드>00200</도로명건물본번호코드><도로명건물부번호코드>00000</도로명건물부번호코드><도로명시군구코드>11740</도로명시군구코드><도로명일련번호코드>01</도로명일련번호코드><도로명지상지하코드>0</도로명지상지하코드><도로명코드>3124009</도로명코드><법정동> 길동</법정동><법정동본번코드>0349</법정동본번코드><법정동부번코드>0001</법정동부번코드><법정동시군구코드>11740</법정동시군구코드><법정동읍면동코드>10500</법정동읍면동코드><법정동지번코드>1</법정동지번코드><아파트>다성이즈빌(349-1)</아파트><월>9</월><일>16</일><일련번호>11740-3158</일련번호><전용면적>17.2</전용면적><중개사소재지>서울 강동구</중개사소재지><지번>349-1</지번><지역코드>11740</지역코드><층>4</층><해제사유발생일> </해제사유발생일><해제여부> </해제여부></item><item><거래금액>    92,700</거래금액><거래유형>중개거래</거래유형><건축년도>1988</건축년도><년>2022</년><도로명>진황도로</도로명><도로명건물본번호코드>00211</도로명건물본번호코드><도로명건물부번호코드>00000</도로명건물부번호코드><도로명시군구코드>11740</도로명시군구코드><도로명일련번호코드>02</도로명일련번호코드><도로명지상지하코드>0</도로명지상지하코드><도로명코드>3124008</도로명코드><법정동> 둔촌동</법정동><법정동본번코드>0135</법정동본번코드><법정동부번코드>0001</법정동부번코드><법정동시군구코드>11740</법정동시군구코드><법정동읍면동코드>10600</법정동읍면동코드><법정동지번코드>1</법정동지번코드><아파트>현대3</아파트><월>9</월><일>8</일><일련번호>11740-81</일련번호><전용면적>79.99</전용면적><중개사소재지>서울 강동구</중개사소재지><지번>135-1</지번><지역코드>11740</지역코드><층>11</층><해제사유발생일> </해제사유발생일><해제여부> </해제여부></item><item><거래금액>   158,000</거래금액><거래유형>직거래</거래유형><건축년도>2019</건축년도><년>2022</년><도로명>올림픽로91길</도로명><도로명건물본번호코드>00030</도로명건물본번호코드><도로명건물부번호코드>00000</도로명건물부번호코드><도로명시군구코드>11740</도로명시군구코드><도로명일련번호코드>00</도로명일련번호코드><도로명지상지하코드>0</도로명지상지하코드><도로명코드>4172300</도로명코드><법정동> 암사동</법정동><법정동본번코드>0675</법정동본번코드><법정동부번코드>0000</법정동부번코드><법정동시군구코드>11740</법정동시군구코드><법정동읍면동코드>10700</법정동읍면동코드><법정동지번코드>1</법정동지번코드><아파트>힐스테이트 강동 리버뷰</아파트><월>9</월><일>20</일><일련번호>11740-4658</일련번호><전용면적>84.9921</전용면적><중개사소재지> </중개사소재지><지번>675</지번><지역코드>11740</지역코드><층>18</층><해제사유발생일> </해제사유발생일><해제여부> </해제여부></item><item><거래금액>    79,000</거래금액><거래유형>중개거래</거래유형><건축년도>2000</건축년도><년>2022</년><도로명>상암로</도로명><도로명건물본번호코드>00011</도로명건물본번호코드><도로명건물부번호코드>00000</도로명건물부번호코드><도로명시군구코드>11740</도로명시군구코드><도로명일련번호코드>03</도로명일련번호코드><도로명지상지하코드>0</도로명지상지하코드><도로명코드>3124003</도로명코드><법정동> 암사동</법정동><법정동본번코드>0509</법정동본번코드><법정동부번코드>0000</법정동부번코드><법정동시군구코드>11740</법정동시군구코드><법정동읍면동코드>10700</법정동읍면동코드><법정동지번코드>1</법정동지번코드><아파트>선사현대아파트</아파트><월>9</월><일>21</일><일련번호>11740-91</일련번호><전용면적>59.64</전용면적><중개사소재지>서울 강동구</중개사소재지><지번>509</지번><지역코드>11740</지역코드><층>13</층><해제사유발생일> </해제사유발생일><해제여부> </해제여부></item><item><거래금액>    60,000</거래금액><거래유형>중개거래</거래유형><건축년도>2018</건축년도><년>2022</년><도로명>성내로</도로명><도로명건물본번호코드>00054</도로명건물본번호코드><도로명건물부번호코드>00000</도로명건물부번호코드><도로명시군구코드>11740</도로명시군구코드><도로명일련번호코드>00</도로명일련번호코드><도로명지상지하코드>0</도로명지상지하코드><도로명코드>3124006</도로명코드><법정동> 성내동</법정동><법정동본번코드>0549</법정동본번코드><법정동부번코드>0005</법정동부번코드><법정동시군구코드>11740</법정동시군구코드><법정동읍면동코드>10800</법정동읍면동코드><법정동지번코드>1</법정동지번코드><아파트>성내스테이</아파트><월>9</월><일>19</일><일련번호>11740-4452</일련번호><전용면적>52.57</전용면적><중개사소재지>서울 강동구</중개사소재지><지번>549-5</지번><지역코드>11740</지역코드><층>7</층><해제사유발생일> </해제사유발생일><해제여부> </해제여부></item><item><거래금액>    62,850</거래금액><거래유형>중개거래</거래유형><건축년도>2004</건축년도><년>2022</년><도로명>양재대로121길</도로명><도로명건물본번호코드>00022</도로명건물본번호코드><도로명건물부번호코드>00000</도로명건물부번호코드><도로명시군구코드>11740</도로명시군구코드><도로명일련번호코드>01</도로명일련번호코드><도로명지상지하코드>0</도로명지상지하코드><도로명코드>4172237</도로명코드><법정동> 천호동</법정동><법정동본번코드>0050</법정동본번코드><법정동부번코드>0000</법정동부번코드><법정동시군구코드>11740</법정동시군구코드><법정동읍면동코드>10900</법정동읍면동코드><법정동지번코드>1</법정동지번코드><아파트>천호2차우림루미아트</아파트><월>9</월><일>19</일><일련번호>11740-332</일련번호><전용면적>75.89</전용면적><중개사소재지>서울 강동구</중개사소재지><지번>50</지번><지역코드>11740</지역코드><층>9</층><해제사유발생일> </해제사유발생일><해제여부> </해제여부></item><item><거래금액>   110,000</거래금액><거래유형>중개거래</거래유형><건축년도>2015</건축년도><년>2022</년><도로명>천호대로</도로명><도로명건물본번호코드>01089</도로명건물본번호코드><도로명건물부번호코드>00000</도로명건물부번호코드><도로명시군구코드>11740</도로명시군구코드><도로명일련번호코드>00</도로명일련번호코드><도로명코드>2000008</도로명코드><법정동> 천호동</법정동><법정동본번코드>0447</법정동본번코드><법정동부번코드>0017</법정동부번코드><법정동시군구코드>11740</법정동시군구코드><법정동읍면동코드>10900</법정동읍면동코드><법정동지번코드>1</법정동지번코드><아파트>강동역신동아파밀리에</아파트><월>9</월><일>19</일><일련번호>11740-3722</일련번호><전용면적>94.61</전용면적><중개사소재지>서울 강동구</중개사소재지><지번>447-17</지번><지역코드>11740</지역코드><층>30</층><해제사유발생일> </해제사유발생일><해제여부> </해제여부></item><item><거래금액>    67,500</거래금액><거래유형>중개거래</거래유형><건축년도>2004</건축년도><년>2022</년><도로명>양재대로121길</도로명><도로명건물본번호코드>00049</도로명건물본번호코드><도로명건물부번호코드>00007</도로명건물부번호코드><도로명시군구코드>11740</도로명시군구코드><도로명일련번호코드>01</도로명일련번호코드><도로명지상지하코드>0</도로명지상지하코드><도로명코드>4172237</도로명코드><법정동> 천호동</법정동><법정동본번코드>0053</법정동본번코드><법정동부번코드>0032</법정동부번코드><법정동시군구코드>11740</법정동시군구코드><법정동읍면동코드>10900</법정동읍면동코드><법정동지번코드>1</법정동지번코드><아파트>광남벨라스2차아파트(53-32)</아파트><월>9</월><일>27</일><일련번호>11740-335</일련번호><전용면적>84.92</전용면적><중개사소재지>서울 강동구</중개사소재지><지번>53-32</지번><지역코드>11740</지역코드><층>3</층><해제사유발생일> </해제사유발생일><해제여부> </해제여부></item><item><거래금액>    35,000</거래금액><거래유형>중개거래</거래유형><건축년도>1987</건축년도><년>2022</년><도로명>양재대로</도로명><도로명건물본번호코드>01557</도로명건물본번호코드><도로명건물부번호코드>00000</도로명건물부번호코드><도로명시군구코드>11740</도로명시군구코드><도로명일련번호코드>06</도로명일련번호코드><도로명지상지하코드>0</도로명지상지하코드><도로명코드>2000006</도로명코드><법정동> 천호동</법정동><법정동본번코드>0044</법정동본번코드><법정동부번코드>0000</법정동부번코드><법정동시군구코드>11740</법정동시군구코드><법정동읍면동코드>10900</법정동읍면동코드><법정동지번코드>1</법정동지번코드><아파트>금호아파트</아파트><월>9</월><일>28</일><일련번호>11740-167</일련번호><전용면적>27.61</전용면적><중개사소재지>서울 강동구</중개사소재지><지번>44</지번><지역코드>11740</지역코드><층>6</층><해제사유발생일> </해제사유발생일><해제여부> </해제여부></item><item><거래금액>   108,000</거래금액><거래유형>중개거래</거래유형><건축년도>2009</건축년도><년>2022</년><도로명>아리수로97길</도로명><도로명건물본번호코드>00019</도로명건물본번호코드><도로명건물부번호코드>00000</도로명건물부번호코드><도로명시군구코드>11740</도로명시군구코드><도로명일련번호코드>01</도로명일련번호코드><도로명지상지하코드>0</도로명지상지하코드><도로명코드>4172213</도로명코드><법정동> 강일동</법정동><법정동본번코드>0673</법정동본번코드><법정동부번코드>0000</법정동부번코드><법정동시군구코드>11740</법정동시군구코드><법정동읍면동코드>11000</법정동읍면동코드><법정동지번코드>1</법정동지번코드><아파트>강일리버파크4단지</아파트><월>9</월><일>30</일><일련번호>11740-2851</일련번호><전용면적>84.83</전용면적><중개사소재지>서울 강동구, 서울 중구</중개사소재지><지번>673</지번><지역코드>11740</지역코드><층>15</층><해제사유발생일> </해제사유발생일><해제여부> </해제여부></item></items><numOfRows>999</numOfRows><pageNo>1</pageNo><totalCount>19</totalCount></body></response>