<?xml version="1.0" encoding="UTF-8" standalone="yes"?><response><header><resultCode>00</resultCode><resultMsg>NORMAL SERVICE.</resultMsg></header><body><items><item><거래금액>    65,000</거래금액><거래유형>중개거래</거래유형><건축년도>2004</건축년도><년>2022</년><도로명>솔샘로</도로명><도로명건물본번호코드>00174</도로명건물본번호코드><도로명건물부번호코드>00000</도로명건물부번호코드><도로명시군구코드>11305</도로명시군구코드><도로명일련번호코드>01</도로명일련번호코드><도로명지상지하코드>0</도로명지상지하코드><도로명코드>3005042</도로명코드><법정동> 미아동</법정동><법정동본번코드>1353</법정동본번코드><법정동부번코드>0000</법정동부번코드><법정동시군구코드>11305</법정동시군구코드><법정동읍면동코드>10100</법정동읍면동코드><법정동지번코드>1</법정동지번코드><아파트>에스케이북한산시티</아파트><월>10</월><일>7</일><일련번호>11305-6</일련번호><전용면적>84.86</전용면적><중개사소재지>서울 강북구</중개사소재지><지번>1353</지번><지역코드>11305</지역코드><층>12</층><해제사유발생일> </해제사유발생일><해제여부> </해제여부></item><item><거래금액>    68,000</거래금액><거래유형>중개거래</거래유형><건축년도>2011</건축년도><년>2022</년><도로명>삼양로27길</도로명><도로명건물본번호코드>00095</도로명건물본번호코드><도로명건물부번호코드>00000</도로명건물부번호코드><도로명시군구코드>11305</도로명시군구코드><도로명일련번호코드>01</도로명일련번호코드><도로명지상지하코드>0</도로명지상지하코드><도로명코드>4124230</도로명코드><법정동> 미아동</법정동><법정동본번코드>0811</법정동본번코드><법정동부번코드>0000</법정동부번코드><법정동시군구코드>11305</법정동시군구코드><법정동읍면동코드>10100</법정동읍면동코드><법정동지번코드>1</법정동지번코드><아파트>두산위브트레지움</아파트><월>10</월><일>7</일><일련번호>11305-4255</일련번호><전용면적>59.99</전용면적><중개사소재지>서울 강남구, 서울 강북구</중개사소재지><지번>811</지번><지역코드>11305</지역코드><층>17</층><해제사유발생일> </해제사유발생일><해제여부> </해제여부></item><item><거래금액>    70,000</거래금액><거래유형>직거래</거래유형><건축년도>2003</건축년도><년>2022</년><도로명>삼양로19길</도로명><도로명건물본번호코드>00113</도로명건물본번호코드><도로명건물부번호코드>00000</도로명건물부번호코드><도로명시군구코드>11305</도로명시군구코드><도로명일련번호코드>01</도로명일련번호코드><도로명지상지하코드>0</도로명지상지하코드><도로명코드>4124223</도로명코드><법정동> 미아동</법정동><법정동본번코드>1357</법정동본번코드><법정동부번코드>0000</법정동부번코드><법정동시군구코드>11305</법정동시군구코드><법정동읍면동코드>10100</법정동읍면동코드><법정동지번코드>1</법정동지번코드><아파트>삼각산아이원</아파트><월>10</월><일>18</일><일련번호>11305-46</일련번호><전용면적>84.705</전용면적><중개사소재지> </중개사소재지><지번>1357</지번><지역코드>11305</지역코드><층>5</층><해제사유발생일> </해제사유발생일><해제여부> </해제여부></item><item><거래금액>    58,000</거래금액><거래유형>중개거래</거래유형><건축년도>2004</건축년도><년>2022</년><도로명>솔샘로</도로명><도로명건물본번호코드>00174</도로명건물본번호코드><도로명건물부번호코드>00000</도로명건물부번호코드><도로명시군구코드>11305</도로명시군구코드><도로명일련번호코드>01</도로명일련번호코드><도로명지상지하코드>0</도로명지상지하코드><도로명코드>3005042</도로명코드><법정동> 미아동</법정동><법정동본번코드>1353</법정동본번코드><법정동부번코드>0000</법정동부번코드><법정동시군구코드>11305</법정동시군구코드><법정동읍면동코드>10100</법정동읍면동코드><법정동지번코드>1</법정동지번코드><아파트>에스케이북한산시티</아파트><월>10</월><일>22</일><일련번호>11305-6</일련번호><전용면적>59.98</전용면적><중개사소재지>서울 강북구</중개사소재지><지번>1353</지번><지역코드>11305</지역코드><층>19</층><해제사유발생일> </해제사유발생일><해제여부> </해제여부></item><item><거래금액>    13,300</거래금액><거래유형>중개거래</거래유형><건축년도>2014</건축년도><년>2022</년><도로명>도봉로</도로명><도로명건물본번호코드>00290</도로명건물본번호코드><도로명건물부번호코드>00000</도로명건물부번호코드><도로명시군구코드>11305</도로명시군구코드><도로명일련번호코드>01</도로명일련번호코드><도로명지상지하코드>0</도로명지상지하코드><도로명코드>3005039</도로명코드><법정동> 미아동</법정동><법정동본번코드>0160</법정동본번코드><법정동부번코드>0003</법정동부번코드><법정동시군구코드>11305</법정동시군구코드><법정동읍면동코드>10100</법정동읍면동코드><법정동지번코드>1</법정동지번코드><아파트>푸르지오시티</아파트><월>10</월><일>22</일><일련번호>11305-4711</일련번호><전용면적>18.6479</전용면적><중개사소재지>서울 강북구</중개사소재지><지번>160-3</지번><지역코드>11305</지역코드><층>7</층><해제사유발생일> </해제사유발생일><해제여부> </해제여부></item><item><거래금액>    54,800</거래금액><거래유형>중개거래</거래유형><건축년도>1992</건축년도><년>2022</년><도로명>한천로109길</도로명><도로명건물본번호코드>00069</도로명건물본번호코드><도로명건물부번호코드>00000</도로명건물부번호코드><도로명시군구코드>11305</도로명시군구코드><도로명일련번호코드>01</도로명일련번호코드><도로명지상지하코드>0</도로명지상지하코드><도로명코드>4124551</도로명코드><법정동> 번동</법정동><법정동본번코드>0133</법정동본번코드><법정동부번코드>0001</법정동부번코드><법정동시군구코드>11305</법정동시군구코드><법정동읍면동코드>10200</법정동읍면동코드><법정동지번코드>1</법정동지번코드><아파트>번동한양아파트</아파트><월>10</월><일>12</일><일련번호>11305-26</일련번호><전용면적>84.67</전용면적><중개사소재지>서울 강북구</중개사소재지><지번>133-1</지번><지역코드>11305</지역코드><층>15</층><해제사유발생일> </해제사유발생일><해제여부> </해제여부></item><item><거래금액>    28,500</거래금액><거래유형>중개거래</거래유형><건축년도>2003</건축년도><년>2022</년><도로명>삼양로131길</도로명><도로명건물본번호코드>00030</도로명건물본번호코드><도로명건물부번호코드>00000</도로명건물부번호코드><도로명시군구코드>11305</도로명시군구코드><도로명일련번호코드>01</도로명일련번호코드><도로명지상지하코드>0</도로명지상지하코드><도로명코드>4124188</도로명코드><법정동> 수유동</법정동><법정동본번코드>0280</법정동본번코드><법정동부번코드>0014</법정동부번코드><법정동시군구코드>11305</법정동시군구코드><법정동읍면동코드>10300</법정동읍면동코드><법정동지번코드>1</법정동지번코드><아파트>궁전</아파트><월>10</월><일>1</일><일련번호>11305-53</일련번호><전용면적>65.61</전용면적><중개사소재지>서울 강북구</중개사소재지><지번>280-14</지번><지역코드>11305</지역코드><층>2</층><해제사유발생일> </해제사유발생일><해제여부> </해제여부></item><item><거래금액>    15,500</거래금액><거래유형>중개거래</거래유형><건축년도>2011</건축년도><년>2022</년><도로명>도봉로71가길</도로명><도로명건물본번호코드>00030</도로명건물본번호코드><도로명건물부번호코드>00005</도로명건물부번호코드><도로명시군구코드>11305</도로명시군구코드><도로명일련번호코드>01</도로명일련번호코드><도로명지상지하코드>0</도로명지상지하코드><도로명코드>4124129</도로명코드><법정동> 수유동</법정동><법정동본번코드>0077</법정동본번코드><법정동부번코드>0009</법정동부번코드><법정동시군구코드>11305</법정동시군구코드><법정동읍면동코드>10300</법정동읍면동코드><법정동지번코드>1</법정동지번코드><아파트>태솔타운</아파트><월>10</월><일>5</일><일련번호>11305-4232</일련번호><전용면적>30.5</전용면적><중개사소재지>서울 강북구</중개사소재지><지번>77-9</지번><지역코드>11305</지역코드><층>8</층><해제사유발생일> </해제사유발생일><해제여부> </해제여부></item><item><거래금액>    23,000</거래금액><거래유형>중개거래</거래유형><건축년도>2003</건축년도><년>2022</년><도로명>삼양로131길</도로명><도로명건물본번호코드>00011</도로명건물본번호코드><도로명건물부번호코드>00009</도로명건물부번호코드><도로명시군구코드>11305</도로명시군구코드><도로명일련번호코드>01</도로명일련번호코드><도로명지상지하코드>0</도로명지상지하코드><도로명코드>4124188</도로명코드><법정동> 수유동</법정동><법정동본번코드>0282</법정동본번코드><법정동부번코드>0012</법정동부번코드><법정동시군구코드>11305</법정동시군구코드><법정동읍면동코드>10300</법정동읍면동코드><법정동지번코드>1</법정동지번코드><아파트>파크(나)</아파트><월>10</월><일>11</일><일련번호>11305-114</일련번호><전용면적>65.82</전용면적><중개사소재지>서울 강북구</중개사소재지><지번>282-12</지번><지역코드>11305</지역코드><층>5</층><해제사유발생일> </해제사유발생일><해제여부> </해제여부></item><item><거래금액>    28,000</거래금액><거래유형>중개거래</거래유형><건축년도>2020</건축년도><년>2022</년><도로명>노해로</도로명><도로명건물본번호코드>00104</도로명건물본번호코드><도로명건물부번호코드>00000</도로명건물부번호코드><도로명시군구코드>11305</도로명시군구코드><도로명일련번호코드>01</도로명일련번호코드><도로명지상지하코드>0</도로명지상지하코드><도로명코드>3005047</도로명코드><법정동> 수유동</법정동><법정동본번코드>0738</법정동본번코드><법정동부번코드>0000</법정동부번코드><법정동시군구코드>11305</법정동시군구코드><법정동읍면동코드>10300</법정동읍면동코드><법정동지번코드>1</법정동지번코드><아파트>한원힐트리움수유</아파트><월>10</월><일>12</일><일련번호>11305-5432</일련번호><전용면적>27.39</전용면적><중개사소재지>서울 강북구</중개사소재지><지번>738</지번><지역코드>11305</지역코드><층>10</층><해제사유발생일> </해제사유발생일><해제여부> </해제여부></item><item><거래금액>    56,000</거래금액><거래유형>중개거래</거래유형><건축년도>1992</건축년도><년>2022</년><도로명>인수봉로72길</도로명><도로명건물본번호코드>00004</도로명건물본번호코드><도로명건물부번호코드>00000</도로명건물부번호코드><도로명시군구코드>11305</도로명시군구코드><도로명일련번호코드>01</도로명일련번호코드><도로명지상지하코드>0</도로명지상지하코드><도로명코드>4124530</도로명코드><법정동> 수유동</법정동><법정동본번코드>0553</법정동본번코드><법정동부번코드>0061</법정동부번코드><법정동시군구코드>11305</법정동시군구코드><법정동읍면동코드>10300</법정동읍면동코드><법정동지번코드>1</법정동지번코드><아파트>극동</아파트><월>10</월><일>19</일><일련번호>11305-31</일련번호><전용면적>84.99</전용면적><중개사소재지>서울 강북구</중개사소재지><지번>553-61</지번><지역코드>11305</지역코드><층>5</층><해제사유발생일> </해제사유발생일><해제여부> </해제여부></item></items><numOfRows>999</numOfRows><pageNo>1</pageNo><totalCount>11</totalCount></body></response>