<?xml version="1.0" encoding="UTF-8" standalone="yes"?><response><header><resultCode>00</resultCode><resultMsg>NORMAL SERVICE.</resultMsg></header><body><items><item><거래금액>    97,500</거래금액><거래유형>중개거래</거래유형><건축년도>2019</건축년도><년>2022</년><도로명>양재대로</도로명><도로명건물본번호코드>01650</도로명건물본번호코드><도로명건물부번호코드>00000</도로명건물부번호코드><도로명시군구코드>11740</도로명시군구코드><도로명일련번호코드>00</도로명일련번호코드><도로명코드>2000006</도로명코드><법정동> 명일동</법정동><법정동본번코드>0359</법정동본번코드><법정동부번코드>0000</법정동부번코드><법정동시군구코드>11740</법정동시군구코드><법정동읍면동코드>10100</법정동읍면동코드><법정동지번코드>1</법정동지번코드><아파트>래미안솔베뉴</아파트><월>12</월><일>12</일><일련번호>11740-4585</일련번호><전용면적>59.11</전용면적><중개사소재지>서울 강동구</중개사소재지><지번>359</지번><지역코드>11740</지역코드><층>11</층><해제사유발생일> </해제사유발생일><해제여부> </해제여부></item><item><거래금액>    93,000</거래금액><거래유형>중개거래</거래유형><건축년도>2019</건축년도><년>2022</년><도로명>양재대로</도로명><도로명건물본번호코드>01650</도로명건물본번호코드><도로명건물부번호코드>00000</도로명건물부번호코드><도로명시군구코드>11740</도로명시군구코드><도로명일련번호코드>00</도로명일련번호코드><도로명코드>2000006</도로명코드><법정동> 명일동</법정동><법정동본번코드>0359</법정동본번코드><법정동부번코드>0000</법정동부번코드><법정동시군구코드>11740</법정동시군구코드><법정동읍면동코드>10100</법정동읍면동코드><법정동지번코드>1</법정동지번코드><아파트>래미안솔베뉴</아파트><월>12</월><일>21</일><일련번호>11740-4585</일련번호><전용면적>59.29</전용면적><중개사소재지>서울 강동구</중개사소재지><지번>359</지번><지역코드>11740</지역코드><층>10</층><해제사유발생일> </해제사유발생일><해제여부> </해제여부></item><item><거래금액>    96,000</거래금액><거래유형>중개거래</거래유형><건축년도>1985</건축년도><년>2022</년><도로명>상암로</도로명><도로명건물본번호코드>00251</도로명건물본번호코드><도로명건물부번호코드>00000</도로명건물부번호코드><도로명시군구코드>11740</도로명시군구코드><도로명일련번호코드>01</도로명일련번호코드><도로명지상지하코드>0</도로명지상지하코드><도로명코드>3124003</도로명코드><법정동> 명일동</법정동><법정동본번코드>0257</법정동본번코드><법정동부번코드>0000</법정동부번코드><법정동시군구코드>11740</법정동시군구코드><법정동읍면동코드>10100</법정동읍면동코드><법정동지번코드>1</법정동지번코드><아파트>고덕주공9</아파트><월>12</월><일>24</일><일련번호>11740-1</일련번호><전용면적>83.93</전용면적><중개사소재지>서울 강동구</중개사소재지><지번>257</지번><지역코드>11740</지역코드><층>15</층><해제사유발생일> </해제사유발생일><해제여부> </해제여부></item><item><거래금액>    96,000</거래금액><거래유형>직거래</거래유형><건축년도>2019</건축년도><년>2022</년><도로명>양재대로</도로명><도로명건물본번호코드>01650</도로명건물본번호코드><도로명건물부번호코드>00000</도로명건물부번호코드><도로명시군구코드>11740</도로명시군구코드><도로명일련번호코드>00</도로명일련번호코드><도로명코드>2000006</도로명코드><법정동> 명일동</법정동><법정동본번코드>0359</법정동본번코드><법정동부번코드>0000</법정동부번코드><법정동시군구코드>11740</법정동시군구코드><법정동읍면동코드>10100</법정동읍면동코드><법정동지번코드>1</법정동지번코드><아파트>래미안솔베뉴</아파트><월>12</월><일>26</일><일련번호>11740-4585</일련번호><전용면적>78.07</전용면적><중개사소재지> </중개사소재지><지번>359</지번><지역코드>11740</지역코드><층>11</층><해제사유발생일> </해제사유발생일><해제여부> </해제여부></item><item><거래금액>    73,500</거래금액><거래유형>중개거래</거래유형><건축년도>1999</건축년도><년>2022</년><도로명>상암로51길</도로명><도로명건물본번호코드>00054</도로명건물본번호코드><도로명건물부번호코드>00000</도로명건물부번호코드><도로명시군구코드>11740</도로명시군구코드><도로명일련번호코드>00</도로명일련번호코드><도로명지상지하코드>0</도로명지상지하코드><도로명코드>4172138</도로명코드><법정동> 명일동</법정동><법정동본번코드>0332</법정동본번코드><법정동부번코드>0000</법정동부번코드><법정동시군구코드>11740</법정동시군구코드><법정동읍면동코드>10100</법정동읍면동코드><법정동지번코드>1</법정동지번코드><아파트>명일지에스아파트</아파트><월>12</월><일>28</일><일련번호>11740-3</일련번호><전용면적>84.9</전용면적><중개사소재지>서울 강동구</중개사소재지><지번>332</지번><지역코드>11740</지역코드><층>2</층><해제사유발생일> </해제사유발생일><해제여부> </해제여부></item><item><거래금액>   137,000</거래금액><거래유형>중개거래</거래유형><건축년도>1986</건축년도><년>2022</년><도로명>고덕로62길</도로명><도로명건물본번호코드>00076</도로명건물본번호코드><도로명건물부번호코드>00000</도로명건물부번호코드><도로명시군구코드>11740</도로명시군구코드><도로명일련번호코드>01</도로명일련번호코드><도로명지상지하코드>0</도로명지상지하코드><도로명코드>4172032</도로명코드><법정동> 명일동</법정동><법정동본번코드>0042</법정동본번코드><법정동부번코드>0000</법정동부번코드><법정동시군구코드>11740</법정동시군구코드><법정동읍면동코드>10100</법정동읍면동코드><법정동지번코드>1</법정동지번코드><아파트>명일우성</아파트><월>12</월><일>30</일><일련번호>11740-11</일련번호><전용면적>133.65</전용면적><중개사소재지>서울 강동구</중개사소재지><지번>42</지번><지역코드>11740</지역코드><층>13</층><해제사유발생일> </해제사유발생일><해제여부> </해제여부></item><item><거래금액>   110,000</거래금액><거래유형>중개거래</거래유형><건축년도>2016</건축년도><년>2022</년><도로명>아리수로50길</도로명><도로명건물본번호코드>00050</도로명건물본번호코드><도로명건물부번호코드>00000</도로명건물부번호코드><도로명시군구코드>11740</도로명시군구코드><도로명일련번호코드>00</도로명일련번호코드><도로명코드>4172194</도로명코드><법정동> 고덕동</법정동><법정동본번코드>0688</법정동본번코드><법정동부번코드>0000</법정동부번코드><법정동시군구코드>11740</법정동시군구코드><법정동읍면동코드>10200</법정동읍면동코드><법정동지번코드>1</법정동지번코드><아파트>래미안힐스테이트고덕</아파트><월>12</월><일>2</일><일련번호>11740-4214</일련번호><전용면적>72.02</전용면적><중개사소재지>서울 강동구</중개사소재지><지번>688</지번><지역코드>11740</지역코드><층>8</층><해제사유발생일> </해제사유발생일><해제여부> </해제여부></item><item><거래금액>    99,000</거래금액><거래유형>중개거래</거래유형><건축년도>2019</건축년도><년>2022</년><도로명>고덕로</도로명><도로명건물본번호코드>00333</도로명건물본번호코드><도로명건물부번호코드>00000</도로명건물부번호코드><도로명시군구코드>11740</도로명시군구코드><도로명일련번호코드>02</도로명일련번호코드><도로명지상지하코드>0</도로명지상지하코드><도로명코드>3124001</도로명코드><법정동> 고덕동</법정동><법정동본번코드>0693</법정동본번코드><법정동부번코드>0000</법정동부번코드><법정동시군구코드>11740</법정동시군구코드><법정동읍면동코드>10200</법정동읍면동코드><법정동지번코드>1</법정동지번코드><아파트>고덕그라시움</아파트><월>12</월><일>3</일><일련번호>11740-4628</일련번호><전용면적>59.052</전용면적><중개사소재지>서울 강동구</중개사소재지><지번>693</지번><지역코드>11740</지역코드><층>3</층><해제사유발생일> </해제사유발생일><해제여부> </해제여부></item><item><거래금액>   240,000</거래금액><거래유형>중개거래</거래유형><건축년도>2019</건축년도><년>2022</년><도로명>고덕로</도로명><도로명건물본번호코드>00333</도로명건물본번호코드><도로명건물부번호코드>00000</도로명건물부번호코드><도로명시군구코드>11740</도로명시군구코드><도로명일련번호코드>02</도로명일련번호코드><도로명지상지하코드>0</도로명지상지하코드><도로명코드>3124001</도로명코드><법정동> 고덕동</법정동><법정동본번코드>0693</법정동본번코드><법정동부번코드>0000</법정동부번코드><법정동시군구코드>11740</법정동시군구코드><법정동읍면동코드>10200</법정동읍면동코드><법정동지번코드>1</법정동지번코드><아파트>고덕그라시움</아파트><월>12</월><일>9</일><일련번호>11740-4628</일련번호><전용면적>133.152</전용면적><중개사소재지>경기 하남시, 서울 강동구</중개사소재지><지번>693</지번><지역코드>11740</지역코드><층>30</층><해제사유발생일> </해제사유발생일><해제여부> </해제여부></item><item><거래금액>   153,000</거래금액><거래유형>중개거래</거래유형><건축년도>2016</건축년도><년>2022</년><도로명>아리수로50길</도로명><도로명건물본번호코드>00050</도로명건물본번호코드><도로명건물부번호코드>00000</도로명건물부번호코드><도로명시군구코드>11740</도로명시군구코드><도로명일련번호코드>00</도로명일련번호코드><도로명코드>4172194</도로명코드><법정동> 고덕동</법정동><법정동본번코드>0688</법정동본번코드><법정동부번코드>0000</법정동부번코드><법정동시군구코드>11740</법정동시군구코드><법정동읍면동코드>10200</법정동읍면동코드><법정동지번코드>1</법정동지번코드><아파트>래미안힐스테이트고덕</아파트><월>12</월><일>10</일><일련번호>11740-4214</일련번호><전용면적>97</전용면적><중개사소재지>서울 강동구</중개사소재지><지번>688</지번><지역코드>11740</지역코드><층>29</층><해제사유발생일> </해제사유발생일><해제여부> </해제여부></item><item><거래금액>   110,000</거래금액><거래유형>중개거래</거래유형><건축년도>2019</건축년도><년>2022</년><도로명>고덕로</도로명><도로명건물본번호코드>00333</도로명건물본번호코드><도로명건물부번호코드>00000</도로명건물부번호코드><도로명시군구코드>11740</도로명시군구코드><도로명일련번호코드>02</도로명일련번호코드><도로명지상지하코드>0</도로명지상지하코드><도로명코드>3124001</도로명코드><법정동> 고덕동</법정동><법정동본번코드>0693</법정동본번코드><법정동부번코드>0000</법정동부번코드><법정동시군구코드>11740</법정동시군구코드><법정동읍면동코드>10200</법정동읍면동코드><법정동지번코드>1</법정동지번코드><아파트>고덕그라시움</아파트><월>12</월><일>10</일><일련번호>11740-4628</일련번호><전용면적>59.028</전용면적><중개사소재지>서울 강동구</중개사소재지><지번>693</지번><지역코드>11740</지역코드><층>15</층><해제사유발생일> </해제사유발생일><해제여부> </해제여부></item><item><거래금액>    96,500</거래금액><거래유형>중개거래</거래유형><건축년도>2016</건축년도><년>2022</년><도로명>아리수로50길</도로명><도로명건물본번호코드>00050</도로명건물본번호코드><도로명건물부번호코드>00000</도로명건물부번호코드><도로명시군구코드>11740</도로명시군구코드><도로명일련번호코드>00</도로명일련번호코드><도로명코드>4172194</도로명코드><법정동> 고덕동</법정동><법정동본번코드>0688</법정동본번코드><법정동부번코드>0000</법정동부번코드><법정동시군구코드>11740</법정동시군구코드><법정동읍면동코드>10200</법정동읍면동코드><법정동지번코드>1</법정동지번코드><아파트>래미안힐스테이트고덕</아파트><월>12</월><일>13</일><일련번호>11740-4214</일련번호><전용면적>59.35</전용면적><중개사소재지>서울 강동구</중개사소재지><지번>688</지번><지역코드>11740</지역코드><층>5</층><해제사유발생일> </해제사유발생일><해제여부> </해제여부></item><item><거래금액>    60,350</거래금액><거래유형>직거래</거래유형><건축년도>2020</건축년도><년>2022</년><도로명>고덕로</도로명><도로명건물본번호코드>00399</도로명건물본번호코드><도로명건물부번호코드>00000</도로명건물부번호코드><도로명시군구코드>11740</도로명시군구코드><도로명일련번호코드>00</도로명일련번호코드><도로명코드>3124001</도로명코드><법정동> 고덕동</법정동><법정동본번코드>0210</법정동본번코드><법정동부번코드>0001</법정동부번코드><법정동시군구코드>11740</법정동시군구코드><법정동읍면동코드>10200</법정동읍면동코드><법정동지번코드>1</법정동지번코드><아파트>고덕센트럴푸르지오</아파트><월>12</월><일>16</일><일련번호>11740-4735</일련번호><전용면적>59.14</전용면적><중개사소재지> </중개사소재지><지번>210-1</지번><지역코드>11740</지역코드><층>16</층><해제사유발생일> </해제사유발생일><해제여부> </해제여부></item><item><거래금액>   100,500</거래금액><거래유형>중개거래</거래유형><건축년도>2019</건축년도><년>2022</년><도로명>고덕로</도로명><도로명건물본번호코드>00333</도로명건물본번호코드><도로명건물부번호코드>00000</도로명건물부번호코드><도로명시군구코드>11740</도로명시군구코드><도로명일련번호코드>02</도로명일련번호코드><도로명지상지하코드>0</도로명지상지하코드><도로명코드>3124001</도로명코드><법정동> 고덕동</법정동><법정동본번코드>0693</법정동본번코드><법정동부번코드>0000</법정동부번코드><법정동시군구코드>11740</법정동시군구코드><법정동읍면동코드>10200</법정동읍면동코드><법정동지번코드>1</법정동지번코드><아파트>고덕그라시움</아파트><월>12</월><일>20</일><일련번호>11740-4628</일련번호><전용면적>59.785</전용면적><중개사소재지>경기 하남시, 서울 강동구</중개사소재지><지번>693</지번><지역코드>11740</지역코드><층>20</층><해제사유발생일> </해제사유발생일><해제여부> </해제여부></item><item><거래금액>   144,500</거래금액><거래유형>중개거래</거래유형><건축년도>2019</건축년도><년>2022</년><도로명>고덕로</도로명><도로명건물본번호코드>00333</도로명건물본번호코드><도로명건물부번호코드>00000</도로명건물부번호코드><도로명시군구코드>11740</도로명시군구코드><도로명일련번호코드>02</도로명일련번호코드><도로명지상지하코드>0</도로명지상지하코드><도로명코드>3124001</도로명코드><법정동> 고덕동</법정동><법정동본번코드>0693</법정동본번코드><법정동부번코드>0000</법정동부번코드><법정동시군구코드>11740</법정동시군구코드><법정동읍면동코드>10200</법정동읍면동코드><법정동지번코드>1</법정동지번코드><아파트>고덕그라시움</아파트><월>12</월><일>21</일><일련번호>11740-4628</일련번호><전용면적>84.244</전용면적><중개사소재지>서울 강동구</중개사소재지><지번>693</지번><지역코드>11740</지역코드><층>19</층><해제사유발생일> </해제사유발생일><해제여부> </해제여부></item><item><거래금액>    93,000</거래금액><거래유형>중개거래</거래유형><건축년도>2019</건축년도><년>2022</년><도로명>고덕로</도로명><도로명건물본번호코드>00333</도로명건물본번호코드><도로명건물부번호코드>00000</도로명건물부번호코드><도로명시군구코드>11740</도로명시군구코드><도로명일련번호코드>02</도로명일련번호코드><도로명지상지하코드>0</도로명지상지하코드><도로명코드>3124001</도로명코드><법정동> 고덕동</법정동><법정동본번코드>0693</법정동본번코드><법정동부번코드>0000</법정동부번코드><법정동시군구코드>11740</법정동시군구코드><법정동읍면동코드>10200</법정동읍면동코드><법정동지번코드>1</법정동지번코드><아파트>고덕그라시움</아파트><월>12</월><일>21</일><일련번호>11740-4628</일련번호><전용면적>59.785</전용면적><중개사소재지>서울 강동구</중개사소재지><지번>693</지번><지역코드>11740</지역코드><층>4</층><해제사유발생일> </해제사유발생일><해제여부> </해제여부></item><item><거래금액>   145,000</거래금액><거래유형>중개거래</거래유형><건축년도>2019</건축년도><년>2022</년><도로명>고덕로</도로명><도로명건물본번호코드>00333</도로명건물본번호코드><도로명건물부번호코드>00000</도로명건물부번호코드><도로명시군구코드>11740</도로명시군구코드><도로명일련번호코드>02</도로명일련번호코드><도로명지상지하코드>0</도로명지상지하코드><도로명코드>3124001</도로명코드><법정동> 고덕동</법정동><법정동본번코드>0693</법정동본번코드><법정동부번코드>0000</법정동부번코드><법정동시군구코드>11740</법정동시군구코드><법정동읍면동코드>10200</법정동읍면동코드><법정동지번코드>1</법정동지번코드><아파트>고덕그라시움</아파트><월>12</월><일>22</일><일련번호>11740-4628</일련번호><전용면적>84.046</전용면적><중개사소재지>서울 강동구</중개사소재지><지번>693</지번><지역코드>11740</지역코드><층>8</층><해제사유발생일> </해제사유발생일><해제여부> </해제여부></item><item><거래금액>   145,000</거래금액><거래유형>중개거래</거래유형><건축년도>2019</건축년도><년>2022</년><도로명>고덕로</도로명><도로명건물본번호코드>00333</도로명건물본번호코드><도로명건물부번호코드>00000</도로명건물부번호코드><도로명시군구코드>11740</도로명시군구코드><도로명일련번호코드>02</도로명일련번호코드><도로명지상지하코드>0</도로명지상지하코드><도로명코드>3124001</도로명코드><법정동> 고덕동</법정동><법정동본번코드>0693</법정동본번코드><법정동부번코드>0000</법정동부번코드><법정동시군구코드>11740</법정동시군구코드><법정동읍면동코드>10200</법정동읍면동코드><법정동지번코드>1</법정동지번코드><아파트>고덕그라시움</아파트><월>12</월><일>22</일><일련번호>11740-4628</일련번호><전용면적>84.046</전용면적><중개사소재지>서울 강동구</중개사소재지><지번>693</지번><지역코드>11740</지역코드><층>8</층><해제사유발생일>23.01.17</해제사유발생일><해제여부>O</해제여부></item><item><거래금액>   143,000</거래금액><거래유형>직거래</거래유형><건축년도>2019</건축년도><년>2022</년><도로명>고덕로</도로명><도로명건물본번호코드>00333</도로명건물본번호코드><도로명건물부번호코드>00000</도로명건물부번호코드><도로명시군구코드>11740</도로명시군구코드><도로명일련번호코드>02</도로명일련번호코드><도로명지상지하코드>0</도로명지상지하코드><도로명코드>3124001</도로명코드><법정동> 고덕동</법정동><법정동본번코드>0693</법정동본번코드><법정동부번코드>0000</법정동부번코드><법정동시군구코드>11740</법정동시군구코드><법정동읍면동코드>10200</법정동읍면동코드><법정동지번코드>1</법정동지번코드><아파트>고덕그라시움</아파트><월>12</월><일>24</일><일련번호>11740-4628</일련번호><전용면적>84.046</전용면적><중개사소재지> </중개사소재지><지번>693</지번><지역코드>11740</지역코드><층>33</층><해제사유발생일> </해제사유발생일><해제여부> </해제여부></item><item><거래금액>   101,500</거래금액><거래유형>중개거래</거래유형><건축년도>2019</건축년도><년>2022</년><도로명>고덕로</도로명><도로명건물본번호코드>00333</도로명건물본번호코드><도로명건물부번호코드>00000</도로명건물부번호코드><도로명시군구코드>11740</도로명시군구코드><도로명일련번호코드>02</도로명일련번호코드><도로명지상지하코드>0</도로명지상지하코드><도로명코드>3124001</도로명코드><법정동> 고덕동</법정동><법정동본번코드>0693</법정동본번코드><법정동부번코드>0000</법정동부번코드><법정동시군구코드>11740</법정동시군구코드><법정동읍면동코드>10200</법정동읍면동코드><법정동지번코드>1</법정동지번코드><아파트>고덕그라시움</아파트><월>12</월><일>27</일><일련번호>11740-4628</일련번호><전용면적>59.028</전용면적><중개사소재지>서울 강동구</중개사소재지><지번>693</지번><지역코드>11740</지역코드><층>9</층><해제사유발생일> </해제사유발생일><해제여부> </해제여부></item><item><거래금액>    95,500</거래금액><거래유형>중개거래</거래유형><건축년도>2016</건축년도><년>2022</년><도로명>아리수로50길</도로명><도로명건물본번호코드>00050</도로명건물본번호코드><도로명건물부번호코드>00000</도로명건물부번호코드><도로명시군구코드>11740</도로명시군구코드><도로명일련번호코드>00</도로명일련번호코드><도로명코드>4172194</도로명코드><법정동> 고덕동</법정동><법정동본번코드>0688</법정동본번코드><법정동부번코드>0000</법정동부번코드><법정동시군구코드>11740</법정동시군구코드><법정동읍면동코드>10200</법정동읍면동코드><법정동지번코드>1</법정동지번코드><아파트>래미안힐스테이트고덕</아파트><월>12</월><일>29</일><일련번호>11740-4214</일련번호><전용면적>59.23</전용면적><중개사소재지>서울 강동구, 서울 성북구</중개사소재지><지번>688</지번><지역코드>11740</지역코드><층>13</층><해제사유발생일> </해제사유발생일><해제여부> </해제여부></item><item><거래금액>    96,000</거래금액><거래유형>중개거래</거래유형><건축년도>2021</건축년도><년>2022</년><도로명>상일로</도로명><도로명건물본번호코드>00055</도로명건물본번호코드><도로명건물부번호코드>00000</도로명건물부번호코드><도로명시군구코드>11740</도로명시군구코드><도로명일련번호코드>01</도로명일련번호코드><도로명코드>3124004</도로명코드><법정동> 상일동</법정동><법정동본번코드>0521</법정동본번코드><법정동부번코드>0000</법정동부번코드><법정동시군구코드>11740</법정동시군구코드><법정동읍면동코드>10300</법정동읍면동코드><법정동지번코드>1</법정동지번코드><아파트>고덕자이</아파트><월>12</월><일>2</일><일련번호>11740-4799</일련번호><전용면적>59.9398</전용면적><중개사소재지>서울 강동구</중개사소재지><지번>521</지번><지역코드>11740</지역코드><층>23</층><해제사유발생일> </해제사유발생일><해제여부> </해제여부></item><item><거래금액>    98,000</거래금액><거래유형>중개거래</거래유형><건축년도>2020</건축년도><년>2022</년><도로명>고덕로</도로명><도로명건물본번호코드>00360</도로명건물본번호코드><도로명건물부번호코드>00000</도로명건물부번호코드><도로명시군구코드>11740</도로명시군구코드><도로명일련번호코드>01</도로명일련번호코드><도로명코드>3124001</도로명코드><법정동> 상일동</법정동><법정동본번코드>0519</법정동본번코드><법정동부번코드>0000</법정동부번코드><법정동시군구코드>11740</법정동시군구코드><법정동읍면동코드>10300</법정동읍면동코드><법정동지번코드>1</법정동지번코드><아파트>고덕아르테온</아파트><월>12</월><일>2</일><일련번호>11740-4692</일련번호><전용면적>59.98</전용면적><중개사소재지>서울 강동구, 서울 송파구</중개사소재지><지번>519</지번><지역코드>11740</지역코드><층>10</층><해제사유발생일> </해제사유발생일><해제여부> </해제여부></item><item><거래금액>    91,800</거래금액><거래유형>중개거래</거래유형><건축년도>2011</건축년도><년>2022</년><도로명>상일로</도로명><도로명건물본번호코드>00074</도로명건물본번호코드><도로명건물부번호코드>00000</도로명건물부번호코드><도로명시군구코드>11740</도로명시군구코드><도로명일련번호코드>02</도로명일련번호코드><도로명지상지하코드>0</도로명지상지하코드><도로명코드>3124004</도로명코드><법정동> 상일동</법정동><법정동본번코드>0490</법정동본번코드><법정동부번코드>0000</법정동부번코드><법정동시군구코드>11740</법정동시군구코드><법정동읍면동코드>10300</법정동읍면동코드><법정동지번코드>1</법정동지번코드><아파트>고덕리엔파크3단지</아파트><월>12</월><일>3</일><일련번호>11740-3008</일련번호><전용면적>84.98</전용면적><중개사소재지>서울 강동구</중개사소재지><지번>490</지번><지역코드>11740</지역코드><층>8</층><해제사유발생일> </해제사유발생일><해제여부> </해제여부></item><item><거래금액>   119,000</거래금액><거래유형>중개거래</거래유형><건축년도>2019</건축년도><년>2022</년><도로명>고덕로80길</도로명><도로명건물본번호코드>00099</도로명건물본번호코드><도로명건물부번호코드>00000</도로명건물부번호코드><도로명시군구코드>11740</도로명시군구코드><도로명일련번호코드>01</도로명일련번호코드><도로명코드>4172034</도로명코드><법정동> 상일동</법정동><법정동본번코드>0513</법정동본번코드><법정동부번코드>0000</법정동부번코드><법정동시군구코드>11740</법정동시군구코드><법정동읍면동코드>10300</법정동읍면동코드><법정동지번코드>1</법정동지번코드><아파트>고덕센트럴IPARK</아파트><월>12</월><일>4</일><일련번호>11740-4675</일련번호><전용면적>84.97</전용면적><중개사소재지>서울 강동구</중개사소재지><지번>513</지번><지역코드>11740</지역코드><층>5</층><해제사유발생일> </해제사유발생일><해제여부> </해제여부></item><item><거래금액>   129,500</거래금액><거래유형>중개거래</거래유형><건축년도>2020</건축년도><년>2022</년><도로명>고덕로</도로명><도로명건물본번호코드>00360</도로명건물본번호코드><도로명건물부번호코드>00000</도로명건물부번호코드><도로명시군구코드>11740</도로명시군구코드><도로명일련번호코드>01</도로명일련번호코드><도로명코드>3124001</도로명코드><법정동> 상일동</법정동><법정동본번코드>0519</법정동본번코드><법정동부번코드>0000</법정동부번코드><법정동시군구코드>11740</법정동시군구코드><법정동읍면동코드>10300</법정동읍면동코드><법정동지번코드>1</법정동지번코드><아파트>고덕아르테온</아파트><월>12</월><일>6</일><일련번호>11740-4692</일련번호><전용면적>84.95</전용면적><중개사소재지>서울 강동구</중개사소재지><지번>519</지번><지역코드>11740</지역코드><층>15</층><해제사유발생일> </해제사유발생일><해제여부> </해제여부></item><item><거래금액>   109,000</거래금액><거래유형>중개거래</거래유형><건축년도>2019</건축년도><년>2022</년><도로명>고덕로80길</도로명><도로명건물본번호코드>00099</도로명건물본번호코드><도로명건물부번호코드>00000</도로명건물부번호코드><도로명시군구코드>11740</도로명시군구코드><도로명일련번호코드>01</도로명일련번호코드><도로명코드>4172034</도로명코드><법정동> 상일동</법정동><법정동본번코드>0513</법정동본번코드><법정동부번코드>0000</법정동부번코드><법정동시군구코드>11740</법정동시군구코드><법정동읍면동코드>10300</법정동읍면동코드><법정동지번코드>1</법정동지번코드><아파트>고덕센트럴IPARK</아파트><월>12</월><일>17</일><일련번호>11740-4675</일련번호><전용면적>74.88</전용면적><중개사소재지>서울 강동구</중개사소재지><지번>513</지번><지역코드>11740</지역코드><층>9</층><해제사유발생일> </해제사유발생일><해제여부> </해제여부></item><item><거래금액>   105,000</거래금액><거래유형>중개거래</거래유형><건축년도>2020</건축년도><년>2022</년><도로명>고덕로</도로명><도로명건물본번호코드>00360</도로명건물본번호코드><도로명건물부번호코드>00000</도로명건물부번호코드><도로명시군구코드>11740</도로명시군구코드><도로명일련번호코드>01</도로명일련번호코드><도로명코드>3124001</도로명코드><법정동> 상일동</법정동><법정동본번코드>0519</법정동본번코드><법정동부번코드>0000</법정동부번코드><법정동시군구코드>11740</법정동시군구코드><법정동읍면동코드>10300</법정동읍면동코드><법정동지번코드>1</법정동지번코드><아파트>고덕아르테온</아파트><월>12</월><일>17</일><일련번호>11740-4692</일련번호><전용면적>59.98</전용면적><중개사소재지>서울 강동구</중개사소재지><지번>519</지번><지역코드>11740</지역코드><층>17</층><해제사유발생일>23.02.14</해제사유발생일><해제여부>O</해제여부></item><item><거래금액>   105,000</거래금액><거래유형>중개거래</거래유형><건축년도>2020</건축년도><년>2022</년><도로명>고덕로</도로명><도로명건물본번호코드>00360</도로명건물본번호코드><도로명건물부번호코드>00000</도로명건물부번호코드><도로명시군구코드>11740</도로명시군구코드><도로명일련번호코드>01</도로명일련번호코드><도로명코드>3124001</도로명코드><법정동> 상일동</법정동><법정동본번코드>0519</법정동본번코드><법정동부번코드>0000</법정동부번코드><법정동시군구코드>11740</법정동시군구코드><법정동읍면동코드>10300</법정동읍면동코드><법정동지번코드>1</법정동지번코드><아파트>고덕아르테온</아파트><월>12</월><일>17</일><일련번호>11740-4692</일련번호><전용면적>59.98</전용면적><중개사소재지>서울 강동구</중개사소재지><지번>519</지번><지역코드>11740</지역코드><층>17</층><해제사유발생일> </해제사유발생일><해제여부> </해제여부></item><item><거래금액>   108,000</거래금액><거래유형>중개거래</거래유형><건축년도>2018</건축년도><년>2022</년><도로명>고덕로80길</도로명><도로명건물본번호코드>00134</도로명건물본번호코드><도로명건물부번호코드>00000</도로명건물부번호코드><도로명시군구코드>11740</도로명시군구코드><도로명일련번호코드>01</도로명일련번호코드><도로명지상지하코드>0</도로명지상지하코드><도로명코드>4172034</도로명코드><법정동> 상일동</법정동><법정동본번코드>0515</법정동본번코드><법정동부번코드>0000</법정동부번코드><법정동시군구코드>11740</법정동시군구코드><법정동읍면동코드>10300</법정동읍면동코드><법정동지번코드>1</법정동지번코드><아파트>고덕숲아이파크</아파트><월>12</월><일>20</일><일련번호>11740-4359</일련번호><전용면적>84.85</전용면적><중개사소재지>서울 강동구</중개사소재지><지번>515</지번><지역코드>11740</지역코드><층>20</층><해제사유발생일> </해제사유발생일><해제여부> </해제여부></item><item><거래금액>    85,000</거래금액><거래유형>중개거래</거래유형><건축년도>2011</건축년도><년>2022</년><도로명>상일로</도로명><도로명건물본번호코드>00074</도로명건물본번호코드><도로명건물부번호코드>00000</도로명건물부번호코드><도로명시군구코드>11740</도로명시군구코드><도로명일련번호코드>02</도로명일련번호코드><도로명지상지하코드>0</도로명지상지하코드><도로명코드>3124004</도로명코드><법정동> 상일동</법정동><법정동본번코드>0490</법정동본번코드><법정동부번코드>0000</법정동부번코드><법정동시군구코드>11740</법정동시군구코드><법정동읍면동코드>10300</법정동읍면동코드><법정동지번코드>1</법정동지번코드><아파트>고덕리엔파크3단지</아파트><월>12</월><일>29</일><일련번호>11740-3008</일련번호><전용면적>84.98</전용면적><중개사소재지>서울 강동구</중개사소재지><지번>490</지번><지역코드>11740</지역코드><층>8</층><해제사유발생일> </해제사유발생일><해제여부> </해제여부></item><item><거래금액>     8,700</거래금액><거래유형>직거래</거래유형><건축년도>2012</건축년도><년>2022</년><도로명>천중로42길</도로명><도로명건물본번호코드>00070</도로명건물본번호코드><도로명건물부번호코드>00000</도로명건물부번호코드><도로명시군구코드>11740</도로명시군구코드><도로명일련번호코드>01</도로명일련번호코드><도로명지상지하코드>0</도로명지상지하코드><도로명코드>4172350</도로명코드><법정동> 길동</법정동><법정동본번코드>0387</법정동본번코드><법정동부번코드>0005</법정동부번코드><법정동시군구코드>11740</법정동시군구코드><법정동읍면동코드>10500</법정동읍면동코드><법정동지번코드>1</법정동지번코드><아파트>청광플러스원(큐브1차)</아파트><월>12</월><일>16</일><일련번호>11740-3273</일련번호><전용면적>17.075</전용면적><중개사소재지> </중개사소재지><지번>387-5</지번><지역코드>11740</지역코드><층>7</층><해제사유발생일> </해제사유발생일><해제여부> </해제여부></item><item><거래금액>     8,500</거래금액><거래유형>직거래</거래유형><건축년도>2012</건축년도><년>2022</년><도로명>천중로42길</도로명><도로명건물본번호코드>00070</도로명건물본번호코드><도로명건물부번호코드>00000</도로명건물부번호코드><도로명시군구코드>11740</도로명시군구코드><도로명일련번호코드>01</도로명일련번호코드><도로명지상지하코드>0</도로명지상지하코드><도로명코드>4172350</도로명코드><법정동> 길동</법정동><법정동본번코드>0387</법정동본번코드><법정동부번코드>0005</법정동부번코드><법정동시군구코드>11740</법정동시군구코드><법정동읍면동코드>10500</법정동읍면동코드><법정동지번코드>1</법정동지번코드><아파트>청광플러스원(큐브1차)</아파트><월>12</월><일>16</일><일련번호>11740-3273</일련번호><전용면적>16.685</전용면적><중개사소재지> </중개사소재지><지번>387-5</지번><지역코드>11740</지역코드><층>9</층><해제사유발생일> </해제사유발생일><해제여부> </해제여부></item><item><거래금액>    10,000</거래금액><거래유형>중개거래</거래유형><건축년도>2012</건축년도><년>2022</년><도로명>천중로49가길</도로명><도로명건물본번호코드>00056</도로명건물본번호코드><도로명건물부번호코드>00000</도로명건물부번호코드><도로명시군구코드>11740</도로명시군구코드><도로명일련번호코드>01</도로명일련번호코드><도로명지상지하코드>0</도로명지상지하코드><도로명코드>4172354</도로명코드><법정동> 길동</법정동><법정동본번코드>0343</법정동본번코드><법정동부번코드>0002</법정동부번코드><법정동시군구코드>11740</법정동시군구코드><법정동읍면동코드>10500</법정동읍면동코드><법정동지번코드>1</법정동지번코드><아파트>현대웰하임(201동)</아파트><월>12</월><일>19</일><일련번호>11740-3163</일련번호><전용면적>13.109</전용면적><중개사소재지>서울 강동구</중개사소재지><지번>343-2</지번><지역코드>11740</지역코드><층>5</층><해제사유발생일> </해제사유발생일><해제여부> </해제여부></item><item><거래금액>    11,000</거래금액><거래유형>중개거래</거래유형><건축년도>2012</건축년도><년>2022</년><도로명>천중로42길</도로명><도로명건물본번호코드>00070</도로명건물본번호코드><도로명건물부번호코드>00000</도로명건물부번호코드><도로명시군구코드>11740</도로명시군구코드><도로명일련번호코드>01</도로명일련번호코드><도로명지상지하코드>0</도로명지상지하코드><도로명코드>4172350</도로명코드><법정동> 길동</법정동><법정동본번코드>0387</법정동본번코드><법정동부번코드>0005</법정동부번코드><법정동시군구코드>11740</법정동시군구코드><법정동읍면동코드>10500</법정동읍면동코드><법정동지번코드>1</법정동지번코드><아파트>청광플러스원(큐브1차)</아파트><월>12</월><일>20</일><일련번호>11740-3273</일련번호><전용면적>17.075</전용면적><중개사소재지>서울 강동구</중개사소재지><지번>387-5</지번><지역코드>11740</지역코드><층>11</층><해제사유발생일> </해제사유발생일><해제여부> </해제여부></item><item><거래금액>    11,000</거래금액><거래유형>중개거래</거래유형><건축년도>2012</건축년도><년>2022</년><도로명>천중로42길</도로명><도로명건물본번호코드>00070</도로명건물본번호코드><도로명건물부번호코드>00000</도로명건물부번호코드><도로명시군구코드>11740</도로명시군구코드><도로명일련번호코드>01</도로명일련번호코드><도로명지상지하코드>0</도로명지상지하코드><도로명코드>4172350</도로명코드><법정동> 길동</법정동><법정동본번코드>0387</법정동본번코드><법정동부번코드>0005</법정동부번코드><법정동시군구코드>11740</법정동시군구코드><법정동읍면동코드>10500</법정동읍면동코드><법정동지번코드>1</법정동지번코드><아파트>청광플러스원(큐브1차)</아파트><월>12</월><일>26</일><일련번호>11740-3273</일련번호><전용면적>16.685</전용면적><중개사소재지>서울 강동구</중개사소재지><지번>387-5</지번><지역코드>11740</지역코드><층>11</층><해제사유발생일> </해제사유발생일><해제여부> </해제여부></item><item><거래금액>    10,800</거래금액><거래유형>중개거래</거래유형><건축년도>2013</건축년도><년>2022</년><도로명>천호대로175길</도로명><도로명건물본번호코드>00010</도로명건물본번호코드><도로명건물부번호코드>00000</도로명건물부번호코드><도로명시군구코드>11740</도로명시군구코드><도로명일련번호코드>01</도로명일련번호코드><도로명지상지하코드>0</도로명지상지하코드><도로명코드>4172385</도로명코드><법정동> 길동</법정동><법정동본번코드>0457</법정동본번코드><법정동부번코드>0000</법정동부번코드><법정동시군구코드>11740</법정동시군구코드><법정동읍면동코드>10500</법정동읍면동코드><법정동지번코드>1</법정동지번코드><아파트>청광플러스원큐브2차</아파트><월>12</월><일>26</일><일련번호>11740-3392</일련번호><전용면적>14.495</전용면적><중개사소재지>서울 강동구</중개사소재지><지번>457</지번><지역코드>11740</지역코드><층>18</층><해제사유발생일> </해제사유발생일><해제여부> </해제여부></item><item><거래금액>    76,000</거래금액><거래유형>중개거래</거래유형><건축년도>2000</건축년도><년>2022</년><도로명>상암로</도로명><도로명건물본번호코드>00011</도로명건물본번호코드><도로명건물부번호코드>00000</도로명건물부번호코드><도로명시군구코드>11740</도로명시군구코드><도로명일련번호코드>03</도로명일련번호코드><도로명지상지하코드>0</도로명지상지하코드><도로명코드>3124003</도로명코드><법정동> 암사동</법정동><법정동본번코드>0509</법정동본번코드><법정동부번코드>0000</법정동부번코드><법정동시군구코드>11740</법정동시군구코드><법정동읍면동코드>10700</법정동읍면동코드><법정동지번코드>1</법정동지번코드><아파트>선사현대아파트</아파트><월>12</월><일>2</일><일련번호>11740-91</일련번호><전용면적>58.68</전용면적><중개사소재지>서울 강동구</중개사소재지><지번>509</지번><지역코드>11740</지역코드><층>25</층><해제사유발생일> </해제사유발생일><해제여부> </해제여부></item><item><거래금액>    53,000</거래금액><거래유형>중개거래</거래유형><건축년도>1998</건축년도><년>2022</년><도로명>올림픽로98가길</도로명><도로명건물본번호코드>00047</도로명건물본번호코드><도로명건물부번호코드>00000</도로명건물부번호코드><도로명시군구코드>11740</도로명시군구코드><도로명일련번호코드>01</도로명일련번호코드><도로명지상지하코드>0</도로명지상지하코드><도로명코드>4172303</도로명코드><법정동> 암사동</법정동><법정동본번코드>0493</법정동본번코드><법정동부번코드>0014</법정동부번코드><법정동시군구코드>11740</법정동시군구코드><법정동읍면동코드>10700</법정동읍면동코드><법정동지번코드>1</법정동지번코드><아파트>중앙하이츠</아파트><월>12</월><일>3</일><일련번호>11740-99</일련번호><전용면적>59.52</전용면적><중개사소재지>서울 강동구</중개사소재지><지번>493-14</지번><지역코드>11740</지역코드><층>8</층><해제사유발생일> </해제사유발생일><해제여부> </해제여부></item><item><거래금액>    53,000</거래금액><거래유형>중개거래</거래유형><건축년도>1998</건축년도><년>2022</년><도로명>올림픽로98가길</도로명><도로명건물본번호코드>00047</도로명건물본번호코드><도로명건물부번호코드>00000</도로명건물부번호코드><도로명시군구코드>11740</도로명시군구코드><도로명일련번호코드>01</도로명일련번호코드><도로명지상지하코드>0</도로명지상지하코드><도로명코드>4172303</도로명코드><법정동> 암사동</법정동><법정동본번코드>0493</법정동본번코드><법정동부번코드>0014</법정동부번코드><법정동시군구코드>11740</법정동시군구코드><법정동읍면동코드>10700</법정동읍면동코드><법정동지번코드>1</법정동지번코드><아파트>중앙하이츠</아파트><월>12</월><일>3</일><일련번호>11740-99</일련번호><전용면적>59.52</전용면적><중개사소재지>서울 강동구</중개사소재지><지번>493-14</지번><지역코드>11740</지역코드><층>8</층><해제사유발생일>22.12.27</해제사유발생일><해제여부>O</해제여부></item><item><거래금액>   135,000</거래금액><거래유형>중개거래</거래유형><건축년도>2008</건축년도><년>2022</년><도로명>고덕로</도로명><도로명건물본번호코드>00131</도로명건물본번호코드><도로명건물부번호코드>00000</도로명건물부번호코드><도로명시군구코드>11740</도로명시군구코드><도로명일련번호코드>04</도로명일련번호코드><도로명지상지하코드>0</도로명지상지하코드><도로명코드>3124001</도로명코드><법정동> 암사동</법정동><법정동본번코드>0414</법정동본번코드><법정동부번코드>0002</법정동부번코드><법정동시군구코드>11740</법정동시군구코드><법정동읍면동코드>10700</법정동읍면동코드><법정동지번코드>1</법정동지번코드><아파트>롯데캐슬퍼스트</아파트><월>12</월><일>6</일><일련번호>11740-2802</일련번호><전용면적>111.22</전용면적><중개사소재지>서울 강동구</중개사소재지><지번>414-2</지번><지역코드>11740</지역코드><층>10</층><해제사유발생일> </해제사유발생일><해제여부> </해제여부></item><item><거래금액>    77,000</거래금액><거래유형>중개거래</거래유형><건축년도>2000</건축년도><년>2022</년><도로명>상암로</도로명><도로명건물본번호코드>00011</도로명건물본번호코드><도로명건물부번호코드>00000</도로명건물부번호코드><도로명시군구코드>11740</도로명시군구코드><도로명일련번호코드>03</도로명일련번호코드><도로명지상지하코드>0</도로명지상지하코드><도로명코드>3124003</도로명코드><법정동> 암사동</법정동><법정동본번코드>0509</법정동본번코드><법정동부번코드>0000</법정동부번코드><법정동시군구코드>11740</법정동시군구코드><법정동읍면동코드>10700</법정동읍면동코드><법정동지번코드>1</법정동지번코드><아파트>선사현대아파트</아파트><월>12</월><일>10</일><일련번호>11740-91</일련번호><전용면적>59.64</전용면적><중개사소재지>서울 강동구</중개사소재지><지번>509</지번><지역코드>11740</지역코드><층>17</층><해제사유발생일> </해제사유발생일><해제여부> </해제여부></item><item><거래금액>    95,000</거래금액><거래유형>중개거래</거래유형><건축년도>2008</건축년도><년>2022</년><도로명>고덕로</도로명><도로명건물본번호코드>00131</도로명건물본번호코드><도로명건물부번호코드>00000</도로명건물부번호코드><도로명시군구코드>11740</도로명시군구코드><도로명일련번호코드>04</도로명일련번호코드><도로명지상지하코드>0</도로명지상지하코드><도로명코드>3124001</도로명코드><법정동> 암사동</법정동><법정동본번코드>0414</법정동본번코드><법정동부번코드>0002</법정동부번코드><법정동시군구코드>11740</법정동시군구코드><법정동읍면동코드>10700</법정동읍면동코드><법정동지번코드>1</법정동지번코드><아파트>롯데캐슬퍼스트</아파트><월>12</월><일>21</일><일련번호>11740-2802</일련번호><전용면적>59.99</전용면적><중개사소재지>서울 강동구</중개사소재지><지번>414-2</지번><지역코드>11740</지역코드><층>18</층><해제사유발생일> </해제사유발생일><해제여부> </해제여부></item><item><거래금액>    86,500</거래금액><거래유형>중개거래</거래유형><건축년도>2008</건축년도><년>2022</년><도로명>고덕로</도로명><도로명건물본번호코드>00131</도로명건물본번호코드><도로명건물부번호코드>00000</도로명건물부번호코드><도로명시군구코드>11740</도로명시군구코드><도로명일련번호코드>04</도로명일련번호코드><도로명지상지하코드>0</도로명지상지하코드><도로명코드>3124001</도로명코드><법정동> 암사동</법정동><법정동본번코드>0414</법정동본번코드><법정동부번코드>0002</법정동부번코드><법정동시군구코드>11740</법정동시군구코드><법정동읍면동코드>10700</법정동읍면동코드><법정동지번코드>1</법정동지번코드><아파트>롯데캐슬퍼스트</아파트><월>12</월><일>30</일><일련번호>11740-2802</일련번호><전용면적>59.99</전용면적><중개사소재지>서울 강동구</중개사소재지><지번>414-2</지번><지역코드>11740</지역코드><층>17</층><해제사유발생일> </해제사유발생일><해제여부> </해제여부></item><item><거래금액>   145,500</거래금액><거래유형>직거래</거래유형><건축년도>1996</건축년도><년>2022</년><도로명>강동대로</도로명><도로명건물본번호코드>00143</도로명건물본번호코드><도로명건물부번호코드>00048</도로명건물부번호코드><도로명시군구코드>11740</도로명시군구코드><도로명일련번호코드>02</도로명일련번호코드><도로명지상지하코드>0</도로명지상지하코드><도로명코드>2123001</도로명코드><법정동> 성내동</법정동><법정동본번코드>0452</법정동본번코드><법정동부번코드>0002</법정동부번코드><법정동시군구코드>11740</법정동시군구코드><법정동읍면동코드>10800</법정동읍면동코드><법정동지번코드>1</법정동지번코드><아파트>파크뷰진도맨션</아파트><월>12</월><일>6</일><일련번호>11740-144</일련번호><전용면적>208.92</전용면적><중개사소재지> </중개사소재지><지번>452-2</지번><지역코드>11740</지역코드><층>18</층><해제사유발생일> </해제사유발생일><해제여부> </해제여부></item><item><거래금액>    95,000</거래금액><거래유형>중개거래</거래유형><건축년도>2015</건축년도><년>2022</년><도로명>천호대로</도로명><도로명건물본번호코드>01089</도로명건물본번호코드><도로명건물부번호코드>00000</도로명건물부번호코드><도로명시군구코드>11740</도로명시군구코드><도로명일련번호코드>00</도로명일련번호코드><도로명코드>2000008</도로명코드><법정동> 천호동</법정동><법정동본번코드>0447</법정동본번코드><법정동부번코드>0017</법정동부번코드><법정동시군구코드>11740</법정동시군구코드><법정동읍면동코드>10900</법정동읍면동코드><법정동지번코드>1</법정동지번코드><아파트>강동역신동아파밀리에</아파트><월>12</월><일>24</일><일련번호>11740-3722</일련번호><전용면적>101.25</전용면적><중개사소재지>서울 강동구</중개사소재지><지번>447-17</지번><지역코드>11740</지역코드><층>28</층><해제사유발생일> </해제사유발생일><해제여부> </해제여부></item><item><거래금액>    73,500</거래금액><거래유형>중개거래</거래유형><건축년도>2011</건축년도><년>2022</년><도로명>고덕로</도로명><도로명건물본번호코드>00427</도로명건물본번호코드><도로명건물부번호코드>00000</도로명건물부번호코드><도로명시군구코드>11740</도로명시군구코드><도로명일련번호코드>05</도로명일련번호코드><도로명지상지하코드>0</도로명지상지하코드><도로명코드>3124001</도로명코드><법정동> 강일동</법정동><법정동본번코드>0717</법정동본번코드><법정동부번코드>0000</법정동부번코드><법정동시군구코드>11740</법정동시군구코드><법정동읍면동코드>11000</법정동읍면동코드><법정동지번코드>1</법정동지번코드><아파트>고덕리엔파크2단지</아파트><월>12</월><일>27</일><일련번호>11740-3004</일련번호><전용면적>59.72</전용면적><중개사소재지>서울 강동구</중개사소재지><지번>717</지번><지역코드>11740</지역코드><층>12</층><해제사유발생일> </해제사유발생일><해제여부> </해제여부></item><item><거래금액>    78,000</거래금액><거래유형>중개거래</거래유형><건축년도>2009</건축년도><년>2022</년><도로명>아리수로93길</도로명><도로명건물본번호코드>00040</도로명건물본번호코드><도로명건물부번호코드>00000</도로명건물부번호코드><도로명시군구코드>11740</도로명시군구코드><도로명일련번호코드>01</도로명일련번호코드><도로명지상지하코드>0</도로명지상지하코드><도로명코드>4172211</도로명코드><법정동> 강일동</법정동><법정동본번코드>0674</법정동본번코드><법정동부번코드>0000</법정동부번코드><법정동시군구코드>11740</법정동시군구코드><법정동읍면동코드>11000</법정동읍면동코드><법정동지번코드>1</법정동지번코드><아파트>강일리버파크3단지</아파트><월>12</월><일>28</일><일련번호>11740-2852</일련번호><전용면적>84.53</전용면적><중개사소재지>인천 서구</중개사소재지><지번>674</지번><지역코드>11740</지역코드><층>3</층><해제사유발생일> </해제사유발생일><해제여부> </해제여부></item><item><거래금액>    78,000</거래금액><거래유형>중개거래</거래유형><건축년도>2009</건축년도><년>2022</년><도로명>아리수로93길</도로명><도로명건물본번호코드>00040</도로명건물본번호코드><도로명건물부번호코드>00000</도로명건물부번호코드><도로명시군구코드>11740</도로명시군구코드><도로명일련번호코드>01</도로명일련번호코드><도로명지상지하코드>0</도로명지상지하코드><도로명코드>4172211</도로명코드><법정동> 강일동</법정동><법정동본번코드>0674</법정동본번코드><법정동부번코드>0000</법정동부번코드><법정동시군구코드>11740</법정동시군구코드><법정동읍면동코드>11000</법정동읍면동코드><법정동지번코드>1</법정동지번코드><아파트>강일리버파크3단지</아파트><월>12</월><일>28</일><일련번호>11740-2852</일련번호><전용면적>84.53</전용면적><중개사소재지>인천 서구</중개사소재지><지번>674</지번><지역코드>11740</지역코드><층>3</층><해제사유발생일>23.02.09</해제사유발생일><해제여부>O</해제여부></item><item><거래금액>    55,000</거래금액><거래유형>중개거래</거래유형><건축년도>2020</건축년도><년>2022</년><도로명>아리수로93가길</도로명><도로명건물본번호코드>00110</도로명건물본번호코드><도로명건물부번호코드>00000</도로명건물부번호코드><도로명시군구코드>11740</도로명시군구코드><도로명일련번호코드>00</도로명일련번호코드><도로명코드>4172210</도로명코드><법정동> 강일동</법정동><법정동본번코드>0114</법정동본번코드><법정동부번코드>0000</법정동부번코드><법정동시군구코드>11740</법정동시군구코드><법정동읍면동코드>11000</법정동읍면동코드><법정동지번코드>1</법정동지번코드><아파트>강동리버스트4단지</아파트><월>12</월><일>29</일><일련번호>11740-4743</일련번호><전용면적>59.99</전용면적><중개사소재지>서울 강동구</중개사소재지><지번>114</지번><지역코드>11740</지역코드><층>7</층><해제사유발생일> </해제사유발생일><해제여부> </해제여부></item></items><numOfRows>999</numOfRows><pageNo>1</pageNo><totalCount>50</totalCount></body></response>