<?xml version="1.0" encoding="UTF-8" standalone="yes"?><response><header><resultCode>00</resultCode><resultMsg>NORMAL SERVICE.</resultMsg></header><body><items><item><거래금액>    53,800</거래금액><거래유형>중개거래</거래유형><건축년도>2004</건축년도><년>2022</년><도로명>솔샘로</도로명><도로명건물본번호코드>00174</도로명건물본번호코드><도로명건물부번호코드>00000</도로명건물부번호코드><도로명시군구코드>11305</도로명시군구코드><도로명일련번호코드>01</도로명일련번호코드><도로명지상지하코드>0</도로명지상지하코드><도로명코드>3005042</도로명코드><법정동> 미아동</법정동><법정동본번코드>1353</법정동본번코드><법정동부번코드>0000</법정동부번코드><법정동시군구코드>11305</법정동시군구코드><법정동읍면동코드>10100</법정동읍면동코드><법정동지번코드>1</법정동지번코드><아파트>에스케이북한산시티</아파트><월>12</월><일>3</일><일련번호>11305-6</일련번호><전용면적>59.98</전용면적><중개사소재지>서울 성북구</중개사소재지><지번>1353</지번><지역코드>11305</지역코드><층>16</층><해제사유발생일> </해제사유발생일><해제여부> </해제여부></item><item><거래금액>    62,700</거래금액><거래유형>중개거래</거래유형><건축년도>2003</건축년도><년>2022</년><도로명>삼양로19길</도로명><도로명건물본번호코드>00113</도로명건물본번호코드><도로명건물부번호코드>00000</도로명건물부번호코드><도로명시군구코드>11305</도로명시군구코드><도로명일련번호코드>01</도로명일련번호코드><도로명지상지하코드>0</도로명지상지하코드><도로명코드>4124223</도로명코드><법정동> 미아동</법정동><법정동본번코드>1357</법정동본번코드><법정동부번코드>0000</법정동부번코드><법정동시군구코드>11305</법정동시군구코드><법정동읍면동코드>10100</법정동읍면동코드><법정동지번코드>1</법정동지번코드><아파트>삼각산아이원</아파트><월>12</월><일>6</일><일련번호>11305-46</일련번호><전용면적>84.705</전용면적><중개사소재지>서울 강북구</중개사소재지><지번>1357</지번><지역코드>11305</지역코드><층>5</층><해제사유발생일> </해제사유발생일><해제여부> </해제여부></item><item><거래금액>    64,000</거래금액><거래유형>중개거래</거래유형><건축년도>2010</건축년도><년>2022</년><도로명>삼양로27길</도로명><도로명건물본번호코드>00019</도로명건물본번호코드><도로명건물부번호코드>00000</도로명건물부번호코드><도로명시군구코드>11305</도로명시군구코드><도로명일련번호코드>01</도로명일련번호코드><도로명지상지하코드>0</도로명지상지하코드><도로명코드>4124230</도로명코드><법정동> 미아동</법정동><법정동본번코드>0812</법정동본번코드><법정동부번코드>0000</법정동부번코드><법정동시군구코드>11305</법정동시군구코드><법정동읍면동코드>10100</법정동읍면동코드><법정동지번코드>1</법정동지번코드><아파트>삼성래미안트리베라2단지</아파트><월>12</월><일>9</일><일련번호>11305-4129</일련번호><전용면적>58.99</전용면적><중개사소재지>서울 강북구</중개사소재지><지번>812</지번><지역코드>11305</지역코드><층>14</층><해제사유발생일> </해제사유발생일><해제여부> </해제여부></item><item><거래금액>    56,000</거래금액><거래유형>중개거래</거래유형><건축년도>2004</건축년도><년>2022</년><도로명>솔샘로</도로명><도로명건물본번호코드>00174</도로명건물본번호코드><도로명건물부번호코드>00000</도로명건물부번호코드><도로명시군구코드>11305</도로명시군구코드><도로명일련번호코드>01</도로명일련번호코드><도로명지상지하코드>0</도로명지상지하코드><도로명코드>3005042</도로명코드><법정동> 미아동</법정동><법정동본번코드>1353</법정동본번코드><법정동부번코드>0000</법정동부번코드><법정동시군구코드>11305</법정동시군구코드><법정동읍면동코드>10100</법정동읍면동코드><법정동지번코드>1</법정동지번코드><아파트>에스케이북한산시티</아파트><월>12</월><일>14</일><일련번호>11305-6</일련번호><전용면적>59.98</전용면적><중개사소재지>서울 강북구</중개사소재지><지번>1353</지번><지역코드>11305</지역코드><층>11</층><해제사유발생일> </해제사유발생일><해제여부> </해제여부></item><item><거래금액>    57,000</거래금액><거래유형>중개거래</거래유형><건축년도>2004</건축년도><년>2022</년><도로명>솔샘로</도로명><도로명건물본번호코드>00174</도로명건물본번호코드><도로명건물부번호코드>00000</도로명건물부번호코드><도로명시군구코드>11305</도로명시군구코드><도로명일련번호코드>01</도로명일련번호코드><도로명지상지하코드>0</도로명지상지하코드><도로명코드>3005042</도로명코드><법정동> 미아동</법정동><법정동본번코드>1353</법정동본번코드><법정동부번코드>0000</법정동부번코드><법정동시군구코드>11305</법정동시군구코드><법정동읍면동코드>10100</법정동읍면동코드><법정동지번코드>1</법정동지번코드><아파트>에스케이북한산시티</아파트><월>12</월><일>15</일><일련번호>11305-6</일련번호><전용면적>59.98</전용면적><중개사소재지>서울 강북구</중개사소재지><지번>1353</지번><지역코드>11305</지역코드><층>20</층><해제사유발생일> </해제사유발생일><해제여부> </해제여부></item><item><거래금액>    58,000</거래금액><거래유형>중개거래</거래유형><건축년도>2004</건축년도><년>2022</년><도로명>솔샘로</도로명><도로명건물본번호코드>00174</도로명건물본번호코드><도로명건물부번호코드>00000</도로명건물부번호코드><도로명시군구코드>11305</도로명시군구코드><도로명일련번호코드>01</도로명일련번호코드><도로명지상지하코드>0</도로명지상지하코드><도로명코드>3005042</도로명코드><법정동> 미아동</법정동><법정동본번코드>1353</법정동본번코드><법정동부번코드>0000</법정동부번코드><법정동시군구코드>11305</법정동시군구코드><법정동읍면동코드>10100</법정동읍면동코드><법정동지번코드>1</법정동지번코드><아파트>에스케이북한산시티</아파트><월>12</월><일>17</일><일련번호>11305-6</일련번호><전용면적>59.98</전용면적><중개사소재지>서울 강북구</중개사소재지><지번>1353</지번><지역코드>11305</지역코드><층>3</층><해제사유발생일> </해제사유발생일><해제여부> </해제여부></item><item><거래금액>    50,000</거래금액><거래유형>중개거래</거래유형><건축년도>2004</건축년도><년>2022</년><도로명>솔샘로</도로명><도로명건물본번호코드>00159</도로명건물본번호코드><도로명건물부번호코드>00000</도로명건물부번호코드><도로명시군구코드>11305</도로명시군구코드><도로명일련번호코드>01</도로명일련번호코드><도로명지상지하코드>0</도로명지상지하코드><도로명코드>3005042</도로명코드><법정동> 미아동</법정동><법정동본번코드>1354</법정동본번코드><법정동부번코드>0000</법정동부번코드><법정동시군구코드>11305</법정동시군구코드><법정동읍면동코드>10100</법정동읍면동코드><법정동지번코드>1</법정동지번코드><아파트>벽산라이브파크</아파트><월>12</월><일>17</일><일련번호>11305-13</일련번호><전용면적>60</전용면적><중개사소재지>서울 강북구</중개사소재지><지번>1354</지번><지역코드>11305</지역코드><층>10</층><해제사유발생일> </해제사유발생일><해제여부> </해제여부></item><item><거래금액>    81,000</거래금액><거래유형>중개거래</거래유형><건축년도>2019</건축년도><년>2022</년><도로명>오현로</도로명><도로명건물본번호코드>00045</도로명건물본번호코드><도로명건물부번호코드>00000</도로명건물부번호코드><도로명시군구코드>11305</도로명시군구코드><도로명일련번호코드>01</도로명일련번호코드><도로명지상지하코드>0</도로명지상지하코드><도로명코드>3108004</도로명코드><법정동> 미아동</법정동><법정동본번코드>1369</법정동본번코드><법정동부번코드>0000</법정동부번코드><법정동시군구코드>11305</법정동시군구코드><법정동읍면동코드>10100</법정동읍면동코드><법정동지번코드>1</법정동지번코드><아파트>꿈의숲해링턴플레이스</아파트><월>12</월><일>24</일><일련번호>11305-5365</일련번호><전용면적>84.67</전용면적><중개사소재지>서울 강북구</중개사소재지><지번>1369</지번><지역코드>11305</지역코드><층>8</층><해제사유발생일> </해제사유발생일><해제여부> </해제여부></item><item><거래금액>    51,000</거래금액><거래유형>중개거래</거래유형><건축년도>2006</건축년도><년>2022</년><도로명>오패산로</도로명><도로명건물본번호코드>00176</도로명건물본번호코드><도로명건물부번호코드>00000</도로명건물부번호코드><도로명시군구코드>11305</도로명시군구코드><도로명일련번호코드>01</도로명일련번호코드><도로명지상지하코드>0</도로명지상지하코드><도로명코드>3005044</도로명코드><법정동> 미아동</법정동><법정동본번코드>0103</법정동본번코드><법정동부번코드>0183</법정동부번코드><법정동시군구코드>11305</법정동시군구코드><법정동읍면동코드>10100</법정동읍면동코드><법정동지번코드>1</법정동지번코드><아파트>젬스톤타운</아파트><월>12</월><일>27</일><일련번호>11305-3692</일련번호><전용면적>78.09</전용면적><중개사소재지>서울 강북구</중개사소재지><지번>103-183</지번><지역코드>11305</지역코드><층>3</층><해제사유발생일>23.01.25</해제사유발생일><해제여부>O</해제여부></item><item><거래금액>    22,100</거래금액><거래유형>중개거래</거래유형><건축년도>2022</건축년도><년>2022</년><도로명>한천로148길</도로명><도로명건물본번호코드>00012</도로명건물본번호코드><도로명건물부번호코드>00013</도로명건물부번호코드><도로명시군구코드>11305</도로명시군구코드><도로명일련번호코드>01</도로명일련번호코드><도로명지상지하코드>0</도로명지상지하코드><도로명코드>4124578</도로명코드><법정동> 수유동</법정동><법정동본번코드>0741</법정동본번코드><법정동부번코드>0000</법정동부번코드><법정동시군구코드>11305</법정동시군구코드><법정동읍면동코드>10300</법정동읍면동코드><법정동지번코드>1</법정동지번코드><아파트>칸타빌수유팰리스</아파트><월>12</월><일>21</일><일련번호>11305-5548</일련번호><전용면적>20.774</전용면적><중개사소재지>서울 구로구</중개사소재지><지번>741</지번><지역코드>11305</지역코드><층>2</층><해제사유발생일> </해제사유발생일><해제여부> </해제여부></item><item><거래금액>    23,000</거래금액><거래유형>중개거래</거래유형><건축년도>2022</건축년도><년>2022</년><도로명>한천로148길</도로명><도로명건물본번호코드>00012</도로명건물본번호코드><도로명건물부번호코드>00013</도로명건물부번호코드><도로명시군구코드>11305</도로명시군구코드><도로명일련번호코드>01</도로명일련번호코드><도로명지상지하코드>0</도로명지상지하코드><도로명코드>4124578</도로명코드><법정동> 수유동</법정동><법정동본번코드>0741</법정동본번코드><법정동부번코드>0000</법정동부번코드><법정동시군구코드>11305</법정동시군구코드><법정동읍면동코드>10300</법정동읍면동코드><법정동지번코드>1</법정동지번코드><아파트>칸타빌수유팰리스</아파트><월>12</월><일>21</일><일련번호>11305-5548</일련번호><전용면적>20.774</전용면적><중개사소재지>서울 구로구</중개사소재지><지번>741</지번><지역코드>11305</지역코드><층>3</층><해제사유발생일>22.12.22</해제사유발생일><해제여부>O</해제여부></item><item><거래금액>    23,000</거래금액><거래유형>중개거래</거래유형><건축년도>2022</건축년도><년>2022</년><도로명>한천로148길</도로명><도로명건물본번호코드>00012</도로명건물본번호코드><도로명건물부번호코드>00013</도로명건물부번호코드><도로명시군구코드>11305</도로명시군구코드><도로명일련번호코드>01</도로명일련번호코드><도로명지상지하코드>0</도로명지상지하코드><도로명코드>4124578</도로명코드><법정동> 수유동</법정동><법정동본번코드>0741</법정동본번코드><법정동부번코드>0000</법정동부번코드><법정동시군구코드>11305</법정동시군구코드><법정동읍면동코드>10300</법정동읍면동코드><법정동지번코드>1</법정동지번코드><아파트>칸타빌수유팰리스</아파트><월>12</월><일>21</일><일련번호>11305-5548</일련번호><전용면적>20.774</전용면적><중개사소재지>서울 구로구</중개사소재지><지번>741</지번><지역코드>11305</지역코드><층>3</층><해제사유발생일> </해제사유발생일><해제여부> </해제여부></item><item><거래금액>    22,100</거래금액><거래유형>중개거래</거래유형><건축년도>2022</건축년도><년>2022</년><도로명>한천로148길</도로명><도로명건물본번호코드>00012</도로명건물본번호코드><도로명건물부번호코드>00013</도로명건물부번호코드><도로명시군구코드>11305</도로명시군구코드><도로명일련번호코드>01</도로명일련번호코드><도로명지상지하코드>0</도로명지상지하코드><도로명코드>4124578</도로명코드><법정동> 수유동</법정동><법정동본번코드>0741</법정동본번코드><법정동부번코드>0000</법정동부번코드><법정동시군구코드>11305</법정동시군구코드><법정동읍면동코드>10300</법정동읍면동코드><법정동지번코드>1</법정동지번코드><아파트>칸타빌수유팰리스</아파트><월>12</월><일>21</일><일련번호>11305-5548</일련번호><전용면적>19.9815</전용면적><중개사소재지>서울 구로구</중개사소재지><지번>741</지번><지역코드>11305</지역코드><층>3</층><해제사유발생일>22.12.22</해제사유발생일><해제여부>O</해제여부></item><item><거래금액>    22,100</거래금액><거래유형>중개거래</거래유형><건축년도>2022</건축년도><년>2022</년><도로명>한천로148길</도로명><도로명건물본번호코드>00012</도로명건물본번호코드><도로명건물부번호코드>00013</도로명건물부번호코드><도로명시군구코드>11305</도로명시군구코드><도로명일련번호코드>01</도로명일련번호코드><도로명지상지하코드>0</도로명지상지하코드><도로명코드>4124578</도로명코드><법정동> 수유동</법정동><법정동본번코드>0741</법정동본번코드><법정동부번코드>0000</법정동부번코드><법정동시군구코드>11305</법정동시군구코드><법정동읍면동코드>10300</법정동읍면동코드><법정동지번코드>1</법정동지번코드><아파트>칸타빌수유팰리스</아파트><월>12</월><일>21</일><일련번호>11305-5548</일련번호><전용면적>19.9815</전용면적><중개사소재지>서울 구로구</중개사소재지><지번>741</지번><지역코드>11305</지역코드><층>3</층><해제사유발생일> </해제사유발생일><해제여부> </해제여부></item><item><거래금액>    22,100</거래금액><거래유형>중개거래</거래유형><건축년도>2022</건축년도><년>2022</년><도로명>한천로148길</도로명><도로명건물본번호코드>00012</도로명건물본번호코드><도로명건물부번호코드>00013</도로명건물부번호코드><도로명시군구코드>11305</도로명시군구코드><도로명일련번호코드>01</도로명일련번호코드><도로명지상지하코드>0</도로명지상지하코드><도로명코드>4124578</도로명코드><법정동> 수유동</법정동><법정동본번코드>0741</법정동본번코드><법정동부번코드>0000</법정동부번코드><법정동시군구코드>11305</법정동시군구코드><법정동읍면동코드>10300</법정동읍면동코드><법정동지번코드>1</법정동지번코드><아파트>칸타빌수유팰리스</아파트><월>12</월><일>21</일><일련번호>11305-5548</일련번호><전용면적>19.9815</전용면적><중개사소재지>서울 구로구</중개사소재지><지번>741</지번><지역코드>11305</지역코드><층>3</층><해제사유발생일>22.12.22</해제사유발생일><해제여부>O</해제여부></item><item><거래금액>    22,100</거래금액><거래유형>중개거래</거래유형><건축년도>2022</건축년도><년>2022</년><도로명>한천로148길</도로명><도로명건물본번호코드>00012</도로명건물본번호코드><도로명건물부번호코드>00013</도로명건물부번호코드><도로명시군구코드>11305</도로명시군구코드><도로명일련번호코드>01</도로명일련번호코드><도로명지상지하코드>0</도로명지상지하코드><도로명코드>4124578</도로명코드><법정동> 수유동</법정동><법정동본번코드>0741</법정동본번코드><법정동부번코드>0000</법정동부번코드><법정동시군구코드>11305</법정동시군구코드><법정동읍면동코드>10300</법정동읍면동코드><법정동지번코드>1</법정동지번코드><아파트>칸타빌수유팰리스</아파트><월>12</월><일>21</일><일련번호>11305-5548</일련번호><전용면적>19.9815</전용면적><중개사소재지>서울 구로구</중개사소재지><지번>741</지번><지역코드>11305</지역코드><층>3</층><해제사유발생일> </해제사유발생일><해제여부> </해제여부></item><item><거래금액>    22,100</거래금액><거래유형>중개거래</거래유형><건축년도>2022</건축년도><년>2022</년><도로명>한천로148길</도로명><도로명건물본번호코드>00012</도로명건물본번호코드><도로명건물부번호코드>00013</도로명건물부번호코드><도로명시군구코드>11305</도로명시군구코드><도로명일련번호코드>01</도로명일련번호코드><도로명지상지하코드>0</도로명지상지하코드><도로명코드>4124578</도로명코드><법정동> 수유동</법정동><법정동본번코드>0741</법정동본번코드><법정동부번코드>0000</법정동부번코드><법정동시군구코드>11305</법정동시군구코드><법정동읍면동코드>10300</법정동읍면동코드><법정동지번코드>1</법정동지번코드><아파트>칸타빌수유팰리스</아파트><월>12</월><일>21</일><일련번호>11305-5548</일련번호><전용면적>19.9815</전용면적><중개사소재지>서울 구로구</중개사소재지><지번>741</지번><지역코드>11305</지역코드><층>3</층><해제사유발생일>22.12.22</해제사유발생일><해제여부>O</해제여부></item><item><거래금액>    22,100</거래금액><거래유형>중개거래</거래유형><건축년도>2022</건축년도><년>2022</년><도로명>한천로148길</도로명><도로명건물본번호코드>00012</도로명건물본번호코드><도로명건물부번호코드>00013</도로명건물부번호코드><도로명시군구코드>11305</도로명시군구코드><도로명일련번호코드>01</도로명일련번호코드><도로명지상지하코드>0</도로명지상지하코드><도로명코드>4124578</도로명코드><법정동> 수유동</법정동><법정동본번코드>0741</법정동본번코드><법정동부번코드>0000</법정동부번코드><법정동시군구코드>11305</법정동시군구코드><법정동읍면동코드>10300</법정동읍면동코드><법정동지번코드>1</법정동지번코드><아파트>칸타빌수유팰리스</아파트><월>12</월><일>21</일><일련번호>11305-5548</일련번호><전용면적>19.9815</전용면적><중개사소재지>서울 구로구</중개사소재지><지번>741</지번><지역코드>11305</지역코드><층>3</층><해제사유발생일> </해제사유발생일><해제여부> </해제여부></item><item><거래금액>    22,100</거래금액><거래유형>중개거래</거래유형><건축년도>2022</건축년도><년>2022</년><도로명>한천로148길</도로명><도로명건물본번호코드>00012</도로명건물본번호코드><도로명건물부번호코드>00013</도로명건물부번호코드><도로명시군구코드>11305</도로명시군구코드><도로명일련번호코드>01</도로명일련번호코드><도로명지상지하코드>0</도로명지상지하코드><도로명코드>4124578</도로명코드><법정동> 수유동</법정동><법정동본번코드>0741</법정동본번코드><법정동부번코드>0000</법정동부번코드><법정동시군구코드>11305</법정동시군구코드><법정동읍면동코드>10300</법정동읍면동코드><법정동지번코드>1</법정동지번코드><아파트>칸타빌수유팰리스</아파트><월>12</월><일>21</일><일련번호>11305-5548</일련번호><전용면적>19.9815</전용면적><중개사소재지>서울 구로구</중개사소재지><지번>741</지번><지역코드>11305</지역코드><층>3</층><해제사유발생일>22.12.22</해제사유발생일><해제여부>O</해제여부></item><item><거래금액>    22,100</거래금액><거래유형>중개거래</거래유형><건축년도>2022</건축년도><년>2022</년><도로명>한천로148길</도로명><도로명건물본번호코드>00012</도로명건물본번호코드><도로명건물부번호코드>00013</도로명건물부번호코드><도로명시군구코드>11305</도로명시군구코드><도로명일련번호코드>01</도로명일련번호코드><도로명지상지하코드>0</도로명지상지하코드><도로명코드>4124578</도로명코드><법정동> 수유동</법정동><법정동본번코드>0741</법정동본번코드><법정동부번코드>0000</법정동부번코드><법정동시군구코드>11305</법정동시군구코드><법정동읍면동코드>10300</법정동읍면동코드><법정동지번코드>1</법정동지번코드><아파트>칸타빌수유팰리스</아파트><월>12</월><일>21</일><일련번호>11305-5548</일련번호><전용면적>19.9815</전용면적><중개사소재지>서울 구로구</중개사소재지><지번>741</지번><지역코드>11305</지역코드><층>3</층><해제사유발생일> </해제사유발생일><해제여부> </해제여부></item><item><거래금액>    23,000</거래금액><거래유형>중개거래</거래유형><건축년도>2022</건축년도><년>2022</년><도로명>한천로148길</도로명><도로명건물본번호코드>00012</도로명건물본번호코드><도로명건물부번호코드>00013</도로명건물부번호코드><도로명시군구코드>11305</도로명시군구코드><도로명일련번호코드>01</도로명일련번호코드><도로명지상지하코드>0</도로명지상지하코드><도로명코드>4124578</도로명코드><법정동> 수유동</법정동><법정동본번코드>0741</법정동본번코드><법정동부번코드>0000</법정동부번코드><법정동시군구코드>11305</법정동시군구코드><법정동읍면동코드>10300</법정동읍면동코드><법정동지번코드>1</법정동지번코드><아파트>칸타빌수유팰리스</아파트><월>12</월><일>21</일><일련번호>11305-5548</일련번호><전용면적>20.774</전용면적><중개사소재지>서울 구로구</중개사소재지><지번>741</지번><지역코드>11305</지역코드><층>3</층><해제사유발생일>22.12.22</해제사유발생일><해제여부>O</해제여부></item><item><거래금액>    23,000</거래금액><거래유형>중개거래</거래유형><건축년도>2022</건축년도><년>2022</년><도로명>한천로148길</도로명><도로명건물본번호코드>00012</도로명건물본번호코드><도로명건물부번호코드>00013</도로명건물부번호코드><도로명시군구코드>11305</도로명시군구코드><도로명일련번호코드>01</도로명일련번호코드><도로명지상지하코드>0</도로명지상지하코드><도로명코드>4124578</도로명코드><법정동> 수유동</법정동><법정동본번코드>0741</법정동본번코드><법정동부번코드>0000</법정동부번코드><법정동시군구코드>11305</법정동시군구코드><법정동읍면동코드>10300</법정동읍면동코드><법정동지번코드>1</법정동지번코드><아파트>칸타빌수유팰리스</아파트><월>12</월><일>21</일><일련번호>11305-5548</일련번호><전용면적>20.774</전용면적><중개사소재지>서울 구로구</중개사소재지><지번>741</지번><지역코드>11305</지역코드><층>3</층><해제사유발생일> </해제사유발생일><해제여부> </해제여부></item><item><거래금액>    22,400</거래금액><거래유형>중개거래</거래유형><건축년도>2022</건축년도><년>2022</년><도로명>한천로148길</도로명><도로명건물본번호코드>00012</도로명건물본번호코드><도로명건물부번호코드>00013</도로명건물부번호코드><도로명시군구코드>11305</도로명시군구코드><도로명일련번호코드>01</도로명일련번호코드><도로명지상지하코드>0</도로명지상지하코드><도로명코드>4124578</도로명코드><법정동> 수유동</법정동><법정동본번코드>0741</법정동본번코드><법정동부번코드>0000</법정동부번코드><법정동시군구코드>11305</법정동시군구코드><법정동읍면동코드>10300</법정동읍면동코드><법정동지번코드>1</법정동지번코드><아파트>칸타빌수유팰리스</아파트><월>12</월><일>21</일><일련번호>11305-5548</일련번호><전용면적>20.774</전용면적><중개사소재지>서울 구로구</중개사소재지><지번>741</지번><지역코드>11305</지역코드><층>3</층><해제사유발생일>22.12.22</해제사유발생일><해제여부>O</해제여부></item><item><거래금액>    22,400</거래금액><거래유형>중개거래</거래유형><건축년도>2022</건축년도><년>2022</년><도로명>한천로148길</도로명><도로명건물본번호코드>00012</도로명건물본번호코드><도로명건물부번호코드>00013</도로명건물부번호코드><도로명시군구코드>11305</도로명시군구코드><도로명일련번호코드>01</도로명일련번호코드><도로명지상지하코드>0</도로명지상지하코드><도로명코드>4124578</도로명코드><법정동> 수유동</법정동><법정동본번코드>0741</법정동본번코드><법정동부번코드>0000</법정동부번코드><법정동시군구코드>11305</법정동시군구코드><법정동읍면동코드>10300</법정동읍면동코드><법정동지번코드>1</법정동지번코드><아파트>칸타빌수유팰리스</아파트><월>12</월><일>21</일><일련번호>11305-5548</일련번호><전용면적>20.774</전용면적><중개사소재지>서울 구로구</중개사소재지><지번>741</지번><지역코드>11305</지역코드><층>3</층><해제사유발생일> </해제사유발생일><해제여부> </해제여부></item><item><거래금액>    21,550</거래금액><거래유형>중개거래</거래유형><건축년도>2022</건축년도><년>2022</년><도로명>한천로148길</도로명><도로명건물본번호코드>00012</도로명건물본번호코드><도로명건물부번호코드>00013</도로명건물부번호코드><도로명시군구코드>11305</도로명시군구코드><도로명일련번호코드>01</도로명일련번호코드><도로명지상지하코드>0</도로명지상지하코드><도로명코드>4124578</도로명코드><법정동> 수유동</법정동><법정동본번코드>0741</법정동본번코드><법정동부번코드>0000</법정동부번코드><법정동시군구코드>11305</법정동시군구코드><법정동읍면동코드>10300</법정동읍면동코드><법정동지번코드>1</법정동지번코드><아파트>칸타빌수유팰리스</아파트><월>12</월><일>21</일><일련번호>11305-5548</일련번호><전용면적>19.9815</전용면적><중개사소재지>서울 구로구</중개사소재지><지번>741</지번><지역코드>11305</지역코드><층>3</층><해제사유발생일>22.12.22</해제사유발생일><해제여부>O</해제여부></item><item><거래금액>    21,550</거래금액><거래유형>중개거래</거래유형><건축년도>2022</건축년도><년>2022</년><도로명>한천로148길</도로명><도로명건물본번호코드>00012</도로명건물본번호코드><도로명건물부번호코드>00013</도로명건물부번호코드><도로명시군구코드>11305</도로명시군구코드><도로명일련번호코드>01</도로명일련번호코드><도로명지상지하코드>0</도로명지상지하코드><도로명코드>4124578</도로명코드><법정동> 수유동</법정동><법정동본번코드>0741</법정동본번코드><법정동부번코드>0000</법정동부번코드><법정동시군구코드>11305</법정동시군구코드><법정동읍면동코드>10300</법정동읍면동코드><법정동지번코드>1</법정동지번코드><아파트>칸타빌수유팰리스</아파트><월>12</월><일>21</일><일련번호>11305-5548</일련번호><전용면적>19.9815</전용면적><중개사소재지>서울 구로구</중개사소재지><지번>741</지번><지역코드>11305</지역코드><층>3</층><해제사유발생일> </해제사유발생일><해제여부> </해제여부></item><item><거래금액>    21,550</거래금액><거래유형>중개거래</거래유형><건축년도>2022</건축년도><년>2022</년><도로명>한천로148길</도로명><도로명건물본번호코드>00012</도로명건물본번호코드><도로명건물부번호코드>00013</도로명건물부번호코드><도로명시군구코드>11305</도로명시군구코드><도로명일련번호코드>01</도로명일련번호코드><도로명지상지하코드>0</도로명지상지하코드><도로명코드>4124578</도로명코드><법정동> 수유동</법정동><법정동본번코드>0741</법정동본번코드><법정동부번코드>0000</법정동부번코드><법정동시군구코드>11305</법정동시군구코드><법정동읍면동코드>10300</법정동읍면동코드><법정동지번코드>1</법정동지번코드><아파트>칸타빌수유팰리스</아파트><월>12</월><일>21</일><일련번호>11305-5548</일련번호><전용면적>19.9815</전용면적><중개사소재지>서울 구로구</중개사소재지><지번>741</지번><지역코드>11305</지역코드><층>3</층><해제사유발생일>22.12.22</해제사유발생일><해제여부>O</해제여부></item><item><거래금액>    21,550</거래금액><거래유형>중개거래</거래유형><건축년도>2022</건축년도><년>2022</년><도로명>한천로148길</도로명><도로명건물본번호코드>00012</도로명건물본번호코드><도로명건물부번호코드>00013</도로명건물부번호코드><도로명시군구코드>11305</도로명시군구코드><도로명일련번호코드>01</도로명일련번호코드><도로명지상지하코드>0</도로명지상지하코드><도로명코드>4124578</도로명코드><법정동> 수유동</법정동><법정동본번코드>0741</법정동본번코드><법정동부번코드>0000</법정동부번코드><법정동시군구코드>11305</법정동시군구코드><법정동읍면동코드>10300</법정동읍면동코드><법정동지번코드>1</법정동지번코드><아파트>칸타빌수유팰리스</아파트><월>12</월><일>21</일><일련번호>11305-5548</일련번호><전용면적>19.9815</전용면적><중개사소재지>서울 구로구</중개사소재지><지번>741</지번><지역코드>11305</지역코드><층>3</층><해제사유발생일> </해제사유발생일><해제여부> </해제여부></item><item><거래금액>    21,550</거래금액><거래유형>중개거래</거래유형><건축년도>2022</건축년도><년>2022</년><도로명>한천로148길</도로명><도로명건물본번호코드>00012</도로명건물본번호코드><도로명건물부번호코드>00013</도로명건물부번호코드><도로명시군구코드>11305</도로명시군구코드><도로명일련번호코드>01</도로명일련번호코드><도로명지상지하코드>0</도로명지상지하코드><도로명코드>4124578</도로명코드><법정동> 수유동</법정동><법정동본번코드>0741</법정동본번코드><법정동부번코드>0000</법정동부번코드><법정동시군구코드>11305</법정동시군구코드><법정동읍면동코드>10300</법정동읍면동코드><법정동지번코드>1</법정동지번코드><아파트>칸타빌수유팰리스</아파트><월>12</월><일>21</일><일련번호>11305-5548</일련번호><전용면적>19.9815</전용면적><중개사소재지>서울 구로구</중개사소재지><지번>741</지번><지역코드>11305</지역코드><층>3</층><해제사유발생일>22.12.22</해제사유발생일><해제여부>O</해제여부></item><item><거래금액>    21,550</거래금액><거래유형>중개거래</거래유형><건축년도>2022</건축년도><년>2022</년><도로명>한천로148길</도로명><도로명건물본번호코드>00012</도로명건물본번호코드><도로명건물부번호코드>00013</도로명건물부번호코드><도로명시군구코드>11305</도로명시군구코드><도로명일련번호코드>01</도로명일련번호코드><도로명지상지하코드>0</도로명지상지하코드><도로명코드>4124578</도로명코드><법정동> 수유동</법정동><법정동본번코드>0741</법정동본번코드><법정동부번코드>0000</법정동부번코드><법정동시군구코드>11305</법정동시군구코드><법정동읍면동코드>10300</법정동읍면동코드><법정동지번코드>1</법정동지번코드><아파트>칸타빌수유팰리스</아파트><월>12</월><일>21</일><일련번호>11305-5548</일련번호><전용면적>19.9815</전용면적><중개사소재지>서울 구로구</중개사소재지><지번>741</지번><지역코드>11305</지역코드><층>3</층><해제사유발생일> </해제사유발생일><해제여부> </해제여부></item><item><거래금액>    21,550</거래금액><거래유형>중개거래</거래유형><건축년도>2022</건축년도><년>2022</년><도로명>한천로148길</도로명><도로명건물본번호코드>00012</도로명건물본번호코드><도로명건물부번호코드>00013</도로명건물부번호코드><도로명시군구코드>11305</도로명시군구코드><도로명일련번호코드>01</도로명일련번호코드><도로명지상지하코드>0</도로명지상지하코드><도로명코드>4124578</도로명코드><법정동> 수유동</법정동><법정동본번코드>0741</법정동본번코드><법정동부번코드>0000</법정동부번코드><법정동시군구코드>11305</법정동시군구코드><법정동읍면동코드>10300</법정동읍면동코드><법정동지번코드>1</법정동지번코드><아파트>칸타빌수유팰리스</아파트><월>12</월><일>21</일><일련번호>11305-5548</일련번호><전용면적>19.9815</전용면적><중개사소재지>서울 구로구</중개사소재지><지번>741</지번><지역코드>11305</지역코드><층>3</층><해제사유발생일>22.12.22</해제사유발생일><해제여부>O</해제여부></item><item><거래금액>    21,550</거래금액><거래유형>중개거래</거래유형><건축년도>2022</건축년도><년>2022</년><도로명>한천로148길</도로명><도로명건물본번호코드>00012</도로명건물본번호코드><도로명건물부번호코드>00013</도로명건물부번호코드><도로명시군구코드>11305</도로명시군구코드><도로명일련번호코드>01</도로명일련번호코드><도로명지상지하코드>0</도로명지상지하코드><도로명코드>4124578</도로명코드><법정동> 수유동</법정동><법정동본번코드>0741</법정동본번코드><법정동부번코드>0000</법정동부번코드><법정동시군구코드>11305</법정동시군구코드><법정동읍면동코드>10300</법정동읍면동코드><법정동지번코드>1</법정동지번코드><아파트>칸타빌수유팰리스</아파트><월>12</월><일>21</일><일련번호>11305-5548</일련번호><전용면적>19.9815</전용면적><중개사소재지>서울 구로구</중개사소재지><지번>741</지번><지역코드>11305</지역코드><층>3</층><해제사유발생일> </해제사유발생일><해제여부> </해제여부></item><item><거래금액>    21,550</거래금액><거래유형>중개거래</거래유형><건축년도>2022</건축년도><년>2022</년><도로명>한천로148길</도로명><도로명건물본번호코드>00012</도로명건물본번호코드><도로명건물부번호코드>00013</도로명건물부번호코드><도로명시군구코드>11305</도로명시군구코드><도로명일련번호코드>01</도로명일련번호코드><도로명지상지하코드>0</도로명지상지하코드><도로명코드>4124578</도로명코드><법정동> 수유동</법정동><법정동본번코드>0741</법정동본번코드><법정동부번코드>0000</법정동부번코드><법정동시군구코드>11305</법정동시군구코드><법정동읍면동코드>10300</법정동읍면동코드><법정동지번코드>1</법정동지번코드><아파트>칸타빌수유팰리스</아파트><월>12</월><일>21</일><일련번호>11305-5548</일련번호><전용면적>19.9815</전용면적><중개사소재지>서울 구로구</중개사소재지><지번>741</지번><지역코드>11305</지역코드><층>3</층><해제사유발생일>22.12.22</해제사유발생일><해제여부>O</해제여부></item><item><거래금액>    21,550</거래금액><거래유형>중개거래</거래유형><건축년도>2022</건축년도><년>2022</년><도로명>한천로148길</도로명><도로명건물본번호코드>00012</도로명건물본번호코드><도로명건물부번호코드>00013</도로명건물부번호코드><도로명시군구코드>11305</도로명시군구코드><도로명일련번호코드>01</도로명일련번호코드><도로명지상지하코드>0</도로명지상지하코드><도로명코드>4124578</도로명코드><법정동> 수유동</법정동><법정동본번코드>0741</법정동본번코드><법정동부번코드>0000</법정동부번코드><법정동시군구코드>11305</법정동시군구코드><법정동읍면동코드>10300</법정동읍면동코드><법정동지번코드>1</법정동지번코드><아파트>칸타빌수유팰리스</아파트><월>12</월><일>21</일><일련번호>11305-5548</일련번호><전용면적>19.9815</전용면적><중개사소재지>서울 구로구</중개사소재지><지번>741</지번><지역코드>11305</지역코드><층>3</층><해제사유발생일> </해제사유발생일><해제여부> </해제여부></item><item><거래금액>    21,550</거래금액><거래유형>중개거래</거래유형><건축년도>2022</건축년도><년>2022</년><도로명>한천로148길</도로명><도로명건물본번호코드>00012</도로명건물본번호코드><도로명건물부번호코드>00013</도로명건물부번호코드><도로명시군구코드>11305</도로명시군구코드><도로명일련번호코드>01</도로명일련번호코드><도로명지상지하코드>0</도로명지상지하코드><도로명코드>4124578</도로명코드><법정동> 수유동</법정동><법정동본번코드>0741</법정동본번코드><법정동부번코드>0000</법정동부번코드><법정동시군구코드>11305</법정동시군구코드><법정동읍면동코드>10300</법정동읍면동코드><법정동지번코드>1</법정동지번코드><아파트>칸타빌수유팰리스</아파트><월>12</월><일>21</일><일련번호>11305-5548</일련번호><전용면적>19.9815</전용면적><중개사소재지>서울 구로구</중개사소재지><지번>741</지번><지역코드>11305</지역코드><층>3</층><해제사유발생일>22.12.22</해제사유발생일><해제여부>O</해제여부></item><item><거래금액>    21,550</거래금액><거래유형>중개거래</거래유형><건축년도>2022</건축년도><년>2022</년><도로명>한천로148길</도로명><도로명건물본번호코드>00012</도로명건물본번호코드><도로명건물부번호코드>00013</도로명건물부번호코드><도로명시군구코드>11305</도로명시군구코드><도로명일련번호코드>01</도로명일련번호코드><도로명지상지하코드>0</도로명지상지하코드><도로명코드>4124578</도로명코드><법정동> 수유동</법정동><법정동본번코드>0741</법정동본번코드><법정동부번코드>0000</법정동부번코드><법정동시군구코드>11305</법정동시군구코드><법정동읍면동코드>10300</법정동읍면동코드><법정동지번코드>1</법정동지번코드><아파트>칸타빌수유팰리스</아파트><월>12</월><일>21</일><일련번호>11305-5548</일련번호><전용면적>19.9815</전용면적><중개사소재지>서울 구로구</중개사소재지><지번>741</지번><지역코드>11305</지역코드><층>3</층><해제사유발생일> </해제사유발생일><해제여부> </해제여부></item><item><거래금액>    21,550</거래금액><거래유형>중개거래</거래유형><건축년도>2022</건축년도><년>2022</년><도로명>한천로148길</도로명><도로명건물본번호코드>00012</도로명건물본번호코드><도로명건물부번호코드>00013</도로명건물부번호코드><도로명시군구코드>11305</도로명시군구코드><도로명일련번호코드>01</도로명일련번호코드><도로명지상지하코드>0</도로명지상지하코드><도로명코드>4124578</도로명코드><법정동> 수유동</법정동><법정동본번코드>0741</법정동본번코드><법정동부번코드>0000</법정동부번코드><법정동시군구코드>11305</법정동시군구코드><법정동읍면동코드>10300</법정동읍면동코드><법정동지번코드>1</법정동지번코드><아파트>칸타빌수유팰리스</아파트><월>12</월><일>21</일><일련번호>11305-5548</일련번호><전용면적>19.9815</전용면적><중개사소재지>서울 구로구</중개사소재지><지번>741</지번><지역코드>11305</지역코드><층>3</층><해제사유발생일>22.12.22</해제사유발생일><해제여부>O</해제여부></item><item><거래금액>    21,550</거래금액><거래유형>중개거래</거래유형><건축년도>2022</건축년도><년>2022</년><도로명>한천로148길</도로명><도로명건물본번호코드>00012</도로명건물본번호코드><도로명건물부번호코드>00013</도로명건물부번호코드><도로명시군구코드>11305</도로명시군구코드><도로명일련번호코드>01</도로명일련번호코드><도로명지상지하코드>0</도로명지상지하코드><도로명코드>4124578</도로명코드><법정동> 수유동</법정동><법정동본번코드>0741</법정동본번코드><법정동부번코드>0000</법정동부번코드><법정동시군구코드>11305</법정동시군구코드><법정동읍면동코드>10300</법정동읍면동코드><법정동지번코드>1</법정동지번코드><아파트>칸타빌수유팰리스</아파트><월>12</월><일>21</일><일련번호>11305-5548</일련번호><전용면적>19.9815</전용면적><중개사소재지>서울 구로구</중개사소재지><지번>741</지번><지역코드>11305</지역코드><층>3</층><해제사유발생일> </해제사유발생일><해제여부> </해제여부></item><item><거래금액>    22,600</거래금액><거래유형>중개거래</거래유형><건축년도>2022</건축년도><년>2022</년><도로명>한천로148길</도로명><도로명건물본번호코드>00012</도로명건물본번호코드><도로명건물부번호코드>00013</도로명건물부번호코드><도로명시군구코드>11305</도로명시군구코드><도로명일련번호코드>01</도로명일련번호코드><도로명지상지하코드>0</도로명지상지하코드><도로명코드>4124578</도로명코드><법정동> 수유동</법정동><법정동본번코드>0741</법정동본번코드><법정동부번코드>0000</법정동부번코드><법정동시군구코드>11305</법정동시군구코드><법정동읍면동코드>10300</법정동읍면동코드><법정동지번코드>1</법정동지번코드><아파트>칸타빌수유팰리스</아파트><월>12</월><일>21</일><일련번호>11305-5548</일련번호><전용면적>20.774</전용면적><중개사소재지>서울 구로구</중개사소재지><지번>741</지번><지역코드>11305</지역코드><층>2</층><해제사유발생일>22.12.22</해제사유발생일><해제여부>O</해제여부></item><item><거래금액>    22,600</거래금액><거래유형>중개거래</거래유형><건축년도>2022</건축년도><년>2022</년><도로명>한천로148길</도로명><도로명건물본번호코드>00012</도로명건물본번호코드><도로명건물부번호코드>00013</도로명건물부번호코드><도로명시군구코드>11305</도로명시군구코드><도로명일련번호코드>01</도로명일련번호코드><도로명지상지하코드>0</도로명지상지하코드><도로명코드>4124578</도로명코드><법정동> 수유동</법정동><법정동본번코드>0741</법정동본번코드><법정동부번코드>0000</법정동부번코드><법정동시군구코드>11305</법정동시군구코드><법정동읍면동코드>10300</법정동읍면동코드><법정동지번코드>1</법정동지번코드><아파트>칸타빌수유팰리스</아파트><월>12</월><일>21</일><일련번호>11305-5548</일련번호><전용면적>20.774</전용면적><중개사소재지>서울 구로구</중개사소재지><지번>741</지번><지역코드>11305</지역코드><층>2</층><해제사유발생일> </해제사유발생일><해제여부> </해제여부></item><item><거래금액>    21,800</거래금액><거래유형>중개거래</거래유형><건축년도>2022</건축년도><년>2022</년><도로명>한천로148길</도로명><도로명건물본번호코드>00012</도로명건물본번호코드><도로명건물부번호코드>00013</도로명건물부번호코드><도로명시군구코드>11305</도로명시군구코드><도로명일련번호코드>01</도로명일련번호코드><도로명지상지하코드>0</도로명지상지하코드><도로명코드>4124578</도로명코드><법정동> 수유동</법정동><법정동본번코드>0741</법정동본번코드><법정동부번코드>0000</법정동부번코드><법정동시군구코드>11305</법정동시군구코드><법정동읍면동코드>10300</법정동읍면동코드><법정동지번코드>1</법정동지번코드><아파트>칸타빌수유팰리스</아파트><월>12</월><일>21</일><일련번호>11305-5548</일련번호><전용면적>19.9815</전용면적><중개사소재지>서울 구로구</중개사소재지><지번>741</지번><지역코드>11305</지역코드><층>2</층><해제사유발생일>22.12.22</해제사유발생일><해제여부>O</해제여부></item><item><거래금액>    21,800</거래금액><거래유형>중개거래</거래유형><건축년도>2022</건축년도><년>2022</년><도로명>한천로148길</도로명><도로명건물본번호코드>00012</도로명건물본번호코드><도로명건물부번호코드>00013</도로명건물부번호코드><도로명시군구코드>11305</도로명시군구코드><도로명일련번호코드>01</도로명일련번호코드><도로명지상지하코드>0</도로명지상지하코드><도로명코드>4124578</도로명코드><법정동> 수유동</법정동><법정동본번코드>0741</법정동본번코드><법정동부번코드>0000</법정동부번코드><법정동시군구코드>11305</법정동시군구코드><법정동읍면동코드>10300</법정동읍면동코드><법정동지번코드>1</법정동지번코드><아파트>칸타빌수유팰리스</아파트><월>12</월><일>21</일><일련번호>11305-5548</일련번호><전용면적>19.9815</전용면적><중개사소재지>서울 구로구</중개사소재지><지번>741</지번><지역코드>11305</지역코드><층>2</층><해제사유발생일> </해제사유발생일><해제여부> </해제여부></item><item><거래금액>    21,800</거래금액><거래유형>중개거래</거래유형><건축년도>2022</건축년도><년>2022</년><도로명>한천로148길</도로명><도로명건물본번호코드>00012</도로명건물본번호코드><도로명건물부번호코드>00013</도로명건물부번호코드><도로명시군구코드>11305</도로명시군구코드><도로명일련번호코드>01</도로명일련번호코드><도로명지상지하코드>0</도로명지상지하코드><도로명코드>4124578</도로명코드><법정동> 수유동</법정동><법정동본번코드>0741</법정동본번코드><법정동부번코드>0000</법정동부번코드><법정동시군구코드>11305</법정동시군구코드><법정동읍면동코드>10300</법정동읍면동코드><법정동지번코드>1</법정동지번코드><아파트>칸타빌수유팰리스</아파트><월>12</월><일>21</일><일련번호>11305-5548</일련번호><전용면적>19.9815</전용면적><중개사소재지>서울 구로구</중개사소재지><지번>741</지번><지역코드>11305</지역코드><층>2</층><해제사유발생일>22.12.22</해제사유발생일><해제여부>O</해제여부></item><item><거래금액>    21,800</거래금액><거래유형>중개거래</거래유형><건축년도>2022</건축년도><년>2022</년><도로명>한천로148길</도로명><도로명건물본번호코드>00012</도로명건물본번호코드><도로명건물부번호코드>00013</도로명건물부번호코드><도로명시군구코드>11305</도로명시군구코드><도로명일련번호코드>01</도로명일련번호코드><도로명지상지하코드>0</도로명지상지하코드><도로명코드>4124578</도로명코드><법정동> 수유동</법정동><법정동본번코드>0741</법정동본번코드><법정동부번코드>0000</법정동부번코드><법정동시군구코드>11305</법정동시군구코드><법정동읍면동코드>10300</법정동읍면동코드><법정동지번코드>1</법정동지번코드><아파트>칸타빌수유팰리스</아파트><월>12</월><일>21</일><일련번호>11305-5548</일련번호><전용면적>19.9815</전용면적><중개사소재지>서울 구로구</중개사소재지><지번>741</지번><지역코드>11305</지역코드><층>2</층><해제사유발생일> </해제사유발생일><해제여부> </해제여부></item><item><거래금액>    21,800</거래금액><거래유형>중개거래</거래유형><건축년도>2022</건축년도><년>2022</년><도로명>한천로148길</도로명><도로명건물본번호코드>00012</도로명건물본번호코드><도로명건물부번호코드>00013</도로명건물부번호코드><도로명시군구코드>11305</도로명시군구코드><도로명일련번호코드>01</도로명일련번호코드><도로명지상지하코드>0</도로명지상지하코드><도로명코드>4124578</도로명코드><법정동> 수유동</법정동><법정동본번코드>0741</법정동본번코드><법정동부번코드>0000</법정동부번코드><법정동시군구코드>11305</법정동시군구코드><법정동읍면동코드>10300</법정동읍면동코드><법정동지번코드>1</법정동지번코드><아파트>칸타빌수유팰리스</아파트><월>12</월><일>21</일><일련번호>11305-5548</일련번호><전용면적>19.9815</전용면적><중개사소재지>서울 구로구</중개사소재지><지번>741</지번><지역코드>11305</지역코드><층>2</층><해제사유발생일>22.12.22</해제사유발생일><해제여부>O</해제여부></item><item><거래금액>    21,800</거래금액><거래유형>중개거래</거래유형><건축년도>2022</건축년도><년>2022</년><도로명>한천로148길</도로명><도로명건물본번호코드>00012</도로명건물본번호코드><도로명건물부번호코드>00013</도로명건물부번호코드><도로명시군구코드>11305</도로명시군구코드><도로명일련번호코드>01</도로명일련번호코드><도로명지상지하코드>0</도로명지상지하코드><도로명코드>4124578</도로명코드><법정동> 수유동</법정동><법정동본번코드>0741</법정동본번코드><법정동부번코드>0000</법정동부번코드><법정동시군구코드>11305</법정동시군구코드><법정동읍면동코드>10300</법정동읍면동코드><법정동지번코드>1</법정동지번코드><아파트>칸타빌수유팰리스</아파트><월>12</월><일>21</일><일련번호>11305-5548</일련번호><전용면적>19.9815</전용면적><중개사소재지>서울 구로구</중개사소재지><지번>741</지번><지역코드>11305</지역코드><층>2</층><해제사유발생일> </해제사유발생일><해제여부> </해제여부></item><item><거래금액>    26,250</거래금액><거래유형>중개거래</거래유형><건축년도>2022</건축년도><년>2022</년><도로명>한천로148길</도로명><도로명건물본번호코드>00012</도로명건물본번호코드><도로명건물부번호코드>00013</도로명건물부번호코드><도로명시군구코드>11305</도로명시군구코드><도로명일련번호코드>01</도로명일련번호코드><도로명지상지하코드>0</도로명지상지하코드><도로명코드>4124578</도로명코드><법정동> 수유동</법정동><법정동본번코드>0741</법정동본번코드><법정동부번코드>0000</법정동부번코드><법정동시군구코드>11305</법정동시군구코드><법정동읍면동코드>10300</법정동읍면동코드><법정동지번코드>1</법정동지번코드><아파트>칸타빌수유팰리스</아파트><월>12</월><일>21</일><일련번호>11305-5548</일련번호><전용면적>24.335</전용면적><중개사소재지>서울 구로구</중개사소재지><지번>741</지번><지역코드>11305</지역코드><층>2</층><해제사유발생일>22.12.22</해제사유발생일><해제여부>O</해제여부></item><item><거래금액>    26,250</거래금액><거래유형>중개거래</거래유형><건축년도>2022</건축년도><년>2022</년><도로명>한천로148길</도로명><도로명건물본번호코드>00012</도로명건물본번호코드><도로명건물부번호코드>00013</도로명건물부번호코드><도로명시군구코드>11305</도로명시군구코드><도로명일련번호코드>01</도로명일련번호코드><도로명지상지하코드>0</도로명지상지하코드><도로명코드>4124578</도로명코드><법정동> 수유동</법정동><법정동본번코드>0741</법정동본번코드><법정동부번코드>0000</법정동부번코드><법정동시군구코드>11305</법정동시군구코드><법정동읍면동코드>10300</법정동읍면동코드><법정동지번코드>1</법정동지번코드><아파트>칸타빌수유팰리스</아파트><월>12</월><일>21</일><일련번호>11305-5548</일련번호><전용면적>24.335</전용면적><중개사소재지>서울 구로구</중개사소재지><지번>741</지번><지역코드>11305</지역코드><층>2</층><해제사유발생일> </해제사유발생일><해제여부> </해제여부></item><item><거래금액>    22,800</거래금액><거래유형>중개거래</거래유형><건축년도>2022</건축년도><년>2022</년><도로명>한천로148길</도로명><도로명건물본번호코드>00012</도로명건물본번호코드><도로명건물부번호코드>00013</도로명건물부번호코드><도로명시군구코드>11305</도로명시군구코드><도로명일련번호코드>01</도로명일련번호코드><도로명지상지하코드>0</도로명지상지하코드><도로명코드>4124578</도로명코드><법정동> 수유동</법정동><법정동본번코드>0741</법정동본번코드><법정동부번코드>0000</법정동부번코드><법정동시군구코드>11305</법정동시군구코드><법정동읍면동코드>10300</법정동읍면동코드><법정동지번코드>1</법정동지번코드><아파트>칸타빌수유팰리스</아파트><월>12</월><일>21</일><일련번호>11305-5548</일련번호><전용면적>20.93</전용면적><중개사소재지>서울 구로구</중개사소재지><지번>741</지번><지역코드>11305</지역코드><층>2</층><해제사유발생일>22.12.22</해제사유발생일><해제여부>O</해제여부></item><item><거래금액>    22,800</거래금액><거래유형>중개거래</거래유형><건축년도>2022</건축년도><년>2022</년><도로명>한천로148길</도로명><도로명건물본번호코드>00012</도로명건물본번호코드><도로명건물부번호코드>00013</도로명건물부번호코드><도로명시군구코드>11305</도로명시군구코드><도로명일련번호코드>01</도로명일련번호코드><도로명지상지하코드>0</도로명지상지하코드><도로명코드>4124578</도로명코드><법정동> 수유동</법정동><법정동본번코드>0741</법정동본번코드><법정동부번코드>0000</법정동부번코드><법정동시군구코드>11305</법정동시군구코드><법정동읍면동코드>10300</법정동읍면동코드><법정동지번코드>1</법정동지번코드><아파트>칸타빌수유팰리스</아파트><월>12</월><일>21</일><일련번호>11305-5548</일련번호><전용면적>20.93</전용면적><중개사소재지>서울 구로구</중개사소재지><지번>741</지번><지역코드>11305</지역코드><층>2</층><해제사유발생일> </해제사유발생일><해제여부> </해제여부></item><item><거래금액>    21,800</거래금액><거래유형>중개거래</거래유형><건축년도>2022</건축년도><년>2022</년><도로명>한천로148길</도로명><도로명건물본번호코드>00012</도로명건물본번호코드><도로명건물부번호코드>00013</도로명건물부번호코드><도로명시군구코드>11305</도로명시군구코드><도로명일련번호코드>01</도로명일련번호코드><도로명지상지하코드>0</도로명지상지하코드><도로명코드>4124578</도로명코드><법정동> 수유동</법정동><법정동본번코드>0741</법정동본번코드><법정동부번코드>0000</법정동부번코드><법정동시군구코드>11305</법정동시군구코드><법정동읍면동코드>10300</법정동읍면동코드><법정동지번코드>1</법정동지번코드><아파트>칸타빌수유팰리스</아파트><월>12</월><일>21</일><일련번호>11305-5548</일련번호><전용면적>19.9815</전용면적><중개사소재지>서울 구로구</중개사소재지><지번>741</지번><지역코드>11305</지역코드><층>2</층><해제사유발생일>22.12.22</해제사유발생일><해제여부>O</해제여부></item><item><거래금액>    21,800</거래금액><거래유형>중개거래</거래유형><건축년도>2022</건축년도><년>2022</년><도로명>한천로148길</도로명><도로명건물본번호코드>00012</도로명건물본번호코드><도로명건물부번호코드>00013</도로명건물부번호코드><도로명시군구코드>11305</도로명시군구코드><도로명일련번호코드>01</도로명일련번호코드><도로명지상지하코드>0</도로명지상지하코드><도로명코드>4124578</도로명코드><법정동> 수유동</법정동><법정동본번코드>0741</법정동본번코드><법정동부번코드>0000</법정동부번코드><법정동시군구코드>11305</법정동시군구코드><법정동읍면동코드>10300</법정동읍면동코드><법정동지번코드>1</법정동지번코드><아파트>칸타빌수유팰리스</아파트><월>12</월><일>21</일><일련번호>11305-5548</일련번호><전용면적>19.9815</전용면적><중개사소재지>서울 구로구</중개사소재지><지번>741</지번><지역코드>11305</지역코드><층>2</층><해제사유발생일> </해제사유발생일><해제여부> </해제여부></item><item><거래금액>    21,800</거래금액><거래유형>중개거래</거래유형><건축년도>2022</건축년도><년>2022</년><도로명>한천로148길</도로명><도로명건물본번호코드>00012</도로명건물본번호코드><도로명건물부번호코드>00013</도로명건물부번호코드><도로명시군구코드>11305</도로명시군구코드><도로명일련번호코드>01</도로명일련번호코드><도로명지상지하코드>0</도로명지상지하코드><도로명코드>4124578</도로명코드><법정동> 수유동</법정동><법정동본번코드>0741</법정동본번코드><법정동부번코드>0000</법정동부번코드><법정동시군구코드>11305</법정동시군구코드><법정동읍면동코드>10300</법정동읍면동코드><법정동지번코드>1</법정동지번코드><아파트>칸타빌수유팰리스</아파트><월>12</월><일>21</일><일련번호>11305-5548</일련번호><전용면적>19.9815</전용면적><중개사소재지>서울 구로구</중개사소재지><지번>741</지번><지역코드>11305</지역코드><층>2</층><해제사유발생일>22.12.22</해제사유발생일><해제여부>O</해제여부></item><item><거래금액>    21,800</거래금액><거래유형>중개거래</거래유형><건축년도>2022</건축년도><년>2022</년><도로명>한천로148길</도로명><도로명건물본번호코드>00012</도로명건물본번호코드><도로명건물부번호코드>00013</도로명건물부번호코드><도로명시군구코드>11305</도로명시군구코드><도로명일련번호코드>01</도로명일련번호코드><도로명지상지하코드>0</도로명지상지하코드><도로명코드>4124578</도로명코드><법정동> 수유동</법정동><법정동본번코드>0741</법정동본번코드><법정동부번코드>0000</법정동부번코드><법정동시군구코드>11305</법정동시군구코드><법정동읍면동코드>10300</법정동읍면동코드><법정동지번코드>1</법정동지번코드><아파트>칸타빌수유팰리스</아파트><월>12</월><일>21</일><일련번호>11305-5548</일련번호><전용면적>19.9815</전용면적><중개사소재지>서울 구로구</중개사소재지><지번>741</지번><지역코드>11305</지역코드><층>2</층><해제사유발생일> </해제사유발생일><해제여부> </해제여부></item><item><거래금액>    21,800</거래금액><거래유형>중개거래</거래유형><건축년도>2022</건축년도><년>2022</년><도로명>한천로148길</도로명><도로명건물본번호코드>00012</도로명건물본번호코드><도로명건물부번호코드>00013</도로명건물부번호코드><도로명시군구코드>11305</도로명시군구코드><도로명일련번호코드>01</도로명일련번호코드><도로명지상지하코드>0</도로명지상지하코드><도로명코드>4124578</도로명코드><법정동> 수유동</법정동><법정동본번코드>0741</법정동본번코드><법정동부번코드>0000</법정동부번코드><법정동시군구코드>11305</법정동시군구코드><법정동읍면동코드>10300</법정동읍면동코드><법정동지번코드>1</법정동지번코드><아파트>칸타빌수유팰리스</아파트><월>12</월><일>21</일><일련번호>11305-5548</일련번호><전용면적>19.9815</전용면적><중개사소재지>서울 구로구</중개사소재지><지번>741</지번><지역코드>11305</지역코드><층>2</층><해제사유발생일>22.12.22</해제사유발생일><해제여부>O</해제여부></item><item><거래금액>    21,800</거래금액><거래유형>중개거래</거래유형><건축년도>2022</건축년도><년>2022</년><도로명>한천로148길</도로명><도로명건물본번호코드>00012</도로명건물본번호코드><도로명건물부번호코드>00013</도로명건물부번호코드><도로명시군구코드>11305</도로명시군구코드><도로명일련번호코드>01</도로명일련번호코드><도로명지상지하코드>0</도로명지상지하코드><도로명코드>4124578</도로명코드><법정동> 수유동</법정동><법정동본번코드>0741</법정동본번코드><법정동부번코드>0000</법정동부번코드><법정동시군구코드>11305</법정동시군구코드><법정동읍면동코드>10300</법정동읍면동코드><법정동지번코드>1</법정동지번코드><아파트>칸타빌수유팰리스</아파트><월>12</월><일>21</일><일련번호>11305-5548</일련번호><전용면적>19.9815</전용면적><중개사소재지>서울 구로구</중개사소재지><지번>741</지번><지역코드>11305</지역코드><층>2</층><해제사유발생일> </해제사유발생일><해제여부> </해제여부></item><item><거래금액>    21,800</거래금액><거래유형>중개거래</거래유형><건축년도>2022</건축년도><년>2022</년><도로명>한천로148길</도로명><도로명건물본번호코드>00012</도로명건물본번호코드><도로명건물부번호코드>00013</도로명건물부번호코드><도로명시군구코드>11305</도로명시군구코드><도로명일련번호코드>01</도로명일련번호코드><도로명지상지하코드>0</도로명지상지하코드><도로명코드>4124578</도로명코드><법정동> 수유동</법정동><법정동본번코드>0741</법정동본번코드><법정동부번코드>0000</법정동부번코드><법정동시군구코드>11305</법정동시군구코드><법정동읍면동코드>10300</법정동읍면동코드><법정동지번코드>1</법정동지번코드><아파트>칸타빌수유팰리스</아파트><월>12</월><일>21</일><일련번호>11305-5548</일련번호><전용면적>19.9815</전용면적><중개사소재지>서울 구로구</중개사소재지><지번>741</지번><지역코드>11305</지역코드><층>2</층><해제사유발생일>22.12.22</해제사유발생일><해제여부>O</해제여부></item><item><거래금액>    21,800</거래금액><거래유형>중개거래</거래유형><건축년도>2022</건축년도><년>2022</년><도로명>한천로148길</도로명><도로명건물본번호코드>00012</도로명건물본번호코드><도로명건물부번호코드>00013</도로명건물부번호코드><도로명시군구코드>11305</도로명시군구코드><도로명일련번호코드>01</도로명일련번호코드><도로명지상지하코드>0</도로명지상지하코드><도로명코드>4124578</도로명코드><법정동> 수유동</법정동><법정동본번코드>0741</법정동본번코드><법정동부번코드>0000</법정동부번코드><법정동시군구코드>11305</법정동시군구코드><법정동읍면동코드>10300</법정동읍면동코드><법정동지번코드>1</법정동지번코드><아파트>칸타빌수유팰리스</아파트><월>12</월><일>21</일><일련번호>11305-5548</일련번호><전용면적>19.9815</전용면적><중개사소재지>서울 구로구</중개사소재지><지번>741</지번><지역코드>11305</지역코드><층>2</층><해제사유발생일> </해제사유발생일><해제여부> </해제여부></item><item><거래금액>    22,600</거래금액><거래유형>중개거래</거래유형><건축년도>2022</건축년도><년>2022</년><도로명>한천로148길</도로명><도로명건물본번호코드>00012</도로명건물본번호코드><도로명건물부번호코드>00013</도로명건물부번호코드><도로명시군구코드>11305</도로명시군구코드><도로명일련번호코드>01</도로명일련번호코드><도로명지상지하코드>0</도로명지상지하코드><도로명코드>4124578</도로명코드><법정동> 수유동</법정동><법정동본번코드>0741</법정동본번코드><법정동부번코드>0000</법정동부번코드><법정동시군구코드>11305</법정동시군구코드><법정동읍면동코드>10300</법정동읍면동코드><법정동지번코드>1</법정동지번코드><아파트>칸타빌수유팰리스</아파트><월>12</월><일>21</일><일련번호>11305-5548</일련번호><전용면적>20.774</전용면적><중개사소재지>서울 구로구</중개사소재지><지번>741</지번><지역코드>11305</지역코드><층>2</층><해제사유발생일>22.12.22</해제사유발생일><해제여부>O</해제여부></item><item><거래금액>    22,600</거래금액><거래유형>중개거래</거래유형><건축년도>2022</건축년도><년>2022</년><도로명>한천로148길</도로명><도로명건물본번호코드>00012</도로명건물본번호코드><도로명건물부번호코드>00013</도로명건물부번호코드><도로명시군구코드>11305</도로명시군구코드><도로명일련번호코드>01</도로명일련번호코드><도로명지상지하코드>0</도로명지상지하코드><도로명코드>4124578</도로명코드><법정동> 수유동</법정동><법정동본번코드>0741</법정동본번코드><법정동부번코드>0000</법정동부번코드><법정동시군구코드>11305</법정동시군구코드><법정동읍면동코드>10300</법정동읍면동코드><법정동지번코드>1</법정동지번코드><아파트>칸타빌수유팰리스</아파트><월>12</월><일>21</일><일련번호>11305-5548</일련번호><전용면적>20.774</전용면적><중개사소재지>서울 구로구</중개사소재지><지번>741</지번><지역코드>11305</지역코드><층>2</층><해제사유발생일> </해제사유발생일><해제여부> </해제여부></item><item><거래금액>    22,100</거래금액><거래유형>중개거래</거래유형><건축년도>2022</건축년도><년>2022</년><도로명>한천로148길</도로명><도로명건물본번호코드>00012</도로명건물본번호코드><도로명건물부번호코드>00013</도로명건물부번호코드><도로명시군구코드>11305</도로명시군구코드><도로명일련번호코드>01</도로명일련번호코드><도로명지상지하코드>0</도로명지상지하코드><도로명코드>4124578</도로명코드><법정동> 수유동</법정동><법정동본번코드>0741</법정동본번코드><법정동부번코드>0000</법정동부번코드><법정동시군구코드>11305</법정동시군구코드><법정동읍면동코드>10300</법정동읍면동코드><법정동지번코드>1</법정동지번코드><아파트>칸타빌수유팰리스</아파트><월>12</월><일>21</일><일련번호>11305-5548</일련번호><전용면적>20.774</전용면적><중개사소재지>서울 구로구</중개사소재지><지번>741</지번><지역코드>11305</지역코드><층>2</층><해제사유발생일>22.12.22</해제사유발생일><해제여부>O</해제여부></item><item><거래금액>    22,100</거래금액><거래유형>중개거래</거래유형><건축년도>2022</건축년도><년>2022</년><도로명>한천로148길</도로명><도로명건물본번호코드>00012</도로명건물본번호코드><도로명건물부번호코드>00013</도로명건물부번호코드><도로명시군구코드>11305</도로명시군구코드><도로명일련번호코드>01</도로명일련번호코드><도로명지상지하코드>0</도로명지상지하코드><도로명코드>4124578</도로명코드><법정동> 수유동</법정동><법정동본번코드>0741</법정동본번코드><법정동부번코드>0000</법정동부번코드><법정동시군구코드>11305</법정동시군구코드><법정동읍면동코드>10300</법정동읍면동코드><법정동지번코드>1</법정동지번코드><아파트>칸타빌수유팰리스</아파트><월>12</월><일>21</일><일련번호>11305-5548</일련번호><전용면적>20.774</전용면적><중개사소재지>서울 구로구</중개사소재지><지번>741</지번><지역코드>11305</지역코드><층>2</층><해제사유발생일> </해제사유발생일><해제여부> </해제여부></item><item><거래금액>    21,200</거래금액><거래유형>중개거래</거래유형><건축년도>2022</건축년도><년>2022</년><도로명>한천로148길</도로명><도로명건물본번호코드>00012</도로명건물본번호코드><도로명건물부번호코드>00013</도로명건물부번호코드><도로명시군구코드>11305</도로명시군구코드><도로명일련번호코드>01</도로명일련번호코드><도로명지상지하코드>0</도로명지상지하코드><도로명코드>4124578</도로명코드><법정동> 수유동</법정동><법정동본번코드>0741</법정동본번코드><법정동부번코드>0000</법정동부번코드><법정동시군구코드>11305</법정동시군구코드><법정동읍면동코드>10300</법정동읍면동코드><법정동지번코드>1</법정동지번코드><아파트>칸타빌수유팰리스</아파트><월>12</월><일>21</일><일련번호>11305-5548</일련번호><전용면적>19.9815</전용면적><중개사소재지>서울 구로구</중개사소재지><지번>741</지번><지역코드>11305</지역코드><층>2</층><해제사유발생일>22.12.22</해제사유발생일><해제여부>O</해제여부></item><item><거래금액>    21,200</거래금액><거래유형>중개거래</거래유형><건축년도>2022</건축년도><년>2022</년><도로명>한천로148길</도로명><도로명건물본번호코드>00012</도로명건물본번호코드><도로명건물부번호코드>00013</도로명건물부번호코드><도로명시군구코드>11305</도로명시군구코드><도로명일련번호코드>01</도로명일련번호코드><도로명지상지하코드>0</도로명지상지하코드><도로명코드>4124578</도로명코드><법정동> 수유동</법정동><법정동본번코드>0741</법정동본번코드><법정동부번코드>0000</법정동부번코드><법정동시군구코드>11305</법정동시군구코드><법정동읍면동코드>10300</법정동읍면동코드><법정동지번코드>1</법정동지번코드><아파트>칸타빌수유팰리스</아파트><월>12</월><일>21</일><일련번호>11305-5548</일련번호><전용면적>19.9815</전용면적><중개사소재지>서울 구로구</중개사소재지><지번>741</지번><지역코드>11305</지역코드><층>2</층><해제사유발생일> </해제사유발생일><해제여부> </해제여부></item><item><거래금액>    21,200</거래금액><거래유형>중개거래</거래유형><건축년도>2022</건축년도><년>2022</년><도로명>한천로148길</도로명><도로명건물본번호코드>00012</도로명건물본번호코드><도로명건물부번호코드>00013</도로명건물부번호코드><도로명시군구코드>11305</도로명시군구코드><도로명일련번호코드>01</도로명일련번호코드><도로명지상지하코드>0</도로명지상지하코드><도로명코드>4124578</도로명코드><법정동> 수유동</법정동><법정동본번코드>0741</법정동본번코드><법정동부번코드>0000</법정동부번코드><법정동시군구코드>11305</법정동시군구코드><법정동읍면동코드>10300</법정동읍면동코드><법정동지번코드>1</법정동지번코드><아파트>칸타빌수유팰리스</아파트><월>12</월><일>21</일><일련번호>11305-5548</일련번호><전용면적>19.9815</전용면적><중개사소재지>서울 구로구</중개사소재지><지번>741</지번><지역코드>11305</지역코드><층>2</층><해제사유발생일>22.12.22</해제사유발생일><해제여부>O</해제여부></item><item><거래금액>    21,200</거래금액><거래유형>중개거래</거래유형><건축년도>2022</건축년도><년>2022</년><도로명>한천로148길</도로명><도로명건물본번호코드>00012</도로명건물본번호코드><도로명건물부번호코드>00013</도로명건물부번호코드><도로명시군구코드>11305</도로명시군구코드><도로명일련번호코드>01</도로명일련번호코드><도로명지상지하코드>0</도로명지상지하코드><도로명코드>4124578</도로명코드><법정동> 수유동</법정동><법정동본번코드>0741</법정동본번코드><법정동부번코드>0000</법정동부번코드><법정동시군구코드>11305</법정동시군구코드><법정동읍면동코드>10300</법정동읍면동코드><법정동지번코드>1</법정동지번코드><아파트>칸타빌수유팰리스</아파트><월>12</월><일>21</일><일련번호>11305-5548</일련번호><전용면적>19.9815</전용면적><중개사소재지>서울 구로구</중개사소재지><지번>741</지번><지역코드>11305</지역코드><층>2</층><해제사유발생일> </해제사유발생일><해제여부> </해제여부></item><item><거래금액>    21,200</거래금액><거래유형>중개거래</거래유형><건축년도>2022</건축년도><년>2022</년><도로명>한천로148길</도로명><도로명건물본번호코드>00012</도로명건물본번호코드><도로명건물부번호코드>00013</도로명건물부번호코드><도로명시군구코드>11305</도로명시군구코드><도로명일련번호코드>01</도로명일련번호코드><도로명지상지하코드>0</도로명지상지하코드><도로명코드>4124578</도로명코드><법정동> 수유동</법정동><법정동본번코드>0741</법정동본번코드><법정동부번코드>0000</법정동부번코드><법정동시군구코드>11305</법정동시군구코드><법정동읍면동코드>10300</법정동읍면동코드><법정동지번코드>1</법정동지번코드><아파트>칸타빌수유팰리스</아파트><월>12</월><일>21</일><일련번호>11305-5548</일련번호><전용면적>19.9815</전용면적><중개사소재지>서울 구로구</중개사소재지><지번>741</지번><지역코드>11305</지역코드><층>2</층><해제사유발생일>22.12.22</해제사유발생일><해제여부>O</해제여부></item><item><거래금액>    21,200</거래금액><거래유형>중개거래</거래유형><건축년도>2022</건축년도><년>2022</년><도로명>한천로148길</도로명><도로명건물본번호코드>00012</도로명건물본번호코드><도로명건물부번호코드>00013</도로명건물부번호코드><도로명시군구코드>11305</도로명시군구코드><도로명일련번호코드>01</도로명일련번호코드><도로명지상지하코드>0</도로명지상지하코드><도로명코드>4124578</도로명코드><법정동> 수유동</법정동><법정동본번코드>0741</법정동본번코드><법정동부번코드>0000</법정동부번코드><법정동시군구코드>11305</법정동시군구코드><법정동읍면동코드>10300</법정동읍면동코드><법정동지번코드>1</법정동지번코드><아파트>칸타빌수유팰리스</아파트><월>12</월><일>21</일><일련번호>11305-5548</일련번호><전용면적>19.9815</전용면적><중개사소재지>서울 구로구</중개사소재지><지번>741</지번><지역코드>11305</지역코드><층>2</층><해제사유발생일> </해제사유발생일><해제여부> </해제여부></item><item><거래금액>    21,200</거래금액><거래유형>중개거래</거래유형><건축년도>2022</건축년도><년>2022</년><도로명>한천로148길</도로명><도로명건물본번호코드>00012</도로명건물본번호코드><도로명건물부번호코드>00013</도로명건물부번호코드><도로명시군구코드>11305</도로명시군구코드><도로명일련번호코드>01</도로명일련번호코드><도로명지상지하코드>0</도로명지상지하코드><도로명코드>4124578</도로명코드><법정동> 수유동</법정동><법정동본번코드>0741</법정동본번코드><법정동부번코드>0000</법정동부번코드><법정동시군구코드>11305</법정동시군구코드><법정동읍면동코드>10300</법정동읍면동코드><법정동지번코드>1</법정동지번코드><아파트>칸타빌수유팰리스</아파트><월>12</월><일>21</일><일련번호>11305-5548</일련번호><전용면적>19.9815</전용면적><중개사소재지>서울 구로구</중개사소재지><지번>741</지번><지역코드>11305</지역코드><층>2</층><해제사유발생일>22.12.22</해제사유발생일><해제여부>O</해제여부></item><item><거래금액>    21,200</거래금액><거래유형>중개거래</거래유형><건축년도>2022</건축년도><년>2022</년><도로명>한천로148길</도로명><도로명건물본번호코드>00012</도로명건물본번호코드><도로명건물부번호코드>00013</도로명건물부번호코드><도로명시군구코드>11305</도로명시군구코드><도로명일련번호코드>01</도로명일련번호코드><도로명지상지하코드>0</도로명지상지하코드><도로명코드>4124578</도로명코드><법정동> 수유동</법정동><법정동본번코드>0741</법정동본번코드><법정동부번코드>0000</법정동부번코드><법정동시군구코드>11305</법정동시군구코드><법정동읍면동코드>10300</법정동읍면동코드><법정동지번코드>1</법정동지번코드><아파트>칸타빌수유팰리스</아파트><월>12</월><일>21</일><일련번호>11305-5548</일련번호><전용면적>19.9815</전용면적><중개사소재지>서울 구로구</중개사소재지><지번>741</지번><지역코드>11305</지역코드><층>2</층><해제사유발생일> </해제사유발생일><해제여부> </해제여부></item><item><거래금액>    22,250</거래금액><거래유형>중개거래</거래유형><건축년도>2022</건축년도><년>2022</년><도로명>한천로148길</도로명><도로명건물본번호코드>00012</도로명건물본번호코드><도로명건물부번호코드>00013</도로명건물부번호코드><도로명시군구코드>11305</도로명시군구코드><도로명일련번호코드>01</도로명일련번호코드><도로명지상지하코드>0</도로명지상지하코드><도로명코드>4124578</도로명코드><법정동> 수유동</법정동><법정동본번코드>0741</법정동본번코드><법정동부번코드>0000</법정동부번코드><법정동시군구코드>11305</법정동시군구코드><법정동읍면동코드>10300</법정동읍면동코드><법정동지번코드>1</법정동지번코드><아파트>칸타빌수유팰리스</아파트><월>12</월><일>21</일><일련번호>11305-5548</일련번호><전용면적>20.93</전용면적><중개사소재지>서울 구로구</중개사소재지><지번>741</지번><지역코드>11305</지역코드><층>2</층><해제사유발생일>22.12.22</해제사유발생일><해제여부>O</해제여부></item><item><거래금액>    22,250</거래금액><거래유형>중개거래</거래유형><건축년도>2022</건축년도><년>2022</년><도로명>한천로148길</도로명><도로명건물본번호코드>00012</도로명건물본번호코드><도로명건물부번호코드>00013</도로명건물부번호코드><도로명시군구코드>11305</도로명시군구코드><도로명일련번호코드>01</도로명일련번호코드><도로명지상지하코드>0</도로명지상지하코드><도로명코드>4124578</도로명코드><법정동> 수유동</법정동><법정동본번코드>0741</법정동본번코드><법정동부번코드>0000</법정동부번코드><법정동시군구코드>11305</법정동시군구코드><법정동읍면동코드>10300</법정동읍면동코드><법정동지번코드>1</법정동지번코드><아파트>칸타빌수유팰리스</아파트><월>12</월><일>21</일><일련번호>11305-5548</일련번호><전용면적>20.93</전용면적><중개사소재지>서울 구로구</중개사소재지><지번>741</지번><지역코드>11305</지역코드><층>2</층><해제사유발생일> </해제사유발생일><해제여부> </해제여부></item><item><거래금액>    25,600</거래금액><거래유형>중개거래</거래유형><건축년도>2022</건축년도><년>2022</년><도로명>한천로148길</도로명><도로명건물본번호코드>00012</도로명건물본번호코드><도로명건물부번호코드>00013</도로명건물부번호코드><도로명시군구코드>11305</도로명시군구코드><도로명일련번호코드>01</도로명일련번호코드><도로명지상지하코드>0</도로명지상지하코드><도로명코드>4124578</도로명코드><법정동> 수유동</법정동><법정동본번코드>0741</법정동본번코드><법정동부번코드>0000</법정동부번코드><법정동시군구코드>11305</법정동시군구코드><법정동읍면동코드>10300</법정동읍면동코드><법정동지번코드>1</법정동지번코드><아파트>칸타빌수유팰리스</아파트><월>12</월><일>21</일><일련번호>11305-5548</일련번호><전용면적>24.335</전용면적><중개사소재지>서울 구로구</중개사소재지><지번>741</지번><지역코드>11305</지역코드><층>2</층><해제사유발생일>22.12.22</해제사유발생일><해제여부>O</해제여부></item><item><거래금액>    25,600</거래금액><거래유형>중개거래</거래유형><건축년도>2022</건축년도><년>2022</년><도로명>한천로148길</도로명><도로명건물본번호코드>00012</도로명건물본번호코드><도로명건물부번호코드>00013</도로명건물부번호코드><도로명시군구코드>11305</도로명시군구코드><도로명일련번호코드>01</도로명일련번호코드><도로명지상지하코드>0</도로명지상지하코드><도로명코드>4124578</도로명코드><법정동> 수유동</법정동><법정동본번코드>0741</법정동본번코드><법정동부번코드>0000</법정동부번코드><법정동시군구코드>11305</법정동시군구코드><법정동읍면동코드>10300</법정동읍면동코드><법정동지번코드>1</법정동지번코드><아파트>칸타빌수유팰리스</아파트><월>12</월><일>21</일><일련번호>11305-5548</일련번호><전용면적>24.335</전용면적><중개사소재지>서울 구로구</중개사소재지><지번>741</지번><지역코드>11305</지역코드><층>2</층><해제사유발생일> </해제사유발생일><해제여부> </해제여부></item><item><거래금액>    21,200</거래금액><거래유형>중개거래</거래유형><건축년도>2022</건축년도><년>2022</년><도로명>한천로148길</도로명><도로명건물본번호코드>00012</도로명건물본번호코드><도로명건물부번호코드>00013</도로명건물부번호코드><도로명시군구코드>11305</도로명시군구코드><도로명일련번호코드>01</도로명일련번호코드><도로명지상지하코드>0</도로명지상지하코드><도로명코드>4124578</도로명코드><법정동> 수유동</법정동><법정동본번코드>0741</법정동본번코드><법정동부번코드>0000</법정동부번코드><법정동시군구코드>11305</법정동시군구코드><법정동읍면동코드>10300</법정동읍면동코드><법정동지번코드>1</법정동지번코드><아파트>칸타빌수유팰리스</아파트><월>12</월><일>21</일><일련번호>11305-5548</일련번호><전용면적>19.9815</전용면적><중개사소재지>서울 구로구</중개사소재지><지번>741</지번><지역코드>11305</지역코드><층>2</층><해제사유발생일>22.12.22</해제사유발생일><해제여부>O</해제여부></item><item><거래금액>    21,200</거래금액><거래유형>중개거래</거래유형><건축년도>2022</건축년도><년>2022</년><도로명>한천로148길</도로명><도로명건물본번호코드>00012</도로명건물본번호코드><도로명건물부번호코드>00013</도로명건물부번호코드><도로명시군구코드>11305</도로명시군구코드><도로명일련번호코드>01</도로명일련번호코드><도로명지상지하코드>0</도로명지상지하코드><도로명코드>4124578</도로명코드><법정동> 수유동</법정동><법정동본번코드>0741</법정동본번코드><법정동부번코드>0000</법정동부번코드><법정동시군구코드>11305</법정동시군구코드><법정동읍면동코드>10300</법정동읍면동코드><법정동지번코드>1</법정동지번코드><아파트>칸타빌수유팰리스</아파트><월>12</월><일>21</일><일련번호>11305-5548</일련번호><전용면적>19.9815</전용면적><중개사소재지>서울 구로구</중개사소재지><지번>741</지번><지역코드>11305</지역코드><층>2</층><해제사유발생일> </해제사유발생일><해제여부> </해제여부></item><item><거래금액>    21,200</거래금액><거래유형>중개거래</거래유형><건축년도>2022</건축년도><년>2022</년><도로명>한천로148길</도로명><도로명건물본번호코드>00012</도로명건물본번호코드><도로명건물부번호코드>00013</도로명건물부번호코드><도로명시군구코드>11305</도로명시군구코드><도로명일련번호코드>01</도로명일련번호코드><도로명지상지하코드>0</도로명지상지하코드><도로명코드>4124578</도로명코드><법정동> 수유동</법정동><법정동본번코드>0741</법정동본번코드><법정동부번코드>0000</법정동부번코드><법정동시군구코드>11305</법정동시군구코드><법정동읍면동코드>10300</법정동읍면동코드><법정동지번코드>1</법정동지번코드><아파트>칸타빌수유팰리스</아파트><월>12</월><일>21</일><일련번호>11305-5548</일련번호><전용면적>19.9815</전용면적><중개사소재지>서울 구로구</중개사소재지><지번>741</지번><지역코드>11305</지역코드><층>2</층><해제사유발생일>22.12.22</해제사유발생일><해제여부>O</해제여부></item><item><거래금액>    21,200</거래금액><거래유형>중개거래</거래유형><건축년도>2022</건축년도><년>2022</년><도로명>한천로148길</도로명><도로명건물본번호코드>00012</도로명건물본번호코드><도로명건물부번호코드>00013</도로명건물부번호코드><도로명시군구코드>11305</도로명시군구코드><도로명일련번호코드>01</도로명일련번호코드><도로명지상지하코드>0</도로명지상지하코드><도로명코드>4124578</도로명코드><법정동> 수유동</법정동><법정동본번코드>0741</법정동본번코드><법정동부번코드>0000</법정동부번코드><법정동시군구코드>11305</법정동시군구코드><법정동읍면동코드>10300</법정동읍면동코드><법정동지번코드>1</법정동지번코드><아파트>칸타빌수유팰리스</아파트><월>12</월><일>21</일><일련번호>11305-5548</일련번호><전용면적>19.9815</전용면적><중개사소재지>서울 구로구</중개사소재지><지번>741</지번><지역코드>11305</지역코드><층>2</층><해제사유발생일> </해제사유발생일><해제여부> </해제여부></item><item><거래금액>    21,200</거래금액><거래유형>중개거래</거래유형><건축년도>2022</건축년도><년>2022</년><도로명>한천로148길</도로명><도로명건물본번호코드>00012</도로명건물본번호코드><도로명건물부번호코드>00013</도로명건물부번호코드><도로명시군구코드>11305</도로명시군구코드><도로명일련번호코드>01</도로명일련번호코드><도로명지상지하코드>0</도로명지상지하코드><도로명코드>4124578</도로명코드><법정동> 수유동</법정동><법정동본번코드>0741</법정동본번코드><법정동부번코드>0000</법정동부번코드><법정동시군구코드>11305</법정동시군구코드><법정동읍면동코드>10300</법정동읍면동코드><법정동지번코드>1</법정동지번코드><아파트>칸타빌수유팰리스</아파트><월>12</월><일>21</일><일련번호>11305-5548</일련번호><전용면적>19.9815</전용면적><중개사소재지>서울 구로구</중개사소재지><지번>741</지번><지역코드>11305</지역코드><층>2</층><해제사유발생일>22.12.22</해제사유발생일><해제여부>O</해제여부></item><item><거래금액>    21,200</거래금액><거래유형>중개거래</거래유형><건축년도>2022</건축년도><년>2022</년><도로명>한천로148길</도로명><도로명건물본번호코드>00012</도로명건물본번호코드><도로명건물부번호코드>00013</도로명건물부번호코드><도로명시군구코드>11305</도로명시군구코드><도로명일련번호코드>01</도로명일련번호코드><도로명지상지하코드>0</도로명지상지하코드><도로명코드>4124578</도로명코드><법정동> 수유동</법정동><법정동본번코드>0741</법정동본번코드><법정동부번코드>0000</법정동부번코드><법정동시군구코드>11305</법정동시군구코드><법정동읍면동코드>10300</법정동읍면동코드><법정동지번코드>1</법정동지번코드><아파트>칸타빌수유팰리스</아파트><월>12</월><일>21</일><일련번호>11305-5548</일련번호><전용면적>19.9815</전용면적><중개사소재지>서울 구로구</중개사소재지><지번>741</지번><지역코드>11305</지역코드><층>2</층><해제사유발생일> </해제사유발생일><해제여부> </해제여부></item><item><거래금액>    22,100</거래금액><거래유형>중개거래</거래유형><건축년도>2022</건축년도><년>2022</년><도로명>한천로148길</도로명><도로명건물본번호코드>00012</도로명건물본번호코드><도로명건물부번호코드>00013</도로명건물부번호코드><도로명시군구코드>11305</도로명시군구코드><도로명일련번호코드>01</도로명일련번호코드><도로명지상지하코드>0</도로명지상지하코드><도로명코드>4124578</도로명코드><법정동> 수유동</법정동><법정동본번코드>0741</법정동본번코드><법정동부번코드>0000</법정동부번코드><법정동시군구코드>11305</법정동시군구코드><법정동읍면동코드>10300</법정동읍면동코드><법정동지번코드>1</법정동지번코드><아파트>칸타빌수유팰리스</아파트><월>12</월><일>21</일><일련번호>11305-5548</일련번호><전용면적>20.774</전용면적><중개사소재지>서울 구로구</중개사소재지><지번>741</지번><지역코드>11305</지역코드><층>2</층><해제사유발생일>22.12.22</해제사유발생일><해제여부>O</해제여부></item><item><거래금액>    29,800</거래금액><거래유형>중개거래</거래유형><건축년도>2004</건축년도><년>2022</년><도로명>한천로148길</도로명><도로명건물본번호코드>00026</도로명건물본번호코드><도로명건물부번호코드>00000</도로명건물부번호코드><도로명시군구코드>11305</도로명시군구코드><도로명일련번호코드>01</도로명일련번호코드><도로명지상지하코드>0</도로명지상지하코드><도로명코드>4124578</도로명코드><법정동> 수유동</법정동><법정동본번코드>0180</법정동본번코드><법정동부번코드>0031</법정동부번코드><법정동시군구코드>11305</법정동시군구코드><법정동읍면동코드>10300</법정동읍면동코드><법정동지번코드>1</법정동지번코드><아파트>진명</아파트><월>12</월><일>30</일><일련번호>11305-164</일련번호><전용면적>66.12</전용면적><중개사소재지>서울 강북구</중개사소재지><지번>180-31</지번><지역코드>11305</지역코드><층>7</층><해제사유발생일> </해제사유발생일><해제여부> </해제여부></item></items><numOfRows>999</numOfRows><pageNo>1</pageNo><totalCount>82</totalCount></body></response>