<?xml version="1.0" encoding="UTF-8" standalone="yes"?><response><header><resultCode>00</resultCode><resultMsg>NORMAL SERVICE.</resultMsg></header><body><items><item><거래금액>    62,000</거래금액><거래유형>중개거래</거래유형><건축년도>1999</건축년도><년>2022</년><도로명>상암로51길</도로명><도로명건물본번호코드>00061</도로명건물본번호코드><도로명건물부번호코드>00000</도로명건물부번호코드><도로명시군구코드>11740</도로명시군구코드><도로명일련번호코드>01</도로명일련번호코드><도로명지상지하코드>0</도로명지상지하코드><도로명코드>4172138</도로명코드><법정동> 명일동</법정동><법정동본번코드>0332</법정동본번코드><법정동부번코드>0000</법정동부번코드><법정동시군구코드>11740</법정동시군구코드><법정동읍면동코드>10100</법정동읍면동코드><법정동지번코드>1</법정동지번코드><아파트>명일지에스아파트</아파트><월>11</월><일>30</일><일련번호>11740-3</일련번호><전용면적>59.79</전용면적><중개사소재지>서울 강동구</중개사소재지><지번>332</지번><지역코드>11740</지역코드><층>2</층><해제사유발생일> </해제사유발생일><해제여부> </해제여부></item><item><거래금액>   122,600</거래금액><거래유형>중개거래</거래유형><건축년도>2016</건축년도><년>2022</년><도로명>아리수로50길</도로명><도로명건물본번호코드>00050</도로명건물본번호코드><도로명건물부번호코드>00000</도로명건물부번호코드><도로명시군구코드>11740</도로명시군구코드><도로명일련번호코드>00</도로명일련번호코드><도로명코드>4172194</도로명코드><법정동> 고덕동</법정동><법정동본번코드>0688</법정동본번코드><법정동부번코드>0000</법정동부번코드><법정동시군구코드>11740</법정동시군구코드><법정동읍면동코드>10200</법정동읍면동코드><법정동지번코드>1</법정동지번코드><아파트>래미안힐스테이트고덕</아파트><월>11</월><일>5</일><일련번호>11740-4214</일련번호><전용면적>84.88</전용면적><중개사소재지>서울 강동구</중개사소재지><지번>688</지번><지역코드>11740</지역코드><층>13</층><해제사유발생일> </해제사유발생일><해제여부> </해제여부></item><item><거래금액>   139,000</거래금액><거래유형>중개거래</거래유형><건축년도>2019</건축년도><년>2022</년><도로명>고덕로</도로명><도로명건물본번호코드>00333</도로명건물본번호코드><도로명건물부번호코드>00000</도로명건물부번호코드><도로명시군구코드>11740</도로명시군구코드><도로명일련번호코드>02</도로명일련번호코드><도로명지상지하코드>0</도로명지상지하코드><도로명코드>3124001</도로명코드><법정동> 고덕동</법정동><법정동본번코드>0693</법정동본번코드><법정동부번코드>0000</법정동부번코드><법정동시군구코드>11740</법정동시군구코드><법정동읍면동코드>10200</법정동읍면동코드><법정동지번코드>1</법정동지번코드><아파트>고덕그라시움</아파트><월>11</월><일>6</일><일련번호>11740-4628</일련번호><전용면적>84.244</전용면적><중개사소재지>서울 강동구</중개사소재지><지번>693</지번><지역코드>11740</지역코드><층>5</층><해제사유발생일> </해제사유발생일><해제여부> </해제여부></item><item><거래금액>    90,000</거래금액><거래유형>직거래</거래유형><건축년도>2019</건축년도><년>2022</년><도로명>고덕로</도로명><도로명건물본번호코드>00333</도로명건물본번호코드><도로명건물부번호코드>00000</도로명건물부번호코드><도로명시군구코드>11740</도로명시군구코드><도로명일련번호코드>02</도로명일련번호코드><도로명지상지하코드>0</도로명지상지하코드><도로명코드>3124001</도로명코드><법정동> 고덕동</법정동><법정동본번코드>0693</법정동본번코드><법정동부번코드>0000</법정동부번코드><법정동시군구코드>11740</법정동시군구코드><법정동읍면동코드>10200</법정동읍면동코드><법정동지번코드>1</법정동지번코드><아파트>고덕그라시움</아파트><월>11</월><일>7</일><일련번호>11740-4628</일련번호><전용면적>73.873</전용면적><중개사소재지> </중개사소재지><지번>693</지번><지역코드>11740</지역코드><층>23</층><해제사유발생일> </해제사유발생일><해제여부> </해제여부></item><item><거래금액>   107,000</거래금액><거래유형>중개거래</거래유형><건축년도>2019</건축년도><년>2022</년><도로명>고덕로</도로명><도로명건물본번호코드>00333</도로명건물본번호코드><도로명건물부번호코드>00000</도로명건물부번호코드><도로명시군구코드>11740</도로명시군구코드><도로명일련번호코드>02</도로명일련번호코드><도로명지상지하코드>0</도로명지상지하코드><도로명코드>3124001</도로명코드><법정동> 고덕동</법정동><법정동본번코드>0693</법정동본번코드><법정동부번코드>0000</법정동부번코드><법정동시군구코드>11740</법정동시군구코드><법정동읍면동코드>10200</법정동읍면동코드><법정동지번코드>1</법정동지번코드><아파트>고덕그라시움</아파트><월>11</월><일>12</일><일련번호>11740-4628</일련번호><전용면적>59.785</전용면적><중개사소재지>서울 강동구</중개사소재지><지번>693</지번><지역코드>11740</지역코드><층>3</층><해제사유발생일> </해제사유발생일><해제여부> </해제여부></item><item><거래금액>   104,500</거래금액><거래유형>중개거래</거래유형><건축년도>2019</건축년도><년>2022</년><도로명>고덕로</도로명><도로명건물본번호코드>00333</도로명건물본번호코드><도로명건물부번호코드>00000</도로명건물부번호코드><도로명시군구코드>11740</도로명시군구코드><도로명일련번호코드>02</도로명일련번호코드><도로명지상지하코드>0</도로명지상지하코드><도로명코드>3124001</도로명코드><법정동> 고덕동</법정동><법정동본번코드>0693</법정동본번코드><법정동부번코드>0000</법정동부번코드><법정동시군구코드>11740</법정동시군구코드><법정동읍면동코드>10200</법정동읍면동코드><법정동지번코드>1</법정동지번코드><아파트>고덕그라시움</아파트><월>11</월><일>12</일><일련번호>11740-4628</일련번호><전용면적>59.785</전용면적><중개사소재지>서울 강동구</중개사소재지><지번>693</지번><지역코드>11740</지역코드><층>20</층><해제사유발생일> </해제사유발생일><해제여부> </해제여부></item><item><거래금액>   112,000</거래금액><거래유형>중개거래</거래유형><건축년도>2019</건축년도><년>2022</년><도로명>고덕로</도로명><도로명건물본번호코드>00333</도로명건물본번호코드><도로명건물부번호코드>00000</도로명건물부번호코드><도로명시군구코드>11740</도로명시군구코드><도로명일련번호코드>02</도로명일련번호코드><도로명지상지하코드>0</도로명지상지하코드><도로명코드>3124001</도로명코드><법정동> 고덕동</법정동><법정동본번코드>0693</법정동본번코드><법정동부번코드>0000</법정동부번코드><법정동시군구코드>11740</법정동시군구코드><법정동읍면동코드>10200</법정동읍면동코드><법정동지번코드>1</법정동지번코드><아파트>고덕그라시움</아파트><월>11</월><일>20</일><일련번호>11740-4628</일련번호><전용면적>59.052</전용면적><중개사소재지>서울 강동구</중개사소재지><지번>693</지번><지역코드>11740</지역코드><층>15</층><해제사유발생일> </해제사유발생일><해제여부> </해제여부></item><item><거래금액>    82,000</거래금액><거래유형>중개거래</거래유형><건축년도>2020</건축년도><년>2022</년><도로명>고덕로</도로명><도로명건물본번호코드>00399</도로명건물본번호코드><도로명건물부번호코드>00000</도로명건물부번호코드><도로명시군구코드>11740</도로명시군구코드><도로명일련번호코드>00</도로명일련번호코드><도로명코드>3124001</도로명코드><법정동> 고덕동</법정동><법정동본번코드>0210</법정동본번코드><법정동부번코드>0001</법정동부번코드><법정동시군구코드>11740</법정동시군구코드><법정동읍면동코드>10200</법정동읍면동코드><법정동지번코드>1</법정동지번코드><아파트>고덕센트럴푸르지오</아파트><월>11</월><일>20</일><일련번호>11740-4735</일련번호><전용면적>59.09</전용면적><중개사소재지>서울 강동구</중개사소재지><지번>210-1</지번><지역코드>11740</지역코드><층>17</층><해제사유발생일> </해제사유발생일><해제여부> </해제여부></item><item><거래금액>   140,000</거래금액><거래유형>중개거래</거래유형><건축년도>2019</건축년도><년>2022</년><도로명>고덕로</도로명><도로명건물본번호코드>00333</도로명건물본번호코드><도로명건물부번호코드>00000</도로명건물부번호코드><도로명시군구코드>11740</도로명시군구코드><도로명일련번호코드>02</도로명일련번호코드><도로명지상지하코드>0</도로명지상지하코드><도로명코드>3124001</도로명코드><법정동> 고덕동</법정동><법정동본번코드>0693</법정동본번코드><법정동부번코드>0000</법정동부번코드><법정동시군구코드>11740</법정동시군구코드><법정동읍면동코드>10200</법정동읍면동코드><법정동지번코드>1</법정동지번코드><아파트>고덕그라시움</아파트><월>11</월><일>20</일><일련번호>11740-4628</일련번호><전용면적>84.046</전용면적><중개사소재지>서울 강동구</중개사소재지><지번>693</지번><지역코드>11740</지역코드><층>22</층><해제사유발생일> </해제사유발생일><해제여부> </해제여부></item><item><거래금액>   100,000</거래금액><거래유형>중개거래</거래유형><건축년도>2011</건축년도><년>2022</년><도로명>동남로79길</도로명><도로명건물본번호코드>00026</도로명건물본번호코드><도로명건물부번호코드>00000</도로명건물부번호코드><도로명시군구코드>11740</도로명시군구코드><도로명일련번호코드>01</도로명일련번호코드><도로명지상지하코드>0</도로명지상지하코드><도로명코드>4172098</도로명코드><법정동> 고덕동</법정동><법정동본번코드>0499</법정동본번코드><법정동부번코드>0000</법정동부번코드><법정동시군구코드>11740</법정동시군구코드><법정동읍면동코드>10200</법정동읍면동코드><법정동지번코드>1</법정동지번코드><아파트>고덕 아이파크</아파트><월>11</월><일>22</일><일련번호>11740-2894</일련번호><전용면적>59.99</전용면적><중개사소재지>서울 강동구</중개사소재지><지번>499</지번><지역코드>11740</지역코드><층>4</층><해제사유발생일> </해제사유발생일><해제여부> </해제여부></item><item><거래금액>   102,000</거래금액><거래유형>중개거래</거래유형><건축년도>2019</건축년도><년>2022</년><도로명>고덕로</도로명><도로명건물본번호코드>00333</도로명건물본번호코드><도로명건물부번호코드>00000</도로명건물부번호코드><도로명시군구코드>11740</도로명시군구코드><도로명일련번호코드>02</도로명일련번호코드><도로명지상지하코드>0</도로명지상지하코드><도로명코드>3124001</도로명코드><법정동> 고덕동</법정동><법정동본번코드>0693</법정동본번코드><법정동부번코드>0000</법정동부번코드><법정동시군구코드>11740</법정동시군구코드><법정동읍면동코드>10200</법정동읍면동코드><법정동지번코드>1</법정동지번코드><아파트>고덕그라시움</아파트><월>11</월><일>22</일><일련번호>11740-4628</일련번호><전용면적>59.785</전용면적><중개사소재지>서울 강동구</중개사소재지><지번>693</지번><지역코드>11740</지역코드><층>7</층><해제사유발생일> </해제사유발생일><해제여부> </해제여부></item><item><거래금액>    64,500</거래금액><거래유형>중개거래</거래유형><건축년도>1997</건축년도><년>2022</년><도로명>상암로81길</도로명><도로명건물본번호코드>00007</도로명건물본번호코드><도로명건물부번호코드>00000</도로명건물부번호코드><도로명시군구코드>11740</도로명시군구코드><도로명일련번호코드>01</도로명일련번호코드><도로명지상지하코드>0</도로명지상지하코드><도로명코드>4172146</도로명코드><법정동> 상일동</법정동><법정동본번코드>0473</법정동본번코드><법정동부번코드>0000</법정동부번코드><법정동시군구코드>11740</법정동시군구코드><법정동읍면동코드>10300</법정동읍면동코드><법정동지번코드>1</법정동지번코드><아파트>동아</아파트><월>11</월><일>1</일><일련번호>11740-30</일련번호><전용면적>59.25</전용면적><중개사소재지>서울 강동구</중개사소재지><지번>473</지번><지역코드>11740</지역코드><층>17</층><해제사유발생일> </해제사유발생일><해제여부> </해제여부></item><item><거래금액>   130,000</거래금액><거래유형>중개거래</거래유형><건축년도>2020</건축년도><년>2022</년><도로명>고덕로</도로명><도로명건물본번호코드>00360</도로명건물본번호코드><도로명건물부번호코드>00000</도로명건물부번호코드><도로명시군구코드>11740</도로명시군구코드><도로명일련번호코드>01</도로명일련번호코드><도로명코드>3124001</도로명코드><법정동> 상일동</법정동><법정동본번코드>0519</법정동본번코드><법정동부번코드>0000</법정동부번코드><법정동시군구코드>11740</법정동시군구코드><법정동읍면동코드>10300</법정동읍면동코드><법정동지번코드>1</법정동지번코드><아파트>고덕아르테온</아파트><월>11</월><일>2</일><일련번호>11740-4692</일련번호><전용면적>84.97</전용면적><중개사소재지>서울 강동구</중개사소재지><지번>519</지번><지역코드>11740</지역코드><층>10</층><해제사유발생일> </해제사유발생일><해제여부> </해제여부></item><item><거래금액>   107,000</거래금액><거래유형>중개거래</거래유형><건축년도>2020</건축년도><년>2022</년><도로명>고덕로</도로명><도로명건물본번호코드>00360</도로명건물본번호코드><도로명건물부번호코드>00000</도로명건물부번호코드><도로명시군구코드>11740</도로명시군구코드><도로명일련번호코드>01</도로명일련번호코드><도로명코드>3124001</도로명코드><법정동> 상일동</법정동><법정동본번코드>0519</법정동본번코드><법정동부번코드>0000</법정동부번코드><법정동시군구코드>11740</법정동시군구코드><법정동읍면동코드>10300</법정동읍면동코드><법정동지번코드>1</법정동지번코드><아파트>고덕아르테온</아파트><월>11</월><일>4</일><일련번호>11740-4692</일련번호><전용면적>59.98</전용면적><중개사소재지>서울 강동구</중개사소재지><지번>519</지번><지역코드>11740</지역코드><층>18</층><해제사유발생일> </해제사유발생일><해제여부> </해제여부></item><item><거래금액>   108,500</거래금액><거래유형>중개거래</거래유형><건축년도>2019</건축년도><년>2022</년><도로명>상암로79길</도로명><도로명건물본번호코드>00088</도로명건물본번호코드><도로명건물부번호코드>00000</도로명건물부번호코드><도로명시군구코드>11740</도로명시군구코드><도로명일련번호코드>01</도로명일련번호코드><도로명코드>4172145</도로명코드><법정동> 상일동</법정동><법정동본번코드>0514</법정동본번코드><법정동부번코드>0000</법정동부번코드><법정동시군구코드>11740</법정동시군구코드><법정동읍면동코드>10300</법정동읍면동코드><법정동지번코드>1</법정동지번코드><아파트>고덕롯데캐슬베네루체</아파트><월>11</월><일>8</일><일련번호>11740-4672</일련번호><전용면적>84.146</전용면적><중개사소재지>서울 강동구</중개사소재지><지번>514</지번><지역코드>11740</지역코드><층>28</층><해제사유발생일> </해제사유발생일><해제여부> </해제여부></item><item><거래금액>   100,000</거래금액><거래유형>중개거래</거래유형><건축년도>2019</건축년도><년>2022</년><도로명>상암로79길</도로명><도로명건물본번호코드>00088</도로명건물본번호코드><도로명건물부번호코드>00000</도로명건물부번호코드><도로명시군구코드>11740</도로명시군구코드><도로명일련번호코드>01</도로명일련번호코드><도로명코드>4172145</도로명코드><법정동> 상일동</법정동><법정동본번코드>0514</법정동본번코드><법정동부번코드>0000</법정동부번코드><법정동시군구코드>11740</법정동시군구코드><법정동읍면동코드>10300</법정동읍면동코드><법정동지번코드>1</법정동지번코드><아파트>고덕롯데캐슬베네루체</아파트><월>11</월><일>10</일><일련번호>11740-4672</일련번호><전용면적>84.923</전용면적><중개사소재지>서울 강동구</중개사소재지><지번>514</지번><지역코드>11740</지역코드><층>1</층><해제사유발생일> </해제사유발생일><해제여부> </해제여부></item><item><거래금액>   110,000</거래금액><거래유형>중개거래</거래유형><건축년도>2019</건축년도><년>2022</년><도로명>상암로79길</도로명><도로명건물본번호코드>00088</도로명건물본번호코드><도로명건물부번호코드>00000</도로명건물부번호코드><도로명시군구코드>11740</도로명시군구코드><도로명일련번호코드>01</도로명일련번호코드><도로명코드>4172145</도로명코드><법정동> 상일동</법정동><법정동본번코드>0514</법정동본번코드><법정동부번코드>0000</법정동부번코드><법정동시군구코드>11740</법정동시군구코드><법정동읍면동코드>10300</법정동읍면동코드><법정동지번코드>1</법정동지번코드><아파트>고덕롯데캐슬베네루체</아파트><월>11</월><일>11</일><일련번호>11740-4672</일련번호><전용면적>84.923</전용면적><중개사소재지>서울 강동구</중개사소재지><지번>514</지번><지역코드>11740</지역코드><층>19</층><해제사유발생일> </해제사유발생일><해제여부> </해제여부></item><item><거래금액>   129,000</거래금액><거래유형>중개거래</거래유형><건축년도>2020</건축년도><년>2022</년><도로명>고덕로</도로명><도로명건물본번호코드>00360</도로명건물본번호코드><도로명건물부번호코드>00000</도로명건물부번호코드><도로명시군구코드>11740</도로명시군구코드><도로명일련번호코드>01</도로명일련번호코드><도로명코드>3124001</도로명코드><법정동> 상일동</법정동><법정동본번코드>0519</법정동본번코드><법정동부번코드>0000</법정동부번코드><법정동시군구코드>11740</법정동시군구코드><법정동읍면동코드>10300</법정동읍면동코드><법정동지번코드>1</법정동지번코드><아파트>고덕아르테온</아파트><월>11</월><일>13</일><일련번호>11740-4692</일련번호><전용면적>84.93</전용면적><중개사소재지>서울 강동구</중개사소재지><지번>519</지번><지역코드>11740</지역코드><층>7</층><해제사유발생일> </해제사유발생일><해제여부> </해제여부></item><item><거래금액>    93,000</거래금액><거래유형>중개거래</거래유형><건축년도>2020</건축년도><년>2022</년><도로명>고덕로</도로명><도로명건물본번호코드>00360</도로명건물본번호코드><도로명건물부번호코드>00000</도로명건물부번호코드><도로명시군구코드>11740</도로명시군구코드><도로명일련번호코드>01</도로명일련번호코드><도로명코드>3124001</도로명코드><법정동> 상일동</법정동><법정동본번코드>0519</법정동본번코드><법정동부번코드>0000</법정동부번코드><법정동시군구코드>11740</법정동시군구코드><법정동읍면동코드>10300</법정동읍면동코드><법정동지번코드>1</법정동지번코드><아파트>고덕아르테온</아파트><월>11</월><일>16</일><일련번호>11740-4692</일련번호><전용면적>59.98</전용면적><중개사소재지>서울 강동구</중개사소재지><지번>519</지번><지역코드>11740</지역코드><층>2</층><해제사유발생일> </해제사유발생일><해제여부> </해제여부></item><item><거래금액>   104,000</거래금액><거래유형>중개거래</거래유형><건축년도>2020</건축년도><년>2022</년><도로명>고덕로</도로명><도로명건물본번호코드>00360</도로명건물본번호코드><도로명건물부번호코드>00000</도로명건물부번호코드><도로명시군구코드>11740</도로명시군구코드><도로명일련번호코드>01</도로명일련번호코드><도로명코드>3124001</도로명코드><법정동> 상일동</법정동><법정동본번코드>0519</법정동본번코드><법정동부번코드>0000</법정동부번코드><법정동시군구코드>11740</법정동시군구코드><법정동읍면동코드>10300</법정동읍면동코드><법정동지번코드>1</법정동지번코드><아파트>고덕아르테온</아파트><월>11</월><일>18</일><일련번호>11740-4692</일련번호><전용면적>59.96</전용면적><중개사소재지>서울 강동구</중개사소재지><지번>519</지번><지역코드>11740</지역코드><층>12</층><해제사유발생일> </해제사유발생일><해제여부> </해제여부></item><item><거래금액>   131,500</거래금액><거래유형>중개거래</거래유형><건축년도>2020</건축년도><년>2022</년><도로명>고덕로</도로명><도로명건물본번호코드>00360</도로명건물본번호코드><도로명건물부번호코드>00000</도로명건물부번호코드><도로명시군구코드>11740</도로명시군구코드><도로명일련번호코드>01</도로명일련번호코드><도로명코드>3124001</도로명코드><법정동> 상일동</법정동><법정동본번코드>0519</법정동본번코드><법정동부번코드>0000</법정동부번코드><법정동시군구코드>11740</법정동시군구코드><법정동읍면동코드>10300</법정동읍면동코드><법정동지번코드>1</법정동지번코드><아파트>고덕아르테온</아파트><월>11</월><일>18</일><일련번호>11740-4692</일련번호><전용면적>84.94</전용면적><중개사소재지>서울 강동구</중개사소재지><지번>519</지번><지역코드>11740</지역코드><층>16</층><해제사유발생일> </해제사유발생일><해제여부> </해제여부></item><item><거래금액>   120,500</거래금액><거래유형>중개거래</거래유형><건축년도>2021</건축년도><년>2022</년><도로명>상일로</도로명><도로명건물본번호코드>00055</도로명건물본번호코드><도로명건물부번호코드>00000</도로명건물부번호코드><도로명시군구코드>11740</도로명시군구코드><도로명일련번호코드>01</도로명일련번호코드><도로명코드>3124004</도로명코드><법정동> 상일동</법정동><법정동본번코드>0521</법정동본번코드><법정동부번코드>0000</법정동부번코드><법정동시군구코드>11740</법정동시군구코드><법정동읍면동코드>10300</법정동읍면동코드><법정동지번코드>1</법정동지번코드><아파트>고덕자이</아파트><월>11</월><일>19</일><일련번호>11740-4799</일련번호><전용면적>84.445</전용면적><중개사소재지>서울 강동구</중개사소재지><지번>521</지번><지역코드>11740</지역코드><층>5</층><해제사유발생일> </해제사유발생일><해제여부> </해제여부></item><item><거래금액>    92,500</거래금액><거래유형>중개거래</거래유형><건축년도>2019</건축년도><년>2022</년><도로명>상암로79길</도로명><도로명건물본번호코드>00088</도로명건물본번호코드><도로명건물부번호코드>00000</도로명건물부번호코드><도로명시군구코드>11740</도로명시군구코드><도로명일련번호코드>01</도로명일련번호코드><도로명코드>4172145</도로명코드><법정동> 상일동</법정동><법정동본번코드>0514</법정동본번코드><법정동부번코드>0000</법정동부번코드><법정동시군구코드>11740</법정동시군구코드><법정동읍면동코드>10300</법정동읍면동코드><법정동지번코드>1</법정동지번코드><아파트>고덕롯데캐슬베네루체</아파트><월>11</월><일>19</일><일련번호>11740-4672</일련번호><전용면적>59.981</전용면적><중개사소재지>서울 강동구</중개사소재지><지번>514</지번><지역코드>11740</지역코드><층>4</층><해제사유발생일> </해제사유발생일><해제여부> </해제여부></item><item><거래금액>   109,500</거래금액><거래유형>중개거래</거래유형><건축년도>2019</건축년도><년>2022</년><도로명>상암로79길</도로명><도로명건물본번호코드>00088</도로명건물본번호코드><도로명건물부번호코드>00000</도로명건물부번호코드><도로명시군구코드>11740</도로명시군구코드><도로명일련번호코드>01</도로명일련번호코드><도로명코드>4172145</도로명코드><법정동> 상일동</법정동><법정동본번코드>0514</법정동본번코드><법정동부번코드>0000</법정동부번코드><법정동시군구코드>11740</법정동시군구코드><법정동읍면동코드>10300</법정동읍면동코드><법정동지번코드>1</법정동지번코드><아파트>고덕롯데캐슬베네루체</아파트><월>11</월><일>24</일><일련번호>11740-4672</일련번호><전용면적>84.923</전용면적><중개사소재지>서울 강동구</중개사소재지><지번>514</지번><지역코드>11740</지역코드><층>10</층><해제사유발생일> </해제사유발생일><해제여부> </해제여부></item><item><거래금액>   129,300</거래금액><거래유형>중개거래</거래유형><건축년도>2020</건축년도><년>2022</년><도로명>고덕로</도로명><도로명건물본번호코드>00360</도로명건물본번호코드><도로명건물부번호코드>00000</도로명건물부번호코드><도로명시군구코드>11740</도로명시군구코드><도로명일련번호코드>01</도로명일련번호코드><도로명코드>3124001</도로명코드><법정동> 상일동</법정동><법정동본번코드>0519</법정동본번코드><법정동부번코드>0000</법정동부번코드><법정동시군구코드>11740</법정동시군구코드><법정동읍면동코드>10300</법정동읍면동코드><법정동지번코드>1</법정동지번코드><아파트>고덕아르테온</아파트><월>11</월><일>29</일><일련번호>11740-4692</일련번호><전용면적>84.93</전용면적><중개사소재지>서울 강동구</중개사소재지><지번>519</지번><지역코드>11740</지역코드><층>8</층><해제사유발생일> </해제사유발생일><해제여부> </해제여부></item><item><거래금액>   130,000</거래금액><거래유형>중개거래</거래유형><건축년도>2020</건축년도><년>2022</년><도로명>고덕로</도로명><도로명건물본번호코드>00360</도로명건물본번호코드><도로명건물부번호코드>00000</도로명건물부번호코드><도로명시군구코드>11740</도로명시군구코드><도로명일련번호코드>01</도로명일련번호코드><도로명코드>3124001</도로명코드><법정동> 상일동</법정동><법정동본번코드>0519</법정동본번코드><법정동부번코드>0000</법정동부번코드><법정동시군구코드>11740</법정동시군구코드><법정동읍면동코드>10300</법정동읍면동코드><법정동지번코드>1</법정동지번코드><아파트>고덕아르테온</아파트><월>11</월><일>29</일><일련번호>11740-4692</일련번호><전용면적>84.93</전용면적><중개사소재지>서울 강동구</중개사소재지><지번>519</지번><지역코드>11740</지역코드><층>25</층><해제사유발생일> </해제사유발생일><해제여부> </해제여부></item><item><거래금액>   121,000</거래금액><거래유형>중개거래</거래유형><건축년도>2021</건축년도><년>2022</년><도로명>상일로</도로명><도로명건물본번호코드>00055</도로명건물본번호코드><도로명건물부번호코드>00000</도로명건물부번호코드><도로명시군구코드>11740</도로명시군구코드><도로명일련번호코드>01</도로명일련번호코드><도로명코드>3124004</도로명코드><법정동> 상일동</법정동><법정동본번코드>0521</법정동본번코드><법정동부번코드>0000</법정동부번코드><법정동시군구코드>11740</법정동시군구코드><법정동읍면동코드>10300</법정동읍면동코드><법정동지번코드>1</법정동지번코드><아파트>고덕자이</아파트><월>11</월><일>30</일><일련번호>11740-4799</일련번호><전용면적>84.9712</전용면적><중개사소재지>경기 하남시, 서울 강동구</중개사소재지><지번>521</지번><지역코드>11740</지역코드><층>23</층><해제사유발생일> </해제사유발생일><해제여부> </해제여부></item><item><거래금액>    87,000</거래금액><거래유형>중개거래</거래유형><건축년도>1994</건축년도><년>2022</년><도로명>천호대로193길</도로명><도로명건물본번호코드>00037</도로명건물본번호코드><도로명건물부번호코드>00000</도로명건물부번호코드><도로명시군구코드>11740</도로명시군구코드><도로명일련번호코드>01</도로명일련번호코드><도로명지상지하코드>0</도로명지상지하코드><도로명코드>4172395</도로명코드><법정동> 길동</법정동><법정동본번코드>0400</법정동본번코드><법정동부번코드>0000</법정동부번코드><법정동시군구코드>11740</법정동시군구코드><법정동읍면동코드>10500</법정동읍면동코드><법정동지번코드>1</법정동지번코드><아파트>길동우성</아파트><월>11</월><일>1</일><일련번호>11740-39</일련번호><전용면적>84.75</전용면적><중개사소재지>서울 강동구</중개사소재지><지번>400</지번><지역코드>11740</지역코드><층>15</층><해제사유발생일> </해제사유발생일><해제여부> </해제여부></item><item><거래금액>    65,000</거래금액><거래유형>직거래</거래유형><건축년도>2003</건축년도><년>2022</년><도로명>천중로40길</도로명><도로명건물본번호코드>00012</도로명건물본번호코드><도로명건물부번호코드>00000</도로명건물부번호코드><도로명시군구코드>11740</도로명시군구코드><도로명일련번호코드>01</도로명일련번호코드><도로명지상지하코드>0</도로명지상지하코드><도로명코드>4172349</도로명코드><법정동> 길동</법정동><법정동본번코드>0371</법정동본번코드><법정동부번코드>0009</법정동부번코드><법정동시군구코드>11740</법정동시군구코드><법정동읍면동코드>10500</법정동읍면동코드><법정동지번코드>1</법정동지번코드><아파트>다성이즈빌</아파트><월>11</월><일>1</일><일련번호>11740-216</일련번호><전용면적>84.76</전용면적><중개사소재지> </중개사소재지><지번>371-9</지번><지역코드>11740</지역코드><층>1</층><해제사유발생일> </해제사유발생일><해제여부> </해제여부></item><item><거래금액>    85,000</거래금액><거래유형>중개거래</거래유형><건축년도>2010</건축년도><년>2022</년><도로명>명일로</도로명><도로명건물본번호코드>00172</도로명건물본번호코드><도로명건물부번호코드>00000</도로명건물부번호코드><도로명시군구코드>11740</도로명시군구코드><도로명일련번호코드>03</도로명일련번호코드><도로명지상지하코드>0</도로명지상지하코드><도로명코드>3124002</도로명코드><법정동> 둔촌동</법정동><법정동본번코드>0630</법정동본번코드><법정동부번코드>0000</법정동부번코드><법정동시군구코드>11740</법정동시군구코드><법정동읍면동코드>10600</법정동읍면동코드><법정동지번코드>1</법정동지번코드><아파트>둔촌푸르지오</아파트><월>11</월><일>16</일><일련번호>11740-2931</일련번호><전용면적>59.98</전용면적><중개사소재지>서울 강동구</중개사소재지><지번>630</지번><지역코드>11740</지역코드><층>16</층><해제사유발생일> </해제사유발생일><해제여부> </해제여부></item><item><거래금액>   110,000</거래금액><거래유형>중개거래</거래유형><건축년도>2010</건축년도><년>2022</년><도로명>명일로</도로명><도로명건물본번호코드>00172</도로명건물본번호코드><도로명건물부번호코드>00000</도로명건물부번호코드><도로명시군구코드>11740</도로명시군구코드><도로명일련번호코드>03</도로명일련번호코드><도로명지상지하코드>0</도로명지상지하코드><도로명코드>3124002</도로명코드><법정동> 둔촌동</법정동><법정동본번코드>0630</법정동본번코드><법정동부번코드>0000</법정동부번코드><법정동시군구코드>11740</법정동시군구코드><법정동읍면동코드>10600</법정동읍면동코드><법정동지번코드>1</법정동지번코드><아파트>둔촌푸르지오</아파트><월>11</월><일>27</일><일련번호>11740-2931</일련번호><전용면적>84.9</전용면적><중개사소재지>서울 강동구</중개사소재지><지번>630</지번><지역코드>11740</지역코드><층>13</층><해제사유발생일> </해제사유발생일><해제여부> </해제여부></item><item><거래금액>    58,000</거래금액><거래유형>직거래</거래유형><건축년도>2000</건축년도><년>2022</년><도로명>상암로</도로명><도로명건물본번호코드>00011</도로명건물본번호코드><도로명건물부번호코드>00000</도로명건물부번호코드><도로명시군구코드>11740</도로명시군구코드><도로명일련번호코드>03</도로명일련번호코드><도로명지상지하코드>0</도로명지상지하코드><도로명코드>3124003</도로명코드><법정동> 암사동</법정동><법정동본번코드>0509</법정동본번코드><법정동부번코드>0000</법정동부번코드><법정동시군구코드>11740</법정동시군구코드><법정동읍면동코드>10700</법정동읍면동코드><법정동지번코드>1</법정동지번코드><아파트>선사현대아파트</아파트><월>11</월><일>10</일><일련번호>11740-91</일련번호><전용면적>59.64</전용면적><중개사소재지> </중개사소재지><지번>509</지번><지역코드>11740</지역코드><층>5</층><해제사유발생일> </해제사유발생일><해제여부> </해제여부></item><item><거래금액>    57,000</거래금액><거래유형>중개거래</거래유형><건축년도>2000</건축년도><년>2022</년><도로명>상암로</도로명><도로명건물본번호코드>00011</도로명건물본번호코드><도로명건물부번호코드>00000</도로명건물부번호코드><도로명시군구코드>11740</도로명시군구코드><도로명일련번호코드>03</도로명일련번호코드><도로명지상지하코드>0</도로명지상지하코드><도로명코드>3124003</도로명코드><법정동> 암사동</법정동><법정동본번코드>0509</법정동본번코드><법정동부번코드>0000</법정동부번코드><법정동시군구코드>11740</법정동시군구코드><법정동읍면동코드>10700</법정동읍면동코드><법정동지번코드>1</법정동지번코드><아파트>선사현대아파트</아파트><월>11</월><일>19</일><일련번호>11740-91</일련번호><전용면적>58.68</전용면적><중개사소재지>서울 강동구</중개사소재지><지번>509</지번><지역코드>11740</지역코드><층>15</층><해제사유발생일> </해제사유발생일><해제여부> </해제여부></item><item><거래금액>    73,000</거래금액><거래유형>중개거래</거래유형><건축년도>2000</건축년도><년>2022</년><도로명>상암로</도로명><도로명건물본번호코드>00011</도로명건물본번호코드><도로명건물부번호코드>00000</도로명건물부번호코드><도로명시군구코드>11740</도로명시군구코드><도로명일련번호코드>03</도로명일련번호코드><도로명지상지하코드>0</도로명지상지하코드><도로명코드>3124003</도로명코드><법정동> 암사동</법정동><법정동본번코드>0509</법정동본번코드><법정동부번코드>0000</법정동부번코드><법정동시군구코드>11740</법정동시군구코드><법정동읍면동코드>10700</법정동읍면동코드><법정동지번코드>1</법정동지번코드><아파트>선사현대아파트</아파트><월>11</월><일>19</일><일련번호>11740-91</일련번호><전용면적>59.64</전용면적><중개사소재지>서울 강동구</중개사소재지><지번>509</지번><지역코드>11740</지역코드><층>7</층><해제사유발생일> </해제사유발생일><해제여부> </해제여부></item><item><거래금액>   100,000</거래금액><거래유형>중개거래</거래유형><건축년도>2008</건축년도><년>2022</년><도로명>고덕로</도로명><도로명건물본번호코드>00131</도로명건물본번호코드><도로명건물부번호코드>00000</도로명건물부번호코드><도로명시군구코드>11740</도로명시군구코드><도로명일련번호코드>04</도로명일련번호코드><도로명지상지하코드>0</도로명지상지하코드><도로명코드>3124001</도로명코드><법정동> 암사동</법정동><법정동본번코드>0414</법정동본번코드><법정동부번코드>0002</법정동부번코드><법정동시군구코드>11740</법정동시군구코드><법정동읍면동코드>10700</법정동읍면동코드><법정동지번코드>1</법정동지번코드><아파트>롯데캐슬퍼스트</아파트><월>11</월><일>23</일><일련번호>11740-2802</일련번호><전용면적>84.98</전용면적><중개사소재지>서울 강동구</중개사소재지><지번>414-2</지번><지역코드>11740</지역코드><층>18</층><해제사유발생일> </해제사유발생일><해제여부> </해제여부></item><item><거래금액>    69,000</거래금액><거래유형>중개거래</거래유형><건축년도>2000</건축년도><년>2022</년><도로명>상암로</도로명><도로명건물본번호코드>00011</도로명건물본번호코드><도로명건물부번호코드>00000</도로명건물부번호코드><도로명시군구코드>11740</도로명시군구코드><도로명일련번호코드>03</도로명일련번호코드><도로명지상지하코드>0</도로명지상지하코드><도로명코드>3124003</도로명코드><법정동> 암사동</법정동><법정동본번코드>0509</법정동본번코드><법정동부번코드>0000</법정동부번코드><법정동시군구코드>11740</법정동시군구코드><법정동읍면동코드>10700</법정동읍면동코드><법정동지번코드>1</법정동지번코드><아파트>선사현대아파트</아파트><월>11</월><일>24</일><일련번호>11740-91</일련번호><전용면적>59.64</전용면적><중개사소재지>서울 강동구, 서울 송파구</중개사소재지><지번>509</지번><지역코드>11740</지역코드><층>6</층><해제사유발생일> </해제사유발생일><해제여부> </해제여부></item><item><거래금액>    77,000</거래금액><거래유형>중개거래</거래유형><건축년도>2000</건축년도><년>2022</년><도로명>상암로</도로명><도로명건물본번호코드>00011</도로명건물본번호코드><도로명건물부번호코드>00000</도로명건물부번호코드><도로명시군구코드>11740</도로명시군구코드><도로명일련번호코드>03</도로명일련번호코드><도로명지상지하코드>0</도로명지상지하코드><도로명코드>3124003</도로명코드><법정동> 암사동</법정동><법정동본번코드>0509</법정동본번코드><법정동부번코드>0000</법정동부번코드><법정동시군구코드>11740</법정동시군구코드><법정동읍면동코드>10700</법정동읍면동코드><법정동지번코드>1</법정동지번코드><아파트>선사현대아파트</아파트><월>11</월><일>29</일><일련번호>11740-91</일련번호><전용면적>59.64</전용면적><중개사소재지>서울 강동구</중개사소재지><지번>509</지번><지역코드>11740</지역코드><층>7</층><해제사유발생일> </해제사유발생일><해제여부> </해제여부></item><item><거래금액>    13,000</거래금액><거래유형>직거래</거래유형><건축년도>2014</건축년도><년>2022</년><도로명>천호대로176길</도로명><도로명건물본번호코드>00010</도로명건물본번호코드><도로명건물부번호코드>00010</도로명건물부번호코드><도로명시군구코드>11740</도로명시군구코드><도로명일련번호코드>01</도로명일련번호코드><도로명지상지하코드>0</도로명지상지하코드><도로명코드>4172386</도로명코드><법정동> 성내동</법정동><법정동본번코드>0244</법정동본번코드><법정동부번코드>0005</법정동부번코드><법정동시군구코드>11740</법정동시군구코드><법정동읍면동코드>10800</법정동읍면동코드><법정동지번코드>1</법정동지번코드><아파트>한양립스</아파트><월>11</월><일>7</일><일련번호>11740-3505</일련번호><전용면적>12.33</전용면적><중개사소재지> </중개사소재지><지번>244-5</지번><지역코드>11740</지역코드><층>7</층><해제사유발생일> </해제사유발생일><해제여부> </해제여부></item><item><거래금액>    85,000</거래금액><거래유형>중개거래</거래유형><건축년도>1999</건축년도><년>2022</년><도로명>풍성로</도로명><도로명건물본번호코드>00127</도로명건물본번호코드><도로명건물부번호코드>00000</도로명건물부번호코드><도로명시군구코드>11740</도로명시군구코드><도로명일련번호코드>02</도로명일련번호코드><도로명지상지하코드>0</도로명지상지하코드><도로명코드>3123024</도로명코드><법정동> 성내동</법정동><법정동본번코드>0590</법정동본번코드><법정동부번코드>0000</법정동부번코드><법정동시군구코드>11740</법정동시군구코드><법정동읍면동코드>10800</법정동읍면동코드><법정동지번코드>1</법정동지번코드><아파트>성내동삼성아파트</아파트><월>11</월><일>15</일><일련번호>11740-129</일련번호><전용면적>59.88</전용면적><중개사소재지>서울 강동구</중개사소재지><지번>590</지번><지역코드>11740</지역코드><층>11</층><해제사유발생일> </해제사유발생일><해제여부> </해제여부></item><item><거래금액>    29,500</거래금액><거래유형>중개거래</거래유형><건축년도>2017</건축년도><년>2022</년><도로명>구천면로</도로명><도로명건물본번호코드>00144</도로명건물본번호코드><도로명건물부번호코드>00000</도로명건물부번호코드><도로명시군구코드>11740</도로명시군구코드><도로명일련번호코드>00</도로명일련번호코드><도로명지상지하코드>0</도로명지상지하코드><도로명코드>3016054</도로명코드><법정동> 천호동</법정동><법정동본번코드>0467</법정동본번코드><법정동부번코드>0011</법정동부번코드><법정동시군구코드>11740</법정동시군구코드><법정동읍면동코드>10900</법정동읍면동코드><법정동지번코드>1</법정동지번코드><아파트>현진리버파크</아파트><월>11</월><일>10</일><일련번호>11740-4353</일련번호><전용면적>23.26</전용면적><중개사소재지>경기 양주시</중개사소재지><지번>467-11</지번><지역코드>11740</지역코드><층>4</층><해제사유발생일> </해제사유발생일><해제여부> </해제여부></item></items><numOfRows>999</numOfRows><pageNo>1</pageNo><totalCount>40</totalCount></body></response>