<?xml version="1.0" encoding="UTF-8" standalone="yes"?><response><header><resultCode>00</resultCode><resultMsg>NORMAL SERVICE.</resultMsg></header><body><items><item><거래금액>    74,000</거래금액><거래유형>중개거래</거래유형><건축년도>2004</건축년도><년>2022</년><도로명>테헤란로48길</도로명><도로명건물본번호코드>00010</도로명건물본번호코드><도로명건물부번호코드>00000</도로명건물부번호코드><도로명시군구코드>11680</도로명시군구코드><도로명일련번호코드>01</도로명일련번호코드><도로명지상지하코드>0</도로명지상지하코드><도로명코드>4166742</도로명코드><법정동> 역삼동</법정동><법정동본번코드>0707</법정동본번코드><법정동부번코드>0018</법정동부번코드><법정동시군구코드>11680</법정동시군구코드><법정동읍면동코드>10100</법정동읍면동코드><법정동지번코드>1</법정동지번코드><아파트>역삼우정에쉐르2</아파트><월>12</월><일>17</일><일련번호>11680-493</일련번호><전용면적>49.38</전용면적><중개사소재지>서울 강남구</중개사소재지><지번>707-18</지번><지역코드>11680</지역코드><층>9</층><해제사유발생일> </해제사유발생일><해제여부> </해제여부></item><item><거래금액>    32,000</거래금액><거래유형>중개거래</거래유형><건축년도>2002</건축년도><년>2022</년><도로명>언주로</도로명><도로명건물본번호코드>00427</도로명건물본번호코드><도로명건물부번호코드>00000</도로명건물부번호코드><도로명시군구코드>11680</도로명시군구코드><도로명일련번호코드>01</도로명일련번호코드><도로명지상지하코드>0</도로명지상지하코드><도로명코드>3005086</도로명코드><법정동> 역삼동</법정동><법정동본번코드>0720</법정동본번코드><법정동부번코드>0025</법정동부번코드><법정동시군구코드>11680</법정동시군구코드><법정동읍면동코드>10100</법정동읍면동코드><법정동지번코드>1</법정동지번코드><아파트>대우디오빌</아파트><월>12</월><일>20</일><일련번호>11680-275</일련번호><전용면적>39.13</전용면적><중개사소재지>서울 강남구</중개사소재지><지번>720-25</지번><지역코드>11680</지역코드><층>15</층><해제사유발생일> </해제사유발생일><해제여부> </해제여부></item><item><거래금액>    32,000</거래금액><거래유형>중개거래</거래유형><건축년도>2002</건축년도><년>2022</년><도로명>언주로</도로명><도로명건물본번호코드>00427</도로명건물본번호코드><도로명건물부번호코드>00000</도로명건물부번호코드><도로명시군구코드>11680</도로명시군구코드><도로명일련번호코드>01</도로명일련번호코드><도로명지상지하코드>0</도로명지상지하코드><도로명코드>3005086</도로명코드><법정동> 역삼동</법정동><법정동본번코드>0720</법정동본번코드><법정동부번코드>0025</법정동부번코드><법정동시군구코드>11680</법정동시군구코드><법정동읍면동코드>10100</법정동읍면동코드><법정동지번코드>1</법정동지번코드><아파트>대우디오빌</아파트><월>12</월><일>23</일><일련번호>11680-275</일련번호><전용면적>39.13</전용면적><중개사소재지>서울 강남구</중개사소재지><지번>720-25</지번><지역코드>11680</지역코드><층>15</층><해제사유발생일> </해제사유발생일><해제여부> </해제여부></item><item><거래금액>   290,000</거래금액><거래유형>중개거래</거래유형><건축년도>2022</건축년도><년>2022</년><도로명>테헤란로44길</도로명><도로명건물본번호코드>00026</도로명건물본번호코드><도로명건물부번호코드>00000</도로명건물부번호코드><도로명시군구코드>11680</도로명시군구코드><도로명일련번호코드>01</도로명일련번호코드><도로명코드>4166740</도로명코드><법정동> 역삼동</법정동><법정동본번코드>0902</법정동본번코드><법정동부번코드>0000</법정동부번코드><법정동시군구코드>11680</법정동시군구코드><법정동읍면동코드>10100</법정동읍면동코드><법정동지번코드>1</법정동지번코드><아파트>강남센트럴아이파크</아파트><월>12</월><일>28</일><일련번호>11680-5056</일련번호><전용면적>84.99</전용면적><중개사소재지>서울 강남구</중개사소재지><지번>902</지번><지역코드>11680</지역코드><층>19</층><해제사유발생일> </해제사유발생일><해제여부> </해제여부></item><item><거래금액>    70,000</거래금액><거래유형>직거래</거래유형><건축년도>2005</건축년도><년>2022</년><도로명>언주로103길</도로명><도로명건물본번호코드>00016</도로명건물본번호코드><도로명건물부번호코드>00000</도로명건물부번호코드><도로명시군구코드>11680</도로명시군구코드><도로명일련번호코드>01</도로명일련번호코드><도로명지상지하코드>0</도로명지상지하코드><도로명코드>4166559</도로명코드><법정동> 역삼동</법정동><법정동본번코드>0656</법정동본번코드><법정동부번코드>0030</법정동부번코드><법정동시군구코드>11680</법정동시군구코드><법정동읍면동코드>10100</법정동읍면동코드><법정동지번코드>1</법정동지번코드><아파트>역삼엔스위트1</아파트><월>12</월><일>29</일><일련번호>11680-593</일련번호><전용면적>90.15</전용면적><중개사소재지> </중개사소재지><지번>656-30</지번><지역코드>11680</지역코드><층>7</층><해제사유발생일> </해제사유발생일><해제여부> </해제여부></item><item><거래금액>    70,000</거래금액><거래유형>직거래</거래유형><건축년도>2005</건축년도><년>2022</년><도로명>언주로103길</도로명><도로명건물본번호코드>00016</도로명건물본번호코드><도로명건물부번호코드>00000</도로명건물부번호코드><도로명시군구코드>11680</도로명시군구코드><도로명일련번호코드>01</도로명일련번호코드><도로명지상지하코드>0</도로명지상지하코드><도로명코드>4166559</도로명코드><법정동> 역삼동</법정동><법정동본번코드>0656</법정동본번코드><법정동부번코드>0030</법정동부번코드><법정동시군구코드>11680</법정동시군구코드><법정동읍면동코드>10100</법정동읍면동코드><법정동지번코드>1</법정동지번코드><아파트>역삼엔스위트1</아파트><월>12</월><일>29</일><일련번호>11680-593</일련번호><전용면적>90.15</전용면적><중개사소재지> </중개사소재지><지번>656-30</지번><지역코드>11680</지역코드><층>7</층><해제사유발생일>23.01.03</해제사유발생일><해제여부>O</해제여부></item><item><거래금액>   241,000</거래금액><거래유형>중개거래</거래유형><건축년도>2019</건축년도><년>2022</년><도로명>선릉로</도로명><도로명건물본번호코드>00008</도로명건물본번호코드><도로명건물부번호코드>00000</도로명건물부번호코드><도로명시군구코드>11680</도로명시군구코드><도로명일련번호코드>00</도로명일련번호코드><도로명코드>3122006</도로명코드><법정동> 개포동</법정동><법정동본번코드>1280</법정동본번코드><법정동부번코드>0000</법정동부번코드><법정동시군구코드>11680</법정동시군구코드><법정동읍면동코드>10300</법정동읍면동코드><법정동지번코드>1</법정동지번코드><아파트>래미안블레스티지</아파트><월>12</월><일>5</일><일련번호>11680-4800</일련번호><전용면적>84.943</전용면적><중개사소재지>서울 강남구</중개사소재지><지번>1280</지번><지역코드>11680</지역코드><층>8</층><해제사유발생일> </해제사유발생일><해제여부> </해제여부></item><item><거래금액>   100,000</거래금액><거래유형>중개거래</거래유형><건축년도>1992</건축년도><년>2022</년><도로명>개포로109길</도로명><도로명건물본번호코드>00021</도로명건물본번호코드><도로명건물부번호코드>00000</도로명건물부번호코드><도로명시군구코드>11680</도로명시군구코드><도로명일련번호코드>01</도로명일련번호코드><도로명지상지하코드>0</도로명지상지하코드><도로명코드>4166040</도로명코드><법정동> 개포동</법정동><법정동본번코드>0012</법정동본번코드><법정동부번코드>0000</법정동부번코드><법정동시군구코드>11680</법정동시군구코드><법정동읍면동코드>10300</법정동읍면동코드><법정동지번코드>1</법정동지번코드><아파트>삼익대청아파트</아파트><월>12</월><일>16</일><일련번호>11680-279</일련번호><전용면적>51.12</전용면적><중개사소재지>서울 강남구</중개사소재지><지번>12</지번><지역코드>11680</지역코드><층>15</층><해제사유발생일> </해제사유발생일><해제여부> </해제여부></item><item><거래금액>   190,000</거래금액><거래유형>중개거래</거래유형><건축년도>1983</건축년도><년>2022</년><도로명>개포로</도로명><도로명건물본번호코드>00516</도로명건물본번호코드><도로명건물부번호코드>00000</도로명건물부번호코드><도로명시군구코드>11680</도로명시군구코드><도로명일련번호코드>01</도로명일련번호코드><도로명지상지하코드>0</도로명지상지하코드><도로명코드>3122001</도로명코드><법정동> 개포동</법정동><법정동본번코드>0185</법정동본번코드><법정동부번코드>0000</법정동부번코드><법정동시군구코드>11680</법정동시군구코드><법정동읍면동코드>10300</법정동읍면동코드><법정동지번코드>1</법정동지번코드><아파트>개포주공6단지</아파트><월>12</월><일>17</일><일련번호>11680-290</일련번호><전용면적>83.21</전용면적><중개사소재지>서울 강남구</중개사소재지><지번>185</지번><지역코드>11680</지역코드><층>3</층><해제사유발생일> </해제사유발생일><해제여부> </해제여부></item><item><거래금액>   220,000</거래금액><거래유형>중개거래</거래유형><건축년도>2019</건축년도><년>2022</년><도로명>삼성로</도로명><도로명건물본번호코드>00011</도로명건물본번호코드><도로명건물부번호코드>00000</도로명건물부번호코드><도로명시군구코드>11680</도로명시군구코드><도로명일련번호코드>01</도로명일련번호코드><도로명코드>3122005</도로명코드><법정동> 개포동</법정동><법정동본번코드>0138</법정동본번코드><법정동부번코드>0000</법정동부번코드><법정동시군구코드>11680</법정동시군구코드><법정동읍면동코드>10300</법정동읍면동코드><법정동지번코드>1</법정동지번코드><아파트>디에이치아너힐즈</아파트><월>12</월><일>22</일><일련번호>11680-4850</일련번호><전용면적>76.1709</전용면적><중개사소재지>서울 강남구</중개사소재지><지번>138</지번><지역코드>11680</지역코드><층>24</층><해제사유발생일> </해제사유발생일><해제여부> </해제여부></item><item><거래금액>   104,000</거래금액><거래유형>중개거래</거래유형><건축년도>1992</건축년도><년>2022</년><도로명>개포로109길</도로명><도로명건물본번호코드>00009</도로명건물본번호코드><도로명건물부번호코드>00000</도로명건물부번호코드><도로명시군구코드>11680</도로명시군구코드><도로명일련번호코드>01</도로명일련번호코드><도로명지상지하코드>0</도로명지상지하코드><도로명코드>4166040</도로명코드><법정동> 개포동</법정동><법정동본번코드>0012</법정동본번코드><법정동부번코드>0000</법정동부번코드><법정동시군구코드>11680</법정동시군구코드><법정동읍면동코드>10300</법정동읍면동코드><법정동지번코드>1</법정동지번코드><아파트>성원대치2단지아파트</아파트><월>12</월><일>23</일><일련번호>11680-280</일련번호><전용면적>49.86</전용면적><중개사소재지>서울 강남구</중개사소재지><지번>12</지번><지역코드>11680</지역코드><층>4</층><해제사유발생일> </해제사유발생일><해제여부> </해제여부></item><item><거래금액>   104,000</거래금액><거래유형>중개거래</거래유형><건축년도>1992</건축년도><년>2022</년><도로명>개포로109길</도로명><도로명건물본번호코드>00009</도로명건물본번호코드><도로명건물부번호코드>00000</도로명건물부번호코드><도로명시군구코드>11680</도로명시군구코드><도로명일련번호코드>01</도로명일련번호코드><도로명지상지하코드>0</도로명지상지하코드><도로명코드>4166040</도로명코드><법정동> 개포동</법정동><법정동본번코드>0012</법정동본번코드><법정동부번코드>0000</법정동부번코드><법정동시군구코드>11680</법정동시군구코드><법정동읍면동코드>10300</법정동읍면동코드><법정동지번코드>1</법정동지번코드><아파트>성원대치2단지아파트</아파트><월>12</월><일>23</일><일련번호>11680-280</일련번호><전용면적>49.86</전용면적><중개사소재지>서울 강남구</중개사소재지><지번>12</지번><지역코드>11680</지역코드><층>4</층><해제사유발생일>23.01.12</해제사유발생일><해제여부>O</해제여부></item><item><거래금액>   120,000</거래금액><거래유형>중개거래</거래유형><건축년도>1997</건축년도><년>2022</년><도로명>삼성로133길</도로명><도로명건물본번호코드>00020</도로명건물본번호코드><도로명건물부번호코드>00000</도로명건물부번호코드><도로명시군구코드>11680</도로명시군구코드><도로명일련번호코드>01</도로명일련번호코드><도로명지상지하코드>0</도로명지상지하코드><도로명코드>4166400</도로명코드><법정동> 청담동</법정동><법정동본번코드>0033</법정동본번코드><법정동부번코드>0000</법정동부번코드><법정동시군구코드>11680</법정동시군구코드><법정동읍면동코드>10400</법정동읍면동코드><법정동지번코드>1</법정동지번코드><아파트>청담동삼성1차(101동)</아파트><월>12</월><일>22</일><일련번호>11680-32</일련번호><전용면적>59.4</전용면적><중개사소재지>서울 강남구</중개사소재지><지번>33</지번><지역코드>11680</지역코드><층>1</층><해제사유발생일> </해제사유발생일><해제여부> </해제여부></item><item><거래금액>    90,000</거래금액><거래유형>중개거래</거래유형><건축년도>2005</건축년도><년>2022</년><도로명>도산대로</도로명><도로명건물본번호코드>00454</도로명건물본번호코드><도로명건물부번호코드>00000</도로명건물부번호코드><도로명시군구코드>11680</도로명시군구코드><도로명일련번호코드>01</도로명일련번호코드><도로명지상지하코드>0</도로명지상지하코드><도로명코드>2122001</도로명코드><법정동> 청담동</법정동><법정동본번코드>0005</법정동본번코드><법정동부번코드>0025</법정동부번코드><법정동시군구코드>11680</법정동시군구코드><법정동읍면동코드>10400</법정동읍면동코드><법정동지번코드>1</법정동지번코드><아파트>휴먼스타빌</아파트><월>12</월><일>27</일><일련번호>11680-3574</일련번호><전용면적>35.905</전용면적><중개사소재지>서울 강남구</중개사소재지><지번>5-25</지번><지역코드>11680</지역코드><층>22</층><해제사유발생일> </해제사유발생일><해제여부> </해제여부></item><item><거래금액>   208,000</거래금액><거래유형>중개거래</거래유형><건축년도>2018</건축년도><년>2022</년><도로명>삼성로</도로명><도로명건물본번호코드>00629</도로명건물본번호코드><도로명건물부번호코드>00000</도로명건물부번호코드><도로명시군구코드>11680</도로명시군구코드><도로명일련번호코드>00</도로명일련번호코드><도로명코드>3122005</도로명코드><법정동> 삼성동</법정동><법정동본번코드>0188</법정동본번코드><법정동부번코드>0000</법정동부번코드><법정동시군구코드>11680</법정동시군구코드><법정동읍면동코드>10500</법정동읍면동코드><법정동지번코드>1</법정동지번코드><아파트>삼성동센트럴아이파크</아파트><월>12</월><일>13</일><일련번호>11680-4718</일련번호><전용면적>59.96</전용면적><중개사소재지>서울 강남구</중개사소재지><지번>188</지번><지역코드>11680</지역코드><층>20</층><해제사유발생일> </해제사유발생일><해제여부> </해제여부></item><item><거래금액>   235,000</거래금액><거래유형>중개거래</거래유형><건축년도>2008</건축년도><년>2022</년><도로명>삼성로111길</도로명><도로명건물본번호코드>00008</도로명건물본번호코드><도로명건물부번호코드>00000</도로명건물부번호코드><도로명시군구코드>11680</도로명시군구코드><도로명일련번호코드>01</도로명일련번호코드><도로명지상지하코드>0</도로명지상지하코드><도로명코드>4166392</도로명코드><법정동> 삼성동</법정동><법정동본번코드>0050</법정동본번코드><법정동부번코드>0000</법정동부번코드><법정동시군구코드>11680</법정동시군구코드><법정동읍면동코드>10500</법정동읍면동코드><법정동지번코드>1</법정동지번코드><아파트>현대힐스테이트2단지</아파트><월>12</월><일>30</일><일련번호>11680-3830</일련번호><전용면적>84.236</전용면적><중개사소재지>서울 강남구</중개사소재지><지번>50</지번><지역코드>11680</지역코드><층>3</층><해제사유발생일> </해제사유발생일><해제여부> </해제여부></item><item><거래금액>   185,000</거래금액><거래유형>중개거래</거래유형><건축년도>1979</건축년도><년>2022</년><도로명>삼성로</도로명><도로명건물본번호코드>00212</도로명건물본번호코드><도로명건물부번호코드>00000</도로명건물부번호코드><도로명시군구코드>11680</도로명시군구코드><도로명일련번호코드>04</도로명일련번호코드><도로명지상지하코드>0</도로명지상지하코드><도로명코드>3122005</도로명코드><법정동> 대치동</법정동><법정동본번코드>0316</법정동본번코드><법정동부번코드>0000</법정동부번코드><법정동시군구코드>11680</법정동시군구코드><법정동읍면동코드>10600</법정동읍면동코드><법정동지번코드>1</법정동지번코드><아파트>은마</아파트><월>12</월><일>3</일><일련번호>11680-218</일련번호><전용면적>76.79</전용면적><중개사소재지>서울 강남구</중개사소재지><지번>316</지번><지역코드>11680</지역코드><층>4</층><해제사유발생일> </해제사유발생일><해제여부> </해제여부></item><item><거래금액>   189,500</거래금액><거래유형>중개거래</거래유형><건축년도>1979</건축년도><년>2022</년><도로명>삼성로</도로명><도로명건물본번호코드>00212</도로명건물본번호코드><도로명건물부번호코드>00000</도로명건물부번호코드><도로명시군구코드>11680</도로명시군구코드><도로명일련번호코드>04</도로명일련번호코드><도로명지상지하코드>0</도로명지상지하코드><도로명코드>3122005</도로명코드><법정동> 대치동</법정동><법정동본번코드>0316</법정동본번코드><법정동부번코드>0000</법정동부번코드><법정동시군구코드>11680</법정동시군구코드><법정동읍면동코드>10600</법정동읍면동코드><법정동지번코드>1</법정동지번코드><아파트>은마</아파트><월>12</월><일>5</일><일련번호>11680-218</일련번호><전용면적>76.79</전용면적><중개사소재지>서울 강남구</중개사소재지><지번>316</지번><지역코드>11680</지역코드><층>6</층><해제사유발생일> </해제사유발생일><해제여부> </해제여부></item><item><거래금액>   187,000</거래금액><거래유형>중개거래</거래유형><건축년도>1979</건축년도><년>2022</년><도로명>삼성로</도로명><도로명건물본번호코드>00212</도로명건물본번호코드><도로명건물부번호코드>00000</도로명건물부번호코드><도로명시군구코드>11680</도로명시군구코드><도로명일련번호코드>04</도로명일련번호코드><도로명지상지하코드>0</도로명지상지하코드><도로명코드>3122005</도로명코드><법정동> 대치동</법정동><법정동본번코드>0316</법정동본번코드><법정동부번코드>0000</법정동부번코드><법정동시군구코드>11680</법정동시군구코드><법정동읍면동코드>10600</법정동읍면동코드><법정동지번코드>1</법정동지번코드><아파트>은마</아파트><월>12</월><일>6</일><일련번호>11680-218</일련번호><전용면적>76.79</전용면적><중개사소재지>서울 강남구</중개사소재지><지번>316</지번><지역코드>11680</지역코드><층>5</층><해제사유발생일> </해제사유발생일><해제여부> </해제여부></item><item><거래금액>   189,000</거래금액><거래유형>중개거래</거래유형><건축년도>1979</건축년도><년>2022</년><도로명>삼성로</도로명><도로명건물본번호코드>00212</도로명건물본번호코드><도로명건물부번호코드>00000</도로명건물부번호코드><도로명시군구코드>11680</도로명시군구코드><도로명일련번호코드>04</도로명일련번호코드><도로명지상지하코드>0</도로명지상지하코드><도로명코드>3122005</도로명코드><법정동> 대치동</법정동><법정동본번코드>0316</법정동본번코드><법정동부번코드>0000</법정동부번코드><법정동시군구코드>11680</법정동시군구코드><법정동읍면동코드>10600</법정동읍면동코드><법정동지번코드>1</법정동지번코드><아파트>은마</아파트><월>12</월><일>16</일><일련번호>11680-218</일련번호><전용면적>76.79</전용면적><중개사소재지>서울 강남구</중개사소재지><지번>316</지번><지역코드>11680</지역코드><층>10</층><해제사유발생일> </해제사유발생일><해제여부> </해제여부></item><item><거래금액>   190,000</거래금액><거래유형>중개거래</거래유형><건축년도>1979</건축년도><년>2022</년><도로명>삼성로</도로명><도로명건물본번호코드>00212</도로명건물본번호코드><도로명건물부번호코드>00000</도로명건물부번호코드><도로명시군구코드>11680</도로명시군구코드><도로명일련번호코드>04</도로명일련번호코드><도로명지상지하코드>0</도로명지상지하코드><도로명코드>3122005</도로명코드><법정동> 대치동</법정동><법정동본번코드>0316</법정동본번코드><법정동부번코드>0000</법정동부번코드><법정동시군구코드>11680</법정동시군구코드><법정동읍면동코드>10600</법정동읍면동코드><법정동지번코드>1</법정동지번코드><아파트>은마</아파트><월>12</월><일>22</일><일련번호>11680-218</일련번호><전용면적>76.79</전용면적><중개사소재지>서울 강남구</중개사소재지><지번>316</지번><지역코드>11680</지역코드><층>12</층><해제사유발생일> </해제사유발생일><해제여부> </해제여부></item><item><거래금액>   182,500</거래금액><거래유형>중개거래</거래유형><건축년도>1979</건축년도><년>2022</년><도로명>삼성로</도로명><도로명건물본번호코드>00212</도로명건물본번호코드><도로명건물부번호코드>00000</도로명건물부번호코드><도로명시군구코드>11680</도로명시군구코드><도로명일련번호코드>04</도로명일련번호코드><도로명지상지하코드>0</도로명지상지하코드><도로명코드>3122005</도로명코드><법정동> 대치동</법정동><법정동본번코드>0316</법정동본번코드><법정동부번코드>0000</법정동부번코드><법정동시군구코드>11680</법정동시군구코드><법정동읍면동코드>10600</법정동읍면동코드><법정동지번코드>1</법정동지번코드><아파트>은마</아파트><월>12</월><일>23</일><일련번호>11680-218</일련번호><전용면적>76.79</전용면적><중개사소재지>서울 강남구</중개사소재지><지번>316</지번><지역코드>11680</지역코드><층>14</층><해제사유발생일> </해제사유발생일><해제여부> </해제여부></item><item><거래금액>   220,000</거래금액><거래유형>중개거래</거래유형><건축년도>1979</건축년도><년>2022</년><도로명>삼성로</도로명><도로명건물본번호코드>00212</도로명건물본번호코드><도로명건물부번호코드>00000</도로명건물부번호코드><도로명시군구코드>11680</도로명시군구코드><도로명일련번호코드>04</도로명일련번호코드><도로명지상지하코드>0</도로명지상지하코드><도로명코드>3122005</도로명코드><법정동> 대치동</법정동><법정동본번코드>0316</법정동본번코드><법정동부번코드>0000</법정동부번코드><법정동시군구코드>11680</법정동시군구코드><법정동읍면동코드>10600</법정동읍면동코드><법정동지번코드>1</법정동지번코드><아파트>은마</아파트><월>12</월><일>24</일><일련번호>11680-218</일련번호><전용면적>84.43</전용면적><중개사소재지>서울 강남구</중개사소재지><지번>316</지번><지역코드>11680</지역코드><층>10</층><해제사유발생일> </해제사유발생일><해제여부> </해제여부></item><item><거래금액>   231,000</거래금액><거래유형>중개거래</거래유형><건축년도>1979</건축년도><년>2022</년><도로명>삼성로</도로명><도로명건물본번호코드>00212</도로명건물본번호코드><도로명건물부번호코드>00000</도로명건물부번호코드><도로명시군구코드>11680</도로명시군구코드><도로명일련번호코드>04</도로명일련번호코드><도로명지상지하코드>0</도로명지상지하코드><도로명코드>3122005</도로명코드><법정동> 대치동</법정동><법정동본번코드>0316</법정동본번코드><법정동부번코드>0000</법정동부번코드><법정동시군구코드>11680</법정동시군구코드><법정동읍면동코드>10600</법정동읍면동코드><법정동지번코드>1</법정동지번코드><아파트>은마</아파트><월>12</월><일>26</일><일련번호>11680-218</일련번호><전용면적>84.43</전용면적><중개사소재지>서울 강남구</중개사소재지><지번>316</지번><지역코드>11680</지역코드><층>8</층><해제사유발생일> </해제사유발생일><해제여부> </해제여부></item><item><거래금액>   182,000</거래금액><거래유형>중개거래</거래유형><건축년도>1979</건축년도><년>2022</년><도로명>삼성로</도로명><도로명건물본번호코드>00212</도로명건물본번호코드><도로명건물부번호코드>00000</도로명건물부번호코드><도로명시군구코드>11680</도로명시군구코드><도로명일련번호코드>04</도로명일련번호코드><도로명지상지하코드>0</도로명지상지하코드><도로명코드>3122005</도로명코드><법정동> 대치동</법정동><법정동본번코드>0316</법정동본번코드><법정동부번코드>0000</법정동부번코드><법정동시군구코드>11680</법정동시군구코드><법정동읍면동코드>10600</법정동읍면동코드><법정동지번코드>1</법정동지번코드><아파트>은마</아파트><월>12</월><일>28</일><일련번호>11680-218</일련번호><전용면적>76.79</전용면적><중개사소재지>서울 강남구, 서울 송파구</중개사소재지><지번>316</지번><지역코드>11680</지역코드><층>8</층><해제사유발생일> </해제사유발생일><해제여부> </해제여부></item><item><거래금액>   184,500</거래금액><거래유형>중개거래</거래유형><건축년도>1979</건축년도><년>2022</년><도로명>삼성로</도로명><도로명건물본번호코드>00212</도로명건물본번호코드><도로명건물부번호코드>00000</도로명건물부번호코드><도로명시군구코드>11680</도로명시군구코드><도로명일련번호코드>04</도로명일련번호코드><도로명지상지하코드>0</도로명지상지하코드><도로명코드>3122005</도로명코드><법정동> 대치동</법정동><법정동본번코드>0316</법정동본번코드><법정동부번코드>0000</법정동부번코드><법정동시군구코드>11680</법정동시군구코드><법정동읍면동코드>10600</법정동읍면동코드><법정동지번코드>1</법정동지번코드><아파트>은마</아파트><월>12</월><일>30</일><일련번호>11680-218</일련번호><전용면적>76.79</전용면적><중개사소재지>서울 강남구</중개사소재지><지번>316</지번><지역코드>11680</지역코드><층>2</층><해제사유발생일> </해제사유발생일><해제여부> </해제여부></item><item><거래금액>   290,000</거래금액><거래유형>중개거래</거래유형><건축년도>2004</건축년도><년>2022</년><도로명>삼성로</도로명><도로명건물본번호코드>00417</도로명건물본번호코드><도로명건물부번호코드>00000</도로명건물부번호코드><도로명시군구코드>11680</도로명시군구코드><도로명일련번호코드>04</도로명일련번호코드><도로명지상지하코드>0</도로명지상지하코드><도로명코드>3122005</도로명코드><법정동> 대치동</법정동><법정동본번코드>0902</법정동본번코드><법정동부번코드>0000</법정동부번코드><법정동시군구코드>11680</법정동시군구코드><법정동읍면동코드>10600</법정동읍면동코드><법정동지번코드>1</법정동지번코드><아파트>포스코더샵</아파트><월>12</월><일>30</일><일련번호>11680-532</일련번호><전용면적>139.54</전용면적><중개사소재지>서울 강남구</중개사소재지><지번>902</지번><지역코드>11680</지역코드><층>11</층><해제사유발생일> </해제사유발생일><해제여부> </해제여부></item><item><거래금액>   184,000</거래금액><거래유형>중개거래</거래유형><건축년도>1979</건축년도><년>2022</년><도로명>삼성로</도로명><도로명건물본번호코드>00212</도로명건물본번호코드><도로명건물부번호코드>00000</도로명건물부번호코드><도로명시군구코드>11680</도로명시군구코드><도로명일련번호코드>04</도로명일련번호코드><도로명지상지하코드>0</도로명지상지하코드><도로명코드>3122005</도로명코드><법정동> 대치동</법정동><법정동본번코드>0316</법정동본번코드><법정동부번코드>0000</법정동부번코드><법정동시군구코드>11680</법정동시군구코드><법정동읍면동코드>10600</법정동읍면동코드><법정동지번코드>1</법정동지번코드><아파트>은마</아파트><월>12</월><일>31</일><일련번호>11680-218</일련번호><전용면적>76.79</전용면적><중개사소재지>서울 강남구</중개사소재지><지번>316</지번><지역코드>11680</지역코드><층>2</층><해제사유발생일> </해제사유발생일><해제여부> </해제여부></item><item><거래금액>    98,000</거래금액><거래유형>중개거래</거래유형><건축년도>1974</건축년도><년>2022</년><도로명>압구정로2길</도로명><도로명건물본번호코드>00046</도로명건물본번호코드><도로명건물부번호코드>00000</도로명건물부번호코드><도로명시군구코드>11680</도로명시군구코드><도로명일련번호코드>01</도로명일련번호코드><도로명지상지하코드>0</도로명지상지하코드><도로명코드>4166515</도로명코드><법정동> 신사동</법정동><법정동본번코드>0510</법정동본번코드><법정동부번코드>0011</법정동부번코드><법정동시군구코드>11680</법정동시군구코드><법정동읍면동코드>10700</법정동읍면동코드><법정동지번코드>1</법정동지번코드><아파트>강남상가</아파트><월>12</월><일>3</일><일련번호>11680-1</일련번호><전용면적>92.36</전용면적><중개사소재지>서울 강남구</중개사소재지><지번>510-11</지번><지역코드>11680</지역코드><층>9</층><해제사유발생일> </해제사유발생일><해제여부> </해제여부></item><item><거래금액>   165,000</거래금액><거래유형>중개거래</거래유형><건축년도>2004</건축년도><년>2022</년><도로명>압구정로14길</도로명><도로명건물본번호코드>00016</도로명건물본번호코드><도로명건물부번호코드>00000</도로명건물부번호코드><도로명시군구코드>11680</도로명시군구코드><도로명일련번호코드>01</도로명일련번호코드><도로명지상지하코드>0</도로명지상지하코드><도로명코드>4166509</도로명코드><법정동> 신사동</법정동><법정동본번코드>0547</법정동본번코드><법정동부번코드>0007</법정동부번코드><법정동시군구코드>11680</법정동시군구코드><법정동읍면동코드>10700</법정동읍면동코드><법정동지번코드>1</법정동지번코드><아파트>유로미아파트A동</아파트><월>12</월><일>5</일><일련번호>11680-541</일련번호><전용면적>111.62</전용면적><중개사소재지>서울 강남구</중개사소재지><지번>547-7</지번><지역코드>11680</지역코드><층>3</층><해제사유발생일> </해제사유발생일><해제여부> </해제여부></item><item><거래금액>   400,000</거래금액><거래유형>중개거래</거래유형><건축년도>1987</건축년도><년>2022</년><도로명>압구정로</도로명><도로명건물본번호코드>00113</도로명건물본번호코드><도로명건물부번호코드>00000</도로명건물부번호코드><도로명시군구코드>11680</도로명시군구코드><도로명일련번호코드>03</도로명일련번호코드><도로명지상지하코드>0</도로명지상지하코드><도로명코드>3122007</도로명코드><법정동> 압구정동</법정동><법정동본번코드>0397</법정동본번코드><법정동부번코드>0000</법정동부번코드><법정동시군구코드>11680</법정동시군구코드><법정동읍면동코드>11000</법정동읍면동코드><법정동지번코드>1</법정동지번코드><아파트>미성2차</아파트><월>12</월><일>19</일><일련번호>11680-20</일련번호><전용면적>140.9</전용면적><중개사소재지>서울 강남구</중개사소재지><지번>397</지번><지역코드>11680</지역코드><층>11</층><해제사유발생일> </해제사유발생일><해제여부> </해제여부></item><item><거래금액>   450,000</거래금액><거래유형>중개거래</거래유형><건축년도>1978</건축년도><년>2022</년><도로명>압구정로</도로명><도로명건물본번호코드>00201</도로명건물본번호코드><도로명건물부번호코드>00000</도로명건물부번호코드><도로명시군구코드>11680</도로명시군구코드><도로명일련번호코드>03</도로명일련번호코드><도로명지상지하코드>0</도로명지상지하코드><도로명코드>3122007</도로명코드><법정동> 압구정동</법정동><법정동본번코드>0456</법정동본번코드><법정동부번코드>0000</법정동부번코드><법정동시군구코드>11680</법정동시군구코드><법정동읍면동코드>11000</법정동읍면동코드><법정동지번코드>1</법정동지번코드><아파트>현대6차(78~81,83,84,86,87동)</아파트><월>12</월><일>26</일><일련번호>11680-420</일련번호><전용면적>157.36</전용면적><중개사소재지>서울 강남구</중개사소재지><지번>456</지번><지역코드>11680</지역코드><층>14</층><해제사유발생일> </해제사유발생일><해제여부> </해제여부></item><item><거래금액>   430,000</거래금액><거래유형>중개거래</거래유형><건축년도>1978</건축년도><년>2022</년><도로명>압구정로</도로명><도로명건물본번호코드>00201</도로명건물본번호코드><도로명건물부번호코드>00000</도로명건물부번호코드><도로명시군구코드>11680</도로명시군구코드><도로명일련번호코드>03</도로명일련번호코드><도로명지상지하코드>0</도로명지상지하코드><도로명코드>3122007</도로명코드><법정동> 압구정동</법정동><법정동본번코드>0456</법정동본번코드><법정동부번코드>0000</법정동부번코드><법정동시군구코드>11680</법정동시군구코드><법정동읍면동코드>11000</법정동읍면동코드><법정동지번코드>1</법정동지번코드><아파트>현대6차(78~81,83,84,86,87동)</아파트><월>12</월><일>30</일><일련번호>11680-420</일련번호><전용면적>144.2</전용면적><중개사소재지>서울 강남구</중개사소재지><지번>456</지번><지역코드>11680</지역코드><층>8</층><해제사유발생일> </해제사유발생일><해제여부> </해제여부></item><item><거래금액>   175,000</거래금액><거래유형>중개거래</거래유형><건축년도>2014</건축년도><년>2022</년><도로명>자곡로</도로명><도로명건물본번호코드>00260</도로명건물본번호코드><도로명건물부번호코드>00000</도로명건물부번호코드><도로명시군구코드>11680</도로명시군구코드><도로명일련번호코드>02</도로명일련번호코드><도로명지상지하코드>0</도로명지상지하코드><도로명코드>3122014</도로명코드><법정동> 자곡동</법정동><법정동본번코드>0686</법정동본번코드><법정동부번코드>0000</법정동부번코드><법정동시군구코드>11680</법정동시군구코드><법정동읍면동코드>11200</법정동읍면동코드><법정동지번코드>1</법정동지번코드><아파트>강남한양수자인(4단지)</아파트><월>12</월><일>2</일><일련번호>11680-4298</일련번호><전용면적>114.32</전용면적><중개사소재지>서울 강남구</중개사소재지><지번>686</지번><지역코드>11680</지역코드><층>10</층><해제사유발생일> </해제사유발생일><해제여부> </해제여부></item><item><거래금액>   131,000</거래금액><거래유형>중개거래</거래유형><건축년도>1994</건축년도><년>2022</년><도로명>일원로14길</도로명><도로명건물본번호코드>00025</도로명건물본번호코드><도로명건물부번호코드>00000</도로명건물부번호코드><도로명시군구코드>11680</도로명시군구코드><도로명일련번호코드>00</도로명일련번호코드><도로명코드>4166705</도로명코드><법정동> 일원동</법정동><법정동본번코드>0719</법정동본번코드><법정동부번코드>0000</법정동부번코드><법정동시군구코드>11680</법정동시군구코드><법정동읍면동코드>11400</법정동읍면동코드><법정동지번코드>1</법정동지번코드><아파트>푸른마을아파트101동~111동</아파트><월>12</월><일>7</일><일련번호>11680-308</일련번호><전용면적>59.76</전용면적><중개사소재지>서울 강남구</중개사소재지><지번>719</지번><지역코드>11680</지역코드><층>10</층><해제사유발생일> </해제사유발생일><해제여부> </해제여부></item><item><거래금액>   210,000</거래금액><거래유형>중개거래</거래유형><건축년도>1993</건축년도><년>2022</년><도로명>광평로19길</도로명><도로명건물본번호코드>00015</도로명건물본번호코드><도로명건물부번호코드>00000</도로명건물부번호코드><도로명시군구코드>11680</도로명시군구코드><도로명일련번호코드>01</도로명일련번호코드><도로명지상지하코드>0</도로명지상지하코드><도로명코드>4166071</도로명코드><법정동> 일원동</법정동><법정동본번코드>0716</법정동본번코드><법정동부번코드>0000</법정동부번코드><법정동시군구코드>11680</법정동시군구코드><법정동읍면동코드>11400</법정동읍면동코드><법정동지번코드>1</법정동지번코드><아파트>목련타운</아파트><월>12</월><일>9</일><일련번호>11680-301</일련번호><전용면적>134.71</전용면적><중개사소재지>서울 강남구</중개사소재지><지번>716</지번><지역코드>11680</지역코드><층>14</층><해제사유발생일>23.02.25</해제사유발생일><해제여부>O</해제여부></item><item><거래금액>   227,000</거래금액><거래유형>중개거래</거래유형><건축년도>1993</건축년도><년>2022</년><도로명>광평로19길</도로명><도로명건물본번호코드>00015</도로명건물본번호코드><도로명건물부번호코드>00000</도로명건물부번호코드><도로명시군구코드>11680</도로명시군구코드><도로명일련번호코드>01</도로명일련번호코드><도로명지상지하코드>0</도로명지상지하코드><도로명코드>4166071</도로명코드><법정동> 일원동</법정동><법정동본번코드>0716</법정동본번코드><법정동부번코드>0000</법정동부번코드><법정동시군구코드>11680</법정동시군구코드><법정동읍면동코드>11400</법정동읍면동코드><법정동지번코드>1</법정동지번코드><아파트>목련타운</아파트><월>12</월><일>12</일><일련번호>11680-301</일련번호><전용면적>134.71</전용면적><중개사소재지>서울 강남구</중개사소재지><지번>716</지번><지역코드>11680</지역코드><층>6</층><해제사유발생일> </해제사유발생일><해제여부> </해제여부></item><item><거래금액>    95,000</거래금액><거래유형>중개거래</거래유형><건축년도>1992</건축년도><년>2022</년><도로명>광평로47길</도로명><도로명건물본번호코드>00017</도로명건물본번호코드><도로명건물부번호코드>00000</도로명건물부번호코드><도로명시군구코드>11680</도로명시군구코드><도로명일련번호코드>01</도로명일련번호코드><도로명지상지하코드>0</도로명지상지하코드><도로명코드>4166080</도로명코드><법정동> 수서동</법정동><법정동본번코드>0736</법정동본번코드><법정동부번코드>0000</법정동부번코드><법정동시군구코드>11680</법정동시군구코드><법정동읍면동코드>11500</법정동읍면동코드><법정동지번코드>1</법정동지번코드><아파트>신동아</아파트><월>12</월><일>10</일><일련번호>11680-319</일련번호><전용면적>39.51</전용면적><중개사소재지>서울 강남구</중개사소재지><지번>736</지번><지역코드>11680</지역코드><층>13</층><해제사유발생일> </해제사유발생일><해제여부> </해제여부></item><item><거래금액>   260,000</거래금액><거래유형>중개거래</거래유형><건축년도>1999</건축년도><년>2022</년><도로명>언주로30길</도로명><도로명건물본번호코드>00013</도로명건물본번호코드><도로명건물부번호코드>00000</도로명건물부번호코드><도로명시군구코드>11680</도로명시군구코드><도로명일련번호코드>01</도로명일련번호코드><도로명지상지하코드>0</도로명지상지하코드><도로명코드>4166604</도로명코드><법정동> 도곡동</법정동><법정동본번코드>0467</법정동본번코드><법정동부번코드>0006</법정동부번코드><법정동시군구코드>11680</법정동시군구코드><법정동읍면동코드>11800</법정동읍면동코드><법정동지번코드>1</법정동지번코드><아파트>대림아크로빌</아파트><월>12</월><일>9</일><일련번호>11680-323</일련번호><전용면적>177.255</전용면적><중개사소재지>서울 강남구</중개사소재지><지번>467-6</지번><지역코드>11680</지역코드><층>22</층><해제사유발생일> </해제사유발생일><해제여부> </해제여부></item><item><거래금액>   260,000</거래금액><거래유형>중개거래</거래유형><건축년도>1999</건축년도><년>2022</년><도로명>언주로30길</도로명><도로명건물본번호코드>00013</도로명건물본번호코드><도로명건물부번호코드>00000</도로명건물부번호코드><도로명시군구코드>11680</도로명시군구코드><도로명일련번호코드>01</도로명일련번호코드><도로명지상지하코드>0</도로명지상지하코드><도로명코드>4166604</도로명코드><법정동> 도곡동</법정동><법정동본번코드>0467</법정동본번코드><법정동부번코드>0006</법정동부번코드><법정동시군구코드>11680</법정동시군구코드><법정동읍면동코드>11800</법정동읍면동코드><법정동지번코드>1</법정동지번코드><아파트>대림아크로빌</아파트><월>12</월><일>15</일><일련번호>11680-323</일련번호><전용면적>172.467</전용면적><중개사소재지>서울 강남구</중개사소재지><지번>467-6</지번><지역코드>11680</지역코드><층>31</층><해제사유발생일> </해제사유발생일><해제여부> </해제여부></item><item><거래금액>    96,500</거래금액><거래유형>중개거래</거래유형><건축년도>2003</건축년도><년>2022</년><도로명>도곡로6길</도로명><도로명건물본번호코드>00018</도로명건물본번호코드><도로명건물부번호코드>00000</도로명건물부번호코드><도로명시군구코드>11680</도로명시군구코드><도로명일련번호코드>01</도로명일련번호코드><도로명지상지하코드>0</도로명지상지하코드><도로명코드>4166241</도로명코드><법정동> 도곡동</법정동><법정동본번코드>0944</법정동본번코드><법정동부번코드>0006</법정동부번코드><법정동시군구코드>11680</법정동시군구코드><법정동읍면동코드>11800</법정동읍면동코드><법정동지번코드>1</법정동지번코드><아파트>대명비발디</아파트><월>12</월><일>17</일><일련번호>11680-708</일련번호><전용면적>77.61</전용면적><중개사소재지>서울 강남구</중개사소재지><지번>944-6</지번><지역코드>11680</지역코드><층>6</층><해제사유발생일> </해제사유발생일><해제여부> </해제여부></item><item><거래금액>   183,000</거래금액><거래유형>중개거래</거래유형><건축년도>2010</건축년도><년>2022</년><도로명>남부순환로373길</도로명><도로명건물본번호코드>00003</도로명건물본번호코드><도로명건물부번호코드>00000</도로명건물부번호코드><도로명시군구코드>11680</도로명시군구코드><도로명일련번호코드>01</도로명일련번호코드><도로명지상지하코드>0</도로명지상지하코드><도로명코드>4166096</도로명코드><법정동> 도곡동</법정동><법정동본번코드>0199</법정동본번코드><법정동부번코드>0004</법정동부번코드><법정동시군구코드>11680</법정동시군구코드><법정동읍면동코드>11800</법정동읍면동코드><법정동지번코드>1</법정동지번코드><아파트>도곡지웰카운티101동</아파트><월>12</월><일>17</일><일련번호>11680-3879</일련번호><전용면적>107.11</전용면적><중개사소재지>서울 강남구</중개사소재지><지번>199-4</지번><지역코드>11680</지역코드><층>1</층><해제사유발생일> </해제사유발생일><해제여부> </해제여부></item></items><numOfRows>999</numOfRows><pageNo>1</pageNo><totalCount>42</totalCount></body></response>