<?xml version="1.0" encoding="UTF-8" standalone="yes"?><response><header><resultCode>00</resultCode><resultMsg>NORMAL SERVICE.</resultMsg></header><body><items><item><거래금액>   123,000</거래금액><거래유형>중개거래</거래유형><건축년도>2005</건축년도><년>2022</년><도로명>공항대로65길</도로명><도로명건물본번호코드>00021</도로명건물본번호코드><도로명건물부번호코드>00000</도로명건물부번호코드><도로명시군구코드>11500</도로명시군구코드><도로명일련번호코드>01</도로명일련번호코드><도로명지상지하코드>0</도로명지상지하코드><도로명코드>4145213</도로명코드><법정동> 염창동</법정동><법정동본번코드>0272</법정동본번코드><법정동부번코드>0011</법정동부번코드><법정동시군구코드>11500</법정동시군구코드><법정동읍면동코드>10100</법정동읍면동코드><법정동지번코드>1</법정동지번코드><아파트>롯데캐슬</아파트><월>9</월><일>19</일><일련번호>11500-464</일련번호><전용면적>84.9519</전용면적><중개사소재지>서울 강서구</중개사소재지><지번>272-11</지번><지역코드>11500</지역코드><층>5</층><해제사유발생일> </해제사유발생일><해제여부> </해제여부></item><item><거래금액>    33,000</거래금액><거래유형>중개거래</거래유형><건축년도>2001</건축년도><년>2022</년><도로명>강서로15길</도로명><도로명건물본번호코드>00056</도로명건물본번호코드><도로명건물부번호코드>00000</도로명건물부번호코드><도로명시군구코드>11500</도로명시군구코드><도로명일련번호코드>01</도로명일련번호코드><도로명지상지하코드>0</도로명지상지하코드><도로명코드>4145019</도로명코드><법정동> 화곡동</법정동><법정동본번코드>0347</법정동본번코드><법정동부번코드>0013</법정동부번코드><법정동시군구코드>11500</법정동시군구코드><법정동읍면동코드>10300</법정동읍면동코드><법정동지번코드>1</법정동지번코드><아파트>태경(347-13)</아파트><월>9</월><일>1</일><일련번호>11500-318</일련번호><전용면적>74.32</전용면적><중개사소재지>서울 강서구</중개사소재지><지번>347-13</지번><지역코드>11500</지역코드><층>4</층><해제사유발생일> </해제사유발생일><해제여부> </해제여부></item><item><거래금액>    26,000</거래금액><거래유형>직거래</거래유형><건축년도>2018</건축년도><년>2022</년><도로명>월정로20길</도로명><도로명건물본번호코드>00042</도로명건물본번호코드><도로명건물부번호코드>00000</도로명건물부번호코드><도로명시군구코드>11500</도로명시군구코드><도로명일련번호코드>00</도로명일련번호코드><도로명지상지하코드>0</도로명지상지하코드><도로명코드>4145444</도로명코드><법정동> 화곡동</법정동><법정동본번코드>0922</법정동본번코드><법정동부번코드>0017</법정동부번코드><법정동시군구코드>11500</법정동시군구코드><법정동읍면동코드>10300</법정동읍면동코드><법정동지번코드>1</법정동지번코드><아파트>우공아파트</아파트><월>9</월><일>1</일><일련번호>11500-7835</일련번호><전용면적>26.36</전용면적><중개사소재지> </중개사소재지><지번>922-17</지번><지역코드>11500</지역코드><층>2</층><해제사유발생일> </해제사유발생일><해제여부> </해제여부></item><item><거래금액>     8,500</거래금액><거래유형>직거래</거래유형><건축년도>2013</건축년도><년>2022</년><도로명>강서로7길</도로명><도로명건물본번호코드>00107</도로명건물본번호코드><도로명건물부번호코드>00000</도로명건물부번호코드><도로명시군구코드>11500</도로명시군구코드><도로명일련번호코드>01</도로명일련번호코드><도로명지상지하코드>0</도로명지상지하코드><도로명코드>4145080</도로명코드><법정동> 화곡동</법정동><법정동본번코드>0926</법정동본번코드><법정동부번코드>0005</법정동부번코드><법정동시군구코드>11500</법정동시군구코드><법정동읍면동코드>10300</법정동읍면동코드><법정동지번코드>1</법정동지번코드><아파트>한양아이클래스</아파트><월>9</월><일>1</일><일련번호>11500-6746</일련번호><전용면적>13.79</전용면적><중개사소재지> </중개사소재지><지번>926-5</지번><지역코드>11500</지역코드><층>7</층><해제사유발생일> </해제사유발생일><해제여부> </해제여부></item><item><거래금액>     8,300</거래금액><거래유형>중개거래</거래유형><건축년도>2013</건축년도><년>2022</년><도로명>강서로7길</도로명><도로명건물본번호코드>00107</도로명건물본번호코드><도로명건물부번호코드>00000</도로명건물부번호코드><도로명시군구코드>11500</도로명시군구코드><도로명일련번호코드>01</도로명일련번호코드><도로명지상지하코드>0</도로명지상지하코드><도로명코드>4145080</도로명코드><법정동> 화곡동</법정동><법정동본번코드>0926</법정동본번코드><법정동부번코드>0005</법정동부번코드><법정동시군구코드>11500</법정동시군구코드><법정동읍면동코드>10300</법정동읍면동코드><법정동지번코드>1</법정동지번코드><아파트>한양아이클래스</아파트><월>9</월><일>2</일><일련번호>11500-6746</일련번호><전용면적>13.79</전용면적><중개사소재지>서울 강서구</중개사소재지><지번>926-5</지번><지역코드>11500</지역코드><층>7</층><해제사유발생일> </해제사유발생일><해제여부> </해제여부></item><item><거래금액>    27,800</거래금액><거래유형>중개거래</거래유형><건축년도>2001</건축년도><년>2022</년><도로명>화곡로42가길</도로명><도로명건물본번호코드>00017</도로명건물본번호코드><도로명건물부번호코드>00000</도로명건물부번호코드><도로명시군구코드>11500</도로명시군구코드><도로명일련번호코드>01</도로명일련번호코드><도로명지상지하코드>0</도로명지상지하코드><도로명코드>4145522</도로명코드><법정동> 화곡동</법정동><법정동본번코드>0024</법정동본번코드><법정동부번코드>0124</법정동부번코드><법정동시군구코드>11500</법정동시군구코드><법정동읍면동코드>10300</법정동읍면동코드><법정동지번코드>1</법정동지번코드><아파트>신원1차(24-124)</아파트><월>9</월><일>5</일><일련번호>11500-304</일련번호><전용면적>66.18</전용면적><중개사소재지>서울 강서구</중개사소재지><지번>24-124</지번><지역코드>11500</지역코드><층>4</층><해제사유발생일> </해제사유발생일><해제여부> </해제여부></item><item><거래금액>    12,300</거래금액><거래유형>중개거래</거래유형><건축년도>2015</건축년도><년>2022</년><도로명>강서로7길</도로명><도로명건물본번호코드>00070</도로명건물본번호코드><도로명건물부번호코드>00000</도로명건물부번호코드><도로명시군구코드>11500</도로명시군구코드><도로명일련번호코드>00</도로명일련번호코드><도로명지상지하코드>0</도로명지상지하코드><도로명코드>4145080</도로명코드><법정동> 화곡동</법정동><법정동본번코드>0917</법정동본번코드><법정동부번코드>0014</법정동부번코드><법정동시군구코드>11500</법정동시군구코드><법정동읍면동코드>10300</법정동읍면동코드><법정동지번코드>1</법정동지번코드><아파트>삼성다빈치(917-14)</아파트><월>9</월><일>5</일><일련번호>11500-7090</일련번호><전용면적>14.35</전용면적><중개사소재지>서울 강서구</중개사소재지><지번>917-14</지번><지역코드>11500</지역코드><층>11</층><해제사유발생일> </해제사유발생일><해제여부> </해제여부></item><item><거래금액>    31,200</거래금액><거래유형>중개거래</거래유형><건축년도>2016</건축년도><년>2022</년><도로명>월정로20길</도로명><도로명건물본번호코드>00086</도로명건물본번호코드><도로명건물부번호코드>00004</도로명건물부번호코드><도로명시군구코드>11500</도로명시군구코드><도로명일련번호코드>00</도로명일련번호코드><도로명코드>4145444</도로명코드><법정동> 화곡동</법정동><법정동본번코드>0916</법정동본번코드><법정동부번코드>0002</법정동부번코드><법정동시군구코드>11500</법정동시군구코드><법정동읍면동코드>10300</법정동읍면동코드><법정동지번코드>1</법정동지번코드><아파트>위하우스아파트</아파트><월>9</월><일>7</일><일련번호>11500-7410</일련번호><전용면적>30.18</전용면적><중개사소재지>서울 강서구</중개사소재지><지번>916-2</지번><지역코드>11500</지역코드><층>10</층><해제사유발생일> </해제사유발생일><해제여부> </해제여부></item><item><거래금액>    62,500</거래금액><거래유형>중개거래</거래유형><건축년도>2002</건축년도><년>2022</년><도로명>화곡로26가길</도로명><도로명건물본번호코드>00010</도로명건물본번호코드><도로명건물부번호코드>00000</도로명건물부번호코드><도로명시군구코드>11500</도로명시군구코드><도로명일련번호코드>01</도로명일련번호코드><도로명지상지하코드>0</도로명지상지하코드><도로명코드>4145506</도로명코드><법정동> 화곡동</법정동><법정동본번코드>1074</법정동본번코드><법정동부번코드>0018</법정동부번코드><법정동시군구코드>11500</법정동시군구코드><법정동읍면동코드>10300</법정동읍면동코드><법정동지번코드>1</법정동지번코드><아파트>서부인터빌아파트</아파트><월>9</월><일>8</일><일련번호>11500-119</일련번호><전용면적>83.4225</전용면적><중개사소재지>서울 강서구</중개사소재지><지번>1074-18</지번><지역코드>11500</지역코드><층>9</층><해제사유발생일> </해제사유발생일><해제여부> </해제여부></item><item><거래금액>    30,000</거래금액><거래유형>중개거래</거래유형><건축년도>2016</건축년도><년>2022</년><도로명>곰달래로22길</도로명><도로명건물본번호코드>00005</도로명건물본번호코드><도로명건물부번호코드>00000</도로명건물부번호코드><도로명시군구코드>11500</도로명시군구코드><도로명일련번호코드>01</도로명일련번호코드><도로명지상지하코드>0</도로명지상지하코드><도로명코드>4145122</도로명코드><법정동> 화곡동</법정동><법정동본번코드>0918</법정동본번코드><법정동부번코드>0038</법정동부번코드><법정동시군구코드>11500</법정동시군구코드><법정동읍면동코드>10300</법정동읍면동코드><법정동지번코드>1</법정동지번코드><아파트>성재센트리움</아파트><월>9</월><일>13</일><일련번호>11500-7370</일련번호><전용면적>39.27</전용면적><중개사소재지>서울 강서구</중개사소재지><지번>918-38</지번><지역코드>11500</지역코드><층>14</층><해제사유발생일> </해제사유발생일><해제여부> </해제여부></item><item><거래금액>    31,000</거래금액><거래유형>직거래</거래유형><건축년도>2015</건축년도><년>2022</년><도로명>곰달래로22길</도로명><도로명건물본번호코드>00018</도로명건물본번호코드><도로명건물부번호코드>00000</도로명건물부번호코드><도로명시군구코드>11500</도로명시군구코드><도로명일련번호코드>01</도로명일련번호코드><도로명지상지하코드>0</도로명지상지하코드><도로명코드>4145122</도로명코드><법정동> 화곡동</법정동><법정동본번코드>0917</법정동본번코드><법정동부번코드>0005</법정동부번코드><법정동시군구코드>11500</법정동시군구코드><법정동읍면동코드>10300</법정동읍면동코드><법정동지번코드>1</법정동지번코드><아파트>남광아파트</아파트><월>9</월><일>16</일><일련번호>11500-7167</일련번호><전용면적>45.72</전용면적><중개사소재지> </중개사소재지><지번>917-5</지번><지역코드>11500</지역코드><층>10</층><해제사유발생일> </해제사유발생일><해제여부> </해제여부></item><item><거래금액>    28,000</거래금액><거래유형>직거래</거래유형><건축년도>2016</건축년도><년>2022</년><도로명>월정로20길</도로명><도로명건물본번호코드>00086</도로명건물본번호코드><도로명건물부번호코드>00004</도로명건물부번호코드><도로명시군구코드>11500</도로명시군구코드><도로명일련번호코드>00</도로명일련번호코드><도로명코드>4145444</도로명코드><법정동> 화곡동</법정동><법정동본번코드>0916</법정동본번코드><법정동부번코드>0002</법정동부번코드><법정동시군구코드>11500</법정동시군구코드><법정동읍면동코드>10300</법정동읍면동코드><법정동지번코드>1</법정동지번코드><아파트>위하우스아파트</아파트><월>9</월><일>16</일><일련번호>11500-7410</일련번호><전용면적>30.18</전용면적><중개사소재지> </중개사소재지><지번>916-2</지번><지역코드>11500</지역코드><층>6</층><해제사유발생일> </해제사유발생일><해제여부> </해제여부></item><item><거래금액>    62,000</거래금액><거래유형>중개거래</거래유형><건축년도>2001</건축년도><년>2022</년><도로명>곰달래로59길</도로명><도로명건물본번호코드>00036</도로명건물본번호코드><도로명건물부번호코드>00000</도로명건물부번호코드><도로명시군구코드>11500</도로명시군구코드><도로명일련번호코드>01</도로명일련번호코드><도로명지상지하코드>0</도로명지상지하코드><도로명코드>4145164</도로명코드><법정동> 화곡동</법정동><법정동본번코드>1142</법정동본번코드><법정동부번코드>0000</법정동부번코드><법정동시군구코드>11500</법정동시군구코드><법정동읍면동코드>10300</법정동읍면동코드><법정동지번코드>1</법정동지번코드><아파트>성삼하이츠</아파트><월>9</월><일>17</일><일련번호>11500-83</일련번호><전용면적>76.61</전용면적><중개사소재지>서울 강서구, 인천 강화군</중개사소재지><지번>1142</지번><지역코드>11500</지역코드><층>7</층><해제사유발생일> </해제사유발생일><해제여부> </해제여부></item><item><거래금액>    29,700</거래금액><거래유형>중개거래</거래유형><건축년도>2009</건축년도><년>2022</년><도로명>곰달래로20길</도로명><도로명건물본번호코드>00031</도로명건물본번호코드><도로명건물부번호코드>00005</도로명건물부번호코드><도로명시군구코드>11500</도로명시군구코드><도로명일련번호코드>01</도로명일련번호코드><도로명지상지하코드>0</도로명지상지하코드><도로명코드>4145120</도로명코드><법정동> 화곡동</법정동><법정동본번코드>0915</법정동본번코드><법정동부번코드>0030</법정동부번코드><법정동시군구코드>11500</법정동시군구코드><법정동읍면동코드>10300</법정동읍면동코드><법정동지번코드>1</법정동지번코드><아파트>임탑-A</아파트><월>9</월><일>17</일><일련번호>11500-5846</일련번호><전용면적>48.79</전용면적><중개사소재지>서울 강서구</중개사소재지><지번>915-30</지번><지역코드>11500</지역코드><층>8</층><해제사유발생일> </해제사유발생일><해제여부> </해제여부></item><item><거래금액>    25,500</거래금액><거래유형>중개거래</거래유형><건축년도>2019</건축년도><년>2022</년><도로명>화곡로</도로명><도로명건물본번호코드>00305</도로명건물본번호코드><도로명건물부번호코드>00000</도로명건물부번호코드><도로명시군구코드>11500</도로명시군구코드><도로명일련번호코드>00</도로명일련번호코드><도로명코드>3005069</도로명코드><법정동> 화곡동</법정동><법정동본번코드>0998</법정동본번코드><법정동부번코드>0005</법정동부번코드><법정동시군구코드>11500</법정동시군구코드><법정동읍면동코드>10300</법정동읍면동코드><법정동지번코드>1</법정동지번코드><아파트>강서크라운팰리스</아파트><월>9</월><일>21</일><일련번호>11500-7992</일련번호><전용면적>20.11</전용면적><중개사소재지>서울 강서구</중개사소재지><지번>998-5</지번><지역코드>11500</지역코드><층>14</층><해제사유발생일> </해제사유발생일><해제여부> </해제여부></item><item><거래금액>    23,000</거래금액><거래유형>직거래</거래유형><건축년도>2014</건축년도><년>2022</년><도로명>곰달래로18길</도로명><도로명건물본번호코드>00015</도로명건물본번호코드><도로명건물부번호코드>00003</도로명건물부번호코드><도로명시군구코드>11500</도로명시군구코드><도로명일련번호코드>01</도로명일련번호코드><도로명지상지하코드>0</도로명지상지하코드><도로명코드>4145116</도로명코드><법정동> 화곡동</법정동><법정동본번코드>0924</법정동본번코드><법정동부번코드>0010</법정동부번코드><법정동시군구코드>11500</법정동시군구코드><법정동읍면동코드>10300</법정동읍면동코드><법정동지번코드>1</법정동지번코드><아파트>스카이(924-10)</아파트><월>9</월><일>27</일><일련번호>11500-6874</일련번호><전용면적>33.52</전용면적><중개사소재지> </중개사소재지><지번>924-10</지번><지역코드>11500</지역코드><층>9</층><해제사유발생일> </해제사유발생일><해제여부> </해제여부></item><item><거래금액>    16,500</거래금액><거래유형>중개거래</거래유형><건축년도>2000</건축년도><년>2022</년><도로명>가로공원로</도로명><도로명건물본번호코드>00221</도로명건물본번호코드><도로명건물부번호코드>00000</도로명건물부번호코드><도로명시군구코드>11500</도로명시군구코드><도로명일련번호코드>01</도로명일련번호코드><도로명지상지하코드>0</도로명지상지하코드><도로명코드>3000009</도로명코드><법정동> 화곡동</법정동><법정동본번코드>0400</법정동본번코드><법정동부번코드>0060</법정동부번코드><법정동시군구코드>11500</법정동시군구코드><법정동읍면동코드>10300</법정동읍면동코드><법정동지번코드>1</법정동지번코드><아파트>은하(400-60)</아파트><월>9</월><일>28</일><일련번호>11500-471</일련번호><전용면적>35.76</전용면적><중개사소재지>서울 강서구</중개사소재지><지번>400-60</지번><지역코드>11500</지역코드><층>6</층><해제사유발생일> </해제사유발생일><해제여부> </해제여부></item><item><거래금액>     8,700</거래금액><거래유형>중개거래</거래유형><건축년도>2013</건축년도><년>2022</년><도로명>강서로7길</도로명><도로명건물본번호코드>00107</도로명건물본번호코드><도로명건물부번호코드>00000</도로명건물부번호코드><도로명시군구코드>11500</도로명시군구코드><도로명일련번호코드>01</도로명일련번호코드><도로명지상지하코드>0</도로명지상지하코드><도로명코드>4145080</도로명코드><법정동> 화곡동</법정동><법정동본번코드>0926</법정동본번코드><법정동부번코드>0005</법정동부번코드><법정동시군구코드>11500</법정동시군구코드><법정동읍면동코드>10300</법정동읍면동코드><법정동지번코드>1</법정동지번코드><아파트>한양아이클래스</아파트><월>9</월><일>28</일><일련번호>11500-6746</일련번호><전용면적>13.79</전용면적><중개사소재지>서울 강서구</중개사소재지><지번>926-5</지번><지역코드>11500</지역코드><층>8</층><해제사유발생일> </해제사유발생일><해제여부> </해제여부></item><item><거래금액>   111,500</거래금액><거래유형>중개거래</거래유형><건축년도>2002</건축년도><년>2022</년><도로명>화곡로13길</도로명><도로명건물본번호코드>00107</도로명건물본번호코드><도로명건물부번호코드>00000</도로명건물부번호코드><도로명시군구코드>11500</도로명시군구코드><도로명일련번호코드>01</도로명일련번호코드><도로명지상지하코드>0</도로명지상지하코드><도로명코드>4145494</도로명코드><법정동> 화곡동</법정동><법정동본번코드>1091</법정동본번코드><법정동부번코드>0000</법정동부번코드><법정동시군구코드>11500</법정동시군구코드><법정동읍면동코드>10300</법정동읍면동코드><법정동지번코드>1</법정동지번코드><아파트>화곡푸르지오</아파트><월>9</월><일>29</일><일련번호>11500-120</일련번호><전용면적>144.123</전용면적><중개사소재지>경기 남양주시, 서울 강서구</중개사소재지><지번>1091</지번><지역코드>11500</지역코드><층>12</층><해제사유발생일> </해제사유발생일><해제여부> </해제여부></item><item><거래금액>    64,500</거래금액><거래유형>중개거래</거래유형><건축년도>1992</건축년도><년>2022</년><도로명>허준로</도로명><도로명건물본번호코드>00139</도로명건물본번호코드><도로명건물부번호코드>00000</도로명건물부번호코드><도로명시군구코드>11500</도로명시군구코드><도로명일련번호코드>01</도로명일련번호코드><도로명지상지하코드>0</도로명지상지하코드><도로명코드>3115013</도로명코드><법정동> 가양동</법정동><법정동본번코드>1475</법정동본번코드><법정동부번코드>0000</법정동부번코드><법정동시군구코드>11500</법정동시군구코드><법정동읍면동코드>10400</법정동읍면동코드><법정동지번코드>1</법정동지번코드><아파트>강변</아파트><월>9</월><일>2</일><일련번호>11500-146</일련번호><전용면적>34.44</전용면적><중개사소재지>서울 강서구</중개사소재지><지번>1475</지번><지역코드>11500</지역코드><층>7</층><해제사유발생일> </해제사유발생일><해제여부> </해제여부></item><item><거래금액>    61,000</거래금액><거래유형>중개거래</거래유형><건축년도>1992</건축년도><년>2022</년><도로명>허준로</도로명><도로명건물본번호코드>00139</도로명건물본번호코드><도로명건물부번호코드>00000</도로명건물부번호코드><도로명시군구코드>11500</도로명시군구코드><도로명일련번호코드>01</도로명일련번호코드><도로명지상지하코드>0</도로명지상지하코드><도로명코드>3115013</도로명코드><법정동> 가양동</법정동><법정동본번코드>1475</법정동본번코드><법정동부번코드>0000</법정동부번코드><법정동시군구코드>11500</법정동시군구코드><법정동읍면동코드>10400</법정동읍면동코드><법정동지번코드>1</법정동지번코드><아파트>강변</아파트><월>9</월><일>3</일><일련번호>11500-146</일련번호><전용면적>39.6</전용면적><중개사소재지>서울 강서구</중개사소재지><지번>1475</지번><지역코드>11500</지역코드><층>7</층><해제사유발생일> </해제사유발생일><해제여부> </해제여부></item><item><거래금액>    80,000</거래금액><거래유형>중개거래</거래유형><건축년도>1999</건축년도><년>2022</년><도로명>양천로</도로명><도로명건물본번호코드>00507</도로명건물본번호코드><도로명건물부번호코드>00000</도로명건물부번호코드><도로명시군구코드>11500</도로명시군구코드><도로명일련번호코드>03</도로명일련번호코드><도로명지상지하코드>0</도로명지상지하코드><도로명코드>3115008</도로명코드><법정동> 가양동</법정동><법정동본번코드>0448</법정동본번코드><법정동부번코드>0001</법정동부번코드><법정동시군구코드>11500</법정동시군구코드><법정동읍면동코드>10400</법정동읍면동코드><법정동지번코드>1</법정동지번코드><아파트>가양강나루현대</아파트><월>9</월><일>6</일><일련번호>11500-143</일련번호><전용면적>59.76</전용면적><중개사소재지>서울 서초구</중개사소재지><지번>448-1</지번><지역코드>11500</지역코드><층>11</층><해제사유발생일> </해제사유발생일><해제여부> </해제여부></item><item><거래금액>    80,000</거래금액><거래유형>중개거래</거래유형><건축년도>1992</건축년도><년>2022</년><도로명>허준로</도로명><도로명건물본번호코드>00139</도로명건물본번호코드><도로명건물부번호코드>00000</도로명건물부번호코드><도로명시군구코드>11500</도로명시군구코드><도로명일련번호코드>01</도로명일련번호코드><도로명지상지하코드>0</도로명지상지하코드><도로명코드>3115013</도로명코드><법정동> 가양동</법정동><법정동본번코드>1475</법정동본번코드><법정동부번코드>0000</법정동부번코드><법정동시군구코드>11500</법정동시군구코드><법정동읍면동코드>10400</법정동읍면동코드><법정동지번코드>1</법정동지번코드><아파트>강변</아파트><월>9</월><일>29</일><일련번호>11500-146</일련번호><전용면적>49.5</전용면적><중개사소재지>서울 강서구</중개사소재지><지번>1475</지번><지역코드>11500</지역코드><층>10</층><해제사유발생일> </해제사유발생일><해제여부> </해제여부></item><item><거래금액>   142,000</거래금액><거래유형>중개거래</거래유형><건축년도>2017</건축년도><년>2022</년><도로명>마곡중앙1로</도로명><도로명건물본번호코드>00071</도로명건물본번호코드><도로명건물부번호코드>00000</도로명건물부번호코드><도로명시군구코드>11500</도로명시군구코드><도로명일련번호코드>00</도로명일련번호코드><도로명지상지하코드>0</도로명지상지하코드><도로명코드>3155049</도로명코드><법정동> 마곡동</법정동><법정동본번코드>0748</법정동본번코드><법정동부번코드>0000</법정동부번코드><법정동시군구코드>11500</법정동시군구코드><법정동읍면동코드>10500</법정동읍면동코드><법정동지번코드>1</법정동지번코드><아파트>마곡13단지힐스테이트마스터</아파트><월>9</월><일>1</일><일련번호>11500-7596</일련번호><전용면적>84.9881</전용면적><중개사소재지>서울 강서구</중개사소재지><지번>748</지번><지역코드>11500</지역코드><층>10</층><해제사유발생일> </해제사유발생일><해제여부> </해제여부></item><item><거래금액>   181,000</거래금액><거래유형>중개거래</거래유형><건축년도>2014</건축년도><년>2022</년><도로명>마곡서1로</도로명><도로명건물본번호코드>00111</도로명건물본번호코드><도로명건물부번호코드>00011</도로명건물부번호코드><도로명시군구코드>11500</도로명시군구코드><도로명일련번호코드>01</도로명일련번호코드><도로명지상지하코드>0</도로명지상지하코드><도로명코드>3155048</도로명코드><법정동> 마곡동</법정동><법정동본번코드>0740</법정동본번코드><법정동부번코드>0000</법정동부번코드><법정동시군구코드>11500</법정동시군구코드><법정동읍면동코드>10500</법정동읍면동코드><법정동지번코드>1</법정동지번코드><아파트>마곡엠밸리5단지</아파트><월>9</월><일>22</일><일련번호>11500-6908</일련번호><전용면적>114.98</전용면적><중개사소재지>서울 강서구, 서울 양천구</중개사소재지><지번>740</지번><지역코드>11500</지역코드><층>9</층><해제사유발생일>22.10.31</해제사유발생일><해제여부>O</해제여부></item><item><거래금액>   105,000</거래금액><거래유형>중개거래</거래유형><건축년도>2005</건축년도><년>2022</년><도로명>강서로</도로명><도로명건물본번호코드>00348</도로명건물본번호코드><도로명건물부번호코드>00000</도로명건물부번호코드><도로명시군구코드>11500</도로명시군구코드><도로명일련번호코드>04</도로명일련번호코드><도로명지상지하코드>0</도로명지상지하코드><도로명코드>3115001</도로명코드><법정동> 내발산동</법정동><법정동본번코드>0657</법정동본번코드><법정동부번코드>0000</법정동부번코드><법정동시군구코드>11500</법정동시군구코드><법정동읍면동코드>10600</법정동읍면동코드><법정동지번코드>1</법정동지번코드><아파트>우장산힐스테이트</아파트><월>9</월><일>3</일><일련번호>11500-477</일련번호><전용면적>59.98</전용면적><중개사소재지>서울 강서구</중개사소재지><지번>657</지번><지역코드>11500</지역코드><층>9</층><해제사유발생일> </해제사유발생일><해제여부> </해제여부></item><item><거래금액>    70,000</거래금액><거래유형>직거래</거래유형><건축년도>2008</건축년도><년>2022</년><도로명>수명로2가길</도로명><도로명건물본번호코드>00022</도로명건물본번호코드><도로명건물부번호코드>00000</도로명건물부번호코드><도로명시군구코드>11500</도로명시군구코드><도로명일련번호코드>01</도로명일련번호코드><도로명지상지하코드>0</도로명지상지하코드><도로명코드>4145558</도로명코드><법정동> 내발산동</법정동><법정동본번코드>0756</법정동본번코드><법정동부번코드>0000</법정동부번코드><법정동시군구코드>11500</법정동시군구코드><법정동읍면동코드>10600</법정동읍면동코드><법정동지번코드>1</법정동지번코드><아파트>마곡수명산파크7단지</아파트><월>9</월><일>7</일><일련번호>11500-5741</일련번호><전용면적>84.82</전용면적><중개사소재지> </중개사소재지><지번>756</지번><지역코드>11500</지역코드><층>9</층><해제사유발생일> </해제사유발생일><해제여부> </해제여부></item><item><거래금액>    45,000</거래금액><거래유형>직거래</거래유형><건축년도>2022</건축년도><년>2022</년><도로명>금낭화로</도로명><도로명건물본번호코드>00036</도로명건물본번호코드><도로명건물부번호코드>00005</도로명건물부번호코드><도로명시군구코드>11500</도로명시군구코드><도로명일련번호코드>00</도로명일련번호코드><도로명코드>3115002</도로명코드><법정동> 방화동</법정동><법정동본번코드>0907</법정동본번코드><법정동부번코드>0000</법정동부번코드><법정동시군구코드>11500</법정동시군구코드><법정동읍면동코드>10900</법정동읍면동코드><법정동지번코드>1</법정동지번코드><아파트>마곡우촌아파트</아파트><월>9</월><일>1</일><일련번호>11500-8242</일련번호><전용면적>59.31</전용면적><중개사소재지> </중개사소재지><지번>907</지번><지역코드>11500</지역코드><층>8</층><해제사유발생일> </해제사유발생일><해제여부> </해제여부></item><item><거래금액>    66,000</거래금액><거래유형>중개거래</거래유형><건축년도>2002</건축년도><년>2022</년><도로명>양천로14길</도로명><도로명건물본번호코드>00037</도로명건물본번호코드><도로명건물부번호코드>00000</도로명건물부번호코드><도로명시군구코드>11500</도로명시군구코드><도로명일련번호코드>01</도로명일련번호코드><도로명지상지하코드>0</도로명지상지하코드><도로명코드>4145388</도로명코드><법정동> 방화동</법정동><법정동본번코드>0868</법정동본번코드><법정동부번코드>0000</법정동부번코드><법정동시군구코드>11500</법정동시군구코드><법정동읍면동코드>10900</법정동읍면동코드><법정동지번코드>1</법정동지번코드><아파트>신안네트빌1단지</아파트><월>9</월><일>4</일><일련번호>11500-222</일련번호><전용면적>84.0164</전용면적><중개사소재지>서울 강서구</중개사소재지><지번>868</지번><지역코드>11500</지역코드><층>8</층><해제사유발생일> </해제사유발생일><해제여부> </해제여부></item><item><거래금액>    55,000</거래금액><거래유형>중개거래</거래유형><건축년도>1993</건축년도><년>2022</년><도로명>방화대로37길</도로명><도로명건물본번호코드>00026</도로명건물본번호코드><도로명건물부번호코드>00000</도로명건물부번호코드><도로명시군구코드>11500</도로명시군구코드><도로명일련번호코드>01</도로명일련번호코드><도로명지상지하코드>0</도로명지상지하코드><도로명코드>4145334</도로명코드><법정동> 방화동</법정동><법정동본번코드>0793</법정동본번코드><법정동부번코드>0000</법정동부번코드><법정동시군구코드>11500</법정동시군구코드><법정동읍면동코드>10900</법정동읍면동코드><법정동지번코드>1</법정동지번코드><아파트>현대</아파트><월>9</월><일>20</일><일련번호>11500-217</일련번호><전용면적>59.89</전용면적><중개사소재지>서울 강서구</중개사소재지><지번>793</지번><지역코드>11500</지역코드><층>3</층><해제사유발생일> </해제사유발생일><해제여부> </해제여부></item><item><거래금액>    45,000</거래금액><거래유형>직거래</거래유형><건축년도>2022</건축년도><년>2022</년><도로명>금낭화로</도로명><도로명건물본번호코드>00036</도로명건물본번호코드><도로명건물부번호코드>00005</도로명건물부번호코드><도로명시군구코드>11500</도로명시군구코드><도로명일련번호코드>00</도로명일련번호코드><도로명코드>3115002</도로명코드><법정동> 방화동</법정동><법정동본번코드>0907</법정동본번코드><법정동부번코드>0000</법정동부번코드><법정동시군구코드>11500</법정동시군구코드><법정동읍면동코드>10900</법정동읍면동코드><법정동지번코드>1</법정동지번코드><아파트>마곡우촌아파트</아파트><월>9</월><일>24</일><일련번호>11500-8242</일련번호><전용면적>59.31</전용면적><중개사소재지> </중개사소재지><지번>907</지번><지역코드>11500</지역코드><층>7</층><해제사유발생일> </해제사유발생일><해제여부> </해제여부></item></items><numOfRows>999</numOfRows><pageNo>1</pageNo><totalCount>31</totalCount></body></response>