<?xml version="1.0" encoding="UTF-8" standalone="yes"?><response><header><resultCode>00</resultCode><resultMsg>NORMAL SERVICE.</resultMsg></header><body><items><item><거래금액>    20,080</거래금액><거래유형>중개거래</거래유형><건축년도>2012</건축년도><년>2022</년><도로명>역삼로25길</도로명><도로명건물본번호코드>00027</도로명건물본번호코드><도로명건물부번호코드>00000</도로명건물부번호코드><도로명시군구코드>11680</도로명시군구코드><도로명일련번호코드>01</도로명일련번호코드><도로명지상지하코드>0</도로명지상지하코드><도로명코드>4166641</도로명코드><법정동> 역삼동</법정동><법정동본번코드>0727</법정동본번코드><법정동부번코드>0002</법정동부번코드><법정동시군구코드>11680</법정동시군구코드><법정동읍면동코드>10100</법정동읍면동코드><법정동지번코드>1</법정동지번코드><아파트>대명벨리온</아파트><월>9</월><일>1</일><일련번호>11680-4036</일련번호><전용면적>17.684</전용면적><중개사소재지>서울 강남구</중개사소재지><지번>727-2</지번><지역코드>11680</지역코드><층>4</층><해제사유발생일> </해제사유발생일><해제여부> </해제여부></item><item><거래금액>    33,000</거래금액><거래유형>중개거래</거래유형><건축년도>2002</건축년도><년>2022</년><도로명>언주로</도로명><도로명건물본번호코드>00427</도로명건물본번호코드><도로명건물부번호코드>00000</도로명건물부번호코드><도로명시군구코드>11680</도로명시군구코드><도로명일련번호코드>01</도로명일련번호코드><도로명지상지하코드>0</도로명지상지하코드><도로명코드>3005086</도로명코드><법정동> 역삼동</법정동><법정동본번코드>0720</법정동본번코드><법정동부번코드>0025</법정동부번코드><법정동시군구코드>11680</법정동시군구코드><법정동읍면동코드>10100</법정동읍면동코드><법정동지번코드>1</법정동지번코드><아파트>대우디오빌</아파트><월>9</월><일>2</일><일련번호>11680-275</일련번호><전용면적>30.03</전용면적><중개사소재지>서울 강남구</중개사소재지><지번>720-25</지번><지역코드>11680</지역코드><층>6</층><해제사유발생일> </해제사유발생일><해제여부> </해제여부></item><item><거래금액>    19,500</거래금액><거래유형>중개거래</거래유형><건축년도>2014</건축년도><년>2022</년><도로명>테헤란로14길</도로명><도로명건물본번호코드>00013</도로명건물본번호코드><도로명건물부번호코드>00000</도로명건물부번호코드><도로명시군구코드>11680</도로명시군구코드><도로명일련번호코드>01</도로명일련번호코드><도로명지상지하코드>0</도로명지상지하코드><도로명코드>4166719</도로명코드><법정동> 역삼동</법정동><법정동본번코드>0735</법정동본번코드><법정동부번코드>0015</법정동부번코드><법정동시군구코드>11680</법정동시군구코드><법정동읍면동코드>10100</법정동읍면동코드><법정동지번코드>1</법정동지번코드><아파트>이스턴오피스텔</아파트><월>9</월><일>15</일><일련번호>11680-4317</일련번호><전용면적>14.78</전용면적><중개사소재지>서울 강남구</중개사소재지><지번>735-15</지번><지역코드>11680</지역코드><층>12</층><해제사유발생일> </해제사유발생일><해제여부> </해제여부></item><item><거래금액>   128,000</거래금액><거래유형>중개거래</거래유형><건축년도>2005</건축년도><년>2022</년><도로명>언주로103길</도로명><도로명건물본번호코드>00014</도로명건물본번호코드><도로명건물부번호코드>00000</도로명건물부번호코드><도로명시군구코드>11680</도로명시군구코드><도로명일련번호코드>01</도로명일련번호코드><도로명지상지하코드>0</도로명지상지하코드><도로명코드>4166559</도로명코드><법정동> 역삼동</법정동><법정동본번코드>0656</법정동본번코드><법정동부번코드>0031</법정동부번코드><법정동시군구코드>11680</법정동시군구코드><법정동읍면동코드>10100</법정동읍면동코드><법정동지번코드>1</법정동지번코드><아파트>역삼엔스위트102동</아파트><월>9</월><일>17</일><일련번호>11680-594</일련번호><전용면적>107.3</전용면적><중개사소재지>서울 강남구</중개사소재지><지번>656-31</지번><지역코드>11680</지역코드><층>5</층><해제사유발생일> </해제사유발생일><해제여부> </해제여부></item><item><거래금액>    19,500</거래금액><거래유형>중개거래</거래유형><건축년도>2014</건축년도><년>2022</년><도로명>테헤란로14길</도로명><도로명건물본번호코드>00013</도로명건물본번호코드><도로명건물부번호코드>00000</도로명건물부번호코드><도로명시군구코드>11680</도로명시군구코드><도로명일련번호코드>01</도로명일련번호코드><도로명지상지하코드>0</도로명지상지하코드><도로명코드>4166719</도로명코드><법정동> 역삼동</법정동><법정동본번코드>0735</법정동본번코드><법정동부번코드>0015</법정동부번코드><법정동시군구코드>11680</법정동시군구코드><법정동읍면동코드>10100</법정동읍면동코드><법정동지번코드>1</법정동지번코드><아파트>이스턴오피스텔</아파트><월>9</월><일>17</일><일련번호>11680-4317</일련번호><전용면적>15.25</전용면적><중개사소재지>서울 강남구</중개사소재지><지번>735-15</지번><지역코드>11680</지역코드><층>10</층><해제사유발생일> </해제사유발생일><해제여부> </해제여부></item><item><거래금액>   190,000</거래금액><거래유형>중개거래</거래유형><건축년도>2010</건축년도><년>2022</년><도로명>도곡로43길</도로명><도로명건물본번호코드>00021</도로명건물본번호코드><도로명건물부번호코드>00000</도로명건물부번호코드><도로명시군구코드>11680</도로명시군구코드><도로명일련번호코드>01</도로명일련번호코드><도로명지상지하코드>0</도로명지상지하코드><도로명코드>4166233</도로명코드><법정동> 역삼동</법정동><법정동본번코드>0762</법정동본번코드><법정동부번코드>0003</법정동부번코드><법정동시군구코드>11680</법정동시군구코드><법정동읍면동코드>10100</법정동읍면동코드><법정동지번코드>1</법정동지번코드><아파트>래미안그레이튼(진달래2차)</아파트><월>9</월><일>18</일><일련번호>11680-3905</일련번호><전용면적>59.91</전용면적><중개사소재지>서울 강남구</중개사소재지><지번>762-3</지번><지역코드>11680</지역코드><층>11</층><해제사유발생일> </해제사유발생일><해제여부> </해제여부></item><item><거래금액>    18,300</거래금액><거래유형>중개거래</거래유형><건축년도>2014</건축년도><년>2022</년><도로명>테헤란로14길</도로명><도로명건물본번호코드>00013</도로명건물본번호코드><도로명건물부번호코드>00000</도로명건물부번호코드><도로명시군구코드>11680</도로명시군구코드><도로명일련번호코드>01</도로명일련번호코드><도로명지상지하코드>0</도로명지상지하코드><도로명코드>4166719</도로명코드><법정동> 역삼동</법정동><법정동본번코드>0735</법정동본번코드><법정동부번코드>0015</법정동부번코드><법정동시군구코드>11680</법정동시군구코드><법정동읍면동코드>10100</법정동읍면동코드><법정동지번코드>1</법정동지번코드><아파트>이스턴오피스텔</아파트><월>9</월><일>20</일><일련번호>11680-4317</일련번호><전용면적>14.78</전용면적><중개사소재지>서울 강남구</중개사소재지><지번>735-15</지번><지역코드>11680</지역코드><층>12</층><해제사유발생일> </해제사유발생일><해제여부> </해제여부></item><item><거래금액>    82,000</거래금액><거래유형>중개거래</거래유형><건축년도>2006</건축년도><년>2022</년><도로명>역삼로</도로명><도로명건물본번호코드>00307</도로명건물본번호코드><도로명건물부번호코드>00000</도로명건물부번호코드><도로명시군구코드>11680</도로명시군구코드><도로명일련번호코드>01</도로명일련번호코드><도로명지상지하코드>0</도로명지상지하코드><도로명코드>3122008</도로명코드><법정동> 역삼동</법정동><법정동본번코드>0713</법정동본번코드><법정동부번코드>0011</법정동부번코드><법정동시군구코드>11680</법정동시군구코드><법정동읍면동코드>10100</법정동읍면동코드><법정동지번코드>1</법정동지번코드><아파트>역삼I'PARK</아파트><월>9</월><일>24</일><일련번호>11680-3679</일련번호><전용면적>28.246</전용면적><중개사소재지>서울 강남구</중개사소재지><지번>713-11</지번><지역코드>11680</지역코드><층>4</층><해제사유발생일> </해제사유발생일><해제여부> </해제여부></item><item><거래금액>   195,000</거래금액><거래유형>중개거래</거래유형><건축년도>2006</건축년도><년>2022</년><도로명>언주로</도로명><도로명건물본번호코드>00332</도로명건물본번호코드><도로명건물부번호코드>00000</도로명건물부번호코드><도로명시군구코드>11680</도로명시군구코드><도로명일련번호코드>01</도로명일련번호코드><도로명지상지하코드>0</도로명지상지하코드><도로명코드>3005086</도로명코드><법정동> 역삼동</법정동><법정동본번코드>0754</법정동본번코드><법정동부번코드>0001</법정동부번코드><법정동시군구코드>11680</법정동시군구코드><법정동읍면동코드>10100</법정동읍면동코드><법정동지번코드>1</법정동지번코드><아파트>역삼푸르지오</아파트><월>9</월><일>26</일><일련번호>11680-3643</일련번호><전용면적>59.8848</전용면적><중개사소재지>서울 강남구</중개사소재지><지번>754-1</지번><지역코드>11680</지역코드><층>11</층><해제사유발생일> </해제사유발생일><해제여부> </해제여부></item><item><거래금액>   430,000</거래금액><거래유형>중개거래</거래유형><건축년도>2019</건축년도><년>2022</년><도로명>삼성로</도로명><도로명건물본번호코드>00011</도로명건물본번호코드><도로명건물부번호코드>00000</도로명건물부번호코드><도로명시군구코드>11680</도로명시군구코드><도로명일련번호코드>01</도로명일련번호코드><도로명코드>3122005</도로명코드><법정동> 개포동</법정동><법정동본번코드>0138</법정동본번코드><법정동부번코드>0000</법정동부번코드><법정동시군구코드>11680</법정동시군구코드><법정동읍면동코드>10300</법정동읍면동코드><법정동지번코드>1</법정동지번코드><아파트>디에이치아너힐즈</아파트><월>9</월><일>15</일><일련번호>11680-4850</일련번호><전용면적>106.9877</전용면적><중개사소재지>서울 강남구</중개사소재지><지번>138</지번><지역코드>11680</지역코드><층>27</층><해제사유발생일> </해제사유발생일><해제여부> </해제여부></item><item><거래금액>    92,000</거래금액><거래유형>중개거래</거래유형><건축년도>1992</건축년도><년>2022</년><도로명>개포로109길</도로명><도로명건물본번호코드>00009</도로명건물본번호코드><도로명건물부번호코드>00000</도로명건물부번호코드><도로명시군구코드>11680</도로명시군구코드><도로명일련번호코드>01</도로명일련번호코드><도로명지상지하코드>0</도로명지상지하코드><도로명코드>4166040</도로명코드><법정동> 개포동</법정동><법정동본번코드>0012</법정동본번코드><법정동부번코드>0000</법정동부번코드><법정동시군구코드>11680</법정동시군구코드><법정동읍면동코드>10300</법정동읍면동코드><법정동지번코드>1</법정동지번코드><아파트>성원대치2단지아파트</아파트><월>9</월><일>24</일><일련번호>11680-280</일련번호><전용면적>33.18</전용면적><중개사소재지>서울 강남구</중개사소재지><지번>12</지번><지역코드>11680</지역코드><층>12</층><해제사유발생일> </해제사유발생일><해제여부> </해제여부></item><item><거래금액>   365,000</거래금액><거래유형>중개거래</거래유형><건축년도>2011</건축년도><년>2022</년><도로명>영동대로138길</도로명><도로명건물본번호코드>00012</도로명건물본번호코드><도로명건물부번호코드>00000</도로명건물부번호코드><도로명시군구코드>11680</도로명시군구코드><도로명일련번호코드>01</도로명일련번호코드><도로명지상지하코드>0</도로명지상지하코드><도로명코드>4166686</도로명코드><법정동> 청담동</법정동><법정동본번코드>0134</법정동본번코드><법정동부번코드>0038</법정동부번코드><법정동시군구코드>11680</법정동시군구코드><법정동읍면동코드>10400</법정동읍면동코드><법정동지번코드>1</법정동지번코드><아파트>청담자이</아파트><월>9</월><일>8</일><일련번호>11680-4004</일련번호><전용면적>89.115</전용면적><중개사소재지>서울 강남구</중개사소재지><지번>134-38</지번><지역코드>11680</지역코드><층>15</층><해제사유발생일> </해제사유발생일><해제여부> </해제여부></item><item><거래금액>   225,000</거래금액><거래유형>중개거래</거래유형><건축년도>2011</건축년도><년>2022</년><도로명>영동대로138길</도로명><도로명건물본번호코드>00012</도로명건물본번호코드><도로명건물부번호코드>00000</도로명건물부번호코드><도로명시군구코드>11680</도로명시군구코드><도로명일련번호코드>01</도로명일련번호코드><도로명지상지하코드>0</도로명지상지하코드><도로명코드>4166686</도로명코드><법정동> 청담동</법정동><법정동본번코드>0134</법정동본번코드><법정동부번코드>0038</법정동부번코드><법정동시군구코드>11680</법정동시군구코드><법정동읍면동코드>10400</법정동읍면동코드><법정동지번코드>1</법정동지번코드><아파트>청담자이</아파트><월>9</월><일>14</일><일련번호>11680-4004</일련번호><전용면적>49.639</전용면적><중개사소재지>서울 강남구</중개사소재지><지번>134-38</지번><지역코드>11680</지역코드><층>14</층><해제사유발생일> </해제사유발생일><해제여부> </해제여부></item><item><거래금액>   380,000</거래금액><거래유형>중개거래</거래유형><건축년도>1984</건축년도><년>2022</년><도로명>학동로88길</도로명><도로명건물본번호코드>00005</도로명건물본번호코드><도로명건물부번호코드>00000</도로명건물부번호코드><도로명시군구코드>11680</도로명시군구코드><도로명일련번호코드>01</도로명일련번호코드><도로명지상지하코드>0</도로명지상지하코드><도로명코드>4166824</도로명코드><법정동> 삼성동</법정동><법정동본번코드>0053</법정동본번코드><법정동부번코드>0002</법정동부번코드><법정동시군구코드>11680</법정동시군구코드><법정동읍면동코드>10500</법정동읍면동코드><법정동지번코드>1</법정동지번코드><아파트>진흥아파트</아파트><월>9</월><일>15</일><일련번호>11680-187</일련번호><전용면적>170.01</전용면적><중개사소재지>서울 강남구</중개사소재지><지번>53-2</지번><지역코드>11680</지역코드><층>6</층><해제사유발생일> </해제사유발생일><해제여부> </해제여부></item><item><거래금액>    45,000</거래금액><거래유형>중개거래</거래유형><건축년도>1997</건축년도><년>2022</년><도로명>테헤란로77길</도로명><도로명건물본번호코드>00022</도로명건물본번호코드><도로명건물부번호코드>00000</도로명건물부번호코드><도로명시군구코드>11680</도로명시군구코드><도로명일련번호코드>01</도로명일련번호코드><도로명지상지하코드>0</도로명지상지하코드><도로명코드>4166756</도로명코드><법정동> 삼성동</법정동><법정동본번코드>0129</법정동본번코드><법정동부번코드>0020</법정동부번코드><법정동시군구코드>11680</법정동시군구코드><법정동읍면동코드>10500</법정동읍면동코드><법정동지번코드>1</법정동지번코드><아파트>풍림</아파트><월>9</월><일>23</일><일련번호>11680-193</일련번호><전용면적>51.68</전용면적><중개사소재지>서울 강남구</중개사소재지><지번>129-20</지번><지역코드>11680</지역코드><층>4</층><해제사유발생일> </해제사유발생일><해제여부> </해제여부></item><item><거래금액>   330,000</거래금액><거래유형>중개거래</거래유형><건축년도>2006</건축년도><년>2022</년><도로명>영동대로114길</도로명><도로명건물본번호코드>00056</도로명건물본번호코드><도로명건물부번호코드>00000</도로명건물부번호코드><도로명시군구코드>11680</도로명시군구코드><도로명일련번호코드>01</도로명일련번호코드><도로명지상지하코드>0</도로명지상지하코드><도로명코드>4166678</도로명코드><법정동> 삼성동</법정동><법정동본번코드>0103</법정동본번코드><법정동부번코드>0022</법정동부번코드><법정동시군구코드>11680</법정동시군구코드><법정동읍면동코드>10500</법정동읍면동코드><법정동지번코드>1</법정동지번코드><아파트>래미안삼성1차(103-22)</아파트><월>9</월><일>27</일><일련번호>11680-3651</일련번호><전용면적>114.12</전용면적><중개사소재지>서울 강남구</중개사소재지><지번>103-22</지번><지역코드>11680</지역코드><층>11</층><해제사유발생일> </해제사유발생일><해제여부> </해제여부></item><item><거래금액>   178,800</거래금액><거래유형>직거래</거래유형><건축년도>2005</건축년도><년>2022</년><도로명>봉은사로81길</도로명><도로명건물본번호코드>00008</도로명건물본번호코드><도로명건물부번호코드>00000</도로명건물부번호코드><도로명시군구코드>11680</도로명시군구코드><도로명일련번호코드>01</도로명일련번호코드><도로명지상지하코드>0</도로명지상지하코드><도로명코드>4166381</도로명코드><법정동> 삼성동</법정동><법정동본번코드>0075</법정동본번코드><법정동부번코드>0003</법정동부번코드><법정동시군구코드>11680</법정동시군구코드><법정동읍면동코드>10500</법정동읍면동코드><법정동지번코드>1</법정동지번코드><아파트>우림루미아트</아파트><월>9</월><일>30</일><일련번호>11680-599</일련번호><전용면적>127.82</전용면적><중개사소재지> </중개사소재지><지번>75-3</지번><지역코드>11680</지역코드><층>7</층><해제사유발생일> </해제사유발생일><해제여부> </해제여부></item><item><거래금액>   250,000</거래금액><거래유형>중개거래</거래유형><건축년도>1979</건축년도><년>2022</년><도로명>삼성로</도로명><도로명건물본번호코드>00212</도로명건물본번호코드><도로명건물부번호코드>00000</도로명건물부번호코드><도로명시군구코드>11680</도로명시군구코드><도로명일련번호코드>04</도로명일련번호코드><도로명지상지하코드>0</도로명지상지하코드><도로명코드>3122005</도로명코드><법정동> 대치동</법정동><법정동본번코드>0316</법정동본번코드><법정동부번코드>0000</법정동부번코드><법정동시군구코드>11680</법정동시군구코드><법정동읍면동코드>10600</법정동읍면동코드><법정동지번코드>1</법정동지번코드><아파트>은마</아파트><월>9</월><일>15</일><일련번호>11680-218</일련번호><전용면적>84.43</전용면적><중개사소재지>서울 강남구</중개사소재지><지번>316</지번><지역코드>11680</지역코드><층>10</층><해제사유발생일> </해제사유발생일><해제여부> </해제여부></item><item><거래금액>   214,000</거래금액><거래유형>중개거래</거래유형><건축년도>1979</건축년도><년>2022</년><도로명>삼성로</도로명><도로명건물본번호코드>00212</도로명건물본번호코드><도로명건물부번호코드>00000</도로명건물부번호코드><도로명시군구코드>11680</도로명시군구코드><도로명일련번호코드>04</도로명일련번호코드><도로명지상지하코드>0</도로명지상지하코드><도로명코드>3122005</도로명코드><법정동> 대치동</법정동><법정동본번코드>0316</법정동본번코드><법정동부번코드>0000</법정동부번코드><법정동시군구코드>11680</법정동시군구코드><법정동읍면동코드>10600</법정동읍면동코드><법정동지번코드>1</법정동지번코드><아파트>은마</아파트><월>9</월><일>17</일><일련번호>11680-218</일련번호><전용면적>76.79</전용면적><중개사소재지>서울 강남구</중개사소재지><지번>316</지번><지역코드>11680</지역코드><층>13</층><해제사유발생일> </해제사유발생일><해제여부> </해제여부></item><item><거래금액>   270,000</거래금액><거래유형>중개거래</거래유형><건축년도>1991</건축년도><년>2022</년><도로명>남부순환로391길</도로명><도로명건물본번호코드>00007</도로명건물본번호코드><도로명건물부번호코드>00000</도로명건물부번호코드><도로명시군구코드>11680</도로명시군구코드><도로명일련번호코드>01</도로명일련번호코드><도로명지상지하코드>0</도로명지상지하코드><도로명코드>4166102</도로명코드><법정동> 대치동</법정동><법정동본번코드>0650</법정동본번코드><법정동부번코드>0000</법정동부번코드><법정동시군구코드>11680</법정동시군구코드><법정동읍면동코드>10600</법정동읍면동코드><법정동지번코드>1</법정동지번코드><아파트>청암빌라트</아파트><월>9</월><일>17</일><일련번호>11680-221</일련번호><전용면적>163.8</전용면적><중개사소재지>서울 강남구</중개사소재지><지번>650</지번><지역코드>11680</지역코드><층>1</층><해제사유발생일> </해제사유발생일><해제여부> </해제여부></item><item><거래금액>   270,000</거래금액><거래유형>중개거래</거래유형><건축년도>1991</건축년도><년>2022</년><도로명>남부순환로391길</도로명><도로명건물본번호코드>00007</도로명건물본번호코드><도로명건물부번호코드>00000</도로명건물부번호코드><도로명시군구코드>11680</도로명시군구코드><도로명일련번호코드>01</도로명일련번호코드><도로명지상지하코드>0</도로명지상지하코드><도로명코드>4166102</도로명코드><법정동> 대치동</법정동><법정동본번코드>0650</법정동본번코드><법정동부번코드>0000</법정동부번코드><법정동시군구코드>11680</법정동시군구코드><법정동읍면동코드>10600</법정동읍면동코드><법정동지번코드>1</법정동지번코드><아파트>청암빌라트</아파트><월>9</월><일>17</일><일련번호>11680-221</일련번호><전용면적>163.8</전용면적><중개사소재지>서울 강남구</중개사소재지><지번>650</지번><지역코드>11680</지역코드><층>1</층><해제사유발생일>23.01.26</해제사유발생일><해제여부>O</해제여부></item><item><거래금액>   195,000</거래금액><거래유형>중개거래</거래유형><건축년도>2020</건축년도><년>2022</년><도로명>언주로</도로명><도로명건물본번호코드>00615</도로명건물본번호코드><도로명건물부번호코드>00000</도로명건물부번호코드><도로명시군구코드>11680</도로명시군구코드><도로명일련번호코드>00</도로명일련번호코드><도로명지상지하코드>0</도로명지상지하코드><도로명코드>3005086</도로명코드><법정동> 논현동</법정동><법정동본번코드>0225</법정동본번코드><법정동부번코드>0006</법정동부번코드><법정동시군구코드>11680</법정동시군구코드><법정동읍면동코드>10800</법정동읍면동코드><법정동지번코드>1</법정동지번코드><아파트>논현아이파크</아파트><월>9</월><일>2</일><일련번호>11680-4911</일련번호><전용면적>84.89</전용면적><중개사소재지>서울 강남구</중개사소재지><지번>225-6</지번><지역코드>11680</지역코드><층>19</층><해제사유발생일> </해제사유발생일><해제여부> </해제여부></item><item><거래금액>    39,000</거래금액><거래유형>중개거래</거래유형><건축년도>2004</건축년도><년>2022</년><도로명>학동로</도로명><도로명건물본번호코드>00165</도로명건물본번호코드><도로명건물부번호코드>00000</도로명건물부번호코드><도로명시군구코드>11680</도로명시군구코드><도로명일련번호코드>03</도로명일련번호코드><도로명지상지하코드>0</도로명지상지하코드><도로명코드>3122011</도로명코드><법정동> 논현동</법정동><법정동본번코드>0058</법정동본번코드><법정동부번코드>0002</법정동부번코드><법정동시군구코드>11680</법정동시군구코드><법정동읍면동코드>10800</법정동읍면동코드><법정동지번코드>1</법정동지번코드><아파트>마일스디오빌</아파트><월>9</월><일>3</일><일련번호>11680-551</일련번호><전용면적>36.29</전용면적><중개사소재지>서울 강남구</중개사소재지><지번>58-2</지번><지역코드>11680</지역코드><층>4</층><해제사유발생일> </해제사유발생일><해제여부> </해제여부></item><item><거래금액>    89,000</거래금액><거래유형>중개거래</거래유형><건축년도>1997</건축년도><년>2022</년><도로명>강남대로146길</도로명><도로명건물본번호코드>00028</도로명건물본번호코드><도로명건물부번호코드>00000</도로명건물부번호코드><도로명시군구코드>11680</도로명시군구코드><도로명일련번호코드>01</도로명일련번호코드><도로명지상지하코드>0</도로명지상지하코드><도로명코드>4166019</도로명코드><법정동> 논현동</법정동><법정동본번코드>0022</법정동본번코드><법정동부번코드>0000</법정동부번코드><법정동시군구코드>11680</법정동시군구코드><법정동읍면동코드>10800</법정동읍면동코드><법정동지번코드>1</법정동지번코드><아파트>신동아(22)</아파트><월>9</월><일>24</일><일련번호>11680-109</일련번호><전용면적>35.73</전용면적><중개사소재지>서울 서초구</중개사소재지><지번>22</지번><지역코드>11680</지역코드><층>1</층><해제사유발생일> </해제사유발생일><해제여부> </해제여부></item><item><거래금액>   465,000</거래금액><거래유형>중개거래</거래유형><건축년도>1978</건축년도><년>2022</년><도로명>압구정로</도로명><도로명건물본번호코드>00201</도로명건물본번호코드><도로명건물부번호코드>00000</도로명건물부번호코드><도로명시군구코드>11680</도로명시군구코드><도로명일련번호코드>03</도로명일련번호코드><도로명지상지하코드>0</도로명지상지하코드><도로명코드>3122007</도로명코드><법정동> 압구정동</법정동><법정동본번코드>0456</법정동본번코드><법정동부번코드>0000</법정동부번코드><법정동시군구코드>11680</법정동시군구코드><법정동읍면동코드>11000</법정동읍면동코드><법정동지번코드>1</법정동지번코드><아파트>현대6차(78~81,83,84,86,87동)</아파트><월>9</월><일>30</일><일련번호>11680-420</일련번호><전용면적>144.7</전용면적><중개사소재지>서울 강남구</중개사소재지><지번>456</지번><지역코드>11680</지역코드><층>6</층><해제사유발생일> </해제사유발생일><해제여부> </해제여부></item><item><거래금액>   225,000</거래금액><거래유형>중개거래</거래유형><건축년도>2014</건축년도><년>2022</년><도로명>자곡로</도로명><도로명건물본번호코드>00101</도로명건물본번호코드><도로명건물부번호코드>00000</도로명건물부번호코드><도로명시군구코드>11680</도로명시군구코드><도로명일련번호코드>02</도로명일련번호코드><도로명지상지하코드>0</도로명지상지하코드><도로명코드>3122014</도로명코드><법정동> 자곡동</법정동><법정동본번코드>0611</법정동본번코드><법정동부번코드>0000</법정동부번코드><법정동시군구코드>11680</법정동시군구코드><법정동읍면동코드>11200</법정동읍면동코드><법정동지번코드>1</법정동지번코드><아파트>래미안강남힐즈</아파트><월>9</월><일>17</일><일련번호>11680-4319</일련번호><전용면적>101.94</전용면적><중개사소재지>서울 강남구</중개사소재지><지번>611</지번><지역코드>11680</지역코드><층>14</층><해제사유발생일> </해제사유발생일><해제여부> </해제여부></item><item><거래금액>   105,000</거래금액><거래유형>중개거래</거래유형><건축년도>1992</건축년도><년>2022</년><도로명>광평로47길</도로명><도로명건물본번호코드>00017</도로명건물본번호코드><도로명건물부번호코드>00000</도로명건물부번호코드><도로명시군구코드>11680</도로명시군구코드><도로명일련번호코드>01</도로명일련번호코드><도로명지상지하코드>0</도로명지상지하코드><도로명코드>4166080</도로명코드><법정동> 수서동</법정동><법정동본번코드>0736</법정동본번코드><법정동부번코드>0000</법정동부번코드><법정동시군구코드>11680</법정동시군구코드><법정동읍면동코드>11500</법정동읍면동코드><법정동지번코드>1</법정동지번코드><아파트>신동아</아파트><월>9</월><일>17</일><일련번호>11680-319</일련번호><전용면적>39.51</전용면적><중개사소재지>서울 강남구</중개사소재지><지번>736</지번><지역코드>11680</지역코드><층>7</층><해제사유발생일> </해제사유발생일><해제여부> </해제여부></item><item><거래금액>   264,000</거래금액><거래유형>중개거래</거래유형><건축년도>2002</건축년도><년>2022</년><도로명>언주로30길</도로명><도로명건물본번호코드>00056</도로명건물본번호코드><도로명건물부번호코드>00000</도로명건물부번호코드><도로명시군구코드>11680</도로명시군구코드><도로명일련번호코드>01</도로명일련번호코드><도로명지상지하코드>0</도로명지상지하코드><도로명코드>4166604</도로명코드><법정동> 도곡동</법정동><법정동본번코드>0467</법정동본번코드><법정동부번코드>0000</법정동부번코드><법정동시군구코드>11680</법정동시군구코드><법정동읍면동코드>11800</법정동읍면동코드><법정동지번코드>1</법정동지번코드><아파트>타워팰리스1</아파트><월>9</월><일>6</일><일련번호>11680-364</일련번호><전용면적>84.16</전용면적><중개사소재지>서울 강남구</중개사소재지><지번>467</지번><지역코드>11680</지역코드><층>38</층><해제사유발생일> </해제사유발생일><해제여부> </해제여부></item><item><거래금액>   240,000</거래금액><거래유형>중개거래</거래유형><건축년도>2006</건축년도><년>2022</년><도로명>선릉로</도로명><도로명건물본번호코드>00221</도로명건물본번호코드><도로명건물부번호코드>00000</도로명건물부번호코드><도로명시군구코드>11680</도로명시군구코드><도로명일련번호코드>08</도로명일련번호코드><도로명지상지하코드>0</도로명지상지하코드><도로명코드>3122006</도로명코드><법정동> 도곡동</법정동><법정동본번코드>0527</법정동본번코드><법정동부번코드>0000</법정동부번코드><법정동시군구코드>11680</법정동시군구코드><법정동읍면동코드>11800</법정동읍면동코드><법정동지번코드>1</법정동지번코드><아파트>도곡렉슬</아파트><월>9</월><일>8</일><일련번호>11680-3623</일련번호><전용면적>59.9818</전용면적><중개사소재지>서울 강남구, 서울 서초구</중개사소재지><지번>527</지번><지역코드>11680</지역코드><층>13</층><해제사유발생일> </해제사유발생일><해제여부> </해제여부></item><item><거래금액>   450,000</거래금액><거래유형>중개거래</거래유형><건축년도>2003</건축년도><년>2022</년><도로명>언주로30길</도로명><도로명건물본번호코드>00057</도로명건물본번호코드><도로명건물부번호코드>00000</도로명건물부번호코드><도로명시군구코드>11680</도로명시군구코드><도로명일련번호코드>01</도로명일련번호코드><도로명지상지하코드>0</도로명지상지하코드><도로명코드>4166604</도로명코드><법정동> 도곡동</법정동><법정동본번코드>0467</법정동본번코드><법정동부번코드>0017</법정동부번코드><법정동시군구코드>11680</법정동시군구코드><법정동읍면동코드>11800</법정동읍면동코드><법정동지번코드>1</법정동지번코드><아파트>타워팰리스2</아파트><월>9</월><일>19</일><일련번호>11680-365</일련번호><전용면적>176.72</전용면적><중개사소재지>서울 강남구</중개사소재지><지번>467-17</지번><지역코드>11680</지역코드><층>22</층><해제사유발생일> </해제사유발생일><해제여부> </해제여부></item><item><거래금액>   278,000</거래금액><거래유형>중개거래</거래유형><건축년도>2006</건축년도><년>2022</년><도로명>선릉로</도로명><도로명건물본번호코드>00221</도로명건물본번호코드><도로명건물부번호코드>00000</도로명건물부번호코드><도로명시군구코드>11680</도로명시군구코드><도로명일련번호코드>08</도로명일련번호코드><도로명지상지하코드>0</도로명지상지하코드><도로명코드>3122006</도로명코드><법정동> 도곡동</법정동><법정동본번코드>0527</법정동본번코드><법정동부번코드>0000</법정동부번코드><법정동시군구코드>11680</법정동시군구코드><법정동읍면동코드>11800</법정동읍면동코드><법정동지번코드>1</법정동지번코드><아파트>도곡렉슬</아파트><월>9</월><일>27</일><일련번호>11680-3623</일련번호><전용면적>84.9984</전용면적><중개사소재지>서울 강남구</중개사소재지><지번>527</지번><지역코드>11680</지역코드><층>9</층><해제사유발생일> </해제사유발생일><해제여부> </해제여부></item></items><numOfRows>999</numOfRows><pageNo>1</pageNo><totalCount>31</totalCount></body></response>