<?xml version="1.0" encoding="UTF-8" standalone="yes"?><response><header><resultCode>00</resultCode><resultMsg>NORMAL SERVICE.</resultMsg></header><body><items><item><거래금액>    85,000</거래금액><거래유형>중개거래</거래유형><건축년도>2003</건축년도><년>2022</년><도로명>논현로64길</도로명><도로명건물본번호코드>00028</도로명건물본번호코드><도로명건물부번호코드>00000</도로명건물부번호코드><도로명시군구코드>11680</도로명시군구코드><도로명일련번호코드>01</도로명일련번호코드><도로명지상지하코드>0</도로명지상지하코드><도로명코드>4166185</도로명코드><법정동> 역삼동</법정동><법정동본번코드>0787</법정동본번코드><법정동부번코드>0004</법정동부번코드><법정동시군구코드>11680</법정동시군구코드><법정동읍면동코드>10100</법정동읍면동코드><법정동지번코드>1</법정동지번코드><아파트>리츠빌아파트</아파트><월>11</월><일>16</일><일련번호>11680-408</일련번호><전용면적>93.22</전용면적><중개사소재지>서울 강남구</중개사소재지><지번>787-4</지번><지역코드>11680</지역코드><층>4</층><해제사유발생일> </해제사유발생일><해제여부> </해제여부></item><item><거래금액>   408,000</거래금액><거래유형>중개거래</거래유형><건축년도>2022</건축년도><년>2022</년><도로명>테헤란로44길</도로명><도로명건물본번호코드>00026</도로명건물본번호코드><도로명건물부번호코드>00000</도로명건물부번호코드><도로명시군구코드>11680</도로명시군구코드><도로명일련번호코드>01</도로명일련번호코드><도로명코드>4166740</도로명코드><법정동> 역삼동</법정동><법정동본번코드>0902</법정동본번코드><법정동부번코드>0000</법정동부번코드><법정동시군구코드>11680</법정동시군구코드><법정동읍면동코드>10100</법정동읍면동코드><법정동지번코드>1</법정동지번코드><아파트>강남센트럴아이파크</아파트><월>11</월><일>16</일><일련번호>11680-5056</일련번호><전용면적>125.462</전용면적><중개사소재지>서울 강남구</중개사소재지><지번>902</지번><지역코드>11680</지역코드><층>18</층><해제사유발생일> </해제사유발생일><해제여부> </해제여부></item><item><거래금액>   134,000</거래금액><거래유형>중개거래</거래유형><건축년도>1992</건축년도><년>2022</년><도로명>개포로109길</도로명><도로명건물본번호코드>00021</도로명건물본번호코드><도로명건물부번호코드>00000</도로명건물부번호코드><도로명시군구코드>11680</도로명시군구코드><도로명일련번호코드>01</도로명일련번호코드><도로명지상지하코드>0</도로명지상지하코드><도로명코드>4166040</도로명코드><법정동> 개포동</법정동><법정동본번코드>0012</법정동본번코드><법정동부번코드>0000</법정동부번코드><법정동시군구코드>11680</법정동시군구코드><법정동읍면동코드>10300</법정동읍면동코드><법정동지번코드>1</법정동지번코드><아파트>삼익대청아파트</아파트><월>11</월><일>14</일><일련번호>11680-279</일련번호><전용면적>60</전용면적><중개사소재지>서울 강남구, 서울 서초구</중개사소재지><지번>12</지번><지역코드>11680</지역코드><층>7</층><해제사유발생일> </해제사유발생일><해제여부> </해제여부></item><item><거래금액>   102,500</거래금액><거래유형>중개거래</거래유형><건축년도>1992</건축년도><년>2022</년><도로명>개포로109길</도로명><도로명건물본번호코드>00009</도로명건물본번호코드><도로명건물부번호코드>00000</도로명건물부번호코드><도로명시군구코드>11680</도로명시군구코드><도로명일련번호코드>01</도로명일련번호코드><도로명지상지하코드>0</도로명지상지하코드><도로명코드>4166040</도로명코드><법정동> 개포동</법정동><법정동본번코드>0012</법정동본번코드><법정동부번코드>0000</법정동부번코드><법정동시군구코드>11680</법정동시군구코드><법정동읍면동코드>10300</법정동읍면동코드><법정동지번코드>1</법정동지번코드><아파트>성원대치2단지아파트</아파트><월>11</월><일>15</일><일련번호>11680-280</일련번호><전용면적>39.53</전용면적><중개사소재지>서울 강남구</중개사소재지><지번>12</지번><지역코드>11680</지역코드><층>3</층><해제사유발생일> </해제사유발생일><해제여부> </해제여부></item><item><거래금액>    84,700</거래금액><거래유형>중개거래</거래유형><건축년도>1992</건축년도><년>2022</년><도로명>개포로109길</도로명><도로명건물본번호코드>00009</도로명건물본번호코드><도로명건물부번호코드>00000</도로명건물부번호코드><도로명시군구코드>11680</도로명시군구코드><도로명일련번호코드>01</도로명일련번호코드><도로명지상지하코드>0</도로명지상지하코드><도로명코드>4166040</도로명코드><법정동> 개포동</법정동><법정동본번코드>0012</법정동본번코드><법정동부번코드>0000</법정동부번코드><법정동시군구코드>11680</법정동시군구코드><법정동읍면동코드>10300</법정동읍면동코드><법정동지번코드>1</법정동지번코드><아파트>성원대치2단지아파트</아파트><월>11</월><일>16</일><일련번호>11680-280</일련번호><전용면적>33.18</전용면적><중개사소재지>서울 강남구</중개사소재지><지번>12</지번><지역코드>11680</지역코드><층>13</층><해제사유발생일> </해제사유발생일><해제여부> </해제여부></item><item><거래금액>   240,000</거래금액><거래유형>중개거래</거래유형><건축년도>2020</건축년도><년>2022</년><도로명>개포로</도로명><도로명건물본번호코드>00264</도로명건물본번호코드><도로명건물부번호코드>00000</도로명건물부번호코드><도로명시군구코드>11680</도로명시군구코드><도로명일련번호코드>01</도로명일련번호코드><도로명코드>3122001</도로명코드><법정동> 개포동</법정동><법정동본번코드>1282</법정동본번코드><법정동부번코드>0000</법정동부번코드><법정동시군구코드>11680</법정동시군구코드><법정동읍면동코드>10300</법정동읍면동코드><법정동지번코드>1</법정동지번코드><아파트>개포래미안포레스트</아파트><월>11</월><일>25</일><일련번호>11680-4929</일련번호><전용면적>84.83</전용면적><중개사소재지>서울 강남구</중개사소재지><지번>1282</지번><지역코드>11680</지역코드><층>33</층><해제사유발생일> </해제사유발생일><해제여부> </해제여부></item><item><거래금액>   250,000</거래금액><거래유형>중개거래</거래유형><건축년도>2019</건축년도><년>2022</년><도로명>삼성로</도로명><도로명건물본번호코드>00011</도로명건물본번호코드><도로명건물부번호코드>00000</도로명건물부번호코드><도로명시군구코드>11680</도로명시군구코드><도로명일련번호코드>01</도로명일련번호코드><도로명코드>3122005</도로명코드><법정동> 개포동</법정동><법정동본번코드>0138</법정동본번코드><법정동부번코드>0000</법정동부번코드><법정동시군구코드>11680</법정동시군구코드><법정동읍면동코드>10300</법정동읍면동코드><법정동지번코드>1</법정동지번코드><아파트>디에이치아너힐즈</아파트><월>11</월><일>26</일><일련번호>11680-4850</일련번호><전용면적>84.3558</전용면적><중개사소재지>서울 강남구</중개사소재지><지번>138</지번><지역코드>11680</지역코드><층>19</층><해제사유발생일> </해제사유발생일><해제여부> </해제여부></item><item><거래금액>   240,000</거래금액><거래유형>중개거래</거래유형><건축년도>2020</건축년도><년>2022</년><도로명>개포로</도로명><도로명건물본번호코드>00264</도로명건물본번호코드><도로명건물부번호코드>00000</도로명건물부번호코드><도로명시군구코드>11680</도로명시군구코드><도로명일련번호코드>01</도로명일련번호코드><도로명코드>3122001</도로명코드><법정동> 개포동</법정동><법정동본번코드>1282</법정동본번코드><법정동부번코드>0000</법정동부번코드><법정동시군구코드>11680</법정동시군구코드><법정동읍면동코드>10300</법정동읍면동코드><법정동지번코드>1</법정동지번코드><아파트>개포래미안포레스트</아파트><월>11</월><일>29</일><일련번호>11680-4929</일련번호><전용면적>84.86</전용면적><중개사소재지>서울 강남구</중개사소재지><지번>1282</지번><지역코드>11680</지역코드><층>5</층><해제사유발생일> </해제사유발생일><해제여부> </해제여부></item><item><거래금액>   245,000</거래금액><거래유형>중개거래</거래유형><건축년도>2004</건축년도><년>2022</년><도로명>도산대로99길</도로명><도로명건물본번호코드>00042</도로명건물본번호코드><도로명건물부번호코드>00000</도로명건물부번호코드><도로명시군구코드>11680</도로명시군구코드><도로명일련번호코드>01</도로명일련번호코드><도로명지상지하코드>0</도로명지상지하코드><도로명코드>4166312</도로명코드><법정동> 청담동</법정동><법정동본번코드>0111</법정동본번코드><법정동부번코드>0011</법정동부번코드><법정동시군구코드>11680</법정동시군구코드><법정동읍면동코드>10400</법정동읍면동코드><법정동지번코드>1</법정동지번코드><아파트>청담CJ빌리지</아파트><월>11</월><일>16</일><일련번호>11680-587</일련번호><전용면적>159.94</전용면적><중개사소재지>서울 강남구</중개사소재지><지번>111-11</지번><지역코드>11680</지역코드><층>4</층><해제사유발생일> </해제사유발생일><해제여부> </해제여부></item><item><거래금액>   235,000</거래금액><거래유형>중개거래</거래유형><건축년도>1979</건축년도><년>2022</년><도로명>삼성로</도로명><도로명건물본번호코드>00212</도로명건물본번호코드><도로명건물부번호코드>00000</도로명건물부번호코드><도로명시군구코드>11680</도로명시군구코드><도로명일련번호코드>04</도로명일련번호코드><도로명지상지하코드>0</도로명지상지하코드><도로명코드>3122005</도로명코드><법정동> 대치동</법정동><법정동본번코드>0316</법정동본번코드><법정동부번코드>0000</법정동부번코드><법정동시군구코드>11680</법정동시군구코드><법정동읍면동코드>10600</법정동읍면동코드><법정동지번코드>1</법정동지번코드><아파트>은마</아파트><월>11</월><일>1</일><일련번호>11680-218</일련번호><전용면적>84.43</전용면적><중개사소재지>서울 강남구</중개사소재지><지번>316</지번><지역코드>11680</지역코드><층>10</층><해제사유발생일> </해제사유발생일><해제여부> </해제여부></item><item><거래금액>   210,000</거래금액><거래유형>중개거래</거래유형><건축년도>1990</건축년도><년>2022</년><도로명>남부순환로395길</도로명><도로명건물본번호코드>00010</도로명건물본번호코드><도로명건물부번호코드>00000</도로명건물부번호코드><도로명시군구코드>11680</도로명시군구코드><도로명일련번호코드>01</도로명일련번호코드><도로명지상지하코드>0</도로명지상지하코드><도로명코드>4166104</도로명코드><법정동> 대치동</법정동><법정동본번코드>0602</법정동본번코드><법정동부번코드>0000</법정동부번코드><법정동시군구코드>11680</법정동시군구코드><법정동읍면동코드>10600</법정동읍면동코드><법정동지번코드>1</법정동지번코드><아파트>선경3차</아파트><월>11</월><일>3</일><일련번호>11680-212</일련번호><전용면적>76.6</전용면적><중개사소재지>서울 강남구</중개사소재지><지번>602</지번><지역코드>11680</지역코드><층>7</층><해제사유발생일> </해제사유발생일><해제여부> </해제여부></item><item><거래금액>   254,000</거래금액><거래유형>중개거래</거래유형><건축년도>2000</건축년도><년>2022</년><도로명>도곡로78길</도로명><도로명건물본번호코드>00022</도로명건물본번호코드><도로명건물부번호코드>00000</도로명건물부번호코드><도로명시군구코드>11680</도로명시군구코드><도로명일련번호코드>01</도로명일련번호코드><도로명지상지하코드>0</도로명지상지하코드><도로명코드>4166245</도로명코드><법정동> 대치동</법정동><법정동본번코드>1014</법정동본번코드><법정동부번코드>0003</법정동부번코드><법정동시군구코드>11680</법정동시군구코드><법정동읍면동코드>10600</법정동읍면동코드><법정동지번코드>1</법정동지번코드><아파트>대치삼성</아파트><월>11</월><일>5</일><일련번호>11680-205</일련번호><전용면적>97.35</전용면적><중개사소재지>서울 강남구</중개사소재지><지번>1014-3</지번><지역코드>11680</지역코드><층>11</층><해제사유발생일> </해제사유발생일><해제여부> </해제여부></item><item><거래금액>    39,800</거래금액><거래유형>중개거래</거래유형><건축년도>2004</건축년도><년>2022</년><도로명>테헤란로</도로명><도로명건물본번호코드>00428</도로명건물본번호코드><도로명건물부번호코드>00000</도로명건물부번호코드><도로명시군구코드>11680</도로명시군구코드><도로명일련번호코드>03</도로명일련번호코드><도로명지상지하코드>0</도로명지상지하코드><도로명코드>3122010</도로명코드><법정동> 대치동</법정동><법정동본번코드>0891</법정동본번코드><법정동부번코드>0006</법정동부번코드><법정동시군구코드>11680</법정동시군구코드><법정동읍면동코드>10600</법정동읍면동코드><법정동지번코드>1</법정동지번코드><아파트>테헤란로대우아이빌(891-6)</아파트><월>11</월><일>5</일><일련번호>11680-529</일련번호><전용면적>33.11</전용면적><중개사소재지>서울 강남구</중개사소재지><지번>891-6</지번><지역코드>11680</지역코드><층>9</층><해제사유발생일> </해제사유발생일><해제여부> </해제여부></item><item><거래금액>   191,500</거래금액><거래유형>중개거래</거래유형><건축년도>1979</건축년도><년>2022</년><도로명>삼성로</도로명><도로명건물본번호코드>00212</도로명건물본번호코드><도로명건물부번호코드>00000</도로명건물부번호코드><도로명시군구코드>11680</도로명시군구코드><도로명일련번호코드>04</도로명일련번호코드><도로명지상지하코드>0</도로명지상지하코드><도로명코드>3122005</도로명코드><법정동> 대치동</법정동><법정동본번코드>0316</법정동본번코드><법정동부번코드>0000</법정동부번코드><법정동시군구코드>11680</법정동시군구코드><법정동읍면동코드>10600</법정동읍면동코드><법정동지번코드>1</법정동지번코드><아파트>은마</아파트><월>11</월><일>5</일><일련번호>11680-218</일련번호><전용면적>76.79</전용면적><중개사소재지>서울 강남구</중개사소재지><지번>316</지번><지역코드>11680</지역코드><층>10</층><해제사유발생일> </해제사유발생일><해제여부> </해제여부></item><item><거래금액>   177,000</거래금액><거래유형>중개거래</거래유형><건축년도>1979</건축년도><년>2022</년><도로명>삼성로</도로명><도로명건물본번호코드>00212</도로명건물본번호코드><도로명건물부번호코드>00000</도로명건물부번호코드><도로명시군구코드>11680</도로명시군구코드><도로명일련번호코드>04</도로명일련번호코드><도로명지상지하코드>0</도로명지상지하코드><도로명코드>3122005</도로명코드><법정동> 대치동</법정동><법정동본번코드>0316</법정동본번코드><법정동부번코드>0000</법정동부번코드><법정동시군구코드>11680</법정동시군구코드><법정동읍면동코드>10600</법정동읍면동코드><법정동지번코드>1</법정동지번코드><아파트>은마</아파트><월>11</월><일>8</일><일련번호>11680-218</일련번호><전용면적>76.79</전용면적><중개사소재지>서울 강남구</중개사소재지><지번>316</지번><지역코드>11680</지역코드><층>1</층><해제사유발생일> </해제사유발생일><해제여부> </해제여부></item><item><거래금액>   385,000</거래금액><거래유형>중개거래</거래유형><건축년도>1983</건축년도><년>2022</년><도로명>삼성로</도로명><도로명건물본번호코드>00151</도로명건물본번호코드><도로명건물부번호코드>00000</도로명건물부번호코드><도로명시군구코드>11680</도로명시군구코드><도로명일련번호코드>04</도로명일련번호코드><도로명지상지하코드>0</도로명지상지하코드><도로명코드>3122005</도로명코드><법정동> 대치동</법정동><법정동본번코드>0506</법정동본번코드><법정동부번코드>0000</법정동부번코드><법정동시군구코드>11680</법정동시군구코드><법정동읍면동코드>10600</법정동읍면동코드><법정동지번코드>1</법정동지번코드><아파트>선경1차(1동-7동)</아파트><월>11</월><일>11</일><일련번호>11680-211</일련번호><전용면적>136.68</전용면적><중개사소재지>서울 강남구</중개사소재지><지번>506</지번><지역코드>11680</지역코드><층>11</층><해제사유발생일> </해제사유발생일><해제여부> </해제여부></item><item><거래금액>   220,000</거래금액><거래유형>중개거래</거래유형><건축년도>1979</건축년도><년>2022</년><도로명>삼성로</도로명><도로명건물본번호코드>00212</도로명건물본번호코드><도로명건물부번호코드>00000</도로명건물부번호코드><도로명시군구코드>11680</도로명시군구코드><도로명일련번호코드>04</도로명일련번호코드><도로명지상지하코드>0</도로명지상지하코드><도로명코드>3122005</도로명코드><법정동> 대치동</법정동><법정동본번코드>0316</법정동본번코드><법정동부번코드>0000</법정동부번코드><법정동시군구코드>11680</법정동시군구코드><법정동읍면동코드>10600</법정동읍면동코드><법정동지번코드>1</법정동지번코드><아파트>은마</아파트><월>11</월><일>16</일><일련번호>11680-218</일련번호><전용면적>84.43</전용면적><중개사소재지>서울 강남구</중개사소재지><지번>316</지번><지역코드>11680</지역코드><층>4</층><해제사유발생일> </해제사유발생일><해제여부> </해제여부></item><item><거래금액>   348,000</거래금액><거래유형>중개거래</거래유형><건축년도>2015</건축년도><년>2022</년><도로명>삼성로51길</도로명><도로명건물본번호코드>00037</도로명건물본번호코드><도로명건물부번호코드>00000</도로명건물부번호코드><도로명시군구코드>11680</도로명시군구코드><도로명일련번호코드>00</도로명일련번호코드><도로명코드>4166413</도로명코드><법정동> 대치동</법정동><법정동본번코드>1027</법정동본번코드><법정동부번코드>0000</법정동부번코드><법정동시군구코드>11680</법정동시군구코드><법정동읍면동코드>10600</법정동읍면동코드><법정동지번코드>1</법정동지번코드><아파트>래미안대치팰리스</아파트><월>11</월><일>16</일><일련번호>11680-4394</일련번호><전용면적>94.49</전용면적><중개사소재지>서울 강남구</중개사소재지><지번>1027</지번><지역코드>11680</지역코드><층>15</층><해제사유발생일> </해제사유발생일><해제여부> </해제여부></item><item><거래금액>   291,000</거래금액><거래유형>중개거래</거래유형><건축년도>2015</건축년도><년>2022</년><도로명>삼성로51길</도로명><도로명건물본번호코드>00035</도로명건물본번호코드><도로명건물부번호코드>00000</도로명건물부번호코드><도로명시군구코드>11680</도로명시군구코드><도로명일련번호코드>01</도로명일련번호코드><도로명지상지하코드>0</도로명지상지하코드><도로명코드>4166413</도로명코드><법정동> 대치동</법정동><법정동본번코드>1027</법정동본번코드><법정동부번코드>0000</법정동부번코드><법정동시군구코드>11680</법정동시군구코드><법정동읍면동코드>10600</법정동읍면동코드><법정동지번코드>1</법정동지번코드><아파트>래미안대치팰리스</아파트><월>11</월><일>17</일><일련번호>11680-4394</일련번호><전용면적>91.93</전용면적><중개사소재지>서울 강남구</중개사소재지><지번>1027</지번><지역코드>11680</지역코드><층>20</층><해제사유발생일> </해제사유발생일><해제여부> </해제여부></item><item><거래금액>   215,000</거래금액><거래유형>중개거래</거래유형><건축년도>1979</건축년도><년>2022</년><도로명>삼성로</도로명><도로명건물본번호코드>00212</도로명건물본번호코드><도로명건물부번호코드>00000</도로명건물부번호코드><도로명시군구코드>11680</도로명시군구코드><도로명일련번호코드>04</도로명일련번호코드><도로명지상지하코드>0</도로명지상지하코드><도로명코드>3122005</도로명코드><법정동> 대치동</법정동><법정동본번코드>0316</법정동본번코드><법정동부번코드>0000</법정동부번코드><법정동시군구코드>11680</법정동시군구코드><법정동읍면동코드>10600</법정동읍면동코드><법정동지번코드>1</법정동지번코드><아파트>은마</아파트><월>11</월><일>21</일><일련번호>11680-218</일련번호><전용면적>84.43</전용면적><중개사소재지>서울 강남구</중개사소재지><지번>316</지번><지역코드>11680</지역코드><층>5</층><해제사유발생일> </해제사유발생일><해제여부> </해제여부></item><item><거래금액>   260,000</거래금액><거래유형>중개거래</거래유형><건축년도>1984</건축년도><년>2022</년><도로명>영동대로</도로명><도로명건물본번호코드>00230</도로명건물본번호코드><도로명건물부번호코드>00000</도로명건물부번호코드><도로명시군구코드>11680</도로명시군구코드><도로명일련번호코드>04</도로명일련번호코드><도로명지상지하코드>0</도로명지상지하코드><도로명코드>2122002</도로명코드><법정동> 대치동</법정동><법정동본번코드>0063</법정동본번코드><법정동부번코드>0000</법정동부번코드><법정동시군구코드>11680</법정동시군구코드><법정동읍면동코드>10600</법정동읍면동코드><법정동지번코드>1</법정동지번코드><아파트>대치우성아파트1동,2동,3동,5동,6동,7동</아파트><월>11</월><일>22</일><일련번호>11680-217</일련번호><전용면적>115.59</전용면적><중개사소재지>서울 강남구</중개사소재지><지번>63</지번><지역코드>11680</지역코드><층>4</층><해제사유발생일> </해제사유발생일><해제여부> </해제여부></item><item><거래금액>   226,000</거래금액><거래유형>중개거래</거래유형><건축년도>1979</건축년도><년>2022</년><도로명>삼성로</도로명><도로명건물본번호코드>00212</도로명건물본번호코드><도로명건물부번호코드>00000</도로명건물부번호코드><도로명시군구코드>11680</도로명시군구코드><도로명일련번호코드>04</도로명일련번호코드><도로명지상지하코드>0</도로명지상지하코드><도로명코드>3122005</도로명코드><법정동> 대치동</법정동><법정동본번코드>0316</법정동본번코드><법정동부번코드>0000</법정동부번코드><법정동시군구코드>11680</법정동시군구코드><법정동읍면동코드>10600</법정동읍면동코드><법정동지번코드>1</법정동지번코드><아파트>은마</아파트><월>11</월><일>22</일><일련번호>11680-218</일련번호><전용면적>84.43</전용면적><중개사소재지>서울 강남구</중개사소재지><지번>316</지번><지역코드>11680</지역코드><층>12</층><해제사유발생일> </해제사유발생일><해제여부> </해제여부></item><item><거래금액>    28,000</거래금액><거래유형>중개거래</거래유형><건축년도>2013</건축년도><년>2022</년><도로명>봉은사로29길</도로명><도로명건물본번호코드>00035</도로명건물본번호코드><도로명건물부번호코드>00000</도로명건물부번호코드><도로명시군구코드>11680</도로명시군구코드><도로명일련번호코드>01</도로명일련번호코드><도로명지상지하코드>0</도로명지상지하코드><도로명코드>4166345</도로명코드><법정동> 논현동</법정동><법정동본번코드>0221</법정동본번코드><법정동부번코드>0007</법정동부번코드><법정동시군구코드>11680</법정동시군구코드><법정동읍면동코드>10800</법정동읍면동코드><법정동지번코드>1</법정동지번코드><아파트>한양수자인어반게이트</아파트><월>11</월><일>2</일><일련번호>11680-4202</일련번호><전용면적>20.23</전용면적><중개사소재지>서울 강남구</중개사소재지><지번>221-7</지번><지역코드>11680</지역코드><층>7</층><해제사유발생일> </해제사유발생일><해제여부> </해제여부></item><item><거래금액>   139,000</거래금액><거래유형>중개거래</거래유형><건축년도>2009</건축년도><년>2022</년><도로명>언주로136길</도로명><도로명건물본번호코드>00016</도로명건물본번호코드><도로명건물부번호코드>00000</도로명건물부번호코드><도로명시군구코드>11680</도로명시군구코드><도로명일련번호코드>01</도로명일련번호코드><도로명지상지하코드>0</도로명지상지하코드><도로명코드>4166578</도로명코드><법정동> 논현동</법정동><법정동본번코드>0114</법정동본번코드><법정동부번코드>0023</법정동부번코드><법정동시군구코드>11680</법정동시군구코드><법정동읍면동코드>10800</법정동읍면동코드><법정동지번코드>1</법정동지번코드><아파트>로체샤르캐슬</아파트><월>11</월><일>10</일><일련번호>11680-3844</일련번호><전용면적>106.59</전용면적><중개사소재지>서울 강남구</중개사소재지><지번>114-23</지번><지역코드>11680</지역코드><층>4</층><해제사유발생일> </해제사유발생일><해제여부> </해제여부></item><item><거래금액>   105,000</거래금액><거래유형>중개거래</거래유형><건축년도>1996</건축년도><년>2022</년><도로명>도산대로50길</도로명><도로명건물본번호코드>00043</도로명건물본번호코드><도로명건물부번호코드>00000</도로명건물부번호코드><도로명시군구코드>11680</도로명시군구코드><도로명일련번호코드>01</도로명일련번호코드><도로명지상지하코드>0</도로명지상지하코드><도로명코드>4166281</도로명코드><법정동> 논현동</법정동><법정동본번코드>0103</법정동본번코드><법정동부번코드>0000</법정동부번코드><법정동시군구코드>11680</법정동시군구코드><법정동읍면동코드>10800</법정동읍면동코드><법정동지번코드>1</법정동지번코드><아파트>쌍용</아파트><월>11</월><일>12</일><일련번호>11680-136</일련번호><전용면적>84.87</전용면적><중개사소재지>서울 강남구</중개사소재지><지번>103</지번><지역코드>11680</지역코드><층>3</층><해제사유발생일>23.02.28</해제사유발생일><해제여부>O</해제여부></item><item><거래금액>   560,000</거래금액><거래유형>중개거래</거래유형><건축년도>1983</건축년도><년>2022</년><도로명>압구정로</도로명><도로명건물본번호코드>00151</도로명건물본번호코드><도로명건물부번호코드>00000</도로명건물부번호코드><도로명시군구코드>11680</도로명시군구코드><도로명일련번호코드>03</도로명일련번호코드><도로명지상지하코드>0</도로명지상지하코드><도로명코드>3122007</도로명코드><법정동> 압구정동</법정동><법정동본번코드>0433</법정동본번코드><법정동부번코드>0000</법정동부번코드><법정동시군구코드>11680</법정동시군구코드><법정동읍면동코드>11000</법정동읍면동코드><법정동지번코드>1</법정동지번코드><아파트>신현대11차</아파트><월>11</월><일>25</일><일련번호>11680-425</일련번호><전용면적>183.41</전용면적><중개사소재지>서울 강남구</중개사소재지><지번>433</지번><지역코드>11680</지역코드><층>9</층><해제사유발생일> </해제사유발생일><해제여부> </해제여부></item><item><거래금액>   268,000</거래금액><거래유형>중개거래</거래유형><건축년도>1979</건축년도><년>2022</년><도로명>압구정로</도로명><도로명건물본번호코드>00401</도로명건물본번호코드><도로명건물부번호코드>00000</도로명건물부번호코드><도로명시군구코드>11680</도로명시군구코드><도로명일련번호코드>03</도로명일련번호코드><도로명지상지하코드>0</도로명지상지하코드><도로명코드>3122007</도로명코드><법정동> 압구정동</법정동><법정동본번코드>0513</법정동본번코드><법정동부번코드>0000</법정동부번코드><법정동시군구코드>11680</법정동시군구코드><법정동읍면동코드>11000</법정동읍면동코드><법정동지번코드>1</법정동지번코드><아파트>한양5</아파트><월>11</월><일>30</일><일련번호>11680-382</일련번호><전용면적>100.5</전용면적><중개사소재지>서울 강남구</중개사소재지><지번>513</지번><지역코드>11680</지역코드><층>10</층><해제사유발생일> </해제사유발생일><해제여부> </해제여부></item><item><거래금액>   184,000</거래금액><거래유형>중개거래</거래유형><건축년도>2014</건축년도><년>2022</년><도로명>자곡로</도로명><도로명건물본번호코드>00101</도로명건물본번호코드><도로명건물부번호코드>00000</도로명건물부번호코드><도로명시군구코드>11680</도로명시군구코드><도로명일련번호코드>02</도로명일련번호코드><도로명지상지하코드>0</도로명지상지하코드><도로명코드>3122014</도로명코드><법정동> 자곡동</법정동><법정동본번코드>0611</법정동본번코드><법정동부번코드>0000</법정동부번코드><법정동시군구코드>11680</법정동시군구코드><법정동읍면동코드>11200</법정동읍면동코드><법정동지번코드>1</법정동지번코드><아파트>래미안강남힐즈</아파트><월>11</월><일>6</일><일련번호>11680-4319</일련번호><전용면적>101.95</전용면적><중개사소재지>서울 강남구</중개사소재지><지번>611</지번><지역코드>11680</지역코드><층>12</층><해제사유발생일> </해제사유발생일><해제여부> </해제여부></item><item><거래금액>   189,000</거래금액><거래유형>중개거래</거래유형><건축년도>2014</건축년도><년>2022</년><도로명>자곡로</도로명><도로명건물본번호코드>00101</도로명건물본번호코드><도로명건물부번호코드>00000</도로명건물부번호코드><도로명시군구코드>11680</도로명시군구코드><도로명일련번호코드>02</도로명일련번호코드><도로명지상지하코드>0</도로명지상지하코드><도로명코드>3122014</도로명코드><법정동> 자곡동</법정동><법정동본번코드>0611</법정동본번코드><법정동부번코드>0000</법정동부번코드><법정동시군구코드>11680</법정동시군구코드><법정동읍면동코드>11200</법정동읍면동코드><법정동지번코드>1</법정동지번코드><아파트>래미안강남힐즈</아파트><월>11</월><일>12</일><일련번호>11680-4319</일련번호><전용면적>91.96</전용면적><중개사소재지>서울 강남구</중개사소재지><지번>611</지번><지역코드>11680</지역코드><층>3</층><해제사유발생일> </해제사유발생일><해제여부> </해제여부></item><item><거래금액>   176,000</거래금액><거래유형>중개거래</거래유형><건축년도>2014</건축년도><년>2022</년><도로명>자곡로</도로명><도로명건물본번호코드>00101</도로명건물본번호코드><도로명건물부번호코드>00000</도로명건물부번호코드><도로명시군구코드>11680</도로명시군구코드><도로명일련번호코드>02</도로명일련번호코드><도로명지상지하코드>0</도로명지상지하코드><도로명코드>3122014</도로명코드><법정동> 자곡동</법정동><법정동본번코드>0611</법정동본번코드><법정동부번코드>0000</법정동부번코드><법정동시군구코드>11680</법정동시군구코드><법정동읍면동코드>11200</법정동읍면동코드><법정동지번코드>1</법정동지번코드><아파트>래미안강남힐즈</아파트><월>11</월><일>15</일><일련번호>11680-4319</일련번호><전용면적>91.96</전용면적><중개사소재지>서울 강남구</중개사소재지><지번>611</지번><지역코드>11680</지역코드><층>11</층><해제사유발생일> </해제사유발생일><해제여부> </해제여부></item><item><거래금액>   154,000</거래금액><거래유형>중개거래</거래유형><건축년도>1994</건축년도><년>2022</년><도로명>일원로14길</도로명><도로명건물본번호코드>00025</도로명건물본번호코드><도로명건물부번호코드>00000</도로명건물부번호코드><도로명시군구코드>11680</도로명시군구코드><도로명일련번호코드>00</도로명일련번호코드><도로명코드>4166705</도로명코드><법정동> 일원동</법정동><법정동본번코드>0719</법정동본번코드><법정동부번코드>0000</법정동부번코드><법정동시군구코드>11680</법정동시군구코드><법정동읍면동코드>11400</법정동읍면동코드><법정동지번코드>1</법정동지번코드><아파트>푸른마을아파트101동~111동</아파트><월>11</월><일>2</일><일련번호>11680-308</일련번호><전용면적>84.93</전용면적><중개사소재지>서울 강남구</중개사소재지><지번>719</지번><지역코드>11680</지역코드><층>2</층><해제사유발생일>22.12.19</해제사유발생일><해제여부>O</해제여부></item><item><거래금액>   100,000</거래금액><거래유형>중개거래</거래유형><건축년도>1992</건축년도><년>2022</년><도로명>양재대로55길</도로명><도로명건물본번호코드>00012</도로명건물본번호코드><도로명건물부번호코드>00000</도로명건물부번호코드><도로명시군구코드>11680</도로명시군구코드><도로명일련번호코드>01</도로명일련번호코드><도로명지상지하코드>0</도로명지상지하코드><도로명코드>4166557</도로명코드><법정동> 일원동</법정동><법정동본번코드>0711</법정동본번코드><법정동부번코드>0000</법정동부번코드><법정동시군구코드>11680</법정동시군구코드><법정동읍면동코드>11400</법정동읍면동코드><법정동지번코드>1</법정동지번코드><아파트>수서</아파트><월>11</월><일>3</일><일련번호>11680-305</일련번호><전용면적>49.68</전용면적><중개사소재지>서울 강남구</중개사소재지><지번>711</지번><지역코드>11680</지역코드><층>10</층><해제사유발생일> </해제사유발생일><해제여부> </해제여부></item><item><거래금액>   160,000</거래금액><거래유형>중개거래</거래유형><건축년도>1993</건축년도><년>2022</년><도로명>광평로10길</도로명><도로명건물본번호코드>00015</도로명건물본번호코드><도로명건물부번호코드>00000</도로명건물부번호코드><도로명시군구코드>11680</도로명시군구코드><도로명일련번호코드>01</도로명일련번호코드><도로명지상지하코드>0</도로명지상지하코드><도로명코드>4166070</도로명코드><법정동> 일원동</법정동><법정동본번코드>0734</법정동본번코드><법정동부번코드>0000</법정동부번코드><법정동시군구코드>11680</법정동시군구코드><법정동읍면동코드>11400</법정동읍면동코드><법정동지번코드>1</법정동지번코드><아파트>상록수</아파트><월>11</월><일>9</일><일련번호>11680-303</일련번호><전용면적>74.54</전용면적><중개사소재지>서울 강남구</중개사소재지><지번>734</지번><지역코드>11680</지역코드><층>1</층><해제사유발생일> </해제사유발생일><해제여부> </해제여부></item><item><거래금액>    80,000</거래금액><거래유형>중개거래</거래유형><건축년도>1992</건축년도><년>2022</년><도로명>광평로47길</도로명><도로명건물본번호코드>00017</도로명건물본번호코드><도로명건물부번호코드>00000</도로명건물부번호코드><도로명시군구코드>11680</도로명시군구코드><도로명일련번호코드>01</도로명일련번호코드><도로명지상지하코드>0</도로명지상지하코드><도로명코드>4166080</도로명코드><법정동> 수서동</법정동><법정동본번코드>0736</법정동본번코드><법정동부번코드>0000</법정동부번코드><법정동시군구코드>11680</법정동시군구코드><법정동읍면동코드>11500</법정동읍면동코드><법정동지번코드>1</법정동지번코드><아파트>신동아</아파트><월>11</월><일>12</일><일련번호>11680-319</일련번호><전용면적>33.18</전용면적><중개사소재지>서울 강남구</중개사소재지><지번>736</지번><지역코드>11680</지역코드><층>10</층><해제사유발생일> </해제사유발생일><해제여부> </해제여부></item><item><거래금액>    99,500</거래금액><거래유형>중개거래</거래유형><건축년도>2003</건축년도><년>2022</년><도로명>도곡로6길</도로명><도로명건물본번호코드>00018</도로명건물본번호코드><도로명건물부번호코드>00000</도로명건물부번호코드><도로명시군구코드>11680</도로명시군구코드><도로명일련번호코드>01</도로명일련번호코드><도로명지상지하코드>0</도로명지상지하코드><도로명코드>4166241</도로명코드><법정동> 도곡동</법정동><법정동본번코드>0944</법정동본번코드><법정동부번코드>0006</법정동부번코드><법정동시군구코드>11680</법정동시군구코드><법정동읍면동코드>11800</법정동읍면동코드><법정동지번코드>1</법정동지번코드><아파트>대명비발디</아파트><월>11</월><일>7</일><일련번호>11680-708</일련번호><전용면적>82.67</전용면적><중개사소재지>서울 강남구</중개사소재지><지번>944-6</지번><지역코드>11680</지역코드><층>3</층><해제사유발생일> </해제사유발생일><해제여부> </해제여부></item><item><거래금액>   144,000</거래금액><거래유형>중개거래</거래유형><건축년도>1994</건축년도><년>2022</년><도로명>남부순환로379길</도로명><도로명건물본번호코드>00014</도로명건물본번호코드><도로명건물부번호코드>00000</도로명건물부번호코드><도로명시군구코드>11680</도로명시군구코드><도로명일련번호코드>01</도로명일련번호코드><도로명지상지하코드>0</도로명지상지하코드><도로명코드>4166100</도로명코드><법정동> 도곡동</법정동><법정동본번코드>0161</법정동본번코드><법정동부번코드>0000</법정동부번코드><법정동시군구코드>11680</법정동시군구코드><법정동읍면동코드>11800</법정동읍면동코드><법정동지번코드>1</법정동지번코드><아파트>삼성</아파트><월>11</월><일>9</일><일련번호>11680-330</일련번호><전용면적>73.41</전용면적><중개사소재지>서울 강남구</중개사소재지><지번>161</지번><지역코드>11680</지역코드><층>11</층><해제사유발생일> </해제사유발생일><해제여부> </해제여부></item><item><거래금액>   165,000</거래금액><거래유형>중개거래</거래유형><건축년도>2001</건축년도><년>2022</년><도로명>남부순환로</도로명><도로명건물본번호코드>02803</도로명건물본번호코드><도로명건물부번호코드>00000</도로명건물부번호코드><도로명시군구코드>11680</도로명시군구코드><도로명일련번호코드>03</도로명일련번호코드><도로명지상지하코드>0</도로명지상지하코드><도로명코드>2000003</도로명코드><법정동> 도곡동</법정동><법정동본번코드>0091</법정동본번코드><법정동부번코드>0005</법정동부번코드><법정동시군구코드>11680</법정동시군구코드><법정동읍면동코드>11800</법정동읍면동코드><법정동지번코드>1</법정동지번코드><아파트>삼성래미안</아파트><월>11</월><일>29</일><일련번호>11680-331</일련번호><전용면적>59.96</전용면적><중개사소재지>서울 강남구</중개사소재지><지번>91-5</지번><지역코드>11680</지역코드><층>1</층><해제사유발생일> </해제사유발생일><해제여부> </해제여부></item><item><거래금액>   345,000</거래금액><거래유형>중개거래</거래유형><건축년도>2002</건축년도><년>2022</년><도로명>언주로30길</도로명><도로명건물본번호코드>00056</도로명건물본번호코드><도로명건물부번호코드>00000</도로명건물부번호코드><도로명시군구코드>11680</도로명시군구코드><도로명일련번호코드>01</도로명일련번호코드><도로명지상지하코드>0</도로명지상지하코드><도로명코드>4166604</도로명코드><법정동> 도곡동</법정동><법정동본번코드>0467</법정동본번코드><법정동부번코드>0000</법정동부번코드><법정동시군구코드>11680</법정동시군구코드><법정동읍면동코드>11800</법정동읍면동코드><법정동지번코드>1</법정동지번코드><아파트>타워팰리스1</아파트><월>11</월><일>30</일><일련번호>11680-364</일련번호><전용면적>137.24</전용면적><중개사소재지>서울 강남구</중개사소재지><지번>467</지번><지역코드>11680</지역코드><층>28</층><해제사유발생일> </해제사유발생일><해제여부> </해제여부></item></items><numOfRows>999</numOfRows><pageNo>1</pageNo><totalCount>38</totalCount></body></response>