<?xml version="1.0" encoding="UTF-8" standalone="yes"?><response><header><resultCode>00</resultCode><resultMsg>NORMAL SERVICE.</resultMsg></header><body><items><item><거래금액>    54,700</거래금액><거래유형>중개거래</거래유형><건축년도>2004</건축년도><년>2023</년><도로명>솔샘로</도로명><도로명건물본번호코드>00174</도로명건물본번호코드><도로명건물부번호코드>00000</도로명건물부번호코드><도로명시군구코드>11305</도로명시군구코드><도로명일련번호코드>01</도로명일련번호코드><도로명지상지하코드>0</도로명지상지하코드><도로명코드>3005042</도로명코드><법정동> 미아동</법정동><법정동본번코드>1353</법정동본번코드><법정동부번코드>0000</법정동부번코드><법정동시군구코드>11305</법정동시군구코드><법정동읍면동코드>10100</법정동읍면동코드><법정동지번코드>1</법정동지번코드><아파트>에스케이북한산시티</아파트><월>2</월><일>2</일><일련번호>11305-6</일련번호><전용면적>59.98</전용면적><중개사소재지>서울 강북구</중개사소재지><지번>1353</지번><지역코드>11305</지역코드><층>13</층><해제사유발생일> </해제사유발생일><해제여부> </해제여부></item><item><거래금액>    13,600</거래금액><거래유형>중개거래</거래유형><건축년도>2014</건축년도><년>2023</년><도로명>도봉로</도로명><도로명건물본번호코드>00290</도로명건물본번호코드><도로명건물부번호코드>00000</도로명건물부번호코드><도로명시군구코드>11305</도로명시군구코드><도로명일련번호코드>01</도로명일련번호코드><도로명지상지하코드>0</도로명지상지하코드><도로명코드>3005039</도로명코드><법정동> 미아동</법정동><법정동본번코드>0160</법정동본번코드><법정동부번코드>0003</법정동부번코드><법정동시군구코드>11305</법정동시군구코드><법정동읍면동코드>10100</법정동읍면동코드><법정동지번코드>1</법정동지번코드><아파트>푸르지오시티</아파트><월>2</월><일>2</일><일련번호>11305-4711</일련번호><전용면적>18.6479</전용면적><중개사소재지>서울 강북구</중개사소재지><지번>160-3</지번><지역코드>11305</지역코드><층>18</층><해제사유발생일> </해제사유발생일><해제여부> </해제여부></item><item><거래금액>    60,000</거래금액><거래유형>중개거래</거래유형><건축년도>2010</건축년도><년>2023</년><도로명>삼양로27길</도로명><도로명건물본번호코드>00019</도로명건물본번호코드><도로명건물부번호코드>00000</도로명건물부번호코드><도로명시군구코드>11305</도로명시군구코드><도로명일련번호코드>01</도로명일련번호코드><도로명지상지하코드>0</도로명지상지하코드><도로명코드>4124230</도로명코드><법정동> 미아동</법정동><법정동본번코드>0812</법정동본번코드><법정동부번코드>0000</법정동부번코드><법정동시군구코드>11305</법정동시군구코드><법정동읍면동코드>10100</법정동읍면동코드><법정동지번코드>1</법정동지번코드><아파트>삼성래미안트리베라2단지</아파트><월>2</월><일>2</일><일련번호>11305-4129</일련번호><전용면적>59.38</전용면적><중개사소재지>서울 강북구</중개사소재지><지번>812</지번><지역코드>11305</지역코드><층>9</층><해제사유발생일> </해제사유발생일><해제여부> </해제여부></item><item><거래금액>    59,500</거래금액><거래유형>중개거래</거래유형><건축년도>2010</건축년도><년>2023</년><도로명>삼양로27길</도로명><도로명건물본번호코드>00019</도로명건물본번호코드><도로명건물부번호코드>00000</도로명건물부번호코드><도로명시군구코드>11305</도로명시군구코드><도로명일련번호코드>01</도로명일련번호코드><도로명지상지하코드>0</도로명지상지하코드><도로명코드>4124230</도로명코드><법정동> 미아동</법정동><법정동본번코드>0812</법정동본번코드><법정동부번코드>0000</법정동부번코드><법정동시군구코드>11305</법정동시군구코드><법정동읍면동코드>10100</법정동읍면동코드><법정동지번코드>1</법정동지번코드><아파트>삼성래미안트리베라2단지</아파트><월>2</월><일>2</일><일련번호>11305-4129</일련번호><전용면적>59.38</전용면적><중개사소재지>서울 강북구</중개사소재지><지번>812</지번><지역코드>11305</지역코드><층>9</층><해제사유발생일> </해제사유발생일><해제여부> </해제여부></item><item><거래금액>    65,000</거래금액><거래유형>중개거래</거래유형><건축년도>2010</건축년도><년>2023</년><도로명>삼양로19길</도로명><도로명건물본번호코드>00025</도로명건물본번호코드><도로명건물부번호코드>00000</도로명건물부번호코드><도로명시군구코드>11305</도로명시군구코드><도로명일련번호코드>01</도로명일련번호코드><도로명지상지하코드>0</도로명지상지하코드><도로명코드>4124223</도로명코드><법정동> 미아동</법정동><법정동본번코드>0813</법정동본번코드><법정동부번코드>0000</법정동부번코드><법정동시군구코드>11305</법정동시군구코드><법정동읍면동코드>10100</법정동읍면동코드><법정동지번코드>1</법정동지번코드><아파트>래미안트리베라1단지</아파트><월>2</월><일>4</일><일련번호>11305-4123</일련번호><전용면적>59.6</전용면적><중개사소재지>서울 성북구</중개사소재지><지번>813</지번><지역코드>11305</지역코드><층>13</층><해제사유발생일> </해제사유발생일><해제여부> </해제여부></item><item><거래금액>    50,000</거래금액><거래유형>중개거래</거래유형><건축년도>2003</건축년도><년>2023</년><도로명>오패산로30길</도로명><도로명건물본번호코드>00030</도로명건물본번호코드><도로명건물부번호코드>00000</도로명건물부번호코드><도로명시군구코드>11305</도로명시군구코드><도로명일련번호코드>01</도로명일련번호코드><도로명지상지하코드>0</도로명지상지하코드><도로명코드>4124400</도로명코드><법정동> 미아동</법정동><법정동본번코드>1356</법정동본번코드><법정동부번코드>0000</법정동부번코드><법정동시군구코드>11305</법정동시군구코드><법정동읍면동코드>10100</법정동읍면동코드><법정동지번코드>1</법정동지번코드><아파트>경남아너스빌(1356-0)</아파트><월>2</월><일>9</일><일련번호>11305-47</일련번호><전용면적>59.964</전용면적><중개사소재지>서울 강북구, 서울 성북구</중개사소재지><지번>1356</지번><지역코드>11305</지역코드><층>11</층><해제사유발생일> </해제사유발생일><해제여부> </해제여부></item><item><거래금액>    67,000</거래금액><거래유형>중개거래</거래유형><건축년도>2004</건축년도><년>2023</년><도로명>솔샘로</도로명><도로명건물본번호코드>00174</도로명건물본번호코드><도로명건물부번호코드>00000</도로명건물부번호코드><도로명시군구코드>11305</도로명시군구코드><도로명일련번호코드>01</도로명일련번호코드><도로명지상지하코드>0</도로명지상지하코드><도로명코드>3005042</도로명코드><법정동> 미아동</법정동><법정동본번코드>1353</법정동본번코드><법정동부번코드>0000</법정동부번코드><법정동시군구코드>11305</법정동시군구코드><법정동읍면동코드>10100</법정동읍면동코드><법정동지번코드>1</법정동지번코드><아파트>에스케이북한산시티</아파트><월>2</월><일>11</일><일련번호>11305-6</일련번호><전용면적>114.85</전용면적><중개사소재지>서울 강북구</중개사소재지><지번>1353</지번><지역코드>11305</지역코드><층>11</층><해제사유발생일> </해제사유발생일><해제여부> </해제여부></item><item><거래금액>    82,000</거래금액><거래유형>중개거래</거래유형><건축년도>2010</건축년도><년>2023</년><도로명>삼양로27길</도로명><도로명건물본번호코드>00019</도로명건물본번호코드><도로명건물부번호코드>00000</도로명건물부번호코드><도로명시군구코드>11305</도로명시군구코드><도로명일련번호코드>01</도로명일련번호코드><도로명지상지하코드>0</도로명지상지하코드><도로명코드>4124230</도로명코드><법정동> 미아동</법정동><법정동본번코드>0812</법정동본번코드><법정동부번코드>0000</법정동부번코드><법정동시군구코드>11305</법정동시군구코드><법정동읍면동코드>10100</법정동읍면동코드><법정동지번코드>1</법정동지번코드><아파트>삼성래미안트리베라2단지</아파트><월>2</월><일>11</일><일련번호>11305-4129</일련번호><전용면적>84.18</전용면적><중개사소재지>서울 강북구</중개사소재지><지번>812</지번><지역코드>11305</지역코드><층>8</층><해제사유발생일> </해제사유발생일><해제여부> </해제여부></item><item><거래금액>    74,500</거래금액><거래유형>중개거래</거래유형><건축년도>2006</건축년도><년>2023</년><도로명>숭인로7가길</도로명><도로명건물본번호코드>00037</도로명건물본번호코드><도로명건물부번호코드>00000</도로명건물부번호코드><도로명시군구코드>11305</도로명시군구코드><도로명일련번호코드>01</도로명일련번호코드><도로명지상지하코드>0</도로명지상지하코드><도로명코드>4124394</도로명코드><법정동> 미아동</법정동><법정동본번코드>0474</법정동본번코드><법정동부번코드>0000</법정동부번코드><법정동시군구코드>11305</법정동시군구코드><법정동읍면동코드>10100</법정동읍면동코드><법정동지번코드>1</법정동지번코드><아파트>미아동부센트레빌</아파트><월>2</월><일>11</일><일련번호>11305-3667</일련번호><전용면적>84.89</전용면적><중개사소재지>서울 강북구</중개사소재지><지번>474</지번><지역코드>11305</지역코드><층>2</층><해제사유발생일> </해제사유발생일><해제여부> </해제여부></item><item><거래금액>    73,000</거래금액><거래유형>중개거래</거래유형><건축년도>2004</건축년도><년>2023</년><도로명>솔샘로</도로명><도로명건물본번호코드>00174</도로명건물본번호코드><도로명건물부번호코드>00000</도로명건물부번호코드><도로명시군구코드>11305</도로명시군구코드><도로명일련번호코드>01</도로명일련번호코드><도로명지상지하코드>0</도로명지상지하코드><도로명코드>3005042</도로명코드><법정동> 미아동</법정동><법정동본번코드>1353</법정동본번코드><법정동부번코드>0000</법정동부번코드><법정동시군구코드>11305</법정동시군구코드><법정동읍면동코드>10100</법정동읍면동코드><법정동지번코드>1</법정동지번코드><아파트>에스케이북한산시티</아파트><월>2</월><일>14</일><일련번호>11305-6</일련번호><전용면적>114.85</전용면적><중개사소재지>서울 강북구, 서울 성동구</중개사소재지><지번>1353</지번><지역코드>11305</지역코드><층>8</층><해제사유발생일> </해제사유발생일><해제여부> </해제여부></item><item><거래금액>    59,500</거래금액><거래유형>중개거래</거래유형><건축년도>2003</건축년도><년>2023</년><도로명>오패산로30길</도로명><도로명건물본번호코드>00030</도로명건물본번호코드><도로명건물부번호코드>00000</도로명건물부번호코드><도로명시군구코드>11305</도로명시군구코드><도로명일련번호코드>01</도로명일련번호코드><도로명지상지하코드>0</도로명지상지하코드><도로명코드>4124400</도로명코드><법정동> 미아동</법정동><법정동본번코드>1356</법정동본번코드><법정동부번코드>0000</법정동부번코드><법정동시군구코드>11305</법정동시군구코드><법정동읍면동코드>10100</법정동읍면동코드><법정동지번코드>1</법정동지번코드><아파트>경남아너스빌(1356-0)</아파트><월>2</월><일>14</일><일련번호>11305-47</일련번호><전용면적>59.964</전용면적><중개사소재지>서울 성동구</중개사소재지><지번>1356</지번><지역코드>11305</지역코드><층>10</층><해제사유발생일>23.02.15</해제사유발생일><해제여부>O</해제여부></item><item><거래금액>    45,900</거래금액><거래유형>중개거래</거래유형><건축년도>2004</건축년도><년>2023</년><도로명>솔샘로</도로명><도로명건물본번호코드>00159</도로명건물본번호코드><도로명건물부번호코드>00000</도로명건물부번호코드><도로명시군구코드>11305</도로명시군구코드><도로명일련번호코드>01</도로명일련번호코드><도로명지상지하코드>0</도로명지상지하코드><도로명코드>3005042</도로명코드><법정동> 미아동</법정동><법정동본번코드>1354</법정동본번코드><법정동부번코드>0000</법정동부번코드><법정동시군구코드>11305</법정동시군구코드><법정동읍면동코드>10100</법정동읍면동코드><법정동지번코드>1</법정동지번코드><아파트>벽산라이브파크</아파트><월>2</월><일>15</일><일련번호>11305-13</일련번호><전용면적>59.67</전용면적><중개사소재지>서울 강북구, 서울 성북구</중개사소재지><지번>1354</지번><지역코드>11305</지역코드><층>3</층><해제사유발생일> </해제사유발생일><해제여부> </해제여부></item><item><거래금액>    64,300</거래금액><거래유형>중개거래</거래유형><건축년도>2011</건축년도><년>2023</년><도로명>삼양로27길</도로명><도로명건물본번호코드>00095</도로명건물본번호코드><도로명건물부번호코드>00000</도로명건물부번호코드><도로명시군구코드>11305</도로명시군구코드><도로명일련번호코드>01</도로명일련번호코드><도로명지상지하코드>0</도로명지상지하코드><도로명코드>4124230</도로명코드><법정동> 미아동</법정동><법정동본번코드>0811</법정동본번코드><법정동부번코드>0000</법정동부번코드><법정동시군구코드>11305</법정동시군구코드><법정동읍면동코드>10100</법정동읍면동코드><법정동지번코드>1</법정동지번코드><아파트>두산위브트레지움</아파트><월>2</월><일>15</일><일련번호>11305-4255</일련번호><전용면적>59.54</전용면적><중개사소재지>서울 강북구</중개사소재지><지번>811</지번><지역코드>11305</지역코드><층>18</층><해제사유발생일> </해제사유발생일><해제여부> </해제여부></item><item><거래금액>    59,000</거래금액><거래유형>중개거래</거래유형><건축년도>2003</건축년도><년>2023</년><도로명>오패산로30길</도로명><도로명건물본번호코드>00030</도로명건물본번호코드><도로명건물부번호코드>00000</도로명건물부번호코드><도로명시군구코드>11305</도로명시군구코드><도로명일련번호코드>01</도로명일련번호코드><도로명지상지하코드>0</도로명지상지하코드><도로명코드>4124400</도로명코드><법정동> 미아동</법정동><법정동본번코드>1356</법정동본번코드><법정동부번코드>0000</법정동부번코드><법정동시군구코드>11305</법정동시군구코드><법정동읍면동코드>10100</법정동읍면동코드><법정동지번코드>1</법정동지번코드><아파트>경남아너스빌(1356-0)</아파트><월>2</월><일>15</일><일련번호>11305-47</일련번호><전용면적>59.964</전용면적><중개사소재지>서울 성동구</중개사소재지><지번>1356</지번><지역코드>11305</지역코드><층>10</층><해제사유발생일> </해제사유발생일><해제여부> </해제여부></item><item><거래금액>    81,000</거래금액><거래유형>중개거래</거래유형><건축년도>2010</건축년도><년>2023</년><도로명>삼양로19길</도로명><도로명건물본번호코드>00025</도로명건물본번호코드><도로명건물부번호코드>00000</도로명건물부번호코드><도로명시군구코드>11305</도로명시군구코드><도로명일련번호코드>01</도로명일련번호코드><도로명지상지하코드>0</도로명지상지하코드><도로명코드>4124223</도로명코드><법정동> 미아동</법정동><법정동본번코드>0813</법정동본번코드><법정동부번코드>0000</법정동부번코드><법정동시군구코드>11305</법정동시군구코드><법정동읍면동코드>10100</법정동읍면동코드><법정동지번코드>1</법정동지번코드><아파트>래미안트리베라1단지</아파트><월>2</월><일>18</일><일련번호>11305-4123</일련번호><전용면적>84.97</전용면적><중개사소재지>서울 강북구</중개사소재지><지번>813</지번><지역코드>11305</지역코드><층>23</층><해제사유발생일> </해제사유발생일><해제여부> </해제여부></item><item><거래금액>    81,800</거래금액><거래유형>중개거래</거래유형><건축년도>2019</건축년도><년>2023</년><도로명>오현로</도로명><도로명건물본번호코드>00045</도로명건물본번호코드><도로명건물부번호코드>00000</도로명건물부번호코드><도로명시군구코드>11305</도로명시군구코드><도로명일련번호코드>01</도로명일련번호코드><도로명지상지하코드>0</도로명지상지하코드><도로명코드>3108004</도로명코드><법정동> 미아동</법정동><법정동본번코드>1369</법정동본번코드><법정동부번코드>0000</법정동부번코드><법정동시군구코드>11305</법정동시군구코드><법정동읍면동코드>10100</법정동읍면동코드><법정동지번코드>1</법정동지번코드><아파트>꿈의숲해링턴플레이스</아파트><월>2</월><일>18</일><일련번호>11305-5365</일련번호><전용면적>84.86</전용면적><중개사소재지>서울 강북구</중개사소재지><지번>1369</지번><지역코드>11305</지역코드><층>9</층><해제사유발생일> </해제사유발생일><해제여부> </해제여부></item><item><거래금액>    13,970</거래금액><거래유형>중개거래</거래유형><건축년도>2014</건축년도><년>2023</년><도로명>도봉로</도로명><도로명건물본번호코드>00290</도로명건물본번호코드><도로명건물부번호코드>00000</도로명건물부번호코드><도로명시군구코드>11305</도로명시군구코드><도로명일련번호코드>01</도로명일련번호코드><도로명지상지하코드>0</도로명지상지하코드><도로명코드>3005039</도로명코드><법정동> 미아동</법정동><법정동본번코드>0160</법정동본번코드><법정동부번코드>0003</법정동부번코드><법정동시군구코드>11305</법정동시군구코드><법정동읍면동코드>10100</법정동읍면동코드><법정동지번코드>1</법정동지번코드><아파트>푸르지오시티</아파트><월>2</월><일>18</일><일련번호>11305-4711</일련번호><전용면적>18.6479</전용면적><중개사소재지>서울 강북구</중개사소재지><지번>160-3</지번><지역코드>11305</지역코드><층>16</층><해제사유발생일> </해제사유발생일><해제여부> </해제여부></item><item><거래금액>    99,000</거래금액><거래유형>중개거래</거래유형><건축년도>2017</건축년도><년>2023</년><도로명>오현로</도로명><도로명건물본번호코드>00056</도로명건물본번호코드><도로명건물부번호코드>00000</도로명건물부번호코드><도로명시군구코드>11305</도로명시군구코드><도로명일련번호코드>00</도로명일련번호코드><도로명코드>3108004</도로명코드><법정동> 미아동</법정동><법정동본번코드>0004</법정동본번코드><법정동부번코드>0000</법정동부번코드><법정동시군구코드>11305</법정동시군구코드><법정동읍면동코드>10100</법정동읍면동코드><법정동지번코드>1</법정동지번코드><아파트>꿈의숲롯데캐슬</아파트><월>2</월><일>20</일><일련번호>11305-5141</일련번호><전용면적>84.98</전용면적><중개사소재지>서울 강북구</중개사소재지><지번>4</지번><지역코드>11305</지역코드><층>5</층><해제사유발생일> </해제사유발생일><해제여부> </해제여부></item><item><거래금액>    75,000</거래금액><거래유형>중개거래</거래유형><건축년도>2004</건축년도><년>2023</년><도로명>솔샘로</도로명><도로명건물본번호코드>00174</도로명건물본번호코드><도로명건물부번호코드>00000</도로명건물부번호코드><도로명시군구코드>11305</도로명시군구코드><도로명일련번호코드>01</도로명일련번호코드><도로명지상지하코드>0</도로명지상지하코드><도로명코드>3005042</도로명코드><법정동> 미아동</법정동><법정동본번코드>1353</법정동본번코드><법정동부번코드>0000</법정동부번코드><법정동시군구코드>11305</법정동시군구코드><법정동읍면동코드>10100</법정동읍면동코드><법정동지번코드>1</법정동지번코드><아파트>에스케이북한산시티</아파트><월>2</월><일>22</일><일련번호>11305-6</일련번호><전용면적>114.85</전용면적><중개사소재지>서울 강북구</중개사소재지><지번>1353</지번><지역코드>11305</지역코드><층>15</층><해제사유발생일> </해제사유발생일><해제여부> </해제여부></item><item><거래금액>    53,000</거래금액><거래유형>중개거래</거래유형><건축년도>2004</건축년도><년>2023</년><도로명>솔샘로</도로명><도로명건물본번호코드>00174</도로명건물본번호코드><도로명건물부번호코드>00000</도로명건물부번호코드><도로명시군구코드>11305</도로명시군구코드><도로명일련번호코드>01</도로명일련번호코드><도로명지상지하코드>0</도로명지상지하코드><도로명코드>3005042</도로명코드><법정동> 미아동</법정동><법정동본번코드>1353</법정동본번코드><법정동부번코드>0000</법정동부번코드><법정동시군구코드>11305</법정동시군구코드><법정동읍면동코드>10100</법정동읍면동코드><법정동지번코드>1</법정동지번코드><아파트>에스케이북한산시티</아파트><월>2</월><일>23</일><일련번호>11305-6</일련번호><전용면적>59.98</전용면적><중개사소재지>서울 강북구</중개사소재지><지번>1353</지번><지역코드>11305</지역코드><층>23</층><해제사유발생일> </해제사유발생일><해제여부> </해제여부></item><item><거래금액>    55,800</거래금액><거래유형>중개거래</거래유형><건축년도>2004</건축년도><년>2023</년><도로명>솔샘로</도로명><도로명건물본번호코드>00174</도로명건물본번호코드><도로명건물부번호코드>00000</도로명건물부번호코드><도로명시군구코드>11305</도로명시군구코드><도로명일련번호코드>01</도로명일련번호코드><도로명지상지하코드>0</도로명지상지하코드><도로명코드>3005042</도로명코드><법정동> 미아동</법정동><법정동본번코드>1353</법정동본번코드><법정동부번코드>0000</법정동부번코드><법정동시군구코드>11305</법정동시군구코드><법정동읍면동코드>10100</법정동읍면동코드><법정동지번코드>1</법정동지번코드><아파트>에스케이북한산시티</아파트><월>2</월><일>23</일><일련번호>11305-6</일련번호><전용면적>59.98</전용면적><중개사소재지>서울 강북구</중개사소재지><지번>1353</지번><지역코드>11305</지역코드><층>23</층><해제사유발생일> </해제사유발생일><해제여부> </해제여부></item><item><거래금액>    81,000</거래금액><거래유형>중개거래</거래유형><건축년도>2003</건축년도><년>2023</년><도로명>오패산로30길</도로명><도로명건물본번호코드>00030</도로명건물본번호코드><도로명건물부번호코드>00000</도로명건물부번호코드><도로명시군구코드>11305</도로명시군구코드><도로명일련번호코드>01</도로명일련번호코드><도로명지상지하코드>0</도로명지상지하코드><도로명코드>4124400</도로명코드><법정동> 미아동</법정동><법정동본번코드>1356</법정동본번코드><법정동부번코드>0000</법정동부번코드><법정동시군구코드>11305</법정동시군구코드><법정동읍면동코드>10100</법정동읍면동코드><법정동지번코드>1</법정동지번코드><아파트>경남아너스빌(1356-0)</아파트><월>2</월><일>24</일><일련번호>11305-47</일련번호><전용면적>114.922</전용면적><중개사소재지>서울 강북구</중개사소재지><지번>1356</지번><지역코드>11305</지역코드><층>10</층><해제사유발생일> </해제사유발생일><해제여부> </해제여부></item><item><거래금액>    64,000</거래금액><거래유형>중개거래</거래유형><건축년도>2003</건축년도><년>2023</년><도로명>삼양로19길</도로명><도로명건물본번호코드>00113</도로명건물본번호코드><도로명건물부번호코드>00000</도로명건물부번호코드><도로명시군구코드>11305</도로명시군구코드><도로명일련번호코드>01</도로명일련번호코드><도로명지상지하코드>0</도로명지상지하코드><도로명코드>4124223</도로명코드><법정동> 미아동</법정동><법정동본번코드>1357</법정동본번코드><법정동부번코드>0000</법정동부번코드><법정동시군구코드>11305</법정동시군구코드><법정동읍면동코드>10100</법정동읍면동코드><법정동지번코드>1</법정동지번코드><아파트>삼각산아이원</아파트><월>2</월><일>25</일><일련번호>11305-46</일련번호><전용면적>84.705</전용면적><중개사소재지>서울 강북구, 서울 동대문구</중개사소재지><지번>1357</지번><지역코드>11305</지역코드><층>15</층><해제사유발생일> </해제사유발생일><해제여부> </해제여부></item><item><거래금액>    64,500</거래금액><거래유형>중개거래</거래유형><건축년도>2011</건축년도><년>2023</년><도로명>삼양로27길</도로명><도로명건물본번호코드>00095</도로명건물본번호코드><도로명건물부번호코드>00000</도로명건물부번호코드><도로명시군구코드>11305</도로명시군구코드><도로명일련번호코드>01</도로명일련번호코드><도로명지상지하코드>0</도로명지상지하코드><도로명코드>4124230</도로명코드><법정동> 미아동</법정동><법정동본번코드>0811</법정동본번코드><법정동부번코드>0000</법정동부번코드><법정동시군구코드>11305</법정동시군구코드><법정동읍면동코드>10100</법정동읍면동코드><법정동지번코드>1</법정동지번코드><아파트>두산위브트레지움</아파트><월>2</월><일>25</일><일련번호>11305-4255</일련번호><전용면적>59.99</전용면적><중개사소재지>서울 강북구</중개사소재지><지번>811</지번><지역코드>11305</지역코드><층>18</층><해제사유발생일> </해제사유발생일><해제여부> </해제여부></item><item><거래금액>    63,500</거래금액><거래유형>중개거래</거래유형><건축년도>2003</건축년도><년>2023</년><도로명>삼양로19길</도로명><도로명건물본번호코드>00113</도로명건물본번호코드><도로명건물부번호코드>00000</도로명건물부번호코드><도로명시군구코드>11305</도로명시군구코드><도로명일련번호코드>01</도로명일련번호코드><도로명지상지하코드>0</도로명지상지하코드><도로명코드>4124223</도로명코드><법정동> 미아동</법정동><법정동본번코드>1357</법정동본번코드><법정동부번코드>0000</법정동부번코드><법정동시군구코드>11305</법정동시군구코드><법정동읍면동코드>10100</법정동읍면동코드><법정동지번코드>1</법정동지번코드><아파트>삼각산아이원</아파트><월>2</월><일>27</일><일련번호>11305-46</일련번호><전용면적>84.705</전용면적><중개사소재지>서울 강북구</중개사소재지><지번>1357</지번><지역코드>11305</지역코드><층>5</층><해제사유발생일> </해제사유발생일><해제여부> </해제여부></item><item><거래금액>    53,000</거래금액><거래유형>중개거래</거래유형><건축년도>1992</건축년도><년>2023</년><도로명>한천로109길</도로명><도로명건물본번호코드>00069</도로명건물본번호코드><도로명건물부번호코드>00000</도로명건물부번호코드><도로명시군구코드>11305</도로명시군구코드><도로명일련번호코드>01</도로명일련번호코드><도로명지상지하코드>0</도로명지상지하코드><도로명코드>4124551</도로명코드><법정동> 번동</법정동><법정동본번코드>0133</법정동본번코드><법정동부번코드>0001</법정동부번코드><법정동시군구코드>11305</법정동시군구코드><법정동읍면동코드>10200</법정동읍면동코드><법정동지번코드>1</법정동지번코드><아파트>번동한양아파트</아파트><월>2</월><일>3</일><일련번호>11305-26</일련번호><전용면적>84.67</전용면적><중개사소재지>서울 강북구</중개사소재지><지번>133-1</지번><지역코드>11305</지역코드><층>8</층><해제사유발생일> </해제사유발생일><해제여부> </해제여부></item><item><거래금액>    51,000</거래금액><거래유형>중개거래</거래유형><건축년도>1992</건축년도><년>2023</년><도로명>한천로109길</도로명><도로명건물본번호코드>00069</도로명건물본번호코드><도로명건물부번호코드>00000</도로명건물부번호코드><도로명시군구코드>11305</도로명시군구코드><도로명일련번호코드>01</도로명일련번호코드><도로명지상지하코드>0</도로명지상지하코드><도로명코드>4124551</도로명코드><법정동> 번동</법정동><법정동본번코드>0133</법정동본번코드><법정동부번코드>0001</법정동부번코드><법정동시군구코드>11305</법정동시군구코드><법정동읍면동코드>10200</법정동읍면동코드><법정동지번코드>1</법정동지번코드><아파트>번동한양아파트</아파트><월>2</월><일>7</일><일련번호>11305-26</일련번호><전용면적>84.67</전용면적><중개사소재지>서울 강북구</중개사소재지><지번>133-1</지번><지역코드>11305</지역코드><층>1</층><해제사유발생일> </해제사유발생일><해제여부> </해제여부></item><item><거래금액>    59,900</거래금액><거래유형>중개거래</거래유형><건축년도>2003</건축년도><년>2023</년><도로명>오현로</도로명><도로명건물본번호코드>00156</도로명건물본번호코드><도로명건물부번호코드>00000</도로명건물부번호코드><도로명시군구코드>11305</도로명시군구코드><도로명일련번호코드>02</도로명일련번호코드><도로명지상지하코드>0</도로명지상지하코드><도로명코드>3108004</도로명코드><법정동> 번동</법정동><법정동본번코드>0139</법정동본번코드><법정동부번코드>0000</법정동부번코드><법정동시군구코드>11305</법정동시군구코드><법정동읍면동코드>10200</법정동읍면동코드><법정동지번코드>1</법정동지번코드><아파트>해모로아파트</아파트><월>2</월><일>16</일><일련번호>11305-28</일련번호><전용면적>127.25</전용면적><중개사소재지>서울 강북구</중개사소재지><지번>139</지번><지역코드>11305</지역코드><층>13</층><해제사유발생일> </해제사유발생일><해제여부> </해제여부></item><item><거래금액>    44,900</거래금액><거래유형>중개거래</거래유형><건축년도>1991</건축년도><년>2023</년><도로명>한천로105길</도로명><도로명건물본번호코드>00023</도로명건물본번호코드><도로명건물부번호코드>00000</도로명건물부번호코드><도로명시군구코드>11305</도로명시군구코드><도로명일련번호코드>01</도로명일련번호코드><도로명지상지하코드>0</도로명지상지하코드><도로명코드>4124549</도로명코드><법정동> 번동</법정동><법정동본번코드>0242</법정동본번코드><법정동부번코드>0000</법정동부번코드><법정동시군구코드>11305</법정동시군구코드><법정동읍면동코드>10200</법정동읍면동코드><법정동지번코드>1</법정동지번코드><아파트>주공1단지</아파트><월>2</월><일>17</일><일련번호>11305-24</일련번호><전용면적>49.94</전용면적><중개사소재지>서울 강북구</중개사소재지><지번>242</지번><지역코드>11305</지역코드><층>1</층><해제사유발생일> </해제사유발생일><해제여부> </해제여부></item><item><거래금액>    52,800</거래금액><거래유형>중개거래</거래유형><건축년도>2003</건축년도><년>2023</년><도로명>오현로</도로명><도로명건물본번호코드>00156</도로명건물본번호코드><도로명건물부번호코드>00000</도로명건물부번호코드><도로명시군구코드>11305</도로명시군구코드><도로명일련번호코드>02</도로명일련번호코드><도로명지상지하코드>0</도로명지상지하코드><도로명코드>3108004</도로명코드><법정동> 번동</법정동><법정동본번코드>0139</법정동본번코드><법정동부번코드>0000</법정동부번코드><법정동시군구코드>11305</법정동시군구코드><법정동읍면동코드>10200</법정동읍면동코드><법정동지번코드>1</법정동지번코드><아파트>해모로아파트</아파트><월>2</월><일>28</일><일련번호>11305-28</일련번호><전용면적>59.98</전용면적><중개사소재지>서울 강북구</중개사소재지><지번>139</지번><지역코드>11305</지역코드><층>14</층><해제사유발생일> </해제사유발생일><해제여부> </해제여부></item><item><거래금액>    29,300</거래금액><거래유형>중개거래</거래유형><건축년도>2012</건축년도><년>2023</년><도로명>도봉로71가길</도로명><도로명건물본번호코드>00035</도로명건물본번호코드><도로명건물부번호코드>00000</도로명건물부번호코드><도로명시군구코드>11305</도로명시군구코드><도로명일련번호코드>01</도로명일련번호코드><도로명지상지하코드>0</도로명지상지하코드><도로명코드>4124129</도로명코드><법정동> 수유동</법정동><법정동본번코드>0050</법정동본번코드><법정동부번코드>0020</법정동부번코드><법정동시군구코드>11305</법정동시군구코드><법정동읍면동코드>10300</법정동읍면동코드><법정동지번코드>1</법정동지번코드><아파트>태솔캡슬</아파트><월>2</월><일>7</일><일련번호>11305-4390</일련번호><전용면적>45.74</전용면적><중개사소재지>서울 강북구</중개사소재지><지번>50-20</지번><지역코드>11305</지역코드><층>5</층><해제사유발생일> </해제사유발생일><해제여부> </해제여부></item><item><거래금액>    28,000</거래금액><거래유형>중개거래</거래유형><건축년도>2012</건축년도><년>2023</년><도로명>도봉로71가길</도로명><도로명건물본번호코드>00035</도로명건물본번호코드><도로명건물부번호코드>00000</도로명건물부번호코드><도로명시군구코드>11305</도로명시군구코드><도로명일련번호코드>01</도로명일련번호코드><도로명지상지하코드>0</도로명지상지하코드><도로명코드>4124129</도로명코드><법정동> 수유동</법정동><법정동본번코드>0050</법정동본번코드><법정동부번코드>0020</법정동부번코드><법정동시군구코드>11305</법정동시군구코드><법정동읍면동코드>10300</법정동읍면동코드><법정동지번코드>1</법정동지번코드><아파트>태솔캡슬</아파트><월>2</월><일>13</일><일련번호>11305-4390</일련번호><전용면적>45.74</전용면적><중개사소재지>서울 강북구</중개사소재지><지번>50-20</지번><지역코드>11305</지역코드><층>9</층><해제사유발생일> </해제사유발생일><해제여부> </해제여부></item><item><거래금액>    80,000</거래금액><거래유형>중개거래</거래유형><건축년도>2001</건축년도><년>2023</년><도로명>한천로159길</도로명><도로명건물본번호코드>00008</도로명건물본번호코드><도로명건물부번호코드>00000</도로명건물부번호코드><도로명시군구코드>11305</도로명시군구코드><도로명일련번호코드>01</도로명일련번호코드><도로명지상지하코드>0</도로명지상지하코드><도로명코드>4124582</도로명코드><법정동> 수유동</법정동><법정동본번코드>0730</법정동본번코드><법정동부번코드>0000</법정동부번코드><법정동시군구코드>11305</법정동시군구코드><법정동읍면동코드>10300</법정동읍면동코드><법정동지번코드>1</법정동지번코드><아파트>래미안수유</아파트><월>2</월><일>14</일><일련번호>11305-35</일련번호><전용면적>114.78</전용면적><중개사소재지>서울 강북구</중개사소재지><지번>730</지번><지역코드>11305</지역코드><층>2</층><해제사유발생일> </해제사유발생일><해제여부> </해제여부></item><item><거래금액>     9,500</거래금액><거래유형>중개거래</거래유형><건축년도>2016</건축년도><년>2023</년><도로명>덕릉로</도로명><도로명건물본번호코드>00076</도로명건물본번호코드><도로명건물부번호코드>00000</도로명건물부번호코드><도로명시군구코드>11305</도로명시군구코드><도로명일련번호코드>00</도로명일련번호코드><도로명지상지하코드>0</도로명지상지하코드><도로명코드>3000004</도로명코드><법정동> 수유동</법정동><법정동본번코드>0048</법정동본번코드><법정동부번코드>0008</법정동부번코드><법정동시군구코드>11305</법정동시군구코드><법정동읍면동코드>10300</법정동읍면동코드><법정동지번코드>1</법정동지번코드><아파트>수유프리미어엠</아파트><월>2</월><일>14</일><일련번호>11305-5110</일련번호><전용면적>19</전용면적><중개사소재지>서울 강북구</중개사소재지><지번>48-8</지번><지역코드>11305</지역코드><층>8</층><해제사유발생일> </해제사유발생일><해제여부> </해제여부></item><item><거래금액>    33,000</거래금액><거래유형>중개거래</거래유형><건축년도>2010</건축년도><년>2023</년><도로명>삼양로130길</도로명><도로명건물본번호코드>00009</도로명건물본번호코드><도로명건물부번호코드>00021</도로명건물부번호코드><도로명시군구코드>11305</도로명시군구코드><도로명일련번호코드>01</도로명일련번호코드><도로명지상지하코드>0</도로명지상지하코드><도로명코드>4124187</도로명코드><법정동> 수유동</법정동><법정동본번코드>0274</법정동본번코드><법정동부번코드>0003</법정동부번코드><법정동시군구코드>11305</법정동시군구코드><법정동읍면동코드>10300</법정동읍면동코드><법정동지번코드>1</법정동지번코드><아파트>FIRSTVIEW</아파트><월>2</월><일>17</일><일련번호>11305-4175</일련번호><전용면적>52.88</전용면적><중개사소재지>서울 강북구</중개사소재지><지번>274-3</지번><지역코드>11305</지역코드><층>5</층><해제사유발생일> </해제사유발생일><해제여부> </해제여부></item><item><거래금액>    47,000</거래금액><거래유형>중개거래</거래유형><건축년도>1990</건축년도><년>2023</년><도로명>삼양로</도로명><도로명건물본번호코드>00658</도로명건물본번호코드><도로명건물부번호코드>00000</도로명건물부번호코드><도로명시군구코드>11305</도로명시군구코드><도로명일련번호코드>03</도로명일련번호코드><도로명지상지하코드>0</도로명지상지하코드><도로명코드>3005041</도로명코드><법정동> 우이동</법정동><법정동본번코드>0001</법정동본번코드><법정동부번코드>0000</법정동부번코드><법정동시군구코드>11305</법정동시군구코드><법정동읍면동코드>10400</법정동읍면동코드><법정동지번코드>1</법정동지번코드><아파트>성원상떼빌</아파트><월>2</월><일>3</일><일련번호>11305-44</일련번호><전용면적>84.98</전용면적><중개사소재지>서울 강북구</중개사소재지><지번>1</지번><지역코드>11305</지역코드><층>6</층><해제사유발생일> </해제사유발생일><해제여부> </해제여부></item></items><numOfRows>999</numOfRows><pageNo>1</pageNo><totalCount>36</totalCount></body></response>