<?xml version="1.0" encoding="UTF-8" standalone="yes"?><response><header><resultCode>00</resultCode><resultMsg>NORMAL SERVICE.</resultMsg></header><body><items><item><거래금액>    70,000</거래금액><거래유형>직거래</거래유형><건축년도>2004</건축년도><년>2022</년><도로명>양천로71길</도로명><도로명건물본번호코드>00038</도로명건물본번호코드><도로명건물부번호코드>00000</도로명건물부번호코드><도로명시군구코드>11500</도로명시군구코드><도로명일련번호코드>01</도로명일련번호코드><도로명지상지하코드>0</도로명지상지하코드><도로명코드>4145426</도로명코드><법정동> 염창동</법정동><법정동본번코드>0297</법정동본번코드><법정동부번코드>0000</법정동부번코드><법정동시군구코드>11500</법정동시군구코드><법정동읍면동코드>10100</법정동읍면동코드><법정동지번코드>1</법정동지번코드><아파트>월드메르디앙</아파트><월>10</월><일>26</일><일련번호>11500-298</일련번호><전용면적>84.98</전용면적><중개사소재지> </중개사소재지><지번>297</지번><지역코드>11500</지역코드><층>17</층><해제사유발생일> </해제사유발생일><해제여부> </해제여부></item><item><거래금액>   101,000</거래금액><거래유형>중개거래</거래유형><건축년도>2002</건축년도><년>2022</년><도로명>양천로62길</도로명><도로명건물본번호코드>00041</도로명건물본번호코드><도로명건물부번호코드>00000</도로명건물부번호코드><도로명시군구코드>11500</도로명시군구코드><도로명일련번호코드>01</도로명일련번호코드><도로명지상지하코드>0</도로명지상지하코드><도로명코드>4145417</도로명코드><법정동> 등촌동</법정동><법정동본번코드>0712</법정동본번코드><법정동부번코드>0000</법정동부번코드><법정동시군구코드>11500</법정동시군구코드><법정동읍면동코드>10200</법정동읍면동코드><법정동지번코드>1</법정동지번코드><아파트>코오롱오투빌2</아파트><월>10</월><일>5</일><일련번호>11500-67</일련번호><전용면적>119.78</전용면적><중개사소재지>서울 강서구</중개사소재지><지번>712</지번><지역코드>11500</지역코드><층>7</층><해제사유발생일> </해제사유발생일><해제여부> </해제여부></item><item><거래금액>    60,000</거래금액><거래유형>직거래</거래유형><건축년도>1995</건축년도><년>2022</년><도로명>화곡로63가길</도로명><도로명건물본번호코드>00071</도로명건물본번호코드><도로명건물부번호코드>00000</도로명건물부번호코드><도로명시군구코드>11500</도로명시군구코드><도로명일련번호코드>01</도로명일련번호코드><도로명지상지하코드>0</도로명지상지하코드><도로명코드>4145545</도로명코드><법정동> 등촌동</법정동><법정동본번코드>0702</법정동본번코드><법정동부번코드>0000</법정동부번코드><법정동시군구코드>11500</법정동시군구코드><법정동읍면동코드>10200</법정동읍면동코드><법정동지번코드>1</법정동지번코드><아파트>주공10</아파트><월>10</월><일>7</일><일련번호>11500-53</일련번호><전용면적>37.67</전용면적><중개사소재지> </중개사소재지><지번>702</지번><지역코드>11500</지역코드><층>14</층><해제사유발생일> </해제사유발생일><해제여부> </해제여부></item><item><거래금액>    75,000</거래금액><거래유형>중개거래</거래유형><건축년도>1995</건축년도><년>2022</년><도로명>화곡로63가길</도로명><도로명건물본번호코드>00071</도로명건물본번호코드><도로명건물부번호코드>00000</도로명건물부번호코드><도로명시군구코드>11500</도로명시군구코드><도로명일련번호코드>01</도로명일련번호코드><도로명지상지하코드>0</도로명지상지하코드><도로명코드>4145545</도로명코드><법정동> 등촌동</법정동><법정동본번코드>0702</법정동본번코드><법정동부번코드>0000</법정동부번코드><법정동시군구코드>11500</법정동시군구코드><법정동읍면동코드>10200</법정동읍면동코드><법정동지번코드>1</법정동지번코드><아파트>주공10</아파트><월>10</월><일>12</일><일련번호>11500-53</일련번호><전용면적>58.14</전용면적><중개사소재지>서울 강서구</중개사소재지><지번>702</지번><지역코드>11500</지역코드><층>5</층><해제사유발생일> </해제사유발생일><해제여부> </해제여부></item><item><거래금액>   101,500</거래금액><거래유형>중개거래</거래유형><건축년도>2004</건축년도><년>2022</년><도로명>등촌로</도로명><도로명건물본번호코드>00163</도로명건물본번호코드><도로명건물부번호코드>00000</도로명건물부번호코드><도로명시군구코드>11500</도로명시군구코드><도로명일련번호코드>01</도로명일련번호코드><도로명지상지하코드>0</도로명지상지하코드><도로명코드>3005064</도로명코드><법정동> 등촌동</법정동><법정동본번코드>0715</법정동본번코드><법정동부번코드>0000</법정동부번코드><법정동시군구코드>11500</법정동시군구코드><법정동읍면동코드>10200</법정동읍면동코드><법정동지번코드>1</법정동지번코드><아파트>등촌동아이파크</아파트><월>10</월><일>17</일><일련번호>11500-263</일련번호><전용면적>84.9958</전용면적><중개사소재지>서울 강서구</중개사소재지><지번>715</지번><지역코드>11500</지역코드><층>18</층><해제사유발생일> </해제사유발생일><해제여부> </해제여부></item><item><거래금액>    60,000</거래금액><거래유형>중개거래</거래유형><건축년도>1997</건축년도><년>2022</년><도로명>화곡로68길</도로명><도로명건물본번호코드>00033</도로명건물본번호코드><도로명건물부번호코드>00000</도로명건물부번호코드><도로명시군구코드>11500</도로명시군구코드><도로명일련번호코드>01</도로명일련번호코드><도로명지상지하코드>0</도로명지상지하코드><도로명코드>4145550</도로명코드><법정동> 등촌동</법정동><법정동본번코드>0628</법정동본번코드><법정동부번코드>0015</법정동부번코드><법정동시군구코드>11500</법정동시군구코드><법정동읍면동코드>10200</법정동읍면동코드><법정동지번코드>1</법정동지번코드><아파트>등촌라인(조합)</아파트><월>10</월><일>18</일><일련번호>11500-39</일련번호><전용면적>59.91</전용면적><중개사소재지>서울 강서구</중개사소재지><지번>628-15</지번><지역코드>11500</지역코드><층>8</층><해제사유발생일> </해제사유발생일><해제여부> </해제여부></item><item><거래금액>    59,000</거래금액><거래유형>중개거래</거래유형><건축년도>1997</건축년도><년>2022</년><도로명>양천로66길</도로명><도로명건물본번호코드>00006</도로명건물본번호코드><도로명건물부번호코드>00000</도로명건물부번호코드><도로명시군구코드>11500</도로명시군구코드><도로명일련번호코드>01</도로명일련번호코드><도로명지상지하코드>0</도로명지상지하코드><도로명코드>4145420</도로명코드><법정동> 등촌동</법정동><법정동본번코드>0632</법정동본번코드><법정동부번코드>0004</법정동부번코드><법정동시군구코드>11500</법정동시군구코드><법정동읍면동코드>10200</법정동읍면동코드><법정동지번코드>1</법정동지번코드><아파트>삼성한사랑1</아파트><월>10</월><일>26</일><일련번호>11500-42</일련번호><전용면적>59.73</전용면적><중개사소재지>서울 강서구</중개사소재지><지번>632-4</지번><지역코드>11500</지역코드><층>11</층><해제사유발생일> </해제사유발생일><해제여부> </해제여부></item><item><거래금액>    82,000</거래금액><거래유형>중개거래</거래유형><건축년도>1994</건축년도><년>2022</년><도로명>강서로56나길</도로명><도로명건물본번호코드>00110</도로명건물본번호코드><도로명건물부번호코드>00000</도로명건물부번호코드><도로명시군구코드>11500</도로명시군구코드><도로명일련번호코드>01</도로명일련번호코드><도로명지상지하코드>0</도로명지상지하코드><도로명코드>4145070</도로명코드><법정동> 등촌동</법정동><법정동본번코드>0691</법정동본번코드><법정동부번코드>0003</법정동부번코드><법정동시군구코드>11500</법정동시군구코드><법정동읍면동코드>10200</법정동읍면동코드><법정동지번코드>1</법정동지번코드><아파트>부영</아파트><월>10</월><일>30</일><일련번호>11500-41</일련번호><전용면적>80.64</전용면적><중개사소재지>서울 강서구</중개사소재지><지번>691-3</지번><지역코드>11500</지역코드><층>6</층><해제사유발생일> </해제사유발생일><해제여부> </해제여부></item><item><거래금액>    58,800</거래금액><거래유형>중개거래</거래유형><건축년도>2003</건축년도><년>2022</년><도로명>화곡로14길</도로명><도로명건물본번호코드>00019</도로명건물본번호코드><도로명건물부번호코드>00000</도로명건물부번호코드><도로명시군구코드>11500</도로명시군구코드><도로명일련번호코드>01</도로명일련번호코드><도로명지상지하코드>0</도로명지상지하코드><도로명코드>4145496</도로명코드><법정동> 화곡동</법정동><법정동본번코드>1087</법정동본번코드><법정동부번코드>0000</법정동부번코드><법정동시군구코드>11500</법정동시군구코드><법정동읍면동코드>10300</법정동읍면동코드><법정동지번코드>1</법정동지번코드><아파트>보람쉬움1</아파트><월>10</월><일>4</일><일련번호>11500-241</일련번호><전용면적>80.76</전용면적><중개사소재지>서울 강서구</중개사소재지><지번>1087</지번><지역코드>11500</지역코드><층>4</층><해제사유발생일> </해제사유발생일><해제여부> </해제여부></item><item><거래금액>    20,500</거래금액><거래유형>직거래</거래유형><건축년도>2002</건축년도><년>2022</년><도로명>까치산로4길</도로명><도로명건물본번호코드>00098</도로명건물본번호코드><도로명건물부번호코드>00025</도로명건물부번호코드><도로명시군구코드>11500</도로명시군구코드><도로명일련번호코드>01</도로명일련번호코드><도로명지상지하코드>0</도로명지상지하코드><도로명코드>4145272</도로명코드><법정동> 화곡동</법정동><법정동본번코드>0102</법정동본번코드><법정동부번코드>0090</법정동부번코드><법정동시군구코드>11500</법정동시군구코드><법정동읍면동코드>10300</법정동읍면동코드><법정동지번코드>1</법정동지번코드><아파트>오케이A</아파트><월>10</월><일>5</일><일련번호>11500-114</일련번호><전용면적>40.42</전용면적><중개사소재지> </중개사소재지><지번>102-90</지번><지역코드>11500</지역코드><층>3</층><해제사유발생일> </해제사유발생일><해제여부> </해제여부></item><item><거래금액>    32,000</거래금액><거래유형>중개거래</거래유형><건축년도>2012</건축년도><년>2022</년><도로명>곰달래로20길</도로명><도로명건물본번호코드>00018</도로명건물본번호코드><도로명건물부번호코드>00000</도로명건물부번호코드><도로명시군구코드>11500</도로명시군구코드><도로명일련번호코드>01</도로명일련번호코드><도로명지상지하코드>0</도로명지상지하코드><도로명코드>4145120</도로명코드><법정동> 화곡동</법정동><법정동본번코드>0925</법정동본번코드><법정동부번코드>0005</법정동부번코드><법정동시군구코드>11500</법정동시군구코드><법정동읍면동코드>10300</법정동읍면동코드><법정동지번코드>1</법정동지번코드><아파트>풍원팰리스</아파트><월>10</월><일>5</일><일련번호>11500-6509</일련번호><전용면적>43.8</전용면적><중개사소재지>서울 강서구</중개사소재지><지번>925-5</지번><지역코드>11500</지역코드><층>8</층><해제사유발생일> </해제사유발생일><해제여부> </해제여부></item><item><거래금액>    72,000</거래금액><거래유형>중개거래</거래유형><건축년도>2001</건축년도><년>2022</년><도로명>강서로43길</도로명><도로명건물본번호코드>00028</도로명건물본번호코드><도로명건물부번호코드>00000</도로명건물부번호코드><도로명시군구코드>11500</도로명시군구코드><도로명일련번호코드>01</도로명일련번호코드><도로명지상지하코드>0</도로명지상지하코드><도로명코드>4145050</도로명코드><법정동> 화곡동</법정동><법정동본번코드>1009</법정동본번코드><법정동부번코드>0008</법정동부번코드><법정동시군구코드>11500</법정동시군구코드><법정동읍면동코드>10300</법정동읍면동코드><법정동지번코드>1</법정동지번코드><아파트>타워빌</아파트><월>10</월><일>6</일><일련번호>11500-104</일련번호><전용면적>81.71</전용면적><중개사소재지>서울 강서구</중개사소재지><지번>1009-8</지번><지역코드>11500</지역코드><층>3</층><해제사유발생일> </해제사유발생일><해제여부> </해제여부></item><item><거래금액>   133,000</거래금액><거래유형>중개거래</거래유형><건축년도>2003</건축년도><년>2022</년><도로명>공항대로</도로명><도로명건물본번호코드>00382</도로명건물본번호코드><도로명건물부번호코드>00000</도로명건물부번호코드><도로명시군구코드>11500</도로명시군구코드><도로명일련번호코드>03</도로명일련번호코드><도로명지상지하코드>0</도로명지상지하코드><도로명코드>2005007</도로명코드><법정동> 화곡동</법정동><법정동본번코드>1145</법정동본번코드><법정동부번코드>0000</법정동부번코드><법정동시군구코드>11500</법정동시군구코드><법정동읍면동코드>10300</법정동읍면동코드><법정동지번코드>1</법정동지번코드><아파트>우장산롯데캐슬</아파트><월>10</월><일>7</일><일련번호>11500-242</일련번호><전용면적>134.99</전용면적><중개사소재지>서울 강서구</중개사소재지><지번>1145</지번><지역코드>11500</지역코드><층>21</층><해제사유발생일> </해제사유발생일><해제여부> </해제여부></item><item><거래금액>    24,200</거래금액><거래유형>중개거래</거래유형><건축년도>2017</건축년도><년>2022</년><도로명>화곡로</도로명><도로명건물본번호코드>00186</도로명건물본번호코드><도로명건물부번호코드>00022</도로명건물부번호코드><도로명시군구코드>11500</도로명시군구코드><도로명일련번호코드>02</도로명일련번호코드><도로명지상지하코드>0</도로명지상지하코드><도로명코드>3005069</도로명코드><법정동> 화곡동</법정동><법정동본번코드>0143</법정동본번코드><법정동부번코드>0011</법정동부번코드><법정동시군구코드>11500</법정동시군구코드><법정동읍면동코드>10300</법정동읍면동코드><법정동지번코드>1</법정동지번코드><아파트>성재센트리움아파트</아파트><월>10</월><일>12</일><일련번호>11500-7633</일련번호><전용면적>29.03</전용면적><중개사소재지>서울 강서구</중개사소재지><지번>143-11</지번><지역코드>11500</지역코드><층>12</층><해제사유발생일> </해제사유발생일><해제여부> </해제여부></item><item><거래금액>    27,800</거래금액><거래유형>중개거래</거래유형><건축년도>2017</건축년도><년>2022</년><도로명>곰달래로18길</도로명><도로명건물본번호코드>00003</도로명건물본번호코드><도로명건물부번호코드>00000</도로명건물부번호코드><도로명시군구코드>11500</도로명시군구코드><도로명일련번호코드>00</도로명일련번호코드><도로명지상지하코드>0</도로명지상지하코드><도로명코드>4145116</도로명코드><법정동> 화곡동</법정동><법정동본번코드>0920</법정동본번코드><법정동부번코드>0015</법정동부번코드><법정동시군구코드>11500</법정동시군구코드><법정동읍면동코드>10300</법정동읍면동코드><법정동지번코드>1</법정동지번코드><아파트>남광아파트</아파트><월>10</월><일>18</일><일련번호>11500-7595</일련번호><전용면적>43.85</전용면적><중개사소재지>서울 강서구, 서울 구로구</중개사소재지><지번>920-15</지번><지역코드>11500</지역코드><층>3</층><해제사유발생일> </해제사유발생일><해제여부> </해제여부></item><item><거래금액>    24,200</거래금액><거래유형>중개거래</거래유형><건축년도>2017</건축년도><년>2022</년><도로명>화곡로</도로명><도로명건물본번호코드>00186</도로명건물본번호코드><도로명건물부번호코드>00022</도로명건물부번호코드><도로명시군구코드>11500</도로명시군구코드><도로명일련번호코드>02</도로명일련번호코드><도로명지상지하코드>0</도로명지상지하코드><도로명코드>3005069</도로명코드><법정동> 화곡동</법정동><법정동본번코드>0143</법정동본번코드><법정동부번코드>0011</법정동부번코드><법정동시군구코드>11500</법정동시군구코드><법정동읍면동코드>10300</법정동읍면동코드><법정동지번코드>1</법정동지번코드><아파트>성재센트리움아파트</아파트><월>10</월><일>18</일><일련번호>11500-7633</일련번호><전용면적>29.03</전용면적><중개사소재지>서울 강서구</중개사소재지><지번>143-11</지번><지역코드>11500</지역코드><층>12</층><해제사유발생일>22.11.04</해제사유발생일><해제여부>O</해제여부></item><item><거래금액>    82,000</거래금액><거래유형>중개거래</거래유형><건축년도>2015</건축년도><년>2022</년><도로명>우현로</도로명><도로명건물본번호코드>00067</도로명건물본번호코드><도로명건물부번호코드>00000</도로명건물부번호코드><도로명시군구코드>11500</도로명시군구코드><도로명일련번호코드>01</도로명일련번호코드><도로명지상지하코드>0</도로명지상지하코드><도로명코드>3115010</도로명코드><법정동> 화곡동</법정동><법정동본번코드>1165</법정동본번코드><법정동부번코드>0000</법정동부번코드><법정동시군구코드>11500</법정동시군구코드><법정동읍면동코드>10300</법정동읍면동코드><법정동지번코드>1</법정동지번코드><아파트>강서힐스테이트</아파트><월>10</월><일>23</일><일련번호>11500-6919</일련번호><전용면적>59.99</전용면적><중개사소재지>서울 강서구</중개사소재지><지번>1165</지번><지역코드>11500</지역코드><층>5</층><해제사유발생일> </해제사유발생일><해제여부> </해제여부></item><item><거래금액>   105,000</거래금액><거래유형>중개거래</거래유형><건축년도>2003</건축년도><년>2022</년><도로명>공항대로</도로명><도로명건물본번호코드>00382</도로명건물본번호코드><도로명건물부번호코드>00000</도로명건물부번호코드><도로명시군구코드>11500</도로명시군구코드><도로명일련번호코드>03</도로명일련번호코드><도로명지상지하코드>0</도로명지상지하코드><도로명코드>2005007</도로명코드><법정동> 화곡동</법정동><법정동본번코드>1145</법정동본번코드><법정동부번코드>0000</법정동부번코드><법정동시군구코드>11500</법정동시군구코드><법정동읍면동코드>10300</법정동읍면동코드><법정동지번코드>1</법정동지번코드><아파트>우장산롯데캐슬</아파트><월>10</월><일>26</일><일련번호>11500-242</일련번호><전용면적>85</전용면적><중개사소재지>서울 강서구</중개사소재지><지번>1145</지번><지역코드>11500</지역코드><층>18</층><해제사유발생일> </해제사유발생일><해제여부> </해제여부></item><item><거래금액>    88,000</거래금액><거래유형>중개거래</거래유형><건축년도>2008</건축년도><년>2022</년><도로명>강서로</도로명><도로명건물본번호코드>00266</도로명건물본번호코드><도로명건물부번호코드>00000</도로명건물부번호코드><도로명시군구코드>11500</도로명시군구코드><도로명일련번호코드>02</도로명일련번호코드><도로명지상지하코드>0</도로명지상지하코드><도로명코드>3115001</도로명코드><법정동> 화곡동</법정동><법정동본번코드>1159</법정동본번코드><법정동부번코드>0000</법정동부번코드><법정동시군구코드>11500</법정동시군구코드><법정동읍면동코드>10300</법정동읍면동코드><법정동지번코드>1</법정동지번코드><아파트>우장산아이파크,이편한세상</아파트><월>10</월><일>31</일><일련번호>11500-5419</일련번호><전용면적>59.98</전용면적><중개사소재지>서울 강서구</중개사소재지><지번>1159</지번><지역코드>11500</지역코드><층>8</층><해제사유발생일> </해제사유발생일><해제여부> </해제여부></item><item><거래금액>    75,000</거래금액><거래유형>중개거래</거래유형><건축년도>1992</건축년도><년>2022</년><도로명>허준로</도로명><도로명건물본번호코드>00175</도로명건물본번호코드><도로명건물부번호코드>00000</도로명건물부번호코드><도로명시군구코드>11500</도로명시군구코드><도로명일련번호코드>01</도로명일련번호코드><도로명지상지하코드>0</도로명지상지하코드><도로명코드>3115013</도로명코드><법정동> 가양동</법정동><법정동본번코드>1485</법정동본번코드><법정동부번코드>0000</법정동부번코드><법정동시군구코드>11500</법정동시군구코드><법정동읍면동코드>10400</법정동읍면동코드><법정동지번코드>1</법정동지번코드><아파트>가양6단지</아파트><월>10</월><일>15</일><일련번호>11500-149</일련번호><전용면적>49.5</전용면적><중개사소재지>서울 강서구</중개사소재지><지번>1485</지번><지역코드>11500</지역코드><층>8</층><해제사유발생일> </해제사유발생일><해제여부> </해제여부></item><item><거래금액>    85,000</거래금액><거래유형>중개거래</거래유형><건축년도>1999</건축년도><년>2022</년><도로명>허준로</도로명><도로명건물본번호코드>00076</도로명건물본번호코드><도로명건물부번호코드>00000</도로명건물부번호코드><도로명시군구코드>11500</도로명시군구코드><도로명일련번호코드>01</도로명일련번호코드><도로명지상지하코드>0</도로명지상지하코드><도로명코드>3115013</도로명코드><법정동> 가양동</법정동><법정동본번코드>1495</법정동본번코드><법정동부번코드>0000</법정동부번코드><법정동시군구코드>11500</법정동시군구코드><법정동읍면동코드>10400</법정동읍면동코드><법정동지번코드>1</법정동지번코드><아파트>한보구암마을</아파트><월>10</월><일>22</일><일련번호>11500-156</일련번호><전용면적>84.39</전용면적><중개사소재지>서울 강서구</중개사소재지><지번>1495</지번><지역코드>11500</지역코드><층>3</층><해제사유발생일> </해제사유발생일><해제여부> </해제여부></item><item><거래금액>   108,000</거래금액><거래유형>중개거래</거래유형><건축년도>2005</건축년도><년>2022</년><도로명>양천로30길</도로명><도로명건물본번호코드>00077</도로명건물본번호코드><도로명건물부번호코드>00000</도로명건물부번호코드><도로명시군구코드>11500</도로명시군구코드><도로명일련번호코드>01</도로명일련번호코드><도로명지상지하코드>0</도로명지상지하코드><도로명코드>4145404</도로명코드><법정동> 마곡동</법정동><법정동본번코드>0716</법정동본번코드><법정동부번코드>0000</법정동부번코드><법정동시군구코드>11500</법정동시군구코드><법정동읍면동코드>10500</법정동읍면동코드><법정동지번코드>1</법정동지번코드><아파트>한솔솔파크</아파트><월>10</월><일>16</일><일련번호>11500-5140</일련번호><전용면적>84.87</전용면적><중개사소재지>서울 강서구</중개사소재지><지번>716</지번><지역코드>11500</지역코드><층>3</층><해제사유발생일> </해제사유발생일><해제여부> </해제여부></item><item><거래금액>   132,000</거래금액><거래유형>중개거래</거래유형><건축년도>2017</건축년도><년>2022</년><도로명>마곡중앙3로</도로명><도로명건물본번호코드>00074</도로명건물본번호코드><도로명건물부번호코드>00000</도로명건물부번호코드><도로명시군구코드>11500</도로명시군구코드><도로명일련번호코드>01</도로명일련번호코드><도로명지상지하코드>0</도로명지상지하코드><도로명코드>3155050</도로명코드><법정동> 마곡동</법정동><법정동본번코드>0725</법정동본번코드><법정동부번코드>0001</법정동부번코드><법정동시군구코드>11500</법정동시군구코드><법정동읍면동코드>10500</법정동읍면동코드><법정동지번코드>1</법정동지번코드><아파트>마곡힐스테이트</아파트><월>10</월><일>18</일><일련번호>11500-7244</일련번호><전용면적>84.92</전용면적><중개사소재지>서울 강서구</중개사소재지><지번>725-1</지번><지역코드>11500</지역코드><층>6</층><해제사유발생일> </해제사유발생일><해제여부> </해제여부></item><item><거래금액>    72,000</거래금액><거래유형>중개거래</거래유형><건축년도>2008</건축년도><년>2022</년><도로명>수명로1길</도로명><도로명건물본번호코드>00016</도로명건물본번호코드><도로명건물부번호코드>00000</도로명건물부번호코드><도로명시군구코드>11500</도로명시군구코드><도로명일련번호코드>01</도로명일련번호코드><도로명지상지하코드>0</도로명지상지하코드><도로명코드>4145381</도로명코드><법정동> 내발산동</법정동><법정동본번코드>0753</법정동본번코드><법정동부번코드>0000</법정동부번코드><법정동시군구코드>11500</법정동시군구코드><법정동읍면동코드>10600</법정동읍면동코드><법정동지번코드>1</법정동지번코드><아파트>마곡수명산파크4단지</아파트><월>10</월><일>7</일><일련번호>11500-5437</일련번호><전용면적>59.84</전용면적><중개사소재지>서울 강서구</중개사소재지><지번>753</지번><지역코드>11500</지역코드><층>15</층><해제사유발생일> </해제사유발생일><해제여부> </해제여부></item><item><거래금액>    56,500</거래금액><거래유형>중개거래</거래유형><건축년도>2001</건축년도><년>2022</년><도로명>강서로47다길</도로명><도로명건물본번호코드>00010</도로명건물본번호코드><도로명건물부번호코드>00003</도로명건물부번호코드><도로명시군구코드>11500</도로명시군구코드><도로명일련번호코드>01</도로명일련번호코드><도로명지상지하코드>0</도로명지상지하코드><도로명코드>4145060</도로명코드><법정동> 내발산동</법정동><법정동본번코드>0697</법정동본번코드><법정동부번코드>0005</법정동부번코드><법정동시군구코드>11500</법정동시군구코드><법정동읍면동코드>10600</법정동읍면동코드><법정동지번코드>1</법정동지번코드><아파트>신세계(697-5)</아파트><월>10</월><일>16</일><일련번호>11500-367</일련번호><전용면적>84.7</전용면적><중개사소재지>서울 강서구</중개사소재지><지번>697-5</지번><지역코드>11500</지역코드><층>4</층><해제사유발생일> </해제사유발생일><해제여부> </해제여부></item><item><거래금액>     9,200</거래금액><거래유형>중개거래</거래유형><건축년도>2014</건축년도><년>2022</년><도로명>양천로14길</도로명><도로명건물본번호코드>00044</도로명건물본번호코드><도로명건물부번호코드>00000</도로명건물부번호코드><도로명시군구코드>11500</도로명시군구코드><도로명일련번호코드>01</도로명일련번호코드><도로명지상지하코드>0</도로명지상지하코드><도로명코드>4145388</도로명코드><법정동> 방화동</법정동><법정동본번코드>0898</법정동본번코드><법정동부번코드>0000</법정동부번코드><법정동시군구코드>11500</법정동시군구코드><법정동읍면동코드>10900</법정동읍면동코드><법정동지번코드>1</법정동지번코드><아파트>경동팰리스힐</아파트><월>10</월><일>14</일><일련번호>11500-6839</일련번호><전용면적>12.22</전용면적><중개사소재지>서울 강서구</중개사소재지><지번>898</지번><지역코드>11500</지역코드><층>6</층><해제사유발생일> </해제사유발생일><해제여부> </해제여부></item><item><거래금액>    40,400</거래금액><거래유형>중개거래</거래유형><건축년도>1994</건축년도><년>2022</년><도로명>금낭화로</도로명><도로명건물본번호코드>00287</도로명건물본번호코드><도로명건물부번호코드>00019</도로명건물부번호코드><도로명시군구코드>11500</도로명시군구코드><도로명일련번호코드>01</도로명일련번호코드><도로명지상지하코드>0</도로명지상지하코드><도로명코드>3115002</도로명코드><법정동> 방화동</법정동><법정동본번코드>0814</법정동본번코드><법정동부번코드>0000</법정동부번코드><법정동시군구코드>11500</법정동시군구코드><법정동읍면동코드>10900</법정동읍면동코드><법정동지번코드>1</법정동지번코드><아파트>방화5</아파트><월>10</월><일>22</일><일련번호>11500-197</일련번호><전용면적>33.18</전용면적><중개사소재지>서울 강남구, 서울 강서구</중개사소재지><지번>814</지번><지역코드>11500</지역코드><층>13</층><해제사유발생일> </해제사유발생일><해제여부> </해제여부></item><item><거래금액>    38,000</거래금액><거래유형>직거래</거래유형><건축년도>2002</건축년도><년>2022</년><도로명>양천로14길</도로명><도로명건물본번호코드>00061</도로명건물본번호코드><도로명건물부번호코드>00000</도로명건물부번호코드><도로명시군구코드>11500</도로명시군구코드><도로명일련번호코드>01</도로명일련번호코드><도로명지상지하코드>0</도로명지상지하코드><도로명코드>4145388</도로명코드><법정동> 방화동</법정동><법정동본번코드>0869</법정동본번코드><법정동부번코드>0000</법정동부번코드><법정동시군구코드>11500</법정동시군구코드><법정동읍면동코드>10900</법정동읍면동코드><법정동지번코드>1</법정동지번코드><아파트>신안네트빌2단지</아파트><월>10</월><일>31</일><일련번호>11500-223</일련번호><전용면적>84.0164</전용면적><중개사소재지> </중개사소재지><지번>869</지번><지역코드>11500</지역코드><층>11</층><해제사유발생일> </해제사유발생일><해제여부> </해제여부></item></items><numOfRows>999</numOfRows><pageNo>1</pageNo><totalCount>28</totalCount></body></response>