<?xml version="1.0" encoding="UTF-8" standalone="yes"?><response><header><resultCode>00</resultCode><resultMsg>NORMAL SERVICE.</resultMsg></header><body><items><item><거래금액>    51,000</거래금액><거래유형>중개거래</거래유형><건축년도>2004</건축년도><년>2023</년><도로명>솔샘로</도로명><도로명건물본번호코드>00174</도로명건물본번호코드><도로명건물부번호코드>00000</도로명건물부번호코드><도로명시군구코드>11305</도로명시군구코드><도로명일련번호코드>01</도로명일련번호코드><도로명지상지하코드>0</도로명지상지하코드><도로명코드>3005042</도로명코드><법정동> 미아동</법정동><법정동본번코드>1353</법정동본번코드><법정동부번코드>0000</법정동부번코드><법정동시군구코드>11305</법정동시군구코드><법정동읍면동코드>10100</법정동읍면동코드><법정동지번코드>1</법정동지번코드><아파트>에스케이북한산시티</아파트><월>1</월><일>3</일><일련번호>11305-6</일련번호><전용면적>59.98</전용면적><중개사소재지>서울 강북구</중개사소재지><지번>1353</지번><지역코드>11305</지역코드><층>15</층><해제사유발생일> </해제사유발생일><해제여부> </해제여부></item><item><거래금액>    80,000</거래금액><거래유형>중개거래</거래유형><건축년도>2010</건축년도><년>2023</년><도로명>삼양로27길</도로명><도로명건물본번호코드>00019</도로명건물본번호코드><도로명건물부번호코드>00000</도로명건물부번호코드><도로명시군구코드>11305</도로명시군구코드><도로명일련번호코드>01</도로명일련번호코드><도로명지상지하코드>0</도로명지상지하코드><도로명코드>4124230</도로명코드><법정동> 미아동</법정동><법정동본번코드>0812</법정동본번코드><법정동부번코드>0000</법정동부번코드><법정동시군구코드>11305</법정동시군구코드><법정동읍면동코드>10100</법정동읍면동코드><법정동지번코드>1</법정동지번코드><아파트>삼성래미안트리베라2단지</아파트><월>1</월><일>5</일><일련번호>11305-4129</일련번호><전용면적>84.29</전용면적><중개사소재지>서울 강북구</중개사소재지><지번>812</지번><지역코드>11305</지역코드><층>6</층><해제사유발생일> </해제사유발생일><해제여부> </해제여부></item><item><거래금액>   143,000</거래금액><거래유형>중개거래</거래유형><건축년도>2019</건축년도><년>2023</년><도로명>오현로</도로명><도로명건물본번호코드>00045</도로명건물본번호코드><도로명건물부번호코드>00000</도로명건물부번호코드><도로명시군구코드>11305</도로명시군구코드><도로명일련번호코드>01</도로명일련번호코드><도로명지상지하코드>0</도로명지상지하코드><도로명코드>3108004</도로명코드><법정동> 미아동</법정동><법정동본번코드>1369</법정동본번코드><법정동부번코드>0000</법정동부번코드><법정동시군구코드>11305</법정동시군구코드><법정동읍면동코드>10100</법정동읍면동코드><법정동지번코드>1</법정동지번코드><아파트>꿈의숲해링턴플레이스</아파트><월>1</월><일>5</일><일련번호>11305-5365</일련번호><전용면적>115.61</전용면적><중개사소재지>경기 광명시, 서울 강북구</중개사소재지><지번>1369</지번><지역코드>11305</지역코드><층>6</층><해제사유발생일> </해제사유발생일><해제여부> </해제여부></item><item><거래금액>    12,500</거래금액><거래유형>중개거래</거래유형><건축년도>2014</건축년도><년>2023</년><도로명>도봉로</도로명><도로명건물본번호코드>00290</도로명건물본번호코드><도로명건물부번호코드>00000</도로명건물부번호코드><도로명시군구코드>11305</도로명시군구코드><도로명일련번호코드>01</도로명일련번호코드><도로명지상지하코드>0</도로명지상지하코드><도로명코드>3005039</도로명코드><법정동> 미아동</법정동><법정동본번코드>0160</법정동본번코드><법정동부번코드>0003</법정동부번코드><법정동시군구코드>11305</법정동시군구코드><법정동읍면동코드>10100</법정동읍면동코드><법정동지번코드>1</법정동지번코드><아파트>푸르지오시티</아파트><월>1</월><일>5</일><일련번호>11305-4711</일련번호><전용면적>18.6479</전용면적><중개사소재지>서울 강북구</중개사소재지><지번>160-3</지번><지역코드>11305</지역코드><층>13</층><해제사유발생일> </해제사유발생일><해제여부> </해제여부></item><item><거래금액>    75,000</거래금액><거래유형>중개거래</거래유형><건축년도>2011</건축년도><년>2023</년><도로명>삼양로27길</도로명><도로명건물본번호코드>00095</도로명건물본번호코드><도로명건물부번호코드>00000</도로명건물부번호코드><도로명시군구코드>11305</도로명시군구코드><도로명일련번호코드>01</도로명일련번호코드><도로명지상지하코드>0</도로명지상지하코드><도로명코드>4124230</도로명코드><법정동> 미아동</법정동><법정동본번코드>0811</법정동본번코드><법정동부번코드>0000</법정동부번코드><법정동시군구코드>11305</법정동시군구코드><법정동읍면동코드>10100</법정동읍면동코드><법정동지번코드>1</법정동지번코드><아파트>두산위브트레지움</아파트><월>1</월><일>5</일><일련번호>11305-4255</일련번호><전용면적>59.82</전용면적><중개사소재지>서울 강북구</중개사소재지><지번>811</지번><지역코드>11305</지역코드><층>19</층><해제사유발생일> </해제사유발생일><해제여부> </해제여부></item><item><거래금액>    65,000</거래금액><거래유형>중개거래</거래유형><건축년도>2003</건축년도><년>2023</년><도로명>삼양로19길</도로명><도로명건물본번호코드>00113</도로명건물본번호코드><도로명건물부번호코드>00000</도로명건물부번호코드><도로명시군구코드>11305</도로명시군구코드><도로명일련번호코드>01</도로명일련번호코드><도로명지상지하코드>0</도로명지상지하코드><도로명코드>4124223</도로명코드><법정동> 미아동</법정동><법정동본번코드>1357</법정동본번코드><법정동부번코드>0000</법정동부번코드><법정동시군구코드>11305</법정동시군구코드><법정동읍면동코드>10100</법정동읍면동코드><법정동지번코드>1</법정동지번코드><아파트>삼각산아이원</아파트><월>1</월><일>6</일><일련번호>11305-46</일련번호><전용면적>84.705</전용면적><중개사소재지>서울 강북구</중개사소재지><지번>1357</지번><지역코드>11305</지역코드><층>10</층><해제사유발생일> </해제사유발생일><해제여부> </해제여부></item><item><거래금액>    73,000</거래금액><거래유형>중개거래</거래유형><건축년도>2011</건축년도><년>2023</년><도로명>삼양로27길</도로명><도로명건물본번호코드>00095</도로명건물본번호코드><도로명건물부번호코드>00000</도로명건물부번호코드><도로명시군구코드>11305</도로명시군구코드><도로명일련번호코드>01</도로명일련번호코드><도로명지상지하코드>0</도로명지상지하코드><도로명코드>4124230</도로명코드><법정동> 미아동</법정동><법정동본번코드>0811</법정동본번코드><법정동부번코드>0000</법정동부번코드><법정동시군구코드>11305</법정동시군구코드><법정동읍면동코드>10100</법정동읍면동코드><법정동지번코드>1</법정동지번코드><아파트>두산위브트레지움</아파트><월>1</월><일>7</일><일련번호>11305-4255</일련번호><전용면적>84.99</전용면적><중개사소재지>서울 강북구</중개사소재지><지번>811</지번><지역코드>11305</지역코드><층>16</층><해제사유발생일> </해제사유발생일><해제여부> </해제여부></item><item><거래금액>    79,000</거래금액><거래유형>중개거래</거래유형><건축년도>2019</건축년도><년>2023</년><도로명>오현로</도로명><도로명건물본번호코드>00045</도로명건물본번호코드><도로명건물부번호코드>00000</도로명건물부번호코드><도로명시군구코드>11305</도로명시군구코드><도로명일련번호코드>01</도로명일련번호코드><도로명지상지하코드>0</도로명지상지하코드><도로명코드>3108004</도로명코드><법정동> 미아동</법정동><법정동본번코드>1369</법정동본번코드><법정동부번코드>0000</법정동부번코드><법정동시군구코드>11305</법정동시군구코드><법정동읍면동코드>10100</법정동읍면동코드><법정동지번코드>1</법정동지번코드><아파트>꿈의숲해링턴플레이스</아파트><월>1</월><일>7</일><일련번호>11305-5365</일련번호><전용면적>84.67</전용면적><중개사소재지>서울 강북구</중개사소재지><지번>1369</지번><지역코드>11305</지역코드><층>4</층><해제사유발생일>23.03.11</해제사유발생일><해제여부>O</해제여부></item><item><거래금액>    69,000</거래금액><거래유형>중개거래</거래유형><건축년도>2017</건축년도><년>2023</년><도로명>오현로</도로명><도로명건물본번호코드>00056</도로명건물본번호코드><도로명건물부번호코드>00000</도로명건물부번호코드><도로명시군구코드>11305</도로명시군구코드><도로명일련번호코드>00</도로명일련번호코드><도로명코드>3108004</도로명코드><법정동> 미아동</법정동><법정동본번코드>0004</법정동본번코드><법정동부번코드>0000</법정동부번코드><법정동시군구코드>11305</법정동시군구코드><법정동읍면동코드>10100</법정동읍면동코드><법정동지번코드>1</법정동지번코드><아파트>꿈의숲롯데캐슬</아파트><월>1</월><일>7</일><일련번호>11305-5141</일련번호><전용면적>59.97</전용면적><중개사소재지>서울 강북구</중개사소재지><지번>4</지번><지역코드>11305</지역코드><층>2</층><해제사유발생일> </해제사유발생일><해제여부> </해제여부></item><item><거래금액>    81,000</거래금액><거래유형>중개거래</거래유형><건축년도>2019</건축년도><년>2023</년><도로명>오현로</도로명><도로명건물본번호코드>00045</도로명건물본번호코드><도로명건물부번호코드>00000</도로명건물부번호코드><도로명시군구코드>11305</도로명시군구코드><도로명일련번호코드>01</도로명일련번호코드><도로명지상지하코드>0</도로명지상지하코드><도로명코드>3108004</도로명코드><법정동> 미아동</법정동><법정동본번코드>1369</법정동본번코드><법정동부번코드>0000</법정동부번코드><법정동시군구코드>11305</법정동시군구코드><법정동읍면동코드>10100</법정동읍면동코드><법정동지번코드>1</법정동지번코드><아파트>꿈의숲해링턴플레이스</아파트><월>1</월><일>10</일><일련번호>11305-5365</일련번호><전용면적>84.67</전용면적><중개사소재지>서울 강북구</중개사소재지><지번>1369</지번><지역코드>11305</지역코드><층>6</층><해제사유발생일> </해제사유발생일><해제여부> </해제여부></item><item><거래금액>    65,000</거래금액><거래유형>중개거래</거래유형><건축년도>2010</건축년도><년>2023</년><도로명>삼양로27길</도로명><도로명건물본번호코드>00019</도로명건물본번호코드><도로명건물부번호코드>00000</도로명건물부번호코드><도로명시군구코드>11305</도로명시군구코드><도로명일련번호코드>01</도로명일련번호코드><도로명지상지하코드>0</도로명지상지하코드><도로명코드>4124230</도로명코드><법정동> 미아동</법정동><법정동본번코드>0812</법정동본번코드><법정동부번코드>0000</법정동부번코드><법정동시군구코드>11305</법정동시군구코드><법정동읍면동코드>10100</법정동읍면동코드><법정동지번코드>1</법정동지번코드><아파트>삼성래미안트리베라2단지</아파트><월>1</월><일>12</일><일련번호>11305-4129</일련번호><전용면적>58.99</전용면적><중개사소재지>서울 강북구</중개사소재지><지번>812</지번><지역코드>11305</지역코드><층>21</층><해제사유발생일> </해제사유발생일><해제여부> </해제여부></item><item><거래금액>    64,500</거래금액><거래유형>중개거래</거래유형><건축년도>2011</건축년도><년>2023</년><도로명>삼양로27길</도로명><도로명건물본번호코드>00095</도로명건물본번호코드><도로명건물부번호코드>00000</도로명건물부번호코드><도로명시군구코드>11305</도로명시군구코드><도로명일련번호코드>01</도로명일련번호코드><도로명지상지하코드>0</도로명지상지하코드><도로명코드>4124230</도로명코드><법정동> 미아동</법정동><법정동본번코드>0811</법정동본번코드><법정동부번코드>0000</법정동부번코드><법정동시군구코드>11305</법정동시군구코드><법정동읍면동코드>10100</법정동읍면동코드><법정동지번코드>1</법정동지번코드><아파트>두산위브트레지움</아파트><월>1</월><일>12</일><일련번호>11305-4255</일련번호><전용면적>59.99</전용면적><중개사소재지>서울 강북구</중개사소재지><지번>811</지번><지역코드>11305</지역코드><층>18</층><해제사유발생일>23.02.25</해제사유발생일><해제여부>O</해제여부></item><item><거래금액>    60,500</거래금액><거래유형>중개거래</거래유형><건축년도>2004</건축년도><년>2023</년><도로명>솔샘로</도로명><도로명건물본번호코드>00174</도로명건물본번호코드><도로명건물부번호코드>00000</도로명건물부번호코드><도로명시군구코드>11305</도로명시군구코드><도로명일련번호코드>01</도로명일련번호코드><도로명지상지하코드>0</도로명지상지하코드><도로명코드>3005042</도로명코드><법정동> 미아동</법정동><법정동본번코드>1353</법정동본번코드><법정동부번코드>0000</법정동부번코드><법정동시군구코드>11305</법정동시군구코드><법정동읍면동코드>10100</법정동읍면동코드><법정동지번코드>1</법정동지번코드><아파트>에스케이북한산시티</아파트><월>1</월><일>14</일><일련번호>11305-6</일련번호><전용면적>84.71</전용면적><중개사소재지>서울 강북구</중개사소재지><지번>1353</지번><지역코드>11305</지역코드><층>12</층><해제사유발생일> </해제사유발생일><해제여부> </해제여부></item><item><거래금액>    75,500</거래금액><거래유형>중개거래</거래유형><건축년도>2011</건축년도><년>2023</년><도로명>삼양로27길</도로명><도로명건물본번호코드>00095</도로명건물본번호코드><도로명건물부번호코드>00000</도로명건물부번호코드><도로명시군구코드>11305</도로명시군구코드><도로명일련번호코드>01</도로명일련번호코드><도로명지상지하코드>0</도로명지상지하코드><도로명코드>4124230</도로명코드><법정동> 미아동</법정동><법정동본번코드>0811</법정동본번코드><법정동부번코드>0000</법정동부번코드><법정동시군구코드>11305</법정동시군구코드><법정동읍면동코드>10100</법정동읍면동코드><법정동지번코드>1</법정동지번코드><아파트>두산위브트레지움</아파트><월>1</월><일>14</일><일련번호>11305-4255</일련번호><전용면적>84.92</전용면적><중개사소재지>서울 강북구</중개사소재지><지번>811</지번><지역코드>11305</지역코드><층>13</층><해제사유발생일> </해제사유발생일><해제여부> </해제여부></item><item><거래금액>    88,500</거래금액><거래유형>중개거래</거래유형><건축년도>2010</건축년도><년>2023</년><도로명>삼양로27길</도로명><도로명건물본번호코드>00019</도로명건물본번호코드><도로명건물부번호코드>00000</도로명건물부번호코드><도로명시군구코드>11305</도로명시군구코드><도로명일련번호코드>01</도로명일련번호코드><도로명지상지하코드>0</도로명지상지하코드><도로명코드>4124230</도로명코드><법정동> 미아동</법정동><법정동본번코드>0812</법정동본번코드><법정동부번코드>0000</법정동부번코드><법정동시군구코드>11305</법정동시군구코드><법정동읍면동코드>10100</법정동읍면동코드><법정동지번코드>1</법정동지번코드><아파트>삼성래미안트리베라2단지</아파트><월>1</월><일>14</일><일련번호>11305-4129</일련번호><전용면적>84.29</전용면적><중개사소재지>서울 강북구</중개사소재지><지번>812</지번><지역코드>11305</지역코드><층>10</층><해제사유발생일> </해제사유발생일><해제여부> </해제여부></item><item><거래금액>    70,000</거래금액><거래유형>중개거래</거래유형><건축년도>2003</건축년도><년>2023</년><도로명>오패산로30길</도로명><도로명건물본번호코드>00030</도로명건물본번호코드><도로명건물부번호코드>00000</도로명건물부번호코드><도로명시군구코드>11305</도로명시군구코드><도로명일련번호코드>01</도로명일련번호코드><도로명지상지하코드>0</도로명지상지하코드><도로명코드>4124400</도로명코드><법정동> 미아동</법정동><법정동본번코드>1356</법정동본번코드><법정동부번코드>0000</법정동부번코드><법정동시군구코드>11305</법정동시군구코드><법정동읍면동코드>10100</법정동읍면동코드><법정동지번코드>1</법정동지번코드><아파트>경남아너스빌(1356-0)</아파트><월>1</월><일>17</일><일련번호>11305-47</일련번호><전용면적>84.873</전용면적><중개사소재지>서울 강북구</중개사소재지><지번>1356</지번><지역코드>11305</지역코드><층>1</층><해제사유발생일> </해제사유발생일><해제여부> </해제여부></item><item><거래금액>    82,000</거래금액><거래유형>중개거래</거래유형><건축년도>2017</건축년도><년>2023</년><도로명>오현로</도로명><도로명건물본번호코드>00056</도로명건물본번호코드><도로명건물부번호코드>00000</도로명건물부번호코드><도로명시군구코드>11305</도로명시군구코드><도로명일련번호코드>00</도로명일련번호코드><도로명코드>3108004</도로명코드><법정동> 미아동</법정동><법정동본번코드>0004</법정동본번코드><법정동부번코드>0000</법정동부번코드><법정동시군구코드>11305</법정동시군구코드><법정동읍면동코드>10100</법정동읍면동코드><법정동지번코드>1</법정동지번코드><아파트>꿈의숲롯데캐슬</아파트><월>1</월><일>18</일><일련번호>11305-5141</일련번호><전용면적>84.98</전용면적><중개사소재지>서울 강북구</중개사소재지><지번>4</지번><지역코드>11305</지역코드><층>13</층><해제사유발생일> </해제사유발생일><해제여부> </해제여부></item><item><거래금액>    68,500</거래금액><거래유형>중개거래</거래유형><건축년도>2022</건축년도><년>2023</년><도로명>오패산로</도로명><도로명건물본번호코드>00202</도로명건물본번호코드><도로명건물부번호코드>00000</도로명건물부번호코드><도로명시군구코드>11305</도로명시군구코드><도로명일련번호코드>00</도로명일련번호코드><도로명코드>3005044</도로명코드><법정동> 미아동</법정동><법정동본번코드>1371</법정동본번코드><법정동부번코드>0000</법정동부번코드><법정동시군구코드>11305</법정동시군구코드><법정동읍면동코드>10100</법정동읍면동코드><법정동지번코드>1</법정동지번코드><아파트>꿈의숲한신더휴</아파트><월>1</월><일>18</일><일련번호>11305-5532</일련번호><전용면적>59.9894</전용면적><중개사소재지>서울 강북구, 서울 성북구</중개사소재지><지번>1371</지번><지역코드>11305</지역코드><층>8</층><해제사유발생일> </해제사유발생일><해제여부> </해제여부></item><item><거래금액>    53,000</거래금액><거래유형>중개거래</거래유형><건축년도>2004</건축년도><년>2023</년><도로명>솔샘로</도로명><도로명건물본번호코드>00174</도로명건물본번호코드><도로명건물부번호코드>00000</도로명건물부번호코드><도로명시군구코드>11305</도로명시군구코드><도로명일련번호코드>01</도로명일련번호코드><도로명지상지하코드>0</도로명지상지하코드><도로명코드>3005042</도로명코드><법정동> 미아동</법정동><법정동본번코드>1353</법정동본번코드><법정동부번코드>0000</법정동부번코드><법정동시군구코드>11305</법정동시군구코드><법정동읍면동코드>10100</법정동읍면동코드><법정동지번코드>1</법정동지번코드><아파트>에스케이북한산시티</아파트><월>1</월><일>20</일><일련번호>11305-6</일련번호><전용면적>59.98</전용면적><중개사소재지>서울 강북구</중개사소재지><지번>1353</지번><지역코드>11305</지역코드><층>22</층><해제사유발생일> </해제사유발생일><해제여부> </해제여부></item><item><거래금액>    77,000</거래금액><거래유형>중개거래</거래유형><건축년도>2010</건축년도><년>2023</년><도로명>삼양로19길</도로명><도로명건물본번호코드>00025</도로명건물본번호코드><도로명건물부번호코드>00000</도로명건물부번호코드><도로명시군구코드>11305</도로명시군구코드><도로명일련번호코드>01</도로명일련번호코드><도로명지상지하코드>0</도로명지상지하코드><도로명코드>4124223</도로명코드><법정동> 미아동</법정동><법정동본번코드>0813</법정동본번코드><법정동부번코드>0000</법정동부번코드><법정동시군구코드>11305</법정동시군구코드><법정동읍면동코드>10100</법정동읍면동코드><법정동지번코드>1</법정동지번코드><아파트>래미안트리베라1단지</아파트><월>1</월><일>26</일><일련번호>11305-4123</일련번호><전용면적>84.97</전용면적><중개사소재지>서울 강북구, 서울 성북구</중개사소재지><지번>813</지번><지역코드>11305</지역코드><층>13</층><해제사유발생일> </해제사유발생일><해제여부> </해제여부></item><item><거래금액>    64,000</거래금액><거래유형>중개거래</거래유형><건축년도>2010</건축년도><년>2023</년><도로명>삼양로27길</도로명><도로명건물본번호코드>00019</도로명건물본번호코드><도로명건물부번호코드>00000</도로명건물부번호코드><도로명시군구코드>11305</도로명시군구코드><도로명일련번호코드>01</도로명일련번호코드><도로명지상지하코드>0</도로명지상지하코드><도로명코드>4124230</도로명코드><법정동> 미아동</법정동><법정동본번코드>0812</법정동본번코드><법정동부번코드>0000</법정동부번코드><법정동시군구코드>11305</법정동시군구코드><법정동읍면동코드>10100</법정동읍면동코드><법정동지번코드>1</법정동지번코드><아파트>삼성래미안트리베라2단지</아파트><월>1</월><일>26</일><일련번호>11305-4129</일련번호><전용면적>58.99</전용면적><중개사소재지>서울 강북구</중개사소재지><지번>812</지번><지역코드>11305</지역코드><층>9</층><해제사유발생일> </해제사유발생일><해제여부> </해제여부></item><item><거래금액>    65,000</거래금액><거래유형>중개거래</거래유형><건축년도>2003</건축년도><년>2023</년><도로명>삼양로19길</도로명><도로명건물본번호코드>00113</도로명건물본번호코드><도로명건물부번호코드>00000</도로명건물부번호코드><도로명시군구코드>11305</도로명시군구코드><도로명일련번호코드>01</도로명일련번호코드><도로명지상지하코드>0</도로명지상지하코드><도로명코드>4124223</도로명코드><법정동> 미아동</법정동><법정동본번코드>1357</법정동본번코드><법정동부번코드>0000</법정동부번코드><법정동시군구코드>11305</법정동시군구코드><법정동읍면동코드>10100</법정동읍면동코드><법정동지번코드>1</법정동지번코드><아파트>삼각산아이원</아파트><월>1</월><일>28</일><일련번호>11305-46</일련번호><전용면적>84.705</전용면적><중개사소재지>서울 성북구</중개사소재지><지번>1357</지번><지역코드>11305</지역코드><층>19</층><해제사유발생일> </해제사유발생일><해제여부> </해제여부></item><item><거래금액>    64,000</거래금액><거래유형>중개거래</거래유형><건축년도>2011</건축년도><년>2023</년><도로명>삼양로27길</도로명><도로명건물본번호코드>00095</도로명건물본번호코드><도로명건물부번호코드>00000</도로명건물부번호코드><도로명시군구코드>11305</도로명시군구코드><도로명일련번호코드>01</도로명일련번호코드><도로명지상지하코드>0</도로명지상지하코드><도로명코드>4124230</도로명코드><법정동> 미아동</법정동><법정동본번코드>0811</법정동본번코드><법정동부번코드>0000</법정동부번코드><법정동시군구코드>11305</법정동시군구코드><법정동읍면동코드>10100</법정동읍면동코드><법정동지번코드>1</법정동지번코드><아파트>두산위브트레지움</아파트><월>1</월><일>31</일><일련번호>11305-4255</일련번호><전용면적>59.68</전용면적><중개사소재지>서울 강북구</중개사소재지><지번>811</지번><지역코드>11305</지역코드><층>6</층><해제사유발생일> </해제사유발생일><해제여부> </해제여부></item><item><거래금액>    49,500</거래금액><거래유형>중개거래</거래유형><건축년도>1991</건축년도><년>2023</년><도로명>한천로105길</도로명><도로명건물본번호코드>00023</도로명건물본번호코드><도로명건물부번호코드>00000</도로명건물부번호코드><도로명시군구코드>11305</도로명시군구코드><도로명일련번호코드>01</도로명일련번호코드><도로명지상지하코드>0</도로명지상지하코드><도로명코드>4124549</도로명코드><법정동> 번동</법정동><법정동본번코드>0242</법정동본번코드><법정동부번코드>0000</법정동부번코드><법정동시군구코드>11305</법정동시군구코드><법정동읍면동코드>10200</법정동읍면동코드><법정동지번코드>1</법정동지번코드><아파트>주공1단지</아파트><월>1</월><일>5</일><일련번호>11305-24</일련번호><전용면적>49.94</전용면적><중개사소재지>서울 강북구</중개사소재지><지번>242</지번><지역코드>11305</지역코드><층>7</층><해제사유발생일> </해제사유발생일><해제여부> </해제여부></item><item><거래금액>    55,000</거래금액><거래유형>중개거래</거래유형><건축년도>1998</건축년도><년>2023</년><도로명>도봉로98길</도로명><도로명건물본번호코드>00033</도로명건물본번호코드><도로명건물부번호코드>00000</도로명건물부번호코드><도로명시군구코드>11305</도로명시군구코드><도로명일련번호코드>01</도로명일련번호코드><도로명지상지하코드>0</도로명지상지하코드><도로명코드>4124150</도로명코드><법정동> 번동</법정동><법정동본번코드>0470</법정동본번코드><법정동부번코드>0001</법정동부번코드><법정동시군구코드>11305</법정동시군구코드><법정동읍면동코드>10200</법정동읍면동코드><법정동지번코드>1</법정동지번코드><아파트>삼성</아파트><월>1</월><일>6</일><일련번호>11305-19</일련번호><전용면적>84.96</전용면적><중개사소재지>서울 강남구</중개사소재지><지번>470-1</지번><지역코드>11305</지역코드><층>13</층><해제사유발생일> </해제사유발생일><해제여부> </해제여부></item><item><거래금액>    69,500</거래금액><거래유형>중개거래</거래유형><건축년도>1993</건축년도><년>2023</년><도로명>삼각산로</도로명><도로명건물본번호코드>00143</도로명건물본번호코드><도로명건물부번호코드>00001</도로명건물부번호코드><도로명시군구코드>11305</도로명시군구코드><도로명일련번호코드>01</도로명일련번호코드><도로명지상지하코드>0</도로명지상지하코드><도로명코드>3108001</도로명코드><법정동> 수유동</법정동><법정동본번코드>0205</법정동본번코드><법정동부번코드>0000</법정동부번코드><법정동시군구코드>11305</법정동시군구코드><법정동읍면동코드>10300</법정동읍면동코드><법정동지번코드>1</법정동지번코드><아파트>수유벽산1차</아파트><월>1</월><일>9</일><일련번호>11305-33</일련번호><전용면적>84.92</전용면적><중개사소재지>서울 강북구</중개사소재지><지번>205</지번><지역코드>11305</지역코드><층>2</층><해제사유발생일> </해제사유발생일><해제여부> </해제여부></item></items><numOfRows>999</numOfRows><pageNo>1</pageNo><totalCount>26</totalCount></body></response>