<?xml version="1.0" encoding="UTF-8" standalone="yes"?><response><header><resultCode>00</resultCode><resultMsg>NORMAL SERVICE.</resultMsg></header><body><items><item><거래금액>    55,500</거래금액><거래유형>중개거래</거래유형><건축년도>1995</건축년도><년>2023</년><도로명>양천로67길</도로명><도로명건물본번호코드>00032</도로명건물본번호코드><도로명건물부번호코드>00000</도로명건물부번호코드><도로명시군구코드>11500</도로명시군구코드><도로명일련번호코드>01</도로명일련번호코드><도로명지상지하코드>0</도로명지상지하코드><도로명코드>4145422</도로명코드><법정동> 염창동</법정동><법정동본번코드>0289</법정동본번코드><법정동부번코드>0000</법정동부번코드><법정동시군구코드>11500</법정동시군구코드><법정동읍면동코드>10100</법정동읍면동코드><법정동지번코드>1</법정동지번코드><아파트>신동아</아파트><월>1</월><일>5</일><일련번호>11500-21</일련번호><전용면적>59.82</전용면적><중개사소재지>서울 강서구</중개사소재지><지번>289</지번><지역코드>11500</지역코드><층>5</층><해제사유발생일> </해제사유발생일><해제여부> </해제여부></item><item><거래금액>    75,000</거래금액><거래유형>중개거래</거래유형><건축년도>1994</건축년도><년>2023</년><도로명>공항대로71길</도로명><도로명건물본번호코드>00054</도로명건물본번호코드><도로명건물부번호코드>00000</도로명건물부번호코드><도로명시군구코드>11500</도로명시군구코드><도로명일련번호코드>01</도로명일련번호코드><도로명지상지하코드>0</도로명지상지하코드><도로명코드>4145216</도로명코드><법정동> 염창동</법정동><법정동본번코드>0263</법정동본번코드><법정동부번코드>0000</법정동부번코드><법정동시군구코드>11500</법정동시군구코드><법정동읍면동코드>10100</법정동읍면동코드><법정동지번코드>1</법정동지번코드><아파트>태진한솔</아파트><월>1</월><일>8</일><일련번호>11500-26</일련번호><전용면적>58.87</전용면적><중개사소재지>서울 강서구</중개사소재지><지번>263</지번><지역코드>11500</지역코드><층>10</층><해제사유발생일> </해제사유발생일><해제여부> </해제여부></item><item><거래금액>    59,500</거래금액><거래유형>중개거래</거래유형><건축년도>1996</건축년도><년>2023</년><도로명>양천로75길</도로명><도로명건물본번호코드>00060</도로명건물본번호코드><도로명건물부번호코드>00000</도로명건물부번호코드><도로명시군구코드>11500</도로명시군구코드><도로명일련번호코드>01</도로명일련번호코드><도로명지상지하코드>0</도로명지상지하코드><도로명코드>4145429</도로명코드><법정동> 염창동</법정동><법정동본번코드>0291</법정동본번코드><법정동부번코드>0000</법정동부번코드><법정동시군구코드>11500</법정동시군구코드><법정동읍면동코드>10100</법정동읍면동코드><법정동지번코드>1</법정동지번코드><아파트>현대3</아파트><월>1</월><일>14</일><일련번호>11500-30</일련번호><전용면적>59.92</전용면적><중개사소재지>서울 강서구, 서울 양천구</중개사소재지><지번>291</지번><지역코드>11500</지역코드><층>11</층><해제사유발생일> </해제사유발생일><해제여부> </해제여부></item><item><거래금액>    75,500</거래금액><거래유형>중개거래</거래유형><건축년도>1999</건축년도><년>2023</년><도로명>양천로</도로명><도로명건물본번호코드>00595</도로명건물본번호코드><도로명건물부번호코드>00000</도로명건물부번호코드><도로명시군구코드>11500</도로명시군구코드><도로명일련번호코드>01</도로명일련번호코드><도로명지상지하코드>0</도로명지상지하코드><도로명코드>3115008</도로명코드><법정동> 염창동</법정동><법정동본번코드>0240</법정동본번코드><법정동부번코드>0032</법정동부번코드><법정동시군구코드>11500</법정동시군구코드><법정동읍면동코드>10100</법정동읍면동코드><법정동지번코드>1</법정동지번코드><아파트>금호타운</아파트><월>1</월><일>16</일><일련번호>11500-3</일련번호><전용면적>59.88</전용면적><중개사소재지>서울 강서구</중개사소재지><지번>240-32</지번><지역코드>11500</지역코드><층>5</층><해제사유발생일> </해제사유발생일><해제여부> </해제여부></item><item><거래금액>    70,000</거래금액><거래유형>중개거래</거래유형><건축년도>2001</건축년도><년>2023</년><도로명>공항대로75길</도로명><도로명건물본번호코드>00030</도로명건물본번호코드><도로명건물부번호코드>00000</도로명건물부번호코드><도로명시군구코드>11500</도로명시군구코드><도로명일련번호코드>01</도로명일련번호코드><도로명지상지하코드>0</도로명지상지하코드><도로명코드>4145217</도로명코드><법정동> 염창동</법정동><법정동본번코드>0282</법정동본번코드><법정동부번코드>0000</법정동부번코드><법정동시군구코드>11500</법정동시군구코드><법정동읍면동코드>10100</법정동읍면동코드><법정동지번코드>1</법정동지번코드><아파트>삼정그린코아</아파트><월>1</월><일>24</일><일련번호>11500-18</일련번호><전용면적>59.739</전용면적><중개사소재지>서울 강서구</중개사소재지><지번>282</지번><지역코드>11500</지역코드><층>6</층><해제사유발생일> </해제사유발생일><해제여부> </해제여부></item><item><거래금액>    79,000</거래금액><거래유형>중개거래</거래유형><건축년도>2004</건축년도><년>2023</년><도로명>양천로71가길</도로명><도로명건물본번호코드>00022</도로명건물본번호코드><도로명건물부번호코드>00000</도로명건물부번호코드><도로명시군구코드>11500</도로명시군구코드><도로명일련번호코드>01</도로명일련번호코드><도로명지상지하코드>0</도로명지상지하코드><도로명코드>4145425</도로명코드><법정동> 염창동</법정동><법정동본번코드>0298</법정동본번코드><법정동부번코드>0000</법정동부번코드><법정동시군구코드>11500</법정동시군구코드><법정동읍면동코드>10100</법정동읍면동코드><법정동지번코드>1</법정동지번코드><아파트>일신건영휴먼빌</아파트><월>1</월><일>28</일><일련번호>11500-299</일련번호><전용면적>84.93</전용면적><중개사소재지>서울 강서구</중개사소재지><지번>298</지번><지역코드>11500</지역코드><층>5</층><해제사유발생일> </해제사유발생일><해제여부> </해제여부></item><item><거래금액>    84,000</거래금액><거래유형>중개거래</거래유형><건축년도>1995</건축년도><년>2023</년><도로명>양천로</도로명><도로명건물본번호코드>00637</도로명건물본번호코드><도로명건물부번호코드>00000</도로명건물부번호코드><도로명시군구코드>11500</도로명시군구코드><도로명일련번호코드>01</도로명일련번호코드><도로명지상지하코드>0</도로명지상지하코드><도로명코드>3115008</도로명코드><법정동> 염창동</법정동><법정동본번코드>0244</법정동본번코드><법정동부번코드>0002</법정동부번코드><법정동시군구코드>11500</법정동시군구코드><법정동읍면동코드>10100</법정동읍면동코드><법정동지번코드>1</법정동지번코드><아파트>삼성한마음</아파트><월>1</월><일>29</일><일련번호>11500-16</일련번호><전용면적>84.87</전용면적><중개사소재지>서울 강서구</중개사소재지><지번>244-2</지번><지역코드>11500</지역코드><층>13</층><해제사유발생일> </해제사유발생일><해제여부> </해제여부></item><item><거래금액>    63,800</거래금액><거래유형>중개거래</거래유형><건축년도>1995</건축년도><년>2023</년><도로명>양천로</도로명><도로명건물본번호코드>00637</도로명건물본번호코드><도로명건물부번호코드>00000</도로명건물부번호코드><도로명시군구코드>11500</도로명시군구코드><도로명일련번호코드>01</도로명일련번호코드><도로명지상지하코드>0</도로명지상지하코드><도로명코드>3115008</도로명코드><법정동> 염창동</법정동><법정동본번코드>0244</법정동본번코드><법정동부번코드>0002</법정동부번코드><법정동시군구코드>11500</법정동시군구코드><법정동읍면동코드>10100</법정동읍면동코드><법정동지번코드>1</법정동지번코드><아파트>삼성한마음</아파트><월>1</월><일>31</일><일련번호>11500-16</일련번호><전용면적>59.94</전용면적><중개사소재지>서울 강서구</중개사소재지><지번>244-2</지번><지역코드>11500</지역코드><층>5</층><해제사유발생일> </해제사유발생일><해제여부> </해제여부></item><item><거래금액>    66,000</거래금액><거래유형>중개거래</거래유형><건축년도>1992</건축년도><년>2023</년><도로명>화곡로68길</도로명><도로명건물본번호코드>00103</도로명건물본번호코드><도로명건물부번호코드>00000</도로명건물부번호코드><도로명시군구코드>11500</도로명시군구코드><도로명일련번호코드>01</도로명일련번호코드><도로명지상지하코드>0</도로명지상지하코드><도로명코드>4145550</도로명코드><법정동> 등촌동</법정동><법정동본번코드>0630</법정동본번코드><법정동부번코드>0003</법정동부번코드><법정동시군구코드>11500</법정동시군구코드><법정동읍면동코드>10200</법정동읍면동코드><법정동지번코드>1</법정동지번코드><아파트>우성</아파트><월>1</월><일>5</일><일련번호>11500-49</일련번호><전용면적>84.96</전용면적><중개사소재지>서울 강서구, 서울 양천구</중개사소재지><지번>630-3</지번><지역코드>11500</지역코드><층>5</층><해제사유발생일> </해제사유발생일><해제여부> </해제여부></item><item><거래금액>    48,000</거래금액><거래유형>중개거래</거래유형><건축년도>1994</건축년도><년>2023</년><도로명>강서로68길</도로명><도로명건물본번호코드>00036</도로명건물본번호코드><도로명건물부번호코드>00000</도로명건물부번호코드><도로명시군구코드>11500</도로명시군구코드><도로명일련번호코드>01</도로명일련번호코드><도로명지상지하코드>0</도로명지상지하코드><도로명코드>4145077</도로명코드><법정동> 등촌동</법정동><법정동본번코드>0687</법정동본번코드><법정동부번코드>0000</법정동부번코드><법정동시군구코드>11500</법정동시군구코드><법정동읍면동코드>10200</법정동읍면동코드><법정동지번코드>1</법정동지번코드><아파트>등촌1,2단지주공아파트</아파트><월>1</월><일>8</일><일련번호>11500-54</일련번호><전용면적>41.85</전용면적><중개사소재지>서울 강서구, 인천 남동구</중개사소재지><지번>687</지번><지역코드>11500</지역코드><층>12</층><해제사유발생일> </해제사유발생일><해제여부> </해제여부></item><item><거래금액>    60,000</거래금액><거래유형>직거래</거래유형><건축년도>1997</건축년도><년>2023</년><도로명>화곡로68길</도로명><도로명건물본번호코드>00033</도로명건물본번호코드><도로명건물부번호코드>00000</도로명건물부번호코드><도로명시군구코드>11500</도로명시군구코드><도로명일련번호코드>01</도로명일련번호코드><도로명지상지하코드>0</도로명지상지하코드><도로명코드>4145550</도로명코드><법정동> 등촌동</법정동><법정동본번코드>0628</법정동본번코드><법정동부번코드>0015</법정동부번코드><법정동시군구코드>11500</법정동시군구코드><법정동읍면동코드>10200</법정동읍면동코드><법정동지번코드>1</법정동지번코드><아파트>등촌라인(조합)</아파트><월>1</월><일>9</일><일련번호>11500-39</일련번호><전용면적>59.91</전용면적><중개사소재지> </중개사소재지><지번>628-15</지번><지역코드>11500</지역코드><층>5</층><해제사유발생일> </해제사유발생일><해제여부> </해제여부></item><item><거래금액>    83,000</거래금액><거래유형>중개거래</거래유형><건축년도>2004</건축년도><년>2023</년><도로명>등촌로</도로명><도로명건물본번호코드>00163</도로명건물본번호코드><도로명건물부번호코드>00000</도로명건물부번호코드><도로명시군구코드>11500</도로명시군구코드><도로명일련번호코드>01</도로명일련번호코드><도로명지상지하코드>0</도로명지상지하코드><도로명코드>3005064</도로명코드><법정동> 등촌동</법정동><법정동본번코드>0715</법정동본번코드><법정동부번코드>0000</법정동부번코드><법정동시군구코드>11500</법정동시군구코드><법정동읍면동코드>10200</법정동읍면동코드><법정동지번코드>1</법정동지번코드><아파트>등촌동아이파크</아파트><월>1</월><일>11</일><일련번호>11500-263</일련번호><전용면적>84.9958</전용면적><중개사소재지>서울 강서구</중개사소재지><지번>715</지번><지역코드>11500</지역코드><층>6</층><해제사유발생일> </해제사유발생일><해제여부> </해제여부></item><item><거래금액>    90,500</거래금액><거래유형>중개거래</거래유형><건축년도>2004</건축년도><년>2023</년><도로명>등촌로</도로명><도로명건물본번호코드>00163</도로명건물본번호코드><도로명건물부번호코드>00000</도로명건물부번호코드><도로명시군구코드>11500</도로명시군구코드><도로명일련번호코드>01</도로명일련번호코드><도로명지상지하코드>0</도로명지상지하코드><도로명코드>3005064</도로명코드><법정동> 등촌동</법정동><법정동본번코드>0715</법정동본번코드><법정동부번코드>0000</법정동부번코드><법정동시군구코드>11500</법정동시군구코드><법정동읍면동코드>10200</법정동읍면동코드><법정동지번코드>1</법정동지번코드><아파트>등촌동아이파크</아파트><월>1</월><일>13</일><일련번호>11500-263</일련번호><전용면적>84.9958</전용면적><중개사소재지>서울 강서구</중개사소재지><지번>715</지번><지역코드>11500</지역코드><층>10</층><해제사유발생일> </해제사유발생일><해제여부> </해제여부></item><item><거래금액>    79,000</거래금액><거래유형>중개거래</거래유형><건축년도>1994</건축년도><년>2023</년><도로명>강서로56나길</도로명><도로명건물본번호코드>00110</도로명건물본번호코드><도로명건물부번호코드>00000</도로명건물부번호코드><도로명시군구코드>11500</도로명시군구코드><도로명일련번호코드>01</도로명일련번호코드><도로명지상지하코드>0</도로명지상지하코드><도로명코드>4145070</도로명코드><법정동> 등촌동</법정동><법정동본번코드>0691</법정동본번코드><법정동부번코드>0003</법정동부번코드><법정동시군구코드>11500</법정동시군구코드><법정동읍면동코드>10200</법정동읍면동코드><법정동지번코드>1</법정동지번코드><아파트>부영</아파트><월>1</월><일>17</일><일련번호>11500-41</일련번호><전용면적>80.64</전용면적><중개사소재지>서울 강서구</중개사소재지><지번>691-3</지번><지역코드>11500</지역코드><층>9</층><해제사유발생일> </해제사유발생일><해제여부> </해제여부></item><item><거래금액>    50,000</거래금액><거래유형>중개거래</거래유형><건축년도>1994</건축년도><년>2023</년><도로명>공항대로43길</도로명><도로명건물본번호코드>00104</도로명건물본번호코드><도로명건물부번호코드>00000</도로명건물부번호코드><도로명시군구코드>11500</도로명시군구코드><도로명일련번호코드>01</도로명일련번호코드><도로명지상지하코드>0</도로명지상지하코드><도로명코드>4145185</도로명코드><법정동> 등촌동</법정동><법정동본번코드>0707</법정동본번코드><법정동부번코드>0000</법정동부번코드><법정동시군구코드>11500</법정동시군구코드><법정동읍면동코드>10200</법정동읍면동코드><법정동지번코드>1</법정동지번코드><아파트>등촌7,8단지주공아파트</아파트><월>1</월><일>17</일><일련번호>11500-57</일련번호><전용면적>41.85</전용면적><중개사소재지>서울 강서구</중개사소재지><지번>707</지번><지역코드>11500</지역코드><층>9</층><해제사유발생일> </해제사유발생일><해제여부> </해제여부></item><item><거래금액>    50,000</거래금액><거래유형>중개거래</거래유형><건축년도>1994</건축년도><년>2023</년><도로명>강서로68길</도로명><도로명건물본번호코드>00036</도로명건물본번호코드><도로명건물부번호코드>00000</도로명건물부번호코드><도로명시군구코드>11500</도로명시군구코드><도로명일련번호코드>01</도로명일련번호코드><도로명지상지하코드>0</도로명지상지하코드><도로명코드>4145077</도로명코드><법정동> 등촌동</법정동><법정동본번코드>0687</법정동본번코드><법정동부번코드>0000</법정동부번코드><법정동시군구코드>11500</법정동시군구코드><법정동읍면동코드>10200</법정동읍면동코드><법정동지번코드>1</법정동지번코드><아파트>등촌1,2단지주공아파트</아파트><월>1</월><일>28</일><일련번호>11500-54</일련번호><전용면적>41.85</전용면적><중개사소재지>서울 강서구</중개사소재지><지번>687</지번><지역코드>11500</지역코드><층>15</층><해제사유발생일> </해제사유발생일><해제여부> </해제여부></item><item><거래금액>   150,000</거래금액><거래유형>중개거래</거래유형><건축년도>2015</건축년도><년>2023</년><도로명>우현로</도로명><도로명건물본번호코드>00067</도로명건물본번호코드><도로명건물부번호코드>00000</도로명건물부번호코드><도로명시군구코드>11500</도로명시군구코드><도로명일련번호코드>01</도로명일련번호코드><도로명지상지하코드>0</도로명지상지하코드><도로명코드>3115010</도로명코드><법정동> 화곡동</법정동><법정동본번코드>1165</법정동본번코드><법정동부번코드>0000</법정동부번코드><법정동시군구코드>11500</법정동시군구코드><법정동읍면동코드>10300</법정동읍면동코드><법정동지번코드>1</법정동지번코드><아파트>강서힐스테이트</아파트><월>1</월><일>7</일><일련번호>11500-6919</일련번호><전용면적>128.81</전용면적><중개사소재지>서울 강서구</중개사소재지><지번>1165</지번><지역코드>11500</지역코드><층>20</층><해제사유발생일> </해제사유발생일><해제여부> </해제여부></item><item><거래금액>    27,000</거래금액><거래유형>중개거래</거래유형><건축년도>2019</건축년도><년>2023</년><도로명>강서로33길</도로명><도로명건물본번호코드>00023</도로명건물본번호코드><도로명건물부번호코드>00000</도로명건물부번호코드><도로명시군구코드>11500</도로명시군구코드><도로명일련번호코드>00</도로명일련번호코드><도로명지상지하코드>0</도로명지상지하코드><도로명코드>4145043</도로명코드><법정동> 화곡동</법정동><법정동본번코드>1065</법정동본번코드><법정동부번코드>0004</법정동부번코드><법정동시군구코드>11500</법정동시군구코드><법정동읍면동코드>10300</법정동읍면동코드><법정동지번코드>1</법정동지번코드><아파트>한울에이치밸리움A동</아파트><월>1</월><일>7</일><일련번호>11500-7976</일련번호><전용면적>22.81</전용면적><중개사소재지>서울 강서구</중개사소재지><지번>1065-4</지번><지역코드>11500</지역코드><층>8</층><해제사유발생일> </해제사유발생일><해제여부> </해제여부></item><item><거래금액>    24,900</거래금액><거래유형>중개거래</거래유형><건축년도>2013</건축년도><년>2023</년><도로명>월정로20길</도로명><도로명건물본번호코드>00068</도로명건물본번호코드><도로명건물부번호코드>00006</도로명건물부번호코드><도로명시군구코드>11500</도로명시군구코드><도로명일련번호코드>01</도로명일련번호코드><도로명지상지하코드>0</도로명지상지하코드><도로명코드>4145444</도로명코드><법정동> 화곡동</법정동><법정동본번코드>0925</법정동본번코드><법정동부번코드>0017</법정동부번코드><법정동시군구코드>11500</법정동시군구코드><법정동읍면동코드>10300</법정동읍면동코드><법정동지번코드>1</법정동지번코드><아파트>프라임하우스(925-17)</아파트><월>1</월><일>10</일><일련번호>11500-6787</일련번호><전용면적>37.18</전용면적><중개사소재지>서울 강서구</중개사소재지><지번>925-17</지번><지역코드>11500</지역코드><층>6</층><해제사유발생일> </해제사유발생일><해제여부> </해제여부></item><item><거래금액>   148,500</거래금액><거래유형>중개거래</거래유형><건축년도>2015</건축년도><년>2023</년><도로명>우현로</도로명><도로명건물본번호코드>00067</도로명건물본번호코드><도로명건물부번호코드>00000</도로명건물부번호코드><도로명시군구코드>11500</도로명시군구코드><도로명일련번호코드>01</도로명일련번호코드><도로명지상지하코드>0</도로명지상지하코드><도로명코드>3115010</도로명코드><법정동> 화곡동</법정동><법정동본번코드>1165</법정동본번코드><법정동부번코드>0000</법정동부번코드><법정동시군구코드>11500</법정동시군구코드><법정동읍면동코드>10300</법정동읍면동코드><법정동지번코드>1</법정동지번코드><아파트>강서힐스테이트</아파트><월>1</월><일>10</일><일련번호>11500-6919</일련번호><전용면적>152.1</전용면적><중개사소재지>서울 강서구</중개사소재지><지번>1165</지번><지역코드>11500</지역코드><층>6</층><해제사유발생일> </해제사유발생일><해제여부> </해제여부></item><item><거래금액>    43,800</거래금액><거래유형>중개거래</거래유형><건축년도>2001</건축년도><년>2023</년><도로명>강서로5나길</도로명><도로명건물본번호코드>00050</도로명건물본번호코드><도로명건물부번호코드>00000</도로명건물부번호코드><도로명시군구코드>11500</도로명시군구코드><도로명일련번호코드>01</도로명일련번호코드><도로명지상지하코드>0</도로명지상지하코드><도로명코드>4145073</도로명코드><법정동> 화곡동</법정동><법정동본번코드>0914</법정동본번코드><법정동부번코드>0003</법정동부번코드><법정동시군구코드>11500</법정동시군구코드><법정동읍면동코드>10300</법정동읍면동코드><법정동지번코드>1</법정동지번코드><아파트>일성스카이빌</아파트><월>1</월><일>11</일><일련번호>11500-96</일련번호><전용면적>76.32</전용면적><중개사소재지>서울 마포구</중개사소재지><지번>914-3</지번><지역코드>11500</지역코드><층>9</층><해제사유발생일> </해제사유발생일><해제여부> </해제여부></item><item><거래금액>   127,000</거래금액><거래유형>중개거래</거래유형><건축년도>2003</건축년도><년>2023</년><도로명>공항대로</도로명><도로명건물본번호코드>00382</도로명건물본번호코드><도로명건물부번호코드>00000</도로명건물부번호코드><도로명시군구코드>11500</도로명시군구코드><도로명일련번호코드>03</도로명일련번호코드><도로명지상지하코드>0</도로명지상지하코드><도로명코드>2005007</도로명코드><법정동> 화곡동</법정동><법정동본번코드>1145</법정동본번코드><법정동부번코드>0000</법정동부번코드><법정동시군구코드>11500</법정동시군구코드><법정동읍면동코드>10300</법정동읍면동코드><법정동지번코드>1</법정동지번코드><아파트>우장산롯데캐슬</아파트><월>1</월><일>17</일><일련번호>11500-242</일련번호><전용면적>134.99</전용면적><중개사소재지>서울 강서구</중개사소재지><지번>1145</지번><지역코드>11500</지역코드><층>19</층><해제사유발생일> </해제사유발생일><해제여부> </해제여부></item><item><거래금액>    44,000</거래금액><거래유형>중개거래</거래유형><건축년도>2000</건축년도><년>2023</년><도로명>강서로5나길</도로명><도로명건물본번호코드>00104</도로명건물본번호코드><도로명건물부번호코드>00000</도로명건물부번호코드><도로명시군구코드>11500</도로명시군구코드><도로명일련번호코드>01</도로명일련번호코드><도로명지상지하코드>0</도로명지상지하코드><도로명코드>4145073</도로명코드><법정동> 화곡동</법정동><법정동본번코드>0927</법정동본번코드><법정동부번코드>0001</법정동부번코드><법정동시군구코드>11500</법정동시군구코드><법정동읍면동코드>10300</법정동읍면동코드><법정동지번코드>1</법정동지번코드><아파트>웰라이빌</아파트><월>1</월><일>21</일><일련번호>11500-94</일련번호><전용면적>79.87</전용면적><중개사소재지>서울 강서구, 서울 양천구</중개사소재지><지번>927-1</지번><지역코드>11500</지역코드><층>8</층><해제사유발생일> </해제사유발생일><해제여부> </해제여부></item><item><거래금액>   106,000</거래금액><거래유형>중개거래</거래유형><건축년도>2008</건축년도><년>2023</년><도로명>강서로</도로명><도로명건물본번호코드>00266</도로명건물본번호코드><도로명건물부번호코드>00000</도로명건물부번호코드><도로명시군구코드>11500</도로명시군구코드><도로명일련번호코드>02</도로명일련번호코드><도로명지상지하코드>0</도로명지상지하코드><도로명코드>3115001</도로명코드><법정동> 화곡동</법정동><법정동본번코드>1159</법정동본번코드><법정동부번코드>0000</법정동부번코드><법정동시군구코드>11500</법정동시군구코드><법정동읍면동코드>10300</법정동읍면동코드><법정동지번코드>1</법정동지번코드><아파트>우장산아이파크,이편한세상</아파트><월>1</월><일>27</일><일련번호>11500-5419</일련번호><전용면적>84.97</전용면적><중개사소재지>서울 강서구</중개사소재지><지번>1159</지번><지역코드>11500</지역코드><층>8</층><해제사유발생일> </해제사유발생일><해제여부> </해제여부></item><item><거래금액>   136,000</거래금액><거래유형>중개거래</거래유형><건축년도>2002</건축년도><년>2023</년><도로명>화곡로13길</도로명><도로명건물본번호코드>00107</도로명건물본번호코드><도로명건물부번호코드>00000</도로명건물부번호코드><도로명시군구코드>11500</도로명시군구코드><도로명일련번호코드>01</도로명일련번호코드><도로명지상지하코드>0</도로명지상지하코드><도로명코드>4145494</도로명코드><법정동> 화곡동</법정동><법정동본번코드>1091</법정동본번코드><법정동부번코드>0000</법정동부번코드><법정동시군구코드>11500</법정동시군구코드><법정동읍면동코드>10300</법정동읍면동코드><법정동지번코드>1</법정동지번코드><아파트>화곡푸르지오</아파트><월>1</월><일>28</일><일련번호>11500-120</일련번호><전용면적>144.123</전용면적><중개사소재지>서울 강서구</중개사소재지><지번>1091</지번><지역코드>11500</지역코드><층>10</층><해제사유발생일> </해제사유발생일><해제여부> </해제여부></item><item><거래금액>    89,000</거래금액><거래유형>중개거래</거래유형><건축년도>2015</건축년도><년>2023</년><도로명>우현로</도로명><도로명건물본번호코드>00067</도로명건물본번호코드><도로명건물부번호코드>00000</도로명건물부번호코드><도로명시군구코드>11500</도로명시군구코드><도로명일련번호코드>01</도로명일련번호코드><도로명지상지하코드>0</도로명지상지하코드><도로명코드>3115010</도로명코드><법정동> 화곡동</법정동><법정동본번코드>1165</법정동본번코드><법정동부번코드>0000</법정동부번코드><법정동시군구코드>11500</법정동시군구코드><법정동읍면동코드>10300</법정동읍면동코드><법정동지번코드>1</법정동지번코드><아파트>강서힐스테이트</아파트><월>1</월><일>28</일><일련번호>11500-6919</일련번호><전용면적>59.99</전용면적><중개사소재지>서울 강서구</중개사소재지><지번>1165</지번><지역코드>11500</지역코드><층>11</층><해제사유발생일> </해제사유발생일><해제여부> </해제여부></item><item><거래금액>    91,000</거래금액><거래유형>중개거래</거래유형><건축년도>2015</건축년도><년>2023</년><도로명>우현로</도로명><도로명건물본번호코드>00067</도로명건물본번호코드><도로명건물부번호코드>00000</도로명건물부번호코드><도로명시군구코드>11500</도로명시군구코드><도로명일련번호코드>01</도로명일련번호코드><도로명지상지하코드>0</도로명지상지하코드><도로명코드>3115010</도로명코드><법정동> 화곡동</법정동><법정동본번코드>1165</법정동본번코드><법정동부번코드>0000</법정동부번코드><법정동시군구코드>11500</법정동시군구코드><법정동읍면동코드>10300</법정동읍면동코드><법정동지번코드>1</법정동지번코드><아파트>강서힐스테이트</아파트><월>1</월><일>28</일><일련번호>11500-6919</일련번호><전용면적>59.99</전용면적><중개사소재지>서울 강서구</중개사소재지><지번>1165</지번><지역코드>11500</지역코드><층>14</층><해제사유발생일> </해제사유발생일><해제여부> </해제여부></item><item><거래금액>    58,750</거래금액><거래유형>중개거래</거래유형><건축년도>2003</건축년도><년>2023</년><도로명>강서로45다길</도로명><도로명건물본번호코드>00045</도로명건물본번호코드><도로명건물부번호코드>00000</도로명건물부번호코드><도로명시군구코드>11500</도로명시군구코드><도로명일련번호코드>01</도로명일련번호코드><도로명지상지하코드>0</도로명지상지하코드><도로명코드>4145054</도로명코드><법정동> 화곡동</법정동><법정동본번코드>1144</법정동본번코드><법정동부번코드>0000</법정동부번코드><법정동시군구코드>11500</법정동시군구코드><법정동읍면동코드>10300</법정동읍면동코드><법정동지번코드>1</법정동지번코드><아파트>우림루미아트아파트</아파트><월>1</월><일>28</일><일련번호>11500-284</일련번호><전용면적>75.904</전용면적><중개사소재지>서울 강서구</중개사소재지><지번>1144</지번><지역코드>11500</지역코드><층>5</층><해제사유발생일> </해제사유발생일><해제여부> </해제여부></item><item><거래금액>    63,000</거래금액><거래유형>중개거래</거래유형><건축년도>2008</건축년도><년>2023</년><도로명>강서로33가길</도로명><도로명건물본번호코드>00086</도로명건물본번호코드><도로명건물부번호코드>00000</도로명건물부번호코드><도로명시군구코드>11500</도로명시군구코드><도로명일련번호코드>01</도로명일련번호코드><도로명지상지하코드>0</도로명지상지하코드><도로명코드>4145042</도로명코드><법정동> 화곡동</법정동><법정동본번코드>1024</법정동본번코드><법정동부번코드>0023</법정동부번코드><법정동시군구코드>11500</법정동시군구코드><법정동읍면동코드>10300</법정동읍면동코드><법정동지번코드>1</법정동지번코드><아파트>프라임팰리스(1024-23)</아파트><월>1</월><일>30</일><일련번호>11500-5639</일련번호><전용면적>84.73</전용면적><중개사소재지>서울 강서구</중개사소재지><지번>1024-23</지번><지역코드>11500</지역코드><층>4</층><해제사유발생일> </해제사유발생일><해제여부> </해제여부></item><item><거래금액>    67,800</거래금액><거래유형>중개거래</거래유형><건축년도>1992</건축년도><년>2023</년><도로명>허준로</도로명><도로명건물본번호코드>00175</도로명건물본번호코드><도로명건물부번호코드>00000</도로명건물부번호코드><도로명시군구코드>11500</도로명시군구코드><도로명일련번호코드>01</도로명일련번호코드><도로명지상지하코드>0</도로명지상지하코드><도로명코드>3115013</도로명코드><법정동> 가양동</법정동><법정동본번코드>1485</법정동본번코드><법정동부번코드>0000</법정동부번코드><법정동시군구코드>11500</법정동시군구코드><법정동읍면동코드>10400</법정동읍면동코드><법정동지번코드>1</법정동지번코드><아파트>가양6단지</아파트><월>1</월><일>13</일><일련번호>11500-149</일련번호><전용면적>49.5</전용면적><중개사소재지>경기 부천시</중개사소재지><지번>1485</지번><지역코드>11500</지역코드><층>11</층><해제사유발생일> </해제사유발생일><해제여부> </해제여부></item><item><거래금액>    55,000</거래금액><거래유형>중개거래</거래유형><건축년도>1992</건축년도><년>2023</년><도로명>허준로</도로명><도로명건물본번호코드>00047</도로명건물본번호코드><도로명건물부번호코드>00000</도로명건물부번호코드><도로명시군구코드>11500</도로명시군구코드><도로명일련번호코드>01</도로명일련번호코드><도로명지상지하코드>0</도로명지상지하코드><도로명코드>3115013</도로명코드><법정동> 가양동</법정동><법정동본번코드>1461</법정동본번코드><법정동부번코드>0000</법정동부번코드><법정동시군구코드>11500</법정동시군구코드><법정동읍면동코드>10400</법정동읍면동코드><법정동지번코드>1</법정동지번코드><아파트>가양2단지(성지)</아파트><월>1</월><일>17</일><일련번호>11500-151</일련번호><전용면적>39.6</전용면적><중개사소재지>서울 강서구</중개사소재지><지번>1461</지번><지역코드>11500</지역코드><층>7</층><해제사유발생일> </해제사유발생일><해제여부> </해제여부></item><item><거래금액>    59,000</거래금액><거래유형>직거래</거래유형><건축년도>1992</건축년도><년>2023</년><도로명>허준로</도로명><도로명건물본번호코드>00047</도로명건물본번호코드><도로명건물부번호코드>00000</도로명건물부번호코드><도로명시군구코드>11500</도로명시군구코드><도로명일련번호코드>01</도로명일련번호코드><도로명지상지하코드>0</도로명지상지하코드><도로명코드>3115013</도로명코드><법정동> 가양동</법정동><법정동본번코드>1461</법정동본번코드><법정동부번코드>0000</법정동부번코드><법정동시군구코드>11500</법정동시군구코드><법정동읍면동코드>10400</법정동읍면동코드><법정동지번코드>1</법정동지번코드><아파트>가양2단지(성지)</아파트><월>1</월><일>17</일><일련번호>11500-151</일련번호><전용면적>39.6</전용면적><중개사소재지> </중개사소재지><지번>1461</지번><지역코드>11500</지역코드><층>10</층><해제사유발생일> </해제사유발생일><해제여부> </해제여부></item><item><거래금액>    50,500</거래금액><거래유형>중개거래</거래유형><건축년도>1992</건축년도><년>2023</년><도로명>허준로</도로명><도로명건물본번호코드>00175</도로명건물본번호코드><도로명건물부번호코드>00000</도로명건물부번호코드><도로명시군구코드>11500</도로명시군구코드><도로명일련번호코드>01</도로명일련번호코드><도로명지상지하코드>0</도로명지상지하코드><도로명코드>3115013</도로명코드><법정동> 가양동</법정동><법정동본번코드>1485</법정동본번코드><법정동부번코드>0000</법정동부번코드><법정동시군구코드>11500</법정동시군구코드><법정동읍면동코드>10400</법정동읍면동코드><법정동지번코드>1</법정동지번코드><아파트>가양6단지</아파트><월>1</월><일>30</일><일련번호>11500-149</일련번호><전용면적>39.6</전용면적><중개사소재지>서울 강서구</중개사소재지><지번>1485</지번><지역코드>11500</지역코드><층>2</층><해제사유발생일> </해제사유발생일><해제여부> </해제여부></item><item><거래금액>   110,500</거래금액><거래유형>중개거래</거래유형><건축년도>2017</건축년도><년>2023</년><도로명>마곡중앙1로</도로명><도로명건물본번호코드>00071</도로명건물본번호코드><도로명건물부번호코드>00000</도로명건물부번호코드><도로명시군구코드>11500</도로명시군구코드><도로명일련번호코드>00</도로명일련번호코드><도로명지상지하코드>0</도로명지상지하코드><도로명코드>3155049</도로명코드><법정동> 마곡동</법정동><법정동본번코드>0748</법정동본번코드><법정동부번코드>0000</법정동부번코드><법정동시군구코드>11500</법정동시군구코드><법정동읍면동코드>10500</법정동읍면동코드><법정동지번코드>1</법정동지번코드><아파트>마곡13단지힐스테이트마스터</아파트><월>1</월><일>7</일><일련번호>11500-7596</일련번호><전용면적>84.9805</전용면적><중개사소재지>서울 강남구, 서울 강서구</중개사소재지><지번>748</지번><지역코드>11500</지역코드><층>4</층><해제사유발생일> </해제사유발생일><해제여부> </해제여부></item><item><거래금액>   115,500</거래금액><거래유형>중개거래</거래유형><건축년도>2014</건축년도><년>2023</년><도로명>마곡서1로</도로명><도로명건물본번호코드>00100</도로명건물본번호코드><도로명건물부번호코드>00000</도로명건물부번호코드><도로명시군구코드>11500</도로명시군구코드><도로명일련번호코드>01</도로명일련번호코드><도로명지상지하코드>0</도로명지상지하코드><도로명코드>3155048</도로명코드><법정동> 마곡동</법정동><법정동본번코드>0743</법정동본번코드><법정동부번코드>0000</법정동부번코드><법정동시군구코드>11500</법정동시군구코드><법정동읍면동코드>10500</법정동읍면동코드><법정동지번코드>1</법정동지번코드><아파트>마곡엠밸리6단지</아파트><월>1</월><일>14</일><일련번호>11500-6893</일련번호><전용면적>84.88</전용면적><중개사소재지>서울 강서구</중개사소재지><지번>743</지번><지역코드>11500</지역코드><층>15</층><해제사유발생일> </해제사유발생일><해제여부> </해제여부></item><item><거래금액>   106,400</거래금액><거래유형>직거래</거래유형><건축년도>2014</건축년도><년>2023</년><도로명>마곡서로</도로명><도로명건물본번호코드>00133</도로명건물본번호코드><도로명건물부번호코드>00000</도로명건물부번호코드><도로명시군구코드>11500</도로명시군구코드><도로명일련번호코드>01</도로명일련번호코드><도로명지상지하코드>0</도로명지상지하코드><도로명코드>3155047</도로명코드><법정동> 마곡동</법정동><법정동본번코드>0743</법정동본번코드><법정동부번코드>0004</법정동부번코드><법정동시군구코드>11500</법정동시군구코드><법정동읍면동코드>10500</법정동읍면동코드><법정동지번코드>1</법정동지번코드><아파트>마곡엠밸리7단지</아파트><월>1</월><일>16</일><일련번호>11500-6892</일련번호><전용면적>84.55</전용면적><중개사소재지> </중개사소재지><지번>743-4</지번><지역코드>11500</지역코드><층>8</층><해제사유발생일> </해제사유발생일><해제여부> </해제여부></item><item><거래금액>   109,000</거래금액><거래유형>중개거래</거래유형><건축년도>2017</건축년도><년>2023</년><도로명>마곡중앙1로</도로명><도로명건물본번호코드>00071</도로명건물본번호코드><도로명건물부번호코드>00000</도로명건물부번호코드><도로명시군구코드>11500</도로명시군구코드><도로명일련번호코드>00</도로명일련번호코드><도로명지상지하코드>0</도로명지상지하코드><도로명코드>3155049</도로명코드><법정동> 마곡동</법정동><법정동본번코드>0748</법정동본번코드><법정동부번코드>0000</법정동부번코드><법정동시군구코드>11500</법정동시군구코드><법정동읍면동코드>10500</법정동읍면동코드><법정동지번코드>1</법정동지번코드><아파트>마곡13단지힐스테이트마스터</아파트><월>1</월><일>17</일><일련번호>11500-7596</일련번호><전용면적>84.9805</전용면적><중개사소재지>서울 강남구, 서울 강서구</중개사소재지><지번>748</지번><지역코드>11500</지역코드><층>3</층><해제사유발생일> </해제사유발생일><해제여부> </해제여부></item><item><거래금액>    90,000</거래금액><거래유형>중개거래</거래유형><건축년도>2017</건축년도><년>2023</년><도로명>마곡중앙1로</도로명><도로명건물본번호코드>00071</도로명건물본번호코드><도로명건물부번호코드>00000</도로명건물부번호코드><도로명시군구코드>11500</도로명시군구코드><도로명일련번호코드>00</도로명일련번호코드><도로명지상지하코드>0</도로명지상지하코드><도로명코드>3155049</도로명코드><법정동> 마곡동</법정동><법정동본번코드>0748</법정동본번코드><법정동부번코드>0000</법정동부번코드><법정동시군구코드>11500</법정동시군구코드><법정동읍면동코드>10500</법정동읍면동코드><법정동지번코드>1</법정동지번코드><아파트>마곡13단지힐스테이트마스터</아파트><월>1</월><일>21</일><일련번호>11500-7596</일련번호><전용면적>59.9825</전용면적><중개사소재지>서울 강서구</중개사소재지><지번>748</지번><지역코드>11500</지역코드><층>5</층><해제사유발생일> </해제사유발생일><해제여부> </해제여부></item><item><거래금액>   122,000</거래금액><거래유형>중개거래</거래유형><건축년도>2014</건축년도><년>2023</년><도로명>마곡서1로</도로명><도로명건물본번호코드>00100</도로명건물본번호코드><도로명건물부번호코드>00000</도로명건물부번호코드><도로명시군구코드>11500</도로명시군구코드><도로명일련번호코드>01</도로명일련번호코드><도로명지상지하코드>0</도로명지상지하코드><도로명코드>3155048</도로명코드><법정동> 마곡동</법정동><법정동본번코드>0743</법정동본번코드><법정동부번코드>0000</법정동부번코드><법정동시군구코드>11500</법정동시군구코드><법정동읍면동코드>10500</법정동읍면동코드><법정동지번코드>1</법정동지번코드><아파트>마곡엠밸리6단지</아파트><월>1</월><일>25</일><일련번호>11500-6893</일련번호><전용면적>84.88</전용면적><중개사소재지>서울 강서구</중개사소재지><지번>743</지번><지역코드>11500</지역코드><층>3</층><해제사유발생일> </해제사유발생일><해제여부> </해제여부></item><item><거래금액>    73,800</거래금액><거래유형>중개거래</거래유형><건축년도>2008</건축년도><년>2023</년><도로명>수명로1길</도로명><도로명건물본번호코드>00016</도로명건물본번호코드><도로명건물부번호코드>00000</도로명건물부번호코드><도로명시군구코드>11500</도로명시군구코드><도로명일련번호코드>01</도로명일련번호코드><도로명지상지하코드>0</도로명지상지하코드><도로명코드>4145381</도로명코드><법정동> 내발산동</법정동><법정동본번코드>0753</법정동본번코드><법정동부번코드>0000</법정동부번코드><법정동시군구코드>11500</법정동시군구코드><법정동읍면동코드>10600</법정동읍면동코드><법정동지번코드>1</법정동지번코드><아파트>마곡수명산파크4단지</아파트><월>1</월><일>10</일><일련번호>11500-5437</일련번호><전용면적>59.84</전용면적><중개사소재지>서울 강서구</중개사소재지><지번>753</지번><지역코드>11500</지역코드><층>13</층><해제사유발생일> </해제사유발생일><해제여부> </해제여부></item><item><거래금액>    59,500</거래금액><거래유형>직거래</거래유형><건축년도>2001</건축년도><년>2023</년><도로명>강서로47길</도로명><도로명건물본번호코드>00080</도로명건물본번호코드><도로명건물부번호코드>00000</도로명건물부번호코드><도로명시군구코드>11500</도로명시군구코드><도로명일련번호코드>01</도로명일련번호코드><도로명지상지하코드>0</도로명지상지하코드><도로명코드>4145058</도로명코드><법정동> 내발산동</법정동><법정동본번코드>0686</법정동본번코드><법정동부번코드>0001</법정동부번코드><법정동시군구코드>11500</법정동시군구코드><법정동읍면동코드>10600</법정동읍면동코드><법정동지번코드>1</법정동지번코드><아파트>보람</아파트><월>1</월><일>12</일><일련번호>11500-163</일련번호><전용면적>79.48</전용면적><중개사소재지> </중개사소재지><지번>686-1</지번><지역코드>11500</지역코드><층>14</층><해제사유발생일> </해제사유발생일><해제여부> </해제여부></item><item><거래금액>   107,000</거래금액><거래유형>중개거래</거래유형><건축년도>2005</건축년도><년>2023</년><도로명>강서로</도로명><도로명건물본번호코드>00348</도로명건물본번호코드><도로명건물부번호코드>00000</도로명건물부번호코드><도로명시군구코드>11500</도로명시군구코드><도로명일련번호코드>04</도로명일련번호코드><도로명지상지하코드>0</도로명지상지하코드><도로명코드>3115001</도로명코드><법정동> 내발산동</법정동><법정동본번코드>0657</법정동본번코드><법정동부번코드>0000</법정동부번코드><법정동시군구코드>11500</법정동시군구코드><법정동읍면동코드>10600</법정동읍면동코드><법정동지번코드>1</법정동지번코드><아파트>우장산힐스테이트</아파트><월>1</월><일>12</일><일련번호>11500-477</일련번호><전용면적>84.98</전용면적><중개사소재지>서울 강서구</중개사소재지><지번>657</지번><지역코드>11500</지역코드><층>9</층><해제사유발생일> </해제사유발생일><해제여부> </해제여부></item><item><거래금액>    90,000</거래금액><거래유형>중개거래</거래유형><건축년도>2007</건축년도><년>2023</년><도로명>강서로47길</도로명><도로명건물본번호코드>00108</도로명건물본번호코드><도로명건물부번호코드>00000</도로명건물부번호코드><도로명시군구코드>11500</도로명시군구코드><도로명일련번호코드>01</도로명일련번호코드><도로명지상지하코드>0</도로명지상지하코드><도로명코드>4145058</도로명코드><법정동> 내발산동</법정동><법정동본번코드>0742</법정동본번코드><법정동부번코드>0000</법정동부번코드><법정동시군구코드>11500</법정동시군구코드><법정동읍면동코드>10600</법정동읍면동코드><법정동지번코드>1</법정동지번코드><아파트>마곡수명산파크1단지</아파트><월>1</월><일>14</일><일련번호>11500-5371</일련번호><전용면적>84.53</전용면적><중개사소재지>서울 강서구</중개사소재지><지번>742</지번><지역코드>11500</지역코드><층>6</층><해제사유발생일> </해제사유발생일><해제여부> </해제여부></item><item><거래금액>    73,000</거래금액><거래유형>중개거래</거래유형><건축년도>2008</건축년도><년>2023</년><도로명>수명로1길</도로명><도로명건물본번호코드>00016</도로명건물본번호코드><도로명건물부번호코드>00000</도로명건물부번호코드><도로명시군구코드>11500</도로명시군구코드><도로명일련번호코드>01</도로명일련번호코드><도로명지상지하코드>0</도로명지상지하코드><도로명코드>4145381</도로명코드><법정동> 내발산동</법정동><법정동본번코드>0753</법정동본번코드><법정동부번코드>0000</법정동부번코드><법정동시군구코드>11500</법정동시군구코드><법정동읍면동코드>10600</법정동읍면동코드><법정동지번코드>1</법정동지번코드><아파트>마곡수명산파크4단지</아파트><월>1</월><일>14</일><일련번호>11500-5437</일련번호><전용면적>59.84</전용면적><중개사소재지>서울 강서구</중개사소재지><지번>753</지번><지역코드>11500</지역코드><층>12</층><해제사유발생일> </해제사유발생일><해제여부> </해제여부></item><item><거래금액>    73,000</거래금액><거래유형>중개거래</거래유형><건축년도>2008</건축년도><년>2023</년><도로명>수명로1길</도로명><도로명건물본번호코드>00016</도로명건물본번호코드><도로명건물부번호코드>00000</도로명건물부번호코드><도로명시군구코드>11500</도로명시군구코드><도로명일련번호코드>01</도로명일련번호코드><도로명지상지하코드>0</도로명지상지하코드><도로명코드>4145381</도로명코드><법정동> 내발산동</법정동><법정동본번코드>0753</법정동본번코드><법정동부번코드>0000</법정동부번코드><법정동시군구코드>11500</법정동시군구코드><법정동읍면동코드>10600</법정동읍면동코드><법정동지번코드>1</법정동지번코드><아파트>마곡수명산파크4단지</아파트><월>1</월><일>14</일><일련번호>11500-5437</일련번호><전용면적>59.84</전용면적><중개사소재지>서울 강서구</중개사소재지><지번>753</지번><지역코드>11500</지역코드><층>12</층><해제사유발생일> </해제사유발생일><해제여부> </해제여부></item><item><거래금액>    76,000</거래금액><거래유형>중개거래</거래유형><건축년도>2007</건축년도><년>2023</년><도로명>수명로2길</도로명><도로명건물본번호코드>00063</도로명건물본번호코드><도로명건물부번호코드>00000</도로명건물부번호코드><도로명시군구코드>11500</도로명시군구코드><도로명일련번호코드>01</도로명일련번호코드><도로명지상지하코드>0</도로명지상지하코드><도로명코드>4145382</도로명코드><법정동> 내발산동</법정동><법정동본번코드>0759</법정동본번코드><법정동부번코드>0000</법정동부번코드><법정동시군구코드>11500</법정동시군구코드><법정동읍면동코드>10600</법정동읍면동코드><법정동지번코드>1</법정동지번코드><아파트>마곡수명산파크6단지</아파트><월>1</월><일>16</일><일련번호>11500-5364</일련번호><전용면적>84.82</전용면적><중개사소재지>서울 강서구</중개사소재지><지번>759</지번><지역코드>11500</지역코드><층>6</층><해제사유발생일> </해제사유발생일><해제여부> </해제여부></item><item><거래금액>    82,500</거래금액><거래유형>중개거래</거래유형><건축년도>2007</건축년도><년>2023</년><도로명>수명로1길</도로명><도로명건물본번호코드>00110</도로명건물본번호코드><도로명건물부번호코드>00000</도로명건물부번호코드><도로명시군구코드>11500</도로명시군구코드><도로명일련번호코드>01</도로명일련번호코드><도로명지상지하코드>0</도로명지상지하코드><도로명코드>4145381</도로명코드><법정동> 내발산동</법정동><법정동본번코드>0751</법정동본번코드><법정동부번코드>0000</법정동부번코드><법정동시군구코드>11500</법정동시군구코드><법정동읍면동코드>10600</법정동읍면동코드><법정동지번코드>1</법정동지번코드><아파트>마곡수명산파크3단지</아파트><월>1</월><일>18</일><일련번호>11500-5349</일련번호><전용면적>84.76</전용면적><중개사소재지>서울 강서구</중개사소재지><지번>751</지번><지역코드>11500</지역코드><층>13</층><해제사유발생일> </해제사유발생일><해제여부> </해제여부></item><item><거래금액>    59,900</거래금액><거래유형>중개거래</거래유형><건축년도>2005</건축년도><년>2023</년><도로명>우장산로2길</도로명><도로명건물본번호코드>00021</도로명건물본번호코드><도로명건물부번호코드>00022</도로명건물부번호코드><도로명시군구코드>11500</도로명시군구코드><도로명일련번호코드>01</도로명일련번호코드><도로명지상지하코드>0</도로명지상지하코드><도로명코드>4145436</도로명코드><법정동> 내발산동</법정동><법정동본번코드>0675</법정동본번코드><법정동부번코드>0006</법정동부번코드><법정동시군구코드>11500</법정동시군구코드><법정동읍면동코드>10600</법정동읍면동코드><법정동지번코드>1</법정동지번코드><아파트>신세계5차</아파트><월>1</월><일>27</일><일련번호>11500-5195</일련번호><전용면적>84.89</전용면적><중개사소재지>서울 강서구</중개사소재지><지번>675-6</지번><지역코드>11500</지역코드><층>1</층><해제사유발생일> </해제사유발생일><해제여부> </해제여부></item><item><거래금액>    70,000</거래금액><거래유형>중개거래</거래유형><건축년도>2008</건축년도><년>2023</년><도로명>수명로1길</도로명><도로명건물본번호코드>00016</도로명건물본번호코드><도로명건물부번호코드>00000</도로명건물부번호코드><도로명시군구코드>11500</도로명시군구코드><도로명일련번호코드>01</도로명일련번호코드><도로명지상지하코드>0</도로명지상지하코드><도로명코드>4145381</도로명코드><법정동> 내발산동</법정동><법정동본번코드>0753</법정동본번코드><법정동부번코드>0000</법정동부번코드><법정동시군구코드>11500</법정동시군구코드><법정동읍면동코드>10600</법정동읍면동코드><법정동지번코드>1</법정동지번코드><아파트>마곡수명산파크4단지</아파트><월>1</월><일>27</일><일련번호>11500-5437</일련번호><전용면적>59.84</전용면적><중개사소재지>서울 강서구</중개사소재지><지번>753</지번><지역코드>11500</지역코드><층>13</층><해제사유발생일> </해제사유발생일><해제여부> </해제여부></item><item><거래금액>    87,500</거래금액><거래유형>중개거래</거래유형><건축년도>2009</건축년도><년>2023</년><도로명>남부순환로</도로명><도로명건물본번호코드>00011</도로명건물본번호코드><도로명건물부번호코드>00000</도로명건물부번호코드><도로명시군구코드>11500</도로명시군구코드><도로명일련번호코드>03</도로명일련번호코드><도로명지상지하코드>0</도로명지상지하코드><도로명코드>2000003</도로명코드><법정동> 공항동</법정동><법정동본번코드>1374</법정동본번코드><법정동부번코드>0000</법정동부번코드><법정동시군구코드>11500</법정동시군구코드><법정동읍면동코드>10800</법정동읍면동코드><법정동지번코드>1</법정동지번코드><아파트>공항동부센트레빌</아파트><월>1</월><일>9</일><일련번호>11500-5851</일련번호><전용면적>118.21</전용면적><중개사소재지>서울 강서구</중개사소재지><지번>1374</지번><지역코드>11500</지역코드><층>11</층><해제사유발생일> </해제사유발생일><해제여부> </해제여부></item><item><거래금액>    87,000</거래금액><거래유형>중개거래</거래유형><건축년도>2020</건축년도><년>2023</년><도로명>양천로10길</도로명><도로명건물본번호코드>00038</도로명건물본번호코드><도로명건물부번호코드>00000</도로명건물부번호코드><도로명시군구코드>11500</도로명시군구코드><도로명일련번호코드>00</도로명일련번호코드><도로명지상지하코드>0</도로명지상지하코드><도로명코드>4145384</도로명코드><법정동> 방화동</법정동><법정동본번코드>0904</법정동본번코드><법정동부번코드>0000</법정동부번코드><법정동시군구코드>11500</법정동시군구코드><법정동읍면동코드>10900</법정동읍면동코드><법정동지번코드>1</법정동지번코드><아파트>신마곡벽산블루밍</아파트><월>1</월><일>14</일><일련번호>11500-8134</일련번호><전용면적>84.9184</전용면적><중개사소재지>서울 강서구</중개사소재지><지번>904</지번><지역코드>11500</지역코드><층>9</층><해제사유발생일>23.03.14</해제사유발생일><해제여부>O</해제여부></item><item><거래금액>    52,500</거래금액><거래유형>중개거래</거래유형><건축년도>2004</건축년도><년>2023</년><도로명>양천로1길</도로명><도로명건물본번호코드>00117</도로명건물본번호코드><도로명건물부번호코드>00000</도로명건물부번호코드><도로명시군구코드>11500</도로명시군구코드><도로명일련번호코드>01</도로명일련번호코드><도로명지상지하코드>0</도로명지상지하코드><도로명코드>4145393</도로명코드><법정동> 방화동</법정동><법정동본번코드>0878</법정동본번코드><법정동부번코드>0000</법정동부번코드><법정동시군구코드>11500</법정동시군구코드><법정동읍면동코드>10900</법정동읍면동코드><법정동지번코드>1</법정동지번코드><아파트>월드메르디앙101동</아파트><월>1</월><일>16</일><일련번호>11500-378</일련번호><전용면적>76.21</전용면적><중개사소재지>서울 강서구</중개사소재지><지번>878</지번><지역코드>11500</지역코드><층>2</층><해제사유발생일> </해제사유발생일><해제여부> </해제여부></item><item><거래금액>    43,850</거래금액><거래유형>중개거래</거래유형><건축년도>1994</건축년도><년>2023</년><도로명>금낭화로</도로명><도로명건물본번호코드>00287</도로명건물본번호코드><도로명건물부번호코드>00019</도로명건물부번호코드><도로명시군구코드>11500</도로명시군구코드><도로명일련번호코드>01</도로명일련번호코드><도로명지상지하코드>0</도로명지상지하코드><도로명코드>3115002</도로명코드><법정동> 방화동</법정동><법정동본번코드>0814</법정동본번코드><법정동부번코드>0000</법정동부번코드><법정동시군구코드>11500</법정동시군구코드><법정동읍면동코드>10900</법정동읍면동코드><법정동지번코드>1</법정동지번코드><아파트>방화5</아파트><월>1</월><일>30</일><일련번호>11500-197</일련번호><전용면적>39.6</전용면적><중개사소재지>서울 강서구, 서울 성북구</중개사소재지><지번>814</지번><지역코드>11500</지역코드><층>4</층><해제사유발생일> </해제사유발생일><해제여부> </해제여부></item></items><numOfRows>999</numOfRows><pageNo>1</pageNo><totalCount>53</totalCount></body></response>