<?xml version="1.0" encoding="UTF-8" standalone="yes"?><response><header><resultCode>00</resultCode><resultMsg>NORMAL SERVICE.</resultMsg></header><body><items><item><거래금액>   300,000</거래금액><거래유형>중개거래</거래유형><건축년도>2022</건축년도><년>2022</년><도로명>테헤란로44길</도로명><도로명건물본번호코드>00026</도로명건물본번호코드><도로명건물부번호코드>00000</도로명건물부번호코드><도로명시군구코드>11680</도로명시군구코드><도로명일련번호코드>01</도로명일련번호코드><도로명코드>4166740</도로명코드><법정동> 역삼동</법정동><법정동본번코드>0902</법정동본번코드><법정동부번코드>0000</법정동부번코드><법정동시군구코드>11680</법정동시군구코드><법정동읍면동코드>10100</법정동읍면동코드><법정동지번코드>1</법정동지번코드><아파트>강남센트럴아이파크</아파트><월>10</월><일>6</일><일련번호>11680-5056</일련번호><전용면적>84.915</전용면적><중개사소재지>서울 강남구, 서울 송파구</중개사소재지><지번>902</지번><지역코드>11680</지역코드><층>8</층><해제사유발생일> </해제사유발생일><해제여부> </해제여부></item><item><거래금액>    41,000</거래금액><거래유형>중개거래</거래유형><건축년도>2001</건축년도><년>2022</년><도로명>언주로86길</도로명><도로명건물본번호코드>00011</도로명건물본번호코드><도로명건물부번호코드>00000</도로명건물부번호코드><도로명시군구코드>11680</도로명시군구코드><도로명일련번호코드>01</도로명일련번호코드><도로명지상지하코드>0</도로명지상지하코드><도로명코드>4166619</도로명코드><법정동> 역삼동</법정동><법정동본번코드>0706</법정동본번코드><법정동부번코드>0020</법정동부번코드><법정동시군구코드>11680</법정동시군구코드><법정동읍면동코드>10100</법정동읍면동코드><법정동지번코드>1</법정동지번코드><아파트>한화진넥스빌</아파트><월>10</월><일>11</일><일련번호>11680-249</일련번호><전용면적>41.68</전용면적><중개사소재지>서울 강남구</중개사소재지><지번>706-20</지번><지역코드>11680</지역코드><층>9</층><해제사유발생일> </해제사유발생일><해제여부> </해제여부></item><item><거래금액>    34,000</거래금액><거래유형>중개거래</거래유형><건축년도>2002</건축년도><년>2022</년><도로명>언주로</도로명><도로명건물본번호코드>00427</도로명건물본번호코드><도로명건물부번호코드>00000</도로명건물부번호코드><도로명시군구코드>11680</도로명시군구코드><도로명일련번호코드>01</도로명일련번호코드><도로명지상지하코드>0</도로명지상지하코드><도로명코드>3005086</도로명코드><법정동> 역삼동</법정동><법정동본번코드>0720</법정동본번코드><법정동부번코드>0025</법정동부번코드><법정동시군구코드>11680</법정동시군구코드><법정동읍면동코드>10100</법정동읍면동코드><법정동지번코드>1</법정동지번코드><아파트>대우디오빌</아파트><월>10</월><일>14</일><일련번호>11680-275</일련번호><전용면적>30.03</전용면적><중개사소재지>서울 강남구</중개사소재지><지번>720-25</지번><지역코드>11680</지역코드><층>14</층><해제사유발생일> </해제사유발생일><해제여부> </해제여부></item><item><거래금액>    34,000</거래금액><거래유형>중개거래</거래유형><건축년도>2002</건축년도><년>2022</년><도로명>언주로</도로명><도로명건물본번호코드>00427</도로명건물본번호코드><도로명건물부번호코드>00000</도로명건물부번호코드><도로명시군구코드>11680</도로명시군구코드><도로명일련번호코드>01</도로명일련번호코드><도로명지상지하코드>0</도로명지상지하코드><도로명코드>3005086</도로명코드><법정동> 역삼동</법정동><법정동본번코드>0720</법정동본번코드><법정동부번코드>0025</법정동부번코드><법정동시군구코드>11680</법정동시군구코드><법정동읍면동코드>10100</법정동읍면동코드><법정동지번코드>1</법정동지번코드><아파트>대우디오빌</아파트><월>10</월><일>14</일><일련번호>11680-275</일련번호><전용면적>30.03</전용면적><중개사소재지>서울 강남구</중개사소재지><지번>720-25</지번><지역코드>11680</지역코드><층>14</층><해제사유발생일>23.01.25</해제사유발생일><해제여부>O</해제여부></item><item><거래금액>   185,000</거래금액><거래유형>중개거래</거래유형><건축년도>2019</건축년도><년>2022</년><도로명>선릉로</도로명><도로명건물본번호코드>00008</도로명건물본번호코드><도로명건물부번호코드>00000</도로명건물부번호코드><도로명시군구코드>11680</도로명시군구코드><도로명일련번호코드>00</도로명일련번호코드><도로명코드>3122006</도로명코드><법정동> 개포동</법정동><법정동본번코드>1280</법정동본번코드><법정동부번코드>0000</법정동부번코드><법정동시군구코드>11680</법정동시군구코드><법정동읍면동코드>10300</법정동읍면동코드><법정동지번코드>1</법정동지번코드><아파트>래미안블레스티지</아파트><월>10</월><일>8</일><일련번호>11680-4800</일련번호><전용면적>59.967</전용면적><중개사소재지>서울 강남구</중개사소재지><지번>1280</지번><지역코드>11680</지역코드><층>7</층><해제사유발생일> </해제사유발생일><해제여부> </해제여부></item><item><거래금액>   122,000</거래금액><거래유형>중개거래</거래유형><건축년도>1992</건축년도><년>2022</년><도로명>개포로109길</도로명><도로명건물본번호코드>00021</도로명건물본번호코드><도로명건물부번호코드>00000</도로명건물부번호코드><도로명시군구코드>11680</도로명시군구코드><도로명일련번호코드>01</도로명일련번호코드><도로명지상지하코드>0</도로명지상지하코드><도로명코드>4166040</도로명코드><법정동> 개포동</법정동><법정동본번코드>0012</법정동본번코드><법정동부번코드>0000</법정동부번코드><법정동시군구코드>11680</법정동시군구코드><법정동읍면동코드>10300</법정동읍면동코드><법정동지번코드>1</법정동지번코드><아파트>삼익대청아파트</아파트><월>10</월><일>18</일><일련번호>11680-279</일련번호><전용면적>60</전용면적><중개사소재지>서울 강남구</중개사소재지><지번>12</지번><지역코드>11680</지역코드><층>10</층><해제사유발생일> </해제사유발생일><해제여부> </해제여부></item><item><거래금액>    88,000</거래금액><거래유형>중개거래</거래유형><건축년도>1992</건축년도><년>2022</년><도로명>개포로109길</도로명><도로명건물본번호코드>00009</도로명건물본번호코드><도로명건물부번호코드>00000</도로명건물부번호코드><도로명시군구코드>11680</도로명시군구코드><도로명일련번호코드>01</도로명일련번호코드><도로명지상지하코드>0</도로명지상지하코드><도로명코드>4166040</도로명코드><법정동> 개포동</법정동><법정동본번코드>0012</법정동본번코드><법정동부번코드>0000</법정동부번코드><법정동시군구코드>11680</법정동시군구코드><법정동읍면동코드>10300</법정동읍면동코드><법정동지번코드>1</법정동지번코드><아파트>성원대치2단지아파트</아파트><월>10</월><일>18</일><일련번호>11680-280</일련번호><전용면적>33.18</전용면적><중개사소재지>서울 강남구</중개사소재지><지번>12</지번><지역코드>11680</지역코드><층>8</층><해제사유발생일> </해제사유발생일><해제여부> </해제여부></item><item><거래금액>   294,000</거래금액><거래유형>중개거래</거래유형><건축년도>1999</건축년도><년>2022</년><도로명>도산대로101길</도로명><도로명건물본번호코드>00029</도로명건물본번호코드><도로명건물부번호코드>00000</도로명건물부번호코드><도로명시군구코드>11680</도로명시군구코드><도로명일련번호코드>01</도로명일련번호코드><도로명지상지하코드>0</도로명지상지하코드><도로명코드>4166255</도로명코드><법정동> 청담동</법정동><법정동본번코드>0127</법정동본번코드><법정동부번코드>0031</법정동부번코드><법정동시군구코드>11680</법정동시군구코드><법정동읍면동코드>10400</법정동읍면동코드><법정동지번코드>1</법정동지번코드><아파트>청담현대3차아파트</아파트><월>10</월><일>17</일><일련번호>11680-78</일련번호><전용면적>109.53</전용면적><중개사소재지>서울 강남구</중개사소재지><지번>127-31</지번><지역코드>11680</지역코드><층>5</층><해제사유발생일> </해제사유발생일><해제여부> </해제여부></item><item><거래금액>   352,000</거래금액><거래유형>중개거래</거래유형><건축년도>2008</건축년도><년>2022</년><도로명>학동로68길</도로명><도로명건물본번호코드>00029</도로명건물본번호코드><도로명건물부번호코드>00000</도로명건물부번호코드><도로명시군구코드>11680</도로명시군구코드><도로명일련번호코드>01</도로명일련번호코드><도로명지상지하코드>0</도로명지상지하코드><도로명코드>4166816</도로명코드><법정동> 삼성동</법정동><법정동본번코드>0016</법정동본번코드><법정동부번코드>0002</법정동부번코드><법정동시군구코드>11680</법정동시군구코드><법정동읍면동코드>10500</법정동읍면동코드><법정동지번코드>1</법정동지번코드><아파트>삼성동힐스테이트 1단지</아파트><월>10</월><일>12</일><일련번호>11680-3834</일련번호><전용면적>114.463</전용면적><중개사소재지>서울 강남구</중개사소재지><지번>16-2</지번><지역코드>11680</지역코드><층>1</층><해제사유발생일> </해제사유발생일><해제여부> </해제여부></item><item><거래금액>   129,000</거래금액><거래유형>직거래</거래유형><건축년도>2007</건축년도><년>2022</년><도로명>삼성로</도로명><도로명건물본번호코드>00517</도로명건물본번호코드><도로명건물부번호코드>00000</도로명건물부번호코드><도로명시군구코드>11680</도로명시군구코드><도로명일련번호코드>03</도로명일련번호코드><도로명지상지하코드>0</도로명지상지하코드><도로명코드>3122005</도로명코드><법정동> 삼성동</법정동><법정동본번코드>0144</법정동본번코드><법정동부번코드>0014</법정동부번코드><법정동시군구코드>11680</법정동시군구코드><법정동읍면동코드>10500</법정동읍면동코드><법정동지번코드>1</법정동지번코드><아파트>채널리저브</아파트><월>10</월><일>25</일><일련번호>11680-3709</일련번호><전용면적>84.94</전용면적><중개사소재지> </중개사소재지><지번>144-14</지번><지역코드>11680</지역코드><층>12</층><해제사유발생일> </해제사유발생일><해제여부> </해제여부></item><item><거래금액>    37,500</거래금액><거래유형>중개거래</거래유형><건축년도>2004</건축년도><년>2022</년><도로명>테헤란로63길</도로명><도로명건물본번호코드>00012</도로명건물본번호코드><도로명건물부번호코드>00000</도로명건물부번호코드><도로명시군구코드>11680</도로명시군구코드><도로명일련번호코드>01</도로명일련번호코드><도로명지상지하코드>0</도로명지상지하코드><도로명코드>4166750</도로명코드><법정동> 삼성동</법정동><법정동본번코드>0142</법정동본번코드><법정동부번코드>0003</법정동부번코드><법정동시군구코드>11680</법정동시군구코드><법정동읍면동코드>10500</법정동읍면동코드><법정동지번코드>1</법정동지번코드><아파트>LG선릉에클라트(B)</아파트><월>10</월><일>28</일><일련번호>11680-522</일련번호><전용면적>36.35</전용면적><중개사소재지>서울 강남구</중개사소재지><지번>142-3</지번><지역코드>11680</지역코드><층>15</층><해제사유발생일> </해제사유발생일><해제여부> </해제여부></item><item><거래금액>   199,000</거래금액><거래유형>중개거래</거래유형><건축년도>1979</건축년도><년>2022</년><도로명>삼성로</도로명><도로명건물본번호코드>00212</도로명건물본번호코드><도로명건물부번호코드>00000</도로명건물부번호코드><도로명시군구코드>11680</도로명시군구코드><도로명일련번호코드>04</도로명일련번호코드><도로명지상지하코드>0</도로명지상지하코드><도로명코드>3122005</도로명코드><법정동> 대치동</법정동><법정동본번코드>0316</법정동본번코드><법정동부번코드>0000</법정동부번코드><법정동시군구코드>11680</법정동시군구코드><법정동읍면동코드>10600</법정동읍면동코드><법정동지번코드>1</법정동지번코드><아파트>은마</아파트><월>10</월><일>8</일><일련번호>11680-218</일련번호><전용면적>76.79</전용면적><중개사소재지>서울 강남구</중개사소재지><지번>316</지번><지역코드>11680</지역코드><층>2</층><해제사유발생일> </해제사유발생일><해제여부> </해제여부></item><item><거래금액>    44,000</거래금액><거래유형>중개거래</거래유형><건축년도>2004</건축년도><년>2022</년><도로명>테헤란로</도로명><도로명건물본번호코드>00428</도로명건물본번호코드><도로명건물부번호코드>00000</도로명건물부번호코드><도로명시군구코드>11680</도로명시군구코드><도로명일련번호코드>03</도로명일련번호코드><도로명지상지하코드>0</도로명지상지하코드><도로명코드>3122010</도로명코드><법정동> 대치동</법정동><법정동본번코드>0891</법정동본번코드><법정동부번코드>0006</법정동부번코드><법정동시군구코드>11680</법정동시군구코드><법정동읍면동코드>10600</법정동읍면동코드><법정동지번코드>1</법정동지번코드><아파트>테헤란로대우아이빌(891-6)</아파트><월>10</월><일>9</일><일련번호>11680-529</일련번호><전용면적>35.51</전용면적><중개사소재지>서울 강남구</중개사소재지><지번>891-6</지번><지역코드>11680</지역코드><층>10</층><해제사유발생일> </해제사유발생일><해제여부> </해제여부></item><item><거래금액>   485,000</거래금액><거래유형>직거래</거래유형><건축년도>2015</건축년도><년>2022</년><도로명>삼성로51길</도로명><도로명건물본번호코드>00037</도로명건물본번호코드><도로명건물부번호코드>00000</도로명건물부번호코드><도로명시군구코드>11680</도로명시군구코드><도로명일련번호코드>00</도로명일련번호코드><도로명코드>4166413</도로명코드><법정동> 대치동</법정동><법정동본번코드>1027</법정동본번코드><법정동부번코드>0000</법정동부번코드><법정동시군구코드>11680</법정동시군구코드><법정동읍면동코드>10600</법정동읍면동코드><법정동지번코드>1</법정동지번코드><아파트>래미안대치팰리스</아파트><월>10</월><일>11</일><일련번호>11680-4394</일련번호><전용면적>114.15</전용면적><중개사소재지> </중개사소재지><지번>1027</지번><지역코드>11680</지역코드><층>22</층><해제사유발생일> </해제사유발생일><해제여부> </해제여부></item><item><거래금액>    24,500</거래금액><거래유형>중개거래</거래유형><건축년도>2004</건축년도><년>2022</년><도로명>테헤란로64길</도로명><도로명건물본번호코드>00009</도로명건물본번호코드><도로명건물부번호코드>00000</도로명건물부번호코드><도로명시군구코드>11680</도로명시군구코드><도로명일련번호코드>01</도로명일련번호코드><도로명지상지하코드>0</도로명지상지하코드><도로명코드>4166751</도로명코드><법정동> 대치동</법정동><법정동본번코드>0890</법정동본번코드><법정동부번코드>0049</법정동부번코드><법정동시군구코드>11680</법정동시군구코드><법정동읍면동코드>10600</법정동읍면동코드><법정동지번코드>1</법정동지번코드><아파트>선릉역대우아이빌(890-49)</아파트><월>10</월><일>14</일><일련번호>11680-528</일련번호><전용면적>28.34</전용면적><중개사소재지>서울 강남구</중개사소재지><지번>890-49</지번><지역코드>11680</지역코드><층>13</층><해제사유발생일> </해제사유발생일><해제여부> </해제여부></item><item><거래금액>   270,000</거래금액><거래유형>중개거래</거래유형><건축년도>1984</건축년도><년>2022</년><도로명>영동대로</도로명><도로명건물본번호코드>00230</도로명건물본번호코드><도로명건물부번호코드>00000</도로명건물부번호코드><도로명시군구코드>11680</도로명시군구코드><도로명일련번호코드>04</도로명일련번호코드><도로명지상지하코드>0</도로명지상지하코드><도로명코드>2122002</도로명코드><법정동> 대치동</법정동><법정동본번코드>0063</법정동본번코드><법정동부번코드>0000</법정동부번코드><법정동시군구코드>11680</법정동시군구코드><법정동읍면동코드>10600</법정동읍면동코드><법정동지번코드>1</법정동지번코드><아파트>대치우성아파트1동,2동,3동,5동,6동,7동</아파트><월>10</월><일>20</일><일련번호>11680-217</일련번호><전용면적>115.59</전용면적><중개사소재지>서울 강남구, 인천 서구</중개사소재지><지번>63</지번><지역코드>11680</지역코드><층>12</층><해제사유발생일> </해제사유발생일><해제여부> </해제여부></item><item><거래금액>   210,000</거래금액><거래유형>중개거래</거래유형><건축년도>1979</건축년도><년>2022</년><도로명>삼성로</도로명><도로명건물본번호코드>00212</도로명건물본번호코드><도로명건물부번호코드>00000</도로명건물부번호코드><도로명시군구코드>11680</도로명시군구코드><도로명일련번호코드>04</도로명일련번호코드><도로명지상지하코드>0</도로명지상지하코드><도로명코드>3122005</도로명코드><법정동> 대치동</법정동><법정동본번코드>0316</법정동본번코드><법정동부번코드>0000</법정동부번코드><법정동시군구코드>11680</법정동시군구코드><법정동읍면동코드>10600</법정동읍면동코드><법정동지번코드>1</법정동지번코드><아파트>은마</아파트><월>10</월><일>20</일><일련번호>11680-218</일련번호><전용면적>84.43</전용면적><중개사소재지>서울 강남구</중개사소재지><지번>316</지번><지역코드>11680</지역코드><층>2</층><해제사유발생일> </해제사유발생일><해제여부> </해제여부></item><item><거래금액>    22,500</거래금액><거래유형>중개거래</거래유형><건축년도>2004</건축년도><년>2022</년><도로명>테헤란로64길</도로명><도로명건물본번호코드>00009</도로명건물본번호코드><도로명건물부번호코드>00000</도로명건물부번호코드><도로명시군구코드>11680</도로명시군구코드><도로명일련번호코드>01</도로명일련번호코드><도로명지상지하코드>0</도로명지상지하코드><도로명코드>4166751</도로명코드><법정동> 대치동</법정동><법정동본번코드>0890</법정동본번코드><법정동부번코드>0049</법정동부번코드><법정동시군구코드>11680</법정동시군구코드><법정동읍면동코드>10600</법정동읍면동코드><법정동지번코드>1</법정동지번코드><아파트>선릉역대우아이빌(890-49)</아파트><월>10</월><일>25</일><일련번호>11680-528</일련번호><전용면적>25.42</전용면적><중개사소재지>서울 강남구</중개사소재지><지번>890-49</지번><지역코드>11680</지역코드><층>15</층><해제사유발생일> </해제사유발생일><해제여부> </해제여부></item><item><거래금액>   110,000</거래금액><거래유형>중개거래</거래유형><건축년도>2004</건축년도><년>2022</년><도로명>논현로158길</도로명><도로명건물본번호코드>00017</도로명건물본번호코드><도로명건물부번호코드>00000</도로명건물부번호코드><도로명시군구코드>11680</도로명시군구코드><도로명일련번호코드>01</도로명일련번호코드><도로명지상지하코드>0</도로명지상지하코드><도로명코드>4166150</도로명코드><법정동> 신사동</법정동><법정동본번코드>0593</법정동본번코드><법정동부번코드>0032</법정동부번코드><법정동시군구코드>11680</법정동시군구코드><법정동읍면동코드>10700</법정동읍면동코드><법정동지번코드>1</법정동지번코드><아파트>토미</아파트><월>10</월><일>21</일><일련번호>11680-584</일련번호><전용면적>78.54</전용면적><중개사소재지>서울 강남구</중개사소재지><지번>593-32</지번><지역코드>11680</지역코드><층>7</층><해제사유발생일> </해제사유발생일><해제여부> </해제여부></item><item><거래금액>   310,000</거래금액><거래유형>중개거래</거래유형><건축년도>2004</건축년도><년>2022</년><도로명>언주로130길</도로명><도로명건물본번호코드>00030</도로명건물본번호코드><도로명건물부번호코드>00000</도로명건물부번호코드><도로명시군구코드>11680</도로명시군구코드><도로명일련번호코드>01</도로명일련번호코드><도로명지상지하코드>0</도로명지상지하코드><도로명코드>4166574</도로명코드><법정동> 논현동</법정동><법정동본번코드>0245</법정동본번코드><법정동부번코드>0000</법정동부번코드><법정동시군구코드>11680</법정동시군구코드><법정동읍면동코드>10800</법정동읍면동코드><법정동지번코드>1</법정동지번코드><아파트>동양파라곤</아파트><월>10</월><일>11</일><일련번호>11680-473</일련번호><전용면적>144.74</전용면적><중개사소재지>서울 강남구</중개사소재지><지번>245</지번><지역코드>11680</지역코드><층>9</층><해제사유발생일> </해제사유발생일><해제여부> </해제여부></item><item><거래금액>   240,000</거래금액><거래유형>중개거래</거래유형><건축년도>2014</건축년도><년>2022</년><도로명>언주로</도로명><도로명건물본번호코드>00604</도로명건물본번호코드><도로명건물부번호코드>00000</도로명건물부번호코드><도로명시군구코드>11680</도로명시군구코드><도로명일련번호코드>04</도로명일련번호코드><도로명지상지하코드>0</도로명지상지하코드><도로명코드>3005086</도로명코드><법정동> 논현동</법정동><법정동본번코드>0276</법정동본번코드><법정동부번코드>0001</법정동부번코드><법정동시군구코드>11680</법정동시군구코드><법정동읍면동코드>10800</법정동읍면동코드><법정동지번코드>1</법정동지번코드><아파트>아크로힐스논현</아파트><월>10</월><일>28</일><일련번호>11680-4356</일련번호><전용면적>113.231</전용면적><중개사소재지>서울 강남구</중개사소재지><지번>276-1</지번><지역코드>11680</지역코드><층>14</층><해제사유발생일> </해제사유발생일><해제여부> </해제여부></item><item><거래금액>   126,685</거래금액><거래유형>중개거래</거래유형><건축년도>2015</건축년도><년>2022</년><도로명>자곡로3길</도로명><도로명건물본번호코드>00021</도로명건물본번호코드><도로명건물부번호코드>00000</도로명건물부번호코드><도로명시군구코드>11680</도로명시군구코드><도로명일련번호코드>01</도로명일련번호코드><도로명지상지하코드>0</도로명지상지하코드><도로명코드>4166878</도로명코드><법정동> 자곡동</법정동><법정동본번코드>0619</법정동본번코드><법정동부번코드>0000</법정동부번코드><법정동시군구코드>11680</법정동시군구코드><법정동읍면동코드>11200</법정동읍면동코드><법정동지번코드>1</법정동지번코드><아파트>엘에이치강남힐스테이트</아파트><월>10</월><일>5</일><일련번호>11680-4375</일련번호><전용면적>84.39</전용면적><중개사소재지>서울 강남구</중개사소재지><지번>619</지번><지역코드>11680</지역코드><층>9</층><해제사유발생일> </해제사유발생일><해제여부> </해제여부></item><item><거래금액>   180,000</거래금액><거래유형>중개거래</거래유형><건축년도>2014</건축년도><년>2022</년><도로명>자곡로</도로명><도로명건물본번호코드>00101</도로명건물본번호코드><도로명건물부번호코드>00000</도로명건물부번호코드><도로명시군구코드>11680</도로명시군구코드><도로명일련번호코드>02</도로명일련번호코드><도로명지상지하코드>0</도로명지상지하코드><도로명코드>3122014</도로명코드><법정동> 자곡동</법정동><법정동본번코드>0611</법정동본번코드><법정동부번코드>0000</법정동부번코드><법정동시군구코드>11680</법정동시군구코드><법정동읍면동코드>11200</법정동읍면동코드><법정동지번코드>1</법정동지번코드><아파트>래미안강남힐즈</아파트><월>10</월><일>11</일><일련번호>11680-4319</일련번호><전용면적>101.94</전용면적><중개사소재지>서울 강남구</중개사소재지><지번>611</지번><지역코드>11680</지역코드><층>14</층><해제사유발생일> </해제사유발생일><해제여부> </해제여부></item><item><거래금액>   170,000</거래금액><거래유형>중개거래</거래유형><건축년도>1993</건축년도><년>2022</년><도로명>일원로</도로명><도로명건물본번호코드>00127</도로명건물본번호코드><도로명건물부번호코드>00000</도로명건물부번호코드><도로명시군구코드>11680</도로명시군구코드><도로명일련번호코드>01</도로명일련번호코드><도로명지상지하코드>0</도로명지상지하코드><도로명코드>3122009</도로명코드><법정동> 일원동</법정동><법정동본번코드>0735</법정동본번코드><법정동부번코드>0000</법정동부번코드><법정동시군구코드>11680</법정동시군구코드><법정동읍면동코드>11400</법정동읍면동코드><법정동지번코드>1</법정동지번코드><아파트>가람</아파트><월>10</월><일>4</일><일련번호>11680-299</일련번호><전용면적>75.16</전용면적><중개사소재지>서울 강남구</중개사소재지><지번>735</지번><지역코드>11680</지역코드><층>3</층><해제사유발생일> </해제사유발생일><해제여부> </해제여부></item><item><거래금액>   138,000</거래금액><거래유형>중개거래</거래유형><건축년도>1994</건축년도><년>2022</년><도로명>일원로14길</도로명><도로명건물본번호코드>00025</도로명건물본번호코드><도로명건물부번호코드>00000</도로명건물부번호코드><도로명시군구코드>11680</도로명시군구코드><도로명일련번호코드>00</도로명일련번호코드><도로명코드>4166705</도로명코드><법정동> 일원동</법정동><법정동본번코드>0719</법정동본번코드><법정동부번코드>0000</법정동부번코드><법정동시군구코드>11680</법정동시군구코드><법정동읍면동코드>11400</법정동읍면동코드><법정동지번코드>1</법정동지번코드><아파트>푸른마을아파트101동~111동</아파트><월>10</월><일>12</일><일련번호>11680-308</일련번호><전용면적>59.76</전용면적><중개사소재지>서울 강남구</중개사소재지><지번>719</지번><지역코드>11680</지역코드><층>11</층><해제사유발생일> </해제사유발생일><해제여부> </해제여부></item><item><거래금액>   165,000</거래금액><거래유형>중개거래</거래유형><건축년도>1994</건축년도><년>2022</년><도로명>일원로14길</도로명><도로명건물본번호코드>00025</도로명건물본번호코드><도로명건물부번호코드>00000</도로명건물부번호코드><도로명시군구코드>11680</도로명시군구코드><도로명일련번호코드>00</도로명일련번호코드><도로명코드>4166705</도로명코드><법정동> 일원동</법정동><법정동본번코드>0719</법정동본번코드><법정동부번코드>0000</법정동부번코드><법정동시군구코드>11680</법정동시군구코드><법정동읍면동코드>11400</법정동읍면동코드><법정동지번코드>1</법정동지번코드><아파트>푸른마을아파트101동~111동</아파트><월>10</월><일>12</일><일련번호>11680-308</일련번호><전용면적>84.93</전용면적><중개사소재지>서울 강남구</중개사소재지><지번>719</지번><지역코드>11680</지역코드><층>9</층><해제사유발생일> </해제사유발생일><해제여부> </해제여부></item><item><거래금액>   113,000</거래금액><거래유형>직거래</거래유형><건축년도>1992</건축년도><년>2022</년><도로명>광평로47길</도로명><도로명건물본번호코드>00017</도로명건물본번호코드><도로명건물부번호코드>00000</도로명건물부번호코드><도로명시군구코드>11680</도로명시군구코드><도로명일련번호코드>01</도로명일련번호코드><도로명지상지하코드>0</도로명지상지하코드><도로명코드>4166080</도로명코드><법정동> 수서동</법정동><법정동본번코드>0736</법정동본번코드><법정동부번코드>0000</법정동부번코드><법정동시군구코드>11680</법정동시군구코드><법정동읍면동코드>11500</법정동읍면동코드><법정동지번코드>1</법정동지번코드><아파트>신동아</아파트><월>10</월><일>18</일><일련번호>11680-319</일련번호><전용면적>33.18</전용면적><중개사소재지> </중개사소재지><지번>736</지번><지역코드>11680</지역코드><층>7</층><해제사유발생일> </해제사유발생일><해제여부> </해제여부></item><item><거래금액>   100,000</거래금액><거래유형>중개거래</거래유형><건축년도>1992</건축년도><년>2022</년><도로명>광평로47길</도로명><도로명건물본번호코드>00017</도로명건물본번호코드><도로명건물부번호코드>00000</도로명건물부번호코드><도로명시군구코드>11680</도로명시군구코드><도로명일련번호코드>01</도로명일련번호코드><도로명지상지하코드>0</도로명지상지하코드><도로명코드>4166080</도로명코드><법정동> 수서동</법정동><법정동본번코드>0736</법정동본번코드><법정동부번코드>0000</법정동부번코드><법정동시군구코드>11680</법정동시군구코드><법정동읍면동코드>11500</법정동읍면동코드><법정동지번코드>1</법정동지번코드><아파트>신동아</아파트><월>10</월><일>25</일><일련번호>11680-319</일련번호><전용면적>39.53</전용면적><중개사소재지>서울 강남구</중개사소재지><지번>736</지번><지역코드>11680</지역코드><층>11</층><해제사유발생일> </해제사유발생일><해제여부> </해제여부></item><item><거래금액>   595,000</거래금액><거래유형>중개거래</거래유형><건축년도>2003</건축년도><년>2022</년><도로명>언주로30길</도로명><도로명건물본번호코드>00057</도로명건물본번호코드><도로명건물부번호코드>00000</도로명건물부번호코드><도로명시군구코드>11680</도로명시군구코드><도로명일련번호코드>01</도로명일련번호코드><도로명지상지하코드>0</도로명지상지하코드><도로명코드>4166604</도로명코드><법정동> 도곡동</법정동><법정동본번코드>0467</법정동본번코드><법정동부번코드>0017</법정동부번코드><법정동시군구코드>11680</법정동시군구코드><법정동읍면동코드>11800</법정동읍면동코드><법정동지번코드>1</법정동지번코드><아파트>타워팰리스2</아파트><월>10</월><일>18</일><일련번호>11680-365</일련번호><전용면적>223.59</전용면적><중개사소재지>서울 강남구</중개사소재지><지번>467-17</지번><지역코드>11680</지역코드><층>38</층><해제사유발생일> </해제사유발생일><해제여부> </해제여부></item><item><거래금액>   430,000</거래금액><거래유형>중개거래</거래유형><건축년도>2003</건축년도><년>2022</년><도로명>언주로30길</도로명><도로명건물본번호코드>00057</도로명건물본번호코드><도로명건물부번호코드>00000</도로명건물부번호코드><도로명시군구코드>11680</도로명시군구코드><도로명일련번호코드>01</도로명일련번호코드><도로명지상지하코드>0</도로명지상지하코드><도로명코드>4166604</도로명코드><법정동> 도곡동</법정동><법정동본번코드>0467</법정동본번코드><법정동부번코드>0017</법정동부번코드><법정동시군구코드>11680</법정동시군구코드><법정동읍면동코드>11800</법정동읍면동코드><법정동지번코드>1</법정동지번코드><아파트>타워팰리스2</아파트><월>10</월><일>20</일><일련번호>11680-365</일련번호><전용면적>164.99</전용면적><중개사소재지>서울 강남구</중개사소재지><지번>467-17</지번><지역코드>11680</지역코드><층>40</층><해제사유발생일> </해제사유발생일><해제여부> </해제여부></item><item><거래금액>    30,500</거래금액><거래유형>중개거래</거래유형><건축년도>2004</건축년도><년>2022</년><도로명>강남대로</도로명><도로명건물본번호코드>00256</도로명건물본번호코드><도로명건물부번호코드>00000</도로명건물부번호코드><도로명시군구코드>11680</도로명시군구코드><도로명일련번호코드>05</도로명일련번호코드><도로명지상지하코드>0</도로명지상지하코드><도로명코드>2102001</도로명코드><법정동> 도곡동</법정동><법정동본번코드>0952</법정동본번코드><법정동부번코드>0000</법정동부번코드><법정동시군구코드>11680</법정동시군구코드><법정동읍면동코드>11800</법정동읍면동코드><법정동지번코드>1</법정동지번코드><아파트>대우디오빌</아파트><월>10</월><일>29</일><일련번호>11680-560</일련번호><전용면적>31.81</전용면적><중개사소재지>서울 강남구</중개사소재지><지번>952</지번><지역코드>11680</지역코드><층>11</층><해제사유발생일> </해제사유발생일><해제여부> </해제여부></item></items><numOfRows>999</numOfRows><pageNo>1</pageNo><totalCount>31</totalCount></body></response>