<?xml version="1.0" encoding="UTF-8" standalone="yes"?><response><header><resultCode>00</resultCode><resultMsg>NORMAL SERVICE.</resultMsg></header><body><items><item><거래금액>    14,000</거래금액><거래유형>직거래</거래유형><건축년도>2014</건축년도><년>2022</년><도로명>디지털로12길</도로명><도로명건물본번호코드>00015</도로명건물본번호코드><도로명건물부번호코드>00000</도로명건물부번호코드><도로명시군구코드>11545</도로명시군구코드><도로명일련번호코드>01</도로명일련번호코드><도로명지상지하코드>0</도로명지상지하코드><도로명코드>4151194</도로명코드><법정동> 가산동</법정동><법정동본번코드>0140</법정동본번코드><법정동부번코드>0036</법정동부번코드><법정동시군구코드>11545</법정동시군구코드><법정동읍면동코드>10100</법정동읍면동코드><법정동지번코드>1</법정동지번코드><아파트>비즈트위트바이올렛5차</아파트><월>9</월><일>2</일><일련번호>11545-1957</일련번호><전용면적>12.31</전용면적><중개사소재지> </중개사소재지><지번>140-36</지번><지역코드>11545</지역코드><층>8</층><해제사유발생일> </해제사유발생일><해제여부> </해제여부></item><item><거래금액>    12,000</거래금액><거래유형>중개거래</거래유형><건축년도>2013</건축년도><년>2022</년><도로명>가산로</도로명><도로명건물본번호코드>00147</도로명건물본번호코드><도로명건물부번호코드>00000</도로명건물부번호코드><도로명시군구코드>11545</도로명시군구코드><도로명일련번호코드>01</도로명일련번호코드><도로명지상지하코드>0</도로명지상지하코드><도로명코드>3117003</도로명코드><법정동> 가산동</법정동><법정동본번코드>0140</법정동본번코드><법정동부번코드>0009</법정동부번코드><법정동시군구코드>11545</법정동시군구코드><법정동읍면동코드>10100</법정동읍면동코드><법정동지번코드>1</법정동지번코드><아파트>가산지웰에스테이트</아파트><월>9</월><일>17</일><일련번호>11545-1860</일련번호><전용면적>15.52</전용면적><중개사소재지>서울 금천구</중개사소재지><지번>140-9</지번><지역코드>11545</지역코드><층>11</층><해제사유발생일> </해제사유발생일><해제여부> </해제여부></item><item><거래금액>    11,500</거래금액><거래유형>중개거래</거래유형><건축년도>2014</건축년도><년>2022</년><도로명>디지털로12길</도로명><도로명건물본번호코드>00015</도로명건물본번호코드><도로명건물부번호코드>00000</도로명건물부번호코드><도로명시군구코드>11545</도로명시군구코드><도로명일련번호코드>01</도로명일련번호코드><도로명지상지하코드>0</도로명지상지하코드><도로명코드>4151194</도로명코드><법정동> 가산동</법정동><법정동본번코드>0140</법정동본번코드><법정동부번코드>0036</법정동부번코드><법정동시군구코드>11545</법정동시군구코드><법정동읍면동코드>10100</법정동읍면동코드><법정동지번코드>1</법정동지번코드><아파트>비즈트위트바이올렛5차</아파트><월>9</월><일>19</일><일련번호>11545-1957</일련번호><전용면적>12.19</전용면적><중개사소재지>서울 금천구</중개사소재지><지번>140-36</지번><지역코드>11545</지역코드><층>9</층><해제사유발생일> </해제사유발생일><해제여부> </해제여부></item><item><거래금액>    12,600</거래금액><거래유형>직거래</거래유형><건축년도>2014</건축년도><년>2022</년><도로명>디지털로12길</도로명><도로명건물본번호코드>00015</도로명건물본번호코드><도로명건물부번호코드>00000</도로명건물부번호코드><도로명시군구코드>11545</도로명시군구코드><도로명일련번호코드>01</도로명일련번호코드><도로명지상지하코드>0</도로명지상지하코드><도로명코드>4151194</도로명코드><법정동> 가산동</법정동><법정동본번코드>0140</법정동본번코드><법정동부번코드>0036</법정동부번코드><법정동시군구코드>11545</법정동시군구코드><법정동읍면동코드>10100</법정동읍면동코드><법정동지번코드>1</법정동지번코드><아파트>비즈트위트바이올렛5차</아파트><월>9</월><일>29</일><일련번호>11545-1957</일련번호><전용면적>12.19</전용면적><중개사소재지> </중개사소재지><지번>140-36</지번><지역코드>11545</지역코드><층>8</층><해제사유발생일> </해제사유발생일><해제여부> </해제여부></item><item><거래금액>    51,500</거래금액><거래유형>중개거래</거래유형><건축년도>1996</건축년도><년>2022</년><도로명>벚꽃로18길</도로명><도로명건물본번호코드>00036</도로명건물본번호코드><도로명건물부번호코드>00000</도로명건물부번호코드><도로명시군구코드>11545</도로명시군구코드><도로명일련번호코드>01</도로명일련번호코드><도로명지상지하코드>0</도로명지상지하코드><도로명코드>4151220</도로명코드><법정동> 독산동</법정동><법정동본번코드>1002</법정동본번코드><법정동부번코드>0000</법정동부번코드><법정동시군구코드>11545</법정동시군구코드><법정동읍면동코드>10200</법정동읍면동코드><법정동지번코드>1</법정동지번코드><아파트>진도1차</아파트><월>9</월><일>8</일><일련번호>11545-19</일련번호><전용면적>59.94</전용면적><중개사소재지>서울 금천구</중개사소재지><지번>1002</지번><지역코드>11545</지역코드><층>10</층><해제사유발생일> </해제사유발생일><해제여부> </해제여부></item><item><거래금액>    90,000</거래금액><거래유형>중개거래</거래유형><건축년도>2018</건축년도><년>2022</년><도로명>시흥대로</도로명><도로명건물본번호코드>00291</도로명건물본번호코드><도로명건물부번호코드>00000</도로명건물부번호코드><도로명시군구코드>11545</도로명시군구코드><도로명일련번호코드>00</도로명일련번호코드><도로명코드>2005010</도로명코드><법정동> 독산동</법정동><법정동본번코드>1155</법정동본번코드><법정동부번코드>0000</법정동부번코드><법정동시군구코드>11545</법정동시군구코드><법정동읍면동코드>10200</법정동읍면동코드><법정동지번코드>1</법정동지번코드><아파트>금천롯데캐슬골드파크3차</아파트><월>9</월><일>13</일><일련번호>11545-2479</일련번호><전용면적>59.9662</전용면적><중개사소재지>서울 금천구</중개사소재지><지번>1155</지번><지역코드>11545</지역코드><층>22</층><해제사유발생일> </해제사유발생일><해제여부> </해제여부></item><item><거래금액>    56,000</거래금액><거래유형>중개거래</거래유형><건축년도>2002</건축년도><년>2022</년><도로명>벚꽃로</도로명><도로명건물본번호코드>00073</도로명건물본번호코드><도로명건물부번호코드>00000</도로명건물부번호코드><도로명시군구코드>11545</도로명시군구코드><도로명일련번호코드>02</도로명일련번호코드><도로명지상지하코드>0</도로명지상지하코드><도로명코드>3116013</도로명코드><법정동> 독산동</법정동><법정동본번코드>0711</법정동본번코드><법정동부번코드>0002</법정동부번코드><법정동시군구코드>11545</법정동시군구코드><법정동읍면동코드>10200</법정동읍면동코드><법정동지번코드>1</법정동지번코드><아파트>금천현대</아파트><월>9</월><일>30</일><일련번호>11545-23</일련번호><전용면적>59.82</전용면적><중개사소재지>서울 금천구</중개사소재지><지번>711-2</지번><지역코드>11545</지역코드><층>10</층><해제사유발생일> </해제사유발생일><해제여부> </해제여부></item><item><거래금액>    83,500</거래금액><거래유형>중개거래</거래유형><건축년도>2016</건축년도><년>2022</년><도로명>벚꽃로</도로명><도로명건물본번호코드>00040</도로명건물본번호코드><도로명건물부번호코드>00000</도로명건물부번호코드><도로명시군구코드>11545</도로명시군구코드><도로명일련번호코드>00</도로명일련번호코드><도로명코드>3116013</도로명코드><법정동> 독산동</법정동><법정동본번코드>1147</법정동본번코드><법정동부번코드>0000</법정동부번코드><법정동시군구코드>11545</법정동시군구코드><법정동읍면동코드>10200</법정동읍면동코드><법정동지번코드>1</법정동지번코드><아파트>금천롯데캐슬골드파크1차</아파트><월>9</월><일>30</일><일련번호>11545-2262</일련번호><전용면적>59.9935</전용면적><중개사소재지>서울 금천구</중개사소재지><지번>1147</지번><지역코드>11545</지역코드><층>29</층><해제사유발생일> </해제사유발생일><해제여부> </해제여부></item><item><거래금액>    47,500</거래금액><거래유형>중개거래</거래유형><건축년도>1999</건축년도><년>2022</년><도로명>독산로50길</도로명><도로명건물본번호코드>00089</도로명건물본번호코드><도로명건물부번호코드>00000</도로명건물부번호코드><도로명시군구코드>11545</도로명시군구코드><도로명일련번호코드>02</도로명일련번호코드><도로명지상지하코드>0</도로명지상지하코드><도로명코드>4151113</도로명코드><법정동> 시흥동</법정동><법정동본번코드>0005</법정동본번코드><법정동부번코드>0013</법정동부번코드><법정동시군구코드>11545</법정동시군구코드><법정동읍면동코드>10300</법정동읍면동코드><법정동지번코드>1</법정동지번코드><아파트>삼익</아파트><월>9</월><일>5</일><일련번호>11545-41</일련번호><전용면적>59.9</전용면적><중개사소재지>서울 금천구</중개사소재지><지번>5-13</지번><지역코드>11545</지역코드><층>16</층><해제사유발생일> </해제사유발생일><해제여부> </해제여부></item><item><거래금액>    69,000</거래금액><거래유형>중개거래</거래유형><건축년도>2004</건축년도><년>2022</년><도로명>금하로</도로명><도로명건물본번호코드>00816</도로명건물본번호코드><도로명건물부번호코드>00000</도로명건물부번호코드><도로명시군구코드>11545</도로명시군구코드><도로명일련번호코드>01</도로명일련번호코드><도로명지상지하코드>0</도로명지상지하코드><도로명코드>3000024</도로명코드><법정동> 시흥동</법정동><법정동본번코드>1013</법정동본번코드><법정동부번코드>0000</법정동부번코드><법정동시군구코드>11545</법정동시군구코드><법정동읍면동코드>10300</법정동읍면동코드><법정동지번코드>1</법정동지번코드><아파트>관악산벽산타운5</아파트><월>9</월><일>23</일><일련번호>11545-55</일련번호><전용면적>114.84</전용면적><중개사소재지>서울 금천구</중개사소재지><지번>1013</지번><지역코드>11545</지역코드><층>1</층><해제사유발생일> </해제사유발생일><해제여부> </해제여부></item><item><거래금액>     9,500</거래금액><거래유형>중개거래</거래유형><건축년도>2012</건축년도><년>2022</년><도로명>시흥대로</도로명><도로명건물본번호코드>00236</도로명건물본번호코드><도로명건물부번호코드>00000</도로명건물부번호코드><도로명시군구코드>11545</도로명시군구코드><도로명일련번호코드>02</도로명일련번호코드><도로명지상지하코드>0</도로명지상지하코드><도로명코드>2005010</도로명코드><법정동> 시흥동</법정동><법정동본번코드>0882</법정동본번코드><법정동부번코드>0061</법정동부번코드><법정동시군구코드>11545</법정동시군구코드><법정동읍면동코드>10300</법정동읍면동코드><법정동지번코드>1</법정동지번코드><아파트>와이즈플레이스</아파트><월>9</월><일>23</일><일련번호>11545-1734</일련번호><전용면적>14.22</전용면적><중개사소재지>서울 금천구</중개사소재지><지번>882-61</지번><지역코드>11545</지역코드><층>20</층><해제사유발생일> </해제사유발생일><해제여부> </해제여부></item><item><거래금액>    29,000</거래금액><거래유형>중개거래</거래유형><건축년도>2004</건축년도><년>2022</년><도로명>독산로22길</도로명><도로명건물본번호코드>00086</도로명건물본번호코드><도로명건물부번호코드>00000</도로명건물부번호코드><도로명시군구코드>11545</도로명시군구코드><도로명일련번호코드>01</도로명일련번호코드><도로명지상지하코드>0</도로명지상지하코드><도로명코드>4151065</도로명코드><법정동> 시흥동</법정동><법정동본번코드>0200</법정동본번코드><법정동부번코드>0004</법정동부번코드><법정동시군구코드>11545</법정동시군구코드><법정동읍면동코드>10300</법정동읍면동코드><법정동지번코드>1</법정동지번코드><아파트>신화아파트(200-4)</아파트><월>9</월><일>27</일><일련번호>11545-171</일련번호><전용면적>56.01</전용면적><중개사소재지>서울 금천구</중개사소재지><지번>200-4</지번><지역코드>11545</지역코드><층>5</층><해제사유발생일> </해제사유발생일><해제여부> </해제여부></item><item><거래금액>    55,000</거래금액><거래유형>중개거래</거래유형><건축년도>1981</건축년도><년>2022</년><도로명>시흥대로47길</도로명><도로명건물본번호코드>00043</도로명건물본번호코드><도로명건물부번호코드>00000</도로명건물부번호코드><도로명시군구코드>11545</도로명시군구코드><도로명일련번호코드>01</도로명일련번호코드><도로명지상지하코드>0</도로명지상지하코드><도로명코드>4151312</도로명코드><법정동> 시흥동</법정동><법정동본번코드>1002</법정동본번코드><법정동부번코드>0001</법정동부번코드><법정동시군구코드>11545</법정동시군구코드><법정동읍면동코드>10300</법정동읍면동코드><법정동지번코드>1</법정동지번코드><아파트>럭키남서울아파트</아파트><월>9</월><일>30</일><일련번호>11545-36</일련번호><전용면적>41.22</전용면적><중개사소재지>서울 금천구</중개사소재지><지번>1002-1</지번><지역코드>11545</지역코드><층>1</층><해제사유발생일> </해제사유발생일><해제여부> </해제여부></item><item><거래금액>    62,000</거래금액><거래유형>중개거래</거래유형><건축년도>2004</건축년도><년>2022</년><도로명>금하로</도로명><도로명건물본번호코드>00816</도로명건물본번호코드><도로명건물부번호코드>00000</도로명건물부번호코드><도로명시군구코드>11545</도로명시군구코드><도로명일련번호코드>01</도로명일련번호코드><도로명지상지하코드>0</도로명지상지하코드><도로명코드>3000024</도로명코드><법정동> 시흥동</법정동><법정동본번코드>1013</법정동본번코드><법정동부번코드>0000</법정동부번코드><법정동시군구코드>11545</법정동시군구코드><법정동읍면동코드>10300</법정동읍면동코드><법정동지번코드>1</법정동지번코드><아파트>관악산벽산타운5</아파트><월>9</월><일>30</일><일련번호>11545-55</일련번호><전용면적>84.97</전용면적><중개사소재지>서울 금천구</중개사소재지><지번>1013</지번><지역코드>11545</지역코드><층>9</층><해제사유발생일> </해제사유발생일><해제여부> </해제여부></item></items><numOfRows>999</numOfRows><pageNo>1</pageNo><totalCount>14</totalCount></body></response>