<?xml version="1.0" encoding="UTF-8" standalone="yes"?><response><header><resultCode>00</resultCode><resultMsg>NORMAL SERVICE.</resultMsg></header><body><items><item><거래금액>    11,000</거래금액><거래유형>중개거래</거래유형><건축년도>2014</건축년도><년>2022</년><도로명>디지털로12길</도로명><도로명건물본번호코드>00015</도로명건물본번호코드><도로명건물부번호코드>00000</도로명건물부번호코드><도로명시군구코드>11545</도로명시군구코드><도로명일련번호코드>01</도로명일련번호코드><도로명지상지하코드>0</도로명지상지하코드><도로명코드>4151194</도로명코드><법정동> 가산동</법정동><법정동본번코드>0140</법정동본번코드><법정동부번코드>0036</법정동부번코드><법정동시군구코드>11545</법정동시군구코드><법정동읍면동코드>10100</법정동읍면동코드><법정동지번코드>1</법정동지번코드><아파트>비즈트위트바이올렛5차</아파트><월>12</월><일>8</일><일련번호>11545-1957</일련번호><전용면적>12.19</전용면적><중개사소재지>서울 금천구</중개사소재지><지번>140-36</지번><지역코드>11545</지역코드><층>14</층><해제사유발생일> </해제사유발생일><해제여부> </해제여부></item><item><거래금액>    22,000</거래금액><거래유형>직거래</거래유형><건축년도>2017</건축년도><년>2022</년><도로명>디지털로12길</도로명><도로명건물본번호코드>00037</도로명건물본번호코드><도로명건물부번호코드>00000</도로명건물부번호코드><도로명시군구코드>11545</도로명시군구코드><도로명일련번호코드>01</도로명일련번호코드><도로명지상지하코드>0</도로명지상지하코드><도로명코드>4151194</도로명코드><법정동> 가산동</법정동><법정동본번코드>0143</법정동본번코드><법정동부번코드>0020</법정동부번코드><법정동시군구코드>11545</법정동시군구코드><법정동읍면동코드>10100</법정동읍면동코드><법정동지번코드>1</법정동지번코드><아파트>가산피어니빌</아파트><월>12</월><일>15</일><일련번호>11545-2332</일련번호><전용면적>21.0829</전용면적><중개사소재지> </중개사소재지><지번>143-20</지번><지역코드>11545</지역코드><층>8</층><해제사유발생일> </해제사유발생일><해제여부> </해제여부></item><item><거래금액>    12,500</거래금액><거래유형>중개거래</거래유형><건축년도>2013</건축년도><년>2022</년><도로명>가산로</도로명><도로명건물본번호코드>00147</도로명건물본번호코드><도로명건물부번호코드>00000</도로명건물부번호코드><도로명시군구코드>11545</도로명시군구코드><도로명일련번호코드>01</도로명일련번호코드><도로명지상지하코드>0</도로명지상지하코드><도로명코드>3117003</도로명코드><법정동> 가산동</법정동><법정동본번코드>0140</법정동본번코드><법정동부번코드>0009</법정동부번코드><법정동시군구코드>11545</법정동시군구코드><법정동읍면동코드>10100</법정동읍면동코드><법정동지번코드>1</법정동지번코드><아파트>가산지웰에스테이트</아파트><월>12</월><일>24</일><일련번호>11545-1860</일련번호><전용면적>15.52</전용면적><중개사소재지>서울 금천구</중개사소재지><지번>140-9</지번><지역코드>11545</지역코드><층>8</층><해제사유발생일> </해제사유발생일><해제여부> </해제여부></item><item><거래금액>    15,000</거래금액><거래유형>중개거래</거래유형><건축년도>2020</건축년도><년>2022</년><도로명>디지털로</도로명><도로명건물본번호코드>00207</도로명건물본번호코드><도로명건물부번호코드>00000</도로명건물부번호코드><도로명시군구코드>11545</도로명시군구코드><도로명일련번호코드>00</도로명일련번호코드><도로명지상지하코드>0</도로명지상지하코드><도로명코드>3000026</도로명코드><법정동> 가산동</법정동><법정동본번코드>0139</법정동본번코드><법정동부번코드>0015</법정동부번코드><법정동시군구코드>11545</법정동시군구코드><법정동읍면동코드>10100</법정동읍면동코드><법정동지번코드>1</법정동지번코드><아파트>G밸리페트라힐스</아파트><월>12</월><일>28</일><일련번호>11545-2676</일련번호><전용면적>13.76</전용면적><중개사소재지>서울 금천구</중개사소재지><지번>139-15</지번><지역코드>11545</지역코드><층>8</층><해제사유발생일> </해제사유발생일><해제여부> </해제여부></item><item><거래금액>    79,500</거래금액><거래유형>중개거래</거래유형><건축년도>2018</건축년도><년>2022</년><도로명>시흥대로</도로명><도로명건물본번호코드>00291</도로명건물본번호코드><도로명건물부번호코드>00000</도로명건물부번호코드><도로명시군구코드>11545</도로명시군구코드><도로명일련번호코드>00</도로명일련번호코드><도로명코드>2005010</도로명코드><법정동> 독산동</법정동><법정동본번코드>1155</법정동본번코드><법정동부번코드>0000</법정동부번코드><법정동시군구코드>11545</법정동시군구코드><법정동읍면동코드>10200</법정동읍면동코드><법정동지번코드>1</법정동지번코드><아파트>금천롯데캐슬골드파크3차</아파트><월>12</월><일>7</일><일련번호>11545-2479</일련번호><전용면적>59.968</전용면적><중개사소재지>서울 금천구</중개사소재지><지번>1155</지번><지역코드>11545</지역코드><층>42</층><해제사유발생일> </해제사유발생일><해제여부> </해제여부></item><item><거래금액>    43,000</거래금액><거래유형>중개거래</거래유형><건축년도>1999</건축년도><년>2022</년><도로명>범안로17길</도로명><도로명건물본번호코드>00012</도로명건물본번호코드><도로명건물부번호코드>00000</도로명건물부번호코드><도로명시군구코드>11545</도로명시군구코드><도로명일련번호코드>01</도로명일련번호코드><도로명지상지하코드>0</도로명지상지하코드><도로명코드>4151211</도로명코드><법정동> 독산동</법정동><법정동본번코드>0293</법정동본번코드><법정동부번코드>0010</법정동부번코드><법정동시군구코드>11545</법정동시군구코드><법정동읍면동코드>10200</법정동읍면동코드><법정동지번코드>1</법정동지번코드><아파트>독산현대</아파트><월>12</월><일>9</일><일련번호>11545-8</일련번호><전용면적>58.72</전용면적><중개사소재지>서울 금천구</중개사소재지><지번>293-10</지번><지역코드>11545</지역코드><층>3</층><해제사유발생일> </해제사유발생일><해제여부> </해제여부></item><item><거래금액>    58,000</거래금액><거래유형>직거래</거래유형><건축년도>2018</건축년도><년>2022</년><도로명>시흥대로</도로명><도로명건물본번호코드>00291</도로명건물본번호코드><도로명건물부번호코드>00000</도로명건물부번호코드><도로명시군구코드>11545</도로명시군구코드><도로명일련번호코드>00</도로명일련번호코드><도로명코드>2005010</도로명코드><법정동> 독산동</법정동><법정동본번코드>1155</법정동본번코드><법정동부번코드>0000</법정동부번코드><법정동시군구코드>11545</법정동시군구코드><법정동읍면동코드>10200</법정동읍면동코드><법정동지번코드>1</법정동지번코드><아파트>금천롯데캐슬골드파크3차</아파트><월>12</월><일>15</일><일련번호>11545-2479</일련번호><전용면적>59.968</전용면적><중개사소재지> </중개사소재지><지번>1155</지번><지역코드>11545</지역코드><층>42</층><해제사유발생일>22.12.22</해제사유발생일><해제여부>O</해제여부></item><item><거래금액>    68,900</거래금액><거래유형>직거래</거래유형><건축년도>2018</건축년도><년>2022</년><도로명>시흥대로</도로명><도로명건물본번호코드>00291</도로명건물본번호코드><도로명건물부번호코드>00000</도로명건물부번호코드><도로명시군구코드>11545</도로명시군구코드><도로명일련번호코드>00</도로명일련번호코드><도로명코드>2005010</도로명코드><법정동> 독산동</법정동><법정동본번코드>1155</법정동본번코드><법정동부번코드>0000</법정동부번코드><법정동시군구코드>11545</법정동시군구코드><법정동읍면동코드>10200</법정동읍면동코드><법정동지번코드>1</법정동지번코드><아파트>금천롯데캐슬골드파크3차</아파트><월>12</월><일>15</일><일련번호>11545-2479</일련번호><전용면적>59.968</전용면적><중개사소재지> </중개사소재지><지번>1155</지번><지역코드>11545</지역코드><층>42</층><해제사유발생일> </해제사유발생일><해제여부> </해제여부></item><item><거래금액>    75,000</거래금액><거래유형>중개거래</거래유형><건축년도>2018</건축년도><년>2022</년><도로명>시흥대로</도로명><도로명건물본번호코드>00291</도로명건물본번호코드><도로명건물부번호코드>00000</도로명건물부번호코드><도로명시군구코드>11545</도로명시군구코드><도로명일련번호코드>00</도로명일련번호코드><도로명코드>2005010</도로명코드><법정동> 독산동</법정동><법정동본번코드>1155</법정동본번코드><법정동부번코드>0000</법정동부번코드><법정동시군구코드>11545</법정동시군구코드><법정동읍면동코드>10200</법정동읍면동코드><법정동지번코드>1</법정동지번코드><아파트>금천롯데캐슬골드파크3차</아파트><월>12</월><일>16</일><일련번호>11545-2479</일련번호><전용면적>59.9672</전용면적><중개사소재지>서울 금천구</중개사소재지><지번>1155</지번><지역코드>11545</지역코드><층>30</층><해제사유발생일> </해제사유발생일><해제여부> </해제여부></item><item><거래금액>    95,000</거래금액><거래유형>중개거래</거래유형><건축년도>2016</건축년도><년>2022</년><도로명>벚꽃로</도로명><도로명건물본번호코드>00040</도로명건물본번호코드><도로명건물부번호코드>00000</도로명건물부번호코드><도로명시군구코드>11545</도로명시군구코드><도로명일련번호코드>00</도로명일련번호코드><도로명코드>3116013</도로명코드><법정동> 독산동</법정동><법정동본번코드>1147</법정동본번코드><법정동부번코드>0000</법정동부번코드><법정동시군구코드>11545</법정동시군구코드><법정동읍면동코드>10200</법정동읍면동코드><법정동지번코드>1</법정동지번코드><아파트>금천롯데캐슬골드파크1차</아파트><월>12</월><일>23</일><일련번호>11545-2262</일련번호><전용면적>84.8114</전용면적><중개사소재지>서울 구로구, 서울 금천구</중개사소재지><지번>1147</지번><지역코드>11545</지역코드><층>19</층><해제사유발생일> </해제사유발생일><해제여부> </해제여부></item><item><거래금액>    76,250</거래금액><거래유형>중개거래</거래유형><건축년도>2018</건축년도><년>2022</년><도로명>시흥대로</도로명><도로명건물본번호코드>00291</도로명건물본번호코드><도로명건물부번호코드>00000</도로명건물부번호코드><도로명시군구코드>11545</도로명시군구코드><도로명일련번호코드>00</도로명일련번호코드><도로명코드>2005010</도로명코드><법정동> 독산동</법정동><법정동본번코드>1155</법정동본번코드><법정동부번코드>0000</법정동부번코드><법정동시군구코드>11545</법정동시군구코드><법정동읍면동코드>10200</법정동읍면동코드><법정동지번코드>1</법정동지번코드><아파트>금천롯데캐슬골드파크3차</아파트><월>12</월><일>26</일><일련번호>11545-2479</일련번호><전용면적>59.968</전용면적><중개사소재지>서울 금천구</중개사소재지><지번>1155</지번><지역코드>11545</지역코드><층>17</층><해제사유발생일> </해제사유발생일><해제여부> </해제여부></item><item><거래금액>    22,500</거래금액><거래유형>중개거래</거래유형><건축년도>2002</건축년도><년>2022</년><도로명>독산로58나길</도로명><도로명건물본번호코드>00056</도로명건물본번호코드><도로명건물부번호코드>00000</도로명건물부번호코드><도로명시군구코드>11545</도로명시군구코드><도로명일련번호코드>01</도로명일련번호코드><도로명지상지하코드>0</도로명지상지하코드><도로명코드>4151126</도로명코드><법정동> 독산동</법정동><법정동본번코드>0378</법정동본번코드><법정동부번코드>0077</법정동부번코드><법정동시군구코드>11545</법정동시군구코드><법정동읍면동코드>10200</법정동읍면동코드><법정동지번코드>1</법정동지번코드><아파트>동양드림아파트</아파트><월>12</월><일>29</일><일련번호>11545-26</일련번호><전용면적>50.98</전용면적><중개사소재지>서울 금천구</중개사소재지><지번>378-77</지번><지역코드>11545</지역코드><층>2</층><해제사유발생일> </해제사유발생일><해제여부> </해제여부></item><item><거래금액>    39,500</거래금액><거래유형>중개거래</거래유형><건축년도>2000</건축년도><년>2022</년><도로명>금하로</도로명><도로명건물본번호코드>00793</도로명건물본번호코드><도로명건물부번호코드>00000</도로명건물부번호코드><도로명시군구코드>11545</도로명시군구코드><도로명일련번호코드>01</도로명일련번호코드><도로명지상지하코드>0</도로명지상지하코드><도로명코드>3000024</도로명코드><법정동> 시흥동</법정동><법정동본번코드>1010</법정동본번코드><법정동부번코드>0000</법정동부번코드><법정동시군구코드>11545</법정동시군구코드><법정동읍면동코드>10300</법정동읍면동코드><법정동지번코드>1</법정동지번코드><아파트>벽산</아파트><월>12</월><일>15</일><일련번호>11545-39</일련번호><전용면적>84.99</전용면적><중개사소재지>서울 금천구</중개사소재지><지번>1010</지번><지역코드>11545</지역코드><층>18</층><해제사유발생일> </해제사유발생일><해제여부> </해제여부></item><item><거래금액>    25,000</거래금액><거래유형>중개거래</거래유형><건축년도>2003</건축년도><년>2022</년><도로명>시흥대로22길</도로명><도로명건물본번호코드>00052</도로명건물본번호코드><도로명건물부번호코드>00000</도로명건물부번호코드><도로명시군구코드>11545</도로명시군구코드><도로명일련번호코드>01</도로명일련번호코드><도로명지상지하코드>0</도로명지상지하코드><도로명코드>4151289</도로명코드><법정동> 시흥동</법정동><법정동본번코드>0949</법정동본번코드><법정동부번코드>0018</법정동부번코드><법정동시군구코드>11545</법정동시군구코드><법정동읍면동코드>10300</법정동읍면동코드><법정동지번코드>1</법정동지번코드><아파트>거상홈타운801동</아파트><월>12</월><일>23</일><일련번호>11545-89</일련번호><전용면적>70.47</전용면적><중개사소재지>서울 금천구</중개사소재지><지번>949-18</지번><지역코드>11545</지역코드><층>5</층><해제사유발생일> </해제사유발생일><해제여부> </해제여부></item></items><numOfRows>999</numOfRows><pageNo>1</pageNo><totalCount>14</totalCount></body></response>