<?xml version="1.0" encoding="UTF-8" standalone="yes"?><response><header><resultCode>00</resultCode><resultMsg>NORMAL SERVICE.</resultMsg></header><body><items><item><거래금액>    97,200</거래금액><거래유형>직거래</거래유형><건축년도>1998</건축년도><년>2023</년><도로명>가산로</도로명><도로명건물본번호코드>00099</도로명건물본번호코드><도로명건물부번호코드>00000</도로명건물부번호코드><도로명시군구코드>11545</도로명시군구코드><도로명일련번호코드>01</도로명일련번호코드><도로명지상지하코드>0</도로명지상지하코드><도로명코드>3117003</도로명코드><법정동> 가산동</법정동><법정동본번코드>0769</법정동본번코드><법정동부번코드>0000</법정동부번코드><법정동시군구코드>11545</법정동시군구코드><법정동읍면동코드>10100</법정동읍면동코드><법정동지번코드>1</법정동지번코드><아파트>두산</아파트><월>2</월><일>3</일><일련번호>11545-2</일련번호><전용면적>134.95</전용면적><중개사소재지> </중개사소재지><지번>769</지번><지역코드>11545</지역코드><층>11</층><해제사유발생일> </해제사유발생일><해제여부> </해제여부></item><item><거래금액>    59,000</거래금액><거래유형>직거래</거래유형><건축년도>1998</건축년도><년>2023</년><도로명>가산로</도로명><도로명건물본번호코드>00099</도로명건물본번호코드><도로명건물부번호코드>00000</도로명건물부번호코드><도로명시군구코드>11545</도로명시군구코드><도로명일련번호코드>01</도로명일련번호코드><도로명지상지하코드>0</도로명지상지하코드><도로명코드>3117003</도로명코드><법정동> 가산동</법정동><법정동본번코드>0769</법정동본번코드><법정동부번코드>0000</법정동부번코드><법정동시군구코드>11545</법정동시군구코드><법정동읍면동코드>10100</법정동읍면동코드><법정동지번코드>1</법정동지번코드><아파트>두산</아파트><월>2</월><일>22</일><일련번호>11545-2</일련번호><전용면적>59.84</전용면적><중개사소재지> </중개사소재지><지번>769</지번><지역코드>11545</지역코드><층>7</층><해제사유발생일> </해제사유발생일><해제여부> </해제여부></item><item><거래금액>    15,500</거래금액><거래유형>중개거래</거래유형><건축년도>2013</건축년도><년>2023</년><도로명>남부순환로</도로명><도로명건물본번호코드>01266</도로명건물본번호코드><도로명건물부번호코드>00000</도로명건물부번호코드><도로명시군구코드>11545</도로명시군구코드><도로명일련번호코드>01</도로명일련번호코드><도로명지상지하코드>0</도로명지상지하코드><도로명코드>2000003</도로명코드><법정동> 가산동</법정동><법정동본번코드>0141</법정동본번코드><법정동부번코드>0002</법정동부번코드><법정동시군구코드>11545</법정동시군구코드><법정동읍면동코드>10100</법정동읍면동코드><법정동지번코드>1</법정동지번코드><아파트>가산양우내안에애플</아파트><월>2</월><일>22</일><일련번호>11545-1825</일련번호><전용면적>15.73</전용면적><중개사소재지>서울 금천구</중개사소재지><지번>141-2</지번><지역코드>11545</지역코드><층>11</층><해제사유발생일> </해제사유발생일><해제여부> </해제여부></item><item><거래금액>    74,000</거래금액><거래유형>직거래</거래유형><건축년도>2016</건축년도><년>2023</년><도로명>벚꽃로</도로명><도로명건물본번호코드>00040</도로명건물본번호코드><도로명건물부번호코드>00000</도로명건물부번호코드><도로명시군구코드>11545</도로명시군구코드><도로명일련번호코드>00</도로명일련번호코드><도로명코드>3116013</도로명코드><법정동> 독산동</법정동><법정동본번코드>1147</법정동본번코드><법정동부번코드>0000</법정동부번코드><법정동시군구코드>11545</법정동시군구코드><법정동읍면동코드>10200</법정동읍면동코드><법정동지번코드>1</법정동지번코드><아파트>금천롯데캐슬골드파크1차</아파트><월>2</월><일>1</일><일련번호>11545-2262</일련번호><전용면적>84.8114</전용면적><중개사소재지> </중개사소재지><지번>1147</지번><지역코드>11545</지역코드><층>3</층><해제사유발생일> </해제사유발생일><해제여부> </해제여부></item><item><거래금액>    42,500</거래금액><거래유형>중개거래</거래유형><건축년도>1997</건축년도><년>2023</년><도로명>두산로</도로명><도로명건물본번호코드>00036</도로명건물본번호코드><도로명건물부번호코드>00000</도로명건물부번호코드><도로명시군구코드>11545</도로명시군구코드><도로명일련번호코드>01</도로명일련번호코드><도로명지상지하코드>0</도로명지상지하코드><도로명코드>3117005</도로명코드><법정동> 독산동</법정동><법정동본번코드>1133</법정동본번코드><법정동부번코드>0000</법정동부번코드><법정동시군구코드>11545</법정동시군구코드><법정동읍면동코드>10200</법정동읍면동코드><법정동지번코드>1</법정동지번코드><아파트>진도2차</아파트><월>2</월><일>7</일><일련번호>11545-20</일련번호><전용면적>59.95</전용면적><중개사소재지>서울 금천구</중개사소재지><지번>1133</지번><지역코드>11545</지역코드><층>3</층><해제사유발생일> </해제사유발생일><해제여부> </해제여부></item><item><거래금액>    75,000</거래금액><거래유형>중개거래</거래유형><건축년도>2017</건축년도><년>2023</년><도로명>벚꽃로</도로명><도로명건물본번호코드>00030</도로명건물본번호코드><도로명건물부번호코드>00000</도로명건물부번호코드><도로명시군구코드>11545</도로명시군구코드><도로명일련번호코드>00</도로명일련번호코드><도로명코드>3116013</도로명코드><법정동> 독산동</법정동><법정동본번코드>1150</법정동본번코드><법정동부번코드>0000</법정동부번코드><법정동시군구코드>11545</법정동시군구코드><법정동읍면동코드>10200</법정동읍면동코드><법정동지번코드>1</법정동지번코드><아파트>금천롯데캐슬골드파크2차201동202동</아파트><월>2</월><일>9</일><일련번호>11545-2369</일련번호><전용면적>59.27</전용면적><중개사소재지>서울 금천구</중개사소재지><지번>1150</지번><지역코드>11545</지역코드><층>28</층><해제사유발생일> </해제사유발생일><해제여부> </해제여부></item><item><거래금액>    79,500</거래금액><거래유형>중개거래</거래유형><건축년도>2017</건축년도><년>2023</년><도로명>벚꽃로</도로명><도로명건물본번호코드>00030</도로명건물본번호코드><도로명건물부번호코드>00000</도로명건물부번호코드><도로명시군구코드>11545</도로명시군구코드><도로명일련번호코드>00</도로명일련번호코드><도로명코드>3116013</도로명코드><법정동> 독산동</법정동><법정동본번코드>1150</법정동본번코드><법정동부번코드>0000</법정동부번코드><법정동시군구코드>11545</법정동시군구코드><법정동읍면동코드>10200</법정동읍면동코드><법정동지번코드>1</법정동지번코드><아파트>금천롯데캐슬골드파크2차201동202동</아파트><월>2</월><일>9</일><일련번호>11545-2369</일련번호><전용면적>59.98</전용면적><중개사소재지>서울 금천구</중개사소재지><지번>1150</지번><지역코드>11545</지역코드><층>31</층><해제사유발생일> </해제사유발생일><해제여부> </해제여부></item><item><거래금액>    95,000</거래금액><거래유형>중개거래</거래유형><건축년도>2016</건축년도><년>2023</년><도로명>벚꽃로</도로명><도로명건물본번호코드>00040</도로명건물본번호코드><도로명건물부번호코드>00000</도로명건물부번호코드><도로명시군구코드>11545</도로명시군구코드><도로명일련번호코드>00</도로명일련번호코드><도로명코드>3116013</도로명코드><법정동> 독산동</법정동><법정동본번코드>1147</법정동본번코드><법정동부번코드>0000</법정동부번코드><법정동시군구코드>11545</법정동시군구코드><법정동읍면동코드>10200</법정동읍면동코드><법정동지번코드>1</법정동지번코드><아파트>금천롯데캐슬골드파크1차</아파트><월>2</월><일>10</일><일련번호>11545-2262</일련번호><전용면적>84.8114</전용면적><중개사소재지>서울 금천구</중개사소재지><지번>1147</지번><지역코드>11545</지역코드><층>14</층><해제사유발생일> </해제사유발생일><해제여부> </해제여부></item><item><거래금액>    77,000</거래금액><거래유형>중개거래</거래유형><건축년도>1991</건축년도><년>2023</년><도로명>한내로</도로명><도로명건물본번호코드>00062</도로명건물본번호코드><도로명건물부번호코드>00000</도로명건물부번호코드><도로명시군구코드>11545</도로명시군구코드><도로명일련번호코드>01</도로명일련번호코드><도로명지상지하코드>0</도로명지상지하코드><도로명코드>3117008</도로명코드><법정동> 독산동</법정동><법정동본번코드>1093</법정동본번코드><법정동부번코드>0004</법정동부번코드><법정동시군구코드>11545</법정동시군구코드><법정동읍면동코드>10200</법정동읍면동코드><법정동지번코드>1</법정동지번코드><아파트>한신아파트</아파트><월>2</월><일>15</일><일련번호>11545-22</일련번호><전용면적>129.66</전용면적><중개사소재지>경기 광명시</중개사소재지><지번>1093-4</지번><지역코드>11545</지역코드><층>14</층><해제사유발생일>23.03.08</해제사유발생일><해제여부>O</해제여부></item><item><거래금액>    77,000</거래금액><거래유형>중개거래</거래유형><건축년도>1991</건축년도><년>2023</년><도로명>한내로</도로명><도로명건물본번호코드>00062</도로명건물본번호코드><도로명건물부번호코드>00000</도로명건물부번호코드><도로명시군구코드>11545</도로명시군구코드><도로명일련번호코드>01</도로명일련번호코드><도로명지상지하코드>0</도로명지상지하코드><도로명코드>3117008</도로명코드><법정동> 독산동</법정동><법정동본번코드>1093</법정동본번코드><법정동부번코드>0004</법정동부번코드><법정동시군구코드>11545</법정동시군구코드><법정동읍면동코드>10200</법정동읍면동코드><법정동지번코드>1</법정동지번코드><아파트>한신아파트</아파트><월>2</월><일>15</일><일련번호>11545-22</일련번호><전용면적>129.66</전용면적><중개사소재지>경기 광명시</중개사소재지><지번>1093-4</지번><지역코드>11545</지역코드><층>14</층><해제사유발생일> </해제사유발생일><해제여부> </해제여부></item><item><거래금액>    96,000</거래금액><거래유형>중개거래</거래유형><건축년도>2016</건축년도><년>2023</년><도로명>벚꽃로</도로명><도로명건물본번호코드>00040</도로명건물본번호코드><도로명건물부번호코드>00000</도로명건물부번호코드><도로명시군구코드>11545</도로명시군구코드><도로명일련번호코드>00</도로명일련번호코드><도로명코드>3116013</도로명코드><법정동> 독산동</법정동><법정동본번코드>1147</법정동본번코드><법정동부번코드>0000</법정동부번코드><법정동시군구코드>11545</법정동시군구코드><법정동읍면동코드>10200</법정동읍면동코드><법정동지번코드>1</법정동지번코드><아파트>금천롯데캐슬골드파크1차</아파트><월>2</월><일>17</일><일련번호>11545-2262</일련번호><전용면적>84.3963</전용면적><중개사소재지>서울 금천구</중개사소재지><지번>1147</지번><지역코드>11545</지역코드><층>19</층><해제사유발생일> </해제사유발생일><해제여부> </해제여부></item><item><거래금액>    77,500</거래금액><거래유형>중개거래</거래유형><건축년도>2018</건축년도><년>2023</년><도로명>시흥대로</도로명><도로명건물본번호코드>00291</도로명건물본번호코드><도로명건물부번호코드>00000</도로명건물부번호코드><도로명시군구코드>11545</도로명시군구코드><도로명일련번호코드>00</도로명일련번호코드><도로명코드>2005010</도로명코드><법정동> 독산동</법정동><법정동본번코드>1155</법정동본번코드><법정동부번코드>0000</법정동부번코드><법정동시군구코드>11545</법정동시군구코드><법정동읍면동코드>10200</법정동읍면동코드><법정동지번코드>1</법정동지번코드><아파트>금천롯데캐슬골드파크3차</아파트><월>2</월><일>20</일><일련번호>11545-2479</일련번호><전용면적>59.968</전용면적><중개사소재지>서울 금천구</중개사소재지><지번>1155</지번><지역코드>11545</지역코드><층>33</층><해제사유발생일> </해제사유발생일><해제여부> </해제여부></item><item><거래금액>    77,000</거래금액><거래유형>중개거래</거래유형><건축년도>2018</건축년도><년>2023</년><도로명>시흥대로</도로명><도로명건물본번호코드>00291</도로명건물본번호코드><도로명건물부번호코드>00000</도로명건물부번호코드><도로명시군구코드>11545</도로명시군구코드><도로명일련번호코드>00</도로명일련번호코드><도로명코드>2005010</도로명코드><법정동> 독산동</법정동><법정동본번코드>1155</법정동본번코드><법정동부번코드>0000</법정동부번코드><법정동시군구코드>11545</법정동시군구코드><법정동읍면동코드>10200</법정동읍면동코드><법정동지번코드>1</법정동지번코드><아파트>금천롯데캐슬골드파크3차</아파트><월>2</월><일>21</일><일련번호>11545-2479</일련번호><전용면적>59.9672</전용면적><중개사소재지>서울 금천구</중개사소재지><지번>1155</지번><지역코드>11545</지역코드><층>22</층><해제사유발생일> </해제사유발생일><해제여부> </해제여부></item><item><거래금액>   120,000</거래금액><거래유형>중개거래</거래유형><건축년도>2016</건축년도><년>2023</년><도로명>벚꽃로</도로명><도로명건물본번호코드>00040</도로명건물본번호코드><도로명건물부번호코드>00000</도로명건물부번호코드><도로명시군구코드>11545</도로명시군구코드><도로명일련번호코드>00</도로명일련번호코드><도로명코드>3116013</도로명코드><법정동> 독산동</법정동><법정동본번코드>1147</법정동본번코드><법정동부번코드>0000</법정동부번코드><법정동시군구코드>11545</법정동시군구코드><법정동읍면동코드>10200</법정동읍면동코드><법정동지번코드>1</법정동지번코드><아파트>금천롯데캐슬골드파크1차</아파트><월>2</월><일>23</일><일련번호>11545-2262</일련번호><전용면적>101.814</전용면적><중개사소재지>서울 금천구</중개사소재지><지번>1147</지번><지역코드>11545</지역코드><층>18</층><해제사유발생일> </해제사유발생일><해제여부> </해제여부></item><item><거래금액>    77,000</거래금액><거래유형>중개거래</거래유형><건축년도>2017</건축년도><년>2023</년><도로명>벚꽃로</도로명><도로명건물본번호코드>00030</도로명건물본번호코드><도로명건물부번호코드>00000</도로명건물부번호코드><도로명시군구코드>11545</도로명시군구코드><도로명일련번호코드>00</도로명일련번호코드><도로명코드>3116013</도로명코드><법정동> 독산동</법정동><법정동본번코드>1150</법정동본번코드><법정동부번코드>0000</법정동부번코드><법정동시군구코드>11545</법정동시군구코드><법정동읍면동코드>10200</법정동읍면동코드><법정동지번코드>1</법정동지번코드><아파트>금천롯데캐슬골드파크2차201동202동</아파트><월>2</월><일>25</일><일련번호>11545-2369</일련번호><전용면적>59.27</전용면적><중개사소재지>서울 금천구</중개사소재지><지번>1150</지번><지역코드>11545</지역코드><층>41</층><해제사유발생일> </해제사유발생일><해제여부> </해제여부></item><item><거래금액>    48,000</거래금액><거래유형>직거래</거래유형><건축년도>2004</건축년도><년>2023</년><도로명>금하로</도로명><도로명건물본번호코드>00816</도로명건물본번호코드><도로명건물부번호코드>00000</도로명건물부번호코드><도로명시군구코드>11545</도로명시군구코드><도로명일련번호코드>01</도로명일련번호코드><도로명지상지하코드>0</도로명지상지하코드><도로명코드>3000024</도로명코드><법정동> 시흥동</법정동><법정동본번코드>1013</법정동본번코드><법정동부번코드>0000</법정동부번코드><법정동시군구코드>11545</법정동시군구코드><법정동읍면동코드>10300</법정동읍면동코드><법정동지번코드>1</법정동지번코드><아파트>관악산벽산타운5</아파트><월>2</월><일>1</일><일련번호>11545-55</일련번호><전용면적>114.84</전용면적><중개사소재지> </중개사소재지><지번>1013</지번><지역코드>11545</지역코드><층>2</층><해제사유발생일> </해제사유발생일><해제여부> </해제여부></item><item><거래금액>    22,000</거래금액><거래유형>중개거래</거래유형><건축년도>1975</건축년도><년>2023</년><도로명>독산로24나길</도로명><도로명건물본번호코드>00013</도로명건물본번호코드><도로명건물부번호코드>00000</도로명건물부번호코드><도로명시군구코드>11545</도로명시군구코드><도로명일련번호코드>01</도로명일련번호코드><도로명지상지하코드>0</도로명지상지하코드><도로명코드>4151069</도로명코드><법정동> 시흥동</법정동><법정동본번코드>0817</법정동본번코드><법정동부번코드>0029</법정동부번코드><법정동시군구코드>11545</법정동시군구코드><법정동읍면동코드>10300</법정동읍면동코드><법정동지번코드>1</법정동지번코드><아파트>시흥(817-29)</아파트><월>2</월><일>2</일><일련번호>11545-45</일련번호><전용면적>39.83</전용면적><중개사소재지>서울 금천구</중개사소재지><지번>817-29</지번><지역코드>11545</지역코드><층>4</층><해제사유발생일> </해제사유발생일><해제여부> </해제여부></item><item><거래금액>    85,000</거래금액><거래유형>중개거래</거래유형><건축년도>2014</건축년도><년>2023</년><도로명>시흥대로</도로명><도로명건물본번호코드>00165</도로명건물본번호코드><도로명건물부번호코드>00000</도로명건물부번호코드><도로명시군구코드>11545</도로명시군구코드><도로명일련번호코드>02</도로명일련번호코드><도로명지상지하코드>0</도로명지상지하코드><도로명코드>2005010</도로명코드><법정동> 시흥동</법정동><법정동본번코드>1026</법정동본번코드><법정동부번코드>0000</법정동부번코드><법정동시군구코드>11545</법정동시군구코드><법정동읍면동코드>10300</법정동읍면동코드><법정동지번코드>1</법정동지번코드><아파트>남서울힐스테이트</아파트><월>2</월><일>7</일><일련번호>11545-1642</일련번호><전용면적>84.677</전용면적><중개사소재지>서울 금천구</중개사소재지><지번>1026</지번><지역코드>11545</지역코드><층>21</층><해제사유발생일> </해제사유발생일><해제여부> </해제여부></item><item><거래금액>    97,000</거래금액><거래유형>중개거래</거래유형><건축년도>1980</건축년도><년>2023</년><도로명>시흥대로73길</도로명><도로명건물본번호코드>00011</도로명건물본번호코드><도로명건물부번호코드>00000</도로명건물부번호코드><도로명시군구코드>11545</도로명시군구코드><도로명일련번호코드>01</도로명일련번호코드><도로명지상지하코드>0</도로명지상지하코드><도로명코드>4151335</도로명코드><법정동> 시흥동</법정동><법정동본번코드>0109</법정동본번코드><법정동부번코드>0001</법정동부번코드><법정동시군구코드>11545</법정동시군구코드><법정동읍면동코드>10300</법정동읍면동코드><법정동지번코드>1</법정동지번코드><아파트>무지개</아파트><월>2</월><일>10</일><일련번호>11545-38</일련번호><전용면적>84.96</전용면적><중개사소재지>서울 금천구</중개사소재지><지번>109-1</지번><지역코드>11545</지역코드><층>2</층><해제사유발생일> </해제사유발생일><해제여부> </해제여부></item><item><거래금액>    33,000</거래금액><거래유형>중개거래</거래유형><건축년도>2000</건축년도><년>2023</년><도로명>금하로</도로명><도로명건물본번호코드>00793</도로명건물본번호코드><도로명건물부번호코드>00000</도로명건물부번호코드><도로명시군구코드>11545</도로명시군구코드><도로명일련번호코드>01</도로명일련번호코드><도로명지상지하코드>0</도로명지상지하코드><도로명코드>3000024</도로명코드><법정동> 시흥동</법정동><법정동본번코드>1010</법정동본번코드><법정동부번코드>0000</법정동부번코드><법정동시군구코드>11545</법정동시군구코드><법정동읍면동코드>10300</법정동읍면동코드><법정동지번코드>1</법정동지번코드><아파트>벽산</아파트><월>2</월><일>11</일><일련번호>11545-39</일련번호><전용면적>59.94</전용면적><중개사소재지>서울 금천구</중개사소재지><지번>1010</지번><지역코드>11545</지역코드><층>3</층><해제사유발생일> </해제사유발생일><해제여부> </해제여부></item><item><거래금액>    55,000</거래금액><거래유형>중개거래</거래유형><건축년도>1999</건축년도><년>2023</년><도로명>독산로50길</도로명><도로명건물본번호코드>00089</도로명건물본번호코드><도로명건물부번호코드>00000</도로명건물부번호코드><도로명시군구코드>11545</도로명시군구코드><도로명일련번호코드>02</도로명일련번호코드><도로명지상지하코드>0</도로명지상지하코드><도로명코드>4151113</도로명코드><법정동> 시흥동</법정동><법정동본번코드>0005</법정동본번코드><법정동부번코드>0013</법정동부번코드><법정동시군구코드>11545</법정동시군구코드><법정동읍면동코드>10300</법정동읍면동코드><법정동지번코드>1</법정동지번코드><아파트>삼익</아파트><월>2</월><일>11</일><일련번호>11545-41</일련번호><전용면적>84.96</전용면적><중개사소재지>서울 금천구</중개사소재지><지번>5-13</지번><지역코드>11545</지역코드><층>18</층><해제사유발생일> </해제사유발생일><해제여부> </해제여부></item><item><거래금액>    49,800</거래금액><거래유형>중개거래</거래유형><건축년도>2002</건축년도><년>2023</년><도로명>금하로30길</도로명><도로명건물본번호코드>00034</도로명건물본번호코드><도로명건물부번호코드>00000</도로명건물부번호코드><도로명시군구코드>11545</도로명시군구코드><도로명일련번호코드>01</도로명일련번호코드><도로명지상지하코드>0</도로명지상지하코드><도로명코드>4151032</도로명코드><법정동> 시흥동</법정동><법정동본번코드>0268</법정동본번코드><법정동부번코드>0046</법정동부번코드><법정동시군구코드>11545</법정동시군구코드><법정동읍면동코드>10300</법정동읍면동코드><법정동지번코드>1</법정동지번코드><아파트>탑스빌</아파트><월>2</월><일>12</일><일련번호>11545-110</일련번호><전용면적>79.84</전용면적><중개사소재지>서울 금천구</중개사소재지><지번>268-46</지번><지역코드>11545</지역코드><층>13</층><해제사유발생일> </해제사유발생일><해제여부> </해제여부></item><item><거래금액>    34,000</거래금액><거래유형>중개거래</거래유형><건축년도>2018</건축년도><년>2023</년><도로명>시흥대로12길</도로명><도로명건물본번호코드>00028</도로명건물본번호코드><도로명건물부번호코드>00000</도로명건물부번호코드><도로명시군구코드>11545</도로명시군구코드><도로명일련번호코드>00</도로명일련번호코드><도로명지상지하코드>0</도로명지상지하코드><도로명코드>4151263</도로명코드><법정동> 시흥동</법정동><법정동본번코드>0961</법정동본번코드><법정동부번코드>0004</법정동부번코드><법정동시군구코드>11545</법정동시군구코드><법정동읍면동코드>10300</법정동읍면동코드><법정동지번코드>1</법정동지번코드><아파트>메르시대신아파트</아파트><월>2</월><일>12</일><일련번호>11545-2459</일련번호><전용면적>64.08</전용면적><중개사소재지>서울 금천구</중개사소재지><지번>961-4</지번><지역코드>11545</지역코드><층>6</층><해제사유발생일> </해제사유발생일><해제여부> </해제여부></item><item><거래금액>    58,000</거래금액><거래유형>중개거래</거래유형><건축년도>2004</건축년도><년>2023</년><도로명>금하로</도로명><도로명건물본번호코드>00816</도로명건물본번호코드><도로명건물부번호코드>00000</도로명건물부번호코드><도로명시군구코드>11545</도로명시군구코드><도로명일련번호코드>01</도로명일련번호코드><도로명지상지하코드>0</도로명지상지하코드><도로명코드>3000024</도로명코드><법정동> 시흥동</법정동><법정동본번코드>1013</법정동본번코드><법정동부번코드>0000</법정동부번코드><법정동시군구코드>11545</법정동시군구코드><법정동읍면동코드>10300</법정동읍면동코드><법정동지번코드>1</법정동지번코드><아파트>관악산벽산타운5</아파트><월>2</월><일>18</일><일련번호>11545-55</일련번호><전용면적>114.84</전용면적><중개사소재지>서울 금천구</중개사소재지><지번>1013</지번><지역코드>11545</지역코드><층>3</층><해제사유발생일> </해제사유발생일><해제여부> </해제여부></item><item><거래금액>    48,000</거래금액><거래유형>중개거래</거래유형><건축년도>2004</건축년도><년>2023</년><도로명>금하로</도로명><도로명건물본번호코드>00816</도로명건물본번호코드><도로명건물부번호코드>00000</도로명건물부번호코드><도로명시군구코드>11545</도로명시군구코드><도로명일련번호코드>01</도로명일련번호코드><도로명지상지하코드>0</도로명지상지하코드><도로명코드>3000024</도로명코드><법정동> 시흥동</법정동><법정동본번코드>1013</법정동본번코드><법정동부번코드>0000</법정동부번코드><법정동시군구코드>11545</법정동시군구코드><법정동읍면동코드>10300</법정동읍면동코드><법정동지번코드>1</법정동지번코드><아파트>관악산벽산타운5</아파트><월>2</월><일>19</일><일련번호>11545-55</일련번호><전용면적>84.97</전용면적><중개사소재지>서울 금천구</중개사소재지><지번>1013</지번><지역코드>11545</지역코드><층>9</층><해제사유발생일> </해제사유발생일><해제여부> </해제여부></item><item><거래금액>    32,000</거래금액><거래유형>중개거래</거래유형><건축년도>2018</건축년도><년>2023</년><도로명>시흥대로12길</도로명><도로명건물본번호코드>00010</도로명건물본번호코드><도로명건물부번호코드>00008</도로명건물부번호코드><도로명시군구코드>11545</도로명시군구코드><도로명일련번호코드>01</도로명일련번호코드><도로명지상지하코드>0</도로명지상지하코드><도로명코드>4151263</도로명코드><법정동> 시흥동</법정동><법정동본번코드>0962</법정동본번코드><법정동부번코드>0008</법정동부번코드><법정동시군구코드>11545</법정동시군구코드><법정동읍면동코드>10300</법정동읍면동코드><법정동지번코드>1</법정동지번코드><아파트>백운한비치5</아파트><월>2</월><일>21</일><일련번호>11545-2427</일련번호><전용면적>59.99</전용면적><중개사소재지>서울 금천구</중개사소재지><지번>962-8</지번><지역코드>11545</지역코드><층>4</층><해제사유발생일> </해제사유발생일><해제여부> </해제여부></item><item><거래금액>    45,000</거래금액><거래유형>직거래</거래유형><건축년도>1981</건축년도><년>2023</년><도로명>시흥대로47길</도로명><도로명건물본번호코드>00043</도로명건물본번호코드><도로명건물부번호코드>00000</도로명건물부번호코드><도로명시군구코드>11545</도로명시군구코드><도로명일련번호코드>01</도로명일련번호코드><도로명지상지하코드>0</도로명지상지하코드><도로명코드>4151312</도로명코드><법정동> 시흥동</법정동><법정동본번코드>1002</법정동본번코드><법정동부번코드>0001</법정동부번코드><법정동시군구코드>11545</법정동시군구코드><법정동읍면동코드>10300</법정동읍면동코드><법정동지번코드>1</법정동지번코드><아파트>럭키남서울아파트</아파트><월>2</월><일>22</일><일련번호>11545-36</일련번호><전용면적>49.75</전용면적><중개사소재지> </중개사소재지><지번>1002-1</지번><지역코드>11545</지역코드><층>1</층><해제사유발생일> </해제사유발생일><해제여부> </해제여부></item><item><거래금액>    48,500</거래금액><거래유형>중개거래</거래유형><건축년도>2004</건축년도><년>2023</년><도로명>금하로</도로명><도로명건물본번호코드>00816</도로명건물본번호코드><도로명건물부번호코드>00000</도로명건물부번호코드><도로명시군구코드>11545</도로명시군구코드><도로명일련번호코드>01</도로명일련번호코드><도로명지상지하코드>0</도로명지상지하코드><도로명코드>3000024</도로명코드><법정동> 시흥동</법정동><법정동본번코드>1013</법정동본번코드><법정동부번코드>0000</법정동부번코드><법정동시군구코드>11545</법정동시군구코드><법정동읍면동코드>10300</법정동읍면동코드><법정동지번코드>1</법정동지번코드><아파트>관악산벽산타운5</아파트><월>2</월><일>24</일><일련번호>11545-55</일련번호><전용면적>59.34</전용면적><중개사소재지>서울 금천구</중개사소재지><지번>1013</지번><지역코드>11545</지역코드><층>8</층><해제사유발생일> </해제사유발생일><해제여부> </해제여부></item><item><거래금액>    67,500</거래금액><거래유형>중개거래</거래유형><건축년도>2014</건축년도><년>2023</년><도로명>시흥대로</도로명><도로명건물본번호코드>00165</도로명건물본번호코드><도로명건물부번호코드>00000</도로명건물부번호코드><도로명시군구코드>11545</도로명시군구코드><도로명일련번호코드>02</도로명일련번호코드><도로명지상지하코드>0</도로명지상지하코드><도로명코드>2005010</도로명코드><법정동> 시흥동</법정동><법정동본번코드>1026</법정동본번코드><법정동부번코드>0000</법정동부번코드><법정동시군구코드>11545</법정동시군구코드><법정동읍면동코드>10300</법정동읍면동코드><법정동지번코드>1</법정동지번코드><아파트>남서울힐스테이트</아파트><월>2</월><일>26</일><일련번호>11545-1642</일련번호><전용면적>59.817</전용면적><중개사소재지>서울 금천구</중개사소재지><지번>1026</지번><지역코드>11545</지역코드><층>15</층><해제사유발생일> </해제사유발생일><해제여부> </해제여부></item><item><거래금액>    50,800</거래금액><거래유형>중개거래</거래유형><건축년도>2004</건축년도><년>2023</년><도로명>금하로</도로명><도로명건물본번호코드>00816</도로명건물본번호코드><도로명건물부번호코드>00000</도로명건물부번호코드><도로명시군구코드>11545</도로명시군구코드><도로명일련번호코드>01</도로명일련번호코드><도로명지상지하코드>0</도로명지상지하코드><도로명코드>3000024</도로명코드><법정동> 시흥동</법정동><법정동본번코드>1013</법정동본번코드><법정동부번코드>0000</법정동부번코드><법정동시군구코드>11545</법정동시군구코드><법정동읍면동코드>10300</법정동읍면동코드><법정동지번코드>1</법정동지번코드><아파트>관악산벽산타운5</아파트><월>2</월><일>27</일><일련번호>11545-55</일련번호><전용면적>84.97</전용면적><중개사소재지>서울 금천구</중개사소재지><지번>1013</지번><지역코드>11545</지역코드><층>20</층><해제사유발생일> </해제사유발생일><해제여부> </해제여부></item><item><거래금액>    32,000</거래금액><거래유형>중개거래</거래유형><건축년도>2003</건축년도><년>2023</년><도로명>시흥대로28길</도로명><도로명건물본번호코드>00032</도로명건물본번호코드><도로명건물부번호코드>00000</도로명건물부번호코드><도로명시군구코드>11545</도로명시군구코드><도로명일련번호코드>01</도로명일련번호코드><도로명지상지하코드>0</도로명지상지하코드><도로명코드>4151293</도로명코드><법정동> 시흥동</법정동><법정동본번코드>0953</법정동본번코드><법정동부번코드>0005</법정동부번코드><법정동시군구코드>11545</법정동시군구코드><법정동읍면동코드>10300</법정동읍면동코드><법정동지번코드>1</법정동지번코드><아파트>거상장미</아파트><월>2</월><일>27</일><일련번호>11545-59</일련번호><전용면적>84.95</전용면적><중개사소재지>서울 금천구</중개사소재지><지번>953-5</지번><지역코드>11545</지역코드><층>3</층><해제사유발생일> </해제사유발생일><해제여부> </해제여부></item><item><거래금액>    85,000</거래금액><거래유형>중개거래</거래유형><건축년도>2014</건축년도><년>2023</년><도로명>시흥대로</도로명><도로명건물본번호코드>00165</도로명건물본번호코드><도로명건물부번호코드>00000</도로명건물부번호코드><도로명시군구코드>11545</도로명시군구코드><도로명일련번호코드>02</도로명일련번호코드><도로명지상지하코드>0</도로명지상지하코드><도로명코드>2005010</도로명코드><법정동> 시흥동</법정동><법정동본번코드>1026</법정동본번코드><법정동부번코드>0000</법정동부번코드><법정동시군구코드>11545</법정동시군구코드><법정동읍면동코드>10300</법정동읍면동코드><법정동지번코드>1</법정동지번코드><아파트>남서울힐스테이트</아파트><월>2</월><일>28</일><일련번호>11545-1642</일련번호><전용면적>84.786</전용면적><중개사소재지>서울 금천구</중개사소재지><지번>1026</지번><지역코드>11545</지역코드><층>20</층><해제사유발생일> </해제사유발생일><해제여부> </해제여부></item></items><numOfRows>999</numOfRows><pageNo>1</pageNo><totalCount>32</totalCount></body></response>