<?xml version="1.0" encoding="UTF-8" standalone="yes"?><response><header><resultCode>00</resultCode><resultMsg>NORMAL SERVICE.</resultMsg></header><body><items><item><거래금액>    78,500</거래금액><거래유형>중개거래</거래유형><건축년도>1999</건축년도><년>2022</년><도로명>신도림로</도로명><도로명건물본번호코드>00016</도로명건물본번호코드><도로명건물부번호코드>00000</도로명건물부번호코드><도로명시군구코드>11530</도로명시군구코드><도로명일련번호코드>01</도로명일련번호코드><도로명지상지하코드>0</도로명지상지하코드><도로명코드>3116008</도로명코드><법정동> 신도림동</법정동><법정동본번코드>0642</법정동본번코드><법정동부번코드>0000</법정동부번코드><법정동시군구코드>11530</법정동시군구코드><법정동읍면동코드>10100</법정동읍면동코드><법정동지번코드>1</법정동지번코드><아파트>대림1</아파트><월>12</월><일>17</일><일련번호>11530-127</일련번호><전용면적>59.9</전용면적><중개사소재지>서울 구로구</중개사소재지><지번>642</지번><지역코드>11530</지역코드><층>9</층><해제사유발생일> </해제사유발생일><해제여부> </해제여부></item><item><거래금액>    85,000</거래금액><거래유형>중개거래</거래유형><건축년도>2011</건축년도><년>2022</년><도로명>경인로</도로명><도로명건물본번호코드>00662</도로명건물본번호코드><도로명건물부번호코드>00000</도로명건물부번호코드><도로명시군구코드>11530</도로명시군구코드><도로명일련번호코드>01</도로명일련번호코드><도로명지상지하코드>0</도로명지상지하코드><도로명코드>3000028</도로명코드><법정동> 신도림동</법정동><법정동본번코드>0692</법정동본번코드><법정동부번코드>0000</법정동부번코드><법정동시군구코드>11530</법정동시군구코드><법정동읍면동코드>10100</법정동읍면동코드><법정동지번코드>1</법정동지번코드><아파트>디큐브시티</아파트><월>12</월><일>31</일><일련번호>11530-3480</일련번호><전용면적>59.88</전용면적><중개사소재지>서울 구로구</중개사소재지><지번>692</지번><지역코드>11530</지역코드><층>4</층><해제사유발생일> </해제사유발생일><해제여부> </해제여부></item><item><거래금액>    42,500</거래금액><거래유형>중개거래</거래유형><건축년도>1998</건축년도><년>2022</년><도로명>도림로</도로명><도로명건물본번호코드>00059</도로명건물본번호코드><도로명건물부번호코드>00000</도로명건물부번호코드><도로명시군구코드>11530</도로명시군구코드><도로명일련번호코드>01</도로명일련번호코드><도로명지상지하코드>0</도로명지상지하코드><도로명코드>3116010</도로명코드><법정동> 구로동</법정동><법정동본번코드>1265</법정동본번코드><법정동부번코드>0000</법정동부번코드><법정동시군구코드>11530</법정동시군구코드><법정동읍면동코드>10200</법정동읍면동코드><법정동지번코드>1</법정동지번코드><아파트>구로두산</아파트><월>12</월><일>2</일><일련번호>11530-9</일련번호><전용면적>44.64</전용면적><중개사소재지>서울 구로구</중개사소재지><지번>1265</지번><지역코드>11530</지역코드><층>7</층><해제사유발생일> </해제사유발생일><해제여부> </해제여부></item><item><거래금액>    16,000</거래금액><거래유형>직거래</거래유형><건축년도>2012</건축년도><년>2022</년><도로명>가마산로</도로명><도로명건물본번호코드>00268</도로명건물본번호코드><도로명건물부번호코드>00000</도로명건물부번호코드><도로명시군구코드>11530</도로명시군구코드><도로명일련번호코드>01</도로명일련번호코드><도로명지상지하코드>0</도로명지상지하코드><도로명코드>3000023</도로명코드><법정동> 구로동</법정동><법정동본번코드>0098</법정동본번코드><법정동부번코드>0004</법정동부번코드><법정동시군구코드>11530</법정동시군구코드><법정동읍면동코드>10200</법정동읍면동코드><법정동지번코드>1</법정동지번코드><아파트>대림역와이즈플레이스</아파트><월>12</월><일>2</일><일련번호>11530-3641</일련번호><전용면적>24.647</전용면적><중개사소재지> </중개사소재지><지번>98-4</지번><지역코드>11530</지역코드><층>18</층><해제사유발생일> </해제사유발생일><해제여부> </해제여부></item><item><거래금액>    69,000</거래금액><거래유형>중개거래</거래유형><건축년도>1998</건축년도><년>2022</년><도로명>도림로22길</도로명><도로명건물본번호코드>00008</도로명건물본번호코드><도로명건물부번호코드>00000</도로명건물부번호코드><도로명시군구코드>11530</도로명시군구코드><도로명일련번호코드>01</도로명일련번호코드><도로명지상지하코드>0</도로명지상지하코드><도로명코드>4148310</도로명코드><법정동> 구로동</법정동><법정동본번코드>1260</법정동본번코드><법정동부번코드>0000</법정동부번코드><법정동시군구코드>11530</법정동시군구코드><법정동읍면동코드>10200</법정동읍면동코드><법정동지번코드>1</법정동지번코드><아파트>이화우성</아파트><월>12</월><일>7</일><일련번호>11530-27</일련번호><전용면적>84.98</전용면적><중개사소재지>서울 구로구</중개사소재지><지번>1260</지번><지역코드>11530</지역코드><층>10</층><해제사유발생일> </해제사유발생일><해제여부> </해제여부></item><item><거래금액>   100,000</거래금액><거래유형>중개거래</거래유형><건축년도>1999</건축년도><년>2022</년><도로명>새말로</도로명><도로명건물본번호코드>00031</도로명건물본번호코드><도로명건물부번호코드>00000</도로명건물부번호코드><도로명시군구코드>11530</도로명시군구코드><도로명일련번호코드>02</도로명일련번호코드><도로명지상지하코드>0</도로명지상지하코드><도로명코드>3116007</도로명코드><법정동> 구로동</법정동><법정동본번코드>1263</법정동본번코드><법정동부번코드>0000</법정동부번코드><법정동시군구코드>11530</법정동시군구코드><법정동읍면동코드>10200</법정동읍면동코드><법정동지번코드>1</법정동지번코드><아파트>신도림롯데아파트</아파트><월>12</월><일>9</일><일련번호>11530-11</일련번호><전용면적>170.3</전용면적><중개사소재지>서울 구로구</중개사소재지><지번>1263</지번><지역코드>11530</지역코드><층>7</층><해제사유발생일> </해제사유발생일><해제여부> </해제여부></item><item><거래금액>    43,500</거래금액><거래유형>중개거래</거래유형><건축년도>1998</건축년도><년>2022</년><도로명>도림로</도로명><도로명건물본번호코드>00059</도로명건물본번호코드><도로명건물부번호코드>00000</도로명건물부번호코드><도로명시군구코드>11530</도로명시군구코드><도로명일련번호코드>01</도로명일련번호코드><도로명지상지하코드>0</도로명지상지하코드><도로명코드>3116010</도로명코드><법정동> 구로동</법정동><법정동본번코드>1265</법정동본번코드><법정동부번코드>0000</법정동부번코드><법정동시군구코드>11530</법정동시군구코드><법정동읍면동코드>10200</법정동읍면동코드><법정동지번코드>1</법정동지번코드><아파트>구로두산</아파트><월>12</월><일>12</일><일련번호>11530-9</일련번호><전용면적>44.64</전용면적><중개사소재지>서울 광진구, 서울 구로구</중개사소재지><지번>1265</지번><지역코드>11530</지역코드><층>14</층><해제사유발생일> </해제사유발생일><해제여부> </해제여부></item><item><거래금액>    86,000</거래금액><거래유형>직거래</거래유형><건축년도>2011</건축년도><년>2022</년><도로명>구로동로28길</도로명><도로명건물본번호코드>00042</도로명건물본번호코드><도로명건물부번호코드>00000</도로명건물부번호코드><도로명시군구코드>11530</도로명시군구코드><도로명일련번호코드>01</도로명일련번호코드><도로명지상지하코드>0</도로명지상지하코드><도로명코드>4148216</도로명코드><법정동> 구로동</법정동><법정동본번코드>1287</법정동본번코드><법정동부번코드>0000</법정동부번코드><법정동시군구코드>11530</법정동시군구코드><법정동읍면동코드>10200</법정동읍면동코드><법정동지번코드>1</법정동지번코드><아파트>구로지웰</아파트><월>12</월><일>12</일><일련번호>11530-3509</일련번호><전용면적>59.651</전용면적><중개사소재지> </중개사소재지><지번>1287</지번><지역코드>11530</지역코드><층>10</층><해제사유발생일> </해제사유발생일><해제여부> </해제여부></item><item><거래금액>    47,000</거래금액><거래유형>직거래</거래유형><건축년도>1998</건축년도><년>2022</년><도로명>도림로</도로명><도로명건물본번호코드>00059</도로명건물본번호코드><도로명건물부번호코드>00000</도로명건물부번호코드><도로명시군구코드>11530</도로명시군구코드><도로명일련번호코드>01</도로명일련번호코드><도로명지상지하코드>0</도로명지상지하코드><도로명코드>3116010</도로명코드><법정동> 구로동</법정동><법정동본번코드>1265</법정동본번코드><법정동부번코드>0000</법정동부번코드><법정동시군구코드>11530</법정동시군구코드><법정동읍면동코드>10200</법정동읍면동코드><법정동지번코드>1</법정동지번코드><아파트>구로두산</아파트><월>12</월><일>14</일><일련번호>11530-9</일련번호><전용면적>51.84</전용면적><중개사소재지> </중개사소재지><지번>1265</지번><지역코드>11530</지역코드><층>5</층><해제사유발생일> </해제사유발생일><해제여부> </해제여부></item><item><거래금액>    11,500</거래금액><거래유형>중개거래</거래유형><건축년도>2012</건축년도><년>2022</년><도로명>구로중앙로18길</도로명><도로명건물본번호코드>00023</도로명건물본번호코드><도로명건물부번호코드>00000</도로명건물부번호코드><도로명시군구코드>11530</도로명시군구코드><도로명일련번호코드>01</도로명일련번호코드><도로명지상지하코드>0</도로명지상지하코드><도로명코드>4148251</도로명코드><법정동> 구로동</법정동><법정동본번코드>0098</법정동본번코드><법정동부번코드>0010</법정동부번코드><법정동시군구코드>11530</법정동시군구코드><법정동읍면동코드>10200</법정동읍면동코드><법정동지번코드>1</법정동지번코드><아파트>비즈트위트그린</아파트><월>12</월><일>15</일><일련번호>11530-3652</일련번호><전용면적>15.11</전용면적><중개사소재지>서울 구로구</중개사소재지><지번>98-10</지번><지역코드>11530</지역코드><층>16</층><해제사유발생일> </해제사유발생일><해제여부> </해제여부></item><item><거래금액>    50,000</거래금액><거래유형>중개거래</거래유형><건축년도>1998</건축년도><년>2022</년><도로명>도림로</도로명><도로명건물본번호코드>00059</도로명건물본번호코드><도로명건물부번호코드>00000</도로명건물부번호코드><도로명시군구코드>11530</도로명시군구코드><도로명일련번호코드>01</도로명일련번호코드><도로명지상지하코드>0</도로명지상지하코드><도로명코드>3116010</도로명코드><법정동> 구로동</법정동><법정동본번코드>1265</법정동본번코드><법정동부번코드>0000</법정동부번코드><법정동시군구코드>11530</법정동시군구코드><법정동읍면동코드>10200</법정동읍면동코드><법정동지번코드>1</법정동지번코드><아파트>구로두산</아파트><월>12</월><일>17</일><일련번호>11530-9</일련번호><전용면적>51.84</전용면적><중개사소재지>서울 구로구</중개사소재지><지번>1265</지번><지역코드>11530</지역코드><층>16</층><해제사유발생일> </해제사유발생일><해제여부> </해제여부></item><item><거래금액>    42,500</거래금액><거래유형>중개거래</거래유형><건축년도>1998</건축년도><년>2022</년><도로명>도림로</도로명><도로명건물본번호코드>00059</도로명건물본번호코드><도로명건물부번호코드>00000</도로명건물부번호코드><도로명시군구코드>11530</도로명시군구코드><도로명일련번호코드>01</도로명일련번호코드><도로명지상지하코드>0</도로명지상지하코드><도로명코드>3116010</도로명코드><법정동> 구로동</법정동><법정동본번코드>1265</법정동본번코드><법정동부번코드>0000</법정동부번코드><법정동시군구코드>11530</법정동시군구코드><법정동읍면동코드>10200</법정동읍면동코드><법정동지번코드>1</법정동지번코드><아파트>구로두산</아파트><월>12</월><일>17</일><일련번호>11530-9</일련번호><전용면적>44.64</전용면적><중개사소재지>서울 구로구</중개사소재지><지번>1265</지번><지역코드>11530</지역코드><층>12</층><해제사유발생일> </해제사유발생일><해제여부> </해제여부></item><item><거래금액>    15,700</거래금액><거래유형>중개거래</거래유형><건축년도>1996</건축년도><년>2022</년><도로명>구로동로18길</도로명><도로명건물본번호코드>00061</도로명건물본번호코드><도로명건물부번호코드>00005</도로명건물부번호코드><도로명시군구코드>11530</도로명시군구코드><도로명일련번호코드>01</도로명일련번호코드><도로명지상지하코드>0</도로명지상지하코드><도로명코드>4148204</도로명코드><법정동> 구로동</법정동><법정동본번코드>0771</법정동본번코드><법정동부번코드>0030</법정동부번코드><법정동시군구코드>11530</법정동시군구코드><법정동읍면동코드>10200</법정동읍면동코드><법정동지번코드>1</법정동지번코드><아파트>(771-30)</아파트><월>12</월><일>19</일><일련번호>11530-480</일련번호><전용면적>30.48</전용면적><중개사소재지>서울 구로구</중개사소재지><지번>771-30</지번><지역코드>11530</지역코드><층>5</층><해제사유발생일> </해제사유발생일><해제여부> </해제여부></item><item><거래금액>    24,000</거래금액><거래유형>직거래</거래유형><건축년도>2022</건축년도><년>2022</년><도로명>가마산로</도로명><도로명건물본번호코드>00271</도로명건물본번호코드><도로명건물부번호코드>00000</도로명건물부번호코드><도로명시군구코드>11530</도로명시군구코드><도로명일련번호코드>01</도로명일련번호코드><도로명지상지하코드>0</도로명지상지하코드><도로명코드>3000023</도로명코드><법정동> 구로동</법정동><법정동본번코드>0103</법정동본번코드><법정동부번코드>0006</법정동부번코드><법정동시군구코드>11530</법정동시군구코드><법정동읍면동코드>10200</법정동읍면동코드><법정동지번코드>1</법정동지번코드><아파트>구로오네뜨시티</아파트><월>12</월><일>19</일><일련번호>11530-4548</일련번호><전용면적>25.07</전용면적><중개사소재지> </중개사소재지><지번>103-6</지번><지역코드>11530</지역코드><층>14</층><해제사유발생일> </해제사유발생일><해제여부> </해제여부></item><item><거래금액>    16,000</거래금액><거래유형>중개거래</거래유형><건축년도>2011</건축년도><년>2022</년><도로명>구로중앙로28다길</도로명><도로명건물본번호코드>00016</도로명건물본번호코드><도로명건물부번호코드>00000</도로명건물부번호코드><도로명시군구코드>11530</도로명시군구코드><도로명일련번호코드>01</도로명일련번호코드><도로명지상지하코드>0</도로명지상지하코드><도로명코드>4148269</도로명코드><법정동> 구로동</법정동><법정동본번코드>0110</법정동본번코드><법정동부번코드>0008</법정동부번코드><법정동시군구코드>11530</법정동시군구코드><법정동읍면동코드>10200</법정동읍면동코드><법정동지번코드>1</법정동지번코드><아파트>하나세인스톤1차</아파트><월>12</월><일>22</일><일련번호>11530-3438</일련번호><전용면적>21.7256</전용면적><중개사소재지>서울 구로구</중개사소재지><지번>110-8</지번><지역코드>11530</지역코드><층>12</층><해제사유발생일> </해제사유발생일><해제여부> </해제여부></item><item><거래금액>    74,000</거래금액><거래유형>중개거래</거래유형><건축년도>2004</건축년도><년>2022</년><도로명>경인로</도로명><도로명건물본번호코드>00343</도로명건물본번호코드><도로명건물부번호코드>00000</도로명건물부번호코드><도로명시군구코드>11530</도로명시군구코드><도로명일련번호코드>03</도로명일련번호코드><도로명지상지하코드>0</도로명지상지하코드><도로명코드>3000028</도로명코드><법정동> 고척동</법정동><법정동본번코드>0336</법정동본번코드><법정동부번코드>0000</법정동부번코드><법정동시군구코드>11530</법정동시군구코드><법정동읍면동코드>10600</법정동읍면동코드><법정동지번코드>1</법정동지번코드><아파트>삼환로즈빌</아파트><월>12</월><일>12</일><일련번호>11530-180</일련번호><전용면적>84.994</전용면적><중개사소재지>서울 구로구</중개사소재지><지번>336</지번><지역코드>11530</지역코드><층>6</층><해제사유발생일> </해제사유발생일><해제여부> </해제여부></item><item><거래금액>    77,000</거래금액><거래유형>중개거래</거래유형><건축년도>2009</건축년도><년>2022</년><도로명>중앙로12길</도로명><도로명건물본번호코드>00007</도로명건물본번호코드><도로명건물부번호코드>00000</도로명건물부번호코드><도로명시군구코드>11530</도로명시군구코드><도로명일련번호코드>01</도로명일련번호코드><도로명지상지하코드>0</도로명지상지하코드><도로명코드>4148458</도로명코드><법정동> 고척동</법정동><법정동본번코드>0340</법정동본번코드><법정동부번코드>0000</법정동부번코드><법정동시군구코드>11530</법정동시군구코드><법정동읍면동코드>10600</법정동읍면동코드><법정동지번코드>1</법정동지번코드><아파트>고척LIG리가1차</아파트><월>12</월><일>14</일><일련번호>11530-3385</일련번호><전용면적>84.91</전용면적><중개사소재지>서울 구로구</중개사소재지><지번>340</지번><지역코드>11530</지역코드><층>1</층><해제사유발생일> </해제사유발생일><해제여부> </해제여부></item><item><거래금액>    64,500</거래금액><거래유형>중개거래</거래유형><건축년도>1997</건축년도><년>2022</년><도로명>남부순환로95길</도로명><도로명건물본번호코드>00088</도로명건물본번호코드><도로명건물부번호코드>00000</도로명건물부번호코드><도로명시군구코드>11530</도로명시군구코드><도로명일련번호코드>01</도로명일련번호코드><도로명지상지하코드>0</도로명지상지하코드><도로명코드>4148300</도로명코드><법정동> 개봉동</법정동><법정동본번코드>0472</법정동본번코드><법정동부번코드>0000</법정동부번코드><법정동시군구코드>11530</법정동시군구코드><법정동읍면동코드>10700</법정동읍면동코드><법정동지번코드>1</법정동지번코드><아파트>두산</아파트><월>12</월><일>7</일><일련번호>11530-77</일련번호><전용면적>111.69</전용면적><중개사소재지>서울 구로구</중개사소재지><지번>472</지번><지역코드>11530</지역코드><층>25</층><해제사유발생일> </해제사유발생일><해제여부> </해제여부></item><item><거래금액>    75,800</거래금액><거래유형>중개거래</거래유형><건축년도>2001</건축년도><년>2022</년><도로명>개봉로20길</도로명><도로명건물본번호코드>00006</도로명건물본번호코드><도로명건물부번호코드>00000</도로명건물부번호코드><도로명시군구코드>11530</도로명시군구코드><도로명일련번호코드>01</도로명일련번호코드><도로명지상지하코드>0</도로명지상지하코드><도로명코드>4148049</도로명코드><법정동> 개봉동</법정동><법정동본번코드>0481</법정동본번코드><법정동부번코드>0000</법정동부번코드><법정동시군구코드>11530</법정동시군구코드><법정동읍면동코드>10700</법정동읍면동코드><법정동지번코드>1</법정동지번코드><아파트>현대</아파트><월>12</월><일>7</일><일련번호>11530-91</일련번호><전용면적>84.99</전용면적><중개사소재지>서울 구로구</중개사소재지><지번>481</지번><지역코드>11530</지역코드><층>23</층><해제사유발생일> </해제사유발생일><해제여부> </해제여부></item><item><거래금액>    54,000</거래금액><거래유형>중개거래</거래유형><건축년도>2001</건축년도><년>2022</년><도로명>개봉로20길</도로명><도로명건물본번호코드>00158</도로명건물본번호코드><도로명건물부번호코드>00000</도로명건물부번호코드><도로명시군구코드>11530</도로명시군구코드><도로명일련번호코드>01</도로명일련번호코드><도로명지상지하코드>0</도로명지상지하코드><도로명코드>4148049</도로명코드><법정동> 개봉동</법정동><법정동본번코드>0480</법정동본번코드><법정동부번코드>0000</법정동부번코드><법정동시군구코드>11530</법정동시군구코드><법정동읍면동코드>10700</법정동읍면동코드><법정동지번코드>1</법정동지번코드><아파트>현대홈타운</아파트><월>12</월><일>9</일><일련번호>11530-92</일련번호><전용면적>59.49</전용면적><중개사소재지>서울 구로구</중개사소재지><지번>480</지번><지역코드>11530</지역코드><층>19</층><해제사유발생일> </해제사유발생일><해제여부> </해제여부></item><item><거래금액>    27,000</거래금액><거래유형>중개거래</거래유형><건축년도>1988</건축년도><년>2022</년><도로명>개봉로15길</도로명><도로명건물본번호코드>00091</도로명건물본번호코드><도로명건물부번호코드>00000</도로명건물부번호코드><도로명시군구코드>11530</도로명시군구코드><도로명일련번호코드>01</도로명일련번호코드><도로명지상지하코드>0</도로명지상지하코드><도로명코드>4148031</도로명코드><법정동> 개봉동</법정동><법정동본번코드>0270</법정동본번코드><법정동부번코드>0080</법정동부번코드><법정동시군구코드>11530</법정동시군구코드><법정동읍면동코드>10700</법정동읍면동코드><법정동지번코드>1</법정동지번코드><아파트>거성</아파트><월>12</월><일>22</일><일련번호>11530-70</일련번호><전용면적>47.52</전용면적><중개사소재지>서울 구로구</중개사소재지><지번>270-80</지번><지역코드>11530</지역코드><층>1</층><해제사유발생일> </해제사유발생일><해제여부> </해제여부></item><item><거래금액>     9,500</거래금액><거래유형>직거래</거래유형><건축년도>2014</건축년도><년>2022</년><도로명>경인로20길</도로명><도로명건물본번호코드>00006</도로명건물본번호코드><도로명건물부번호코드>00000</도로명건물부번호코드><도로명시군구코드>11530</도로명시군구코드><도로명일련번호코드>01</도로명일련번호코드><도로명지상지하코드>0</도로명지상지하코드><도로명코드>4148076</도로명코드><법정동> 오류동</법정동><법정동본번코드>0051</법정동본번코드><법정동부번코드>0031</법정동부번코드><법정동시군구코드>11530</법정동시군구코드><법정동읍면동코드>10800</법정동읍면동코드><법정동지번코드>1</법정동지번코드><아파트>포스시티</아파트><월>12</월><일>2</일><일련번호>11530-3818</일련번호><전용면적>13.69</전용면적><중개사소재지> </중개사소재지><지번>51-31</지번><지역코드>11530</지역코드><층>12</층><해제사유발생일> </해제사유발생일><해제여부> </해제여부></item><item><거래금액>    44,000</거래금액><거래유형>직거래</거래유형><건축년도>1998</건축년도><년>2022</년><도로명>경인로8길</도로명><도로명건물본번호코드>00075</도로명건물본번호코드><도로명건물부번호코드>00000</도로명건물부번호코드><도로명시군구코드>11530</도로명시군구코드><도로명일련번호코드>01</도로명일련번호코드><도로명지상지하코드>0</도로명지상지하코드><도로명코드>4148123</도로명코드><법정동> 오류동</법정동><법정동본번코드>0340</법정동본번코드><법정동부번코드>0000</법정동부번코드><법정동시군구코드>11530</법정동시군구코드><법정동읍면동코드>10800</법정동읍면동코드><법정동지번코드>1</법정동지번코드><아파트>삼천리</아파트><월>12</월><일>3</일><일련번호>11530-105</일련번호><전용면적>59.73</전용면적><중개사소재지> </중개사소재지><지번>340</지번><지역코드>11530</지역코드><층>19</층><해제사유발생일> </해제사유발생일><해제여부> </해제여부></item><item><거래금액>    36,000</거래금액><거래유형>중개거래</거래유형><건축년도>2013</건축년도><년>2022</년><도로명>서해안로</도로명><도로명건물본번호코드>02281</도로명건물본번호코드><도로명건물부번호코드>00000</도로명건물부번호코드><도로명시군구코드>11530</도로명시군구코드><도로명일련번호코드>01</도로명일련번호코드><도로명지상지하코드>0</도로명지상지하코드><도로명코드>3000020</도로명코드><법정동> 오류동</법정동><법정동본번코드>0193</법정동본번코드><법정동부번코드>0016</법정동부번코드><법정동시군구코드>11530</법정동시군구코드><법정동읍면동코드>10800</법정동읍면동코드><법정동지번코드>1</법정동지번코드><아파트>다청림</아파트><월>12</월><일>5</일><일련번호>11530-3725</일련번호><전용면적>56.65</전용면적><중개사소재지>서울 구로구</중개사소재지><지번>193-16</지번><지역코드>11530</지역코드><층>5</층><해제사유발생일> </해제사유발생일><해제여부> </해제여부></item><item><거래금액>     8,000</거래금액><거래유형>중개거래</거래유형><건축년도>2014</건축년도><년>2022</년><도로명>경인로19가길</도로명><도로명건물본번호코드>00040</도로명건물본번호코드><도로명건물부번호코드>00000</도로명건물부번호코드><도로명시군구코드>11530</도로명시군구코드><도로명일련번호코드>00</도로명일련번호코드><도로명코드>4148073</도로명코드><법정동> 오류동</법정동><법정동본번코드>0034</법정동본번코드><법정동부번코드>0013</법정동부번코드><법정동시군구코드>11530</법정동시군구코드><법정동읍면동코드>10800</법정동읍면동코드><법정동지번코드>1</법정동지번코드><아파트>썬앤빌</아파트><월>12</월><일>10</일><일련번호>11530-3799</일련번호><전용면적>14.064</전용면적><중개사소재지>서울 구로구</중개사소재지><지번>34-13</지번><지역코드>11530</지역코드><층>10</층><해제사유발생일> </해제사유발생일><해제여부> </해제여부></item><item><거래금액>    48,700</거래금액><거래유형>중개거래</거래유형><건축년도>1998</건축년도><년>2022</년><도로명>경인로</도로명><도로명건물본번호코드>00248</도로명건물본번호코드><도로명건물부번호코드>00014</도로명건물부번호코드><도로명시군구코드>11530</도로명시군구코드><도로명일련번호코드>05</도로명일련번호코드><도로명지상지하코드>0</도로명지상지하코드><도로명코드>3000028</도로명코드><법정동> 오류동</법정동><법정동본번코드>0336</법정동본번코드><법정동부번코드>0000</법정동부번코드><법정동시군구코드>11530</법정동시군구코드><법정동읍면동코드>10800</법정동읍면동코드><법정동지번코드>1</법정동지번코드><아파트>동부(101동~103동)</아파트><월>12</월><일>28</일><일련번호>11530-142</일련번호><전용면적>59.98</전용면적><중개사소재지>서울 구로구</중개사소재지><지번>336</지번><지역코드>11530</지역코드><층>3</층><해제사유발생일> </해제사유발생일><해제여부> </해제여부></item><item><거래금액>    81,000</거래금액><거래유형>중개거래</거래유형><건축년도>2020</건축년도><년>2022</년><도로명>항동로</도로명><도로명건물본번호코드>00008</도로명건물본번호코드><도로명건물부번호코드>00000</도로명건물부번호코드><도로명시군구코드>11530</도로명시군구코드><도로명일련번호코드>00</도로명일련번호코드><도로명지상지하코드>0</도로명지상지하코드><도로명코드>3352227</도로명코드><법정동> 항동</법정동><법정동본번코드>0244</법정동본번코드><법정동부번코드>0000</법정동부번코드><법정동시군구코드>11530</법정동시군구코드><법정동읍면동코드>11200</법정동읍면동코드><법정동지번코드>1</법정동지번코드><아파트>우남퍼스트빌더센트럴</아파트><월>12</월><일>17</일><일련번호>11530-4424</일련번호><전용면적>84.9149</전용면적><중개사소재지>서울 구로구</중개사소재지><지번>244</지번><지역코드>11530</지역코드><층>10</층><해제사유발생일> </해제사유발생일><해제여부> </해제여부></item></items><numOfRows>999</numOfRows><pageNo>1</pageNo><totalCount>27</totalCount></body></response>