<?xml version="1.0" encoding="UTF-8" standalone="yes"?><response><header><resultCode>00</resultCode><resultMsg>NORMAL SERVICE.</resultMsg></header><body><items><item><거래금액>   105,000</거래금액><거래유형>중개거래</거래유형><건축년도>2000</건축년도><년>2023</년><도로명>신도림로</도로명><도로명건물본번호코드>00078</도로명건물본번호코드><도로명건물부번호코드>00000</도로명건물부번호코드><도로명시군구코드>11530</도로명시군구코드><도로명일련번호코드>01</도로명일련번호코드><도로명지상지하코드>0</도로명지상지하코드><도로명코드>3116008</도로명코드><법정동> 신도림동</법정동><법정동본번코드>0645</법정동본번코드><법정동부번코드>0000</법정동부번코드><법정동시군구코드>11530</법정동시군구코드><법정동읍면동코드>10100</법정동읍면동코드><법정동지번코드>1</법정동지번코드><아파트>동아3</아파트><월>1</월><일>7</일><일련번호>11530-132</일련번호><전용면적>84.99</전용면적><중개사소재지>서울 구로구</중개사소재지><지번>645</지번><지역코드>11530</지역코드><층>16</층><해제사유발생일> </해제사유발생일><해제여부> </해제여부></item><item><거래금액>    83,500</거래금액><거래유형>중개거래</거래유형><건축년도>2007</건축년도><년>2023</년><도로명>경인로</도로명><도로명건물본번호코드>00619</도로명건물본번호코드><도로명건물부번호코드>00003</도로명건물부번호코드><도로명시군구코드>11530</도로명시군구코드><도로명일련번호코드>01</도로명일련번호코드><도로명지상지하코드>0</도로명지상지하코드><도로명코드>3000028</도로명코드><법정동> 신도림동</법정동><법정동본번코드>0435</법정동본번코드><법정동부번코드>0010</법정동부번코드><법정동시군구코드>11530</법정동시군구코드><법정동읍면동코드>10100</법정동읍면동코드><법정동지번코드>1</법정동지번코드><아파트>신도림3차푸르지오</아파트><월>1</월><일>18</일><일련번호>11530-3291</일련번호><전용면적>82.8</전용면적><중개사소재지>서울 구로구</중개사소재지><지번>435-10</지번><지역코드>11530</지역코드><층>13</층><해제사유발생일> </해제사유발생일><해제여부> </해제여부></item><item><거래금액>   104,500</거래금액><거래유형>중개거래</거래유형><건축년도>1999</건축년도><년>2023</년><도로명>신도림로</도로명><도로명건물본번호코드>00087</도로명건물본번호코드><도로명건물부번호코드>00000</도로명건물부번호코드><도로명시군구코드>11530</도로명시군구코드><도로명일련번호코드>01</도로명일련번호코드><도로명지상지하코드>0</도로명지상지하코드><도로명코드>3116008</도로명코드><법정동> 신도림동</법정동><법정동본번코드>0643</법정동본번코드><법정동부번코드>0000</법정동부번코드><법정동시군구코드>11530</법정동시군구코드><법정동읍면동코드>10100</법정동읍면동코드><법정동지번코드>1</법정동지번코드><아파트>동아1</아파트><월>1</월><일>29</일><일련번호>11530-130</일련번호><전용면적>84.908</전용면적><중개사소재지>서울 구로구</중개사소재지><지번>643</지번><지역코드>11530</지역코드><층>25</층><해제사유발생일> </해제사유발생일><해제여부> </해제여부></item><item><거래금액>    57,000</거래금액><거래유형>중개거래</거래유형><건축년도>1987</건축년도><년>2023</년><도로명>구일로4길</도로명><도로명건물본번호코드>00022</도로명건물본번호코드><도로명건물부번호코드>00000</도로명건물부번호코드><도로명시군구코드>11530</도로명시군구코드><도로명일련번호코드>01</도로명일련번호코드><도로명지상지하코드>0</도로명지상지하코드><도로명코드>4148291</도로명코드><법정동> 구로동</법정동><법정동본번코드>0685</법정동본번코드><법정동부번코드>0223</법정동부번코드><법정동시군구코드>11530</법정동시군구코드><법정동읍면동코드>10200</법정동읍면동코드><법정동지번코드>1</법정동지번코드><아파트>주공2</아파트><월>1</월><일>3</일><일련번호>11530-137</일련번호><전용면적>47.34</전용면적><중개사소재지>서울 영등포구</중개사소재지><지번>685-223</지번><지역코드>11530</지역코드><층>3</층><해제사유발생일>23.01.30</해제사유발생일><해제여부>O</해제여부></item><item><거래금액>    11,600</거래금액><거래유형>직거래</거래유형><건축년도>2012</건축년도><년>2023</년><도로명>공원로6길</도로명><도로명건물본번호코드>00025</도로명건물본번호코드><도로명건물부번호코드>00000</도로명건물부번호코드><도로명시군구코드>11530</도로명시군구코드><도로명일련번호코드>01</도로명일련번호코드><도로명지상지하코드>0</도로명지상지하코드><도로명코드>4148192</도로명코드><법정동> 구로동</법정동><법정동본번코드>0044</법정동본번코드><법정동부번코드>0005</법정동부번코드><법정동시군구코드>11530</법정동시군구코드><법정동읍면동코드>10200</법정동읍면동코드><법정동지번코드>1</법정동지번코드><아파트>비즈트위트레인보우</아파트><월>1</월><일>3</일><일련번호>11530-3601</일련번호><전용면적>15.92</전용면적><중개사소재지> </중개사소재지><지번>44-5</지번><지역코드>11530</지역코드><층>4</층><해제사유발생일> </해제사유발생일><해제여부> </해제여부></item><item><거래금액>    63,000</거래금액><거래유형>중개거래</거래유형><건축년도>2003</건축년도><년>2023</년><도로명>시흥대로161길</도로명><도로명건물본번호코드>00050</도로명건물본번호코드><도로명건물부번호코드>00000</도로명건물부번호코드><도로명시군구코드>11530</도로명시군구코드><도로명일련번호코드>01</도로명일련번호코드><도로명지상지하코드>0</도로명지상지하코드><도로명코드>4148389</도로명코드><법정동> 구로동</법정동><법정동본번코드>1274</법정동본번코드><법정동부번코드>0000</법정동부번코드><법정동시군구코드>11530</법정동시군구코드><법정동읍면동코드>10200</법정동읍면동코드><법정동지번코드>1</법정동지번코드><아파트>신성미소지움</아파트><월>1</월><일>3</일><일련번호>11530-146</일련번호><전용면적>84.23</전용면적><중개사소재지>서울 동작구</중개사소재지><지번>1274</지번><지역코드>11530</지역코드><층>5</층><해제사유발생일> </해제사유발생일><해제여부> </해제여부></item><item><거래금액>    57,000</거래금액><거래유형>중개거래</거래유형><건축년도>1987</건축년도><년>2023</년><도로명>구일로4길</도로명><도로명건물본번호코드>00022</도로명건물본번호코드><도로명건물부번호코드>00000</도로명건물부번호코드><도로명시군구코드>11530</도로명시군구코드><도로명일련번호코드>01</도로명일련번호코드><도로명지상지하코드>0</도로명지상지하코드><도로명코드>4148291</도로명코드><법정동> 구로동</법정동><법정동본번코드>0685</법정동본번코드><법정동부번코드>0223</법정동부번코드><법정동시군구코드>11530</법정동시군구코드><법정동읍면동코드>10200</법정동읍면동코드><법정동지번코드>1</법정동지번코드><아파트>주공2</아파트><월>1</월><일>3</일><일련번호>11530-137</일련번호><전용면적>47.34</전용면적><중개사소재지>서울 강남구, 서울 영등포구</중개사소재지><지번>685-223</지번><지역코드>11530</지역코드><층>3</층><해제사유발생일> </해제사유발생일><해제여부> </해제여부></item><item><거래금액>    70,000</거래금액><거래유형>직거래</거래유형><건축년도>2006</건축년도><년>2023</년><도로명>가마산로</도로명><도로명건물본번호코드>00087</도로명건물본번호코드><도로명건물부번호코드>00000</도로명건물부번호코드><도로명시군구코드>11530</도로명시군구코드><도로명일련번호코드>01</도로명일련번호코드><도로명지상지하코드>0</도로명지상지하코드><도로명코드>3000023</도로명코드><법정동> 구로동</법정동><법정동본번코드>1281</법정동본번코드><법정동부번코드>0000</법정동부번코드><법정동시군구코드>11530</법정동시군구코드><법정동읍면동코드>10200</법정동읍면동코드><법정동지번코드>1</법정동지번코드><아파트>한일유앤아이</아파트><월>1</월><일>5</일><일련번호>11530-3214</일련번호><전용면적>84.962</전용면적><중개사소재지> </중개사소재지><지번>1281</지번><지역코드>11530</지역코드><층>13</층><해제사유발생일> </해제사유발생일><해제여부> </해제여부></item><item><거래금액>    13,500</거래금액><거래유형>중개거래</거래유형><건축년도>2011</건축년도><년>2023</년><도로명>가마산로</도로명><도로명건물본번호코드>00284</도로명건물본번호코드><도로명건물부번호코드>00000</도로명건물부번호코드><도로명시군구코드>11530</도로명시군구코드><도로명일련번호코드>01</도로명일련번호코드><도로명지상지하코드>0</도로명지상지하코드><도로명코드>3000023</도로명코드><법정동> 구로동</법정동><법정동본번코드>0097</법정동본번코드><법정동부번코드>0004</법정동부번코드><법정동시군구코드>11530</법정동시군구코드><법정동읍면동코드>10200</법정동읍면동코드><법정동지번코드>1</법정동지번코드><아파트>하나세인스톤2차</아파트><월>1</월><일>6</일><일련번호>11530-3536</일련번호><전용면적>19.33</전용면적><중개사소재지>서울 구로구</중개사소재지><지번>97-4</지번><지역코드>11530</지역코드><층>11</층><해제사유발생일> </해제사유발생일><해제여부> </해제여부></item><item><거래금액>    65,000</거래금액><거래유형>중개거래</거래유형><건축년도>2006</건축년도><년>2023</년><도로명>새말로</도로명><도로명건물본번호코드>00025</도로명건물본번호코드><도로명건물부번호코드>00000</도로명건물부번호코드><도로명시군구코드>11530</도로명시군구코드><도로명일련번호코드>02</도로명일련번호코드><도로명지상지하코드>0</도로명지상지하코드><도로명코드>3116007</도로명코드><법정동> 구로동</법정동><법정동본번코드>0567</법정동본번코드><법정동부번코드>0004</법정동부번코드><법정동시군구코드>11530</법정동시군구코드><법정동읍면동코드>10200</법정동읍면동코드><법정동지번코드>1</법정동지번코드><아파트>구로에스케이뷰</아파트><월>1</월><일>9</일><일련번호>11530-3229</일련번호><전용면적>84.945</전용면적><중개사소재지>서울 구로구</중개사소재지><지번>567-4</지번><지역코드>11530</지역코드><층>12</층><해제사유발생일> </해제사유발생일><해제여부> </해제여부></item><item><거래금액>    49,500</거래금액><거래유형>중개거래</거래유형><건축년도>1998</건축년도><년>2023</년><도로명>도림로</도로명><도로명건물본번호코드>00059</도로명건물본번호코드><도로명건물부번호코드>00000</도로명건물부번호코드><도로명시군구코드>11530</도로명시군구코드><도로명일련번호코드>01</도로명일련번호코드><도로명지상지하코드>0</도로명지상지하코드><도로명코드>3116010</도로명코드><법정동> 구로동</법정동><법정동본번코드>1265</법정동본번코드><법정동부번코드>0000</법정동부번코드><법정동시군구코드>11530</법정동시군구코드><법정동읍면동코드>10200</법정동읍면동코드><법정동지번코드>1</법정동지번코드><아파트>구로두산</아파트><월>1</월><일>10</일><일련번호>11530-9</일련번호><전용면적>51.84</전용면적><중개사소재지>서울 구로구</중개사소재지><지번>1265</지번><지역코드>11530</지역코드><층>3</층><해제사유발생일> </해제사유발생일><해제여부> </해제여부></item><item><거래금액>    16,000</거래금액><거래유형>중개거래</거래유형><건축년도>1996</건축년도><년>2023</년><도로명>구로동로20길</도로명><도로명건물본번호코드>00046</도로명건물본번호코드><도로명건물부번호코드>00002</도로명건물부번호코드><도로명시군구코드>11530</도로명시군구코드><도로명일련번호코드>01</도로명일련번호코드><도로명지상지하코드>0</도로명지상지하코드><도로명코드>4148207</도로명코드><법정동> 구로동</법정동><법정동본번코드>0744</법정동본번코드><법정동부번코드>0021</법정동부번코드><법정동시군구코드>11530</법정동시군구코드><법정동읍면동코드>10200</법정동읍면동코드><법정동지번코드>1</법정동지번코드><아파트>(744-21)</아파트><월>1</월><일>10</일><일련번호>11530-357</일련번호><전용면적>33.8</전용면적><중개사소재지>서울 구로구</중개사소재지><지번>744-21</지번><지역코드>11530</지역코드><층>2</층><해제사유발생일> </해제사유발생일><해제여부> </해제여부></item><item><거래금액>    90,000</거래금액><거래유형>중개거래</거래유형><건축년도>2000</건축년도><년>2023</년><도로명>새말로</도로명><도로명건물본번호코드>00093</도로명건물본번호코드><도로명건물부번호코드>00000</도로명건물부번호코드><도로명시군구코드>11530</도로명시군구코드><도로명일련번호코드>02</도로명일련번호코드><도로명지상지하코드>0</도로명지상지하코드><도로명코드>3116007</도로명코드><법정동> 구로동</법정동><법정동본번코드>1267</법정동본번코드><법정동부번코드>0000</법정동부번코드><법정동시군구코드>11530</법정동시군구코드><법정동읍면동코드>10200</법정동읍면동코드><법정동지번코드>1</법정동지번코드><아파트>신도림태영타운</아파트><월>1</월><일>10</일><일련번호>11530-17</일련번호><전용면적>84.87</전용면적><중개사소재지>서울 구로구</중개사소재지><지번>1267</지번><지역코드>11530</지역코드><층>4</층><해제사유발생일> </해제사유발생일><해제여부> </해제여부></item><item><거래금액>    84,000</거래금액><거래유형>중개거래</거래유형><건축년도>1999</건축년도><년>2023</년><도로명>구일로10길</도로명><도로명건물본번호코드>00049</도로명건물본번호코드><도로명건물부번호코드>00000</도로명건물부번호코드><도로명시군구코드>11530</도로명시군구코드><도로명일련번호코드>01</도로명일련번호코드><도로명지상지하코드>0</도로명지상지하코드><도로명코드>4148289</도로명코드><법정동> 구로동</법정동><법정동본번코드>0685</법정동본번코드><법정동부번코드>0154</법정동부번코드><법정동시군구코드>11530</법정동시군구코드><법정동읍면동코드>10200</법정동읍면동코드><법정동지번코드>1</법정동지번코드><아파트>다원그린빌</아파트><월>1</월><일>13</일><일련번호>11530-5</일련번호><전용면적>114.84</전용면적><중개사소재지>서울 구로구</중개사소재지><지번>685-154</지번><지역코드>11530</지역코드><층>8</층><해제사유발생일> </해제사유발생일><해제여부> </해제여부></item><item><거래금액>    28,000</거래금액><거래유형>중개거래</거래유형><건축년도>1995</건축년도><년>2023</년><도로명>구로동로20길</도로명><도로명건물본번호코드>00046</도로명건물본번호코드><도로명건물부번호코드>00006</도로명건물부번호코드><도로명시군구코드>11530</도로명시군구코드><도로명일련번호코드>01</도로명일련번호코드><도로명지상지하코드>0</도로명지상지하코드><도로명코드>4148207</도로명코드><법정동> 구로동</법정동><법정동본번코드>0744</법정동본번코드><법정동부번코드>0016</법정동부번코드><법정동시군구코드>11530</법정동시군구코드><법정동읍면동코드>10200</법정동읍면동코드><법정동지번코드>1</법정동지번코드><아파트>(744-16)</아파트><월>1</월><일>13</일><일련번호>11530-354</일련번호><전용면적>57.81</전용면적><중개사소재지>서울 구로구</중개사소재지><지번>744-16</지번><지역코드>11530</지역코드><층>3</층><해제사유발생일> </해제사유발생일><해제여부> </해제여부></item><item><거래금액>    71,000</거래금액><거래유형>중개거래</거래유형><건축년도>1986</건축년도><년>2023</년><도로명>구일로4길</도로명><도로명건물본번호코드>00065</도로명건물본번호코드><도로명건물부번호코드>00000</도로명건물부번호코드><도로명시군구코드>11530</도로명시군구코드><도로명일련번호코드>01</도로명일련번호코드><도로명지상지하코드>0</도로명지상지하코드><도로명코드>4148291</도로명코드><법정동> 구로동</법정동><법정동본번코드>0685</법정동본번코드><법정동부번코드>0222</법정동부번코드><법정동시군구코드>11530</법정동시군구코드><법정동읍면동코드>10200</법정동읍면동코드><법정동지번코드>1</법정동지번코드><아파트>주공1</아파트><월>1</월><일>13</일><일련번호>11530-29</일련번호><전용면적>73.08</전용면적><중개사소재지>서울 구로구</중개사소재지><지번>685-222</지번><지역코드>11530</지역코드><층>9</층><해제사유발생일> </해제사유발생일><해제여부> </해제여부></item><item><거래금액>    40,500</거래금액><거래유형>중개거래</거래유형><건축년도>1998</건축년도><년>2023</년><도로명>도림로</도로명><도로명건물본번호코드>00059</도로명건물본번호코드><도로명건물부번호코드>00000</도로명건물부번호코드><도로명시군구코드>11530</도로명시군구코드><도로명일련번호코드>01</도로명일련번호코드><도로명지상지하코드>0</도로명지상지하코드><도로명코드>3116010</도로명코드><법정동> 구로동</법정동><법정동본번코드>1265</법정동본번코드><법정동부번코드>0000</법정동부번코드><법정동시군구코드>11530</법정동시군구코드><법정동읍면동코드>10200</법정동읍면동코드><법정동지번코드>1</법정동지번코드><아파트>구로두산</아파트><월>1</월><일>16</일><일련번호>11530-9</일련번호><전용면적>44.64</전용면적><중개사소재지>서울 구로구</중개사소재지><지번>1265</지번><지역코드>11530</지역코드><층>12</층><해제사유발생일> </해제사유발생일><해제여부> </해제여부></item><item><거래금액>    39,500</거래금액><거래유형>중개거래</거래유형><건축년도>1998</건축년도><년>2023</년><도로명>도림로</도로명><도로명건물본번호코드>00059</도로명건물본번호코드><도로명건물부번호코드>00000</도로명건물부번호코드><도로명시군구코드>11530</도로명시군구코드><도로명일련번호코드>01</도로명일련번호코드><도로명지상지하코드>0</도로명지상지하코드><도로명코드>3116010</도로명코드><법정동> 구로동</법정동><법정동본번코드>1265</법정동본번코드><법정동부번코드>0000</법정동부번코드><법정동시군구코드>11530</법정동시군구코드><법정동읍면동코드>10200</법정동읍면동코드><법정동지번코드>1</법정동지번코드><아파트>구로두산</아파트><월>1</월><일>17</일><일련번호>11530-9</일련번호><전용면적>44.64</전용면적><중개사소재지>서울 구로구</중개사소재지><지번>1265</지번><지역코드>11530</지역코드><층>21</층><해제사유발생일> </해제사유발생일><해제여부> </해제여부></item><item><거래금액>    11,400</거래금액><거래유형>중개거래</거래유형><건축년도>2015</건축년도><년>2023</년><도로명>공원로</도로명><도로명건물본번호코드>00011</도로명건물본번호코드><도로명건물부번호코드>00000</도로명건물부번호코드><도로명시군구코드>11530</도로명시군구코드><도로명일련번호코드>01</도로명일련번호코드><도로명코드>3116004</도로명코드><법정동> 구로동</법정동><법정동본번코드>0106</법정동본번코드><법정동부번코드>0002</법정동부번코드><법정동시군구코드>11530</법정동시군구코드><법정동읍면동코드>10200</법정동읍면동코드><법정동지번코드>1</법정동지번코드><아파트>대림역포스큐</아파트><월>1</월><일>17</일><일련번호>11530-3957</일련번호><전용면적>14.579</전용면적><중개사소재지>서울 구로구</중개사소재지><지번>106-2</지번><지역코드>11530</지역코드><층>17</층><해제사유발생일> </해제사유발생일><해제여부> </해제여부></item><item><거래금액>    53,500</거래금액><거래유형>중개거래</거래유형><건축년도>2003</건축년도><년>2023</년><도로명>시흥대로161길</도로명><도로명건물본번호코드>00050</도로명건물본번호코드><도로명건물부번호코드>00000</도로명건물부번호코드><도로명시군구코드>11530</도로명시군구코드><도로명일련번호코드>01</도로명일련번호코드><도로명지상지하코드>0</도로명지상지하코드><도로명코드>4148389</도로명코드><법정동> 구로동</법정동><법정동본번코드>1274</법정동본번코드><법정동부번코드>0000</법정동부번코드><법정동시군구코드>11530</법정동시군구코드><법정동읍면동코드>10200</법정동읍면동코드><법정동지번코드>1</법정동지번코드><아파트>신성미소지움</아파트><월>1</월><일>18</일><일련번호>11530-146</일련번호><전용면적>71.04</전용면적><중개사소재지>서울 금천구</중개사소재지><지번>1274</지번><지역코드>11530</지역코드><층>5</층><해제사유발생일> </해제사유발생일><해제여부> </해제여부></item><item><거래금액>    49,500</거래금액><거래유형>중개거래</거래유형><건축년도>1987</건축년도><년>2023</년><도로명>구일로4길</도로명><도로명건물본번호코드>00022</도로명건물본번호코드><도로명건물부번호코드>00000</도로명건물부번호코드><도로명시군구코드>11530</도로명시군구코드><도로명일련번호코드>01</도로명일련번호코드><도로명지상지하코드>0</도로명지상지하코드><도로명코드>4148291</도로명코드><법정동> 구로동</법정동><법정동본번코드>0685</법정동본번코드><법정동부번코드>0223</법정동부번코드><법정동시군구코드>11530</법정동시군구코드><법정동읍면동코드>10200</법정동읍면동코드><법정동지번코드>1</법정동지번코드><아파트>주공2</아파트><월>1</월><일>19</일><일련번호>11530-137</일련번호><전용면적>32.39</전용면적><중개사소재지>서울 구로구</중개사소재지><지번>685-223</지번><지역코드>11530</지역코드><층>10</층><해제사유발생일> </해제사유발생일><해제여부> </해제여부></item><item><거래금액>    43,500</거래금액><거래유형>중개거래</거래유형><건축년도>1998</건축년도><년>2023</년><도로명>도림로</도로명><도로명건물본번호코드>00059</도로명건물본번호코드><도로명건물부번호코드>00000</도로명건물부번호코드><도로명시군구코드>11530</도로명시군구코드><도로명일련번호코드>01</도로명일련번호코드><도로명지상지하코드>0</도로명지상지하코드><도로명코드>3116010</도로명코드><법정동> 구로동</법정동><법정동본번코드>1265</법정동본번코드><법정동부번코드>0000</법정동부번코드><법정동시군구코드>11530</법정동시군구코드><법정동읍면동코드>10200</법정동읍면동코드><법정동지번코드>1</법정동지번코드><아파트>구로두산</아파트><월>1</월><일>26</일><일련번호>11530-9</일련번호><전용면적>44.64</전용면적><중개사소재지>서울 구로구</중개사소재지><지번>1265</지번><지역코드>11530</지역코드><층>21</층><해제사유발생일> </해제사유발생일><해제여부> </해제여부></item><item><거래금액>    21,000</거래금액><거래유형>중개거래</거래유형><건축년도>2002</건축년도><년>2023</년><도로명>가마산로</도로명><도로명건물본번호코드>00283</도로명건물본번호코드><도로명건물부번호코드>00000</도로명건물부번호코드><도로명시군구코드>11530</도로명시군구코드><도로명일련번호코드>01</도로명일련번호코드><도로명지상지하코드>0</도로명지상지하코드><도로명코드>3000023</도로명코드><법정동> 구로동</법정동><법정동본번코드>0104</법정동본번코드><법정동부번코드>0009</법정동부번코드><법정동시군구코드>11530</법정동시군구코드><법정동읍면동코드>10200</법정동읍면동코드><법정동지번코드>1</법정동지번코드><아파트>성호메이플라워멤버스빌</아파트><월>1</월><일>26</일><일련번호>11530-43</일련번호><전용면적>41.4</전용면적><중개사소재지>서울 구로구</중개사소재지><지번>104-9</지번><지역코드>11530</지역코드><층>14</층><해제사유발생일> </해제사유발생일><해제여부> </해제여부></item><item><거래금액>    75,000</거래금액><거래유형>중개거래</거래유형><건축년도>2000</건축년도><년>2023</년><도로명>새말로</도로명><도로명건물본번호코드>00093</도로명건물본번호코드><도로명건물부번호코드>00000</도로명건물부번호코드><도로명시군구코드>11530</도로명시군구코드><도로명일련번호코드>02</도로명일련번호코드><도로명지상지하코드>0</도로명지상지하코드><도로명코드>3116007</도로명코드><법정동> 구로동</법정동><법정동본번코드>1267</법정동본번코드><법정동부번코드>0000</법정동부번코드><법정동시군구코드>11530</법정동시군구코드><법정동읍면동코드>10200</법정동읍면동코드><법정동지번코드>1</법정동지번코드><아파트>신도림태영타운</아파트><월>1</월><일>27</일><일련번호>11530-17</일련번호><전용면적>59.88</전용면적><중개사소재지>서울 구로구</중개사소재지><지번>1267</지번><지역코드>11530</지역코드><층>22</층><해제사유발생일> </해제사유발생일><해제여부> </해제여부></item><item><거래금액>    53,500</거래금액><거래유형>중개거래</거래유형><건축년도>2006</건축년도><년>2023</년><도로명>가마산로</도로명><도로명건물본번호코드>00087</도로명건물본번호코드><도로명건물부번호코드>00000</도로명건물부번호코드><도로명시군구코드>11530</도로명시군구코드><도로명일련번호코드>01</도로명일련번호코드><도로명지상지하코드>0</도로명지상지하코드><도로명코드>3000023</도로명코드><법정동> 구로동</법정동><법정동본번코드>1281</법정동본번코드><법정동부번코드>0000</법정동부번코드><법정동시군구코드>11530</법정동시군구코드><법정동읍면동코드>10200</법정동읍면동코드><법정동지번코드>1</법정동지번코드><아파트>한일유앤아이</아파트><월>1</월><일>28</일><일련번호>11530-3214</일련번호><전용면적>84.962</전용면적><중개사소재지>서울 강남구, 서울 영등포구</중개사소재지><지번>1281</지번><지역코드>11530</지역코드><층>1</층><해제사유발생일> </해제사유발생일><해제여부> </해제여부></item><item><거래금액>    42,700</거래금액><거래유형>중개거래</거래유형><건축년도>1998</건축년도><년>2023</년><도로명>도림로</도로명><도로명건물본번호코드>00059</도로명건물본번호코드><도로명건물부번호코드>00000</도로명건물부번호코드><도로명시군구코드>11530</도로명시군구코드><도로명일련번호코드>01</도로명일련번호코드><도로명지상지하코드>0</도로명지상지하코드><도로명코드>3116010</도로명코드><법정동> 구로동</법정동><법정동본번코드>1265</법정동본번코드><법정동부번코드>0000</법정동부번코드><법정동시군구코드>11530</법정동시군구코드><법정동읍면동코드>10200</법정동읍면동코드><법정동지번코드>1</법정동지번코드><아파트>구로두산</아파트><월>1</월><일>29</일><일련번호>11530-9</일련번호><전용면적>44.64</전용면적><중개사소재지>서울 구로구</중개사소재지><지번>1265</지번><지역코드>11530</지역코드><층>3</층><해제사유발생일> </해제사유발생일><해제여부> </해제여부></item><item><거래금액>    12,000</거래금액><거래유형>중개거래</거래유형><건축년도>2014</건축년도><년>2023</년><도로명>가마산로26길</도로명><도로명건물본번호코드>00005</도로명건물본번호코드><도로명건물부번호코드>00000</도로명건물부번호코드><도로명시군구코드>11530</도로명시군구코드><도로명일련번호코드>01</도로명일련번호코드><도로명지상지하코드>0</도로명지상지하코드><도로명코드>4148017</도로명코드><법정동> 구로동</법정동><법정동본번코드>0097</법정동본번코드><법정동부번코드>0000</법정동부번코드><법정동시군구코드>11530</법정동시군구코드><법정동읍면동코드>10200</법정동읍면동코드><법정동지번코드>1</법정동지번코드><아파트>로제리움2차</아파트><월>1</월><일>31</일><일련번호>11530-3762</일련번호><전용면적>14.91</전용면적><중개사소재지>서울 구로구</중개사소재지><지번>97</지번><지역코드>11530</지역코드><층>20</층><해제사유발생일> </해제사유발생일><해제여부> </해제여부></item><item><거래금액>    78,000</거래금액><거래유형>중개거래</거래유형><건축년도>1999</건축년도><년>2023</년><도로명>중앙로6길</도로명><도로명건물본번호코드>00005</도로명건물본번호코드><도로명건물부번호코드>00015</도로명건물부번호코드><도로명시군구코드>11530</도로명시군구코드><도로명일련번호코드>01</도로명일련번호코드><도로명지상지하코드>0</도로명지상지하코드><도로명코드>4148468</도로명코드><법정동> 고척동</법정동><법정동본번코드>0326</법정동본번코드><법정동부번코드>0000</법정동부번코드><법정동시군구코드>11530</법정동시군구코드><법정동읍면동코드>10600</법정동읍면동코드><법정동지번코드>1</법정동지번코드><아파트>청구</아파트><월>1</월><일>13</일><일련번호>11530-63</일련번호><전용면적>84.87</전용면적><중개사소재지>서울 구로구</중개사소재지><지번>326</지번><지역코드>11530</지역코드><층>13</층><해제사유발생일> </해제사유발생일><해제여부> </해제여부></item><item><거래금액>    50,000</거래금액><거래유형>중개거래</거래유형><건축년도>1985</건축년도><년>2023</년><도로명>중앙로5길</도로명><도로명건물본번호코드>00024</도로명건물본번호코드><도로명건물부번호코드>00000</도로명건물부번호코드><도로명시군구코드>11530</도로명시군구코드><도로명일련번호코드>01</도로명일련번호코드><도로명지상지하코드>0</도로명지상지하코드><도로명코드>4148467</도로명코드><법정동> 고척동</법정동><법정동본번코드>0052</법정동본번코드><법정동부번코드>0332</법정동부번코드><법정동시군구코드>11530</법정동시군구코드><법정동읍면동코드>10600</법정동읍면동코드><법정동지번코드>1</법정동지번코드><아파트>한효</아파트><월>1</월><일>18</일><일련번호>11530-67</일련번호><전용면적>69.87</전용면적><중개사소재지>서울 구로구</중개사소재지><지번>52-332</지번><지역코드>11530</지역코드><층>10</층><해제사유발생일> </해제사유발생일><해제여부> </해제여부></item><item><거래금액>    51,000</거래금액><거래유형>중개거래</거래유형><건축년도>1999</건축년도><년>2023</년><도로명>고척로52길</도로명><도로명건물본번호코드>00048</도로명건물본번호코드><도로명건물부번호코드>00000</도로명건물부번호코드><도로명시군구코드>11530</도로명시군구코드><도로명일련번호코드>01</도로명일련번호코드><도로명지상지하코드>0</도로명지상지하코드><도로명코드>4148179</도로명코드><법정동> 고척동</법정동><법정동본번코드>0296</법정동본번코드><법정동부번코드>0000</법정동부번코드><법정동시군구코드>11530</법정동시군구코드><법정동읍면동코드>10600</법정동읍면동코드><법정동지번코드>1</법정동지번코드><아파트>대우</아파트><월>1</월><일>20</일><일련번호>11530-51</일련번호><전용면적>59.97</전용면적><중개사소재지>서울 구로구</중개사소재지><지번>296</지번><지역코드>11530</지역코드><층>17</층><해제사유발생일> </해제사유발생일><해제여부> </해제여부></item><item><거래금액>    73,000</거래금액><거래유형>중개거래</거래유형><건축년도>2004</건축년도><년>2023</년><도로명>경인로</도로명><도로명건물본번호코드>00343</도로명건물본번호코드><도로명건물부번호코드>00000</도로명건물부번호코드><도로명시군구코드>11530</도로명시군구코드><도로명일련번호코드>03</도로명일련번호코드><도로명지상지하코드>0</도로명지상지하코드><도로명코드>3000028</도로명코드><법정동> 고척동</법정동><법정동본번코드>0336</법정동본번코드><법정동부번코드>0000</법정동부번코드><법정동시군구코드>11530</법정동시군구코드><법정동읍면동코드>10600</법정동읍면동코드><법정동지번코드>1</법정동지번코드><아파트>삼환로즈빌</아파트><월>1</월><일>25</일><일련번호>11530-180</일련번호><전용면적>84.994</전용면적><중개사소재지>서울 구로구</중개사소재지><지번>336</지번><지역코드>11530</지역코드><층>3</층><해제사유발생일> </해제사유발생일><해제여부> </해제여부></item><item><거래금액>    60,000</거래금액><거래유형>중개거래</거래유형><건축년도>1993</건축년도><년>2023</년><도로명>고척로</도로명><도로명건물본번호코드>00085</도로명건물본번호코드><도로명건물부번호코드>00000</도로명건물부번호코드><도로명시군구코드>11530</도로명시군구코드><도로명일련번호코드>02</도로명일련번호코드><도로명지상지하코드>0</도로명지상지하코드><도로명코드>3116003</도로명코드><법정동> 개봉동</법정동><법정동본번코드>0060</법정동본번코드><법정동부번코드>0101</법정동부번코드><법정동시군구코드>11530</법정동시군구코드><법정동읍면동코드>10700</법정동읍면동코드><법정동지번코드>1</법정동지번코드><아파트>거성푸르뫼</아파트><월>1</월><일>6</일><일련번호>11530-71</일련번호><전용면적>132.68</전용면적><중개사소재지>서울 구로구</중개사소재지><지번>60-101</지번><지역코드>11530</지역코드><층>15</층><해제사유발생일> </해제사유발생일><해제여부> </해제여부></item><item><거래금액>    71,000</거래금액><거래유형>중개거래</거래유형><건축년도>2001</건축년도><년>2023</년><도로명>개봉로20길</도로명><도로명건물본번호코드>00006</도로명건물본번호코드><도로명건물부번호코드>00000</도로명건물부번호코드><도로명시군구코드>11530</도로명시군구코드><도로명일련번호코드>01</도로명일련번호코드><도로명지상지하코드>0</도로명지상지하코드><도로명코드>4148049</도로명코드><법정동> 개봉동</법정동><법정동본번코드>0481</법정동본번코드><법정동부번코드>0000</법정동부번코드><법정동시군구코드>11530</법정동시군구코드><법정동읍면동코드>10700</법정동읍면동코드><법정동지번코드>1</법정동지번코드><아파트>현대</아파트><월>1</월><일>9</일><일련번호>11530-91</일련번호><전용면적>84.96</전용면적><중개사소재지>서울 구로구</중개사소재지><지번>481</지번><지역코드>11530</지역코드><층>20</층><해제사유발생일> </해제사유발생일><해제여부> </해제여부></item><item><거래금액>    71,000</거래금액><거래유형>중개거래</거래유형><건축년도>2001</건축년도><년>2023</년><도로명>개봉로20길</도로명><도로명건물본번호코드>00006</도로명건물본번호코드><도로명건물부번호코드>00000</도로명건물부번호코드><도로명시군구코드>11530</도로명시군구코드><도로명일련번호코드>01</도로명일련번호코드><도로명지상지하코드>0</도로명지상지하코드><도로명코드>4148049</도로명코드><법정동> 개봉동</법정동><법정동본번코드>0481</법정동본번코드><법정동부번코드>0000</법정동부번코드><법정동시군구코드>11530</법정동시군구코드><법정동읍면동코드>10700</법정동읍면동코드><법정동지번코드>1</법정동지번코드><아파트>현대</아파트><월>1</월><일>11</일><일련번호>11530-91</일련번호><전용면적>84.99</전용면적><중개사소재지>서울 구로구</중개사소재지><지번>481</지번><지역코드>11530</지역코드><층>11</층><해제사유발생일> </해제사유발생일><해제여부> </해제여부></item><item><거래금액>    81,000</거래금액><거래유형>중개거래</거래유형><건축년도>2006</건축년도><년>2023</년><도로명>개봉로2길</도로명><도로명건물본번호코드>00133</도로명건물본번호코드><도로명건물부번호코드>00015</도로명건물부번호코드><도로명시군구코드>11530</도로명시군구코드><도로명일련번호코드>01</도로명일련번호코드><도로명지상지하코드>0</도로명지상지하코드><도로명코드>4148053</도로명코드><법정동> 개봉동</법정동><법정동본번코드>0489</법정동본번코드><법정동부번코드>0000</법정동부번코드><법정동시군구코드>11530</법정동시군구코드><법정동읍면동코드>10700</법정동읍면동코드><법정동지번코드>1</법정동지번코드><아파트>개봉동현대아이파크</아파트><월>1</월><일>12</일><일련번호>11530-3213</일련번호><전용면적>84.98</전용면적><중개사소재지>서울 구로구</중개사소재지><지번>489</지번><지역코드>11530</지역코드><층>3</층><해제사유발생일> </해제사유발생일><해제여부> </해제여부></item><item><거래금액>    36,200</거래금액><거래유형>중개거래</거래유형><건축년도>2018</건축년도><년>2023</년><도로명>개봉로23가길</도로명><도로명건물본번호코드>00010</도로명건물본번호코드><도로명건물부번호코드>00000</도로명건물부번호코드><도로명시군구코드>11530</도로명시군구코드><도로명일련번호코드>01</도로명일련번호코드><도로명코드>4148050</도로명코드><법정동> 개봉동</법정동><법정동본번코드>0493</법정동본번코드><법정동부번코드>0000</법정동부번코드><법정동시군구코드>11530</법정동시군구코드><법정동읍면동코드>10700</법정동읍면동코드><법정동지번코드>1</법정동지번코드><아파트>한양아이클래스구로</아파트><월>1</월><일>17</일><일련번호>11530-4223</일련번호><전용면적>45.32</전용면적><중개사소재지>서울 구로구</중개사소재지><지번>493</지번><지역코드>11530</지역코드><층>5</층><해제사유발생일> </해제사유발생일><해제여부> </해제여부></item><item><거래금액>    72,000</거래금액><거래유형>중개거래</거래유형><건축년도>2014</건축년도><년>2023</년><도로명>남부순환로</도로명><도로명건물본번호코드>00775</도로명건물본번호코드><도로명건물부번호코드>00000</도로명건물부번호코드><도로명시군구코드>11530</도로명시군구코드><도로명일련번호코드>03</도로명일련번호코드><도로명지상지하코드>0</도로명지상지하코드><도로명코드>2000003</도로명코드><법정동> 개봉동</법정동><법정동본번코드>0492</법정동본번코드><법정동부번코드>0000</법정동부번코드><법정동시군구코드>11530</법정동시군구코드><법정동읍면동코드>10700</법정동읍면동코드><법정동지번코드>1</법정동지번코드><아파트>개봉푸르지오</아파트><월>1</월><일>20</일><일련번호>11530-3798</일련번호><전용면적>71.95</전용면적><중개사소재지>서울 구로구</중개사소재지><지번>492</지번><지역코드>11530</지역코드><층>2</층><해제사유발생일>23.03.07</해제사유발생일><해제여부>O</해제여부></item><item><거래금액>    72,000</거래금액><거래유형>중개거래</거래유형><건축년도>2014</건축년도><년>2023</년><도로명>남부순환로</도로명><도로명건물본번호코드>00775</도로명건물본번호코드><도로명건물부번호코드>00000</도로명건물부번호코드><도로명시군구코드>11530</도로명시군구코드><도로명일련번호코드>03</도로명일련번호코드><도로명지상지하코드>0</도로명지상지하코드><도로명코드>2000003</도로명코드><법정동> 개봉동</법정동><법정동본번코드>0492</법정동본번코드><법정동부번코드>0000</법정동부번코드><법정동시군구코드>11530</법정동시군구코드><법정동읍면동코드>10700</법정동읍면동코드><법정동지번코드>1</법정동지번코드><아파트>개봉푸르지오</아파트><월>1</월><일>20</일><일련번호>11530-3798</일련번호><전용면적>71.95</전용면적><중개사소재지>서울 구로구</중개사소재지><지번>492</지번><지역코드>11530</지역코드><층>2</층><해제사유발생일> </해제사유발생일><해제여부> </해제여부></item><item><거래금액>    72,000</거래금액><거래유형>중개거래</거래유형><건축년도>2001</건축년도><년>2023</년><도로명>개봉로20길</도로명><도로명건물본번호코드>00006</도로명건물본번호코드><도로명건물부번호코드>00000</도로명건물부번호코드><도로명시군구코드>11530</도로명시군구코드><도로명일련번호코드>01</도로명일련번호코드><도로명지상지하코드>0</도로명지상지하코드><도로명코드>4148049</도로명코드><법정동> 개봉동</법정동><법정동본번코드>0481</법정동본번코드><법정동부번코드>0000</법정동부번코드><법정동시군구코드>11530</법정동시군구코드><법정동읍면동코드>10700</법정동읍면동코드><법정동지번코드>1</법정동지번코드><아파트>현대</아파트><월>1</월><일>29</일><일련번호>11530-91</일련번호><전용면적>84.99</전용면적><중개사소재지>서울 구로구</중개사소재지><지번>481</지번><지역코드>11530</지역코드><층>17</층><해제사유발생일> </해제사유발생일><해제여부> </해제여부></item><item><거래금액>    60,500</거래금액><거래유형>중개거래</거래유형><건축년도>2000</건축년도><년>2023</년><도로명>개봉로3길</도로명><도로명건물본번호코드>00087</도로명건물본번호코드><도로명건물부번호코드>00000</도로명건물부번호코드><도로명시군구코드>11530</도로명시군구코드><도로명일련번호코드>01</도로명일련번호코드><도로명지상지하코드>0</도로명지상지하코드><도로명코드>4148055</도로명코드><법정동> 개봉동</법정동><법정동본번코드>0478</법정동본번코드><법정동부번코드>0000</법정동부번코드><법정동시군구코드>11530</법정동시군구코드><법정동읍면동코드>10700</법정동읍면동코드><법정동지번코드>1</법정동지번코드><아파트>한진</아파트><월>1</월><일>30</일><일련번호>11530-90</일련번호><전용면적>84.96</전용면적><중개사소재지>서울 구로구</중개사소재지><지번>478</지번><지역코드>11530</지역코드><층>13</층><해제사유발생일> </해제사유발생일><해제여부> </해제여부></item><item><거래금액>    63,000</거래금액><거래유형>중개거래</거래유형><건축년도>1998</건축년도><년>2023</년><도로명>고척로</도로명><도로명건물본번호코드>00049</도로명건물본번호코드><도로명건물부번호코드>00000</도로명건물부번호코드><도로명시군구코드>11530</도로명시군구코드><도로명일련번호코드>03</도로명일련번호코드><도로명지상지하코드>0</도로명지상지하코드><도로명코드>3116003</도로명코드><법정동> 오류동</법정동><법정동본번코드>0338</법정동본번코드><법정동부번코드>0000</법정동부번코드><법정동시군구코드>11530</법정동시군구코드><법정동읍면동코드>10800</법정동읍면동코드><법정동지번코드>1</법정동지번코드><아파트>동부골든</아파트><월>1</월><일>17</일><일련번호>11530-102</일련번호><전용면적>113.43</전용면적><중개사소재지>서울 구로구</중개사소재지><지번>338</지번><지역코드>11530</지역코드><층>13</층><해제사유발생일> </해제사유발생일><해제여부> </해제여부></item><item><거래금액>    47,000</거래금액><거래유형>중개거래</거래유형><건축년도>2006</건축년도><년>2023</년><도로명>고척로</도로명><도로명건물본번호코드>00041</도로명건물본번호코드><도로명건물부번호코드>00000</도로명건물부번호코드><도로명시군구코드>11530</도로명시군구코드><도로명일련번호코드>03</도로명일련번호코드><도로명지상지하코드>0</도로명지상지하코드><도로명코드>3116003</도로명코드><법정동> 오류동</법정동><법정동본번코드>0347</법정동본번코드><법정동부번코드>0000</법정동부번코드><법정동시군구코드>11530</법정동시군구코드><법정동읍면동코드>10800</법정동읍면동코드><법정동지번코드>1</법정동지번코드><아파트>오류동금호어울림</아파트><월>1</월><일>17</일><일련번호>11530-3225</일련번호><전용면적>59.87</전용면적><중개사소재지>서울 구로구</중개사소재지><지번>347</지번><지역코드>11530</지역코드><층>8</층><해제사유발생일> </해제사유발생일><해제여부> </해제여부></item><item><거래금액>     9,000</거래금액><거래유형>직거래</거래유형><건축년도>2016</건축년도><년>2023</년><도로명>경인로20나길</도로명><도로명건물본번호코드>00063</도로명건물본번호코드><도로명건물부번호코드>00000</도로명건물부번호코드><도로명시군구코드>11530</도로명시군구코드><도로명일련번호코드>01</도로명일련번호코드><도로명지상지하코드>0</도로명지상지하코드><도로명코드>4148077</도로명코드><법정동> 오류동</법정동><법정동본번코드>0075</법정동본번코드><법정동부번코드>0002</법정동부번코드><법정동시군구코드>11530</법정동시군구코드><법정동읍면동코드>10800</법정동읍면동코드><법정동지번코드>1</법정동지번코드><아파트>오류동역솔리스타</아파트><월>1</월><일>30</일><일련번호>11530-4009</일련번호><전용면적>19.09</전용면적><중개사소재지> </중개사소재지><지번>75-2</지번><지역코드>11530</지역코드><층>6</층><해제사유발생일> </해제사유발생일><해제여부> </해제여부></item><item><거래금액>    90,000</거래금액><거래유형>중개거래</거래유형><건축년도>2010</건축년도><년>2023</년><도로명>부일로9길</도로명><도로명건물본번호코드>00127</도로명건물본번호코드><도로명건물부번호코드>00000</도로명건물부번호코드><도로명시군구코드>11530</도로명시군구코드><도로명일련번호코드>02</도로명일련번호코드><도로명지상지하코드>0</도로명지상지하코드><도로명코드>4148366</도로명코드><법정동> 온수동</법정동><법정동본번코드>0155</법정동본번코드><법정동부번코드>0000</법정동부번코드><법정동시군구코드>11530</법정동시군구코드><법정동읍면동코드>11000</법정동읍면동코드><법정동지번코드>1</법정동지번코드><아파트>온수힐스테이트</아파트><월>1</월><일>3</일><일련번호>11530-3391</일련번호><전용면적>84.97</전용면적><중개사소재지>서울 구로구</중개사소재지><지번>155</지번><지역코드>11530</지역코드><층>12</층><해제사유발생일> </해제사유발생일><해제여부> </해제여부></item><item><거래금액>    74,000</거래금액><거래유형>중개거래</거래유형><건축년도>2014</건축년도><년>2023</년><도로명>오리로</도로명><도로명건물본번호코드>01102</도로명건물본번호코드><도로명건물부번호코드>00010</도로명건물부번호코드><도로명시군구코드>11530</도로명시군구코드><도로명일련번호코드>03</도로명일련번호코드><도로명지상지하코드>0</도로명지상지하코드><도로명코드>3000022</도로명코드><법정동> 천왕동</법정동><법정동본번코드>0281</법정동본번코드><법정동부번코드>0000</법정동부번코드><법정동시군구코드>11530</법정동시군구코드><법정동읍면동코드>11100</법정동읍면동코드><법정동지번코드>1</법정동지번코드><아파트>천왕연지타운2단지</아파트><월>1</월><일>14</일><일련번호>11530-3775</일련번호><전용면적>84.9</전용면적><중개사소재지>서울 관악구, 서울 구로구</중개사소재지><지번>281</지번><지역코드>11530</지역코드><층>5</층><해제사유발생일> </해제사유발생일><해제여부> </해제여부></item><item><거래금액>    62,800</거래금액><거래유형>중개거래</거래유형><건축년도>2019</건축년도><년>2023</년><도로명>항동로</도로명><도로명건물본번호코드>00043</도로명건물본번호코드><도로명건물부번호코드>00000</도로명건물부번호코드><도로명시군구코드>11530</도로명시군구코드><도로명일련번호코드>01</도로명일련번호코드><도로명지상지하코드>0</도로명지상지하코드><도로명코드>3352227</도로명코드><법정동> 항동</법정동><법정동본번코드>0242</법정동본번코드><법정동부번코드>0000</법정동부번코드><법정동시군구코드>11530</법정동시군구코드><법정동읍면동코드>11200</법정동읍면동코드><법정동지번코드>1</법정동지번코드><아파트>하버라인3단지</아파트><월>1</월><일>20</일><일련번호>11530-4325</일련번호><전용면적>59.86</전용면적><중개사소재지>서울 구로구</중개사소재지><지번>242</지번><지역코드>11530</지역코드><층>6</층><해제사유발생일> </해제사유발생일><해제여부> </해제여부></item><item><거래금액>    80,000</거래금액><거래유형>중개거래</거래유형><건축년도>2019</건축년도><년>2023</년><도로명>항동로</도로명><도로명건물본번호코드>00042</도로명건물본번호코드><도로명건물부번호코드>00000</도로명건물부번호코드><도로명시군구코드>11530</도로명시군구코드><도로명일련번호코드>00</도로명일련번호코드><도로명지상지하코드>0</도로명지상지하코드><도로명코드>3352227</도로명코드><법정동> 항동</법정동><법정동본번코드>0241</법정동본번코드><법정동부번코드>0000</법정동부번코드><법정동시군구코드>11530</법정동시군구코드><법정동읍면동코드>11200</법정동읍면동코드><법정동지번코드>1</법정동지번코드><아파트>한양수자인에듀힐즈</아파트><월>1</월><일>28</일><일련번호>11530-4373</일련번호><전용면적>76.88</전용면적><중개사소재지>서울 구로구</중개사소재지><지번>241</지번><지역코드>11530</지역코드><층>15</층><해제사유발생일> </해제사유발생일><해제여부> </해제여부></item></items><numOfRows>999</numOfRows><pageNo>1</pageNo><totalCount>47</totalCount></body></response>