<?xml version="1.0" encoding="UTF-8" standalone="yes"?><response><header><resultCode>00</resultCode><resultMsg>NORMAL SERVICE.</resultMsg></header><body><items><item><거래금액>    82,000</거래금액><거래유형>중개거래</거래유형><건축년도>1999</건축년도><년>2022</년><도로명>신도림로</도로명><도로명건물본번호코드>00016</도로명건물본번호코드><도로명건물부번호코드>00000</도로명건물부번호코드><도로명시군구코드>11530</도로명시군구코드><도로명일련번호코드>01</도로명일련번호코드><도로명지상지하코드>0</도로명지상지하코드><도로명코드>3116008</도로명코드><법정동> 신도림동</법정동><법정동본번코드>0642</법정동본번코드><법정동부번코드>0000</법정동부번코드><법정동시군구코드>11530</법정동시군구코드><법정동읍면동코드>10100</법정동읍면동코드><법정동지번코드>1</법정동지번코드><아파트>대림1</아파트><월>9</월><일>15</일><일련번호>11530-127</일련번호><전용면적>59.88</전용면적><중개사소재지>서울 구로구</중개사소재지><지번>642</지번><지역코드>11530</지역코드><층>9</층><해제사유발생일> </해제사유발생일><해제여부> </해제여부></item><item><거래금액>    75,000</거래금액><거래유형>중개거래</거래유형><건축년도>1997</건축년도><년>2022</년><도로명>경인로66길</도로명><도로명건물본번호코드>00005</도로명건물본번호코드><도로명건물부번호코드>00000</도로명건물부번호코드><도로명시군구코드>11530</도로명시군구코드><도로명일련번호코드>01</도로명일련번호코드><도로명지상지하코드>0</도로명지상지하코드><도로명코드>4148118</도로명코드><법정동> 신도림동</법정동><법정동본번코드>0640</법정동본번코드><법정동부번코드>0000</법정동부번코드><법정동시군구코드>11530</법정동시군구코드><법정동읍면동코드>10100</법정동읍면동코드><법정동지번코드>1</법정동지번코드><아파트>신성은하수</아파트><월>9</월><일>26</일><일련번호>11530-134</일련번호><전용면적>59.88</전용면적><중개사소재지>서울 구로구</중개사소재지><지번>640</지번><지역코드>11530</지역코드><층>3</층><해제사유발생일> </해제사유발생일><해제여부> </해제여부></item><item><거래금액>    11,500</거래금액><거래유형>직거래</거래유형><건축년도>2013</건축년도><년>2022</년><도로명>공원로6가길</도로명><도로명건물본번호코드>00008</도로명건물본번호코드><도로명건물부번호코드>00000</도로명건물부번호코드><도로명시군구코드>11530</도로명시군구코드><도로명일련번호코드>01</도로명일련번호코드><도로명지상지하코드>0</도로명지상지하코드><도로명코드>4148191</도로명코드><법정동> 구로동</법정동><법정동본번코드>0044</법정동본번코드><법정동부번코드>0008</법정동부번코드><법정동시군구코드>11530</법정동시군구코드><법정동읍면동코드>10200</법정동읍면동코드><법정동지번코드>1</법정동지번코드><아파트>비즈트위트오렌지</아파트><월>9</월><일>1</일><일련번호>11530-3730</일련번호><전용면적>14.88</전용면적><중개사소재지> </중개사소재지><지번>44-8</지번><지역코드>11530</지역코드><층>3</층><해제사유발생일> </해제사유발생일><해제여부> </해제여부></item><item><거래금액>    12,000</거래금액><거래유형>중개거래</거래유형><건축년도>2014</건축년도><년>2022</년><도로명>가마산로26길</도로명><도로명건물본번호코드>00005</도로명건물본번호코드><도로명건물부번호코드>00000</도로명건물부번호코드><도로명시군구코드>11530</도로명시군구코드><도로명일련번호코드>01</도로명일련번호코드><도로명지상지하코드>0</도로명지상지하코드><도로명코드>4148017</도로명코드><법정동> 구로동</법정동><법정동본번코드>0097</법정동본번코드><법정동부번코드>0000</법정동부번코드><법정동시군구코드>11530</법정동시군구코드><법정동읍면동코드>10200</법정동읍면동코드><법정동지번코드>1</법정동지번코드><아파트>로제리움2차</아파트><월>9</월><일>1</일><일련번호>11530-3762</일련번호><전용면적>14.04</전용면적><중개사소재지>서울 구로구</중개사소재지><지번>97</지번><지역코드>11530</지역코드><층>18</층><해제사유발생일> </해제사유발생일><해제여부> </해제여부></item><item><거래금액>    16,000</거래금액><거래유형>중개거래</거래유형><건축년도>2012</건축년도><년>2022</년><도로명>가마산로</도로명><도로명건물본번호코드>00268</도로명건물본번호코드><도로명건물부번호코드>00000</도로명건물부번호코드><도로명시군구코드>11530</도로명시군구코드><도로명일련번호코드>01</도로명일련번호코드><도로명지상지하코드>0</도로명지상지하코드><도로명코드>3000023</도로명코드><법정동> 구로동</법정동><법정동본번코드>0098</법정동본번코드><법정동부번코드>0004</법정동부번코드><법정동시군구코드>11530</법정동시군구코드><법정동읍면동코드>10200</법정동읍면동코드><법정동지번코드>1</법정동지번코드><아파트>대림역와이즈플레이스</아파트><월>9</월><일>2</일><일련번호>11530-3641</일련번호><전용면적>24.647</전용면적><중개사소재지>서울 구로구</중개사소재지><지번>98-4</지번><지역코드>11530</지역코드><층>18</층><해제사유발생일> </해제사유발생일><해제여부> </해제여부></item><item><거래금액>    11,900</거래금액><거래유형>직거래</거래유형><건축년도>2015</건축년도><년>2022</년><도로명>공원로</도로명><도로명건물본번호코드>00011</도로명건물본번호코드><도로명건물부번호코드>00000</도로명건물부번호코드><도로명시군구코드>11530</도로명시군구코드><도로명일련번호코드>01</도로명일련번호코드><도로명코드>3116004</도로명코드><법정동> 구로동</법정동><법정동본번코드>0106</법정동본번코드><법정동부번코드>0002</법정동부번코드><법정동시군구코드>11530</법정동시군구코드><법정동읍면동코드>10200</법정동읍면동코드><법정동지번코드>1</법정동지번코드><아파트>대림역포스큐</아파트><월>9</월><일>7</일><일련번호>11530-3957</일련번호><전용면적>14.579</전용면적><중개사소재지> </중개사소재지><지번>106-2</지번><지역코드>11530</지역코드><층>20</층><해제사유발생일> </해제사유발생일><해제여부> </해제여부></item><item><거래금액>    51,500</거래금액><거래유형>중개거래</거래유형><건축년도>1996</건축년도><년>2022</년><도로명>구로중앙로</도로명><도로명건물본번호코드>00060</도로명건물본번호코드><도로명건물부번호코드>00000</도로명건물부번호코드><도로명시군구코드>11530</도로명시군구코드><도로명일련번호코드>02</도로명일련번호코드><도로명지상지하코드>0</도로명지상지하코드><도로명코드>3116005</도로명코드><법정동> 구로동</법정동><법정동본번코드>0098</법정동본번코드><법정동부번코드>0000</법정동부번코드><법정동시군구코드>11530</법정동시군구코드><법정동읍면동코드>10200</법정동읍면동코드><법정동지번코드>1</법정동지번코드><아파트>대림오페라타워</아파트><월>9</월><일>9</일><일련번호>11530-6</일련번호><전용면적>99.09</전용면적><중개사소재지>서울 구로구</중개사소재지><지번>98</지번><지역코드>11530</지역코드><층>14</층><해제사유발생일> </해제사유발생일><해제여부> </해제여부></item><item><거래금액>     7,500</거래금액><거래유형>중개거래</거래유형><건축년도>1996</건축년도><년>2022</년><도로명>구로동로22길</도로명><도로명건물본번호코드>00070</도로명건물본번호코드><도로명건물부번호코드>00009</도로명건물부번호코드><도로명시군구코드>11530</도로명시군구코드><도로명일련번호코드>01</도로명일련번호코드><도로명지상지하코드>0</도로명지상지하코드><도로명코드>4148211</도로명코드><법정동> 구로동</법정동><법정동본번코드>0752</법정동본번코드><법정동부번코드>0010</법정동부번코드><법정동시군구코드>11530</법정동시군구코드><법정동읍면동코드>10200</법정동읍면동코드><법정동지번코드>1</법정동지번코드><아파트>(752-10)</아파트><월>9</월><일>14</일><일련번호>11530-446</일련번호><전용면적>25.53</전용면적><중개사소재지>인천 서구</중개사소재지><지번>752-10</지번><지역코드>11530</지역코드><층>5</층><해제사유발생일> </해제사유발생일><해제여부> </해제여부></item><item><거래금액>    12,700</거래금액><거래유형>중개거래</거래유형><건축년도>2012</건축년도><년>2022</년><도로명>공원로8길</도로명><도로명건물본번호코드>00036</도로명건물본번호코드><도로명건물부번호코드>00000</도로명건물부번호코드><도로명시군구코드>11530</도로명시군구코드><도로명일련번호코드>01</도로명일련번호코드><도로명지상지하코드>0</도로명지상지하코드><도로명코드>4148196</도로명코드><법정동> 구로동</법정동><법정동본번코드>0043</법정동본번코드><법정동부번코드>0001</법정동부번코드><법정동시군구코드>11530</법정동시군구코드><법정동읍면동코드>10200</법정동읍면동코드><법정동지번코드>1</법정동지번코드><아파트>신도림로제리움</아파트><월>9</월><일>16</일><일련번호>11530-3600</일련번호><전용면적>16.92</전용면적><중개사소재지>서울 구로구</중개사소재지><지번>43-1</지번><지역코드>11530</지역코드><층>19</층><해제사유발생일> </해제사유발생일><해제여부> </해제여부></item><item><거래금액>   103,000</거래금액><거래유형>중개거래</거래유형><건축년도>1999</건축년도><년>2022</년><도로명>공원로</도로명><도로명건물본번호코드>00041</도로명건물본번호코드><도로명건물부번호코드>00000</도로명건물부번호코드><도로명시군구코드>11530</도로명시군구코드><도로명일련번호코드>01</도로명일련번호코드><도로명지상지하코드>0</도로명지상지하코드><도로명코드>3116004</도로명코드><법정동> 구로동</법정동><법정동본번코드>0108</법정동본번코드><법정동부번코드>0000</법정동부번코드><법정동시군구코드>11530</법정동시군구코드><법정동읍면동코드>10200</법정동읍면동코드><법정동지번코드>1</법정동지번코드><아파트>현대파크빌</아파트><월>9</월><일>19</일><일련번호>11530-41</일련번호><전용면적>153.61</전용면적><중개사소재지>서울 구로구</중개사소재지><지번>108</지번><지역코드>11530</지역코드><층>27</층><해제사유발생일>22.11.04</해제사유발생일><해제여부>O</해제여부></item><item><거래금액>    12,000</거래금액><거래유형>직거래</거래유형><건축년도>2013</건축년도><년>2022</년><도로명>공원로6가길</도로명><도로명건물본번호코드>00008</도로명건물본번호코드><도로명건물부번호코드>00000</도로명건물부번호코드><도로명시군구코드>11530</도로명시군구코드><도로명일련번호코드>01</도로명일련번호코드><도로명지상지하코드>0</도로명지상지하코드><도로명코드>4148191</도로명코드><법정동> 구로동</법정동><법정동본번코드>0044</법정동본번코드><법정동부번코드>0008</법정동부번코드><법정동시군구코드>11530</법정동시군구코드><법정동읍면동코드>10200</법정동읍면동코드><법정동지번코드>1</법정동지번코드><아파트>비즈트위트오렌지</아파트><월>9</월><일>19</일><일련번호>11530-3730</일련번호><전용면적>15.6</전용면적><중개사소재지> </중개사소재지><지번>44-8</지번><지역코드>11530</지역코드><층>6</층><해제사유발생일> </해제사유발생일><해제여부> </해제여부></item><item><거래금액>    12,000</거래금액><거래유형>중개거래</거래유형><건축년도>2013</건축년도><년>2022</년><도로명>공원로6가길</도로명><도로명건물본번호코드>00008</도로명건물본번호코드><도로명건물부번호코드>00000</도로명건물부번호코드><도로명시군구코드>11530</도로명시군구코드><도로명일련번호코드>01</도로명일련번호코드><도로명지상지하코드>0</도로명지상지하코드><도로명코드>4148191</도로명코드><법정동> 구로동</법정동><법정동본번코드>0044</법정동본번코드><법정동부번코드>0008</법정동부번코드><법정동시군구코드>11530</법정동시군구코드><법정동읍면동코드>10200</법정동읍면동코드><법정동지번코드>1</법정동지번코드><아파트>비즈트위트오렌지</아파트><월>9</월><일>19</일><일련번호>11530-3730</일련번호><전용면적>20.34</전용면적><중개사소재지>서울 구로구</중개사소재지><지번>44-8</지번><지역코드>11530</지역코드><층>3</층><해제사유발생일> </해제사유발생일><해제여부> </해제여부></item><item><거래금액>    25,500</거래금액><거래유형>중개거래</거래유형><건축년도>1995</건축년도><년>2022</년><도로명>도림로6길</도로명><도로명건물본번호코드>00036</도로명건물본번호코드><도로명건물부번호코드>00000</도로명건물부번호코드><도로명시군구코드>11530</도로명시군구코드><도로명일련번호코드>01</도로명일련번호코드><도로명지상지하코드>0</도로명지상지하코드><도로명코드>4148316</도로명코드><법정동> 구로동</법정동><법정동본번코드>0797</법정동본번코드><법정동부번코드>0008</법정동부번코드><법정동시군구코드>11530</법정동시군구코드><법정동읍면동코드>10200</법정동읍면동코드><법정동지번코드>1</법정동지번코드><아파트>봉일(797-8)</아파트><월>9</월><일>20</일><일련번호>11530-597</일련번호><전용면적>42.2</전용면적><중개사소재지>서울 구로구</중개사소재지><지번>797-8</지번><지역코드>11530</지역코드><층>2</층><해제사유발생일> </해제사유발생일><해제여부> </해제여부></item><item><거래금액>    12,000</거래금액><거래유형>중개거래</거래유형><건축년도>2015</건축년도><년>2022</년><도로명>공원로</도로명><도로명건물본번호코드>00011</도로명건물본번호코드><도로명건물부번호코드>00000</도로명건물부번호코드><도로명시군구코드>11530</도로명시군구코드><도로명일련번호코드>01</도로명일련번호코드><도로명코드>3116004</도로명코드><법정동> 구로동</법정동><법정동본번코드>0106</법정동본번코드><법정동부번코드>0002</법정동부번코드><법정동시군구코드>11530</법정동시군구코드><법정동읍면동코드>10200</법정동읍면동코드><법정동지번코드>1</법정동지번코드><아파트>대림역포스큐</아파트><월>9</월><일>20</일><일련번호>11530-3957</일련번호><전용면적>14.579</전용면적><중개사소재지>서울 구로구</중개사소재지><지번>106-2</지번><지역코드>11530</지역코드><층>15</층><해제사유발생일> </해제사유발생일><해제여부> </해제여부></item><item><거래금액>    26,800</거래금액><거래유형>중개거래</거래유형><건축년도>1967</건축년도><년>2022</년><도로명>구로동로18길</도로명><도로명건물본번호코드>00044</도로명건물본번호코드><도로명건물부번호코드>00028</도로명건물부번호코드><도로명시군구코드>11530</도로명시군구코드><도로명일련번호코드>01</도로명일련번호코드><도로명지상지하코드>0</도로명지상지하코드><도로명코드>4148204</도로명코드><법정동> 구로동</법정동><법정동본번코드>0806</법정동본번코드><법정동부번코드>0063</법정동부번코드><법정동시군구코드>11530</법정동시군구코드><법정동읍면동코드>10200</법정동읍면동코드><법정동지번코드>1</법정동지번코드><아파트>(806-63)태영빌라</아파트><월>9</월><일>20</일><일련번호>11530-650</일련번호><전용면적>53.425</전용면적><중개사소재지>서울 구로구</중개사소재지><지번>806-63</지번><지역코드>11530</지역코드><층>1</층><해제사유발생일> </해제사유발생일><해제여부> </해제여부></item><item><거래금액>    11,350</거래금액><거래유형>직거래</거래유형><건축년도>2013</건축년도><년>2022</년><도로명>공원로6가길</도로명><도로명건물본번호코드>00008</도로명건물본번호코드><도로명건물부번호코드>00000</도로명건물부번호코드><도로명시군구코드>11530</도로명시군구코드><도로명일련번호코드>01</도로명일련번호코드><도로명지상지하코드>0</도로명지상지하코드><도로명코드>4148191</도로명코드><법정동> 구로동</법정동><법정동본번코드>0044</법정동본번코드><법정동부번코드>0008</법정동부번코드><법정동시군구코드>11530</법정동시군구코드><법정동읍면동코드>10200</법정동읍면동코드><법정동지번코드>1</법정동지번코드><아파트>비즈트위트오렌지</아파트><월>9</월><일>23</일><일련번호>11530-3730</일련번호><전용면적>15.54</전용면적><중개사소재지> </중개사소재지><지번>44-8</지번><지역코드>11530</지역코드><층>3</층><해제사유발생일> </해제사유발생일><해제여부> </해제여부></item><item><거래금액>    14,800</거래금액><거래유형>중개거래</거래유형><건축년도>2011</건축년도><년>2022</년><도로명>가마산로</도로명><도로명건물본번호코드>00284</도로명건물본번호코드><도로명건물부번호코드>00000</도로명건물부번호코드><도로명시군구코드>11530</도로명시군구코드><도로명일련번호코드>01</도로명일련번호코드><도로명지상지하코드>0</도로명지상지하코드><도로명코드>3000023</도로명코드><법정동> 구로동</법정동><법정동본번코드>0097</법정동본번코드><법정동부번코드>0004</법정동부번코드><법정동시군구코드>11530</법정동시군구코드><법정동읍면동코드>10200</법정동읍면동코드><법정동지번코드>1</법정동지번코드><아파트>하나세인스톤2차</아파트><월>9</월><일>26</일><일련번호>11530-3536</일련번호><전용면적>19.33</전용면적><중개사소재지>서울 구로구</중개사소재지><지번>97-4</지번><지역코드>11530</지역코드><층>16</층><해제사유발생일> </해제사유발생일><해제여부> </해제여부></item><item><거래금액>    51,500</거래금액><거래유형>중개거래</거래유형><건축년도>2004</건축년도><년>2022</년><도로명>구로중앙로18길</도로명><도로명건물본번호코드>00056</도로명건물본번호코드><도로명건물부번호코드>00000</도로명건물부번호코드><도로명시군구코드>11530</도로명시군구코드><도로명일련번호코드>01</도로명일련번호코드><도로명지상지하코드>0</도로명지상지하코드><도로명코드>4148251</도로명코드><법정동> 구로동</법정동><법정동본번코드>1275</법정동본번코드><법정동부번코드>0000</법정동부번코드><법정동시군구코드>11530</법정동시군구코드><법정동읍면동코드>10200</법정동읍면동코드><법정동지번코드>1</법정동지번코드><아파트>성삼하이츠</아파트><월>9</월><일>27</일><일련번호>11530-149</일련번호><전용면적>58.58</전용면적><중개사소재지>서울 구로구</중개사소재지><지번>1275</지번><지역코드>11530</지역코드><층>7</층><해제사유발생일> </해제사유발생일><해제여부> </해제여부></item><item><거래금액>    23,000</거래금액><거래유형>중개거래</거래유형><건축년도>1997</건축년도><년>2022</년><도로명>도림로14길</도로명><도로명건물본번호코드>00013</도로명건물본번호코드><도로명건물부번호코드>00000</도로명건물부번호코드><도로명시군구코드>11530</도로명시군구코드><도로명일련번호코드>01</도로명일련번호코드><도로명지상지하코드>0</도로명지상지하코드><도로명코드>4148305</도로명코드><법정동> 구로동</법정동><법정동본번코드>0779</법정동본번코드><법정동부번코드>0026</법정동부번코드><법정동시군구코드>11530</법정동시군구코드><법정동읍면동코드>10200</법정동읍면동코드><법정동지번코드>1</법정동지번코드><아파트>(779-26)</아파트><월>9</월><일>27</일><일련번호>11530-487</일련번호><전용면적>33.32</전용면적><중개사소재지>서울 구로구</중개사소재지><지번>779-26</지번><지역코드>11530</지역코드><층>5</층><해제사유발생일> </해제사유발생일><해제여부> </해제여부></item><item><거래금액>    31,000</거래금액><거래유형>중개거래</거래유형><건축년도>1987</건축년도><년>2022</년><도로명>가마산로</도로명><도로명건물본번호코드>00097</도로명건물본번호코드><도로명건물부번호코드>00000</도로명건물부번호코드><도로명시군구코드>11530</도로명시군구코드><도로명일련번호코드>01</도로명일련번호코드><도로명지상지하코드>0</도로명지상지하코드><도로명코드>3000023</도로명코드><법정동> 구로동</법정동><법정동본번코드>0701</법정동본번코드><법정동부번코드>0076</법정동부번코드><법정동시군구코드>11530</법정동시군구코드><법정동읍면동코드>10200</법정동읍면동코드><법정동지번코드>1</법정동지번코드><아파트>현대로얄</아파트><월>9</월><일>28</일><일련번호>11530-37</일련번호><전용면적>52.46</전용면적><중개사소재지>서울 구로구</중개사소재지><지번>701-76</지번><지역코드>11530</지역코드><층>5</층><해제사유발생일> </해제사유발생일><해제여부> </해제여부></item><item><거래금액>    23,500</거래금액><거래유형>중개거래</거래유형><건축년도>1984</건축년도><년>2022</년><도로명>디지털로27길</도로명><도로명건물본번호코드>00124</도로명건물본번호코드><도로명건물부번호코드>00008</도로명건물부번호코드><도로명시군구코드>11530</도로명시군구코드><도로명일련번호코드>01</도로명일련번호코드><도로명지상지하코드>0</도로명지상지하코드><도로명코드>4148329</도로명코드><법정동> 구로동</법정동><법정동본번코드>0798</법정동본번코드><법정동부번코드>0021</법정동부번코드><법정동시군구코드>11530</법정동시군구코드><법정동읍면동코드>10200</법정동읍면동코드><법정동지번코드>1</법정동지번코드><아파트>(798-21)</아파트><월>9</월><일>28</일><일련번호>11530-615</일련번호><전용면적>40.68</전용면적><중개사소재지>서울 구로구</중개사소재지><지번>798-21</지번><지역코드>11530</지역코드><층>3</층><해제사유발생일> </해제사유발생일><해제여부> </해제여부></item><item><거래금액>    22,500</거래금액><거래유형>중개거래</거래유형><건축년도>1995</건축년도><년>2022</년><도로명>디지털로27라길</도로명><도로명건물본번호코드>00006</도로명건물본번호코드><도로명건물부번호코드>00019</도로명건물부번호코드><도로명시군구코드>11530</도로명시군구코드><도로명일련번호코드>01</도로명일련번호코드><도로명지상지하코드>0</도로명지상지하코드><도로명코드>4148332</도로명코드><법정동> 구로동</법정동><법정동본번코드>0797</법정동본번코드><법정동부번코드>0019</법정동부번코드><법정동시군구코드>11530</법정동시군구코드><법정동읍면동코드>10200</법정동읍면동코드><법정동지번코드>1</법정동지번코드><아파트>(797-19)</아파트><월>9</월><일>28</일><일련번호>11530-601</일련번호><전용면적>35.58</전용면적><중개사소재지>서울 구로구</중개사소재지><지번>797-19</지번><지역코드>11530</지역코드><층>4</층><해제사유발생일> </해제사유발생일><해제여부> </해제여부></item><item><거래금액>    45,100</거래금액><거래유형>중개거래</거래유형><건축년도>1998</건축년도><년>2022</년><도로명>도림로</도로명><도로명건물본번호코드>00059</도로명건물본번호코드><도로명건물부번호코드>00000</도로명건물부번호코드><도로명시군구코드>11530</도로명시군구코드><도로명일련번호코드>01</도로명일련번호코드><도로명지상지하코드>0</도로명지상지하코드><도로명코드>3116010</도로명코드><법정동> 구로동</법정동><법정동본번코드>1265</법정동본번코드><법정동부번코드>0000</법정동부번코드><법정동시군구코드>11530</법정동시군구코드><법정동읍면동코드>10200</법정동읍면동코드><법정동지번코드>1</법정동지번코드><아파트>구로두산</아파트><월>9</월><일>29</일><일련번호>11530-9</일련번호><전용면적>44.64</전용면적><중개사소재지>서울 구로구</중개사소재지><지번>1265</지번><지역코드>11530</지역코드><층>10</층><해제사유발생일> </해제사유발생일><해제여부> </해제여부></item><item><거래금액>    11,500</거래금액><거래유형>중개거래</거래유형><건축년도>2013</건축년도><년>2022</년><도로명>가마산로27길</도로명><도로명건물본번호코드>00011</도로명건물본번호코드><도로명건물부번호코드>00007</도로명건물부번호코드><도로명시군구코드>11530</도로명시군구코드><도로명일련번호코드>01</도로명일련번호코드><도로명지상지하코드>0</도로명지상지하코드><도로명코드>4148018</도로명코드><법정동> 구로동</법정동><법정동본번코드>0104</법정동본번코드><법정동부번코드>0006</법정동부번코드><법정동시군구코드>11530</법정동시군구코드><법정동읍면동코드>10200</법정동읍면동코드><법정동지번코드>1</법정동지번코드><아파트>그린플러스구로해담채2</아파트><월>9</월><일>30</일><일련번호>11530-3700</일련번호><전용면적>13.23</전용면적><중개사소재지>서울 동작구</중개사소재지><지번>104-6</지번><지역코드>11530</지역코드><층>16</층><해제사유발생일> </해제사유발생일><해제여부> </해제여부></item><item><거래금액>    12,100</거래금액><거래유형>중개거래</거래유형><건축년도>2013</건축년도><년>2022</년><도로명>공원로6가길</도로명><도로명건물본번호코드>00008</도로명건물본번호코드><도로명건물부번호코드>00000</도로명건물부번호코드><도로명시군구코드>11530</도로명시군구코드><도로명일련번호코드>01</도로명일련번호코드><도로명지상지하코드>0</도로명지상지하코드><도로명코드>4148191</도로명코드><법정동> 구로동</법정동><법정동본번코드>0044</법정동본번코드><법정동부번코드>0008</법정동부번코드><법정동시군구코드>11530</법정동시군구코드><법정동읍면동코드>10200</법정동읍면동코드><법정동지번코드>1</법정동지번코드><아파트>비즈트위트오렌지</아파트><월>9</월><일>30</일><일련번호>11530-3730</일련번호><전용면적>15.54</전용면적><중개사소재지>서울 구로구</중개사소재지><지번>44-8</지번><지역코드>11530</지역코드><층>5</층><해제사유발생일> </해제사유발생일><해제여부> </해제여부></item><item><거래금액>    60,000</거래금액><거래유형>중개거래</거래유형><건축년도>2010</건축년도><년>2022</년><도로명>고척로60길</도로명><도로명건물본번호코드>00030</도로명건물본번호코드><도로명건물부번호코드>00000</도로명건물부번호코드><도로명시군구코드>11530</도로명시군구코드><도로명일련번호코드>01</도로명일련번호코드><도로명지상지하코드>0</도로명지상지하코드><도로명코드>4148186</도로명코드><법정동> 고척동</법정동><법정동본번코드>0342</법정동본번코드><법정동부번코드>0000</법정동부번코드><법정동시군구코드>11530</법정동시군구코드><법정동읍면동코드>10600</법정동읍면동코드><법정동지번코드>1</법정동지번코드><아파트>벽산베스트블루밍</아파트><월>9</월><일>14</일><일련번호>11530-3437</일련번호><전용면적>84.742</전용면적><중개사소재지>서울 구로구</중개사소재지><지번>342</지번><지역코드>11530</지역코드><층>1</층><해제사유발생일> </해제사유발생일><해제여부> </해제여부></item><item><거래금액>    52,800</거래금액><거래유형>중개거래</거래유형><건축년도>2000</건축년도><년>2022</년><도로명>고척로52길</도로명><도로명건물본번호코드>00009</도로명건물본번호코드><도로명건물부번호코드>00000</도로명건물부번호코드><도로명시군구코드>11530</도로명시군구코드><도로명일련번호코드>01</도로명일련번호코드><도로명지상지하코드>0</도로명지상지하코드><도로명코드>4148179</도로명코드><법정동> 고척동</법정동><법정동본번코드>0328</법정동본번코드><법정동부번코드>0000</법정동부번코드><법정동시군구코드>11530</법정동시군구코드><법정동읍면동코드>10600</법정동읍면동코드><법정동지번코드>1</법정동지번코드><아파트>양우</아파트><월>9</월><일>24</일><일련번호>11530-60</일련번호><전용면적>84.96</전용면적><중개사소재지>서울 구로구</중개사소재지><지번>328</지번><지역코드>11530</지역코드><층>2</층><해제사유발생일> </해제사유발생일><해제여부> </해제여부></item><item><거래금액>    42,000</거래금액><거래유형>중개거래</거래유형><건축년도>1989</건축년도><년>2022</년><도로명>서해안로34가길</도로명><도로명건물본번호코드>00022</도로명건물본번호코드><도로명건물부번호코드>00000</도로명건물부번호코드><도로명시군구코드>11530</도로명시군구코드><도로명일련번호코드>01</도로명일련번호코드><도로명지상지하코드>0</도로명지상지하코드><도로명코드>4148385</도로명코드><법정동> 개봉동</법정동><법정동본번코드>0335</법정동본번코드><법정동부번코드>0001</법정동부번코드><법정동시군구코드>11530</법정동시군구코드><법정동읍면동코드>10700</법정동읍면동코드><법정동지번코드>1</법정동지번코드><아파트>동인</아파트><월>9</월><일>2</일><일련번호>11530-76</일련번호><전용면적>67.36</전용면적><중개사소재지>서울 구로구</중개사소재지><지번>335-1</지번><지역코드>11530</지역코드><층>5</층><해제사유발생일> </해제사유발생일><해제여부> </해제여부></item><item><거래금액>    61,500</거래금액><거래유형>중개거래</거래유형><건축년도>2001</건축년도><년>2022</년><도로명>개봉로20길</도로명><도로명건물본번호코드>00158</도로명건물본번호코드><도로명건물부번호코드>00000</도로명건물부번호코드><도로명시군구코드>11530</도로명시군구코드><도로명일련번호코드>01</도로명일련번호코드><도로명지상지하코드>0</도로명지상지하코드><도로명코드>4148049</도로명코드><법정동> 개봉동</법정동><법정동본번코드>0480</법정동본번코드><법정동부번코드>0000</법정동부번코드><법정동시군구코드>11530</법정동시군구코드><법정동읍면동코드>10700</법정동읍면동코드><법정동지번코드>1</법정동지번코드><아파트>현대홈타운</아파트><월>9</월><일>27</일><일련번호>11530-92</일련번호><전용면적>59.49</전용면적><중개사소재지>서울 구로구</중개사소재지><지번>480</지번><지역코드>11530</지역코드><층>23</층><해제사유발생일> </해제사유발생일><해제여부> </해제여부></item><item><거래금액>     8,500</거래금액><거래유형>중개거래</거래유형><건축년도>2014</건축년도><년>2022</년><도로명>경인로19가길</도로명><도로명건물본번호코드>00040</도로명건물본번호코드><도로명건물부번호코드>00000</도로명건물부번호코드><도로명시군구코드>11530</도로명시군구코드><도로명일련번호코드>00</도로명일련번호코드><도로명코드>4148073</도로명코드><법정동> 오류동</법정동><법정동본번코드>0034</법정동본번코드><법정동부번코드>0013</법정동부번코드><법정동시군구코드>11530</법정동시군구코드><법정동읍면동코드>10800</법정동읍면동코드><법정동지번코드>1</법정동지번코드><아파트>썬앤빌</아파트><월>9</월><일>1</일><일련번호>11530-3799</일련번호><전용면적>14.064</전용면적><중개사소재지>서울 구로구</중개사소재지><지번>34-13</지번><지역코드>11530</지역코드><층>14</층><해제사유발생일> </해제사유발생일><해제여부> </해제여부></item><item><거래금액>     9,700</거래금액><거래유형>직거래</거래유형><건축년도>2014</건축년도><년>2022</년><도로명>경인로20길</도로명><도로명건물본번호코드>00006</도로명건물본번호코드><도로명건물부번호코드>00000</도로명건물부번호코드><도로명시군구코드>11530</도로명시군구코드><도로명일련번호코드>01</도로명일련번호코드><도로명지상지하코드>0</도로명지상지하코드><도로명코드>4148076</도로명코드><법정동> 오류동</법정동><법정동본번코드>0051</법정동본번코드><법정동부번코드>0031</법정동부번코드><법정동시군구코드>11530</법정동시군구코드><법정동읍면동코드>10800</법정동읍면동코드><법정동지번코드>1</법정동지번코드><아파트>포스시티</아파트><월>9</월><일>6</일><일련번호>11530-3818</일련번호><전용면적>14.29</전용면적><중개사소재지> </중개사소재지><지번>51-31</지번><지역코드>11530</지역코드><층>14</층><해제사유발생일> </해제사유발생일><해제여부> </해제여부></item><item><거래금액>     8,000</거래금액><거래유형>중개거래</거래유형><건축년도>2014</건축년도><년>2022</년><도로명>경인로19가길</도로명><도로명건물본번호코드>00040</도로명건물본번호코드><도로명건물부번호코드>00000</도로명건물부번호코드><도로명시군구코드>11530</도로명시군구코드><도로명일련번호코드>00</도로명일련번호코드><도로명코드>4148073</도로명코드><법정동> 오류동</법정동><법정동본번코드>0034</법정동본번코드><법정동부번코드>0013</법정동부번코드><법정동시군구코드>11530</법정동시군구코드><법정동읍면동코드>10800</법정동읍면동코드><법정동지번코드>1</법정동지번코드><아파트>썬앤빌</아파트><월>9</월><일>14</일><일련번호>11530-3799</일련번호><전용면적>14.064</전용면적><중개사소재지>서울 구로구</중개사소재지><지번>34-13</지번><지역코드>11530</지역코드><층>8</층><해제사유발생일> </해제사유발생일><해제여부> </해제여부></item><item><거래금액>    29,500</거래금액><거래유형>중개거래</거래유형><건축년도>2013</건축년도><년>2022</년><도로명>서해안로</도로명><도로명건물본번호코드>02275</도로명건물본번호코드><도로명건물부번호코드>00000</도로명건물부번호코드><도로명시군구코드>11530</도로명시군구코드><도로명일련번호코드>01</도로명일련번호코드><도로명지상지하코드>0</도로명지상지하코드><도로명코드>3000020</도로명코드><법정동> 오류동</법정동><법정동본번코드>0356</법정동본번코드><법정동부번코드>0000</법정동부번코드><법정동시군구코드>11530</법정동시군구코드><법정동읍면동코드>10800</법정동읍면동코드><법정동지번코드>1</법정동지번코드><아파트>다청림(356)</아파트><월>9</월><일>22</일><일련번호>11530-3734</일련번호><전용면적>38.11</전용면적><중개사소재지>서울 구로구</중개사소재지><지번>356</지번><지역코드>11530</지역코드><층>2</층><해제사유발생일> </해제사유발생일><해제여부> </해제여부></item><item><거래금액>     8,000</거래금액><거래유형>중개거래</거래유형><건축년도>2014</건축년도><년>2022</년><도로명>경인로19가길</도로명><도로명건물본번호코드>00040</도로명건물본번호코드><도로명건물부번호코드>00000</도로명건물부번호코드><도로명시군구코드>11530</도로명시군구코드><도로명일련번호코드>00</도로명일련번호코드><도로명코드>4148073</도로명코드><법정동> 오류동</법정동><법정동본번코드>0034</법정동본번코드><법정동부번코드>0013</법정동부번코드><법정동시군구코드>11530</법정동시군구코드><법정동읍면동코드>10800</법정동읍면동코드><법정동지번코드>1</법정동지번코드><아파트>썬앤빌</아파트><월>9</월><일>23</일><일련번호>11530-3799</일련번호><전용면적>14.064</전용면적><중개사소재지>서울 구로구</중개사소재지><지번>34-13</지번><지역코드>11530</지역코드><층>8</층><해제사유발생일> </해제사유발생일><해제여부> </해제여부></item><item><거래금액>     9,500</거래금액><거래유형>직거래</거래유형><건축년도>2014</건축년도><년>2022</년><도로명>경인로20길</도로명><도로명건물본번호코드>00006</도로명건물본번호코드><도로명건물부번호코드>00000</도로명건물부번호코드><도로명시군구코드>11530</도로명시군구코드><도로명일련번호코드>01</도로명일련번호코드><도로명지상지하코드>0</도로명지상지하코드><도로명코드>4148076</도로명코드><법정동> 오류동</법정동><법정동본번코드>0051</법정동본번코드><법정동부번코드>0031</법정동부번코드><법정동시군구코드>11530</법정동시군구코드><법정동읍면동코드>10800</법정동읍면동코드><법정동지번코드>1</법정동지번코드><아파트>포스시티</아파트><월>9</월><일>24</일><일련번호>11530-3818</일련번호><전용면적>13.69</전용면적><중개사소재지> </중개사소재지><지번>51-31</지번><지역코드>11530</지역코드><층>12</층><해제사유발생일> </해제사유발생일><해제여부> </해제여부></item><item><거래금액>    10,000</거래금액><거래유형>중개거래</거래유형><건축년도>2016</건축년도><년>2022</년><도로명>경인로20나길</도로명><도로명건물본번호코드>00063</도로명건물본번호코드><도로명건물부번호코드>00000</도로명건물부번호코드><도로명시군구코드>11530</도로명시군구코드><도로명일련번호코드>01</도로명일련번호코드><도로명지상지하코드>0</도로명지상지하코드><도로명코드>4148077</도로명코드><법정동> 오류동</법정동><법정동본번코드>0075</법정동본번코드><법정동부번코드>0002</법정동부번코드><법정동시군구코드>11530</법정동시군구코드><법정동읍면동코드>10800</법정동읍면동코드><법정동지번코드>1</법정동지번코드><아파트>오류동역솔리스타</아파트><월>9</월><일>27</일><일련번호>11530-4009</일련번호><전용면적>18.32</전용면적><중개사소재지>서울 구로구</중개사소재지><지번>75-2</지번><지역코드>11530</지역코드><층>8</층><해제사유발생일>23.02.02</해제사유발생일><해제여부>O</해제여부></item><item><거래금액>     9,800</거래금액><거래유형>중개거래</거래유형><건축년도>2014</건축년도><년>2022</년><도로명>경인로20길</도로명><도로명건물본번호코드>00006</도로명건물본번호코드><도로명건물부번호코드>00000</도로명건물부번호코드><도로명시군구코드>11530</도로명시군구코드><도로명일련번호코드>01</도로명일련번호코드><도로명지상지하코드>0</도로명지상지하코드><도로명코드>4148076</도로명코드><법정동> 오류동</법정동><법정동본번코드>0051</법정동본번코드><법정동부번코드>0031</법정동부번코드><법정동시군구코드>11530</법정동시군구코드><법정동읍면동코드>10800</법정동읍면동코드><법정동지번코드>1</법정동지번코드><아파트>포스시티</아파트><월>9</월><일>28</일><일련번호>11530-3818</일련번호><전용면적>14.29</전용면적><중개사소재지>서울 구로구</중개사소재지><지번>51-31</지번><지역코드>11530</지역코드><층>15</층><해제사유발생일> </해제사유발생일><해제여부> </해제여부></item><item><거래금액>    55,000</거래금액><거래유형>중개거래</거래유형><건축년도>2006</건축년도><년>2022</년><도로명>고척로</도로명><도로명건물본번호코드>00041</도로명건물본번호코드><도로명건물부번호코드>00000</도로명건물부번호코드><도로명시군구코드>11530</도로명시군구코드><도로명일련번호코드>03</도로명일련번호코드><도로명지상지하코드>0</도로명지상지하코드><도로명코드>3116003</도로명코드><법정동> 오류동</법정동><법정동본번코드>0347</법정동본번코드><법정동부번코드>0000</법정동부번코드><법정동시군구코드>11530</법정동시군구코드><법정동읍면동코드>10800</법정동읍면동코드><법정동지번코드>1</법정동지번코드><아파트>오류동금호어울림</아파트><월>9</월><일>29</일><일련번호>11530-3225</일련번호><전용면적>59.98</전용면적><중개사소재지>서울 구로구</중개사소재지><지번>347</지번><지역코드>11530</지역코드><층>4</층><해제사유발생일> </해제사유발생일><해제여부> </해제여부></item><item><거래금액>    38,500</거래금액><거래유형>중개거래</거래유형><건축년도>2013</건축년도><년>2022</년><도로명>서해안로</도로명><도로명건물본번호코드>02283</도로명건물본번호코드><도로명건물부번호코드>00000</도로명건물부번호코드><도로명시군구코드>11530</도로명시군구코드><도로명일련번호코드>01</도로명일련번호코드><도로명지상지하코드>0</도로명지상지하코드><도로명코드>3000020</도로명코드><법정동> 오류동</법정동><법정동본번코드>0193</법정동본번코드><법정동부번코드>0017</법정동부번코드><법정동시군구코드>11530</법정동시군구코드><법정동읍면동코드>10800</법정동읍면동코드><법정동지번코드>1</법정동지번코드><아파트>양지쉐르빌아파트</아파트><월>9</월><일>29</일><일련번호>11530-3689</일련번호><전용면적>59.34</전용면적><중개사소재지>서울 구로구</중개사소재지><지번>193-17</지번><지역코드>11530</지역코드><층>3</층><해제사유발생일> </해제사유발생일><해제여부> </해제여부></item><item><거래금액>     8,500</거래금액><거래유형>직거래</거래유형><건축년도>2014</건축년도><년>2022</년><도로명>경인로19가길</도로명><도로명건물본번호코드>00040</도로명건물본번호코드><도로명건물부번호코드>00000</도로명건물부번호코드><도로명시군구코드>11530</도로명시군구코드><도로명일련번호코드>00</도로명일련번호코드><도로명코드>4148073</도로명코드><법정동> 오류동</법정동><법정동본번코드>0034</법정동본번코드><법정동부번코드>0013</법정동부번코드><법정동시군구코드>11530</법정동시군구코드><법정동읍면동코드>10800</법정동읍면동코드><법정동지번코드>1</법정동지번코드><아파트>썬앤빌</아파트><월>9</월><일>30</일><일련번호>11530-3799</일련번호><전용면적>14.064</전용면적><중개사소재지> </중개사소재지><지번>34-13</지번><지역코드>11530</지역코드><층>10</층><해제사유발생일> </해제사유발생일><해제여부> </해제여부></item><item><거래금액>    30,000</거래금액><거래유형>직거래</거래유형><건축년도>2009</건축년도><년>2022</년><도로명>부일로1길</도로명><도로명건물본번호코드>00126</도로명건물본번호코드><도로명건물부번호코드>00000</도로명건물부번호코드><도로명시군구코드>11530</도로명시군구코드><도로명일련번호코드>01</도로명일련번호코드><도로명지상지하코드>0</도로명지상지하코드><도로명코드>4148360</도로명코드><법정동> 온수동</법정동><법정동본번코드>0154</법정동본번코드><법정동부번코드>0000</법정동부번코드><법정동시군구코드>11530</법정동시군구코드><법정동읍면동코드>11000</법정동읍면동코드><법정동지번코드>1</법정동지번코드><아파트>리치안풍산</아파트><월>9</월><일>8</일><일련번호>11530-3362</일련번호><전용면적>70.54</전용면적><중개사소재지> </중개사소재지><지번>154</지번><지역코드>11530</지역코드><층>4</층><해제사유발생일> </해제사유발생일><해제여부> </해제여부></item><item><거래금액>    71,000</거래금액><거래유형>직거래</거래유형><건축년도>2011</건축년도><년>2022</년><도로명>천왕로</도로명><도로명건물본번호코드>00010</도로명건물본번호코드><도로명건물부번호코드>00000</도로명건물부번호코드><도로명시군구코드>11530</도로명시군구코드><도로명일련번호코드>01</도로명일련번호코드><도로명지상지하코드>0</도로명지상지하코드><도로명코드>3116016</도로명코드><법정동> 천왕동</법정동><법정동본번코드>0277</법정동본번코드><법정동부번코드>0000</법정동부번코드><법정동시군구코드>11530</법정동시군구코드><법정동읍면동코드>11100</법정동읍면동코드><법정동지번코드>1</법정동지번코드><아파트>천왕이펜하우스5단지</아파트><월>9</월><일>26</일><일련번호>11530-3485</일련번호><전용면적>84.98</전용면적><중개사소재지> </중개사소재지><지번>277</지번><지역코드>11530</지역코드><층>3</층><해제사유발생일> </해제사유발생일><해제여부> </해제여부></item><item><거래금액>    79,000</거래금액><거래유형>중개거래</거래유형><건축년도>2004</건축년도><년>2022</년><도로명>연동로13길</도로명><도로명건물본번호코드>00025</도로명건물본번호코드><도로명건물부번호코드>00000</도로명건물부번호코드><도로명시군구코드>11530</도로명시군구코드><도로명일련번호코드>01</도로명일련번호코드><도로명지상지하코드>0</도로명지상지하코드><도로명코드>4148415</도로명코드><법정동> 항동</법정동><법정동본번코드>0233</법정동본번코드><법정동부번코드>0000</법정동부번코드><법정동시군구코드>11530</법정동시군구코드><법정동읍면동코드>11200</법정동읍면동코드><법정동지번코드>1</법정동지번코드><아파트>현대홈타운스위트</아파트><월>9</월><일>30</일><일련번호>11530-193</일련번호><전용면적>114.9844</전용면적><중개사소재지>서울 구로구</중개사소재지><지번>233</지번><지역코드>11530</지역코드><층>2</층><해제사유발생일> </해제사유발생일><해제여부> </해제여부></item></items><numOfRows>999</numOfRows><pageNo>1</pageNo><totalCount>43</totalCount></body></response>