<?xml version="1.0" encoding="UTF-8" standalone="yes"?><response><header><resultCode>00</resultCode><resultMsg>NORMAL SERVICE.</resultMsg></header><body><items><item><거래금액>    17,300</거래금액><거래유형>중개거래</거래유형><건축년도>2013</건축년도><년>2022</년><도로명>남부순환로218길</도로명><도로명건물본번호코드>00037</도로명건물본번호코드><도로명건물부번호코드>00000</도로명건물부번호코드><도로명시군구코드>11620</도로명시군구코드><도로명일련번호코드>01</도로명일련번호코드><도로명지상지하코드>0</도로명지상지하코드><도로명코드>4160250</도로명코드><법정동> 봉천동</법정동><법정동본번코드>0867</법정동본번코드><법정동부번코드>0012</법정동부번코드><법정동시군구코드>11620</법정동시군구코드><법정동읍면동코드>10100</법정동읍면동코드><법정동지번코드>1</법정동지번코드><아파트>프라비다2</아파트><월>10</월><일>8</일><일련번호>11620-4853</일련번호><전용면적>20.45</전용면적><중개사소재지>서울 관악구</중개사소재지><지번>867-12</지번><지역코드>11620</지역코드><층>5</층><해제사유발생일> </해제사유발생일><해제여부> </해제여부></item><item><거래금액>    69,500</거래금액><거래유형>중개거래</거래유형><건축년도>2012</건축년도><년>2022</년><도로명>은천로34길</도로명><도로명건물본번호코드>00020</도로명건물본번호코드><도로명건물부번호코드>00000</도로명건물부번호코드><도로명시군구코드>11620</도로명시군구코드><도로명일련번호코드>01</도로명일련번호코드><도로명지상지하코드>0</도로명지상지하코드><도로명코드>4160624</도로명코드><법정동> 봉천동</법정동><법정동본번코드>0041</법정동본번코드><법정동부번코드>0274</법정동부번코드><법정동시군구코드>11620</법정동시군구코드><법정동읍면동코드>10100</법정동읍면동코드><법정동지번코드>1</법정동지번코드><아파트>에메랄드104동</아파트><월>10</월><일>13</일><일련번호>11620-4517</일련번호><전용면적>83.44</전용면적><중개사소재지>서울 관악구</중개사소재지><지번>41-274</지번><지역코드>11620</지역코드><층>6</층><해제사유발생일> </해제사유발생일><해제여부> </해제여부></item><item><거래금액>    99,000</거래금액><거래유형>중개거래</거래유형><건축년도>2003</건축년도><년>2022</년><도로명>성현로</도로명><도로명건물본번호코드>00080</도로명건물본번호코드><도로명건물부번호코드>00000</도로명건물부번호코드><도로명시군구코드>11620</도로명시군구코드><도로명일련번호코드>01</도로명일련번호코드><도로명지상지하코드>0</도로명지상지하코드><도로명코드>3120004</도로명코드><법정동> 봉천동</법정동><법정동본번코드>1712</법정동본번코드><법정동부번코드>0000</법정동부번코드><법정동시군구코드>11620</법정동시군구코드><법정동읍면동코드>10100</법정동읍면동코드><법정동지번코드>1</법정동지번코드><아파트>관악드림(동아)</아파트><월>10</월><일>14</일><일련번호>11620-4</일련번호><전용면적>114.75</전용면적><중개사소재지>서울 관악구</중개사소재지><지번>1712</지번><지역코드>11620</지역코드><층>10</층><해제사유발생일> </해제사유발생일><해제여부> </해제여부></item><item><거래금액>    50,000</거래금액><거래유형>중개거래</거래유형><건축년도>2005</건축년도><년>2022</년><도로명>남부순환로228길</도로명><도로명건물본번호코드>00085</도로명건물본번호코드><도로명건물부번호코드>00000</도로명건물부번호코드><도로명시군구코드>11620</도로명시군구코드><도로명일련번호코드>01</도로명일련번호코드><도로명지상지하코드>0</도로명지상지하코드><도로명코드>4160254</도로명코드><법정동> 봉천동</법정동><법정동본번코드>1608</법정동본번코드><법정동부번코드>0027</법정동부번코드><법정동시군구코드>11620</법정동시군구코드><법정동읍면동코드>10100</법정동읍면동코드><법정동지번코드>1</법정동지번코드><아파트>뉴파크플러스(1608-27)</아파트><월>10</월><일>17</일><일련번호>11620-1794</일련번호><전용면적>69.46</전용면적><중개사소재지>서울 관악구</중개사소재지><지번>1608-27</지번><지역코드>11620</지역코드><층>5</층><해제사유발생일> </해제사유발생일><해제여부> </해제여부></item><item><거래금액>    15,000</거래금액><거래유형>직거래</거래유형><건축년도>2012</건축년도><년>2022</년><도로명>남부순환로220길</도로명><도로명건물본번호코드>00029</도로명건물본번호코드><도로명건물부번호코드>00000</도로명건물부번호코드><도로명시군구코드>11620</도로명시군구코드><도로명일련번호코드>01</도로명일련번호코드><도로명지상지하코드>0</도로명지상지하코드><도로명코드>4160251</도로명코드><법정동> 봉천동</법정동><법정동본번코드>0863</법정동본번코드><법정동부번코드>0009</법정동부번코드><법정동시군구코드>11620</법정동시군구코드><법정동읍면동코드>10100</법정동읍면동코드><법정동지번코드>1</법정동지번코드><아파트>코스모블루</아파트><월>10</월><일>18</일><일련번호>11620-4792</일련번호><전용면적>14.25</전용면적><중개사소재지> </중개사소재지><지번>863-9</지번><지역코드>11620</지역코드><층>10</층><해제사유발생일> </해제사유발생일><해제여부> </해제여부></item><item><거래금액>    14,000</거래금액><거래유형>직거래</거래유형><건축년도>2012</건축년도><년>2022</년><도로명>남부순환로220길</도로명><도로명건물본번호코드>00029</도로명건물본번호코드><도로명건물부번호코드>00000</도로명건물부번호코드><도로명시군구코드>11620</도로명시군구코드><도로명일련번호코드>01</도로명일련번호코드><도로명지상지하코드>0</도로명지상지하코드><도로명코드>4160251</도로명코드><법정동> 봉천동</법정동><법정동본번코드>0863</법정동본번코드><법정동부번코드>0009</법정동부번코드><법정동시군구코드>11620</법정동시군구코드><법정동읍면동코드>10100</법정동읍면동코드><법정동지번코드>1</법정동지번코드><아파트>코스모블루</아파트><월>10</월><일>18</일><일련번호>11620-4792</일련번호><전용면적>13.09</전용면적><중개사소재지> </중개사소재지><지번>863-9</지번><지역코드>11620</지역코드><층>9</층><해제사유발생일> </해제사유발생일><해제여부> </해제여부></item><item><거래금액>    59,000</거래금액><거래유형>중개거래</거래유형><건축년도>2009</건축년도><년>2022</년><도로명>은천로15길</도로명><도로명건물본번호코드>00016</도로명건물본번호코드><도로명건물부번호코드>00000</도로명건물부번호코드><도로명시군구코드>11620</도로명시군구코드><도로명일련번호코드>01</도로명일련번호코드><도로명지상지하코드>0</도로명지상지하코드><도로명코드>4160609</도로명코드><법정동> 봉천동</법정동><법정동본번코드>1726</법정동본번코드><법정동부번코드>0000</법정동부번코드><법정동시군구코드>11620</법정동시군구코드><법정동읍면동코드>10100</법정동읍면동코드><법정동지번코드>1</법정동지번코드><아파트>관악청광플러스원</아파트><월>10</월><일>21</일><일련번호>11620-4509</일련번호><전용면적>59.81</전용면적><중개사소재지>서울 관악구</중개사소재지><지번>1726</지번><지역코드>11620</지역코드><층>4</층><해제사유발생일> </해제사유발생일><해제여부> </해제여부></item><item><거래금액>    14,000</거래금액><거래유형>직거래</거래유형><건축년도>2013</건축년도><년>2022</년><도로명>남부순환로218길</도로명><도로명건물본번호코드>00037</도로명건물본번호코드><도로명건물부번호코드>00000</도로명건물부번호코드><도로명시군구코드>11620</도로명시군구코드><도로명일련번호코드>01</도로명일련번호코드><도로명지상지하코드>0</도로명지상지하코드><도로명코드>4160250</도로명코드><법정동> 봉천동</법정동><법정동본번코드>0867</법정동본번코드><법정동부번코드>0012</법정동부번코드><법정동시군구코드>11620</법정동시군구코드><법정동읍면동코드>10100</법정동읍면동코드><법정동지번코드>1</법정동지번코드><아파트>프라비다2</아파트><월>10</월><일>25</일><일련번호>11620-4853</일련번호><전용면적>16.35</전용면적><중개사소재지> </중개사소재지><지번>867-12</지번><지역코드>11620</지역코드><층>13</층><해제사유발생일> </해제사유발생일><해제여부> </해제여부></item><item><거래금액>    12,500</거래금액><거래유형>중개거래</거래유형><건축년도>2012</건축년도><년>2022</년><도로명>남부순환로220길</도로명><도로명건물본번호코드>00029</도로명건물본번호코드><도로명건물부번호코드>00000</도로명건물부번호코드><도로명시군구코드>11620</도로명시군구코드><도로명일련번호코드>01</도로명일련번호코드><도로명지상지하코드>0</도로명지상지하코드><도로명코드>4160251</도로명코드><법정동> 봉천동</법정동><법정동본번코드>0863</법정동본번코드><법정동부번코드>0009</법정동부번코드><법정동시군구코드>11620</법정동시군구코드><법정동읍면동코드>10100</법정동읍면동코드><법정동지번코드>1</법정동지번코드><아파트>코스모블루</아파트><월>10</월><일>28</일><일련번호>11620-4792</일련번호><전용면적>14.25</전용면적><중개사소재지>서울 관악구</중개사소재지><지번>863-9</지번><지역코드>11620</지역코드><층>6</층><해제사유발생일> </해제사유발생일><해제여부> </해제여부></item><item><거래금액>    80,000</거래금액><거래유형>중개거래</거래유형><건축년도>2003</건축년도><년>2022</년><도로명>성현로</도로명><도로명건물본번호코드>00080</도로명건물본번호코드><도로명건물부번호코드>00000</도로명건물부번호코드><도로명시군구코드>11620</도로명시군구코드><도로명일련번호코드>01</도로명일련번호코드><도로명지상지하코드>0</도로명지상지하코드><도로명코드>3120004</도로명코드><법정동> 봉천동</법정동><법정동본번코드>1712</법정동본번코드><법정동부번코드>0000</법정동부번코드><법정동시군구코드>11620</법정동시군구코드><법정동읍면동코드>10100</법정동읍면동코드><법정동지번코드>1</법정동지번코드><아파트>관악드림(동아)</아파트><월>10</월><일>29</일><일련번호>11620-4</일련번호><전용면적>84.96</전용면적><중개사소재지>서울 관악구</중개사소재지><지번>1712</지번><지역코드>11620</지역코드><층>9</층><해제사유발생일> </해제사유발생일><해제여부> </해제여부></item><item><거래금액>    87,000</거래금액><거래유형>중개거래</거래유형><건축년도>2019</건축년도><년>2022</년><도로명>청룡10길</도로명><도로명건물본번호코드>00045</도로명건물본번호코드><도로명건물부번호코드>00000</도로명건물부번호코드><도로명시군구코드>11620</도로명시군구코드><도로명일련번호코드>00</도로명일련번호코드><도로명코드>4160712</도로명코드><법정동> 봉천동</법정동><법정동본번코드>1730</법정동본번코드><법정동부번코드>0000</법정동부번코드><법정동시군구코드>11620</법정동시군구코드><법정동읍면동코드>10100</법정동읍면동코드><법정동지번코드>1</법정동지번코드><아파트>e편한세상서울대입구1단지</아파트><월>10</월><일>30</일><일련번호>11620-5925</일련번호><전용면적>59.9</전용면적><중개사소재지>서울 관악구</중개사소재지><지번>1730</지번><지역코드>11620</지역코드><층>4</층><해제사유발생일> </해제사유발생일><해제여부> </해제여부></item><item><거래금액>    80,000</거래금액><거래유형>중개거래</거래유형><건축년도>2005</건축년도><년>2022</년><도로명>남부순환로</도로명><도로명건물본번호코드>01430</도로명건물본번호코드><도로명건물부번호코드>00000</도로명건물부번호코드><도로명시군구코드>11620</도로명시군구코드><도로명일련번호코드>02</도로명일련번호코드><도로명지상지하코드>0</도로명지상지하코드><도로명코드>2000003</도로명코드><법정동> 신림동</법정동><법정동본번코드>1730</법정동본번코드><법정동부번코드>0000</법정동부번코드><법정동시군구코드>11620</법정동시군구코드><법정동읍면동코드>10200</법정동읍면동코드><법정동지번코드>1</법정동지번코드><아파트>신림푸르지오</아파트><월>10</월><일>6</일><일련번호>11620-183</일련번호><전용면적>84.87</전용면적><중개사소재지>서울 금천구</중개사소재지><지번>1730</지번><지역코드>11620</지역코드><층>1</층><해제사유발생일> </해제사유발생일><해제여부> </해제여부></item><item><거래금액>    21,600</거래금액><거래유형>중개거래</거래유형><건축년도>2021</건축년도><년>2022</년><도로명>시흥대로</도로명><도로명건물본번호코드>00558</도로명건물본번호코드><도로명건물부번호코드>00001</도로명건물부번호코드><도로명시군구코드>11620</도로명시군구코드><도로명일련번호코드>01</도로명일련번호코드><도로명지상지하코드>0</도로명지상지하코드><도로명코드>2005010</도로명코드><법정동> 신림동</법정동><법정동본번코드>1655</법정동본번코드><법정동부번코드>0017</법정동부번코드><법정동시군구코드>11620</법정동시군구코드><법정동읍면동코드>10200</법정동읍면동코드><법정동지번코드>1</법정동지번코드><아파트>G밸리마인드</아파트><월>10</월><일>14</일><일련번호>11620-6063</일련번호><전용면적>14.96</전용면적><중개사소재지>서울 관악구</중개사소재지><지번>1655-17</지번><지역코드>11620</지역코드><층>14</층><해제사유발생일> </해제사유발생일><해제여부> </해제여부></item><item><거래금액>     9,500</거래금액><거래유형>중개거래</거래유형><건축년도>2012</건축년도><년>2022</년><도로명>봉천로12길</도로명><도로명건물본번호코드>00028</도로명건물본번호코드><도로명건물부번호코드>00000</도로명건물부번호코드><도로명시군구코드>11620</도로명시군구코드><도로명일련번호코드>01</도로명일련번호코드><도로명지상지하코드>0</도로명지상지하코드><도로명코드>4160397</도로명코드><법정동> 신림동</법정동><법정동본번코드>1425</법정동본번코드><법정동부번코드>0004</법정동부번코드><법정동시군구코드>11620</법정동시군구코드><법정동읍면동코드>10200</법정동읍면동코드><법정동지번코드>1</법정동지번코드><아파트>코스모그린</아파트><월>10</월><일>18</일><일련번호>11620-4732</일련번호><전용면적>12.21</전용면적><중개사소재지>서울 관악구</중개사소재지><지번>1425-4</지번><지역코드>11620</지역코드><층>7</층><해제사유발생일> </해제사유발생일><해제여부> </해제여부></item><item><거래금액>    79,000</거래금액><거래유형>중개거래</거래유형><건축년도>2004</건축년도><년>2022</년><도로명>남현7길</도로명><도로명건물본번호코드>00003</도로명건물본번호코드><도로명건물부번호코드>00000</도로명건물부번호코드><도로명시군구코드>11620</도로명시군구코드><도로명일련번호코드>01</도로명일련번호코드><도로명지상지하코드>0</도로명지상지하코드><도로명코드>4160296</도로명코드><법정동> 남현동</법정동><법정동본번코드>1134</법정동본번코드><법정동부번코드>0000</법정동부번코드><법정동시군구코드>11620</법정동시군구코드><법정동읍면동코드>10300</법정동읍면동코드><법정동지번코드>1</법정동지번코드><아파트>예성2차그린캐슬</아파트><월>10</월><일>10</일><일련번호>11620-91</일련번호><전용면적>84.17</전용면적><중개사소재지>서울 관악구, 서울 용산구</중개사소재지><지번>1134</지번><지역코드>11620</지역코드><층>1</층><해제사유발생일> </해제사유발생일><해제여부> </해제여부></item></items><numOfRows>999</numOfRows><pageNo>1</pageNo><totalCount>15</totalCount></body></response>