<?xml version="1.0" encoding="UTF-8" standalone="yes"?><response><header><resultCode>00</resultCode><resultMsg>NORMAL SERVICE.</resultMsg></header><body><items><item><거래금액>    37,000</거래금액><거래유형>직거래</거래유형><건축년도>2002</건축년도><년>2022</년><도로명>천호대로107길</도로명><도로명건물본번호코드>00026</도로명건물본번호코드><도로명건물부번호코드>00000</도로명건물부번호코드><도로명시군구코드>11215</도로명시군구코드><도로명일련번호코드>01</도로명일련번호코드><도로명지상지하코드>0</도로명지상지하코드><도로명코드>4112497</도로명코드><법정동> 중곡동</법정동><법정동본번코드>0646</법정동본번코드><법정동부번코드>0010</법정동부번코드><법정동시군구코드>11215</법정동시군구코드><법정동읍면동코드>10100</법정동읍면동코드><법정동지번코드>1</법정동지번코드><아파트>광남캐스빌3차</아파트><월>9</월><일>17</일><일련번호>11215-97</일련번호><전용면적>57.37</전용면적><중개사소재지> </중개사소재지><지번>646-10</지번><지역코드>11215</지역코드><층>6</층><해제사유발생일> </해제사유발생일><해제여부> </해제여부></item><item><거래금액>    53,000</거래금액><거래유형>중개거래</거래유형><건축년도>1998</건축년도><년>2022</년><도로명>동일로</도로명><도로명건물본번호코드>00459</도로명건물본번호코드><도로명건물부번호코드>00000</도로명건물부번호코드><도로명시군구코드>11215</도로명시군구코드><도로명일련번호코드>01</도로명일련번호코드><도로명지상지하코드>0</도로명지상지하코드><도로명코드>3000001</도로명코드><법정동> 중곡동</법정동><법정동본번코드>0681</법정동본번코드><법정동부번코드>0000</법정동부번코드><법정동시군구코드>11215</법정동시군구코드><법정동읍면동코드>10100</법정동읍면동코드><법정동지번코드>1</법정동지번코드><아파트>성원</아파트><월>9</월><일>19</일><일련번호>11215-85</일련번호><전용면적>59.82</전용면적><중개사소재지>서울 중랑구</중개사소재지><지번>681</지번><지역코드>11215</지역코드><층>23</층><해제사유발생일> </해제사유발생일><해제여부> </해제여부></item><item><거래금액>    72,000</거래금액><거래유형>중개거래</거래유형><건축년도>2009</건축년도><년>2022</년><도로명>영화사로16길</도로명><도로명건물본번호코드>00043</도로명건물본번호코드><도로명건물부번호코드>00000</도로명건물부번호코드><도로명시군구코드>11215</도로명시군구코드><도로명일련번호코드>01</도로명일련번호코드><도로명지상지하코드>0</도로명지상지하코드><도로명코드>4112364</도로명코드><법정동> 구의동</법정동><법정동본번코드>0662</법정동본번코드><법정동부번코드>0000</법정동부번코드><법정동시군구코드>11215</법정동시군구코드><법정동읍면동코드>10300</법정동읍면동코드><법정동지번코드>1</법정동지번코드><아파트>아차산한라아파트</아파트><월>9</월><일>7</일><일련번호>11215-2781</일련번호><전용면적>74.19</전용면적><중개사소재지>서울 광진구</중개사소재지><지번>662</지번><지역코드>11215</지역코드><층>6</층><해제사유발생일> </해제사유발생일><해제여부> </해제여부></item><item><거래금액>    99,000</거래금액><거래유형>중개거래</거래유형><건축년도>1996</건축년도><년>2022</년><도로명>아차산로</도로명><도로명건물본번호코드>00503</도로명건물본번호코드><도로명건물부번호코드>00023</도로명건물부번호코드><도로명시군구코드>11215</도로명시군구코드><도로명일련번호코드>00</도로명일련번호코드><도로명코드>3000002</도로명코드><법정동> 광장동</법정동><법정동본번코드>0566</법정동본번코드><법정동부번코드>0000</법정동부번코드><법정동시군구코드>11215</법정동시군구코드><법정동읍면동코드>10400</법정동읍면동코드><법정동지번코드>1</법정동지번코드><아파트>청구</아파트><월>9</월><일>7</일><일련번호>11215-14</일련번호><전용면적>59.95</전용면적><중개사소재지>서울 광진구</중개사소재지><지번>566</지번><지역코드>11215</지역코드><층>21</층><해제사유발생일> </해제사유발생일><해제여부> </해제여부></item><item><거래금액>   230,000</거래금액><거래유형>중개거래</거래유형><건축년도>1989</건축년도><년>2022</년><도로명>아차산로</도로명><도로명건물본번호코드>00552</도로명건물본번호코드><도로명건물부번호코드>00000</도로명건물부번호코드><도로명시군구코드>11215</도로명시군구코드><도로명일련번호코드>02</도로명일련번호코드><도로명지상지하코드>0</도로명지상지하코드><도로명코드>3000002</도로명코드><법정동> 광장동</법정동><법정동본번코드>0218</법정동본번코드><법정동부번코드>0001</법정동부번코드><법정동시군구코드>11215</법정동시군구코드><법정동읍면동코드>10400</법정동읍면동코드><법정동지번코드>1</법정동지번코드><아파트>극동2</아파트><월>9</월><일>17</일><일련번호>11215-4</일련번호><전용면적>156.91</전용면적><중개사소재지>서울 광진구</중개사소재지><지번>218-1</지번><지역코드>11215</지역코드><층>9</층><해제사유발생일> </해제사유발생일><해제여부> </해제여부></item><item><거래금액>   270,000</거래금액><거래유형>직거래</거래유형><건축년도>1978</건축년도><년>2022</년><도로명>아차산로</도로명><도로명건물본번호코드>00637</도로명건물본번호코드><도로명건물부번호코드>00000</도로명건물부번호코드><도로명시군구코드>11215</도로명시군구코드><도로명일련번호코드>00</도로명일련번호코드><도로명코드>3000002</도로명코드><법정동> 광장동</법정동><법정동본번코드>0145</법정동본번코드><법정동부번코드>0008</법정동부번코드><법정동시군구코드>11215</법정동시군구코드><법정동읍면동코드>10400</법정동읍면동코드><법정동지번코드>1</법정동지번코드><아파트>워커힐</아파트><월>9</월><일>29</일><일련번호>11215-11</일련번호><전용면적>226.54</전용면적><중개사소재지> </중개사소재지><지번>145-8</지번><지역코드>11215</지역코드><층>2</층><해제사유발생일> </해제사유발생일><해제여부> </해제여부></item><item><거래금액>   130,000</거래금액><거래유형>중개거래</거래유형><건축년도>2006</건축년도><년>2022</년><도로명>능동로</도로명><도로명건물본번호코드>00050</도로명건물본번호코드><도로명건물부번호코드>00000</도로명건물부번호코드><도로명시군구코드>11215</도로명시군구코드><도로명일련번호코드>03</도로명일련번호코드><도로명지상지하코드>0</도로명지상지하코드><도로명코드>3104007</도로명코드><법정동> 자양동</법정동><법정동본번코드>0507</법정동본번코드><법정동부번코드>0006</법정동부번코드><법정동시군구코드>11215</법정동시군구코드><법정동읍면동코드>10500</법정동읍면동코드><법정동지번코드>1</법정동지번코드><아파트>이튼타워리버2차</아파트><월>9</월><일>21</일><일련번호>11215-2429</일련번호><전용면적>84.73</전용면적><중개사소재지>서울 광진구</중개사소재지><지번>507-6</지번><지역코드>11215</지역코드><층>22</층><해제사유발생일> </해제사유발생일><해제여부> </해제여부></item><item><거래금액>    80,700</거래금액><거래유형>직거래</거래유형><건축년도>2001</건축년도><년>2022</년><도로명>자양번영로1길</도로명><도로명건물본번호코드>00057</도로명건물본번호코드><도로명건물부번호코드>00000</도로명건물부번호코드><도로명시군구코드>11215</도로명시군구코드><도로명일련번호코드>01</도로명일련번호코드><도로명지상지하코드>0</도로명지상지하코드><도로명코드>4112477</도로명코드><법정동> 자양동</법정동><법정동본번코드>0587</법정동본번코드><법정동부번코드>0006</법정동부번코드><법정동시군구코드>11215</법정동시군구코드><법정동읍면동코드>10500</법정동읍면동코드><법정동지번코드>1</법정동지번코드><아파트>대원리버빌</아파트><월>9</월><일>27</일><일련번호>11215-52</일련번호><전용면적>78.8</전용면적><중개사소재지> </중개사소재지><지번>587-6</지번><지역코드>11215</지역코드><층>2</층><해제사유발생일> </해제사유발생일><해제여부> </해제여부></item><item><거래금액>    17,000</거래금액><거래유형>중개거래</거래유형><건축년도>2014</건축년도><년>2022</년><도로명>능동로19길</도로명><도로명건물본번호코드>00035</도로명건물본번호코드><도로명건물부번호코드>00000</도로명건물부번호코드><도로명시군구코드>11215</도로명시군구코드><도로명일련번호코드>01</도로명일련번호코드><도로명지상지하코드>0</도로명지상지하코드><도로명코드>4112128</도로명코드><법정동> 화양동</법정동><법정동본번코드>0113</법정동본번코드><법정동부번코드>0001</법정동부번코드><법정동시군구코드>11215</법정동시군구코드><법정동읍면동코드>10700</법정동읍면동코드><법정동지번코드>1</법정동지번코드><아파트>광진코지웰</아파트><월>9</월><일>6</일><일련번호>11215-3509</일련번호><전용면적>18.63</전용면적><중개사소재지>서울 광진구</중개사소재지><지번>113-1</지번><지역코드>11215</지역코드><층>11</층><해제사유발생일> </해제사유발생일><해제여부> </해제여부></item><item><거래금액>    74,000</거래금액><거래유형>중개거래</거래유형><건축년도>1999</건축년도><년>2022</년><도로명>능동로19길</도로명><도로명건물본번호코드>00047</도로명건물본번호코드><도로명건물부번호코드>00000</도로명건물부번호코드><도로명시군구코드>11215</도로명시군구코드><도로명일련번호코드>01</도로명일련번호코드><도로명지상지하코드>0</도로명지상지하코드><도로명코드>4112128</도로명코드><법정동> 화양동</법정동><법정동본번코드>0110</법정동본번코드><법정동부번코드>0037</법정동부번코드><법정동시군구코드>11215</법정동시군구코드><법정동읍면동코드>10700</법정동읍면동코드><법정동지번코드>1</법정동지번코드><아파트>화양타워</아파트><월>9</월><일>14</일><일련번호>11215-98</일련번호><전용면적>105.04</전용면적><중개사소재지>서울 광진구</중개사소재지><지번>110-37</지번><지역코드>11215</지역코드><층>11</층><해제사유발생일> </해제사유발생일><해제여부> </해제여부></item><item><거래금액>    15,000</거래금액><거래유형>중개거래</거래유형><건축년도>2014</건축년도><년>2022</년><도로명>능동로19길</도로명><도로명건물본번호코드>00035</도로명건물본번호코드><도로명건물부번호코드>00000</도로명건물부번호코드><도로명시군구코드>11215</도로명시군구코드><도로명일련번호코드>01</도로명일련번호코드><도로명지상지하코드>0</도로명지상지하코드><도로명코드>4112128</도로명코드><법정동> 화양동</법정동><법정동본번코드>0113</법정동본번코드><법정동부번코드>0001</법정동부번코드><법정동시군구코드>11215</법정동시군구코드><법정동읍면동코드>10700</법정동읍면동코드><법정동지번코드>1</법정동지번코드><아파트>광진코지웰</아파트><월>9</월><일>23</일><일련번호>11215-3509</일련번호><전용면적>13.83</전용면적><중개사소재지>서울 광진구</중개사소재지><지번>113-1</지번><지역코드>11215</지역코드><층>9</층><해제사유발생일> </해제사유발생일><해제여부> </해제여부></item><item><거래금액>    95,000</거래금액><거래유형>중개거래</거래유형><건축년도>1996</건축년도><년>2022</년><도로명>군자로12길</도로명><도로명건물본번호코드>00046</도로명건물본번호코드><도로명건물부번호코드>00000</도로명건물부번호코드><도로명시군구코드>11215</도로명시군구코드><도로명일련번호코드>01</도로명일련번호코드><도로명지상지하코드>0</도로명지상지하코드><도로명코드>4112068</도로명코드><법정동> 군자동</법정동><법정동본번코드>0099</법정동본번코드><법정동부번코드>0000</법정동부번코드><법정동시군구코드>11215</법정동시군구코드><법정동읍면동코드>10900</법정동읍면동코드><법정동지번코드>1</법정동지번코드><아파트>일성파크</아파트><월>9</월><일>15</일><일련번호>11215-41</일련번호><전용면적>79.28</전용면적><중개사소재지>서울 광진구</중개사소재지><지번>99</지번><지역코드>11215</지역코드><층>13</층><해제사유발생일> </해제사유발생일><해제여부> </해제여부></item></items><numOfRows>999</numOfRows><pageNo>1</pageNo><totalCount>12</totalCount></body></response>