<?xml version="1.0" encoding="UTF-8" standalone="yes"?><response><header><resultCode>00</resultCode><resultMsg>NORMAL SERVICE.</resultMsg></header><body><items><item><거래금액>   100,000</거래금액><거래유형>직거래</거래유형><건축년도>1996</건축년도><년>2022</년><도로명>광나루로56길</도로명><도로명건물본번호코드>00032</도로명건물본번호코드><도로명건물부번호코드>00000</도로명건물부번호코드><도로명시군구코드>11215</도로명시군구코드><도로명일련번호코드>01</도로명일련번호코드><도로명지상지하코드>0</도로명지상지하코드><도로명코드>4112040</도로명코드><법정동> 구의동</법정동><법정동본번코드>0611</법정동본번코드><법정동부번코드>0000</법정동부번코드><법정동시군구코드>11215</법정동시군구코드><법정동읍면동코드>10300</법정동읍면동코드><법정동지번코드>1</법정동지번코드><아파트>구의현대2단지</아파트><월>11</월><일>18</일><일련번호>11215-25</일련번호><전용면적>84.91</전용면적><중개사소재지> </중개사소재지><지번>611</지번><지역코드>11215</지역코드><층>5</층><해제사유발생일> </해제사유발생일><해제여부> </해제여부></item><item><거래금액>   185,000</거래금액><거래유형>중개거래</거래유형><건축년도>2011</건축년도><년>2022</년><도로명>아차산로78길</도로명><도로명건물본번호코드>00007</도로명건물본번호코드><도로명건물부번호코드>00000</도로명건물부번호코드><도로명시군구코드>11215</도로명시군구코드><도로명일련번호코드>01</도로명일련번호코드><도로명지상지하코드>0</도로명지상지하코드><도로명코드>4112359</도로명코드><법정동> 광장동</법정동><법정동본번코드>0121</법정동본번코드><법정동부번코드>0000</법정동부번코드><법정동시군구코드>11215</법정동시군구코드><법정동읍면동코드>10400</법정동읍면동코드><법정동지번코드>1</법정동지번코드><아파트>유진스웰</아파트><월>11</월><일>30</일><일련번호>11215-2919</일련번호><전용면적>165.327</전용면적><중개사소재지>서울 광진구</중개사소재지><지번>121</지번><지역코드>11215</지역코드><층>3</층><해제사유발생일> </해제사유발생일><해제여부> </해제여부></item><item><거래금액>   105,000</거래금액><거래유형>중개거래</거래유형><건축년도>1991</건축년도><년>2022</년><도로명>능동로3길</도로명><도로명건물본번호코드>00053</도로명건물본번호코드><도로명건물부번호코드>00000</도로명건물부번호코드><도로명시군구코드>11215</도로명시군구코드><도로명일련번호코드>01</도로명일련번호코드><도로명지상지하코드>0</도로명지상지하코드><도로명코드>4112151</도로명코드><법정동> 자양동</법정동><법정동본번코드>0057</법정동본번코드><법정동부번코드>0103</법정동부번코드><법정동시군구코드>11215</법정동시군구코드><법정동읍면동코드>10500</법정동읍면동코드><법정동지번코드>1</법정동지번코드><아파트>한강극동</아파트><월>11</월><일>16</일><일련번호>11215-44</일련번호><전용면적>84.45</전용면적><중개사소재지>서울 광진구</중개사소재지><지번>57-103</지번><지역코드>11215</지역코드><층>11</층><해제사유발생일> </해제사유발생일><해제여부> </해제여부></item><item><거래금액>    80,000</거래금액><거래유형>중개거래</거래유형><건축년도>2021</건축년도><년>2022</년><도로명>능동로</도로명><도로명건물본번호코드>00069</도로명건물본번호코드><도로명건물부번호코드>00000</도로명건물부번호코드><도로명시군구코드>11215</도로명시군구코드><도로명일련번호코드>03</도로명일련번호코드><도로명지상지하코드>0</도로명지상지하코드><도로명코드>3104007</도로명코드><법정동> 자양동</법정동><법정동본번코드>0861</법정동본번코드><법정동부번코드>0000</법정동부번코드><법정동시군구코드>11215</법정동시군구코드><법정동읍면동코드>10500</법정동읍면동코드><법정동지번코드>1</법정동지번코드><아파트>자양호반써밋</아파트><월>11</월><일>27</일><일련번호>11215-4849</일련번호><전용면적>40.2673</전용면적><중개사소재지>서울 광진구</중개사소재지><지번>861</지번><지역코드>11215</지역코드><층>10</층><해제사유발생일> </해제사유발생일><해제여부> </해제여부></item><item><거래금액>    85,000</거래금액><거래유형>직거래</거래유형><건축년도>1989</건축년도><년>2022</년><도로명>뚝섬로</도로명><도로명건물본번호코드>00576</도로명건물본번호코드><도로명건물부번호코드>00000</도로명건물부번호코드><도로명시군구코드>11215</도로명시군구코드><도로명일련번호코드>02</도로명일련번호코드><도로명지상지하코드>0</도로명지상지하코드><도로명코드>3103010</도로명코드><법정동> 자양동</법정동><법정동본번코드>0520</법정동본번코드><법정동부번코드>0002</법정동부번코드><법정동시군구코드>11215</법정동시군구코드><법정동읍면동코드>10500</법정동읍면동코드><법정동지번코드>1</법정동지번코드><아파트>우성2</아파트><월>11</월><일>28</일><일련번호>11215-56</일련번호><전용면적>51.57</전용면적><중개사소재지> </중개사소재지><지번>520-2</지번><지역코드>11215</지역코드><층>12</층><해제사유발생일> </해제사유발생일><해제여부> </해제여부></item><item><거래금액>    17,000</거래금액><거래유형>중개거래</거래유형><건축년도>2017</건축년도><년>2022</년><도로명>광나루로20길</도로명><도로명건물본번호코드>00017</도로명건물본번호코드><도로명건물부번호코드>00000</도로명건물부번호코드><도로명시군구코드>11215</도로명시군구코드><도로명일련번호코드>00</도로명일련번호코드><도로명지상지하코드>0</도로명지상지하코드><도로명코드>4112013</도로명코드><법정동> 화양동</법정동><법정동본번코드>0530</법정동본번코드><법정동부번코드>0000</법정동부번코드><법정동시군구코드>11215</법정동시군구코드><법정동읍면동코드>10700</법정동읍면동코드><법정동지번코드>1</법정동지번코드><아파트>씨즈건대힐스</아파트><월>11</월><일>4</일><일련번호>11215-4313</일련번호><전용면적>14.23</전용면적><중개사소재지>서울 광진구</중개사소재지><지번>530</지번><지역코드>11215</지역코드><층>4</층><해제사유발생일>22.12.22</해제사유발생일><해제여부>O</해제여부></item><item><거래금액>    15,000</거래금액><거래유형>중개거래</거래유형><건축년도>2017</건축년도><년>2022</년><도로명>광나루로20길</도로명><도로명건물본번호코드>00017</도로명건물본번호코드><도로명건물부번호코드>00000</도로명건물부번호코드><도로명시군구코드>11215</도로명시군구코드><도로명일련번호코드>00</도로명일련번호코드><도로명지상지하코드>0</도로명지상지하코드><도로명코드>4112013</도로명코드><법정동> 화양동</법정동><법정동본번코드>0530</법정동본번코드><법정동부번코드>0000</법정동부번코드><법정동시군구코드>11215</법정동시군구코드><법정동읍면동코드>10700</법정동읍면동코드><법정동지번코드>1</법정동지번코드><아파트>씨즈건대힐스</아파트><월>11</월><일>25</일><일련번호>11215-4313</일련번호><전용면적>14.23</전용면적><중개사소재지>서울 광진구</중개사소재지><지번>530</지번><지역코드>11215</지역코드><층>7</층><해제사유발생일> </해제사유발생일><해제여부> </해제여부></item><item><거래금액>    16,000</거래금액><거래유형>직거래</거래유형><건축년도>2014</건축년도><년>2022</년><도로명>동일로</도로명><도로명건물본번호코드>00190</도로명건물본번호코드><도로명건물부번호코드>00000</도로명건물부번호코드><도로명시군구코드>11215</도로명시군구코드><도로명일련번호코드>04</도로명일련번호코드><도로명지상지하코드>0</도로명지상지하코드><도로명코드>3000001</도로명코드><법정동> 군자동</법정동><법정동본번코드>0355</법정동본번코드><법정동부번코드>0005</법정동부번코드><법정동시군구코드>11215</법정동시군구코드><법정동읍면동코드>10900</법정동읍면동코드><법정동지번코드>1</법정동지번코드><아파트>에피소드1</아파트><월>11</월><일>10</일><일련번호>11215-3445</일련번호><전용면적>17.81</전용면적><중개사소재지> </중개사소재지><지번>355-5</지번><지역코드>11215</지역코드><층>8</층><해제사유발생일> </해제사유발생일><해제여부> </해제여부></item></items><numOfRows>999</numOfRows><pageNo>1</pageNo><totalCount>8</totalCount></body></response>