<?xml version="1.0" encoding="UTF-8" standalone="yes"?><response><header><resultCode>00</resultCode><resultMsg>NORMAL SERVICE.</resultMsg></header><body><items><item><거래금액>    15,000</거래금액><거래유형>직거래</거래유형><건축년도>2012</건축년도><년>2022</년><도로명>남부순환로220길</도로명><도로명건물본번호코드>00029</도로명건물본번호코드><도로명건물부번호코드>00000</도로명건물부번호코드><도로명시군구코드>11620</도로명시군구코드><도로명일련번호코드>01</도로명일련번호코드><도로명지상지하코드>0</도로명지상지하코드><도로명코드>4160251</도로명코드><법정동> 봉천동</법정동><법정동본번코드>0863</법정동본번코드><법정동부번코드>0009</법정동부번코드><법정동시군구코드>11620</법정동시군구코드><법정동읍면동코드>10100</법정동읍면동코드><법정동지번코드>1</법정동지번코드><아파트>코스모블루</아파트><월>11</월><일>4</일><일련번호>11620-4792</일련번호><전용면적>13.09</전용면적><중개사소재지> </중개사소재지><지번>863-9</지번><지역코드>11620</지역코드><층>9</층><해제사유발생일> </해제사유발생일><해제여부> </해제여부></item><item><거래금액>    47,000</거래금액><거래유형>직거래</거래유형><건축년도>2012</건축년도><년>2022</년><도로명>은천로34길</도로명><도로명건물본번호코드>00020</도로명건물본번호코드><도로명건물부번호코드>00000</도로명건물부번호코드><도로명시군구코드>11620</도로명시군구코드><도로명일련번호코드>01</도로명일련번호코드><도로명지상지하코드>0</도로명지상지하코드><도로명코드>4160624</도로명코드><법정동> 봉천동</법정동><법정동본번코드>0041</법정동본번코드><법정동부번코드>0274</법정동부번코드><법정동시군구코드>11620</법정동시군구코드><법정동읍면동코드>10100</법정동읍면동코드><법정동지번코드>1</법정동지번코드><아파트>에메랄드104동</아파트><월>11</월><일>7</일><일련번호>11620-4517</일련번호><전용면적>83.44</전용면적><중개사소재지> </중개사소재지><지번>41-274</지번><지역코드>11620</지역코드><층>5</층><해제사유발생일> </해제사유발생일><해제여부> </해제여부></item><item><거래금액>    81,000</거래금액><거래유형>중개거래</거래유형><건축년도>2004</건축년도><년>2022</년><도로명>관악로30길</도로명><도로명건물본번호코드>00027</도로명건물본번호코드><도로명건물부번호코드>00000</도로명건물부번호코드><도로명시군구코드>11620</도로명시군구코드><도로명일련번호코드>01</도로명일련번호코드><도로명지상지하코드>0</도로명지상지하코드><도로명코드>4160018</도로명코드><법정동> 봉천동</법정동><법정동본번코드>1717</법정동본번코드><법정동부번코드>0000</법정동부번코드><법정동시군구코드>11620</법정동시군구코드><법정동읍면동코드>10100</법정동읍면동코드><법정동지번코드>1</법정동지번코드><아파트>관악푸르지오</아파트><월>11</월><일>10</일><일련번호>11620-102</일련번호><전용면적>59.58</전용면적><중개사소재지>서울 관악구, 서울 동작구</중개사소재지><지번>1717</지번><지역코드>11620</지역코드><층>22</층><해제사유발생일> </해제사유발생일><해제여부> </해제여부></item><item><거래금액>    90,000</거래금액><거래유형>중개거래</거래유형><건축년도>2019</건축년도><년>2022</년><도로명>청룡10길</도로명><도로명건물본번호코드>00045</도로명건물본번호코드><도로명건물부번호코드>00000</도로명건물부번호코드><도로명시군구코드>11620</도로명시군구코드><도로명일련번호코드>00</도로명일련번호코드><도로명코드>4160712</도로명코드><법정동> 봉천동</법정동><법정동본번코드>1730</법정동본번코드><법정동부번코드>0000</법정동부번코드><법정동시군구코드>11620</법정동시군구코드><법정동읍면동코드>10100</법정동읍면동코드><법정동지번코드>1</법정동지번코드><아파트>e편한세상서울대입구1단지</아파트><월>11</월><일>10</일><일련번호>11620-5925</일련번호><전용면적>59.9</전용면적><중개사소재지>서울 관악구</중개사소재지><지번>1730</지번><지역코드>11620</지역코드><층>12</층><해제사유발생일> </해제사유발생일><해제여부> </해제여부></item><item><거래금액>    38,500</거래금액><거래유형>중개거래</거래유형><건축년도>2005</건축년도><년>2022</년><도로명>남부순환로</도로명><도로명건물본번호코드>01990</도로명건물본번호코드><도로명건물부번호코드>00000</도로명건물부번호코드><도로명시군구코드>11620</도로명시군구코드><도로명일련번호코드>01</도로명일련번호코드><도로명지상지하코드>0</도로명지상지하코드><도로명코드>2000003</도로명코드><법정동> 봉천동</법정동><법정동본번코드>1654</법정동본번코드><법정동부번코드>0014</법정동부번코드><법정동시군구코드>11620</법정동시군구코드><법정동읍면동코드>10100</법정동읍면동코드><법정동지번코드>1</법정동지번코드><아파트>미래</아파트><월>11</월><일>11</일><일련번호>11620-4227</일련번호><전용면적>66.595</전용면적><중개사소재지>서울 관악구</중개사소재지><지번>1654-14</지번><지역코드>11620</지역코드><층>2</층><해제사유발생일> </해제사유발생일><해제여부> </해제여부></item><item><거래금액>    14,500</거래금액><거래유형>중개거래</거래유형><건축년도>1998</건축년도><년>2022</년><도로명>남부순환로</도로명><도로명건물본번호코드>01802</도로명건물본번호코드><도로명건물부번호코드>00000</도로명건물부번호코드><도로명시군구코드>11620</도로명시군구코드><도로명일련번호코드>01</도로명일련번호코드><도로명지상지하코드>0</도로명지상지하코드><도로명코드>2000003</도로명코드><법정동> 봉천동</법정동><법정동본번코드>0875</법정동본번코드><법정동부번코드>0001</법정동부번코드><법정동시군구코드>11620</법정동시군구코드><법정동읍면동코드>10100</법정동읍면동코드><법정동지번코드>1</법정동지번코드><아파트>관악캠퍼스타워</아파트><월>11</월><일>15</일><일련번호>11620-119</일련번호><전용면적>25.86</전용면적><중개사소재지>서울 관악구</중개사소재지><지번>875-1</지번><지역코드>11620</지역코드><층>14</층><해제사유발생일> </해제사유발생일><해제여부> </해제여부></item><item><거래금액>    12,000</거래금액><거래유형>중개거래</거래유형><건축년도>2012</건축년도><년>2022</년><도로명>남부순환로220길</도로명><도로명건물본번호코드>00029</도로명건물본번호코드><도로명건물부번호코드>00000</도로명건물부번호코드><도로명시군구코드>11620</도로명시군구코드><도로명일련번호코드>01</도로명일련번호코드><도로명지상지하코드>0</도로명지상지하코드><도로명코드>4160251</도로명코드><법정동> 봉천동</법정동><법정동본번코드>0863</법정동본번코드><법정동부번코드>0009</법정동부번코드><법정동시군구코드>11620</법정동시군구코드><법정동읍면동코드>10100</법정동읍면동코드><법정동지번코드>1</법정동지번코드><아파트>코스모블루</아파트><월>11</월><일>20</일><일련번호>11620-4792</일련번호><전용면적>13.09</전용면적><중개사소재지>서울 관악구</중개사소재지><지번>863-9</지번><지역코드>11620</지역코드><층>5</층><해제사유발생일> </해제사유발생일><해제여부> </해제여부></item><item><거래금액>    66,000</거래금액><거래유형>직거래</거래유형><건축년도>2006</건축년도><년>2022</년><도로명>청룡길</도로명><도로명건물본번호코드>00078</도로명건물본번호코드><도로명건물부번호코드>00000</도로명건물부번호코드><도로명시군구코드>11620</도로명시군구코드><도로명일련번호코드>01</도로명일련번호코드><도로명지상지하코드>0</도로명지상지하코드><도로명코드>4160727</도로명코드><법정동> 봉천동</법정동><법정동본번코드>1560</법정동본번코드><법정동부번코드>0061</법정동부번코드><법정동시군구코드>11620</법정동시군구코드><법정동읍면동코드>10100</법정동읍면동코드><법정동지번코드>1</법정동지번코드><아파트>서울대입구아이원(1560-61)</아파트><월>11</월><일>24</일><일련번호>11620-4341</일련번호><전용면적>84.89</전용면적><중개사소재지> </중개사소재지><지번>1560-61</지번><지역코드>11620</지역코드><층>5</층><해제사유발생일> </해제사유발생일><해제여부> </해제여부></item><item><거래금액>    53,000</거래금액><거래유형>중개거래</거래유형><건축년도>1994</건축년도><년>2022</년><도로명>신림로11길</도로명><도로명건물본번호코드>00151</도로명건물본번호코드><도로명건물부번호코드>00000</도로명건물부번호코드><도로명시군구코드>11620</도로명시군구코드><도로명일련번호코드>01</도로명일련번호코드><도로명지상지하코드>0</도로명지상지하코드><도로명코드>4160500</도로명코드><법정동> 신림동</법정동><법정동본번코드>0028</법정동본번코드><법정동부번코드>0009</법정동부번코드><법정동시군구코드>11620</법정동시군구코드><법정동읍면동코드>10200</법정동읍면동코드><법정동지번코드>2</법정동지번코드><아파트>신동아</아파트><월>11</월><일>3</일><일련번호>11620-57</일련번호><전용면적>84.3</전용면적><중개사소재지>서울 관악구</중개사소재지><지번>산28-9</지번><지역코드>11620</지역코드><층>3</층><해제사유발생일> </해제사유발생일><해제여부> </해제여부></item><item><거래금액>    43,000</거래금액><거래유형>중개거래</거래유형><건축년도>2013</건축년도><년>2022</년><도로명>신림로</도로명><도로명건물본번호코드>00175</도로명건물본번호코드><도로명건물부번호코드>00000</도로명건물부번호코드><도로명시군구코드>11620</도로명시군구코드><도로명일련번호코드>01</도로명일련번호코드><도로명지상지하코드>0</도로명지상지하코드><도로명코드>3120005</도로명코드><법정동> 신림동</법정동><법정동본번코드>0406</법정동본번코드><법정동부번코드>0069</법정동부번코드><법정동시군구코드>11620</법정동시군구코드><법정동읍면동코드>10200</법정동읍면동코드><법정동지번코드>1</법정동지번코드><아파트>GS파크뷰</아파트><월>11</월><일>3</일><일련번호>11620-4979</일련번호><전용면적>46.1</전용면적><중개사소재지>서울 관악구</중개사소재지><지번>406-69</지번><지역코드>11620</지역코드><층>5</층><해제사유발생일> </해제사유발생일><해제여부> </해제여부></item><item><거래금액>    80,000</거래금액><거래유형>중개거래</거래유형><건축년도>2005</건축년도><년>2022</년><도로명>호암로</도로명><도로명건물본번호코드>00519</도로명건물본번호코드><도로명건물부번호코드>00000</도로명건물부번호코드><도로명시군구코드>11620</도로명시군구코드><도로명일련번호코드>01</도로명일련번호코드><도로명지상지하코드>0</도로명지상지하코드><도로명코드>3000029</도로명코드><법정동> 신림동</법정동><법정동본번코드>1733</법정동본번코드><법정동부번코드>0000</법정동부번코드><법정동시군구코드>11620</법정동시군구코드><법정동읍면동코드>10200</법정동읍면동코드><법정동지번코드>1</법정동지번코드><아파트>벽산블루밍</아파트><월>11</월><일>3</일><일련번호>11620-4246</일련번호><전용면적>84.95</전용면적><중개사소재지>서울 관악구</중개사소재지><지번>1733</지번><지역코드>11620</지역코드><층>10</층><해제사유발생일> </해제사유발생일><해제여부> </해제여부></item><item><거래금액>    83,500</거래금액><거래유형>중개거래</거래유형><건축년도>1996</건축년도><년>2022</년><도로명>신림로3길</도로명><도로명건물본번호코드>00040</도로명건물본번호코드><도로명건물부번호코드>00000</도로명건물부번호코드><도로명시군구코드>11620</도로명시군구코드><도로명일련번호코드>01</도로명일련번호코드><도로명지상지하코드>0</도로명지상지하코드><도로명코드>4160522</도로명코드><법정동> 신림동</법정동><법정동본번코드>1703</법정동본번코드><법정동부번코드>0001</법정동부번코드><법정동시군구코드>11620</법정동시군구코드><법정동읍면동코드>10200</법정동읍면동코드><법정동지번코드>1</법정동지번코드><아파트>LIG대학마을(건영아파트3차)</아파트><월>11</월><일>11</일><일련번호>11620-39</일련번호><전용면적>84.82</전용면적><중개사소재지>서울 관악구</중개사소재지><지번>1703-1</지번><지역코드>11620</지역코드><층>13</층><해제사유발생일> </해제사유발생일><해제여부> </해제여부></item><item><거래금액>    13,600</거래금액><거래유형>중개거래</거래유형><건축년도>2013</건축년도><년>2022</년><도로명>신림로65길</도로명><도로명건물본번호코드>00027</도로명건물본번호코드><도로명건물부번호코드>00000</도로명건물부번호코드><도로명시군구코드>11620</도로명시군구코드><도로명일련번호코드>01</도로명일련번호코드><도로명지상지하코드>0</도로명지상지하코드><도로명코드>4160544</도로명코드><법정동> 신림동</법정동><법정동본번코드>1433</법정동본번코드><법정동부번코드>0055</법정동부번코드><법정동시군구코드>11620</법정동시군구코드><법정동읍면동코드>10200</법정동읍면동코드><법정동지번코드>1</법정동지번코드><아파트>프라비다트라움</아파트><월>11</월><일>26</일><일련번호>11620-5002</일련번호><전용면적>14.05</전용면적><중개사소재지>서울 관악구</중개사소재지><지번>1433-55</지번><지역코드>11620</지역코드><층>11</층><해제사유발생일> </해제사유발생일><해제여부> </해제여부></item><item><거래금액>    67,000</거래금액><거래유형>중개거래</거래유형><건축년도>2003</건축년도><년>2022</년><도로명>남현길</도로명><도로명건물본번호코드>00144</도로명건물본번호코드><도로명건물부번호코드>00000</도로명건물부번호코드><도로명시군구코드>11620</도로명시군구코드><도로명일련번호코드>01</도로명일련번호코드><도로명지상지하코드>0</도로명지상지하코드><도로명코드>4160298</도로명코드><법정동> 남현동</법정동><법정동본번코드>1132</법정동본번코드><법정동부번코드>0000</법정동부번코드><법정동시군구코드>11620</법정동시군구코드><법정동읍면동코드>10300</법정동읍면동코드><법정동지번코드>1</법정동지번코드><아파트>흥화브라운빌</아파트><월>11</월><일>15</일><일련번호>11620-103</일련번호><전용면적>59.88</전용면적><중개사소재지>서울 관악구</중개사소재지><지번>1132</지번><지역코드>11620</지역코드><층>12</층><해제사유발생일> </해제사유발생일><해제여부> </해제여부></item></items><numOfRows>999</numOfRows><pageNo>1</pageNo><totalCount>14</totalCount></body></response>