<?xml version="1.0" encoding="UTF-8" standalone="yes"?><response><header><resultCode>00</resultCode><resultMsg>NORMAL SERVICE.</resultMsg></header><body><items><item><거래금액>    72,000</거래금액><거래유형>중개거래</거래유형><건축년도>2000</건축년도><년>2023</년><도로명>봉천로</도로명><도로명건물본번호코드>00387</도로명건물본번호코드><도로명건물부번호코드>00000</도로명건물부번호코드><도로명시군구코드>11620</도로명시군구코드><도로명일련번호코드>01</도로명일련번호코드><도로명지상지하코드>0</도로명지상지하코드><도로명코드>3005083</도로명코드><법정동> 봉천동</법정동><법정동본번코드>1708</법정동본번코드><법정동부번코드>0000</법정동부번코드><법정동시군구코드>11620</법정동시군구코드><법정동읍면동코드>10100</법정동읍면동코드><법정동지번코드>1</법정동지번코드><아파트>두산</아파트><월>2</월><일>2</일><일련번호>11620-11</일련번호><전용면적>59.92</전용면적><중개사소재지>서울 관악구</중개사소재지><지번>1708</지번><지역코드>11620</지역코드><층>7</층><해제사유발생일> </해제사유발생일><해제여부> </해제여부></item><item><거래금액>    18,300</거래금액><거래유형>중개거래</거래유형><건축년도>2018</건축년도><년>2023</년><도로명>쑥고개로</도로명><도로명건물본번호코드>00123</도로명건물본번호코드><도로명건물부번호코드>00000</도로명건물부번호코드><도로명시군구코드>11620</도로명시군구코드><도로명일련번호코드>01</도로명일련번호코드><도로명지상지하코드>0</도로명지상지하코드><도로명코드>3120008</도로명코드><법정동> 봉천동</법정동><법정동본번코드>1568</법정동본번코드><법정동부번코드>0001</법정동부번코드><법정동시군구코드>11620</법정동시군구코드><법정동읍면동코드>10100</법정동읍면동코드><법정동지번코드>1</법정동지번코드><아파트>서울대입구한양아이클래스</아파트><월>2</월><일>2</일><일련번호>11620-5860</일련번호><전용면적>15.96</전용면적><중개사소재지>서울 관악구</중개사소재지><지번>1568-1</지번><지역코드>11620</지역코드><층>17</층><해제사유발생일> </해제사유발생일><해제여부> </해제여부></item><item><거래금액>    19,000</거래금액><거래유형>중개거래</거래유형><건축년도>2013</건축년도><년>2023</년><도로명>남부순환로218길</도로명><도로명건물본번호코드>00037</도로명건물본번호코드><도로명건물부번호코드>00000</도로명건물부번호코드><도로명시군구코드>11620</도로명시군구코드><도로명일련번호코드>01</도로명일련번호코드><도로명지상지하코드>0</도로명지상지하코드><도로명코드>4160250</도로명코드><법정동> 봉천동</법정동><법정동본번코드>0867</법정동본번코드><법정동부번코드>0012</법정동부번코드><법정동시군구코드>11620</법정동시군구코드><법정동읍면동코드>10100</법정동읍면동코드><법정동지번코드>1</법정동지번코드><아파트>프라비다2</아파트><월>2</월><일>2</일><일련번호>11620-4853</일련번호><전용면적>27.09</전용면적><중개사소재지>서울 관악구</중개사소재지><지번>867-12</지번><지역코드>11620</지역코드><층>12</층><해제사유발생일> </해제사유발생일><해제여부> </해제여부></item><item><거래금액>    67,000</거래금액><거래유형>중개거래</거래유형><건축년도>2004</건축년도><년>2023</년><도로명>관악로30길</도로명><도로명건물본번호코드>00027</도로명건물본번호코드><도로명건물부번호코드>00000</도로명건물부번호코드><도로명시군구코드>11620</도로명시군구코드><도로명일련번호코드>01</도로명일련번호코드><도로명지상지하코드>0</도로명지상지하코드><도로명코드>4160018</도로명코드><법정동> 봉천동</법정동><법정동본번코드>1717</법정동본번코드><법정동부번코드>0000</법정동부번코드><법정동시군구코드>11620</법정동시군구코드><법정동읍면동코드>10100</법정동읍면동코드><법정동지번코드>1</법정동지번코드><아파트>관악푸르지오</아파트><월>2</월><일>3</일><일련번호>11620-102</일련번호><전용면적>59.58</전용면적><중개사소재지>서울 관악구</중개사소재지><지번>1717</지번><지역코드>11620</지역코드><층>6</층><해제사유발생일> </해제사유발생일><해제여부> </해제여부></item><item><거래금액>   105,500</거래금액><거래유형>중개거래</거래유형><건축년도>2019</건축년도><년>2023</년><도로명>청룡10길</도로명><도로명건물본번호코드>00045</도로명건물본번호코드><도로명건물부번호코드>00000</도로명건물부번호코드><도로명시군구코드>11620</도로명시군구코드><도로명일련번호코드>00</도로명일련번호코드><도로명코드>4160712</도로명코드><법정동> 봉천동</법정동><법정동본번코드>1730</법정동본번코드><법정동부번코드>0000</법정동부번코드><법정동시군구코드>11620</법정동시군구코드><법정동읍면동코드>10100</법정동읍면동코드><법정동지번코드>1</법정동지번코드><아파트>e편한세상서울대입구1단지</아파트><월>2</월><일>4</일><일련번호>11620-5925</일련번호><전용면적>84.95</전용면적><중개사소재지>서울 관악구</중개사소재지><지번>1730</지번><지역코드>11620</지역코드><층>10</층><해제사유발생일> </해제사유발생일><해제여부> </해제여부></item><item><거래금액>    89,500</거래금액><거래유형>중개거래</거래유형><건축년도>2020</건축년도><년>2023</년><도로명>참숯1길</도로명><도로명건물본번호코드>00019</도로명건물본번호코드><도로명건물부번호코드>00000</도로명건물부번호코드><도로명시군구코드>11620</도로명시군구코드><도로명일련번호코드>00</도로명일련번호코드><도로명코드>4160824</도로명코드><법정동> 봉천동</법정동><법정동본번코드>1733</법정동본번코드><법정동부번코드>0000</법정동부번코드><법정동시군구코드>11620</법정동시군구코드><법정동읍면동코드>10100</법정동읍면동코드><법정동지번코드>1</법정동지번코드><아파트>e편한세상서울대입구2차</아파트><월>2</월><일>5</일><일련번호>11620-5987</일련번호><전용면적>59.87</전용면적><중개사소재지>서울 관악구</중개사소재지><지번>1733</지번><지역코드>11620</지역코드><층>15</층><해제사유발생일> </해제사유발생일><해제여부> </해제여부></item><item><거래금액>    18,000</거래금액><거래유형>중개거래</거래유형><건축년도>2018</건축년도><년>2023</년><도로명>쑥고개로</도로명><도로명건물본번호코드>00123</도로명건물본번호코드><도로명건물부번호코드>00000</도로명건물부번호코드><도로명시군구코드>11620</도로명시군구코드><도로명일련번호코드>01</도로명일련번호코드><도로명지상지하코드>0</도로명지상지하코드><도로명코드>3120008</도로명코드><법정동> 봉천동</법정동><법정동본번코드>1568</법정동본번코드><법정동부번코드>0001</법정동부번코드><법정동시군구코드>11620</법정동시군구코드><법정동읍면동코드>10100</법정동읍면동코드><법정동지번코드>1</법정동지번코드><아파트>서울대입구한양아이클래스</아파트><월>2</월><일>7</일><일련번호>11620-5860</일련번호><전용면적>16.58</전용면적><중개사소재지>서울 관악구</중개사소재지><지번>1568-1</지번><지역코드>11620</지역코드><층>15</층><해제사유발생일> </해제사유발생일><해제여부> </해제여부></item><item><거래금액>    86,000</거래금액><거래유형>중개거래</거래유형><건축년도>2004</건축년도><년>2023</년><도로명>관악로30길</도로명><도로명건물본번호코드>00027</도로명건물본번호코드><도로명건물부번호코드>00000</도로명건물부번호코드><도로명시군구코드>11620</도로명시군구코드><도로명일련번호코드>01</도로명일련번호코드><도로명지상지하코드>0</도로명지상지하코드><도로명코드>4160018</도로명코드><법정동> 봉천동</법정동><법정동본번코드>1717</법정동본번코드><법정동부번코드>0000</법정동부번코드><법정동시군구코드>11620</법정동시군구코드><법정동읍면동코드>10100</법정동읍면동코드><법정동지번코드>1</법정동지번코드><아파트>관악푸르지오</아파트><월>2</월><일>10</일><일련번호>11620-102</일련번호><전용면적>84.75</전용면적><중개사소재지>서울 관악구</중개사소재지><지번>1717</지번><지역코드>11620</지역코드><층>12</층><해제사유발생일> </해제사유발생일><해제여부> </해제여부></item><item><거래금액>    18,200</거래금액><거래유형>중개거래</거래유형><건축년도>2018</건축년도><년>2023</년><도로명>쑥고개로</도로명><도로명건물본번호코드>00123</도로명건물본번호코드><도로명건물부번호코드>00000</도로명건물부번호코드><도로명시군구코드>11620</도로명시군구코드><도로명일련번호코드>01</도로명일련번호코드><도로명지상지하코드>0</도로명지상지하코드><도로명코드>3120008</도로명코드><법정동> 봉천동</법정동><법정동본번코드>1568</법정동본번코드><법정동부번코드>0001</법정동부번코드><법정동시군구코드>11620</법정동시군구코드><법정동읍면동코드>10100</법정동읍면동코드><법정동지번코드>1</법정동지번코드><아파트>서울대입구한양아이클래스</아파트><월>2</월><일>11</일><일련번호>11620-5860</일련번호><전용면적>15.96</전용면적><중개사소재지>서울 관악구</중개사소재지><지번>1568-1</지번><지역코드>11620</지역코드><층>15</층><해제사유발생일> </해제사유발생일><해제여부> </해제여부></item><item><거래금액>    75,000</거래금액><거래유형>직거래</거래유형><건축년도>2000</건축년도><년>2023</년><도로명>관악로30길</도로명><도로명건물본번호코드>00012</도로명건물본번호코드><도로명건물부번호코드>00000</도로명건물부번호코드><도로명시군구코드>11620</도로명시군구코드><도로명일련번호코드>01</도로명일련번호코드><도로명지상지하코드>0</도로명지상지하코드><도로명코드>4160018</도로명코드><법정동> 봉천동</법정동><법정동본번코드>1706</법정동본번코드><법정동부번코드>0000</법정동부번코드><법정동시군구코드>11620</법정동시군구코드><법정동읍면동코드>10100</법정동읍면동코드><법정동지번코드>1</법정동지번코드><아파트>봉천우성</아파트><월>2</월><일>13</일><일련번호>11620-21</일련번호><전용면적>84.96</전용면적><중개사소재지> </중개사소재지><지번>1706</지번><지역코드>11620</지역코드><층>28</층><해제사유발생일> </해제사유발생일><해제여부> </해제여부></item><item><거래금액>    94,900</거래금액><거래유형>중개거래</거래유형><건축년도>1988</건축년도><년>2023</년><도로명>남부순환로248길</도로명><도로명건물본번호코드>00056</도로명건물본번호코드><도로명건물부번호코드>00000</도로명건물부번호코드><도로명시군구코드>11620</도로명시군구코드><도로명일련번호코드>01</도로명일련번호코드><도로명지상지하코드>0</도로명지상지하코드><도로명코드>4160275</도로명코드><법정동> 봉천동</법정동><법정동본번코드>0179</법정동본번코드><법정동부번코드>0058</법정동부번코드><법정동시군구코드>11620</법정동시군구코드><법정동읍면동코드>10100</법정동읍면동코드><법정동지번코드>1</법정동지번코드><아파트>낙성대현대아파트</아파트><월>2</월><일>14</일><일련번호>11620-29</일련번호><전용면적>136.11</전용면적><중개사소재지>서울 강동구, 서울 관악구</중개사소재지><지번>179-58</지번><지역코드>11620</지역코드><층>7</층><해제사유발생일> </해제사유발생일><해제여부> </해제여부></item><item><거래금액>    82,500</거래금액><거래유형>중개거래</거래유형><건축년도>2001</건축년도><년>2023</년><도로명>인헌12길</도로명><도로명건물본번호코드>00046</도로명건물본번호코드><도로명건물부번호코드>00002</도로명건물부번호코드><도로명시군구코드>11620</도로명시군구코드><도로명일련번호코드>01</도로명일련번호코드><도로명지상지하코드>0</도로명지상지하코드><도로명코드>4160643</도로명코드><법정동> 봉천동</법정동><법정동본번코드>1707</법정동본번코드><법정동부번코드>0000</법정동부번코드><법정동시군구코드>11620</법정동시군구코드><법정동읍면동코드>10100</법정동읍면동코드><법정동지번코드>1</법정동지번코드><아파트>은천1</아파트><월>2</월><일>16</일><일련번호>11620-23</일련번호><전용면적>84.65</전용면적><중개사소재지>서울 관악구</중개사소재지><지번>1707</지번><지역코드>11620</지역코드><층>11</층><해제사유발생일> </해제사유발생일><해제여부> </해제여부></item><item><거래금액>    99,000</거래금액><거래유형>중개거래</거래유형><건축년도>2000</건축년도><년>2023</년><도로명>봉천로</도로명><도로명건물본번호코드>00387</도로명건물본번호코드><도로명건물부번호코드>00000</도로명건물부번호코드><도로명시군구코드>11620</도로명시군구코드><도로명일련번호코드>01</도로명일련번호코드><도로명지상지하코드>0</도로명지상지하코드><도로명코드>3005083</도로명코드><법정동> 봉천동</법정동><법정동본번코드>1708</법정동본번코드><법정동부번코드>0000</법정동부번코드><법정동시군구코드>11620</법정동시군구코드><법정동읍면동코드>10100</법정동읍면동코드><법정동지번코드>1</법정동지번코드><아파트>두산</아파트><월>2</월><일>17</일><일련번호>11620-11</일련번호><전용면적>84.92</전용면적><중개사소재지>서울 관악구</중개사소재지><지번>1708</지번><지역코드>11620</지역코드><층>12</층><해제사유발생일> </해제사유발생일><해제여부> </해제여부></item><item><거래금액>    95,000</거래금액><거래유형>중개거래</거래유형><건축년도>2019</건축년도><년>2023</년><도로명>청룡16길</도로명><도로명건물본번호코드>00043</도로명건물본번호코드><도로명건물부번호코드>00000</도로명건물부번호코드><도로명시군구코드>11620</도로명시군구코드><도로명일련번호코드>00</도로명일련번호코드><도로명코드>4160717</도로명코드><법정동> 봉천동</법정동><법정동본번코드>1730</법정동본번코드><법정동부번코드>0001</법정동부번코드><법정동시군구코드>11620</법정동시군구코드><법정동읍면동코드>10100</법정동읍면동코드><법정동지번코드>1</법정동지번코드><아파트>e편한세상서울대입구2단지</아파트><월>2</월><일>17</일><일련번호>11620-5926</일련번호><전용면적>84.93</전용면적><중개사소재지>서울 관악구</중개사소재지><지번>1730-1</지번><지역코드>11620</지역코드><층>7</층><해제사유발생일> </해제사유발생일><해제여부> </해제여부></item><item><거래금액>    79,000</거래금액><거래유형>중개거래</거래유형><건축년도>1996</건축년도><년>2023</년><도로명>보라매로</도로명><도로명건물본번호코드>00062</도로명건물본번호코드><도로명건물부번호코드>00000</도로명건물부번호코드><도로명시군구코드>11620</도로명시군구코드><도로명일련번호코드>01</도로명일련번호코드><도로명지상지하코드>0</도로명지상지하코드><도로명코드>3005078</도로명코드><법정동> 봉천동</법정동><법정동본번코드>1698</법정동본번코드><법정동부번코드>0001</법정동부번코드><법정동시군구코드>11620</법정동시군구코드><법정동읍면동코드>10100</법정동읍면동코드><법정동지번코드>1</법정동지번코드><아파트>보라매삼성</아파트><월>2</월><일>18</일><일련번호>11620-14</일련번호><전용면적>84.84</전용면적><중개사소재지>서울 동작구</중개사소재지><지번>1698-1</지번><지역코드>11620</지역코드><층>1</층><해제사유발생일> </해제사유발생일><해제여부> </해제여부></item><item><거래금액>    94,000</거래금액><거래유형>중개거래</거래유형><건축년도>2019</건축년도><년>2023</년><도로명>청룡16길</도로명><도로명건물본번호코드>00043</도로명건물본번호코드><도로명건물부번호코드>00000</도로명건물부번호코드><도로명시군구코드>11620</도로명시군구코드><도로명일련번호코드>00</도로명일련번호코드><도로명코드>4160717</도로명코드><법정동> 봉천동</법정동><법정동본번코드>1730</법정동본번코드><법정동부번코드>0001</법정동부번코드><법정동시군구코드>11620</법정동시군구코드><법정동읍면동코드>10100</법정동읍면동코드><법정동지번코드>1</법정동지번코드><아파트>e편한세상서울대입구2단지</아파트><월>2</월><일>18</일><일련번호>11620-5926</일련번호><전용면적>84.93</전용면적><중개사소재지>서울 관악구</중개사소재지><지번>1730-1</지번><지역코드>11620</지역코드><층>2</층><해제사유발생일> </해제사유발생일><해제여부> </해제여부></item><item><거래금액>    97,000</거래금액><거래유형>중개거래</거래유형><건축년도>2019</건축년도><년>2023</년><도로명>청룡16길</도로명><도로명건물본번호코드>00043</도로명건물본번호코드><도로명건물부번호코드>00000</도로명건물부번호코드><도로명시군구코드>11620</도로명시군구코드><도로명일련번호코드>00</도로명일련번호코드><도로명코드>4160717</도로명코드><법정동> 봉천동</법정동><법정동본번코드>1730</법정동본번코드><법정동부번코드>0001</법정동부번코드><법정동시군구코드>11620</법정동시군구코드><법정동읍면동코드>10100</법정동읍면동코드><법정동지번코드>1</법정동지번코드><아파트>e편한세상서울대입구2단지</아파트><월>2</월><일>19</일><일련번호>11620-5926</일련번호><전용면적>84.98</전용면적><중개사소재지>서울 관악구</중개사소재지><지번>1730-1</지번><지역코드>11620</지역코드><층>16</층><해제사유발생일> </해제사유발생일><해제여부> </해제여부></item><item><거래금액>    98,500</거래금액><거래유형>중개거래</거래유형><건축년도>2003</건축년도><년>2023</년><도로명>성현로</도로명><도로명건물본번호코드>00080</도로명건물본번호코드><도로명건물부번호코드>00000</도로명건물부번호코드><도로명시군구코드>11620</도로명시군구코드><도로명일련번호코드>01</도로명일련번호코드><도로명지상지하코드>0</도로명지상지하코드><도로명코드>3120004</도로명코드><법정동> 봉천동</법정동><법정동본번코드>1712</법정동본번코드><법정동부번코드>0000</법정동부번코드><법정동시군구코드>11620</법정동시군구코드><법정동읍면동코드>10100</법정동읍면동코드><법정동지번코드>1</법정동지번코드><아파트>관악드림(동아)</아파트><월>2</월><일>20</일><일련번호>11620-4</일련번호><전용면적>114.75</전용면적><중개사소재지>서울 관악구</중개사소재지><지번>1712</지번><지역코드>11620</지역코드><층>23</층><해제사유발생일> </해제사유발생일><해제여부> </해제여부></item><item><거래금액>   104,000</거래금액><거래유형>중개거래</거래유형><건축년도>2019</건축년도><년>2023</년><도로명>청룡16길</도로명><도로명건물본번호코드>00043</도로명건물본번호코드><도로명건물부번호코드>00000</도로명건물부번호코드><도로명시군구코드>11620</도로명시군구코드><도로명일련번호코드>00</도로명일련번호코드><도로명코드>4160717</도로명코드><법정동> 봉천동</법정동><법정동본번코드>1730</법정동본번코드><법정동부번코드>0001</법정동부번코드><법정동시군구코드>11620</법정동시군구코드><법정동읍면동코드>10100</법정동읍면동코드><법정동지번코드>1</법정동지번코드><아파트>e편한세상서울대입구2단지</아파트><월>2</월><일>20</일><일련번호>11620-5926</일련번호><전용면적>84.93</전용면적><중개사소재지>서울 관악구</중개사소재지><지번>1730-1</지번><지역코드>11620</지역코드><층>12</층><해제사유발생일> </해제사유발생일><해제여부> </해제여부></item><item><거래금액>    27,500</거래금액><거래유형>중개거래</거래유형><건축년도>2016</건축년도><년>2023</년><도로명>행운1마길</도로명><도로명건물본번호코드>00002</도로명건물본번호코드><도로명건물부번호코드>00000</도로명건물부번호코드><도로명시군구코드>11620</도로명시군구코드><도로명일련번호코드>01</도로명일련번호코드><도로명지상지하코드>0</도로명지상지하코드><도로명코드>4160748</도로명코드><법정동> 봉천동</법정동><법정동본번코드>0030</법정동본번코드><법정동부번코드>0008</법정동부번코드><법정동시군구코드>11620</법정동시군구코드><법정동읍면동코드>10100</법정동읍면동코드><법정동지번코드>1</법정동지번코드><아파트>관악태우미소가</아파트><월>2</월><일>21</일><일련번호>11620-5481</일련번호><전용면적>29.1</전용면적><중개사소재지>서울 관악구</중개사소재지><지번>30-8</지번><지역코드>11620</지역코드><층>6</층><해제사유발생일> </해제사유발생일><해제여부> </해제여부></item><item><거래금액>    23,400</거래금액><거래유형>중개거래</거래유형><건축년도>2013</건축년도><년>2023</년><도로명>은천로</도로명><도로명건물본번호코드>00110</도로명건물본번호코드><도로명건물부번호코드>00000</도로명건물부번호코드><도로명시군구코드>11620</도로명시군구코드><도로명일련번호코드>01</도로명일련번호코드><도로명지상지하코드>0</도로명지상지하코드><도로명코드>3120009</도로명코드><법정동> 봉천동</법정동><법정동본번코드>0463</법정동본번코드><법정동부번코드>0001</법정동부번코드><법정동시군구코드>11620</법정동시군구코드><법정동읍면동코드>10100</법정동읍면동코드><법정동지번코드>1</법정동지번코드><아파트>WS타워</아파트><월>2</월><일>22</일><일련번호>11620-4929</일련번호><전용면적>19.63</전용면적><중개사소재지>서울 관악구</중개사소재지><지번>463-1</지번><지역코드>11620</지역코드><층>14</층><해제사유발생일> </해제사유발생일><해제여부> </해제여부></item><item><거래금액>    24,900</거래금액><거래유형>중개거래</거래유형><건축년도>2013</건축년도><년>2023</년><도로명>은천로</도로명><도로명건물본번호코드>00110</도로명건물본번호코드><도로명건물부번호코드>00000</도로명건물부번호코드><도로명시군구코드>11620</도로명시군구코드><도로명일련번호코드>01</도로명일련번호코드><도로명지상지하코드>0</도로명지상지하코드><도로명코드>3120009</도로명코드><법정동> 봉천동</법정동><법정동본번코드>0463</법정동본번코드><법정동부번코드>0001</법정동부번코드><법정동시군구코드>11620</법정동시군구코드><법정동읍면동코드>10100</법정동읍면동코드><법정동지번코드>1</법정동지번코드><아파트>WS타워</아파트><월>2</월><일>22</일><일련번호>11620-4929</일련번호><전용면적>25.12</전용면적><중개사소재지>서울 관악구</중개사소재지><지번>463-1</지번><지역코드>11620</지역코드><층>9</층><해제사유발생일> </해제사유발생일><해제여부> </해제여부></item><item><거래금액>    89,000</거래금액><거래유형>중개거래</거래유형><건축년도>2003</건축년도><년>2023</년><도로명>성현로</도로명><도로명건물본번호코드>00080</도로명건물본번호코드><도로명건물부번호코드>00000</도로명건물부번호코드><도로명시군구코드>11620</도로명시군구코드><도로명일련번호코드>01</도로명일련번호코드><도로명지상지하코드>0</도로명지상지하코드><도로명코드>3120004</도로명코드><법정동> 봉천동</법정동><법정동본번코드>1712</법정동본번코드><법정동부번코드>0000</법정동부번코드><법정동시군구코드>11620</법정동시군구코드><법정동읍면동코드>10100</법정동읍면동코드><법정동지번코드>1</법정동지번코드><아파트>관악드림(동아)</아파트><월>2</월><일>23</일><일련번호>11620-4</일련번호><전용면적>114.75</전용면적><중개사소재지>서울 관악구</중개사소재지><지번>1712</지번><지역코드>11620</지역코드><층>20</층><해제사유발생일> </해제사유발생일><해제여부> </해제여부></item><item><거래금액>    73,000</거래금액><거래유형>중개거래</거래유형><건축년도>2000</건축년도><년>2023</년><도로명>봉천로</도로명><도로명건물본번호코드>00387</도로명건물본번호코드><도로명건물부번호코드>00000</도로명건물부번호코드><도로명시군구코드>11620</도로명시군구코드><도로명일련번호코드>01</도로명일련번호코드><도로명지상지하코드>0</도로명지상지하코드><도로명코드>3005083</도로명코드><법정동> 봉천동</법정동><법정동본번코드>1708</법정동본번코드><법정동부번코드>0000</법정동부번코드><법정동시군구코드>11620</법정동시군구코드><법정동읍면동코드>10100</법정동읍면동코드><법정동지번코드>1</법정동지번코드><아파트>두산</아파트><월>2</월><일>23</일><일련번호>11620-11</일련번호><전용면적>59.92</전용면적><중개사소재지>서울 관악구</중개사소재지><지번>1708</지번><지역코드>11620</지역코드><층>10</층><해제사유발생일>23.03.21</해제사유발생일><해제여부>O</해제여부></item><item><거래금액>    73,000</거래금액><거래유형>중개거래</거래유형><건축년도>2000</건축년도><년>2023</년><도로명>봉천로</도로명><도로명건물본번호코드>00387</도로명건물본번호코드><도로명건물부번호코드>00000</도로명건물부번호코드><도로명시군구코드>11620</도로명시군구코드><도로명일련번호코드>01</도로명일련번호코드><도로명지상지하코드>0</도로명지상지하코드><도로명코드>3005083</도로명코드><법정동> 봉천동</법정동><법정동본번코드>1708</법정동본번코드><법정동부번코드>0000</법정동부번코드><법정동시군구코드>11620</법정동시군구코드><법정동읍면동코드>10100</법정동읍면동코드><법정동지번코드>1</법정동지번코드><아파트>두산</아파트><월>2</월><일>23</일><일련번호>11620-11</일련번호><전용면적>59.92</전용면적><중개사소재지>서울 관악구</중개사소재지><지번>1708</지번><지역코드>11620</지역코드><층>10</층><해제사유발생일> </해제사유발생일><해제여부> </해제여부></item><item><거래금액>    78,000</거래금액><거래유형>중개거래</거래유형><건축년도>2003</건축년도><년>2023</년><도로명>성현로</도로명><도로명건물본번호코드>00080</도로명건물본번호코드><도로명건물부번호코드>00000</도로명건물부번호코드><도로명시군구코드>11620</도로명시군구코드><도로명일련번호코드>01</도로명일련번호코드><도로명지상지하코드>0</도로명지상지하코드><도로명코드>3120004</도로명코드><법정동> 봉천동</법정동><법정동본번코드>1712</법정동본번코드><법정동부번코드>0000</법정동부번코드><법정동시군구코드>11620</법정동시군구코드><법정동읍면동코드>10100</법정동읍면동코드><법정동지번코드>1</법정동지번코드><아파트>관악드림(삼성)</아파트><월>2</월><일>23</일><일련번호>11620-5</일련번호><전용면적>84.96</전용면적><중개사소재지>서울 관악구</중개사소재지><지번>1712</지번><지역코드>11620</지역코드><층>9</층><해제사유발생일> </해제사유발생일><해제여부> </해제여부></item><item><거래금액>    70,000</거래금액><거래유형>중개거래</거래유형><건축년도>2003</건축년도><년>2023</년><도로명>성현로</도로명><도로명건물본번호코드>00080</도로명건물본번호코드><도로명건물부번호코드>00000</도로명건물부번호코드><도로명시군구코드>11620</도로명시군구코드><도로명일련번호코드>01</도로명일련번호코드><도로명지상지하코드>0</도로명지상지하코드><도로명코드>3120004</도로명코드><법정동> 봉천동</법정동><법정동본번코드>1712</법정동본번코드><법정동부번코드>0000</법정동부번코드><법정동시군구코드>11620</법정동시군구코드><법정동읍면동코드>10100</법정동읍면동코드><법정동지번코드>1</법정동지번코드><아파트>관악드림(동아)</아파트><월>2</월><일>24</일><일련번호>11620-4</일련번호><전용면적>60</전용면적><중개사소재지>서울 관악구</중개사소재지><지번>1712</지번><지역코드>11620</지역코드><층>10</층><해제사유발생일> </해제사유발생일><해제여부> </해제여부></item><item><거래금액>    67,700</거래금액><거래유형>중개거래</거래유형><건축년도>2005</건축년도><년>2023</년><도로명>은천로</도로명><도로명건물본번호코드>00093</도로명건물본번호코드><도로명건물부번호코드>00000</도로명건물부번호코드><도로명시군구코드>11620</도로명시군구코드><도로명일련번호코드>01</도로명일련번호코드><도로명지상지하코드>0</도로명지상지하코드><도로명코드>3120009</도로명코드><법정동> 봉천동</법정동><법정동본번코드>1718</법정동본번코드><법정동부번코드>0000</법정동부번코드><법정동시군구코드>11620</법정동시군구코드><법정동읍면동코드>10100</법정동읍면동코드><법정동지번코드>1</법정동지번코드><아파트>벽산블루밍</아파트><월>2</월><일>24</일><일련번호>11620-95</일련번호><전용면적>59.99</전용면적><중개사소재지>서울 관악구</중개사소재지><지번>1718</지번><지역코드>11620</지역코드><층>5</층><해제사유발생일> </해제사유발생일><해제여부> </해제여부></item><item><거래금액>    82,000</거래금액><거래유형>중개거래</거래유형><건축년도>2003</건축년도><년>2023</년><도로명>성현로</도로명><도로명건물본번호코드>00080</도로명건물본번호코드><도로명건물부번호코드>00000</도로명건물부번호코드><도로명시군구코드>11620</도로명시군구코드><도로명일련번호코드>01</도로명일련번호코드><도로명지상지하코드>0</도로명지상지하코드><도로명코드>3120004</도로명코드><법정동> 봉천동</법정동><법정동본번코드>1712</법정동본번코드><법정동부번코드>0000</법정동부번코드><법정동시군구코드>11620</법정동시군구코드><법정동읍면동코드>10100</법정동읍면동코드><법정동지번코드>1</법정동지번코드><아파트>관악드림(동아)</아파트><월>2</월><일>25</일><일련번호>11620-4</일련번호><전용면적>84.96</전용면적><중개사소재지>서울 관악구</중개사소재지><지번>1712</지번><지역코드>11620</지역코드><층>16</층><해제사유발생일> </해제사유발생일><해제여부> </해제여부></item><item><거래금액>    17,700</거래금액><거래유형>중개거래</거래유형><건축년도>2013</건축년도><년>2023</년><도로명>남부순환로218길</도로명><도로명건물본번호코드>00037</도로명건물본번호코드><도로명건물부번호코드>00000</도로명건물부번호코드><도로명시군구코드>11620</도로명시군구코드><도로명일련번호코드>01</도로명일련번호코드><도로명지상지하코드>0</도로명지상지하코드><도로명코드>4160250</도로명코드><법정동> 봉천동</법정동><법정동본번코드>0867</법정동본번코드><법정동부번코드>0012</법정동부번코드><법정동시군구코드>11620</법정동시군구코드><법정동읍면동코드>10100</법정동읍면동코드><법정동지번코드>1</법정동지번코드><아파트>프라비다2</아파트><월>2</월><일>25</일><일련번호>11620-4853</일련번호><전용면적>20.45</전용면적><중개사소재지>서울 관악구</중개사소재지><지번>867-12</지번><지역코드>11620</지역코드><층>6</층><해제사유발생일> </해제사유발생일><해제여부> </해제여부></item><item><거래금액>    91,500</거래금액><거래유형>중개거래</거래유형><건축년도>2003</건축년도><년>2023</년><도로명>성현로</도로명><도로명건물본번호코드>00080</도로명건물본번호코드><도로명건물부번호코드>00000</도로명건물부번호코드><도로명시군구코드>11620</도로명시군구코드><도로명일련번호코드>01</도로명일련번호코드><도로명지상지하코드>0</도로명지상지하코드><도로명코드>3120004</도로명코드><법정동> 봉천동</법정동><법정동본번코드>1712</법정동본번코드><법정동부번코드>0000</법정동부번코드><법정동시군구코드>11620</법정동시군구코드><법정동읍면동코드>10100</법정동읍면동코드><법정동지번코드>1</법정동지번코드><아파트>관악드림(삼성)</아파트><월>2</월><일>28</일><일련번호>11620-5</일련번호><전용면적>114.75</전용면적><중개사소재지>서울 관악구</중개사소재지><지번>1712</지번><지역코드>11620</지역코드><층>21</층><해제사유발생일> </해제사유발생일><해제여부> </해제여부></item><item><거래금액>    36,000</거래금액><거래유형>직거래</거래유형><건축년도>2004</건축년도><년>2023</년><도로명>관악로6길</도로명><도로명건물본번호코드>00076</도로명건물본번호코드><도로명건물부번호코드>00000</도로명건물부번호코드><도로명시군구코드>11620</도로명시군구코드><도로명일련번호코드>01</도로명일련번호코드><도로명지상지하코드>0</도로명지상지하코드><도로명코드>4160023</도로명코드><법정동> 봉천동</법정동><법정동본번코드>1605</법정동본번코드><법정동부번코드>0040</법정동부번코드><법정동시군구코드>11620</법정동시군구코드><법정동읍면동코드>10100</법정동읍면동코드><법정동지번코드>1</법정동지번코드><아파트>신성새실마을103동</아파트><월>2</월><일>28</일><일련번호>11620-130</일련번호><전용면적>61.94</전용면적><중개사소재지> </중개사소재지><지번>1605-40</지번><지역코드>11620</지역코드><층>7</층><해제사유발생일> </해제사유발생일><해제여부> </해제여부></item><item><거래금액>    70,500</거래금액><거래유형>중개거래</거래유형><건축년도>2005</건축년도><년>2023</년><도로명>남부순환로</도로명><도로명건물본번호코드>01430</도로명건물본번호코드><도로명건물부번호코드>00000</도로명건물부번호코드><도로명시군구코드>11620</도로명시군구코드><도로명일련번호코드>02</도로명일련번호코드><도로명지상지하코드>0</도로명지상지하코드><도로명코드>2000003</도로명코드><법정동> 신림동</법정동><법정동본번코드>1730</법정동본번코드><법정동부번코드>0000</법정동부번코드><법정동시군구코드>11620</법정동시군구코드><법정동읍면동코드>10200</법정동읍면동코드><법정동지번코드>1</법정동지번코드><아파트>신림푸르지오</아파트><월>2</월><일>3</일><일련번호>11620-183</일련번호><전용면적>59.95</전용면적><중개사소재지>서울 관악구</중개사소재지><지번>1730</지번><지역코드>11620</지역코드><층>6</층><해제사유발생일> </해제사유발생일><해제여부> </해제여부></item><item><거래금액>    49,000</거래금액><거래유형>중개거래</거래유형><건축년도>1991</건축년도><년>2023</년><도로명>대학20길</도로명><도로명건물본번호코드>00027</도로명건물본번호코드><도로명건물부번호코드>00000</도로명건물부번호코드><도로명시군구코드>11620</도로명시군구코드><도로명일련번호코드>01</도로명일련번호코드><도로명지상지하코드>0</도로명지상지하코드><도로명코드>4160313</도로명코드><법정동> 신림동</법정동><법정동본번코드>0255</법정동본번코드><법정동부번코드>0189</법정동부번코드><법정동시군구코드>11620</법정동시군구코드><법정동읍면동코드>10200</법정동읍면동코드><법정동지번코드>1</법정동지번코드><아파트>현대</아파트><월>2</월><일>6</일><일련번호>11620-69</일련번호><전용면적>71.9</전용면적><중개사소재지>서울 관악구</중개사소재지><지번>255-189</지번><지역코드>11620</지역코드><층>9</층><해제사유발생일> </해제사유발생일><해제여부> </해제여부></item><item><거래금액>    80,000</거래금액><거래유형>중개거래</거래유형><건축년도>2005</건축년도><년>2023</년><도로명>남부순환로</도로명><도로명건물본번호코드>01430</도로명건물본번호코드><도로명건물부번호코드>00000</도로명건물부번호코드><도로명시군구코드>11620</도로명시군구코드><도로명일련번호코드>02</도로명일련번호코드><도로명지상지하코드>0</도로명지상지하코드><도로명코드>2000003</도로명코드><법정동> 신림동</법정동><법정동본번코드>1730</법정동본번코드><법정동부번코드>0000</법정동부번코드><법정동시군구코드>11620</법정동시군구코드><법정동읍면동코드>10200</법정동읍면동코드><법정동지번코드>1</법정동지번코드><아파트>신림푸르지오</아파트><월>2</월><일>6</일><일련번호>11620-183</일련번호><전용면적>84.79</전용면적><중개사소재지>서울 금천구</중개사소재지><지번>1730</지번><지역코드>11620</지역코드><층>6</층><해제사유발생일> </해제사유발생일><해제여부> </해제여부></item><item><거래금액>    82,000</거래금액><거래유형>중개거래</거래유형><건축년도>2008</건축년도><년>2023</년><도로명>난곡로</도로명><도로명건물본번호코드>00055</도로명건물본번호코드><도로명건물부번호코드>00000</도로명건물부번호코드><도로명시군구코드>11620</도로명시군구코드><도로명일련번호코드>01</도로명일련번호코드><도로명지상지하코드>0</도로명지상지하코드><도로명코드>3120003</도로명코드><법정동> 신림동</법정동><법정동본번코드>1735</법정동본번코드><법정동부번코드>0000</법정동부번코드><법정동시군구코드>11620</법정동시군구코드><법정동읍면동코드>10200</법정동읍면동코드><법정동지번코드>1</법정동지번코드><아파트>관악산휴먼시아2단지</아파트><월>2</월><일>7</일><일련번호>11620-4347</일련번호><전용면적>114.7</전용면적><중개사소재지>서울 관악구</중개사소재지><지번>1735</지번><지역코드>11620</지역코드><층>6</층><해제사유발생일> </해제사유발생일><해제여부> </해제여부></item><item><거래금액>    32,000</거래금액><거래유형>중개거래</거래유형><건축년도>2008</건축년도><년>2023</년><도로명>난곡로35길</도로명><도로명건물본번호코드>00068</도로명건물본번호코드><도로명건물부번호코드>00000</도로명건물부번호코드><도로명시군구코드>11620</도로명시군구코드><도로명일련번호코드>01</도로명일련번호코드><도로명지상지하코드>0</도로명지상지하코드><도로명코드>4160121</도로명코드><법정동> 신림동</법정동><법정동본번코드>0715</법정동본번코드><법정동부번코드>0032</법정동부번코드><법정동시군구코드>11620</법정동시군구코드><법정동읍면동코드>10200</법정동읍면동코드><법정동지번코드>1</법정동지번코드><아파트>삼성아트빌(715-32)</아파트><월>2</월><일>8</일><일련번호>11620-4449</일련번호><전용면적>55.53</전용면적><중개사소재지>서울 관악구</중개사소재지><지번>715-32</지번><지역코드>11620</지역코드><층>3</층><해제사유발생일> </해제사유발생일><해제여부> </해제여부></item><item><거래금액>    70,000</거래금액><거래유형>중개거래</거래유형><건축년도>2008</건축년도><년>2023</년><도로명>난곡로</도로명><도로명건물본번호코드>00030</도로명건물본번호코드><도로명건물부번호코드>00000</도로명건물부번호코드><도로명시군구코드>11620</도로명시군구코드><도로명일련번호코드>01</도로명일련번호코드><도로명지상지하코드>0</도로명지상지하코드><도로명코드>3120003</도로명코드><법정동> 신림동</법정동><법정동본번코드>1735</법정동본번코드><법정동부번코드>0001</법정동부번코드><법정동시군구코드>11620</법정동시군구코드><법정동읍면동코드>10200</법정동읍면동코드><법정동지번코드>1</법정동지번코드><아파트>관악산휴먼시아1단지</아파트><월>2</월><일>11</일><일련번호>11620-4348</일련번호><전용면적>114.7</전용면적><중개사소재지>서울 관악구</중개사소재지><지번>1735-1</지번><지역코드>11620</지역코드><층>14</층><해제사유발생일> </해제사유발생일><해제여부> </해제여부></item><item><거래금액>    60,000</거래금액><거래유형>중개거래</거래유형><건축년도>1996</건축년도><년>2023</년><도로명>신림로3길</도로명><도로명건물본번호코드>00040</도로명건물본번호코드><도로명건물부번호코드>00000</도로명건물부번호코드><도로명시군구코드>11620</도로명시군구코드><도로명일련번호코드>01</도로명일련번호코드><도로명지상지하코드>0</도로명지상지하코드><도로명코드>4160522</도로명코드><법정동> 신림동</법정동><법정동본번코드>1703</법정동본번코드><법정동부번코드>0001</법정동부번코드><법정동시군구코드>11620</법정동시군구코드><법정동읍면동코드>10200</법정동읍면동코드><법정동지번코드>1</법정동지번코드><아파트>LIG대학마을(건영아파트3차)</아파트><월>2</월><일>13</일><일련번호>11620-39</일련번호><전용면적>69.17</전용면적><중개사소재지>서울 관악구</중개사소재지><지번>1703-1</지번><지역코드>11620</지역코드><층>12</층><해제사유발생일> </해제사유발생일><해제여부> </해제여부></item><item><거래금액>    26,500</거래금액><거래유형>직거래</거래유형><건축년도>2021</건축년도><년>2023</년><도로명>난곡로65길</도로명><도로명건물본번호코드>00013</도로명건물본번호코드><도로명건물부번호코드>00000</도로명건물부번호코드><도로명시군구코드>11620</도로명시군구코드><도로명일련번호코드>01</도로명일련번호코드><도로명지상지하코드>0</도로명지상지하코드><도로명코드>4160151</도로명코드><법정동> 신림동</법정동><법정동본번코드>0538</법정동본번코드><법정동부번코드>0039</법정동부번코드><법정동시군구코드>11620</법정동시군구코드><법정동읍면동코드>10200</법정동읍면동코드><법정동지번코드>1</법정동지번코드><아파트>위드비엠3</아파트><월>2</월><일>13</일><일련번호>11620-6068</일련번호><전용면적>22.8</전용면적><중개사소재지> </중개사소재지><지번>538-39</지번><지역코드>11620</지역코드><층>6</층><해제사유발생일> </해제사유발생일><해제여부> </해제여부></item><item><거래금액>    83,800</거래금액><거래유형>중개거래</거래유형><건축년도>2005</건축년도><년>2023</년><도로명>남부순환로</도로명><도로명건물본번호코드>01430</도로명건물본번호코드><도로명건물부번호코드>00000</도로명건물부번호코드><도로명시군구코드>11620</도로명시군구코드><도로명일련번호코드>02</도로명일련번호코드><도로명지상지하코드>0</도로명지상지하코드><도로명코드>2000003</도로명코드><법정동> 신림동</법정동><법정동본번코드>1730</법정동본번코드><법정동부번코드>0000</법정동부번코드><법정동시군구코드>11620</법정동시군구코드><법정동읍면동코드>10200</법정동읍면동코드><법정동지번코드>1</법정동지번코드><아파트>신림푸르지오</아파트><월>2</월><일>15</일><일련번호>11620-183</일련번호><전용면적>84.79</전용면적><중개사소재지>서울 관악구</중개사소재지><지번>1730</지번><지역코드>11620</지역코드><층>4</층><해제사유발생일> </해제사유발생일><해제여부> </해제여부></item><item><거래금액>    54,800</거래금액><거래유형>중개거래</거래유형><건축년도>1993</건축년도><년>2023</년><도로명>신원로</도로명><도로명건물본번호코드>00026</도로명건물본번호코드><도로명건물부번호코드>00000</도로명건물부번호코드><도로명시군구코드>11620</도로명시군구코드><도로명일련번호코드>01</도로명일련번호코드><도로명지상지하코드>0</도로명지상지하코드><도로명코드>3120007</도로명코드><법정동> 신림동</법정동><법정동본번코드>1695</법정동본번코드><법정동부번코드>0000</법정동부번코드><법정동시군구코드>11620</법정동시군구코드><법정동읍면동코드>10200</법정동읍면동코드><법정동지번코드>1</법정동지번코드><아파트>동부</아파트><월>2</월><일>16</일><일련번호>11620-49</일련번호><전용면적>50.57</전용면적><중개사소재지>서울 관악구, 서울 송파구</중개사소재지><지번>1695</지번><지역코드>11620</지역코드><층>10</층><해제사유발생일> </해제사유발생일><해제여부> </해제여부></item><item><거래금액>    19,000</거래금액><거래유형>중개거래</거래유형><건축년도>2021</건축년도><년>2023</년><도로명>시흥대로</도로명><도로명건물본번호코드>00558</도로명건물본번호코드><도로명건물부번호코드>00001</도로명건물부번호코드><도로명시군구코드>11620</도로명시군구코드><도로명일련번호코드>01</도로명일련번호코드><도로명지상지하코드>0</도로명지상지하코드><도로명코드>2005010</도로명코드><법정동> 신림동</법정동><법정동본번코드>1655</법정동본번코드><법정동부번코드>0017</법정동부번코드><법정동시군구코드>11620</법정동시군구코드><법정동읍면동코드>10200</법정동읍면동코드><법정동지번코드>1</법정동지번코드><아파트>G밸리마인드</아파트><월>2</월><일>16</일><일련번호>11620-6063</일련번호><전용면적>14.96</전용면적><중개사소재지>서울 관악구</중개사소재지><지번>1655-17</지번><지역코드>11620</지역코드><층>11</층><해제사유발생일> </해제사유발생일><해제여부> </해제여부></item><item><거래금액>    89,900</거래금액><거래유형>중개거래</거래유형><건축년도>2005</건축년도><년>2023</년><도로명>남부순환로</도로명><도로명건물본번호코드>01430</도로명건물본번호코드><도로명건물부번호코드>00000</도로명건물부번호코드><도로명시군구코드>11620</도로명시군구코드><도로명일련번호코드>02</도로명일련번호코드><도로명지상지하코드>0</도로명지상지하코드><도로명코드>2000003</도로명코드><법정동> 신림동</법정동><법정동본번코드>1730</법정동본번코드><법정동부번코드>0000</법정동부번코드><법정동시군구코드>11620</법정동시군구코드><법정동읍면동코드>10200</법정동읍면동코드><법정동지번코드>1</법정동지번코드><아파트>신림푸르지오</아파트><월>2</월><일>16</일><일련번호>11620-183</일련번호><전용면적>138.64</전용면적><중개사소재지>서울 관악구</중개사소재지><지번>1730</지번><지역코드>11620</지역코드><층>1</층><해제사유발생일> </해제사유발생일><해제여부> </해제여부></item><item><거래금액>    92,200</거래금액><거래유형>중개거래</거래유형><건축년도>2005</건축년도><년>2023</년><도로명>남부순환로</도로명><도로명건물본번호코드>01430</도로명건물본번호코드><도로명건물부번호코드>00000</도로명건물부번호코드><도로명시군구코드>11620</도로명시군구코드><도로명일련번호코드>02</도로명일련번호코드><도로명지상지하코드>0</도로명지상지하코드><도로명코드>2000003</도로명코드><법정동> 신림동</법정동><법정동본번코드>1730</법정동본번코드><법정동부번코드>0000</법정동부번코드><법정동시군구코드>11620</법정동시군구코드><법정동읍면동코드>10200</법정동읍면동코드><법정동지번코드>1</법정동지번코드><아파트>신림푸르지오</아파트><월>2</월><일>17</일><일련번호>11620-183</일련번호><전용면적>138.64</전용면적><중개사소재지>서울 관악구</중개사소재지><지번>1730</지번><지역코드>11620</지역코드><층>1</층><해제사유발생일> </해제사유발생일><해제여부> </해제여부></item><item><거래금액>    12,500</거래금액><거래유형>중개거래</거래유형><건축년도>2014</건축년도><년>2023</년><도로명>관천로</도로명><도로명건물본번호코드>00038</도로명건물본번호코드><도로명건물부번호코드>00000</도로명건물부번호코드><도로명시군구코드>11620</도로명시군구코드><도로명일련번호코드>00</도로명일련번호코드><도로명코드>3120002</도로명코드><법정동> 신림동</법정동><법정동본번코드>1639</법정동본번코드><법정동부번코드>0051</법정동부번코드><법정동시군구코드>11620</법정동시군구코드><법정동읍면동코드>10200</법정동읍면동코드><법정동지번코드>1</법정동지번코드><아파트>푸리마타운</아파트><월>2</월><일>25</일><일련번호>11620-5091</일련번호><전용면적>12.95</전용면적><중개사소재지>서울 관악구</중개사소재지><지번>1639-51</지번><지역코드>11620</지역코드><층>16</층><해제사유발생일> </해제사유발생일><해제여부> </해제여부></item><item><거래금액>    73,000</거래금액><거래유형>직거래</거래유형><건축년도>2003</건축년도><년>2023</년><도로명>조원로16길</도로명><도로명건물본번호코드>00012</도로명건물본번호코드><도로명건물부번호코드>00000</도로명건물부번호코드><도로명시군구코드>11620</도로명시군구코드><도로명일련번호코드>00</도로명일련번호코드><도로명지상지하코드>0</도로명지상지하코드><도로명코드>4160690</도로명코드><법정동> 신림동</법정동><법정동본번코드>1722</법정동본번코드><법정동부번코드>0000</법정동부번코드><법정동시군구코드>11620</법정동시군구코드><법정동읍면동코드>10200</법정동읍면동코드><법정동지번코드>1</법정동지번코드><아파트>신림동신도브래뉴</아파트><월>2</월><일>28</일><일련번호>11620-104</일련번호><전용면적>115.62</전용면적><중개사소재지> </중개사소재지><지번>1722</지번><지역코드>11620</지역코드><층>4</층><해제사유발생일> </해제사유발생일><해제여부> </해제여부></item><item><거래금액>    69,000</거래금액><거래유형>중개거래</거래유형><건축년도>2004</건축년도><년>2023</년><도로명>남현7길</도로명><도로명건물본번호코드>00003</도로명건물본번호코드><도로명건물부번호코드>00000</도로명건물부번호코드><도로명시군구코드>11620</도로명시군구코드><도로명일련번호코드>01</도로명일련번호코드><도로명지상지하코드>0</도로명지상지하코드><도로명코드>4160296</도로명코드><법정동> 남현동</법정동><법정동본번코드>1134</법정동본번코드><법정동부번코드>0000</법정동부번코드><법정동시군구코드>11620</법정동시군구코드><법정동읍면동코드>10300</법정동읍면동코드><법정동지번코드>1</법정동지번코드><아파트>예성2차그린캐슬</아파트><월>2</월><일>8</일><일련번호>11620-91</일련번호><전용면적>84.17</전용면적><중개사소재지>서울 동작구</중개사소재지><지번>1134</지번><지역코드>11620</지역코드><층>2</층><해제사유발생일> </해제사유발생일><해제여부> </해제여부></item><item><거래금액>    50,000</거래금액><거래유형>중개거래</거래유형><건축년도>2021</건축년도><년>2023</년><도로명>승방4길</도로명><도로명건물본번호코드>00006</도로명건물본번호코드><도로명건물부번호코드>00000</도로명건물부번호코드><도로명시군구코드>11620</도로명시군구코드><도로명일련번호코드>01</도로명일련번호코드><도로명지상지하코드>0</도로명지상지하코드><도로명코드>4160478</도로명코드><법정동> 남현동</법정동><법정동본번코드>0602</법정동본번코드><법정동부번코드>0027</법정동부번코드><법정동시군구코드>11620</법정동시군구코드><법정동읍면동코드>10300</법정동읍면동코드><법정동지번코드>1</법정동지번코드><아파트>네스코수피아</아파트><월>2</월><일>20</일><일련번호>11620-6036</일련번호><전용면적>34.94</전용면적><중개사소재지>서울 서초구</중개사소재지><지번>602-27</지번><지역코드>11620</지역코드><층>11</층><해제사유발생일> </해제사유발생일><해제여부> </해제여부></item></items><numOfRows>999</numOfRows><pageNo>1</pageNo><totalCount>49</totalCount></body></response>