<?xml version="1.0" encoding="UTF-8" standalone="yes"?><response><header><resultCode>00</resultCode><resultMsg>NORMAL SERVICE.</resultMsg></header><body><items><item><거래금액>    80,000</거래금액><거래유형>중개거래</거래유형><건축년도>2003</건축년도><년>2022</년><도로명>성현로</도로명><도로명건물본번호코드>00080</도로명건물본번호코드><도로명건물부번호코드>00000</도로명건물부번호코드><도로명시군구코드>11620</도로명시군구코드><도로명일련번호코드>01</도로명일련번호코드><도로명지상지하코드>0</도로명지상지하코드><도로명코드>3120004</도로명코드><법정동> 봉천동</법정동><법정동본번코드>1712</법정동본번코드><법정동부번코드>0000</법정동부번코드><법정동시군구코드>11620</법정동시군구코드><법정동읍면동코드>10100</법정동읍면동코드><법정동지번코드>1</법정동지번코드><아파트>관악드림(동아)</아파트><월>12</월><일>1</일><일련번호>11620-4</일련번호><전용면적>84.96</전용면적><중개사소재지>서울 관악구</중개사소재지><지번>1712</지번><지역코드>11620</지역코드><층>12</층><해제사유발생일> </해제사유발생일><해제여부> </해제여부></item><item><거래금액>    18,500</거래금액><거래유형>중개거래</거래유형><건축년도>2012</건축년도><년>2022</년><도로명>남부순환로218길</도로명><도로명건물본번호코드>00001</도로명건물본번호코드><도로명건물부번호코드>00000</도로명건물부번호코드><도로명시군구코드>11620</도로명시군구코드><도로명일련번호코드>01</도로명일련번호코드><도로명지상지하코드>0</도로명지상지하코드><도로명코드>4160250</도로명코드><법정동> 봉천동</법정동><법정동본번코드>0869</법정동본번코드><법정동부번코드>0006</법정동부번코드><법정동시군구코드>11620</법정동시군구코드><법정동읍면동코드>10100</법정동읍면동코드><법정동지번코드>1</법정동지번코드><아파트>서울대역마에스트로</아파트><월>12</월><일>1</일><일련번호>11620-4720</일련번호><전용면적>23.09</전용면적><중개사소재지>서울 관악구</중개사소재지><지번>869-6</지번><지역코드>11620</지역코드><층>15</층><해제사유발생일> </해제사유발생일><해제여부> </해제여부></item><item><거래금액>    63,000</거래금액><거래유형>직거래</거래유형><건축년도>2000</건축년도><년>2022</년><도로명>봉천로</도로명><도로명건물본번호코드>00387</도로명건물본번호코드><도로명건물부번호코드>00000</도로명건물부번호코드><도로명시군구코드>11620</도로명시군구코드><도로명일련번호코드>01</도로명일련번호코드><도로명지상지하코드>0</도로명지상지하코드><도로명코드>3005083</도로명코드><법정동> 봉천동</법정동><법정동본번코드>1708</법정동본번코드><법정동부번코드>0000</법정동부번코드><법정동시군구코드>11620</법정동시군구코드><법정동읍면동코드>10100</법정동읍면동코드><법정동지번코드>1</법정동지번코드><아파트>두산</아파트><월>12</월><일>2</일><일련번호>11620-11</일련번호><전용면적>59.92</전용면적><중개사소재지> </중개사소재지><지번>1708</지번><지역코드>11620</지역코드><층>18</층><해제사유발생일> </해제사유발생일><해제여부> </해제여부></item><item><거래금액>    86,000</거래금액><거래유형>중개거래</거래유형><건축년도>2010</건축년도><년>2022</년><도로명>관악로</도로명><도로명건물본번호코드>00195</도로명건물본번호코드><도로명건물부번호코드>00000</도로명건물부번호코드><도로명시군구코드>11620</도로명시군구코드><도로명일련번호코드>01</도로명일련번호코드><도로명지상지하코드>0</도로명지상지하코드><도로명코드>3120001</도로명코드><법정동> 봉천동</법정동><법정동본번코드>0859</법정동본번코드><법정동부번코드>0017</법정동부번코드><법정동시군구코드>11620</법정동시군구코드><법정동읍면동코드>10100</법정동읍면동코드><법정동지번코드>1</법정동지번코드><아파트>관악위버폴리스</아파트><월>12</월><일>6</일><일련번호>11620-4558</일련번호><전용면적>82.265</전용면적><중개사소재지>서울 관악구</중개사소재지><지번>859-17</지번><지역코드>11620</지역코드><층>19</층><해제사유발생일> </해제사유발생일><해제여부> </해제여부></item><item><거래금액>   108,500</거래금액><거래유형>중개거래</거래유형><건축년도>2019</건축년도><년>2022</년><도로명>청룡10길</도로명><도로명건물본번호코드>00045</도로명건물본번호코드><도로명건물부번호코드>00000</도로명건물부번호코드><도로명시군구코드>11620</도로명시군구코드><도로명일련번호코드>00</도로명일련번호코드><도로명코드>4160712</도로명코드><법정동> 봉천동</법정동><법정동본번코드>1730</법정동본번코드><법정동부번코드>0000</법정동부번코드><법정동시군구코드>11620</법정동시군구코드><법정동읍면동코드>10100</법정동읍면동코드><법정동지번코드>1</법정동지번코드><아파트>e편한세상서울대입구1단지</아파트><월>12</월><일>7</일><일련번호>11620-5925</일련번호><전용면적>84.92</전용면적><중개사소재지>서울 관악구</중개사소재지><지번>1730</지번><지역코드>11620</지역코드><층>11</층><해제사유발생일> </해제사유발생일><해제여부> </해제여부></item><item><거래금액>    59,000</거래금액><거래유형>중개거래</거래유형><건축년도>2009</건축년도><년>2022</년><도로명>은천로15길</도로명><도로명건물본번호코드>00016</도로명건물본번호코드><도로명건물부번호코드>00000</도로명건물부번호코드><도로명시군구코드>11620</도로명시군구코드><도로명일련번호코드>01</도로명일련번호코드><도로명지상지하코드>0</도로명지상지하코드><도로명코드>4160609</도로명코드><법정동> 봉천동</법정동><법정동본번코드>1726</법정동본번코드><법정동부번코드>0000</법정동부번코드><법정동시군구코드>11620</법정동시군구코드><법정동읍면동코드>10100</법정동읍면동코드><법정동지번코드>1</법정동지번코드><아파트>관악청광플러스원</아파트><월>12</월><일>11</일><일련번호>11620-4509</일련번호><전용면적>59.81</전용면적><중개사소재지>서울 관악구</중개사소재지><지번>1726</지번><지역코드>11620</지역코드><층>13</층><해제사유발생일> </해제사유발생일><해제여부> </해제여부></item><item><거래금액>    65,000</거래금액><거래유형>직거래</거래유형><건축년도>2003</건축년도><년>2022</년><도로명>성현로</도로명><도로명건물본번호코드>00080</도로명건물본번호코드><도로명건물부번호코드>00000</도로명건물부번호코드><도로명시군구코드>11620</도로명시군구코드><도로명일련번호코드>01</도로명일련번호코드><도로명지상지하코드>0</도로명지상지하코드><도로명코드>3120004</도로명코드><법정동> 봉천동</법정동><법정동본번코드>1712</법정동본번코드><법정동부번코드>0000</법정동부번코드><법정동시군구코드>11620</법정동시군구코드><법정동읍면동코드>10100</법정동읍면동코드><법정동지번코드>1</법정동지번코드><아파트>관악드림(동아)</아파트><월>12</월><일>15</일><일련번호>11620-4</일련번호><전용면적>84.96</전용면적><중개사소재지> </중개사소재지><지번>1712</지번><지역코드>11620</지역코드><층>16</층><해제사유발생일> </해제사유발생일><해제여부> </해제여부></item><item><거래금액>    79,500</거래금액><거래유형>중개거래</거래유형><건축년도>2003</건축년도><년>2022</년><도로명>성현로</도로명><도로명건물본번호코드>00080</도로명건물본번호코드><도로명건물부번호코드>00000</도로명건물부번호코드><도로명시군구코드>11620</도로명시군구코드><도로명일련번호코드>01</도로명일련번호코드><도로명지상지하코드>0</도로명지상지하코드><도로명코드>3120004</도로명코드><법정동> 봉천동</법정동><법정동본번코드>1712</법정동본번코드><법정동부번코드>0000</법정동부번코드><법정동시군구코드>11620</법정동시군구코드><법정동읍면동코드>10100</법정동읍면동코드><법정동지번코드>1</법정동지번코드><아파트>관악드림(동아)</아파트><월>12</월><일>17</일><일련번호>11620-4</일련번호><전용면적>84.96</전용면적><중개사소재지>서울 관악구</중개사소재지><지번>1712</지번><지역코드>11620</지역코드><층>8</층><해제사유발생일> </해제사유발생일><해제여부> </해제여부></item><item><거래금액>    71,500</거래금액><거래유형>중개거래</거래유형><건축년도>2000</건축년도><년>2022</년><도로명>봉천로</도로명><도로명건물본번호코드>00387</도로명건물본번호코드><도로명건물부번호코드>00000</도로명건물부번호코드><도로명시군구코드>11620</도로명시군구코드><도로명일련번호코드>01</도로명일련번호코드><도로명지상지하코드>0</도로명지상지하코드><도로명코드>3005083</도로명코드><법정동> 봉천동</법정동><법정동본번코드>1708</법정동본번코드><법정동부번코드>0000</법정동부번코드><법정동시군구코드>11620</법정동시군구코드><법정동읍면동코드>10100</법정동읍면동코드><법정동지번코드>1</법정동지번코드><아파트>두산</아파트><월>12</월><일>19</일><일련번호>11620-11</일련번호><전용면적>59.92</전용면적><중개사소재지>서울 관악구</중개사소재지><지번>1708</지번><지역코드>11620</지역코드><층>7</층><해제사유발생일> </해제사유발생일><해제여부> </해제여부></item><item><거래금액>    59,500</거래금액><거래유형>중개거래</거래유형><건축년도>2005</건축년도><년>2022</년><도로명>은천로</도로명><도로명건물본번호코드>00093</도로명건물본번호코드><도로명건물부번호코드>00000</도로명건물부번호코드><도로명시군구코드>11620</도로명시군구코드><도로명일련번호코드>01</도로명일련번호코드><도로명지상지하코드>0</도로명지상지하코드><도로명코드>3120009</도로명코드><법정동> 봉천동</법정동><법정동본번코드>1718</법정동본번코드><법정동부번코드>0000</법정동부번코드><법정동시군구코드>11620</법정동시군구코드><법정동읍면동코드>10100</법정동읍면동코드><법정동지번코드>1</법정동지번코드><아파트>벽산블루밍</아파트><월>12</월><일>26</일><일련번호>11620-95</일련번호><전용면적>59.99</전용면적><중개사소재지>서울 관악구</중개사소재지><지번>1718</지번><지역코드>11620</지역코드><층>12</층><해제사유발생일> </해제사유발생일><해제여부> </해제여부></item><item><거래금액>    61,000</거래금액><거래유형>중개거래</거래유형><건축년도>2004</건축년도><년>2022</년><도로명>관악로30길</도로명><도로명건물본번호코드>00027</도로명건물본번호코드><도로명건물부번호코드>00000</도로명건물부번호코드><도로명시군구코드>11620</도로명시군구코드><도로명일련번호코드>01</도로명일련번호코드><도로명지상지하코드>0</도로명지상지하코드><도로명코드>4160018</도로명코드><법정동> 봉천동</법정동><법정동본번코드>1717</법정동본번코드><법정동부번코드>0000</법정동부번코드><법정동시군구코드>11620</법정동시군구코드><법정동읍면동코드>10100</법정동읍면동코드><법정동지번코드>1</법정동지번코드><아파트>관악푸르지오</아파트><월>12</월><일>26</일><일련번호>11620-102</일련번호><전용면적>59.58</전용면적><중개사소재지>서울 관악구</중개사소재지><지번>1717</지번><지역코드>11620</지역코드><층>4</층><해제사유발생일> </해제사유발생일><해제여부> </해제여부></item><item><거래금액>   100,000</거래금액><거래유형>중개거래</거래유형><건축년도>2019</건축년도><년>2022</년><도로명>청룡10길</도로명><도로명건물본번호코드>00045</도로명건물본번호코드><도로명건물부번호코드>00000</도로명건물부번호코드><도로명시군구코드>11620</도로명시군구코드><도로명일련번호코드>00</도로명일련번호코드><도로명코드>4160712</도로명코드><법정동> 봉천동</법정동><법정동본번코드>1730</법정동본번코드><법정동부번코드>0000</법정동부번코드><법정동시군구코드>11620</법정동시군구코드><법정동읍면동코드>10100</법정동읍면동코드><법정동지번코드>1</법정동지번코드><아파트>e편한세상서울대입구1단지</아파트><월>12</월><일>30</일><일련번호>11620-5925</일련번호><전용면적>84.93</전용면적><중개사소재지>서울 관악구</중개사소재지><지번>1730</지번><지역코드>11620</지역코드><층>9</층><해제사유발생일> </해제사유발생일><해제여부> </해제여부></item><item><거래금액>    12,900</거래금액><거래유형>중개거래</거래유형><건축년도>2014</건축년도><년>2022</년><도로명>관천로</도로명><도로명건물본번호코드>00038</도로명건물본번호코드><도로명건물부번호코드>00000</도로명건물부번호코드><도로명시군구코드>11620</도로명시군구코드><도로명일련번호코드>00</도로명일련번호코드><도로명코드>3120002</도로명코드><법정동> 신림동</법정동><법정동본번코드>1639</법정동본번코드><법정동부번코드>0051</법정동부번코드><법정동시군구코드>11620</법정동시군구코드><법정동읍면동코드>10200</법정동읍면동코드><법정동지번코드>1</법정동지번코드><아파트>푸리마타운</아파트><월>12</월><일>22</일><일련번호>11620-5091</일련번호><전용면적>12.25</전용면적><중개사소재지>서울 관악구</중개사소재지><지번>1639-51</지번><지역코드>11620</지역코드><층>16</층><해제사유발생일> </해제사유발생일><해제여부> </해제여부></item><item><거래금액>    16,000</거래금액><거래유형>직거래</거래유형><건축년도>2015</건축년도><년>2022</년><도로명>신림로66길</도로명><도로명건물본번호코드>00042</도로명건물본번호코드><도로명건물부번호코드>00000</도로명건물부번호코드><도로명시군구코드>11620</도로명시군구코드><도로명일련번호코드>01</도로명일련번호코드><도로명지상지하코드>0</도로명지상지하코드><도로명코드>4160545</도로명코드><법정동> 신림동</법정동><법정동본번코드>1421</법정동본번코드><법정동부번코드>0001</법정동부번코드><법정동시군구코드>11620</법정동시군구코드><법정동읍면동코드>10200</법정동읍면동코드><법정동지번코드>1</법정동지번코드><아파트>신림큐브</아파트><월>12</월><일>27</일><일련번호>11620-5276</일련번호><전용면적>12.96</전용면적><중개사소재지> </중개사소재지><지번>1421-1</지번><지역코드>11620</지역코드><층>10</층><해제사유발생일> </해제사유발생일><해제여부> </해제여부></item></items><numOfRows>999</numOfRows><pageNo>1</pageNo><totalCount>14</totalCount></body></response>