<?xml version="1.0" encoding="UTF-8" standalone="yes"?><response><header><resultCode>00</resultCode><resultMsg>NORMAL SERVICE.</resultMsg></header><body><items><item><거래금액>    12,700</거래금액><거래유형>중개거래</거래유형><건축년도>2012</건축년도><년>2022</년><도로명>남부순환로220길</도로명><도로명건물본번호코드>00029</도로명건물본번호코드><도로명건물부번호코드>00000</도로명건물부번호코드><도로명시군구코드>11620</도로명시군구코드><도로명일련번호코드>01</도로명일련번호코드><도로명지상지하코드>0</도로명지상지하코드><도로명코드>4160251</도로명코드><법정동> 봉천동</법정동><법정동본번코드>0863</법정동본번코드><법정동부번코드>0009</법정동부번코드><법정동시군구코드>11620</법정동시군구코드><법정동읍면동코드>10100</법정동읍면동코드><법정동지번코드>1</법정동지번코드><아파트>코스모블루</아파트><월>9</월><일>3</일><일련번호>11620-4792</일련번호><전용면적>14.25</전용면적><중개사소재지>서울 관악구</중개사소재지><지번>863-9</지번><지역코드>11620</지역코드><층>9</층><해제사유발생일> </해제사유발생일><해제여부> </해제여부></item><item><거래금액>    35,000</거래금액><거래유형>중개거래</거래유형><건축년도>2014</건축년도><년>2022</년><도로명>청림6길</도로명><도로명건물본번호코드>00016</도로명건물본번호코드><도로명건물부번호코드>00000</도로명건물부번호코드><도로명시군구코드>11620</도로명시군구코드><도로명일련번호코드>01</도로명일련번호코드><도로명지상지하코드>0</도로명지상지하코드><도로명코드>4160740</도로명코드><법정동> 봉천동</법정동><법정동본번코드>0015</법정동본번코드><법정동부번코드>0005</법정동부번코드><법정동시군구코드>11620</법정동시군구코드><법정동읍면동코드>10100</법정동읍면동코드><법정동지번코드>1</법정동지번코드><아파트>대영</아파트><월>9</월><일>3</일><일련번호>11620-5115</일련번호><전용면적>40.49</전용면적><중개사소재지>서울 관악구</중개사소재지><지번>15-5</지번><지역코드>11620</지역코드><층>5</층><해제사유발생일> </해제사유발생일><해제여부> </해제여부></item><item><거래금액>    12,600</거래금액><거래유형>중개거래</거래유형><건축년도>2012</건축년도><년>2022</년><도로명>남부순환로</도로명><도로명건물본번호코드>01773</도로명건물본번호코드><도로명건물부번호코드>00000</도로명건물부번호코드><도로명시군구코드>11620</도로명시군구코드><도로명일련번호코드>01</도로명일련번호코드><도로명지상지하코드>0</도로명지상지하코드><도로명코드>2000003</도로명코드><법정동> 봉천동</법정동><법정동본번코드>0893</법정동본번코드><법정동부번코드>0012</법정동부번코드><법정동시군구코드>11620</법정동시군구코드><법정동읍면동코드>10100</법정동읍면동코드><법정동지번코드>1</법정동지번코드><아파트>마에스트로캠퍼스타운</아파트><월>9</월><일>6</일><일련번호>11620-4794</일련번호><전용면적>14.49</전용면적><중개사소재지>서울 관악구</중개사소재지><지번>893-12</지번><지역코드>11620</지역코드><층>7</층><해제사유발생일> </해제사유발생일><해제여부> </해제여부></item><item><거래금액>   115,000</거래금액><거래유형>중개거래</거래유형><건축년도>2000</건축년도><년>2022</년><도로명>봉천로</도로명><도로명건물본번호코드>00387</도로명건물본번호코드><도로명건물부번호코드>00000</도로명건물부번호코드><도로명시군구코드>11620</도로명시군구코드><도로명일련번호코드>01</도로명일련번호코드><도로명지상지하코드>0</도로명지상지하코드><도로명코드>3005083</도로명코드><법정동> 봉천동</법정동><법정동본번코드>1708</법정동본번코드><법정동부번코드>0000</법정동부번코드><법정동시군구코드>11620</법정동시군구코드><법정동읍면동코드>10100</법정동읍면동코드><법정동지번코드>1</법정동지번코드><아파트>두산</아파트><월>9</월><일>15</일><일련번호>11620-11</일련번호><전용면적>84.87</전용면적><중개사소재지>서울 관악구</중개사소재지><지번>1708</지번><지역코드>11620</지역코드><층>10</층><해제사유발생일> </해제사유발생일><해제여부> </해제여부></item><item><거래금액>    90,000</거래금액><거래유형>직거래</거래유형><건축년도>2010</건축년도><년>2022</년><도로명>장군봉1길</도로명><도로명건물본번호코드>00014</도로명건물본번호코드><도로명건물부번호코드>00000</도로명건물부번호코드><도로명시군구코드>11620</도로명시군구코드><도로명일련번호코드>01</도로명일련번호코드><도로명지상지하코드>0</도로명지상지하코드><도로명코드>4160673</도로명코드><법정동> 봉천동</법정동><법정동본번코드>1522</법정동본번코드><법정동부번코드>0031</법정동부번코드><법정동시군구코드>11620</법정동시군구코드><법정동읍면동코드>10100</법정동읍면동코드><법정동지번코드>1</법정동지번코드><아파트>금강아미움(106동)</아파트><월>9</월><일>15</일><일련번호>11620-4570</일련번호><전용면적>84.3415</전용면적><중개사소재지> </중개사소재지><지번>1522-31</지번><지역코드>11620</지역코드><층>10</층><해제사유발생일> </해제사유발생일><해제여부> </해제여부></item><item><거래금액>    93,200</거래금액><거래유형>중개거래</거래유형><건축년도>1992</건축년도><년>2022</년><도로명>관악로40길</도로명><도로명건물본번호코드>00060</도로명건물본번호코드><도로명건물부번호코드>00000</도로명건물부번호코드><도로명시군구코드>11620</도로명시군구코드><도로명일련번호코드>01</도로명일련번호코드><도로명지상지하코드>0</도로명지상지하코드><도로명코드>4160021</도로명코드><법정동> 봉천동</법정동><법정동본번코드>1000</법정동본번코드><법정동부번코드>0000</법정동부번코드><법정동시군구코드>11620</법정동시군구코드><법정동읍면동코드>10100</법정동읍면동코드><법정동지번코드>1</법정동지번코드><아파트>현대(관악)</아파트><월>9</월><일>15</일><일련번호>11620-28</일련번호><전용면적>116.72</전용면적><중개사소재지>서울 관악구</중개사소재지><지번>1000</지번><지역코드>11620</지역코드><층>6</층><해제사유발생일> </해제사유발생일><해제여부> </해제여부></item><item><거래금액>   100,000</거래금액><거래유형>중개거래</거래유형><건축년도>2000</건축년도><년>2022</년><도로명>관악로30길</도로명><도로명건물본번호코드>00012</도로명건물본번호코드><도로명건물부번호코드>00000</도로명건물부번호코드><도로명시군구코드>11620</도로명시군구코드><도로명일련번호코드>01</도로명일련번호코드><도로명지상지하코드>0</도로명지상지하코드><도로명코드>4160018</도로명코드><법정동> 봉천동</법정동><법정동본번코드>1706</법정동본번코드><법정동부번코드>0000</법정동부번코드><법정동시군구코드>11620</법정동시군구코드><법정동읍면동코드>10100</법정동읍면동코드><법정동지번코드>1</법정동지번코드><아파트>봉천우성</아파트><월>9</월><일>15</일><일련번호>11620-21</일련번호><전용면적>114.78</전용면적><중개사소재지>서울 관악구</중개사소재지><지번>1706</지번><지역코드>11620</지역코드><층>8</층><해제사유발생일> </해제사유발생일><해제여부> </해제여부></item><item><거래금액>   107,800</거래금액><거래유형>중개거래</거래유형><건축년도>2000</건축년도><년>2022</년><도로명>봉천로</도로명><도로명건물본번호코드>00387</도로명건물본번호코드><도로명건물부번호코드>00000</도로명건물부번호코드><도로명시군구코드>11620</도로명시군구코드><도로명일련번호코드>01</도로명일련번호코드><도로명지상지하코드>0</도로명지상지하코드><도로명코드>3005083</도로명코드><법정동> 봉천동</법정동><법정동본번코드>1708</법정동본번코드><법정동부번코드>0000</법정동부번코드><법정동시군구코드>11620</법정동시군구코드><법정동읍면동코드>10100</법정동읍면동코드><법정동지번코드>1</법정동지번코드><아파트>두산</아파트><월>9</월><일>17</일><일련번호>11620-11</일련번호><전용면적>114.99</전용면적><중개사소재지>서울 마포구</중개사소재지><지번>1708</지번><지역코드>11620</지역코드><층>9</층><해제사유발생일> </해제사유발생일><해제여부> </해제여부></item><item><거래금액>    99,000</거래금액><거래유형>중개거래</거래유형><건축년도>2000</건축년도><년>2022</년><도로명>은천로</도로명><도로명건물본번호코드>00086</도로명건물본번호코드><도로명건물부번호코드>00000</도로명건물부번호코드><도로명시군구코드>11620</도로명시군구코드><도로명일련번호코드>01</도로명일련번호코드><도로명지상지하코드>0</도로명지상지하코드><도로명코드>3120009</도로명코드><법정동> 봉천동</법정동><법정동본번코드>1708</법정동본번코드><법정동부번코드>0000</법정동부번코드><법정동시군구코드>11620</법정동시군구코드><법정동읍면동코드>10100</법정동읍면동코드><법정동지번코드>1</법정동지번코드><아파트>두산</아파트><월>9</월><일>18</일><일련번호>11620-11</일련번호><전용면적>114.99</전용면적><중개사소재지>서울 관악구</중개사소재지><지번>1708</지번><지역코드>11620</지역코드><층>23</층><해제사유발생일> </해제사유발생일><해제여부> </해제여부></item><item><거래금액>    97,000</거래금액><거래유형>중개거래</거래유형><건축년도>2000</건축년도><년>2022</년><도로명>은천로</도로명><도로명건물본번호코드>00086</도로명건물본번호코드><도로명건물부번호코드>00000</도로명건물부번호코드><도로명시군구코드>11620</도로명시군구코드><도로명일련번호코드>01</도로명일련번호코드><도로명지상지하코드>0</도로명지상지하코드><도로명코드>3120009</도로명코드><법정동> 봉천동</법정동><법정동본번코드>1708</법정동본번코드><법정동부번코드>0000</법정동부번코드><법정동시군구코드>11620</법정동시군구코드><법정동읍면동코드>10100</법정동읍면동코드><법정동지번코드>1</법정동지번코드><아파트>두산</아파트><월>9</월><일>21</일><일련번호>11620-11</일련번호><전용면적>114.99</전용면적><중개사소재지>서울 관악구</중개사소재지><지번>1708</지번><지역코드>11620</지역코드><층>3</층><해제사유발생일> </해제사유발생일><해제여부> </해제여부></item><item><거래금액>    36,400</거래금액><거래유형>직거래</거래유형><건축년도>2004</건축년도><년>2022</년><도로명>관악로6길</도로명><도로명건물본번호코드>00076</도로명건물본번호코드><도로명건물부번호코드>00000</도로명건물부번호코드><도로명시군구코드>11620</도로명시군구코드><도로명일련번호코드>01</도로명일련번호코드><도로명지상지하코드>0</도로명지상지하코드><도로명코드>4160023</도로명코드><법정동> 봉천동</법정동><법정동본번코드>1605</법정동본번코드><법정동부번코드>0040</법정동부번코드><법정동시군구코드>11620</법정동시군구코드><법정동읍면동코드>10100</법정동읍면동코드><법정동지번코드>1</법정동지번코드><아파트>신성새실마을103동</아파트><월>9</월><일>21</일><일련번호>11620-130</일련번호><전용면적>62.38</전용면적><중개사소재지> </중개사소재지><지번>1605-40</지번><지역코드>11620</지역코드><층>7</층><해제사유발생일> </해제사유발생일><해제여부> </해제여부></item><item><거래금액>    50,500</거래금액><거래유형>중개거래</거래유형><건축년도>2007</건축년도><년>2022</년><도로명>쑥고개로</도로명><도로명건물본번호코드>00100</도로명건물본번호코드><도로명건물부번호코드>00000</도로명건물부번호코드><도로명시군구코드>11620</도로명시군구코드><도로명일련번호코드>01</도로명일련번호코드><도로명지상지하코드>0</도로명지상지하코드><도로명코드>3120008</도로명코드><법정동> 봉천동</법정동><법정동본번코드>1574</법정동본번코드><법정동부번코드>0001</법정동부번코드><법정동시군구코드>11620</법정동시군구코드><법정동읍면동코드>10100</법정동읍면동코드><법정동지번코드>1</법정동지번코드><아파트>생모리츠타운</아파트><월>9</월><일>24</일><일련번호>11620-4356</일련번호><전용면적>67.73</전용면적><중개사소재지>서울 관악구, 서울 동작구</중개사소재지><지번>1574-1</지번><지역코드>11620</지역코드><층>3</층><해제사유발생일> </해제사유발생일><해제여부> </해제여부></item><item><거래금액>    87,000</거래금액><거래유형>중개거래</거래유형><건축년도>1998</건축년도><년>2022</년><도로명>남부순환로198길</도로명><도로명건물본번호코드>00007</도로명건물본번호코드><도로명건물부번호코드>00000</도로명건물부번호코드><도로명시군구코드>11620</도로명시군구코드><도로명일련번호코드>01</도로명일련번호코드><도로명지상지하코드>0</도로명지상지하코드><도로명코드>4160238</도로명코드><법정동> 신림동</법정동><법정동본번코드>0010</법정동본번코드><법정동부번코드>0622</법정동부번코드><법정동시군구코드>11620</법정동시군구코드><법정동읍면동코드>10200</법정동읍면동코드><법정동지번코드>1</법정동지번코드><아파트>성우</아파트><월>9</월><일>21</일><일련번호>11620-56</일련번호><전용면적>114.97</전용면적><중개사소재지>서울 관악구</중개사소재지><지번>10-622</지번><지역코드>11620</지역코드><층>5</층><해제사유발생일> </해제사유발생일><해제여부> </해제여부></item><item><거래금액>    20,500</거래금액><거래유형>중개거래</거래유형><건축년도>2021</건축년도><년>2022</년><도로명>시흥대로</도로명><도로명건물본번호코드>00558</도로명건물본번호코드><도로명건물부번호코드>00001</도로명건물부번호코드><도로명시군구코드>11620</도로명시군구코드><도로명일련번호코드>01</도로명일련번호코드><도로명지상지하코드>0</도로명지상지하코드><도로명코드>2005010</도로명코드><법정동> 신림동</법정동><법정동본번코드>1655</법정동본번코드><법정동부번코드>0017</법정동부번코드><법정동시군구코드>11620</법정동시군구코드><법정동읍면동코드>10200</법정동읍면동코드><법정동지번코드>1</법정동지번코드><아파트>G밸리마인드</아파트><월>9</월><일>21</일><일련번호>11620-6063</일련번호><전용면적>14.96</전용면적><중개사소재지>서울 관악구</중개사소재지><지번>1655-17</지번><지역코드>11620</지역코드><층>10</층><해제사유발생일> </해제사유발생일><해제여부> </해제여부></item><item><거래금액>    12,900</거래금액><거래유형>중개거래</거래유형><건축년도>2014</건축년도><년>2022</년><도로명>관천로</도로명><도로명건물본번호코드>00038</도로명건물본번호코드><도로명건물부번호코드>00000</도로명건물부번호코드><도로명시군구코드>11620</도로명시군구코드><도로명일련번호코드>00</도로명일련번호코드><도로명코드>3120002</도로명코드><법정동> 신림동</법정동><법정동본번코드>1639</법정동본번코드><법정동부번코드>0051</법정동부번코드><법정동시군구코드>11620</법정동시군구코드><법정동읍면동코드>10200</법정동읍면동코드><법정동지번코드>1</법정동지번코드><아파트>푸리마타운</아파트><월>9</월><일>25</일><일련번호>11620-5091</일련번호><전용면적>12.25</전용면적><중개사소재지>서울 관악구</중개사소재지><지번>1639-51</지번><지역코드>11620</지역코드><층>15</층><해제사유발생일> </해제사유발생일><해제여부> </해제여부></item><item><거래금액>    70,000</거래금액><거래유형>중개거래</거래유형><건축년도>2000</건축년도><년>2022</년><도로명>승방1길</도로명><도로명건물본번호코드>00101</도로명건물본번호코드><도로명건물부번호코드>00000</도로명건물부번호코드><도로명시군구코드>11620</도로명시군구코드><도로명일련번호코드>01</도로명일련번호코드><도로명지상지하코드>0</도로명지상지하코드><도로명코드>4160473</도로명코드><법정동> 남현동</법정동><법정동본번코드>0602</법정동본번코드><법정동부번코드>0323</법정동부번코드><법정동시군구코드>11620</법정동시군구코드><법정동읍면동코드>10300</법정동읍면동코드><법정동지번코드>1</법정동지번코드><아파트>별장</아파트><월>9</월><일>4</일><일련번호>11620-166</일련번호><전용면적>105.4</전용면적><중개사소재지>경기 화성시</중개사소재지><지번>602-323</지번><지역코드>11620</지역코드><층>1</층><해제사유발생일> </해제사유발생일><해제여부> </해제여부></item><item><거래금액>   100,000</거래금액><거래유형>중개거래</거래유형><건축년도>2004</건축년도><년>2022</년><도로명>남현길</도로명><도로명건물본번호코드>00091</도로명건물본번호코드><도로명건물부번호코드>00000</도로명건물부번호코드><도로명시군구코드>11620</도로명시군구코드><도로명일련번호코드>01</도로명일련번호코드><도로명지상지하코드>0</도로명지상지하코드><도로명코드>4160298</도로명코드><법정동> 남현동</법정동><법정동본번코드>1135</법정동본번코드><법정동부번코드>0000</법정동부번코드><법정동시군구코드>11620</법정동시군구코드><법정동읍면동코드>10300</법정동읍면동코드><법정동지번코드>1</법정동지번코드><아파트>우림루미아트</아파트><월>9</월><일>20</일><일련번호>11620-204</일련번호><전용면적>84.53</전용면적><중개사소재지>서울 관악구, 서울 서초구</중개사소재지><지번>1135</지번><지역코드>11620</지역코드><층>6</층><해제사유발생일> </해제사유발생일><해제여부> </해제여부></item></items><numOfRows>999</numOfRows><pageNo>1</pageNo><totalCount>17</totalCount></body></response>