<?xml version="1.0" encoding="UTF-8" standalone="yes"?><response><header><resultCode>00</resultCode><resultMsg>NORMAL SERVICE.</resultMsg></header><body><items><item><거래금액>    16,000</거래금액><거래유형>중개거래</거래유형><건축년도>2014</건축년도><년>2022</년><도로명>대학로</도로명><도로명건물본번호코드>00047</도로명건물본번호코드><도로명건물부번호코드>00000</도로명건물부번호코드><도로명시군구코드>11110</도로명시군구코드><도로명일련번호코드>05</도로명일련번호코드><도로명지상지하코드>0</도로명지상지하코드><도로명코드>3100002</도로명코드><법정동> 연건동</법정동><법정동본번코드>0195</법정동본번코드><법정동부번코드>0010</법정동부번코드><법정동시군구코드>11110</법정동시군구코드><법정동읍면동코드>16600</법정동읍면동코드><법정동지번코드>1</법정동지번코드><아파트>이화에수풀</아파트><월>9</월><일>7</일><일련번호>11110-2359</일련번호><전용면적>16.98</전용면적><중개사소재지>서울 성북구</중개사소재지><지번>195-10</지번><지역코드>11110</지역코드><층>13</층><해제사유발생일> </해제사유발생일><해제여부> </해제여부></item><item><거래금액>    11,200</거래금액><거래유형>중개거래</거래유형><건축년도>2013</건축년도><년>2022</년><도로명>난계로29가길</도로명><도로명건물본번호코드>00017</도로명건물본번호코드><도로명건물부번호코드>00000</도로명건물부번호코드><도로명시군구코드>11110</도로명시군구코드><도로명일련번호코드>01</도로명일련번호코드><도로명지상지하코드>0</도로명지상지하코드><도로명코드>4100029</도로명코드><법정동> 숭인동</법정동><법정동본번코드>1392</법정동본번코드><법정동부번코드>0000</법정동부번코드><법정동시군구코드>11110</법정동시군구코드><법정동읍면동코드>17500</법정동읍면동코드><법정동지번코드>1</법정동지번코드><아파트>익성씨티하임</아파트><월>9</월><일>3</일><일련번호>11110-2348</일련번호><전용면적>15.42</전용면적><중개사소재지>서울 종로구</중개사소재지><지번>1392</지번><지역코드>11110</지역코드><층>11</층><해제사유발생일>22.12.05</해제사유발생일><해제여부>O</해제여부></item><item><거래금액>    11,400</거래금액><거래유형>중개거래</거래유형><건축년도>2013</건축년도><년>2022</년><도로명>난계로29가길</도로명><도로명건물본번호코드>00017</도로명건물본번호코드><도로명건물부번호코드>00000</도로명건물부번호코드><도로명시군구코드>11110</도로명시군구코드><도로명일련번호코드>01</도로명일련번호코드><도로명지상지하코드>0</도로명지상지하코드><도로명코드>4100029</도로명코드><법정동> 숭인동</법정동><법정동본번코드>1392</법정동본번코드><법정동부번코드>0000</법정동부번코드><법정동시군구코드>11110</법정동시군구코드><법정동읍면동코드>17500</법정동읍면동코드><법정동지번코드>1</법정동지번코드><아파트>익성씨티하임</아파트><월>9</월><일>3</일><일련번호>11110-2348</일련번호><전용면적>15.42</전용면적><중개사소재지>서울 종로구</중개사소재지><지번>1392</지번><지역코드>11110</지역코드><층>11</층><해제사유발생일> </해제사유발생일><해제여부> </해제여부></item><item><거래금액>    11,200</거래금액><거래유형>중개거래</거래유형><건축년도>2013</건축년도><년>2022</년><도로명>난계로29가길</도로명><도로명건물본번호코드>00017</도로명건물본번호코드><도로명건물부번호코드>00000</도로명건물부번호코드><도로명시군구코드>11110</도로명시군구코드><도로명일련번호코드>01</도로명일련번호코드><도로명지상지하코드>0</도로명지상지하코드><도로명코드>4100029</도로명코드><법정동> 숭인동</법정동><법정동본번코드>1392</법정동본번코드><법정동부번코드>0000</법정동부번코드><법정동시군구코드>11110</법정동시군구코드><법정동읍면동코드>17500</법정동읍면동코드><법정동지번코드>1</법정동지번코드><아파트>익성씨티하임</아파트><월>9</월><일>3</일><일련번호>11110-2348</일련번호><전용면적>15.42</전용면적><중개사소재지>서울 종로구</중개사소재지><지번>1392</지번><지역코드>11110</지역코드><층>11</층><해제사유발생일>22.12.01</해제사유발생일><해제여부>O</해제여부></item><item><거래금액>    11,400</거래금액><거래유형>중개거래</거래유형><건축년도>2013</건축년도><년>2022</년><도로명>난계로29가길</도로명><도로명건물본번호코드>00017</도로명건물본번호코드><도로명건물부번호코드>00000</도로명건물부번호코드><도로명시군구코드>11110</도로명시군구코드><도로명일련번호코드>01</도로명일련번호코드><도로명지상지하코드>0</도로명지상지하코드><도로명코드>4100029</도로명코드><법정동> 숭인동</법정동><법정동본번코드>1392</법정동본번코드><법정동부번코드>0000</법정동부번코드><법정동시군구코드>11110</법정동시군구코드><법정동읍면동코드>17500</법정동읍면동코드><법정동지번코드>1</법정동지번코드><아파트>익성씨티하임</아파트><월>9</월><일>3</일><일련번호>11110-2348</일련번호><전용면적>15.42</전용면적><중개사소재지>서울 종로구</중개사소재지><지번>1392</지번><지역코드>11110</지역코드><층>11</층><해제사유발생일> </해제사유발생일><해제여부> </해제여부></item><item><거래금액>    13,000</거래금액><거래유형>중개거래</거래유형><건축년도>2012</건축년도><년>2022</년><도로명>종로58가길</도로명><도로명건물본번호코드>00027</도로명건물본번호코드><도로명건물부번호코드>00000</도로명건물부번호코드><도로명시군구코드>11110</도로명시군구코드><도로명일련번호코드>01</도로명일련번호코드><도로명지상지하코드>0</도로명지상지하코드><도로명코드>4100358</도로명코드><법정동> 숭인동</법정동><법정동본번코드>0296</법정동본번코드><법정동부번코드>0019</법정동부번코드><법정동시군구코드>11110</법정동시군구코드><법정동읍면동코드>17500</법정동읍면동코드><법정동지번코드>1</법정동지번코드><아파트>삼전솔하임2차</아파트><월>9</월><일>13</일><일련번호>11110-2322</일련번호><전용면적>16.67</전용면적><중개사소재지>서울 종로구</중개사소재지><지번>296-19</지번><지역코드>11110</지역코드><층>7</층><해제사유발생일> </해제사유발생일><해제여부> </해제여부></item><item><거래금액>     9,700</거래금액><거래유형>중개거래</거래유형><건축년도>2013</건축년도><년>2022</년><도로명>난계로29길</도로명><도로명건물본번호코드>00033</도로명건물본번호코드><도로명건물부번호코드>00004</도로명건물부번호코드><도로명시군구코드>11110</도로명시군구코드><도로명일련번호코드>01</도로명일련번호코드><도로명지상지하코드>0</도로명지상지하코드><도로명코드>4100030</도로명코드><법정동> 숭인동</법정동><법정동본번코드>0201</법정동본번코드><법정동부번코드>0011</법정동부번코드><법정동시군구코드>11110</법정동시군구코드><법정동읍면동코드>17500</법정동읍면동코드><법정동지번코드>1</법정동지번코드><아파트>종로유케이201</아파트><월>9</월><일>13</일><일련번호>11110-2334</일련번호><전용면적>12.01</전용면적><중개사소재지>서울 강북구, 서울 성북구</중개사소재지><지번>201-11</지번><지역코드>11110</지역코드><층>10</층><해제사유발생일> </해제사유발생일><해제여부> </해제여부></item><item><거래금액>    12,500</거래금액><거래유형>중개거래</거래유형><건축년도>2012</건축년도><년>2022</년><도로명>종로58가길</도로명><도로명건물본번호코드>00027</도로명건물본번호코드><도로명건물부번호코드>00000</도로명건물부번호코드><도로명시군구코드>11110</도로명시군구코드><도로명일련번호코드>01</도로명일련번호코드><도로명지상지하코드>0</도로명지상지하코드><도로명코드>4100358</도로명코드><법정동> 숭인동</법정동><법정동본번코드>0296</법정동본번코드><법정동부번코드>0019</법정동부번코드><법정동시군구코드>11110</법정동시군구코드><법정동읍면동코드>17500</법정동읍면동코드><법정동지번코드>1</법정동지번코드><아파트>삼전솔하임2차</아파트><월>9</월><일>14</일><일련번호>11110-2322</일련번호><전용면적>15</전용면적><중개사소재지>서울 중구</중개사소재지><지번>296-19</지번><지역코드>11110</지역코드><층>10</층><해제사유발생일>22.09.19</해제사유발생일><해제여부>O</해제여부></item><item><거래금액>    12,500</거래금액><거래유형>중개거래</거래유형><건축년도>2012</건축년도><년>2022</년><도로명>종로58가길</도로명><도로명건물본번호코드>00027</도로명건물본번호코드><도로명건물부번호코드>00000</도로명건물부번호코드><도로명시군구코드>11110</도로명시군구코드><도로명일련번호코드>01</도로명일련번호코드><도로명지상지하코드>0</도로명지상지하코드><도로명코드>4100358</도로명코드><법정동> 숭인동</법정동><법정동본번코드>0296</법정동본번코드><법정동부번코드>0019</법정동부번코드><법정동시군구코드>11110</법정동시군구코드><법정동읍면동코드>17500</법정동읍면동코드><법정동지번코드>1</법정동지번코드><아파트>삼전솔하임2차</아파트><월>9</월><일>14</일><일련번호>11110-2322</일련번호><전용면적>15</전용면적><중개사소재지>서울 중구</중개사소재지><지번>296-19</지번><지역코드>11110</지역코드><층>10</층><해제사유발생일> </해제사유발생일><해제여부> </해제여부></item><item><거래금액>    12,500</거래금액><거래유형>중개거래</거래유형><건축년도>2014</건축년도><년>2022</년><도로명>지봉로4길</도로명><도로명건물본번호코드>00013</도로명건물본번호코드><도로명건물부번호코드>00000</도로명건물부번호코드><도로명시군구코드>11110</도로명시군구코드><도로명일련번호코드>00</도로명일련번호코드><도로명지상지하코드>0</도로명지상지하코드><도로명코드>4100389</도로명코드><법정동> 숭인동</법정동><법정동본번코드>0318</법정동본번코드><법정동부번코드>0002</법정동부번코드><법정동시군구코드>11110</법정동시군구코드><법정동읍면동코드>17500</법정동읍면동코드><법정동지번코드>1</법정동지번코드><아파트>삼전솔하임4차</아파트><월>9</월><일>26</일><일련번호>11110-2368</일련번호><전용면적>15.09</전용면적><중개사소재지>서울 중구</중개사소재지><지번>318-2</지번><지역코드>11110</지역코드><층>10</층><해제사유발생일> </해제사유발생일><해제여부> </해제여부></item><item><거래금액>    12,510</거래금액><거래유형>중개거래</거래유형><건축년도>2014</건축년도><년>2022</년><도로명>지봉로4길</도로명><도로명건물본번호코드>00013</도로명건물본번호코드><도로명건물부번호코드>00000</도로명건물부번호코드><도로명시군구코드>11110</도로명시군구코드><도로명일련번호코드>00</도로명일련번호코드><도로명지상지하코드>0</도로명지상지하코드><도로명코드>4100389</도로명코드><법정동> 숭인동</법정동><법정동본번코드>0318</법정동본번코드><법정동부번코드>0002</법정동부번코드><법정동시군구코드>11110</법정동시군구코드><법정동읍면동코드>17500</법정동읍면동코드><법정동지번코드>1</법정동지번코드><아파트>삼전솔하임4차</아파트><월>9</월><일>28</일><일련번호>11110-2368</일련번호><전용면적>15.09</전용면적><중개사소재지>서울 종로구</중개사소재지><지번>318-2</지번><지역코드>11110</지역코드><층>16</층><해제사유발생일> </해제사유발생일><해제여부> </해제여부></item><item><거래금액>   189,000</거래금액><거래유형>중개거래</거래유형><건축년도>2017</건축년도><년>2022</년><도로명>경교장길</도로명><도로명건물본번호코드>00035</도로명건물본번호코드><도로명건물부번호코드>00000</도로명건물부번호코드><도로명시군구코드>11110</도로명시군구코드><도로명일련번호코드>01</도로명일련번호코드><도로명코드>4100002</도로명코드><법정동> 평동</법정동><법정동본번코드>0233</법정동본번코드><법정동부번코드>0000</법정동부번코드><법정동시군구코드>11110</법정동시군구코드><법정동읍면동코드>17700</법정동읍면동코드><법정동지번코드>1</법정동지번코드><아파트>경희궁자이(3단지)</아파트><월>9</월><일>16</일><일련번호>11110-2446</일련번호><전용면적>84.614</전용면적><중개사소재지>서울 종로구</중개사소재지><지번>233</지번><지역코드>11110</지역코드><층>7</층><해제사유발생일> </해제사유발생일><해제여부> </해제여부></item><item><거래금액>   107,000</거래금액><거래유형>중개거래</거래유형><건축년도>2001</건축년도><년>2022</년><도로명>평창문화로</도로명><도로명건물본번호코드>00140</도로명건물본번호코드><도로명건물부번호코드>00000</도로명건물부번호코드><도로명시군구코드>11110</도로명시군구코드><도로명일련번호코드>01</도로명일련번호코드><도로명지상지하코드>0</도로명지상지하코드><도로명코드>3100023</도로명코드><법정동> 평창동</법정동><법정동본번코드>0072</법정동본번코드><법정동부번코드>0000</법정동부번코드><법정동시군구코드>11110</법정동시군구코드><법정동읍면동코드>18300</법정동읍면동코드><법정동지번코드>1</법정동지번코드><아파트>롯데낙천대</아파트><월>9</월><일>1</일><일련번호>11110-71</일련번호><전용면적>91.06</전용면적><중개사소재지>서울 종로구</중개사소재지><지번>72</지번><지역코드>11110</지역코드><층>4</층><해제사유발생일> </해제사유발생일><해제여부> </해제여부></item><item><거래금액>   106,076</거래금액><거래유형>직거래</거래유형><건축년도>2009</건축년도><년>2022</년><도로명>평창문화로</도로명><도로명건물본번호코드>00142</도로명건물본번호코드><도로명건물부번호코드>00000</도로명건물부번호코드><도로명시군구코드>11110</도로명시군구코드><도로명일련번호코드>01</도로명일련번호코드><도로명지상지하코드>0</도로명지상지하코드><도로명코드>3100023</도로명코드><법정동> 평창동</법정동><법정동본번코드>0066</법정동본번코드><법정동부번코드>0001</법정동부번코드><법정동시군구코드>11110</법정동시군구코드><법정동읍면동코드>18300</법정동읍면동코드><법정동지번코드>1</법정동지번코드><아파트>엘리시아</아파트><월>9</월><일>19</일><일련번호>11110-2261</일련번호><전용면적>236.07</전용면적><중개사소재지> </중개사소재지><지번>66-1</지번><지역코드>11110</지역코드><층>2</층><해제사유발생일> </해제사유발생일><해제여부> </해제여부></item><item><거래금액>    94,331</거래금액><거래유형>직거래</거래유형><건축년도>2009</건축년도><년>2022</년><도로명>평창문화로</도로명><도로명건물본번호코드>00142</도로명건물본번호코드><도로명건물부번호코드>00000</도로명건물부번호코드><도로명시군구코드>11110</도로명시군구코드><도로명일련번호코드>01</도로명일련번호코드><도로명지상지하코드>0</도로명지상지하코드><도로명코드>3100023</도로명코드><법정동> 평창동</법정동><법정동본번코드>0066</법정동본번코드><법정동부번코드>0001</법정동부번코드><법정동시군구코드>11110</법정동시군구코드><법정동읍면동코드>18300</법정동읍면동코드><법정동지번코드>1</법정동지번코드><아파트>엘리시아</아파트><월>9</월><일>19</일><일련번호>11110-2261</일련번호><전용면적>213.07</전용면적><중개사소재지> </중개사소재지><지번>66-1</지번><지역코드>11110</지역코드><층>3</층><해제사유발생일> </해제사유발생일><해제여부> </해제여부></item><item><거래금액>    18,500</거래금액><거래유형>중개거래</거래유형><건축년도>1997</건축년도><년>2022</년><도로명>평창문화로</도로명><도로명건물본번호코드>00019</도로명건물본번호코드><도로명건물부번호코드>00000</도로명건물부번호코드><도로명시군구코드>11110</도로명시군구코드><도로명일련번호코드>01</도로명일련번호코드><도로명지상지하코드>0</도로명지상지하코드><도로명코드>3100023</도로명코드><법정동> 평창동</법정동><법정동본번코드>0595</법정동본번코드><법정동부번코드>0000</법정동부번코드><법정동시군구코드>11110</법정동시군구코드><법정동읍면동코드>18300</법정동읍면동코드><법정동지번코드>1</법정동지번코드><아파트>갑을아파트</아파트><월>9</월><일>29</일><일련번호>11110-68</일련번호><전용면적>30.46</전용면적><중개사소재지>서울 종로구</중개사소재지><지번>595</지번><지역코드>11110</지역코드><층>11</층><해제사유발생일> </해제사유발생일><해제여부> </해제여부></item><item><거래금액>   110,000</거래금액><거래유형>중개거래</거래유형><건축년도>2019</건축년도><년>2022</년><도로명>통일로</도로명><도로명건물본번호코드>00230</도로명건물본번호코드><도로명건물부번호코드>00000</도로명건물부번호코드><도로명시군구코드>11110</도로명시군구코드><도로명일련번호코드>00</도로명일련번호코드><도로명지상지하코드>0</도로명지상지하코드><도로명코드>3000008</도로명코드><법정동> 무악동</법정동><법정동본번코드>0089</법정동본번코드><법정동부번코드>0000</법정동부번코드><법정동시군구코드>11110</법정동시군구코드><법정동읍면동코드>18700</법정동읍면동코드><법정동지번코드>1</법정동지번코드><아파트>경희궁롯데캐슬</아파트><월>9</월><일>21</일><일련번호>11110-2519</일련번호><전용면적>59.6737</전용면적><중개사소재지>서울 서대문구</중개사소재지><지번>89</지번><지역코드>11110</지역코드><층>2</층><해제사유발생일> </해제사유발생일><해제여부> </해제여부></item></items><numOfRows>999</numOfRows><pageNo>1</pageNo><totalCount>17</totalCount></body></response>