<?xml version="1.0" encoding="UTF-8" standalone="yes"?><response><header><resultCode>00</resultCode><resultMsg>NORMAL SERVICE.</resultMsg></header><body><items><item><거래금액>   145,000</거래금액><거래유형>중개거래</거래유형><건축년도>2008</건축년도><년>2023</년><도로명>사직로8길</도로명><도로명건물본번호코드>00004</도로명건물본번호코드><도로명건물부번호코드>00000</도로명건물부번호코드><도로명시군구코드>11110</도로명시군구코드><도로명일련번호코드>03</도로명일련번호코드><도로명지상지하코드>0</도로명지상지하코드><도로명코드>4100135</도로명코드><법정동> 사직동</법정동><법정동본번코드>0009</법정동본번코드><법정동부번코드>0000</법정동부번코드><법정동시군구코드>11110</법정동시군구코드><법정동읍면동코드>11500</법정동읍면동코드><법정동지번코드>1</법정동지번코드><아파트>광화문스페이스본(101동~105동)</아파트><월>2</월><일>8</일><일련번호>11110-2203</일련번호><전용면적>108.07</전용면적><중개사소재지>서울 종로구</중개사소재지><지번>9</지번><지역코드>11110</지역코드><층>9</층><해제사유발생일> </해제사유발생일><해제여부> </해제여부></item><item><거래금액>   185,000</거래금액><거래유형>중개거래</거래유형><건축년도>2003</건축년도><년>2023</년><도로명>사직로8길</도로명><도로명건물본번호코드>00020</도로명건물본번호코드><도로명건물부번호코드>00000</도로명건물부번호코드><도로명시군구코드>11110</도로명시군구코드><도로명일련번호코드>05</도로명일련번호코드><도로명지상지하코드>0</도로명지상지하코드><도로명코드>4100135</도로명코드><법정동> 내수동</법정동><법정동본번코드>0095</법정동본번코드><법정동부번코드>0000</법정동부번코드><법정동시군구코드>11110</법정동시군구코드><법정동읍면동코드>11800</법정동읍면동코드><법정동지번코드>1</법정동지번코드><아파트>경희궁파크팰리스</아파트><월>2</월><일>21</일><일련번호>11110-107</일련번호><전용면적>146.39</전용면적><중개사소재지>서울 종로구</중개사소재지><지번>95</지번><지역코드>11110</지역코드><층>13</층><해제사유발생일>23.03.15</해제사유발생일><해제여부>O</해제여부></item><item><거래금액>   185,000</거래금액><거래유형>중개거래</거래유형><건축년도>2003</건축년도><년>2023</년><도로명>사직로8길</도로명><도로명건물본번호코드>00020</도로명건물본번호코드><도로명건물부번호코드>00000</도로명건물부번호코드><도로명시군구코드>11110</도로명시군구코드><도로명일련번호코드>05</도로명일련번호코드><도로명지상지하코드>0</도로명지상지하코드><도로명코드>4100135</도로명코드><법정동> 내수동</법정동><법정동본번코드>0095</법정동본번코드><법정동부번코드>0000</법정동부번코드><법정동시군구코드>11110</법정동시군구코드><법정동읍면동코드>11800</법정동읍면동코드><법정동지번코드>1</법정동지번코드><아파트>경희궁파크팰리스</아파트><월>2</월><일>21</일><일련번호>11110-107</일련번호><전용면적>146.39</전용면적><중개사소재지>서울 종로구</중개사소재지><지번>95</지번><지역코드>11110</지역코드><층>13</층><해제사유발생일> </해제사유발생일><해제여부> </해제여부></item><item><거래금액>    38,000</거래금액><거래유형>중개거래</거래유형><건축년도>2015</건축년도><년>2023</년><도로명>종로31길</도로명><도로명건물본번호코드>00054</도로명건물본번호코드><도로명건물부번호코드>00000</도로명건물부번호코드><도로명시군구코드>11110</도로명시군구코드><도로명일련번호코드>02</도로명일련번호코드><도로명코드>4100321</도로명코드><법정동> 연지동</법정동><법정동본번코드>0163</법정동본번코드><법정동부번코드>0003</법정동부번코드><법정동시군구코드>11110</법정동시군구코드><법정동읍면동코드>16000</법정동읍면동코드><법정동지번코드>1</법정동지번코드><아파트>아르젠종로</아파트><월>2</월><일>28</일><일련번호>11110-2411</일련번호><전용면적>47.24</전용면적><중개사소재지>서울 종로구</중개사소재지><지번>163-3</지번><지역코드>11110</지역코드><층>13</층><해제사유발생일> </해제사유발생일><해제여부> </해제여부></item><item><거래금액>    18,800</거래금액><거래유형>중개거래</거래유형><건축년도>2014</건축년도><년>2023</년><도로명>대학로</도로명><도로명건물본번호코드>00047</도로명건물본번호코드><도로명건물부번호코드>00000</도로명건물부번호코드><도로명시군구코드>11110</도로명시군구코드><도로명일련번호코드>05</도로명일련번호코드><도로명지상지하코드>0</도로명지상지하코드><도로명코드>3100002</도로명코드><법정동> 연건동</법정동><법정동본번코드>0195</법정동본번코드><법정동부번코드>0010</법정동부번코드><법정동시군구코드>11110</법정동시군구코드><법정동읍면동코드>16600</법정동읍면동코드><법정동지번코드>1</법정동지번코드><아파트>이화에수풀</아파트><월>2</월><일>18</일><일련번호>11110-2359</일련번호><전용면적>16.98</전용면적><중개사소재지>서울 종로구</중개사소재지><지번>195-10</지번><지역코드>11110</지역코드><층>11</층><해제사유발생일> </해제사유발생일><해제여부> </해제여부></item><item><거래금액>    17,000</거래금액><거래유형>중개거래</거래유형><건축년도>2011</건축년도><년>2023</년><도로명>율곡로20길</도로명><도로명건물본번호코드>00024</도로명건물본번호코드><도로명건물부번호코드>00000</도로명건물부번호코드><도로명시군구코드>11110</도로명시군구코드><도로명일련번호코드>01</도로명일련번호코드><도로명지상지하코드>0</도로명지상지하코드><도로명코드>4100225</도로명코드><법정동> 충신동</법정동><법정동본번코드>0062</법정동본번코드><법정동부번코드>0002</법정동부번코드><법정동시군구코드>11110</법정동시군구코드><법정동읍면동코드>16700</법정동읍면동코드><법정동지번코드>1</법정동지번코드><아파트>CS타워</아파트><월>2</월><일>7</일><일련번호>11110-2291</일련번호><전용면적>21.94</전용면적><중개사소재지>서울 종로구</중개사소재지><지번>62-2</지번><지역코드>11110</지역코드><층>15</층><해제사유발생일> </해제사유발생일><해제여부> </해제여부></item><item><거래금액>    45,000</거래금액><거래유형>중개거래</거래유형><건축년도>1966</건축년도><년>2023</년><도로명>지봉로</도로명><도로명건물본번호코드>00025</도로명건물본번호코드><도로명건물부번호코드>00000</도로명건물부번호코드><도로명시군구코드>11110</도로명시군구코드><도로명일련번호코드>01</도로명일련번호코드><도로명지상지하코드>0</도로명지상지하코드><도로명코드>3005007</도로명코드><법정동> 창신동</법정동><법정동본번코드>0328</법정동본번코드><법정동부번코드>0017</법정동부번코드><법정동시군구코드>11110</법정동시군구코드><법정동읍면동코드>17400</법정동읍면동코드><법정동지번코드>1</법정동지번코드><아파트>동대문</아파트><월>2</월><일>11</일><일련번호>11110-30</일련번호><전용면적>28.8</전용면적><중개사소재지>서울 종로구</중개사소재지><지번>328-17</지번><지역코드>11110</지역코드><층>1</층><해제사유발생일> </해제사유발생일><해제여부> </해제여부></item><item><거래금액>    60,000</거래금액><거래유형>중개거래</거래유형><건축년도>1992</건축년도><년>2023</년><도로명>동망산길</도로명><도로명건물본번호코드>00019</도로명건물본번호코드><도로명건물부번호코드>00000</도로명건물부번호코드><도로명시군구코드>11110</도로명시군구코드><도로명일련번호코드>01</도로명일련번호코드><도로명지상지하코드>0</도로명지상지하코드><도로명코드>4100065</도로명코드><법정동> 창신동</법정동><법정동본번코드>0702</법정동본번코드><법정동부번코드>0000</법정동부번코드><법정동시군구코드>11110</법정동시군구코드><법정동읍면동코드>17400</법정동읍면동코드><법정동지번코드>1</법정동지번코드><아파트>창신쌍용1</아파트><월>2</월><일>27</일><일련번호>11110-37</일련번호><전용면적>54.7</전용면적><중개사소재지>서울 종로구</중개사소재지><지번>702</지번><지역코드>11110</지역코드><층>7</층><해제사유발생일> </해제사유발생일><해제여부> </해제여부></item><item><거래금액>    74,000</거래금액><거래유형>중개거래</거래유형><건축년도>2009</건축년도><년>2023</년><도로명>숭인동길</도로명><도로명건물본번호코드>00021</도로명건물본번호코드><도로명건물부번호코드>00000</도로명건물부번호코드><도로명시군구코드>11110</도로명시군구코드><도로명일련번호코드>01</도로명일련번호코드><도로명지상지하코드>0</도로명지상지하코드><도로명코드>4100204</도로명코드><법정동> 숭인동</법정동><법정동본번코드>0766</법정동본번코드><법정동부번코드>0000</법정동부번코드><법정동시군구코드>11110</법정동시군구코드><법정동읍면동코드>17500</법정동읍면동코드><법정동지번코드>1</법정동지번코드><아파트>종로청계힐스테이트</아파트><월>2</월><일>7</일><일련번호>11110-2234</일련번호><전용면적>59.9426</전용면적><중개사소재지>서울 서대문구, 서울 종로구</중개사소재지><지번>766</지번><지역코드>11110</지역코드><층>10</층><해제사유발생일> </해제사유발생일><해제여부> </해제여부></item><item><거래금액>    72,000</거래금액><거래유형>중개거래</거래유형><건축년도>2009</건축년도><년>2023</년><도로명>숭인동길</도로명><도로명건물본번호코드>00021</도로명건물본번호코드><도로명건물부번호코드>00000</도로명건물부번호코드><도로명시군구코드>11110</도로명시군구코드><도로명일련번호코드>01</도로명일련번호코드><도로명지상지하코드>0</도로명지상지하코드><도로명코드>4100204</도로명코드><법정동> 숭인동</법정동><법정동본번코드>0766</법정동본번코드><법정동부번코드>0000</법정동부번코드><법정동시군구코드>11110</법정동시군구코드><법정동읍면동코드>17500</법정동읍면동코드><법정동지번코드>1</법정동지번코드><아파트>종로청계힐스테이트</아파트><월>2</월><일>13</일><일련번호>11110-2234</일련번호><전용면적>59.9426</전용면적><중개사소재지>서울 강남구, 서울 종로구</중개사소재지><지번>766</지번><지역코드>11110</지역코드><층>18</층><해제사유발생일> </해제사유발생일><해제여부> </해제여부></item><item><거래금액>    72,000</거래금액><거래유형>중개거래</거래유형><건축년도>2009</건축년도><년>2023</년><도로명>숭인동길</도로명><도로명건물본번호코드>00021</도로명건물본번호코드><도로명건물부번호코드>00000</도로명건물부번호코드><도로명시군구코드>11110</도로명시군구코드><도로명일련번호코드>01</도로명일련번호코드><도로명지상지하코드>0</도로명지상지하코드><도로명코드>4100204</도로명코드><법정동> 숭인동</법정동><법정동본번코드>0766</법정동본번코드><법정동부번코드>0000</법정동부번코드><법정동시군구코드>11110</법정동시군구코드><법정동읍면동코드>17500</법정동읍면동코드><법정동지번코드>1</법정동지번코드><아파트>종로청계힐스테이트</아파트><월>2</월><일>13</일><일련번호>11110-2234</일련번호><전용면적>59.9426</전용면적><중개사소재지>서울 종로구</중개사소재지><지번>766</지번><지역코드>11110</지역코드><층>18</층><해제사유발생일>23.03.07</해제사유발생일><해제여부>O</해제여부></item><item><거래금액>    11,700</거래금액><거래유형>중개거래</거래유형><건축년도>2013</건축년도><년>2023</년><도로명>난계로29가길</도로명><도로명건물본번호코드>00019</도로명건물본번호코드><도로명건물부번호코드>00000</도로명건물부번호코드><도로명시군구코드>11110</도로명시군구코드><도로명일련번호코드>01</도로명일련번호코드><도로명지상지하코드>0</도로명지상지하코드><도로명코드>4100029</도로명코드><법정동> 숭인동</법정동><법정동본번코드>1392</법정동본번코드><법정동부번코드>0001</법정동부번코드><법정동시군구코드>11110</법정동시군구코드><법정동읍면동코드>17500</법정동읍면동코드><법정동지번코드>1</법정동지번코드><아파트>종로아인스빌</아파트><월>2</월><일>18</일><일련번호>11110-2344</일련번호><전용면적>12.15</전용면적><중개사소재지>서울 종로구</중개사소재지><지번>1392-1</지번><지역코드>11110</지역코드><층>11</층><해제사유발생일> </해제사유발생일><해제여부> </해제여부></item><item><거래금액>    12,100</거래금액><거래유형>중개거래</거래유형><건축년도>2013</건축년도><년>2023</년><도로명>난계로29가길</도로명><도로명건물본번호코드>00016</도로명건물본번호코드><도로명건물부번호코드>00000</도로명건물부번호코드><도로명시군구코드>11110</도로명시군구코드><도로명일련번호코드>01</도로명일련번호코드><도로명지상지하코드>0</도로명지상지하코드><도로명코드>4100029</도로명코드><법정동> 숭인동</법정동><법정동본번코드>1421</법정동본번코드><법정동부번코드>0000</법정동부번코드><법정동시군구코드>11110</법정동시군구코드><법정동읍면동코드>17500</법정동읍면동코드><법정동지번코드>1</법정동지번코드><아파트>버넷하임1</아파트><월>2</월><일>26</일><일련번호>11110-2336</일련번호><전용면적>17.96</전용면적><중개사소재지>서울 종로구</중개사소재지><지번>1421</지번><지역코드>11110</지역코드><층>13</층><해제사유발생일> </해제사유발생일><해제여부> </해제여부></item><item><거래금액>   141,000</거래금액><거래유형>중개거래</거래유형><건축년도>2017</건축년도><년>2023</년><도로명>경교장길</도로명><도로명건물본번호코드>00035</도로명건물본번호코드><도로명건물부번호코드>00000</도로명건물부번호코드><도로명시군구코드>11110</도로명시군구코드><도로명일련번호코드>01</도로명일련번호코드><도로명코드>4100002</도로명코드><법정동> 평동</법정동><법정동본번코드>0233</법정동본번코드><법정동부번코드>0000</법정동부번코드><법정동시군구코드>11110</법정동시군구코드><법정동읍면동코드>17700</법정동읍면동코드><법정동지번코드>1</법정동지번코드><아파트>경희궁자이(3단지)</아파트><월>2</월><일>21</일><일련번호>11110-2446</일련번호><전용면적>59.8547</전용면적><중개사소재지>서울 종로구</중개사소재지><지번>233</지번><지역코드>11110</지역코드><층>4</층><해제사유발생일> </해제사유발생일><해제여부> </해제여부></item><item><거래금액>   134,000</거래금액><거래유형>중개거래</거래유형><건축년도>2017</건축년도><년>2023</년><도로명>송월길</도로명><도로명건물본번호코드>00099</도로명건물본번호코드><도로명건물부번호코드>00000</도로명건물부번호코드><도로명시군구코드>11110</도로명시군구코드><도로명일련번호코드>01</도로명일련번호코드><도로명코드>4100192</도로명코드><법정동> 홍파동</법정동><법정동본번코드>0199</법정동본번코드><법정동부번코드>0000</법정동부번코드><법정동시군구코드>11110</법정동시군구코드><법정동읍면동코드>17900</법정동읍면동코드><법정동지번코드>1</법정동지번코드><아파트>경희궁자이(2단지)</아파트><월>2</월><일>10</일><일련번호>11110-2445</일련번호><전용면적>59.8547</전용면적><중개사소재지>서울 종로구</중개사소재지><지번>199</지번><지역코드>11110</지역코드><층>16</층><해제사유발생일> </해제사유발생일><해제여부> </해제여부></item><item><거래금액>   189,000</거래금액><거래유형>중개거래</거래유형><건축년도>2017</건축년도><년>2023</년><도로명>송월길</도로명><도로명건물본번호코드>00099</도로명건물본번호코드><도로명건물부번호코드>00000</도로명건물부번호코드><도로명시군구코드>11110</도로명시군구코드><도로명일련번호코드>01</도로명일련번호코드><도로명코드>4100192</도로명코드><법정동> 홍파동</법정동><법정동본번코드>0199</법정동본번코드><법정동부번코드>0000</법정동부번코드><법정동시군구코드>11110</법정동시군구코드><법정동읍면동코드>17900</법정동읍면동코드><법정동지번코드>1</법정동지번코드><아파트>경희궁자이(2단지)</아파트><월>2</월><일>17</일><일련번호>11110-2445</일련번호><전용면적>84.8359</전용면적><중개사소재지>서울 종로구</중개사소재지><지번>199</지번><지역코드>11110</지역코드><층>13</층><해제사유발생일> </해제사유발생일><해제여부> </해제여부></item><item><거래금액>   181,000</거래금액><거래유형>중개거래</거래유형><건축년도>2017</건축년도><년>2023</년><도로명>송월길</도로명><도로명건물본번호코드>00099</도로명건물본번호코드><도로명건물부번호코드>00000</도로명건물부번호코드><도로명시군구코드>11110</도로명시군구코드><도로명일련번호코드>01</도로명일련번호코드><도로명코드>4100192</도로명코드><법정동> 홍파동</법정동><법정동본번코드>0199</법정동본번코드><법정동부번코드>0000</법정동부번코드><법정동시군구코드>11110</법정동시군구코드><법정동읍면동코드>17900</법정동읍면동코드><법정동지번코드>1</법정동지번코드><아파트>경희궁자이(2단지)</아파트><월>2</월><일>21</일><일련번호>11110-2445</일련번호><전용면적>84.614</전용면적><중개사소재지>서울 종로구</중개사소재지><지번>199</지번><지역코드>11110</지역코드><층>13</층><해제사유발생일> </해제사유발생일><해제여부> </해제여부></item><item><거래금액>   139,500</거래금액><거래유형>중개거래</거래유형><건축년도>2017</건축년도><년>2023</년><도로명>송월길</도로명><도로명건물본번호코드>00099</도로명건물본번호코드><도로명건물부번호코드>00000</도로명건물부번호코드><도로명시군구코드>11110</도로명시군구코드><도로명일련번호코드>01</도로명일련번호코드><도로명코드>4100192</도로명코드><법정동> 홍파동</법정동><법정동본번코드>0199</법정동본번코드><법정동부번코드>0000</법정동부번코드><법정동시군구코드>11110</법정동시군구코드><법정동읍면동코드>17900</법정동읍면동코드><법정동지번코드>1</법정동지번코드><아파트>경희궁자이(2단지)</아파트><월>2</월><일>22</일><일련번호>11110-2445</일련번호><전용면적>59.895</전용면적><중개사소재지>부산 수영구, 서울 성북구, 서울 종로구</중개사소재지><지번>199</지번><지역코드>11110</지역코드><층>15</층><해제사유발생일> </해제사유발생일><해제여부> </해제여부></item><item><거래금액>    65,000</거래금액><거래유형>중개거래</거래유형><건축년도>1996</건축년도><년>2023</년><도로명>평창문화로</도로명><도로명건물본번호코드>00119</도로명건물본번호코드><도로명건물부번호코드>00000</도로명건물부번호코드><도로명시군구코드>11110</도로명시군구코드><도로명일련번호코드>01</도로명일련번호코드><도로명지상지하코드>0</도로명지상지하코드><도로명코드>3100023</도로명코드><법정동> 평창동</법정동><법정동본번코드>0145</법정동본번코드><법정동부번코드>0005</법정동부번코드><법정동시군구코드>11110</법정동시군구코드><법정동읍면동코드>18300</법정동읍면동코드><법정동지번코드>1</법정동지번코드><아파트>일성빌라트</아파트><월>2</월><일>15</일><일련번호>11110-77</일련번호><전용면적>84.99</전용면적><중개사소재지>서울 종로구</중개사소재지><지번>145-5</지번><지역코드>11110</지역코드><층>5</층><해제사유발생일> </해제사유발생일><해제여부> </해제여부></item><item><거래금액>   117,000</거래금액><거래유형>직거래</거래유형><건축년도>2019</건축년도><년>2023</년><도로명>통일로</도로명><도로명건물본번호코드>00230</도로명건물본번호코드><도로명건물부번호코드>00000</도로명건물부번호코드><도로명시군구코드>11110</도로명시군구코드><도로명일련번호코드>00</도로명일련번호코드><도로명지상지하코드>0</도로명지상지하코드><도로명코드>3000008</도로명코드><법정동> 무악동</법정동><법정동본번코드>0089</법정동본번코드><법정동부번코드>0000</법정동부번코드><법정동시군구코드>11110</법정동시군구코드><법정동읍면동코드>18700</법정동읍면동코드><법정동지번코드>1</법정동지번코드><아파트>경희궁롯데캐슬</아파트><월>2</월><일>8</일><일련번호>11110-2519</일련번호><전용면적>59.6737</전용면적><중개사소재지> </중개사소재지><지번>89</지번><지역코드>11110</지역코드><층>4</층><해제사유발생일> </해제사유발생일><해제여부> </해제여부></item><item><거래금액>   105,950</거래금액><거래유형>중개거래</거래유형><건축년도>2000</건축년도><년>2023</년><도로명>통일로</도로명><도로명건물본번호코드>00246</도로명건물본번호코드><도로명건물부번호코드>00020</도로명건물부번호코드><도로명시군구코드>11110</도로명시군구코드><도로명일련번호코드>06</도로명일련번호코드><도로명지상지하코드>0</도로명지상지하코드><도로명코드>3000008</도로명코드><법정동> 무악동</법정동><법정동본번코드>0082</법정동본번코드><법정동부번코드>0000</법정동부번코드><법정동시군구코드>11110</법정동시군구코드><법정동읍면동코드>18700</법정동읍면동코드><법정동지번코드>1</법정동지번코드><아파트>현대</아파트><월>2</월><일>21</일><일련번호>11110-90</일련번호><전용면적>84.92</전용면적><중개사소재지>서울 송파구, 서울 종로구</중개사소재지><지번>82</지번><지역코드>11110</지역코드><층>9</층><해제사유발생일> </해제사유발생일><해제여부> </해제여부></item></items><numOfRows>999</numOfRows><pageNo>1</pageNo><totalCount>21</totalCount></body></response>