<?xml version="1.0" encoding="UTF-8" standalone="yes"?><response><header><resultCode>00</resultCode><resultMsg>NORMAL SERVICE.</resultMsg></header><body><items><item><거래금액>   200,000</거래금액><거래유형>중개거래</거래유형><건축년도>2008</건축년도><년>2023</년><도로명>경희궁길</도로명><도로명건물본번호코드>00057</도로명건물본번호코드><도로명건물부번호코드>00000</도로명건물부번호코드><도로명시군구코드>11110</도로명시군구코드><도로명일련번호코드>01</도로명일련번호코드><도로명지상지하코드>0</도로명지상지하코드><도로명코드>4100010</도로명코드><법정동> 사직동</법정동><법정동본번코드>0009</법정동본번코드><법정동부번코드>0001</법정동부번코드><법정동시군구코드>11110</법정동시군구코드><법정동읍면동코드>11500</법정동읍면동코드><법정동지번코드>1</법정동지번코드><아파트>광화문스페이스본(106동)</아파트><월>1</월><일>20</일><일련번호>11110-2204</일련번호><전용면적>163.33</전용면적><중개사소재지>서울 종로구</중개사소재지><지번>9-1</지번><지역코드>11110</지역코드><층>12</층><해제사유발생일> </해제사유발생일><해제여부> </해제여부></item><item><거래금액>    79,000</거래금액><거래유형>중개거래</거래유형><건축년도>2006</건축년도><년>2023</년><도로명>종로</도로명><도로명건물본번호코드>00183</도로명건물본번호코드><도로명건물부번호코드>00000</도로명건물부번호코드><도로명시군구코드>11110</도로명시군구코드><도로명일련번호코드>09</도로명일련번호코드><도로명지상지하코드>0</도로명지상지하코드><도로명코드>3100013</도로명코드><법정동> 인의동</법정동><법정동본번코드>0048</법정동본번코드><법정동부번코드>0002</법정동부번코드><법정동시군구코드>11110</법정동시군구코드><법정동읍면동코드>15700</법정동읍면동코드><법정동지번코드>1</법정동지번코드><아파트>효성쥬얼리시티</아파트><월>1</월><일>26</일><일련번호>11110-2155</일련번호><전용면적>84.7</전용면적><중개사소재지>서울 종로구</중개사소재지><지번>48-2</지번><지역코드>11110</지역코드><층>17</층><해제사유발생일> </해제사유발생일><해제여부> </해제여부></item><item><거래금액>    12,200</거래금액><거래유형>중개거래</거래유형><건축년도>2014</건축년도><년>2023</년><도로명>난계로29가길</도로명><도로명건물본번호코드>00020</도로명건물본번호코드><도로명건물부번호코드>00000</도로명건물부번호코드><도로명시군구코드>11110</도로명시군구코드><도로명일련번호코드>01</도로명일련번호코드><도로명지상지하코드>0</도로명지상지하코드><도로명코드>4100029</도로명코드><법정동> 숭인동</법정동><법정동본번코드>1421</법정동본번코드><법정동부번코드>0002</법정동부번코드><법정동시군구코드>11110</법정동시군구코드><법정동읍면동코드>17500</법정동읍면동코드><법정동지번코드>1</법정동지번코드><아파트>숭인한양LEEPS</아파트><월>1</월><일>20</일><일련번호>11110-2366</일련번호><전용면적>12.78</전용면적><중개사소재지>서울 종로구</중개사소재지><지번>1421-2</지번><지역코드>11110</지역코드><층>7</층><해제사유발생일> </해제사유발생일><해제여부> </해제여부></item><item><거래금액>   169,000</거래금액><거래유형>중개거래</거래유형><건축년도>2017</건축년도><년>2023</년><도로명>송월길</도로명><도로명건물본번호코드>00099</도로명건물본번호코드><도로명건물부번호코드>00000</도로명건물부번호코드><도로명시군구코드>11110</도로명시군구코드><도로명일련번호코드>01</도로명일련번호코드><도로명코드>4100192</도로명코드><법정동> 홍파동</법정동><법정동본번코드>0199</법정동본번코드><법정동부번코드>0000</법정동부번코드><법정동시군구코드>11110</법정동시군구코드><법정동읍면동코드>17900</법정동읍면동코드><법정동지번코드>1</법정동지번코드><아파트>경희궁자이(2단지)</아파트><월>1</월><일>27</일><일련번호>11110-2445</일련번호><전용면적>84.8359</전용면적><중개사소재지>서울 종로구</중개사소재지><지번>199</지번><지역코드>11110</지역코드><층>12</층><해제사유발생일> </해제사유발생일><해제여부> </해제여부></item><item><거래금액>    18,900</거래금액><거래유형>중개거래</거래유형><건축년도>1997</건축년도><년>2023</년><도로명>평창문화로</도로명><도로명건물본번호코드>00019</도로명건물본번호코드><도로명건물부번호코드>00000</도로명건물부번호코드><도로명시군구코드>11110</도로명시군구코드><도로명일련번호코드>01</도로명일련번호코드><도로명지상지하코드>0</도로명지상지하코드><도로명코드>3100023</도로명코드><법정동> 평창동</법정동><법정동본번코드>0595</법정동본번코드><법정동부번코드>0000</법정동부번코드><법정동시군구코드>11110</법정동시군구코드><법정동읍면동코드>18300</법정동읍면동코드><법정동지번코드>1</법정동지번코드><아파트>갑을아파트</아파트><월>1</월><일>28</일><일련번호>11110-68</일련번호><전용면적>30.46</전용면적><중개사소재지>서울 종로구</중개사소재지><지번>595</지번><지역코드>11110</지역코드><층>6</층><해제사유발생일> </해제사유발생일><해제여부> </해제여부></item><item><거래금액>   155,500</거래금액><거래유형>중개거래</거래유형><건축년도>2008</건축년도><년>2023</년><도로명>통일로18길</도로명><도로명건물본번호코드>00009</도로명건물본번호코드><도로명건물부번호코드>00000</도로명건물부번호코드><도로명시군구코드>11110</도로명시군구코드><도로명일련번호코드>01</도로명일련번호코드><도로명지상지하코드>0</도로명지상지하코드><도로명코드>4100482</도로명코드><법정동> 무악동</법정동><법정동본번코드>0060</법정동본번코드><법정동부번코드>0000</법정동부번코드><법정동시군구코드>11110</법정동시군구코드><법정동읍면동코드>18700</법정동읍면동코드><법정동지번코드>1</법정동지번코드><아파트>인왕산아이파크</아파트><월>1</월><일>10</일><일련번호>11110-2212</일련번호><전용면적>114.931</전용면적><중개사소재지>경기 고양덕양구, 서울 종로구</중개사소재지><지번>60</지번><지역코드>11110</지역코드><층>16</층><해제사유발생일> </해제사유발생일><해제여부> </해제여부></item><item><거래금액>    99,960</거래금액><거래유형>중개거래</거래유형><건축년도>2000</건축년도><년>2023</년><도로명>통일로</도로명><도로명건물본번호코드>00246</도로명건물본번호코드><도로명건물부번호코드>00020</도로명건물부번호코드><도로명시군구코드>11110</도로명시군구코드><도로명일련번호코드>06</도로명일련번호코드><도로명지상지하코드>0</도로명지상지하코드><도로명코드>3000008</도로명코드><법정동> 무악동</법정동><법정동본번코드>0082</법정동본번코드><법정동부번코드>0000</법정동부번코드><법정동시군구코드>11110</법정동시군구코드><법정동읍면동코드>18700</법정동읍면동코드><법정동지번코드>1</법정동지번코드><아파트>현대</아파트><월>1</월><일>26</일><일련번호>11110-90</일련번호><전용면적>84.92</전용면적><중개사소재지>서울 종로구</중개사소재지><지번>82</지번><지역코드>11110</지역코드><층>6</층><해제사유발생일> </해제사유발생일><해제여부> </해제여부></item></items><numOfRows>999</numOfRows><pageNo>1</pageNo><totalCount>7</totalCount></body></response>