<?xml version="1.0" encoding="UTF-8" standalone="yes"?><response><header><resultCode>00</resultCode><resultMsg>NORMAL SERVICE.</resultMsg></header><body><items><item><거래금액>    23,700</거래금액><거래유형>중개거래</거래유형><건축년도>2013</건축년도><년>2022</년><도로명>동일로109가길</도로명><도로명건물본번호코드>00005</도로명건물본번호코드><도로명건물부번호코드>00000</도로명건물부번호코드><도로명시군구코드>11260</도로명시군구코드><도로명일련번호코드>01</도로명일련번호코드><도로명지상지하코드>0</도로명지상지하코드><도로명코드>4118069</도로명코드><법정동> 면목동</법정동><법정동본번코드>1535</법정동본번코드><법정동부번코드>0000</법정동부번코드><법정동시군구코드>11260</법정동시군구코드><법정동읍면동코드>10100</법정동읍면동코드><법정동지번코드>1</법정동지번코드><아파트>현대휴온</아파트><월>9</월><일>5</일><일련번호>11260-2724</일련번호><전용면적>35.82</전용면적><중개사소재지>서울 중랑구</중개사소재지><지번>1535</지번><지역코드>11260</지역코드><층>8</층><해제사유발생일> </해제사유발생일><해제여부> </해제여부></item><item><거래금액>   130,000</거래금액><거래유형>중개거래</거래유형><건축년도>2020</건축년도><년>2022</년><도로명>동일로92길</도로명><도로명건물본번호코드>00040</도로명건물본번호코드><도로명건물부번호코드>00000</도로명건물부번호코드><도로명시군구코드>11260</도로명시군구코드><도로명일련번호코드>01</도로명일련번호코드><도로명지상지하코드>0</도로명지상지하코드><도로명코드>4118135</도로명코드><법정동> 면목동</법정동><법정동본번코드>1545</법정동본번코드><법정동부번코드>0000</법정동부번코드><법정동시군구코드>11260</법정동시군구코드><법정동읍면동코드>10100</법정동읍면동코드><법정동지번코드>1</법정동지번코드><아파트>사가정센트럴아이파크</아파트><월>9</월><일>5</일><일련번호>11260-4104</일련번호><전용면적>84.87</전용면적><중개사소재지>서울 서대문구, 서울 중랑구</중개사소재지><지번>1545</지번><지역코드>11260</지역코드><층>18</층><해제사유발생일> </해제사유발생일><해제여부> </해제여부></item><item><거래금액>     8,900</거래금액><거래유형>중개거래</거래유형><건축년도>2013</건축년도><년>2022</년><도로명>면목로69길</도로명><도로명건물본번호코드>00016</도로명건물본번호코드><도로명건물부번호코드>00000</도로명건물부번호코드><도로명시군구코드>11260</도로명시군구코드><도로명일련번호코드>01</도로명일련번호코드><도로명지상지하코드>0</도로명지상지하코드><도로명코드>4118243</도로명코드><법정동> 면목동</법정동><법정동본번코드>0538</법정동본번코드><법정동부번코드>0000</법정동부번코드><법정동시군구코드>11260</법정동시군구코드><법정동읍면동코드>10100</법정동읍면동코드><법정동지번코드>1</법정동지번코드><아파트>신영</아파트><월>9</월><일>5</일><일련번호>11260-2791</일련번호><전용면적>14.43</전용면적><중개사소재지>서울 중랑구</중개사소재지><지번>538</지번><지역코드>11260</지역코드><층>6</층><해제사유발생일> </해제사유발생일><해제여부> </해제여부></item><item><거래금액>     8,900</거래금액><거래유형>중개거래</거래유형><건축년도>2013</건축년도><년>2022</년><도로명>면목로69길</도로명><도로명건물본번호코드>00016</도로명건물본번호코드><도로명건물부번호코드>00000</도로명건물부번호코드><도로명시군구코드>11260</도로명시군구코드><도로명일련번호코드>01</도로명일련번호코드><도로명지상지하코드>0</도로명지상지하코드><도로명코드>4118243</도로명코드><법정동> 면목동</법정동><법정동본번코드>0538</법정동본번코드><법정동부번코드>0000</법정동부번코드><법정동시군구코드>11260</법정동시군구코드><법정동읍면동코드>10100</법정동읍면동코드><법정동지번코드>1</법정동지번코드><아파트>신영</아파트><월>9</월><일>13</일><일련번호>11260-2791</일련번호><전용면적>14.43</전용면적><중개사소재지>서울 중랑구</중개사소재지><지번>538</지번><지역코드>11260</지역코드><층>4</층><해제사유발생일> </해제사유발생일><해제여부> </해제여부></item><item><거래금액>    71,500</거래금액><거래유형>중개거래</거래유형><건축년도>1998</건축년도><년>2022</년><도로명>중랑천로</도로명><도로명건물본번호코드>00043</도로명건물본번호코드><도로명건물부번호코드>00000</도로명건물부번호코드><도로명시군구코드>11260</도로명시군구코드><도로명일련번호코드>01</도로명일련번호코드><도로명지상지하코드>0</도로명지상지하코드><도로명코드>3106011</도로명코드><법정동> 면목동</법정동><법정동본번코드>1519</법정동본번코드><법정동부번코드>0000</법정동부번코드><법정동시군구코드>11260</법정동시군구코드><법정동읍면동코드>10100</법정동읍면동코드><법정동지번코드>1</법정동지번코드><아파트>신성</아파트><월>9</월><일>15</일><일련번호>11260-15</일련번호><전용면적>103.11</전용면적><중개사소재지>서울 성북구, 서울 중랑구</중개사소재지><지번>1519</지번><지역코드>11260</지역코드><층>4</층><해제사유발생일> </해제사유발생일><해제여부> </해제여부></item><item><거래금액>    39,000</거래금액><거래유형>중개거래</거래유형><건축년도>1987</건축년도><년>2022</년><도로명>중랑천로</도로명><도로명건물본번호코드>00020</도로명건물본번호코드><도로명건물부번호코드>00000</도로명건물부번호코드><도로명시군구코드>11260</도로명시군구코드><도로명일련번호코드>01</도로명일련번호코드><도로명지상지하코드>0</도로명지상지하코드><도로명코드>3106011</도로명코드><법정동> 면목동</법정동><법정동본번코드>0193</법정동본번코드><법정동부번코드>0001</법정동부번코드><법정동시군구코드>11260</법정동시군구코드><법정동읍면동코드>10100</법정동읍면동코드><법정동지번코드>1</법정동지번코드><아파트>면목한신</아파트><월>9</월><일>17</일><일련번호>11260-24</일련번호><전용면적>35.3</전용면적><중개사소재지>서울 중랑구</중개사소재지><지번>193-1</지번><지역코드>11260</지역코드><층>12</층><해제사유발생일> </해제사유발생일><해제여부> </해제여부></item><item><거래금액>    11,400</거래금액><거래유형>중개거래</거래유형><건축년도>2013</건축년도><년>2022</년><도로명>동일로109가길</도로명><도로명건물본번호코드>00005</도로명건물본번호코드><도로명건물부번호코드>00000</도로명건물부번호코드><도로명시군구코드>11260</도로명시군구코드><도로명일련번호코드>01</도로명일련번호코드><도로명지상지하코드>0</도로명지상지하코드><도로명코드>4118069</도로명코드><법정동> 면목동</법정동><법정동본번코드>1535</법정동본번코드><법정동부번코드>0000</법정동부번코드><법정동시군구코드>11260</법정동시군구코드><법정동읍면동코드>10100</법정동읍면동코드><법정동지번코드>1</법정동지번코드><아파트>현대휴온</아파트><월>9</월><일>28</일><일련번호>11260-2724</일련번호><전용면적>19.83</전용면적><중개사소재지>서울 중랑구</중개사소재지><지번>1535</지번><지역코드>11260</지역코드><층>4</층><해제사유발생일> </해제사유발생일><해제여부> </해제여부></item><item><거래금액>     8,800</거래금액><거래유형>중개거래</거래유형><건축년도>2013</건축년도><년>2022</년><도로명>면목로69길</도로명><도로명건물본번호코드>00016</도로명건물본번호코드><도로명건물부번호코드>00000</도로명건물부번호코드><도로명시군구코드>11260</도로명시군구코드><도로명일련번호코드>01</도로명일련번호코드><도로명지상지하코드>0</도로명지상지하코드><도로명코드>4118243</도로명코드><법정동> 면목동</법정동><법정동본번코드>0538</법정동본번코드><법정동부번코드>0000</법정동부번코드><법정동시군구코드>11260</법정동시군구코드><법정동읍면동코드>10100</법정동읍면동코드><법정동지번코드>1</법정동지번코드><아파트>신영</아파트><월>9</월><일>29</일><일련번호>11260-2791</일련번호><전용면적>14.43</전용면적><중개사소재지>서울 중랑구</중개사소재지><지번>538</지번><지역코드>11260</지역코드><층>5</층><해제사유발생일> </해제사유발생일><해제여부> </해제여부></item><item><거래금액>    29,000</거래금액><거래유형>중개거래</거래유형><건축년도>2019</건축년도><년>2022</년><도로명>상봉로23길</도로명><도로명건물본번호코드>00033</도로명건물본번호코드><도로명건물부번호코드>00000</도로명건물부번호코드><도로명시군구코드>11260</도로명시군구코드><도로명일련번호코드>00</도로명일련번호코드><도로명지상지하코드>0</도로명지상지하코드><도로명코드>4118396</도로명코드><법정동> 상봉동</법정동><법정동본번코드>0085</법정동본번코드><법정동부번코드>0004</법정동부번코드><법정동시군구코드>11260</법정동시군구코드><법정동읍면동코드>10200</법정동읍면동코드><법정동지번코드>1</법정동지번코드><아파트>더클래스</아파트><월>9</월><일>4</일><일련번호>11260-3976</일련번호><전용면적>28.25</전용면적><중개사소재지>서울 중랑구</중개사소재지><지번>85-4</지번><지역코드>11260</지역코드><층>6</층><해제사유발생일> </해제사유발생일><해제여부> </해제여부></item><item><거래금액>    13,800</거래금액><거래유형>중개거래</거래유형><건축년도>2018</건축년도><년>2022</년><도로명>면목로</도로명><도로명건물본번호코드>00489</도로명건물본번호코드><도로명건물부번호코드>00000</도로명건물부번호코드><도로명시군구코드>11260</도로명시군구코드><도로명일련번호코드>00</도로명일련번호코드><도로명지상지하코드>0</도로명지상지하코드><도로명코드>3005027</도로명코드><법정동> 상봉동</법정동><법정동본번코드>0113</법정동본번코드><법정동부번코드>0000</법정동부번코드><법정동시군구코드>11260</법정동시군구코드><법정동읍면동코드>10200</법정동읍면동코드><법정동지번코드>1</법정동지번코드><아파트>상봉어반뷰</아파트><월>9</월><일>7</일><일련번호>11260-3881</일련번호><전용면적>13.26</전용면적><중개사소재지>서울 강동구</중개사소재지><지번>113</지번><지역코드>11260</지역코드><층>7</층><해제사유발생일> </해제사유발생일><해제여부> </해제여부></item><item><거래금액>    30,500</거래금액><거래유형>중개거래</거래유형><건축년도>2020</건축년도><년>2022</년><도로명>봉우재로33길</도로명><도로명건물본번호코드>00085</도로명건물본번호코드><도로명건물부번호코드>00000</도로명건물부번호코드><도로명시군구코드>11260</도로명시군구코드><도로명일련번호코드>00</도로명일련번호코드><도로명지상지하코드>0</도로명지상지하코드><도로명코드>4118287</도로명코드><법정동> 상봉동</법정동><법정동본번코드>0089</법정동본번코드><법정동부번코드>0010</법정동부번코드><법정동시군구코드>11260</법정동시군구코드><법정동읍면동코드>10200</법정동읍면동코드><법정동지번코드>1</법정동지번코드><아파트>레그노시티</아파트><월>9</월><일>17</일><일련번호>11260-4076</일련번호><전용면적>26.908</전용면적><중개사소재지>서울 은평구, 서울 중랑구</중개사소재지><지번>89-10</지번><지역코드>11260</지역코드><층>8</층><해제사유발생일> </해제사유발생일><해제여부> </해제여부></item><item><거래금액>    75,000</거래금액><거래유형>직거래</거래유형><건축년도>2006</건축년도><년>2022</년><도로명>상봉중앙로8길</도로명><도로명건물본번호코드>00076</도로명건물본번호코드><도로명건물부번호코드>00000</도로명건물부번호코드><도로명시군구코드>11260</도로명시군구코드><도로명일련번호코드>01</도로명일련번호코드><도로명지상지하코드>0</도로명지상지하코드><도로명코드>4118418</도로명코드><법정동> 상봉동</법정동><법정동본번코드>0499</법정동본번코드><법정동부번코드>0000</법정동부번코드><법정동시군구코드>11260</법정동시군구코드><법정동읍면동코드>10200</법정동읍면동코드><법정동지번코드>1</법정동지번코드><아파트>건영캐스빌</아파트><월>9</월><일>19</일><일련번호>11260-2002</일련번호><전용면적>84.6475</전용면적><중개사소재지> </중개사소재지><지번>499</지번><지역코드>11260</지역코드><층>13</층><해제사유발생일> </해제사유발생일><해제여부> </해제여부></item><item><거래금액>    69,500</거래금액><거래유형>중개거래</거래유형><건축년도>1995</건축년도><년>2022</년><도로명>중랑역로</도로명><도로명건물본번호코드>00124</도로명건물본번호코드><도로명건물부번호코드>00000</도로명건물부번호코드><도로명시군구코드>11260</도로명시군구코드><도로명일련번호코드>01</도로명일련번호코드><도로명지상지하코드>0</도로명지상지하코드><도로명코드>3106010</도로명코드><법정동> 중화동</법정동><법정동본번코드>0438</법정동본번코드><법정동부번코드>0000</법정동부번코드><법정동시군구코드>11260</법정동시군구코드><법정동읍면동코드>10300</법정동읍면동코드><법정동지번코드>1</법정동지번코드><아파트>삼익아파트.상가동</아파트><월>9</월><일>17</일><일련번호>11260-45</일련번호><전용면적>84.9</전용면적><중개사소재지>서울 중랑구</중개사소재지><지번>438</지번><지역코드>11260</지역코드><층>8</층><해제사유발생일>22.11.22</해제사유발생일><해제여부>O</해제여부></item><item><거래금액>   102,000</거래금액><거래유형>중개거래</거래유형><건축년도>2017</건축년도><년>2022</년><도로명>숙선옹주로</도로명><도로명건물본번호코드>00045</도로명건물본번호코드><도로명건물부번호코드>00000</도로명건물부번호코드><도로명시군구코드>11260</도로명시군구코드><도로명일련번호코드>00</도로명일련번호코드><도로명지상지하코드>0</도로명지상지하코드><도로명코드>3106006</도로명코드><법정동> 묵동</법정동><법정동본번코드>0396</법정동본번코드><법정동부번코드>0000</법정동부번코드><법정동시군구코드>11260</법정동시군구코드><법정동읍면동코드>10400</법정동읍면동코드><법정동지번코드>1</법정동지번코드><아파트>이편한세상화랑대</아파트><월>9</월><일>5</일><일련번호>11260-3783</일련번호><전용면적>84.956</전용면적><중개사소재지>서울 중랑구</중개사소재지><지번>396</지번><지역코드>11260</지역코드><층>20</층><해제사유발생일> </해제사유발생일><해제여부> </해제여부></item><item><거래금액>    61,500</거래금액><거래유형>중개거래</거래유형><건축년도>1999</건축년도><년>2022</년><도로명>공릉로2라길</도로명><도로명건물본번호코드>00015</도로명건물본번호코드><도로명건물부번호코드>00000</도로명건물부번호코드><도로명시군구코드>11260</도로명시군구코드><도로명일련번호코드>01</도로명일련번호코드><도로명지상지하코드>0</도로명지상지하코드><도로명코드>4118052</도로명코드><법정동> 묵동</법정동><법정동본번코드>0381</법정동본번코드><법정동부번코드>0000</법정동부번코드><법정동시군구코드>11260</법정동시군구코드><법정동읍면동코드>10400</법정동읍면동코드><법정동지번코드>1</법정동지번코드><아파트>신안1</아파트><월>9</월><일>6</일><일련번호>11260-57</일련번호><전용면적>59.96</전용면적><중개사소재지>서울 중랑구</중개사소재지><지번>381</지번><지역코드>11260</지역코드><층>9</층><해제사유발생일> </해제사유발생일><해제여부> </해제여부></item><item><거래금액>   107,000</거래금액><거래유형>중개거래</거래유형><건축년도>1995</건축년도><년>2022</년><도로명>신내로21길</도로명><도로명건물본번호코드>00016</도로명건물본번호코드><도로명건물부번호코드>00000</도로명건물부번호코드><도로명시군구코드>11260</도로명시군구코드><도로명일련번호코드>01</도로명일련번호코드><도로명지상지하코드>0</도로명지상지하코드><도로명코드>4118437</도로명코드><법정동> 묵동</법정동><법정동본번코드>0020</법정동본번코드><법정동부번코드>0000</법정동부번코드><법정동시군구코드>11260</법정동시군구코드><법정동읍면동코드>10400</법정동읍면동코드><법정동지번코드>1</법정동지번코드><아파트>신내대림아파트</아파트><월>9</월><일>13</일><일련번호>11260-53</일련번호><전용면적>126.28</전용면적><중개사소재지>서울 중랑구</중개사소재지><지번>20</지번><지역코드>11260</지역코드><층>7</층><해제사유발생일> </해제사유발생일><해제여부> </해제여부></item><item><거래금액>   105,000</거래금액><거래유형>중개거래</거래유형><건축년도>1995</건축년도><년>2022</년><도로명>신내로21길</도로명><도로명건물본번호코드>00016</도로명건물본번호코드><도로명건물부번호코드>00000</도로명건물부번호코드><도로명시군구코드>11260</도로명시군구코드><도로명일련번호코드>01</도로명일련번호코드><도로명지상지하코드>0</도로명지상지하코드><도로명코드>4118437</도로명코드><법정동> 묵동</법정동><법정동본번코드>0020</법정동본번코드><법정동부번코드>0000</법정동부번코드><법정동시군구코드>11260</법정동시군구코드><법정동읍면동코드>10400</법정동읍면동코드><법정동지번코드>1</법정동지번코드><아파트>신내두산아파트</아파트><월>9</월><일>20</일><일련번호>11260-54</일련번호><전용면적>126.28</전용면적><중개사소재지>서울 중랑구</중개사소재지><지번>20</지번><지역코드>11260</지역코드><층>7</층><해제사유발생일> </해제사유발생일><해제여부> </해제여부></item><item><거래금액>     9,900</거래금액><거래유형>중개거래</거래유형><건축년도>2012</건축년도><년>2022</년><도로명>상봉로</도로명><도로명건물본번호코드>00110</도로명건물본번호코드><도로명건물부번호코드>00000</도로명건물부번호코드><도로명시군구코드>11260</도로명시군구코드><도로명일련번호코드>03</도로명일련번호코드><도로명지상지하코드>0</도로명지상지하코드><도로명코드>3106004</도로명코드><법정동> 망우동</법정동><법정동본번코드>0506</법정동본번코드><법정동부번코드>0008</법정동부번코드><법정동시군구코드>11260</법정동시군구코드><법정동읍면동코드>10500</법정동읍면동코드><법정동지번코드>1</법정동지번코드><아파트>EGSoulLeader</아파트><월>9</월><일>3</일><일련번호>11260-2668</일련번호><전용면적>13.42</전용면적><중개사소재지>서울 구로구, 서울 중랑구</중개사소재지><지번>506-8</지번><지역코드>11260</지역코드><층>9</층><해제사유발생일> </해제사유발생일><해제여부> </해제여부></item><item><거래금액>    10,100</거래금액><거래유형>중개거래</거래유형><건축년도>2013</건축년도><년>2022</년><도로명>망우로58길</도로명><도로명건물본번호코드>00031</도로명건물본번호코드><도로명건물부번호코드>00000</도로명건물부번호코드><도로명시군구코드>11260</도로명시군구코드><도로명일련번호코드>01</도로명일련번호코드><도로명지상지하코드>0</도로명지상지하코드><도로명코드>4118156</도로명코드><법정동> 망우동</법정동><법정동본번코드>0508</법정동본번코드><법정동부번코드>0006</법정동부번코드><법정동시군구코드>11260</법정동시군구코드><법정동읍면동코드>10500</법정동읍면동코드><법정동지번코드>1</법정동지번코드><아파트>더하이어</아파트><월>9</월><일>3</일><일련번호>11260-2772</일련번호><전용면적>12.0156</전용면적><중개사소재지>서울 중랑구</중개사소재지><지번>508-6</지번><지역코드>11260</지역코드><층>11</층><해제사유발생일>22.09.13</해제사유발생일><해제여부>O</해제여부></item><item><거래금액>    10,100</거래금액><거래유형>중개거래</거래유형><건축년도>2013</건축년도><년>2022</년><도로명>망우로58길</도로명><도로명건물본번호코드>00031</도로명건물본번호코드><도로명건물부번호코드>00000</도로명건물부번호코드><도로명시군구코드>11260</도로명시군구코드><도로명일련번호코드>01</도로명일련번호코드><도로명지상지하코드>0</도로명지상지하코드><도로명코드>4118156</도로명코드><법정동> 망우동</법정동><법정동본번코드>0508</법정동본번코드><법정동부번코드>0006</법정동부번코드><법정동시군구코드>11260</법정동시군구코드><법정동읍면동코드>10500</법정동읍면동코드><법정동지번코드>1</법정동지번코드><아파트>더하이어</아파트><월>9</월><일>3</일><일련번호>11260-2772</일련번호><전용면적>12.0156</전용면적><중개사소재지>서울 중랑구</중개사소재지><지번>508-6</지번><지역코드>11260</지역코드><층>11</층><해제사유발생일> </해제사유발생일><해제여부> </해제여부></item><item><거래금액>     9,500</거래금액><거래유형>중개거래</거래유형><건축년도>2012</건축년도><년>2022</년><도로명>상봉로</도로명><도로명건물본번호코드>00110</도로명건물본번호코드><도로명건물부번호코드>00000</도로명건물부번호코드><도로명시군구코드>11260</도로명시군구코드><도로명일련번호코드>03</도로명일련번호코드><도로명지상지하코드>0</도로명지상지하코드><도로명코드>3106004</도로명코드><법정동> 망우동</법정동><법정동본번코드>0506</법정동본번코드><법정동부번코드>0008</법정동부번코드><법정동시군구코드>11260</법정동시군구코드><법정동읍면동코드>10500</법정동읍면동코드><법정동지번코드>1</법정동지번코드><아파트>EGSoulLeader</아파트><월>9</월><일>15</일><일련번호>11260-2668</일련번호><전용면적>13.55</전용면적><중개사소재지>서울 구로구, 서울 중랑구</중개사소재지><지번>506-8</지번><지역코드>11260</지역코드><층>9</층><해제사유발생일>23.01.27</해제사유발생일><해제여부>O</해제여부></item><item><거래금액>    10,000</거래금액><거래유형>중개거래</거래유형><건축년도>2013</건축년도><년>2022</년><도로명>망우로58길</도로명><도로명건물본번호코드>00031</도로명건물본번호코드><도로명건물부번호코드>00000</도로명건물부번호코드><도로명시군구코드>11260</도로명시군구코드><도로명일련번호코드>01</도로명일련번호코드><도로명지상지하코드>0</도로명지상지하코드><도로명코드>4118156</도로명코드><법정동> 망우동</법정동><법정동본번코드>0508</법정동본번코드><법정동부번코드>0006</법정동부번코드><법정동시군구코드>11260</법정동시군구코드><법정동읍면동코드>10500</법정동읍면동코드><법정동지번코드>1</법정동지번코드><아파트>더하이어</아파트><월>9</월><일>15</일><일련번호>11260-2772</일련번호><전용면적>12.0156</전용면적><중개사소재지>서울 구로구, 서울 중랑구</중개사소재지><지번>508-6</지번><지역코드>11260</지역코드><층>9</층><해제사유발생일> </해제사유발생일><해제여부> </해제여부></item><item><거래금액>    63,000</거래금액><거래유형>중개거래</거래유형><건축년도>1989</건축년도><년>2022</년><도로명>양원역로</도로명><도로명건물본번호코드>00037</도로명건물본번호코드><도로명건물부번호코드>00000</도로명건물부번호코드><도로명시군구코드>11260</도로명시군구코드><도로명일련번호코드>01</도로명일련번호코드><도로명지상지하코드>0</도로명지상지하코드><도로명코드>3106008</도로명코드><법정동> 망우동</법정동><법정동본번코드>0226</법정동본번코드><법정동부번코드>0000</법정동부번코드><법정동시군구코드>11260</법정동시군구코드><법정동읍면동코드>10500</법정동읍면동코드><법정동지번코드>1</법정동지번코드><아파트>경남</아파트><월>9</월><일>16</일><일련번호>11260-68</일련번호><전용면적>81.91</전용면적><중개사소재지>서울 중랑구</중개사소재지><지번>226</지번><지역코드>11260</지역코드><층>5</층><해제사유발생일> </해제사유발생일><해제여부> </해제여부></item><item><거래금액>    62,000</거래금액><거래유형>중개거래</거래유형><건축년도>2002</건축년도><년>2022</년><도로명>상봉로26길</도로명><도로명건물본번호코드>00029</도로명건물본번호코드><도로명건물부번호코드>00000</도로명건물부번호코드><도로명시군구코드>11260</도로명시군구코드><도로명일련번호코드>01</도로명일련번호코드><도로명지상지하코드>0</도로명지상지하코드><도로명코드>4118400</도로명코드><법정동> 망우동</법정동><법정동본번코드>0576</법정동본번코드><법정동부번코드>0000</법정동부번코드><법정동시군구코드>11260</법정동시군구코드><법정동읍면동코드>10500</법정동읍면동코드><법정동지번코드>1</법정동지번코드><아파트>가야써니빌</아파트><월>9</월><일>25</일><일련번호>11260-66</일련번호><전용면적>68.05</전용면적><중개사소재지>서울 중랑구</중개사소재지><지번>576</지번><지역코드>11260</지역코드><층>4</층><해제사유발생일> </해제사유발생일><해제여부> </해제여부></item><item><거래금액>     9,500</거래금액><거래유형>중개거래</거래유형><건축년도>2012</건축년도><년>2022</년><도로명>상봉로</도로명><도로명건물본번호코드>00110</도로명건물본번호코드><도로명건물부번호코드>00000</도로명건물부번호코드><도로명시군구코드>11260</도로명시군구코드><도로명일련번호코드>03</도로명일련번호코드><도로명지상지하코드>0</도로명지상지하코드><도로명코드>3106004</도로명코드><법정동> 망우동</법정동><법정동본번코드>0506</법정동본번코드><법정동부번코드>0008</법정동부번코드><법정동시군구코드>11260</법정동시군구코드><법정동읍면동코드>10500</법정동읍면동코드><법정동지번코드>1</법정동지번코드><아파트>EGSoulLeader</아파트><월>9</월><일>26</일><일련번호>11260-2668</일련번호><전용면적>13.42</전용면적><중개사소재지>서울 중랑구</중개사소재지><지번>506-8</지번><지역코드>11260</지역코드><층>5</층><해제사유발생일> </해제사유발생일><해제여부> </해제여부></item><item><거래금액>     9,800</거래금액><거래유형>중개거래</거래유형><건축년도>2013</건축년도><년>2022</년><도로명>망우로58길</도로명><도로명건물본번호코드>00031</도로명건물본번호코드><도로명건물부번호코드>00000</도로명건물부번호코드><도로명시군구코드>11260</도로명시군구코드><도로명일련번호코드>01</도로명일련번호코드><도로명지상지하코드>0</도로명지상지하코드><도로명코드>4118156</도로명코드><법정동> 망우동</법정동><법정동본번코드>0508</법정동본번코드><법정동부번코드>0006</법정동부번코드><법정동시군구코드>11260</법정동시군구코드><법정동읍면동코드>10500</법정동읍면동코드><법정동지번코드>1</법정동지번코드><아파트>더하이어</아파트><월>9</월><일>30</일><일련번호>11260-2772</일련번호><전용면적>12.0156</전용면적><중개사소재지>서울 구로구, 서울 중랑구</중개사소재지><지번>508-6</지번><지역코드>11260</지역코드><층>15</층><해제사유발생일> </해제사유발생일><해제여부> </해제여부></item><item><거래금액>    54,000</거래금액><거래유형>중개거래</거래유형><건축년도>1993</건축년도><년>2022</년><도로명>신내로</도로명><도로명건물본번호코드>00128</도로명건물본번호코드><도로명건물부번호코드>00000</도로명건물부번호코드><도로명시군구코드>11260</도로명시군구코드><도로명일련번호코드>02</도로명일련번호코드><도로명지상지하코드>0</도로명지상지하코드><도로명코드>3106007</도로명코드><법정동> 신내동</법정동><법정동본번코드>0397</법정동본번코드><법정동부번코드>0000</법정동부번코드><법정동시군구코드>11260</법정동시군구코드><법정동읍면동코드>10600</법정동읍면동코드><법정동지번코드>1</법정동지번코드><아파트>동성1</아파트><월>9</월><일>1</일><일련번호>11260-83</일련번호><전용면적>59.4</전용면적><중개사소재지>서울 중랑구</중개사소재지><지번>397</지번><지역코드>11260</지역코드><층>12</층><해제사유발생일> </해제사유발생일><해제여부> </해제여부></item><item><거래금액>    53,500</거래금액><거래유형>중개거래</거래유형><건축년도>1996</건축년도><년>2022</년><도로명>신내로19길</도로명><도로명건물본번호코드>00042</도로명건물본번호코드><도로명건물부번호코드>00000</도로명건물부번호코드><도로명시군구코드>11260</도로명시군구코드><도로명일련번호코드>01</도로명일련번호코드><도로명지상지하코드>0</도로명지상지하코드><도로명코드>4118435</도로명코드><법정동> 신내동</법정동><법정동본번코드>0650</법정동본번코드><법정동부번코드>0000</법정동부번코드><법정동시군구코드>11260</법정동시군구코드><법정동읍면동코드>10600</법정동읍면동코드><법정동지번코드>1</법정동지번코드><아파트>신내6대주</아파트><월>9</월><일>7</일><일련번호>11260-92</일련번호><전용면적>49.77</전용면적><중개사소재지>서울 송파구</중개사소재지><지번>650</지번><지역코드>11260</지역코드><층>1</층><해제사유발생일> </해제사유발생일><해제여부> </해제여부></item><item><거래금액>    58,000</거래금액><거래유형>중개거래</거래유형><건축년도>1996</건축년도><년>2022</년><도로명>신내로19길</도로명><도로명건물본번호코드>00042</도로명건물본번호코드><도로명건물부번호코드>00000</도로명건물부번호코드><도로명시군구코드>11260</도로명시군구코드><도로명일련번호코드>01</도로명일련번호코드><도로명지상지하코드>0</도로명지상지하코드><도로명코드>4118435</도로명코드><법정동> 신내동</법정동><법정동본번코드>0650</법정동본번코드><법정동부번코드>0000</법정동부번코드><법정동시군구코드>11260</법정동시군구코드><법정동읍면동코드>10600</법정동읍면동코드><법정동지번코드>1</법정동지번코드><아파트>신내6대주</아파트><월>9</월><일>19</일><일련번호>11260-92</일련번호><전용면적>49.77</전용면적><중개사소재지>서울 중랑구</중개사소재지><지번>650</지번><지역코드>11260</지역코드><층>5</층><해제사유발생일> </해제사유발생일><해제여부> </해제여부></item><item><거래금액>    37,000</거래금액><거래유형>중개거래</거래유형><건축년도>1996</건축년도><년>2022</년><도로명>신내로</도로명><도로명건물본번호코드>00127</도로명건물본번호코드><도로명건물부번호코드>00000</도로명건물부번호코드><도로명시군구코드>11260</도로명시군구코드><도로명일련번호코드>02</도로명일련번호코드><도로명지상지하코드>0</도로명지상지하코드><도로명코드>3106007</도로명코드><법정동> 신내동</법정동><법정동본번코드>0657</법정동본번코드><법정동부번코드>0000</법정동부번코드><법정동시군구코드>11260</법정동시군구코드><법정동읍면동코드>10600</법정동읍면동코드><법정동지번코드>1</법정동지번코드><아파트>신내9진흥</아파트><월>9</월><일>21</일><일련번호>11260-98</일련번호><전용면적>33.18</전용면적><중개사소재지>서울 중랑구</중개사소재지><지번>657</지번><지역코드>11260</지역코드><층>11</층><해제사유발생일> </해제사유발생일><해제여부> </해제여부></item><item><거래금액>    60,000</거래금액><거래유형>중개거래</거래유형><건축년도>2000</건축년도><년>2022</년><도로명>용마산로125길</도로명><도로명건물본번호코드>00050</도로명건물본번호코드><도로명건물부번호코드>00000</도로명건물부번호코드><도로명시군구코드>11260</도로명시군구코드><도로명일련번호코드>01</도로명일련번호코드><도로명지상지하코드>0</도로명지상지하코드><도로명코드>4118490</도로명코드><법정동> 신내동</법정동><법정동본번코드>0437</법정동본번코드><법정동부번코드>0000</법정동부번코드><법정동시군구코드>11260</법정동시군구코드><법정동읍면동코드>10600</법정동읍면동코드><법정동지번코드>1</법정동지번코드><아파트>벽산</아파트><월>9</월><일>23</일><일련번호>11260-87</일련번호><전용면적>84.93</전용면적><중개사소재지>서울 중랑구</중개사소재지><지번>437</지번><지역코드>11260</지역코드><층>7</층><해제사유발생일> </해제사유발생일><해제여부> </해제여부></item><item><거래금액>    83,950</거래금액><거래유형>직거래</거래유형><건축년도>2014</건축년도><년>2022</년><도로명>신내역로1길</도로명><도로명건물본번호코드>00085</도로명건물본번호코드><도로명건물부번호코드>00000</도로명건물부번호코드><도로명시군구코드>11260</도로명시군구코드><도로명일련번호코드>00</도로명일련번호코드><도로명코드>4118589</도로명코드><법정동> 신내동</법정동><법정동본번코드>0816</법정동본번코드><법정동부번코드>0000</법정동부번코드><법정동시군구코드>11260</법정동시군구코드><법정동읍면동코드>10600</법정동읍면동코드><법정동지번코드>1</법정동지번코드><아파트>신내우디안1단지</아파트><월>9</월><일>23</일><일련번호>11260-2893</일련번호><전용면적>84.65</전용면적><중개사소재지> </중개사소재지><지번>816</지번><지역코드>11260</지역코드><층>14</층><해제사유발생일> </해제사유발생일><해제여부> </해제여부></item></items><numOfRows>999</numOfRows><pageNo>1</pageNo><totalCount>32</totalCount></body></response>