<?xml version="1.0" encoding="UTF-8" standalone="yes"?><response><header><resultCode>00</resultCode><resultMsg>NORMAL SERVICE.</resultMsg></header><body><items><item><거래금액>    33,000</거래금액><거래유형>중개거래</거래유형><건축년도>1970</건축년도><년>2022</년><도로명>퇴계로2길</도로명><도로명건물본번호코드>00015</도로명건물본번호코드><도로명건물부번호코드>00006</도로명건물부번호코드><도로명시군구코드>11140</도로명시군구코드><도로명일련번호코드>01</도로명일련번호코드><도로명지상지하코드>0</도로명지상지하코드><도로명코드>4103337</도로명코드><법정동> 남창동</법정동><법정동본번코드>0205</법정동본번코드><법정동부번코드>0044</법정동부번코드><법정동시군구코드>11140</법정동시군구코드><법정동읍면동코드>11200</법정동읍면동코드><법정동지번코드>1</법정동지번코드><아파트>경서</아파트><월>11</월><일>28</일><일련번호>11140-1</일련번호><전용면적>55.8</전용면적><중개사소재지>서울 중구</중개사소재지><지번>205-44</지번><지역코드>11140</지역코드><층>3</층><해제사유발생일> </해제사유발생일><해제여부> </해제여부></item><item><거래금액>    86,000</거래금액><거래유형>중개거래</거래유형><건축년도>1999</건축년도><년>2022</년><도로명>동호로10길</도로명><도로명건물본번호코드>00030</도로명건물본번호코드><도로명건물부번호코드>00000</도로명건물부번호코드><도로명시군구코드>11140</도로명시군구코드><도로명일련번호코드>01</도로명일련번호코드><도로명지상지하코드>0</도로명지상지하코드><도로명코드>4103078</도로명코드><법정동> 신당동</법정동><법정동본번코드>0842</법정동본번코드><법정동부번코드>0000</법정동부번코드><법정동시군구코드>11140</법정동시군구코드><법정동읍면동코드>16200</법정동읍면동코드><법정동지번코드>1</법정동지번코드><아파트>약수하이츠</아파트><월>11</월><일>12</일><일련번호>11140-37</일련번호><전용면적>57.63</전용면적><중개사소재지>서울 중구</중개사소재지><지번>842</지번><지역코드>11140</지역코드><층>15</층><해제사유발생일> </해제사유발생일><해제여부> </해제여부></item><item><거래금액>    15,700</거래금액><거래유형>중개거래</거래유형><건축년도>2014</건축년도><년>2022</년><도로명>난계로</도로명><도로명건물본번호코드>00151</도로명건물본번호코드><도로명건물부번호코드>00000</도로명건물부번호코드><도로명시군구코드>11140</도로명시군구코드><도로명일련번호코드>01</도로명일련번호코드><도로명지상지하코드>0</도로명지상지하코드><도로명코드>3100018</도로명코드><법정동> 신당동</법정동><법정동본번코드>0160</법정동본번코드><법정동부번코드>0005</법정동부번코드><법정동시군구코드>11140</법정동시군구코드><법정동읍면동코드>16200</법정동읍면동코드><법정동지번코드>1</법정동지번코드><아파트>신당아르브</아파트><월>11</월><일>14</일><일련번호>11140-1217</일련번호><전용면적>18.08</전용면적><중개사소재지>서울 중구</중개사소재지><지번>160-5</지번><지역코드>11140</지역코드><층>6</층><해제사유발생일> </해제사유발생일><해제여부> </해제여부></item><item><거래금액>    85,000</거래금액><거래유형>직거래</거래유형><건축년도>1999</건축년도><년>2022</년><도로명>동호로10길</도로명><도로명건물본번호코드>00030</도로명건물본번호코드><도로명건물부번호코드>00000</도로명건물부번호코드><도로명시군구코드>11140</도로명시군구코드><도로명일련번호코드>01</도로명일련번호코드><도로명지상지하코드>0</도로명지상지하코드><도로명코드>4103078</도로명코드><법정동> 신당동</법정동><법정동본번코드>0842</법정동본번코드><법정동부번코드>0000</법정동부번코드><법정동시군구코드>11140</법정동시군구코드><법정동읍면동코드>16200</법정동읍면동코드><법정동지번코드>1</법정동지번코드><아파트>약수하이츠</아파트><월>11</월><일>24</일><일련번호>11140-37</일련번호><전용면적>57.63</전용면적><중개사소재지> </중개사소재지><지번>842</지번><지역코드>11140</지역코드><층>12</층><해제사유발생일> </해제사유발생일><해제여부> </해제여부></item><item><거래금액>    13,300</거래금액><거래유형>중개거래</거래유형><건축년도>2013</건축년도><년>2022</년><도로명>난계로</도로명><도로명건물본번호코드>00173</도로명건물본번호코드><도로명건물부번호코드>00000</도로명건물부번호코드><도로명시군구코드>11140</도로명시군구코드><도로명일련번호코드>02</도로명일련번호코드><도로명지상지하코드>0</도로명지상지하코드><도로명코드>3100018</도로명코드><법정동> 황학동</법정동><법정동본번코드>0787</법정동본번코드><법정동부번코드>0000</법정동부번코드><법정동시군구코드>11140</법정동시군구코드><법정동읍면동코드>16500</법정동읍면동코드><법정동지번코드>1</법정동지번코드><아파트>한양I-Class</아파트><월>11</월><일>2</일><일련번호>11140-1197</일련번호><전용면적>16.37</전용면적><중개사소재지>서울 중구</중개사소재지><지번>787</지번><지역코드>11140</지역코드><층>17</층><해제사유발생일> </해제사유발생일><해제여부> </해제여부></item><item><거래금액>    16,000</거래금액><거래유형>직거래</거래유형><건축년도>2014</건축년도><년>2022</년><도로명>난계로</도로명><도로명건물본번호코드>00169</도로명건물본번호코드><도로명건물부번호코드>00000</도로명건물부번호코드><도로명시군구코드>11140</도로명시군구코드><도로명일련번호코드>02</도로명일련번호코드><도로명지상지하코드>0</도로명지상지하코드><도로명코드>3100018</도로명코드><법정동> 황학동</법정동><법정동본번코드>0819</법정동본번코드><법정동부번코드>0000</법정동부번코드><법정동시군구코드>11140</법정동시군구코드><법정동읍면동코드>16500</법정동읍면동코드><법정동지번코드>1</법정동지번코드><아파트>DUO302</아파트><월>11</월><일>14</일><일련번호>11140-1206</일련번호><전용면적>15.97</전용면적><중개사소재지> </중개사소재지><지번>819</지번><지역코드>11140</지역코드><층>12</층><해제사유발생일> </해제사유발생일><해제여부> </해제여부></item><item><거래금액>    15,000</거래금액><거래유형>중개거래</거래유형><건축년도>2014</건축년도><년>2022</년><도로명>난계로</도로명><도로명건물본번호코드>00169</도로명건물본번호코드><도로명건물부번호코드>00000</도로명건물부번호코드><도로명시군구코드>11140</도로명시군구코드><도로명일련번호코드>02</도로명일련번호코드><도로명지상지하코드>0</도로명지상지하코드><도로명코드>3100018</도로명코드><법정동> 황학동</법정동><법정동본번코드>0819</법정동본번코드><법정동부번코드>0000</법정동부번코드><법정동시군구코드>11140</법정동시군구코드><법정동읍면동코드>16500</법정동읍면동코드><법정동지번코드>1</법정동지번코드><아파트>DUO302</아파트><월>11</월><일>24</일><일련번호>11140-1206</일련번호><전용면적>15.97</전용면적><중개사소재지>서울 중구</중개사소재지><지번>819</지번><지역코드>11140</지역코드><층>13</층><해제사유발생일>22.12.29</해제사유발생일><해제여부>O</해제여부></item><item><거래금액>    39,000</거래금액><거래유형>중개거래</거래유형><건축년도>2020</건축년도><년>2022</년><도로명>서소문로</도로명><도로명건물본번호코드>00089</도로명건물본번호코드><도로명건물부번호코드>00020</도로명건물부번호코드><도로명시군구코드>11140</도로명시군구코드><도로명일련번호코드>00</도로명일련번호코드><도로명코드>3005010</도로명코드><법정동> 정동</법정동><법정동본번코드>0037</법정동본번코드><법정동부번코드>0000</법정동부번코드><법정동시군구코드>11140</법정동시군구코드><법정동읍면동코드>16700</법정동읍면동코드><법정동지번코드>1</법정동지번코드><아파트>삼정아트테라스정동</아파트><월>11</월><일>16</일><일련번호>11140-1361</일련번호><전용면적>22.0989</전용면적><중개사소재지>서울 마포구, 서울 종로구</중개사소재지><지번>37</지번><지역코드>11140</지역코드><층>2</층><해제사유발생일> </해제사유발생일><해제여부> </해제여부></item></items><numOfRows>999</numOfRows><pageNo>1</pageNo><totalCount>8</totalCount></body></response>