<?xml version="1.0" encoding="UTF-8" standalone="yes"?><response><header><resultCode>00</resultCode><resultMsg>NORMAL SERVICE.</resultMsg></header><body><items><item><거래금액>    55,000</거래금액><거래유형>직거래</거래유형><건축년도>1998</건축년도><년>2022</년><도로명>동일로</도로명><도로명건물본번호코드>00483</도로명건물본번호코드><도로명건물부번호코드>00000</도로명건물부번호코드><도로명시군구코드>11260</도로명시군구코드><도로명일련번호코드>01</도로명일련번호코드><도로명지상지하코드>0</도로명지상지하코드><도로명코드>3000001</도로명코드><법정동> 면목동</법정동><법정동본번코드>1521</법정동본번코드><법정동부번코드>0000</법정동부번코드><법정동시군구코드>11260</법정동시군구코드><법정동읍면동코드>10100</법정동읍면동코드><법정동지번코드>1</법정동지번코드><아파트>두원</아파트><월>11</월><일>5</일><일련번호>11260-8</일련번호><전용면적>59.31</전용면적><중개사소재지> </중개사소재지><지번>1521</지번><지역코드>11260</지역코드><층>7</층><해제사유발생일> </해제사유발생일><해제여부> </해제여부></item><item><거래금액>    24,500</거래금액><거래유형>중개거래</거래유형><건축년도>2003</건축년도><년>2022</년><도로명>봉우재로28길</도로명><도로명건물본번호코드>00022</도로명건물본번호코드><도로명건물부번호코드>00000</도로명건물부번호코드><도로명시군구코드>11260</도로명시군구코드><도로명일련번호코드>01</도로명일련번호코드><도로명지상지하코드>0</도로명지상지하코드><도로명코드>4118284</도로명코드><법정동> 면목동</법정동><법정동본번코드>0132</법정동본번코드><법정동부번코드>0064</법정동부번코드><법정동시군구코드>11260</법정동시군구코드><법정동읍면동코드>10100</법정동읍면동코드><법정동지번코드>1</법정동지번코드><아파트>세모하이츠(B)</아파트><월>11</월><일>17</일><일련번호>11260-127</일련번호><전용면적>47.18</전용면적><중개사소재지>서울 중랑구</중개사소재지><지번>132-64</지번><지역코드>11260</지역코드><층>7</층><해제사유발생일> </해제사유발생일><해제여부> </해제여부></item><item><거래금액>    47,000</거래금액><거래유형>중개거래</거래유형><건축년도>1997</건축년도><년>2022</년><도로명>망우로26길</도로명><도로명건물본번호코드>00043</도로명건물본번호코드><도로명건물부번호코드>00000</도로명건물부번호코드><도로명시군구코드>11260</도로명시군구코드><도로명일련번호코드>01</도로명일련번호코드><도로명지상지하코드>0</도로명지상지하코드><도로명코드>4118145</도로명코드><법정동> 면목동</법정동><법정동본번코드>1514</법정동본번코드><법정동부번코드>0000</법정동부번코드><법정동시군구코드>11260</법정동시군구코드><법정동읍면동코드>10100</법정동읍면동코드><법정동지번코드>1</법정동지번코드><아파트>풍림</아파트><월>11</월><일>29</일><일련번호>11260-23</일련번호><전용면적>59.4</전용면적><중개사소재지>서울 중랑구</중개사소재지><지번>1514</지번><지역코드>11260</지역코드><층>5</층><해제사유발생일> </해제사유발생일><해제여부> </해제여부></item><item><거래금액>    13,600</거래금액><거래유형>중개거래</거래유형><건축년도>2015</건축년도><년>2022</년><도로명>면목로</도로명><도로명건물본번호코드>00491</도로명건물본번호코드><도로명건물부번호코드>00000</도로명건물부번호코드><도로명시군구코드>11260</도로명시군구코드><도로명일련번호코드>00</도로명일련번호코드><도로명코드>3005027</도로명코드><법정동> 상봉동</법정동><법정동본번코드>0115</법정동본번코드><법정동부번코드>0061</법정동부번코드><법정동시군구코드>11260</법정동시군구코드><법정동읍면동코드>10200</법정동읍면동코드><법정동지번코드>1</법정동지번코드><아파트>주함해븐타워</아파트><월>11</월><일>4</일><일련번호>11260-3199</일련번호><전용면적>14.94</전용면적><중개사소재지>서울 중랑구</중개사소재지><지번>115-61</지번><지역코드>11260</지역코드><층>13</층><해제사유발생일> </해제사유발생일><해제여부> </해제여부></item><item><거래금액>   107,000</거래금액><거래유형>중개거래</거래유형><건축년도>2013</건축년도><년>2022</년><도로명>망우로</도로명><도로명건물본번호코드>00353</도로명건물본번호코드><도로명건물부번호코드>00000</도로명건물부번호코드><도로명시군구코드>11260</도로명시군구코드><도로명일련번호코드>01</도로명일련번호코드><도로명지상지하코드>0</도로명지상지하코드><도로명코드>3005032</도로명코드><법정동> 상봉동</법정동><법정동본번코드>0500</법정동본번코드><법정동부번코드>0000</법정동부번코드><법정동시군구코드>11260</법정동시군구코드><법정동읍면동코드>10200</법정동읍면동코드><법정동지번코드>1</법정동지번코드><아파트>프레미어스엠코</아파트><월>11</월><일>21</일><일련번호>11260-2804</일련번호><전용면적>84.83</전용면적><중개사소재지>서울 중랑구</중개사소재지><지번>500</지번><지역코드>11260</지역코드><층>26</층><해제사유발생일> </해제사유발생일><해제여부> </해제여부></item><item><거래금액>    59,500</거래금액><거래유형>중개거래</거래유형><건축년도>1996</건축년도><년>2022</년><도로명>신내로7나길</도로명><도로명건물본번호코드>00024</도로명건물본번호코드><도로명건물부번호코드>00000</도로명건물부번호코드><도로명시군구코드>11260</도로명시군구코드><도로명일련번호코드>01</도로명일련번호코드><도로명지상지하코드>0</도로명지상지하코드><도로명코드>4118445</도로명코드><법정동> 상봉동</법정동><법정동본번코드>0063</법정동본번코드><법정동부번코드>0000</법정동부번코드><법정동시군구코드>11260</법정동시군구코드><법정동읍면동코드>10200</법정동읍면동코드><법정동지번코드>1</법정동지번코드><아파트>건영2차아파트</아파트><월>11</월><일>23</일><일련번호>11260-33</일련번호><전용면적>74.25</전용면적><중개사소재지>서울 중랑구</중개사소재지><지번>63</지번><지역코드>11260</지역코드><층>15</층><해제사유발생일> </해제사유발생일><해제여부> </해제여부></item><item><거래금액>    41,600</거래금액><거래유형>직거래</거래유형><건축년도>1999</건축년도><년>2022</년><도로명>신내로7가길</도로명><도로명건물본번호코드>00031</도로명건물본번호코드><도로명건물부번호코드>00000</도로명건물부번호코드><도로명시군구코드>11260</도로명시군구코드><도로명일련번호코드>01</도로명일련번호코드><도로명지상지하코드>0</도로명지상지하코드><도로명코드>4118443</도로명코드><법정동> 상봉동</법정동><법정동본번코드>0495</법정동본번코드><법정동부번코드>0000</법정동부번코드><법정동시군구코드>11260</법정동시군구코드><법정동읍면동코드>10200</법정동읍면동코드><법정동지번코드>1</법정동지번코드><아파트>동부아파트</아파트><월>11</월><일>23</일><일련번호>11260-35</일련번호><전용면적>54</전용면적><중개사소재지> </중개사소재지><지번>495</지번><지역코드>11260</지역코드><층>10</층><해제사유발생일> </해제사유발생일><해제여부> </해제여부></item><item><거래금액>    13,900</거래금액><거래유형>중개거래</거래유형><건축년도>2015</건축년도><년>2022</년><도로명>면목로</도로명><도로명건물본번호코드>00491</도로명건물본번호코드><도로명건물부번호코드>00000</도로명건물부번호코드><도로명시군구코드>11260</도로명시군구코드><도로명일련번호코드>00</도로명일련번호코드><도로명코드>3005027</도로명코드><법정동> 상봉동</법정동><법정동본번코드>0115</법정동본번코드><법정동부번코드>0061</법정동부번코드><법정동시군구코드>11260</법정동시군구코드><법정동읍면동코드>10200</법정동읍면동코드><법정동지번코드>1</법정동지번코드><아파트>주함해븐타워</아파트><월>11</월><일>28</일><일련번호>11260-3199</일련번호><전용면적>15.17</전용면적><중개사소재지>서울 중랑구</중개사소재지><지번>115-61</지번><지역코드>11260</지역코드><층>7</층><해제사유발생일> </해제사유발생일><해제여부> </해제여부></item><item><거래금액>    74,000</거래금액><거래유형>중개거래</거래유형><건축년도>2006</건축년도><년>2022</년><도로명>상봉중앙로8길</도로명><도로명건물본번호코드>00076</도로명건물본번호코드><도로명건물부번호코드>00000</도로명건물부번호코드><도로명시군구코드>11260</도로명시군구코드><도로명일련번호코드>01</도로명일련번호코드><도로명지상지하코드>0</도로명지상지하코드><도로명코드>4118418</도로명코드><법정동> 상봉동</법정동><법정동본번코드>0499</법정동본번코드><법정동부번코드>0000</법정동부번코드><법정동시군구코드>11260</법정동시군구코드><법정동읍면동코드>10200</법정동읍면동코드><법정동지번코드>1</법정동지번코드><아파트>건영캐스빌</아파트><월>11</월><일>29</일><일련번호>11260-2002</일련번호><전용면적>84.6475</전용면적><중개사소재지>서울 중랑구</중개사소재지><지번>499</지번><지역코드>11260</지역코드><층>5</층><해제사유발생일> </해제사유발생일><해제여부> </해제여부></item><item><거래금액>    30,500</거래금액><거래유형>직거래</거래유형><건축년도>2021</건축년도><년>2022</년><도로명>봉우재로37길</도로명><도로명건물본번호코드>00017</도로명건물본번호코드><도로명건물부번호코드>00000</도로명건물부번호코드><도로명시군구코드>11260</도로명시군구코드><도로명일련번호코드>01</도로명일련번호코드><도로명지상지하코드>0</도로명지상지하코드><도로명코드>4118290</도로명코드><법정동> 상봉동</법정동><법정동본번코드>0106</법정동본번코드><법정동부번코드>0000</법정동부번코드><법정동시군구코드>11260</법정동시군구코드><법정동읍면동코드>10200</법정동읍면동코드><법정동지번코드>1</법정동지번코드><아파트>상봉힐스테이</아파트><월>11</월><일>29</일><일련번호>11260-4284</일련번호><전용면적>17.25</전용면적><중개사소재지> </중개사소재지><지번>106</지번><지역코드>11260</지역코드><층>5</층><해제사유발생일> </해제사유발생일><해제여부> </해제여부></item><item><거래금액>    51,000</거래금액><거래유형>중개거래</거래유형><건축년도>2005</건축년도><년>2022</년><도로명>중랑역로49길</도로명><도로명건물본번호코드>00010</도로명건물본번호코드><도로명건물부번호코드>00000</도로명건물부번호코드><도로명시군구코드>11260</도로명시군구코드><도로명일련번호코드>01</도로명일련번호코드><도로명지상지하코드>0</도로명지상지하코드><도로명코드>4118553</도로명코드><법정동> 묵동</법정동><법정동본번코드>0389</법정동본번코드><법정동부번코드>0000</법정동부번코드><법정동시군구코드>11260</법정동시군구코드><법정동읍면동코드>10400</법정동읍면동코드><법정동지번코드>1</법정동지번코드><아파트>태창네스트빌</아파트><월>11</월><일>21</일><일련번호>11260-231</일련번호><전용면적>84.3875</전용면적><중개사소재지>서울 중랑구</중개사소재지><지번>389</지번><지역코드>11260</지역코드><층>1</층><해제사유발생일> </해제사유발생일><해제여부> </해제여부></item><item><거래금액>    11,800</거래금액><거래유형>중개거래</거래유형><건축년도>2013</건축년도><년>2022</년><도로명>동일로157길</도로명><도로명건물본번호코드>00041</도로명건물본번호코드><도로명건물부번호코드>00000</도로명건물부번호코드><도로명시군구코드>11260</도로명시군구코드><도로명일련번호코드>01</도로명일련번호코드><도로명지상지하코드>0</도로명지상지하코드><도로명코드>4118120</도로명코드><법정동> 묵동</법정동><법정동본번코드>0393</법정동본번코드><법정동부번코드>0000</법정동부번코드><법정동시군구코드>11260</법정동시군구코드><법정동읍면동코드>10400</법정동읍면동코드><법정동지번코드>1</법정동지번코드><아파트>묵동포레시타</아파트><월>11</월><일>29</일><일련번호>11260-2711</일련번호><전용면적>14.95</전용면적><중개사소재지>서울 중랑구</중개사소재지><지번>393</지번><지역코드>11260</지역코드><층>3</층><해제사유발생일> </해제사유발생일><해제여부> </해제여부></item><item><거래금액>    60,000</거래금액><거래유형>중개거래</거래유형><건축년도>2006</건축년도><년>2022</년><도로명>양원역로</도로명><도로명건물본번호코드>00018</도로명건물본번호코드><도로명건물부번호코드>00000</도로명건물부번호코드><도로명시군구코드>11260</도로명시군구코드><도로명일련번호코드>01</도로명일련번호코드><도로명지상지하코드>0</도로명지상지하코드><도로명코드>3106008</도로명코드><법정동> 망우동</법정동><법정동본번코드>0580</법정동본번코드><법정동부번코드>0001</법정동부번코드><법정동시군구코드>11260</법정동시군구코드><법정동읍면동코드>10500</법정동읍면동코드><법정동지번코드>1</법정동지번코드><아파트>금호어울림(580-1)</아파트><월>11</월><일>15</일><일련번호>11260-2013</일련번호><전용면적>84.94</전용면적><중개사소재지>서울 중랑구</중개사소재지><지번>580-1</지번><지역코드>11260</지역코드><층>2</층><해제사유발생일> </해제사유발생일><해제여부> </해제여부></item><item><거래금액>    55,000</거래금액><거래유형>중개거래</거래유형><건축년도>1993</건축년도><년>2022</년><도로명>신내로</도로명><도로명건물본번호코드>00128</도로명건물본번호코드><도로명건물부번호코드>00000</도로명건물부번호코드><도로명시군구코드>11260</도로명시군구코드><도로명일련번호코드>02</도로명일련번호코드><도로명지상지하코드>0</도로명지상지하코드><도로명코드>3106007</도로명코드><법정동> 신내동</법정동><법정동본번코드>0397</법정동본번코드><법정동부번코드>0000</법정동부번코드><법정동시군구코드>11260</법정동시군구코드><법정동읍면동코드>10600</법정동읍면동코드><법정동지번코드>1</법정동지번코드><아파트>동성1</아파트><월>11</월><일>10</일><일련번호>11260-83</일련번호><전용면적>65.56</전용면적><중개사소재지>서울 중랑구</중개사소재지><지번>397</지번><지역코드>11260</지역코드><층>8</층><해제사유발생일> </해제사유발생일><해제여부> </해제여부></item><item><거래금액>    37,500</거래금액><거래유형>중개거래</거래유형><건축년도>1996</건축년도><년>2022</년><도로명>봉화산로</도로명><도로명건물본번호코드>00193</도로명건물본번호코드><도로명건물부번호코드>00000</도로명건물부번호코드><도로명시군구코드>11260</도로명시군구코드><도로명일련번호코드>03</도로명일련번호코드><도로명지상지하코드>0</도로명지상지하코드><도로명코드>3106003</도로명코드><법정동> 신내동</법정동><법정동본번코드>0661</법정동본번코드><법정동부번코드>0000</법정동부번코드><법정동시군구코드>11260</법정동시군구코드><법정동읍면동코드>10600</법정동읍면동코드><법정동지번코드>1</법정동지번코드><아파트>신내11대명</아파트><월>11</월><일>16</일><일련번호>11260-99</일련번호><전용면적>39.76</전용면적><중개사소재지>서울 중랑구</중개사소재지><지번>661</지번><지역코드>11260</지역코드><층>3</층><해제사유발생일> </해제사유발생일><해제여부> </해제여부></item><item><거래금액>    47,500</거래금액><거래유형>중개거래</거래유형><건축년도>1997</건축년도><년>2022</년><도로명>봉화산로</도로명><도로명건물본번호코드>00216</도로명건물본번호코드><도로명건물부번호코드>00000</도로명건물부번호코드><도로명시군구코드>11260</도로명시군구코드><도로명일련번호코드>03</도로명일련번호코드><도로명지상지하코드>0</도로명지상지하코드><도로명코드>3106003</도로명코드><법정동> 신내동</법정동><법정동본번코드>0591</법정동본번코드><법정동부번코드>0000</법정동부번코드><법정동시군구코드>11260</법정동시군구코드><법정동읍면동코드>10600</법정동읍면동코드><법정동지번코드>1</법정동지번코드><아파트>동성아파트</아파트><월>11</월><일>21</일><일련번호>11260-101</일련번호><전용면적>59.4</전용면적><중개사소재지>서울 중랑구</중개사소재지><지번>591</지번><지역코드>11260</지역코드><층>3</층><해제사유발생일> </해제사유발생일><해제여부> </해제여부></item></items><numOfRows>999</numOfRows><pageNo>1</pageNo><totalCount>16</totalCount></body></response>