<?xml version="1.0" encoding="UTF-8" standalone="yes"?><response><header><resultCode>00</resultCode><resultMsg>NORMAL SERVICE.</resultMsg></header><body><items><item><거래금액>    21,500</거래금액><거래유형>중개거래</거래유형><건축년도>2016</건축년도><년>2023</년><도로명>퇴계로49길</도로명><도로명건물본번호코드>00014</도로명건물본번호코드><도로명건물부번호코드>00000</도로명건물부번호코드><도로명시군구코드>11140</도로명시군구코드><도로명일련번호코드>01</도로명일련번호코드><도로명지상지하코드>0</도로명지상지하코드><도로명코드>4103354</도로명코드><법정동> 충무로5가</법정동><법정동본번코드>0036</법정동본번코드><법정동부번코드>0002</법정동부번코드><법정동시군구코드>11140</법정동시군구코드><법정동읍면동코드>13300</법정동읍면동코드><법정동지번코드>1</법정동지번코드><아파트>충무로엘크루메크로시티2차</아파트><월>1</월><일>18</일><일련번호>11140-1261</일련번호><전용면적>22.75</전용면적><중개사소재지>서울 중구</중개사소재지><지번>36-2</지번><지역코드>11140</지역코드><층>5</층><해제사유발생일> </해제사유발생일><해제여부> </해제여부></item><item><거래금액>    27,000</거래금액><거래유형>직거래</거래유형><건축년도>1968</건축년도><년>2023</년><도로명>마른내로</도로명><도로명건물본번호코드>00072</도로명건물본번호코드><도로명건물부번호코드>00000</도로명건물부번호코드><도로명시군구코드>11140</도로명시군구코드><도로명일련번호코드>01</도로명일련번호코드><도로명지상지하코드>0</도로명지상지하코드><도로명코드>3101002</도로명코드><법정동> 인현동2가</법정동><법정동본번코드>0192</법정동본번코드><법정동부번코드>0030</법정동부번코드><법정동시군구코드>11140</법정동시군구코드><법정동읍면동코드>13400</법정동읍면동코드><법정동지번코드>1</법정동지번코드><아파트>인현상가(신성아파트)</아파트><월>1</월><일>30</일><일련번호>11140-14</일련번호><전용면적>52.1</전용면적><중개사소재지> </중개사소재지><지번>192-30</지번><지역코드>11140</지역코드><층>6</층><해제사유발생일> </해제사유발생일><해제여부> </해제여부></item><item><거래금액>    18,250</거래금액><거래유형>중개거래</거래유형><건축년도>1981</건축년도><년>2023</년><도로명>동호로25길</도로명><도로명건물본번호코드>00036</도로명건물본번호코드><도로명건물부번호코드>00000</도로명건물부번호코드><도로명시군구코드>11140</도로명시군구코드><도로명일련번호코드>01</도로명일련번호코드><도로명지상지하코드>0</도로명지상지하코드><도로명코드>4103104</도로명코드><법정동> 장충동2가</법정동><법정동본번코드>0193</법정동본번코드><법정동부번코드>0029</법정동부번코드><법정동시군구코드>11140</법정동시군구코드><법정동읍면동코드>14400</법정동읍면동코드><법정동지번코드>1</법정동지번코드><아파트>장충</아파트><월>1</월><일>6</일><일련번호>11140-21</일련번호><전용면적>62.48</전용면적><중개사소재지>서울 중구</중개사소재지><지번>193-29</지번><지역코드>11140</지역코드><층>1</층><해제사유발생일> </해제사유발생일><해제여부> </해제여부></item><item><거래금액>   145,000</거래금액><거래유형>중개거래</거래유형><건축년도>2002</건축년도><년>2023</년><도로명>다산로</도로명><도로명건물본번호코드>00032</도로명건물본번호코드><도로명건물부번호코드>00000</도로명건물부번호코드><도로명시군구코드>11140</도로명시군구코드><도로명일련번호코드>01</도로명일련번호코드><도로명지상지하코드>0</도로명지상지하코드><도로명코드>3101014</도로명코드><법정동> 신당동</법정동><법정동본번코드>0844</법정동본번코드><법정동부번코드>0000</법정동부번코드><법정동시군구코드>11140</법정동시군구코드><법정동읍면동코드>16200</법정동읍면동코드><법정동지번코드>1</법정동지번코드><아파트>남산타운</아파트><월>1</월><일>6</일><일련번호>11140-28</일련번호><전용면적>114.88</전용면적><중개사소재지>서울 중구</중개사소재지><지번>844</지번><지역코드>11140</지역코드><층>14</층><해제사유발생일> </해제사유발생일><해제여부> </해제여부></item><item><거래금액>   117,500</거래금액><거래유형>중개거래</거래유형><건축년도>2002</건축년도><년>2023</년><도로명>다산로</도로명><도로명건물본번호코드>00032</도로명건물본번호코드><도로명건물부번호코드>00000</도로명건물부번호코드><도로명시군구코드>11140</도로명시군구코드><도로명일련번호코드>01</도로명일련번호코드><도로명지상지하코드>0</도로명지상지하코드><도로명코드>3101014</도로명코드><법정동> 신당동</법정동><법정동본번코드>0844</법정동본번코드><법정동부번코드>0000</법정동부번코드><법정동시군구코드>11140</법정동시군구코드><법정동읍면동코드>16200</법정동읍면동코드><법정동지번코드>1</법정동지번코드><아파트>남산타운</아파트><월>1</월><일>7</일><일련번호>11140-28</일련번호><전용면적>84.88</전용면적><중개사소재지>경기 고양덕양구, 서울 중구</중개사소재지><지번>844</지번><지역코드>11140</지역코드><층>8</층><해제사유발생일> </해제사유발생일><해제여부> </해제여부></item><item><거래금액>   114,500</거래금액><거래유형>중개거래</거래유형><건축년도>2011</건축년도><년>2023</년><도로명>청구로</도로명><도로명건물본번호코드>00064</도로명건물본번호코드><도로명건물부번호코드>00000</도로명건물부번호코드><도로명시군구코드>11140</도로명시군구코드><도로명일련번호코드>01</도로명일련번호코드><도로명지상지하코드>0</도로명지상지하코드><도로명코드>3101008</도로명코드><법정동> 신당동</법정동><법정동본번코드>0852</법정동본번코드><법정동부번코드>0000</법정동부번코드><법정동시군구코드>11140</법정동시군구코드><법정동읍면동코드>16200</법정동읍면동코드><법정동지번코드>1</법정동지번코드><아파트>청구e편한세상</아파트><월>1</월><일>9</일><일련번호>11140-1144</일련번호><전용면적>84.95</전용면적><중개사소재지>서울 중구</중개사소재지><지번>852</지번><지역코드>11140</지역코드><층>2</층><해제사유발생일> </해제사유발생일><해제여부> </해제여부></item><item><거래금액>    89,500</거래금액><거래유형>중개거래</거래유형><건축년도>2002</건축년도><년>2023</년><도로명>다산로</도로명><도로명건물본번호코드>00032</도로명건물본번호코드><도로명건물부번호코드>00000</도로명건물부번호코드><도로명시군구코드>11140</도로명시군구코드><도로명일련번호코드>01</도로명일련번호코드><도로명지상지하코드>0</도로명지상지하코드><도로명코드>3101014</도로명코드><법정동> 신당동</법정동><법정동본번코드>0844</법정동본번코드><법정동부번코드>0000</법정동부번코드><법정동시군구코드>11140</법정동시군구코드><법정동읍면동코드>16200</법정동읍면동코드><법정동지번코드>1</법정동지번코드><아파트>남산타운</아파트><월>1</월><일>14</일><일련번호>11140-28</일련번호><전용면적>59.94</전용면적><중개사소재지>서울 중구</중개사소재지><지번>844</지번><지역코드>11140</지역코드><층>12</층><해제사유발생일> </해제사유발생일><해제여부> </해제여부></item><item><거래금액>   128,000</거래금액><거래유형>중개거래</거래유형><건축년도>2011</건축년도><년>2023</년><도로명>퇴계로90길</도로명><도로명건물본번호코드>00074</도로명건물본번호코드><도로명건물부번호코드>00000</도로명건물부번호코드><도로명시군구코드>11140</도로명시군구코드><도로명일련번호코드>01</도로명일련번호코드><도로명지상지하코드>0</도로명지상지하코드><도로명코드>4103396</도로명코드><법정동> 신당동</법정동><법정동본번코드>0851</법정동본번코드><법정동부번코드>0000</법정동부번코드><법정동시군구코드>11140</법정동시군구코드><법정동읍면동코드>16200</법정동읍면동코드><법정동지번코드>1</법정동지번코드><아파트>래미안하이베르</아파트><월>1</월><일>17</일><일련번호>11140-1141</일련번호><전용면적>117</전용면적><중개사소재지>서울 성동구, 서울 중구</중개사소재지><지번>851</지번><지역코드>11140</지역코드><층>11</층><해제사유발생일> </해제사유발생일><해제여부> </해제여부></item><item><거래금액>    90,000</거래금액><거래유형>중개거래</거래유형><건축년도>2002</건축년도><년>2023</년><도로명>다산로</도로명><도로명건물본번호코드>00032</도로명건물본번호코드><도로명건물부번호코드>00000</도로명건물부번호코드><도로명시군구코드>11140</도로명시군구코드><도로명일련번호코드>01</도로명일련번호코드><도로명지상지하코드>0</도로명지상지하코드><도로명코드>3101014</도로명코드><법정동> 신당동</법정동><법정동본번코드>0844</법정동본번코드><법정동부번코드>0000</법정동부번코드><법정동시군구코드>11140</법정동시군구코드><법정동읍면동코드>16200</법정동읍면동코드><법정동지번코드>1</법정동지번코드><아파트>남산타운</아파트><월>1</월><일>25</일><일련번호>11140-28</일련번호><전용면적>59.94</전용면적><중개사소재지>서울 중구</중개사소재지><지번>844</지번><지역코드>11140</지역코드><층>13</층><해제사유발생일> </해제사유발생일><해제여부> </해제여부></item><item><거래금액>    23,000</거래금액><거래유형>중개거래</거래유형><건축년도>2021</건축년도><년>2023</년><도로명>동호로7길</도로명><도로명건물본번호코드>00014</도로명건물본번호코드><도로명건물부번호코드>00000</도로명건물부번호코드><도로명시군구코드>11140</도로명시군구코드><도로명일련번호코드>01</도로명일련번호코드><도로명지상지하코드>0</도로명지상지하코드><도로명코드>4103114</도로명코드><법정동> 신당동</법정동><법정동본번코드>0857</법정동본번코드><법정동부번코드>0000</법정동부번코드><법정동시군구코드>11140</법정동시군구코드><법정동읍면동코드>16200</법정동읍면동코드><법정동지번코드>1</법정동지번코드><아파트>약수역더시티</아파트><월>1</월><일>26</일><일련번호>11140-1370</일련번호><전용면적>19.06</전용면적><중개사소재지>서울 중구</중개사소재지><지번>857</지번><지역코드>11140</지역코드><층>4</층><해제사유발생일> </해제사유발생일><해제여부> </해제여부></item><item><거래금액>    13,500</거래금액><거래유형>중개거래</거래유형><건축년도>2013</건축년도><년>2023</년><도로명>난계로</도로명><도로명건물본번호코드>00173</도로명건물본번호코드><도로명건물부번호코드>00000</도로명건물부번호코드><도로명시군구코드>11140</도로명시군구코드><도로명일련번호코드>02</도로명일련번호코드><도로명지상지하코드>0</도로명지상지하코드><도로명코드>3100018</도로명코드><법정동> 황학동</법정동><법정동본번코드>0787</법정동본번코드><법정동부번코드>0000</법정동부번코드><법정동시군구코드>11140</법정동시군구코드><법정동읍면동코드>16500</법정동읍면동코드><법정동지번코드>1</법정동지번코드><아파트>한양I-Class</아파트><월>1</월><일>3</일><일련번호>11140-1197</일련번호><전용면적>16.37</전용면적><중개사소재지>서울 중구</중개사소재지><지번>787</지번><지역코드>11140</지역코드><층>14</층><해제사유발생일> </해제사유발생일><해제여부> </해제여부></item><item><거래금액>    15,500</거래금액><거래유형>중개거래</거래유형><건축년도>2014</건축년도><년>2023</년><도로명>난계로</도로명><도로명건물본번호코드>00169</도로명건물본번호코드><도로명건물부번호코드>00000</도로명건물부번호코드><도로명시군구코드>11140</도로명시군구코드><도로명일련번호코드>02</도로명일련번호코드><도로명지상지하코드>0</도로명지상지하코드><도로명코드>3100018</도로명코드><법정동> 황학동</법정동><법정동본번코드>0819</법정동본번코드><법정동부번코드>0000</법정동부번코드><법정동시군구코드>11140</법정동시군구코드><법정동읍면동코드>16500</법정동읍면동코드><법정동지번코드>1</법정동지번코드><아파트>DUO302</아파트><월>1</월><일>7</일><일련번호>11140-1206</일련번호><전용면적>15.97</전용면적><중개사소재지>서울 중구</중개사소재지><지번>819</지번><지역코드>11140</지역코드><층>17</층><해제사유발생일> </해제사유발생일><해제여부> </해제여부></item><item><거래금액>    93,000</거래금액><거래유형>중개거래</거래유형><건축년도>2008</건축년도><년>2023</년><도로명>청계천로</도로명><도로명건물본번호코드>00400</도로명건물본번호코드><도로명건물부번호코드>00000</도로명건물부번호코드><도로명시군구코드>11140</도로명시군구코드><도로명일련번호코드>12</도로명일련번호코드><도로명지상지하코드>0</도로명지상지하코드><도로명코드>3100021</도로명코드><법정동> 황학동</법정동><법정동본번코드>2545</법정동본번코드><법정동부번코드>0000</법정동부번코드><법정동시군구코드>11140</법정동시군구코드><법정동읍면동코드>16500</법정동읍면동코드><법정동지번코드>1</법정동지번코드><아파트>롯데캐슬</아파트><월>1</월><일>18</일><일련번호>11140-1039</일련번호><전용면적>84.92</전용면적><중개사소재지>서울 중구</중개사소재지><지번>2545</지번><지역코드>11140</지역코드><층>30</층><해제사유발생일> </해제사유발생일><해제여부> </해제여부></item><item><거래금액>    13,500</거래금액><거래유형>중개거래</거래유형><건축년도>2013</건축년도><년>2023</년><도로명>난계로</도로명><도로명건물본번호코드>00173</도로명건물본번호코드><도로명건물부번호코드>00000</도로명건물부번호코드><도로명시군구코드>11140</도로명시군구코드><도로명일련번호코드>02</도로명일련번호코드><도로명지상지하코드>0</도로명지상지하코드><도로명코드>3100018</도로명코드><법정동> 황학동</법정동><법정동본번코드>0787</법정동본번코드><법정동부번코드>0000</법정동부번코드><법정동시군구코드>11140</법정동시군구코드><법정동읍면동코드>16500</법정동읍면동코드><법정동지번코드>1</법정동지번코드><아파트>한양I-Class</아파트><월>1</월><일>30</일><일련번호>11140-1197</일련번호><전용면적>16.37</전용면적><중개사소재지>서울 중구</중개사소재지><지번>787</지번><지역코드>11140</지역코드><층>13</층><해제사유발생일> </해제사유발생일><해제여부> </해제여부></item><item><거래금액>    13,500</거래금액><거래유형>중개거래</거래유형><건축년도>2013</건축년도><년>2023</년><도로명>난계로</도로명><도로명건물본번호코드>00173</도로명건물본번호코드><도로명건물부번호코드>00000</도로명건물부번호코드><도로명시군구코드>11140</도로명시군구코드><도로명일련번호코드>02</도로명일련번호코드><도로명지상지하코드>0</도로명지상지하코드><도로명코드>3100018</도로명코드><법정동> 황학동</법정동><법정동본번코드>0787</법정동본번코드><법정동부번코드>0000</법정동부번코드><법정동시군구코드>11140</법정동시군구코드><법정동읍면동코드>16500</법정동읍면동코드><법정동지번코드>1</법정동지번코드><아파트>한양I-Class</아파트><월>1</월><일>30</일><일련번호>11140-1197</일련번호><전용면적>16.37</전용면적><중개사소재지>서울 중구</중개사소재지><지번>787</지번><지역코드>11140</지역코드><층>14</층><해제사유발생일> </해제사유발생일><해제여부> </해제여부></item><item><거래금액>   164,500</거래금액><거래유형>중개거래</거래유형><건축년도>2017</건축년도><년>2023</년><도로명>만리재로</도로명><도로명건물본번호코드>00175</도로명건물본번호코드><도로명건물부번호코드>00000</도로명건물부번호코드><도로명시군구코드>11140</도로명시군구코드><도로명일련번호코드>02</도로명일련번호코드><도로명지상지하코드>0</도로명지상지하코드><도로명코드>3101016</도로명코드><법정동> 만리동2가</법정동><법정동본번코드>0176</법정동본번코드><법정동부번코드>0001</법정동부번코드><법정동시군구코드>11140</법정동시군구코드><법정동읍면동코드>17400</법정동읍면동코드><법정동지번코드>1</법정동지번코드><아파트>서울역센트럴자이</아파트><월>1</월><일>20</일><일련번호>11140-1300</일련번호><전용면적>84.972</전용면적><중개사소재지>서울 용산구, 서울 중구</중개사소재지><지번>176-1</지번><지역코드>11140</지역코드><층>20</층><해제사유발생일> </해제사유발생일><해제여부> </해제여부></item></items><numOfRows>999</numOfRows><pageNo>1</pageNo><totalCount>16</totalCount></body></response>