<?xml version="1.0" encoding="UTF-8" standalone="yes"?><response><header><resultCode>00</resultCode><resultMsg>NORMAL SERVICE.</resultMsg></header><body><items><item><거래금액>   225,000</거래금액><거래유형>중개거래</거래유형><건축년도>2011</건축년도><년>2023</년><도로명>소공로</도로명><도로명건물본번호코드>00035</도로명건물본번호코드><도로명건물부번호코드>00000</도로명건물부번호코드><도로명시군구코드>11140</도로명시군구코드><도로명일련번호코드>04</도로명일련번호코드><도로명지상지하코드>0</도로명지상지하코드><도로명코드>3101004</도로명코드><법정동> 회현동1가</법정동><법정동본번코드>0208</법정동본번코드><법정동부번코드>0000</법정동부번코드><법정동시군구코드>11140</법정동시군구코드><법정동읍면동코드>12100</법정동읍면동코드><법정동지번코드>1</법정동지번코드><아파트>남산롯데캐슬아이리스</아파트><월>2</월><일>3</일><일련번호>11140-1142</일련번호><전용면적>187.44</전용면적><중개사소재지>서울 중구</중개사소재지><지번>208</지번><지역코드>11140</지역코드><층>31</층><해제사유발생일> </해제사유발생일><해제여부> </해제여부></item><item><거래금액>   590,000</거래금액><거래유형>중개거래</거래유형><건축년도>2008</건축년도><년>2023</년><도로명>동호로20나길</도로명><도로명건물본번호코드>00030</도로명건물본번호코드><도로명건물부번호코드>00000</도로명건물부번호코드><도로명시군구코드>11140</도로명시군구코드><도로명일련번호코드>01</도로명일련번호코드><도로명지상지하코드>0</도로명지상지하코드><도로명코드>4103100</도로명코드><법정동> 장충동1가</법정동><법정동본번코드>0104</법정동본번코드><법정동부번코드>0000</법정동부번코드><법정동시군구코드>11140</법정동시군구코드><법정동읍면동코드>14300</법정동읍면동코드><법정동지번코드>1</법정동지번코드><아파트>상지리츠빌장충동카일룸</아파트><월>2</월><일>21</일><일련번호>11140-1053</일련번호><전용면적>244.75</전용면적><중개사소재지>서울 용산구</중개사소재지><지번>104</지번><지역코드>11140</지역코드><층>4</층><해제사유발생일> </해제사유발생일><해제여부> </해제여부></item><item><거래금액>    92,000</거래금액><거래유형>중개거래</거래유형><건축년도>2011</건축년도><년>2023</년><도로명>퇴계로90길</도로명><도로명건물본번호코드>00074</도로명건물본번호코드><도로명건물부번호코드>00000</도로명건물부번호코드><도로명시군구코드>11140</도로명시군구코드><도로명일련번호코드>01</도로명일련번호코드><도로명지상지하코드>0</도로명지상지하코드><도로명코드>4103396</도로명코드><법정동> 신당동</법정동><법정동본번코드>0851</법정동본번코드><법정동부번코드>0000</법정동부번코드><법정동시군구코드>11140</법정동시군구코드><법정동읍면동코드>16200</법정동읍면동코드><법정동지번코드>1</법정동지번코드><아파트>래미안하이베르</아파트><월>2</월><일>7</일><일련번호>11140-1141</일련번호><전용면적>59.74</전용면적><중개사소재지>서울 중구</중개사소재지><지번>851</지번><지역코드>11140</지역코드><층>7</층><해제사유발생일> </해제사유발생일><해제여부> </해제여부></item><item><거래금액>    95,000</거래금액><거래유형>중개거래</거래유형><건축년도>1999</건축년도><년>2023</년><도로명>동호로10길</도로명><도로명건물본번호코드>00030</도로명건물본번호코드><도로명건물부번호코드>00000</도로명건물부번호코드><도로명시군구코드>11140</도로명시군구코드><도로명일련번호코드>01</도로명일련번호코드><도로명지상지하코드>0</도로명지상지하코드><도로명코드>4103078</도로명코드><법정동> 신당동</법정동><법정동본번코드>0842</법정동본번코드><법정동부번코드>0000</법정동부번코드><법정동시군구코드>11140</법정동시군구코드><법정동읍면동코드>16200</법정동읍면동코드><법정동지번코드>1</법정동지번코드><아파트>약수하이츠</아파트><월>2</월><일>9</일><일련번호>11140-37</일련번호><전용면적>65.37</전용면적><중개사소재지>서울 은평구, 서울 중구</중개사소재지><지번>842</지번><지역코드>11140</지역코드><층>4</층><해제사유발생일> </해제사유발생일><해제여부> </해제여부></item><item><거래금액>   147,000</거래금액><거래유형>중개거래</거래유형><건축년도>2002</건축년도><년>2023</년><도로명>다산로</도로명><도로명건물본번호코드>00032</도로명건물본번호코드><도로명건물부번호코드>00000</도로명건물부번호코드><도로명시군구코드>11140</도로명시군구코드><도로명일련번호코드>01</도로명일련번호코드><도로명지상지하코드>0</도로명지상지하코드><도로명코드>3101014</도로명코드><법정동> 신당동</법정동><법정동본번코드>0844</법정동본번코드><법정동부번코드>0000</법정동부번코드><법정동시군구코드>11140</법정동시군구코드><법정동읍면동코드>16200</법정동읍면동코드><법정동지번코드>1</법정동지번코드><아파트>남산타운</아파트><월>2</월><일>10</일><일련번호>11140-28</일련번호><전용면적>114.88</전용면적><중개사소재지>서울 중구</중개사소재지><지번>844</지번><지역코드>11140</지역코드><층>17</층><해제사유발생일> </해제사유발생일><해제여부> </해제여부></item><item><거래금액>    15,000</거래금액><거래유형>중개거래</거래유형><건축년도>2014</건축년도><년>2023</년><도로명>난계로</도로명><도로명건물본번호코드>00151</도로명건물본번호코드><도로명건물부번호코드>00000</도로명건물부번호코드><도로명시군구코드>11140</도로명시군구코드><도로명일련번호코드>01</도로명일련번호코드><도로명지상지하코드>0</도로명지상지하코드><도로명코드>3100018</도로명코드><법정동> 신당동</법정동><법정동본번코드>0160</법정동본번코드><법정동부번코드>0005</법정동부번코드><법정동시군구코드>11140</법정동시군구코드><법정동읍면동코드>16200</법정동읍면동코드><법정동지번코드>1</법정동지번코드><아파트>신당아르브</아파트><월>2</월><일>14</일><일련번호>11140-1217</일련번호><전용면적>18.08</전용면적><중개사소재지>서울 중구</중개사소재지><지번>160-5</지번><지역코드>11140</지역코드><층>4</층><해제사유발생일> </해제사유발생일><해제여부> </해제여부></item><item><거래금액>    96,000</거래금액><거래유형>중개거래</거래유형><건축년도>2002</건축년도><년>2023</년><도로명>다산로</도로명><도로명건물본번호코드>00032</도로명건물본번호코드><도로명건물부번호코드>00000</도로명건물부번호코드><도로명시군구코드>11140</도로명시군구코드><도로명일련번호코드>01</도로명일련번호코드><도로명지상지하코드>0</도로명지상지하코드><도로명코드>3101014</도로명코드><법정동> 신당동</법정동><법정동본번코드>0844</법정동본번코드><법정동부번코드>0000</법정동부번코드><법정동시군구코드>11140</법정동시군구코드><법정동읍면동코드>16200</법정동읍면동코드><법정동지번코드>1</법정동지번코드><아파트>남산타운</아파트><월>2</월><일>18</일><일련번호>11140-28</일련번호><전용면적>59.94</전용면적><중개사소재지>서울 중구</중개사소재지><지번>844</지번><지역코드>11140</지역코드><층>9</층><해제사유발생일> </해제사유발생일><해제여부> </해제여부></item><item><거래금액>   180,000</거래금액><거래유형>중개거래</거래유형><건축년도>2011</건축년도><년>2023</년><도로명>청구로</도로명><도로명건물본번호코드>00064</도로명건물본번호코드><도로명건물부번호코드>00000</도로명건물부번호코드><도로명시군구코드>11140</도로명시군구코드><도로명일련번호코드>01</도로명일련번호코드><도로명지상지하코드>0</도로명지상지하코드><도로명코드>3101008</도로명코드><법정동> 신당동</법정동><법정동본번코드>0852</법정동본번코드><법정동부번코드>0000</법정동부번코드><법정동시군구코드>11140</법정동시군구코드><법정동읍면동코드>16200</법정동읍면동코드><법정동지번코드>1</법정동지번코드><아파트>청구e편한세상</아파트><월>2</월><일>18</일><일련번호>11140-1144</일련번호><전용면적>118.31</전용면적><중개사소재지>서울 중구</중개사소재지><지번>852</지번><지역코드>11140</지역코드><층>8</층><해제사유발생일> </해제사유발생일><해제여부> </해제여부></item><item><거래금액>    68,000</거래금액><거래유형>중개거래</거래유형><건축년도>2001</건축년도><년>2023</년><도로명>왕십리로39길</도로명><도로명건물본번호코드>00030</도로명건물본번호코드><도로명건물부번호코드>00000</도로명건물부번호코드><도로명시군구코드>11140</도로명시군구코드><도로명일련번호코드>01</도로명일련번호코드><도로명지상지하코드>0</도로명지상지하코드><도로명코드>4103231</도로명코드><법정동> 신당동</법정동><법정동본번코드>0845</법정동본번코드><법정동부번코드>0000</법정동부번코드><법정동시군구코드>11140</법정동시군구코드><법정동읍면동코드>16200</법정동읍면동코드><법정동지번코드>1</법정동지번코드><아파트>한진해모로</아파트><월>2</월><일>18</일><일련번호>11140-1012</일련번호><전용면적>59.76</전용면적><중개사소재지>서울 성동구</중개사소재지><지번>845</지번><지역코드>11140</지역코드><층>7</층><해제사유발생일> </해제사유발생일><해제여부> </해제여부></item><item><거래금액>   101,000</거래금액><거래유형>중개거래</거래유형><건축년도>2011</건축년도><년>2023</년><도로명>퇴계로90길</도로명><도로명건물본번호코드>00074</도로명건물본번호코드><도로명건물부번호코드>00000</도로명건물부번호코드><도로명시군구코드>11140</도로명시군구코드><도로명일련번호코드>01</도로명일련번호코드><도로명지상지하코드>0</도로명지상지하코드><도로명코드>4103396</도로명코드><법정동> 신당동</법정동><법정동본번코드>0851</법정동본번코드><법정동부번코드>0000</법정동부번코드><법정동시군구코드>11140</법정동시군구코드><법정동읍면동코드>16200</법정동읍면동코드><법정동지번코드>1</법정동지번코드><아파트>래미안하이베르</아파트><월>2</월><일>21</일><일련번호>11140-1141</일련번호><전용면적>84.85</전용면적><중개사소재지>서울 성동구</중개사소재지><지번>851</지번><지역코드>11140</지역코드><층>7</층><해제사유발생일> </해제사유발생일><해제여부> </해제여부></item><item><거래금액>   104,000</거래금액><거래유형>중개거래</거래유형><건축년도>2005</건축년도><년>2023</년><도로명>다산로36길</도로명><도로명건물본번호코드>00110</도로명건물본번호코드><도로명건물부번호코드>00000</도로명건물부번호코드><도로명시군구코드>11140</도로명시군구코드><도로명일련번호코드>01</도로명일련번호코드><도로명지상지하코드>0</도로명지상지하코드><도로명코드>4103057</도로명코드><법정동> 신당동</법정동><법정동본번코드>0850</법정동본번코드><법정동부번코드>0000</법정동부번코드><법정동시군구코드>11140</법정동시군구코드><법정동읍면동코드>16200</법정동읍면동코드><법정동지번코드>1</법정동지번코드><아파트>신당푸르지오</아파트><월>2</월><일>22</일><일련번호>11140-990</일련번호><전용면적>84.39</전용면적><중개사소재지>서울 중구</중개사소재지><지번>850</지번><지역코드>11140</지역코드><층>13</층><해제사유발생일> </해제사유발생일><해제여부> </해제여부></item><item><거래금액>    94,500</거래금액><거래유형>중개거래</거래유형><건축년도>2002</건축년도><년>2023</년><도로명>다산로</도로명><도로명건물본번호코드>00032</도로명건물본번호코드><도로명건물부번호코드>00000</도로명건물부번호코드><도로명시군구코드>11140</도로명시군구코드><도로명일련번호코드>01</도로명일련번호코드><도로명지상지하코드>0</도로명지상지하코드><도로명코드>3101014</도로명코드><법정동> 신당동</법정동><법정동본번코드>0844</법정동본번코드><법정동부번코드>0000</법정동부번코드><법정동시군구코드>11140</법정동시군구코드><법정동읍면동코드>16200</법정동읍면동코드><법정동지번코드>1</법정동지번코드><아파트>남산타운</아파트><월>2</월><일>23</일><일련번호>11140-28</일련번호><전용면적>59.94</전용면적><중개사소재지>서울 금천구, 서울 중구</중개사소재지><지번>844</지번><지역코드>11140</지역코드><층>10</층><해제사유발생일> </해제사유발생일><해제여부> </해제여부></item><item><거래금액>    16,000</거래금액><거래유형>중개거래</거래유형><건축년도>2001</건축년도><년>2023</년><도로명>동호로11마길</도로명><도로명건물본번호코드>00039</도로명건물본번호코드><도로명건물부번호코드>00000</도로명건물부번호코드><도로명시군구코드>11140</도로명시군구코드><도로명일련번호코드>01</도로명일련번호코드><도로명지상지하코드>0</도로명지상지하코드><도로명코드>4103084</도로명코드><법정동> 신당동</법정동><법정동본번코드>0432</법정동본번코드><법정동부번코드>2000</법정동부번코드><법정동시군구코드>11140</법정동시군구코드><법정동읍면동코드>16200</법정동읍면동코드><법정동지번코드>1</법정동지번코드><아파트>스위스빌라</아파트><월>2</월><일>23</일><일련번호>11140-67</일련번호><전용면적>38.53</전용면적><중개사소재지>서울 성북구</중개사소재지><지번>432-2000</지번><지역코드>11140</지역코드><층>1</층><해제사유발생일> </해제사유발생일><해제여부> </해제여부></item><item><거래금액>    90,000</거래금액><거래유형>중개거래</거래유형><건축년도>2002</건축년도><년>2023</년><도로명>다산로</도로명><도로명건물본번호코드>00032</도로명건물본번호코드><도로명건물부번호코드>00000</도로명건물부번호코드><도로명시군구코드>11140</도로명시군구코드><도로명일련번호코드>01</도로명일련번호코드><도로명지상지하코드>0</도로명지상지하코드><도로명코드>3101014</도로명코드><법정동> 신당동</법정동><법정동본번코드>0844</법정동본번코드><법정동부번코드>0000</법정동부번코드><법정동시군구코드>11140</법정동시군구코드><법정동읍면동코드>16200</법정동읍면동코드><법정동지번코드>1</법정동지번코드><아파트>남산타운</아파트><월>2</월><일>23</일><일련번호>11140-28</일련번호><전용면적>59.94</전용면적><중개사소재지>서울 중구</중개사소재지><지번>844</지번><지역코드>11140</지역코드><층>17</층><해제사유발생일> </해제사유발생일><해제여부> </해제여부></item><item><거래금액>   100,000</거래금액><거래유형>중개거래</거래유형><건축년도>1999</건축년도><년>2023</년><도로명>동호로10길</도로명><도로명건물본번호코드>00030</도로명건물본번호코드><도로명건물부번호코드>00000</도로명건물부번호코드><도로명시군구코드>11140</도로명시군구코드><도로명일련번호코드>01</도로명일련번호코드><도로명지상지하코드>0</도로명지상지하코드><도로명코드>4103078</도로명코드><법정동> 신당동</법정동><법정동본번코드>0842</법정동본번코드><법정동부번코드>0000</법정동부번코드><법정동시군구코드>11140</법정동시군구코드><법정동읍면동코드>16200</법정동읍면동코드><법정동지번코드>1</법정동지번코드><아파트>약수하이츠</아파트><월>2</월><일>25</일><일련번호>11140-37</일련번호><전용면적>57.63</전용면적><중개사소재지>서울 중구</중개사소재지><지번>842</지번><지역코드>11140</지역코드><층>9</층><해제사유발생일> </해제사유발생일><해제여부> </해제여부></item><item><거래금액>    90,000</거래금액><거래유형>중개거래</거래유형><건축년도>2011</건축년도><년>2023</년><도로명>퇴계로90길</도로명><도로명건물본번호코드>00074</도로명건물본번호코드><도로명건물부번호코드>00000</도로명건물부번호코드><도로명시군구코드>11140</도로명시군구코드><도로명일련번호코드>01</도로명일련번호코드><도로명지상지하코드>0</도로명지상지하코드><도로명코드>4103396</도로명코드><법정동> 신당동</법정동><법정동본번코드>0851</법정동본번코드><법정동부번코드>0000</법정동부번코드><법정동시군구코드>11140</법정동시군구코드><법정동읍면동코드>16200</법정동읍면동코드><법정동지번코드>1</법정동지번코드><아파트>래미안하이베르</아파트><월>2</월><일>25</일><일련번호>11140-1141</일련번호><전용면적>59.95</전용면적><중개사소재지>서울 성동구</중개사소재지><지번>851</지번><지역코드>11140</지역코드><층>12</층><해제사유발생일> </해제사유발생일><해제여부> </해제여부></item><item><거래금액>    15,000</거래금액><거래유형>중개거래</거래유형><건축년도>2014</건축년도><년>2023</년><도로명>퇴계로75길</도로명><도로명건물본번호코드>00007</도로명건물본번호코드><도로명건물부번호코드>00000</도로명건물부번호코드><도로명시군구코드>11140</도로명시군구코드><도로명일련번호코드>01</도로명일련번호코드><도로명지상지하코드>0</도로명지상지하코드><도로명코드>4103379</도로명코드><법정동> 흥인동</법정동><법정동본번코드>0119</법정동본번코드><법정동부번코드>0000</법정동부번코드><법정동시군구코드>11140</법정동시군구코드><법정동읍면동코드>16300</법정동읍면동코드><법정동지번코드>1</법정동지번코드><아파트>동대문와이즈캐슬</아파트><월>2</월><일>6</일><일련번호>11140-1220</일련번호><전용면적>15.55</전용면적><중개사소재지>서울 중구</중개사소재지><지번>119</지번><지역코드>11140</지역코드><층>15</층><해제사유발생일> </해제사유발생일><해제여부> </해제여부></item><item><거래금액>    30,900</거래금액><거래유형>중개거래</거래유형><건축년도>2018</건축년도><년>2023</년><도로명>퇴계로73길</도로명><도로명건물본번호코드>00020</도로명건물본번호코드><도로명건물부번호코드>00000</도로명건물부번호코드><도로명시군구코드>11140</도로명시군구코드><도로명일련번호코드>00</도로명일련번호코드><도로명지상지하코드>0</도로명지상지하코드><도로명코드>4103377</도로명코드><법정동> 흥인동</법정동><법정동본번코드>0142</법정동본번코드><법정동부번코드>0001</법정동부번코드><법정동시군구코드>11140</법정동시군구코드><법정동읍면동코드>16300</법정동읍면동코드><법정동지번코드>1</법정동지번코드><아파트>위더스하임</아파트><월>2</월><일>21</일><일련번호>11140-1301</일련번호><전용면적>23.82</전용면적><중개사소재지>서울 중구</중개사소재지><지번>142-1</지번><지역코드>11140</지역코드><층>9</층><해제사유발생일> </해제사유발생일><해제여부> </해제여부></item><item><거래금액>    12,600</거래금액><거래유형>중개거래</거래유형><건축년도>2013</건축년도><년>2023</년><도로명>난계로</도로명><도로명건물본번호코드>00173</도로명건물본번호코드><도로명건물부번호코드>00000</도로명건물부번호코드><도로명시군구코드>11140</도로명시군구코드><도로명일련번호코드>02</도로명일련번호코드><도로명지상지하코드>0</도로명지상지하코드><도로명코드>3100018</도로명코드><법정동> 황학동</법정동><법정동본번코드>0787</법정동본번코드><법정동부번코드>0000</법정동부번코드><법정동시군구코드>11140</법정동시군구코드><법정동읍면동코드>16500</법정동읍면동코드><법정동지번코드>1</법정동지번코드><아파트>한양I-Class</아파트><월>2</월><일>8</일><일련번호>11140-1197</일련번호><전용면적>16.37</전용면적><중개사소재지>서울 중구</중개사소재지><지번>787</지번><지역코드>11140</지역코드><층>13</층><해제사유발생일> </해제사유발생일><해제여부> </해제여부></item><item><거래금액>    86,000</거래금액><거래유형>중개거래</거래유형><건축년도>2008</건축년도><년>2023</년><도로명>청계천로</도로명><도로명건물본번호코드>00400</도로명건물본번호코드><도로명건물부번호코드>00000</도로명건물부번호코드><도로명시군구코드>11140</도로명시군구코드><도로명일련번호코드>12</도로명일련번호코드><도로명지상지하코드>0</도로명지상지하코드><도로명코드>3100021</도로명코드><법정동> 황학동</법정동><법정동본번코드>2545</법정동본번코드><법정동부번코드>0000</법정동부번코드><법정동시군구코드>11140</법정동시군구코드><법정동읍면동코드>16500</법정동읍면동코드><법정동지번코드>1</법정동지번코드><아파트>롯데캐슬</아파트><월>2</월><일>9</일><일련번호>11140-1039</일련번호><전용면적>84.89</전용면적><중개사소재지>서울 중구</중개사소재지><지번>2545</지번><지역코드>11140</지역코드><층>16</층><해제사유발생일> </해제사유발생일><해제여부> </해제여부></item><item><거래금액>    70,000</거래금액><거래유형>중개거래</거래유형><건축년도>2008</건축년도><년>2023</년><도로명>청계천로</도로명><도로명건물본번호코드>00400</도로명건물본번호코드><도로명건물부번호코드>00000</도로명건물부번호코드><도로명시군구코드>11140</도로명시군구코드><도로명일련번호코드>12</도로명일련번호코드><도로명지상지하코드>0</도로명지상지하코드><도로명코드>3100021</도로명코드><법정동> 황학동</법정동><법정동본번코드>2545</법정동본번코드><법정동부번코드>0000</법정동부번코드><법정동시군구코드>11140</법정동시군구코드><법정동읍면동코드>16500</법정동읍면동코드><법정동지번코드>1</법정동지번코드><아파트>롯데캐슬</아파트><월>2</월><일>9</일><일련번호>11140-1039</일련번호><전용면적>59.94</전용면적><중개사소재지>서울 성동구, 서울 중구</중개사소재지><지번>2545</지번><지역코드>11140</지역코드><층>17</층><해제사유발생일> </해제사유발생일><해제여부> </해제여부></item><item><거래금액>    74,000</거래금액><거래유형>중개거래</거래유형><건축년도>2008</건축년도><년>2023</년><도로명>청계천로</도로명><도로명건물본번호코드>00400</도로명건물본번호코드><도로명건물부번호코드>00000</도로명건물부번호코드><도로명시군구코드>11140</도로명시군구코드><도로명일련번호코드>12</도로명일련번호코드><도로명지상지하코드>0</도로명지상지하코드><도로명코드>3100021</도로명코드><법정동> 황학동</법정동><법정동본번코드>2545</법정동본번코드><법정동부번코드>0000</법정동부번코드><법정동시군구코드>11140</법정동시군구코드><법정동읍면동코드>16500</법정동읍면동코드><법정동지번코드>1</법정동지번코드><아파트>롯데캐슬</아파트><월>2</월><일>10</일><일련번호>11140-1039</일련번호><전용면적>59.91</전용면적><중개사소재지>서울 중구</중개사소재지><지번>2545</지번><지역코드>11140</지역코드><층>20</층><해제사유발생일> </해제사유발생일><해제여부> </해제여부></item><item><거래금액>   100,000</거래금액><거래유형>중개거래</거래유형><건축년도>2010</건축년도><년>2023</년><도로명>퇴계로</도로명><도로명건물본번호코드>00447</도로명건물본번호코드><도로명건물부번호코드>00000</도로명건물부번호코드><도로명시군구코드>11140</도로명시군구코드><도로명일련번호코드>27</도로명일련번호코드><도로명지상지하코드>0</도로명지상지하코드><도로명코드>3101011</도로명코드><법정동> 황학동</법정동><법정동본번코드>2523</법정동본번코드><법정동부번코드>0000</법정동부번코드><법정동시군구코드>11140</법정동시군구코드><법정동읍면동코드>16500</법정동읍면동코드><법정동지번코드>1</법정동지번코드><아파트>황학아크로타워</아파트><월>2</월><일>12</일><일련번호>11140-1106</일련번호><전용면적>84.965</전용면적><중개사소재지>서울 성동구</중개사소재지><지번>2523</지번><지역코드>11140</지역코드><층>12</층><해제사유발생일> </해제사유발생일><해제여부> </해제여부></item><item><거래금액>    74,800</거래금액><거래유형>중개거래</거래유형><건축년도>2008</건축년도><년>2023</년><도로명>청계천로</도로명><도로명건물본번호코드>00400</도로명건물본번호코드><도로명건물부번호코드>00000</도로명건물부번호코드><도로명시군구코드>11140</도로명시군구코드><도로명일련번호코드>12</도로명일련번호코드><도로명지상지하코드>0</도로명지상지하코드><도로명코드>3100021</도로명코드><법정동> 황학동</법정동><법정동본번코드>2545</법정동본번코드><법정동부번코드>0000</법정동부번코드><법정동시군구코드>11140</법정동시군구코드><법정동읍면동코드>16500</법정동읍면동코드><법정동지번코드>1</법정동지번코드><아파트>롯데캐슬</아파트><월>2</월><일>13</일><일련번호>11140-1039</일련번호><전용면적>59.94</전용면적><중개사소재지>서울 중구</중개사소재지><지번>2545</지번><지역코드>11140</지역코드><층>25</층><해제사유발생일> </해제사유발생일><해제여부> </해제여부></item><item><거래금액>    16,500</거래금액><거래유형>중개거래</거래유형><건축년도>2014</건축년도><년>2023</년><도로명>난계로</도로명><도로명건물본번호코드>00169</도로명건물본번호코드><도로명건물부번호코드>00000</도로명건물부번호코드><도로명시군구코드>11140</도로명시군구코드><도로명일련번호코드>02</도로명일련번호코드><도로명지상지하코드>0</도로명지상지하코드><도로명코드>3100018</도로명코드><법정동> 황학동</법정동><법정동본번코드>0819</법정동본번코드><법정동부번코드>0000</법정동부번코드><법정동시군구코드>11140</법정동시군구코드><법정동읍면동코드>16500</법정동읍면동코드><법정동지번코드>1</법정동지번코드><아파트>DUO302</아파트><월>2</월><일>13</일><일련번호>11140-1206</일련번호><전용면적>15.97</전용면적><중개사소재지>서울 중구</중개사소재지><지번>819</지번><지역코드>11140</지역코드><층>12</층><해제사유발생일> </해제사유발생일><해제여부> </해제여부></item><item><거래금액>    35,300</거래금액><거래유형>직거래</거래유형><건축년도>2022</건축년도><년>2023</년><도로명>난계로17길</도로명><도로명건물본번호코드>00040</도로명건물본번호코드><도로명건물부번호코드>00016</도로명건물부번호코드><도로명시군구코드>11140</도로명시군구코드><도로명일련번호코드>00</도로명일련번호코드><도로명지상지하코드>0</도로명지상지하코드><도로명코드>4103006</도로명코드><법정동> 황학동</법정동><법정동본번코드>1531</법정동본번코드><법정동부번코드>0000</법정동부번코드><법정동시군구코드>11140</법정동시군구코드><법정동읍면동코드>16500</법정동읍면동코드><법정동지번코드>1</법정동지번코드><아파트>청계랜드힐아파트</아파트><월>2</월><일>17</일><일련번호>11140-1380</일련번호><전용면적>29.82</전용면적><중개사소재지> </중개사소재지><지번>1531</지번><지역코드>11140</지역코드><층>7</층><해제사유발생일> </해제사유발생일><해제여부> </해제여부></item><item><거래금액>    16,000</거래금액><거래유형>중개거래</거래유형><건축년도>2014</건축년도><년>2023</년><도로명>난계로</도로명><도로명건물본번호코드>00169</도로명건물본번호코드><도로명건물부번호코드>00000</도로명건물부번호코드><도로명시군구코드>11140</도로명시군구코드><도로명일련번호코드>02</도로명일련번호코드><도로명지상지하코드>0</도로명지상지하코드><도로명코드>3100018</도로명코드><법정동> 황학동</법정동><법정동본번코드>0819</법정동본번코드><법정동부번코드>0000</법정동부번코드><법정동시군구코드>11140</법정동시군구코드><법정동읍면동코드>16500</법정동읍면동코드><법정동지번코드>1</법정동지번코드><아파트>DUO302</아파트><월>2</월><일>18</일><일련번호>11140-1206</일련번호><전용면적>15.97</전용면적><중개사소재지>서울 중구</중개사소재지><지번>819</지번><지역코드>11140</지역코드><층>12</층><해제사유발생일> </해제사유발생일><해제여부> </해제여부></item><item><거래금액>    90,000</거래금액><거래유형>중개거래</거래유형><건축년도>2008</건축년도><년>2023</년><도로명>청계천로</도로명><도로명건물본번호코드>00400</도로명건물본번호코드><도로명건물부번호코드>00000</도로명건물부번호코드><도로명시군구코드>11140</도로명시군구코드><도로명일련번호코드>12</도로명일련번호코드><도로명지상지하코드>0</도로명지상지하코드><도로명코드>3100021</도로명코드><법정동> 황학동</법정동><법정동본번코드>2545</법정동본번코드><법정동부번코드>0000</법정동부번코드><법정동시군구코드>11140</법정동시군구코드><법정동읍면동코드>16500</법정동읍면동코드><법정동지번코드>1</법정동지번코드><아파트>롯데캐슬</아파트><월>2</월><일>28</일><일련번호>11140-1039</일련번호><전용면적>84.92</전용면적><중개사소재지>서울 중구</중개사소재지><지번>2545</지번><지역코드>11140</지역코드><층>31</층><해제사유발생일> </해제사유발생일><해제여부> </해제여부></item><item><거래금액>   110,000</거래금액><거래유형>중개거래</거래유형><건축년도>2007</건축년도><년>2023</년><도로명>칠패로</도로명><도로명건물본번호코드>00027</도로명건물본번호코드><도로명건물부번호코드>00000</도로명건물부번호코드><도로명시군구코드>11140</도로명시군구코드><도로명일련번호코드>03</도로명일련번호코드><도로명지상지하코드>0</도로명지상지하코드><도로명코드>3101010</도로명코드><법정동> 순화동</법정동><법정동본번코드>0151</법정동본번코드><법정동부번코드>0000</법정동부번코드><법정동시군구코드>11140</법정동시군구코드><법정동읍면동코드>16800</법정동읍면동코드><법정동지번코드>1</법정동지번코드><아파트>순화동더샵</아파트><월>2</월><일>11</일><일련번호>11140-1016</일련번호><전용면적>84.9</전용면적><중개사소재지>서울 중구</중개사소재지><지번>151</지번><지역코드>11140</지역코드><층>12</층><해제사유발생일> </해제사유발생일><해제여부> </해제여부></item><item><거래금액>   130,000</거래금액><거래유형>직거래</거래유형><건축년도>2001</건축년도><년>2023</년><도로명>중림로</도로명><도로명건물본번호코드>00010</도로명건물본번호코드><도로명건물부번호코드>00000</도로명건물부번호코드><도로명시군구코드>11140</도로명시군구코드><도로명일련번호코드>01</도로명일련번호코드><도로명지상지하코드>0</도로명지상지하코드><도로명코드>3101007</도로명코드><법정동> 중림동</법정동><법정동본번코드>0200</법정동본번코드><법정동부번코드>0000</법정동부번코드><법정동시군구코드>11140</법정동시군구코드><법정동읍면동코드>17100</법정동읍면동코드><법정동지번코드>1</법정동지번코드><아파트>삼성사이버빌리지</아파트><월>2</월><일>10</일><일련번호>11140-51</일련번호><전용면적>114.77</전용면적><중개사소재지> </중개사소재지><지번>200</지번><지역코드>11140</지역코드><층>14</층><해제사유발생일> </해제사유발생일><해제여부> </해제여부></item><item><거래금액>   156,000</거래금액><거래유형>중개거래</거래유형><건축년도>2017</건축년도><년>2023</년><도로명>만리재로</도로명><도로명건물본번호코드>00175</도로명건물본번호코드><도로명건물부번호코드>00000</도로명건물부번호코드><도로명시군구코드>11140</도로명시군구코드><도로명일련번호코드>02</도로명일련번호코드><도로명지상지하코드>0</도로명지상지하코드><도로명코드>3101016</도로명코드><법정동> 만리동2가</법정동><법정동본번코드>0176</법정동본번코드><법정동부번코드>0001</법정동부번코드><법정동시군구코드>11140</법정동시군구코드><법정동읍면동코드>17400</법정동읍면동코드><법정동지번코드>1</법정동지번코드><아파트>서울역센트럴자이</아파트><월>2</월><일>18</일><일련번호>11140-1300</일련번호><전용면적>84.9791</전용면적><중개사소재지>서울 중구</중개사소재지><지번>176-1</지번><지역코드>11140</지역코드><층>14</층><해제사유발생일> </해제사유발생일><해제여부> </해제여부></item></items><numOfRows>999</numOfRows><pageNo>1</pageNo><totalCount>31</totalCount></body></response>