<?xml version="1.0" encoding="UTF-8" standalone="yes"?><response><header><resultCode>00</resultCode><resultMsg>NORMAL SERVICE.</resultMsg></header><body><items><item><거래금액>    43,000</거래금액><거래유형>중개거래</거래유형><건축년도>2006</건축년도><년>2022</년><도로명>퇴계로8길</도로명><도로명건물본번호코드>00065</도로명건물본번호코드><도로명건물부번호코드>00003</도로명건물부번호코드><도로명시군구코드>11140</도로명시군구코드><도로명일련번호코드>01</도로명일련번호코드><도로명지상지하코드>0</도로명지상지하코드><도로명코드>4103395</도로명코드><법정동> 회현동1가</법정동><법정동본번코드>0100</법정동본번코드><법정동부번코드>0012</법정동부번코드><법정동시군구코드>11140</법정동시군구코드><법정동읍면동코드>12100</법정동읍면동코드><법정동지번코드>1</법정동지번코드><아파트>이지-빌</아파트><월>9</월><일>17</일><일련번호>11140-1004</일련번호><전용면적>55.9</전용면적><중개사소재지>서울 용산구</중개사소재지><지번>100-12</지번><지역코드>11140</지역코드><층>2</층><해제사유발생일> </해제사유발생일><해제여부> </해제여부></item><item><거래금액>    44,000</거래금액><거래유형>중개거래</거래유형><건축년도>1975</건축년도><년>2022</년><도로명>소공로3길</도로명><도로명건물본번호코드>00029</도로명건물본번호코드><도로명건물부번호코드>00008</도로명건물부번호코드><도로명시군구코드>11140</도로명시군구코드><도로명일련번호코드>01</도로명일련번호코드><도로명지상지하코드>0</도로명지상지하코드><도로명코드>4103205</도로명코드><법정동> 회현동1가</법정동><법정동본번코드>0146</법정동본번코드><법정동부번코드>0001</법정동부번코드><법정동시군구코드>11140</법정동시군구코드><법정동읍면동코드>12100</법정동읍면동코드><법정동지번코드>1</법정동지번코드><아파트>삼풍</아파트><월>9</월><일>20</일><일련번호>11140-9</일련번호><전용면적>69.13</전용면적><중개사소재지>서울 중구</중개사소재지><지번>146-1</지번><지역코드>11140</지역코드><층>9</층><해제사유발생일> </해제사유발생일><해제여부> </해제여부></item><item><거래금액>    44,000</거래금액><거래유형>중개거래</거래유형><건축년도>1975</건축년도><년>2022</년><도로명>소공로3길</도로명><도로명건물본번호코드>00029</도로명건물본번호코드><도로명건물부번호코드>00008</도로명건물부번호코드><도로명시군구코드>11140</도로명시군구코드><도로명일련번호코드>01</도로명일련번호코드><도로명지상지하코드>0</도로명지상지하코드><도로명코드>4103205</도로명코드><법정동> 회현동1가</법정동><법정동본번코드>0146</법정동본번코드><법정동부번코드>0001</법정동부번코드><법정동시군구코드>11140</법정동시군구코드><법정동읍면동코드>12100</법정동읍면동코드><법정동지번코드>1</법정동지번코드><아파트>삼풍</아파트><월>9</월><일>20</일><일련번호>11140-9</일련번호><전용면적>69.13</전용면적><중개사소재지>서울 중구</중개사소재지><지번>146-1</지번><지역코드>11140</지역코드><층>9</층><해제사유발생일>22.11.24</해제사유발생일><해제여부>O</해제여부></item><item><거래금액>    25,000</거래금액><거래유형>중개거래</거래유형><건축년도>1968</건축년도><년>2022</년><도로명>마른내로</도로명><도로명건물본번호코드>00072</도로명건물본번호코드><도로명건물부번호코드>00000</도로명건물부번호코드><도로명시군구코드>11140</도로명시군구코드><도로명일련번호코드>01</도로명일련번호코드><도로명지상지하코드>0</도로명지상지하코드><도로명코드>3101002</도로명코드><법정동> 인현동2가</법정동><법정동본번코드>0192</법정동본번코드><법정동부번코드>0030</법정동부번코드><법정동시군구코드>11140</법정동시군구코드><법정동읍면동코드>13400</법정동읍면동코드><법정동지번코드>1</법정동지번코드><아파트>인현상가(신성아파트)</아파트><월>9</월><일>23</일><일련번호>11140-14</일련번호><전용면적>41.62</전용면적><중개사소재지>서울 중구</중개사소재지><지번>192-30</지번><지역코드>11140</지역코드><층>8</층><해제사유발생일> </해제사유발생일><해제여부> </해제여부></item><item><거래금액>   182,500</거래금액><거래유형>중개거래</거래유형><건축년도>2011</건축년도><년>2022</년><도로명>청구로</도로명><도로명건물본번호코드>00064</도로명건물본번호코드><도로명건물부번호코드>00000</도로명건물부번호코드><도로명시군구코드>11140</도로명시군구코드><도로명일련번호코드>01</도로명일련번호코드><도로명지상지하코드>0</도로명지상지하코드><도로명코드>3101008</도로명코드><법정동> 신당동</법정동><법정동본번코드>0852</법정동본번코드><법정동부번코드>0000</법정동부번코드><법정동시군구코드>11140</법정동시군구코드><법정동읍면동코드>16200</법정동읍면동코드><법정동지번코드>1</법정동지번코드><아파트>청구e편한세상</아파트><월>9</월><일>2</일><일련번호>11140-1144</일련번호><전용면적>118.47</전용면적><중개사소재지>서울 중구</중개사소재지><지번>852</지번><지역코드>11140</지역코드><층>4</층><해제사유발생일>23.01.04</해제사유발생일><해제여부>O</해제여부></item><item><거래금액>    16,000</거래금액><거래유형>중개거래</거래유형><건축년도>2014</건축년도><년>2022</년><도로명>난계로</도로명><도로명건물본번호코드>00151</도로명건물본번호코드><도로명건물부번호코드>00000</도로명건물부번호코드><도로명시군구코드>11140</도로명시군구코드><도로명일련번호코드>01</도로명일련번호코드><도로명지상지하코드>0</도로명지상지하코드><도로명코드>3100018</도로명코드><법정동> 신당동</법정동><법정동본번코드>0160</법정동본번코드><법정동부번코드>0005</법정동부번코드><법정동시군구코드>11140</법정동시군구코드><법정동읍면동코드>16200</법정동읍면동코드><법정동지번코드>1</법정동지번코드><아파트>신당아르브</아파트><월>9</월><일>5</일><일련번호>11140-1217</일련번호><전용면적>18.08</전용면적><중개사소재지>서울 중구</중개사소재지><지번>160-5</지번><지역코드>11140</지역코드><층>6</층><해제사유발생일> </해제사유발생일><해제여부> </해제여부></item><item><거래금액>   142,000</거래금액><거래유형>중개거래</거래유형><건축년도>2011</건축년도><년>2022</년><도로명>청구로</도로명><도로명건물본번호코드>00064</도로명건물본번호코드><도로명건물부번호코드>00000</도로명건물부번호코드><도로명시군구코드>11140</도로명시군구코드><도로명일련번호코드>01</도로명일련번호코드><도로명지상지하코드>0</도로명지상지하코드><도로명코드>3101008</도로명코드><법정동> 신당동</법정동><법정동본번코드>0852</법정동본번코드><법정동부번코드>0000</법정동부번코드><법정동시군구코드>11140</법정동시군구코드><법정동읍면동코드>16200</법정동읍면동코드><법정동지번코드>1</법정동지번코드><아파트>청구e편한세상</아파트><월>9</월><일>7</일><일련번호>11140-1144</일련번호><전용면적>84.95</전용면적><중개사소재지>서울 중구</중개사소재지><지번>852</지번><지역코드>11140</지역코드><층>1</층><해제사유발생일> </해제사유발생일><해제여부> </해제여부></item><item><거래금액>   159,000</거래금액><거래유형>중개거래</거래유형><건축년도>2002</건축년도><년>2022</년><도로명>다산로</도로명><도로명건물본번호코드>00032</도로명건물본번호코드><도로명건물부번호코드>00000</도로명건물부번호코드><도로명시군구코드>11140</도로명시군구코드><도로명일련번호코드>01</도로명일련번호코드><도로명지상지하코드>0</도로명지상지하코드><도로명코드>3101014</도로명코드><법정동> 신당동</법정동><법정동본번코드>0844</법정동본번코드><법정동부번코드>0000</법정동부번코드><법정동시군구코드>11140</법정동시군구코드><법정동읍면동코드>16200</법정동읍면동코드><법정동지번코드>1</법정동지번코드><아파트>남산타운</아파트><월>9</월><일>13</일><일련번호>11140-28</일련번호><전용면적>84.88</전용면적><중개사소재지>서울 중구</중개사소재지><지번>844</지번><지역코드>11140</지역코드><층>15</층><해제사유발생일> </해제사유발생일><해제여부> </해제여부></item><item><거래금액>   123,000</거래금액><거래유형>중개거래</거래유형><건축년도>2002</건축년도><년>2022</년><도로명>다산로</도로명><도로명건물본번호코드>00032</도로명건물본번호코드><도로명건물부번호코드>00000</도로명건물부번호코드><도로명시군구코드>11140</도로명시군구코드><도로명일련번호코드>01</도로명일련번호코드><도로명지상지하코드>0</도로명지상지하코드><도로명코드>3101014</도로명코드><법정동> 신당동</법정동><법정동본번코드>0844</법정동본번코드><법정동부번코드>0000</법정동부번코드><법정동시군구코드>11140</법정동시군구코드><법정동읍면동코드>16200</법정동읍면동코드><법정동지번코드>1</법정동지번코드><아파트>남산타운</아파트><월>9</월><일>23</일><일련번호>11140-28</일련번호><전용면적>84.88</전용면적><중개사소재지>서울 중구</중개사소재지><지번>844</지번><지역코드>11140</지역코드><층>5</층><해제사유발생일> </해제사유발생일><해제여부> </해제여부></item><item><거래금액>    23,250</거래금액><거래유형>중개거래</거래유형><건축년도>2000</건축년도><년>2022</년><도로명>동호로11마길</도로명><도로명건물본번호코드>00040</도로명건물본번호코드><도로명건물부번호코드>00000</도로명건물부번호코드><도로명시군구코드>11140</도로명시군구코드><도로명일련번호코드>01</도로명일련번호코드><도로명지상지하코드>0</도로명지상지하코드><도로명코드>4103084</도로명코드><법정동> 신당동</법정동><법정동본번코드>0432</법정동본번코드><법정동부번코드>1982</법정동부번코드><법정동시군구코드>11140</법정동시군구코드><법정동읍면동코드>16200</법정동읍면동코드><법정동지번코드>1</법정동지번코드><아파트>다다아파트</아파트><월>9</월><일>23</일><일련번호>11140-84</일련번호><전용면적>59.97</전용면적><중개사소재지>서울 중구</중개사소재지><지번>432-1982</지번><지역코드>11140</지역코드><층>1</층><해제사유발생일> </해제사유발생일><해제여부> </해제여부></item><item><거래금액>    78,000</거래금액><거래유형>중개거래</거래유형><건축년도>1994</건축년도><년>2022</년><도로명>다산로</도로명><도로명건물본번호코드>00274</도로명건물본번호코드><도로명건물부번호코드>00000</도로명건물부번호코드><도로명시군구코드>11140</도로명시군구코드><도로명일련번호코드>02</도로명일련번호코드><도로명지상지하코드>0</도로명지상지하코드><도로명코드>3101014</도로명코드><법정동> 흥인동</법정동><법정동본번코드>0003</법정동본번코드><법정동부번코드>0004</법정동부번코드><법정동시군구코드>11140</법정동시군구코드><법정동읍면동코드>16300</법정동읍면동코드><법정동지번코드>1</법정동지번코드><아파트>aaa</아파트><월>9</월><일>1</일><일련번호>11140-26</일련번호><전용면적>114.57</전용면적><중개사소재지>서울 중구</중개사소재지><지번>3-4</지번><지역코드>11140</지역코드><층>13</층><해제사유발생일> </해제사유발생일><해제여부> </해제여부></item><item><거래금액>    13,430</거래금액><거래유형>중개거래</거래유형><건축년도>2013</건축년도><년>2022</년><도로명>난계로</도로명><도로명건물본번호코드>00173</도로명건물본번호코드><도로명건물부번호코드>00000</도로명건물부번호코드><도로명시군구코드>11140</도로명시군구코드><도로명일련번호코드>02</도로명일련번호코드><도로명지상지하코드>0</도로명지상지하코드><도로명코드>3100018</도로명코드><법정동> 황학동</법정동><법정동본번코드>0787</법정동본번코드><법정동부번코드>0000</법정동부번코드><법정동시군구코드>11140</법정동시군구코드><법정동읍면동코드>16500</법정동읍면동코드><법정동지번코드>1</법정동지번코드><아파트>한양I-Class</아파트><월>9</월><일>2</일><일련번호>11140-1197</일련번호><전용면적>16.37</전용면적><중개사소재지>서울 중구</중개사소재지><지번>787</지번><지역코드>11140</지역코드><층>17</층><해제사유발생일> </해제사유발생일><해제여부> </해제여부></item><item><거래금액>    30,000</거래금액><거래유형>중개거래</거래유형><건축년도>2017</건축년도><년>2022</년><도로명>난계로21길</도로명><도로명건물본번호코드>00039</도로명건물본번호코드><도로명건물부번호코드>00000</도로명건물부번호코드><도로명시군구코드>11140</도로명시군구코드><도로명일련번호코드>00</도로명일련번호코드><도로명지상지하코드>0</도로명지상지하코드><도로명코드>4103008</도로명코드><법정동> 황학동</법정동><법정동본번코드>1743</법정동본번코드><법정동부번코드>0000</법정동부번코드><법정동시군구코드>11140</법정동시군구코드><법정동읍면동코드>16500</법정동읍면동코드><법정동지번코드>1</법정동지번코드><아파트>골드캐슬Ⅲ</아파트><월>9</월><일>5</일><일련번호>11140-1297</일련번호><전용면적>32.75</전용면적><중개사소재지>서울 중구</중개사소재지><지번>1743</지번><지역코드>11140</지역코드><층>7</층><해제사유발생일> </해제사유발생일><해제여부> </해제여부></item><item><거래금액>    15,500</거래금액><거래유형>중개거래</거래유형><건축년도>2014</건축년도><년>2022</년><도로명>난계로</도로명><도로명건물본번호코드>00169</도로명건물본번호코드><도로명건물부번호코드>00000</도로명건물부번호코드><도로명시군구코드>11140</도로명시군구코드><도로명일련번호코드>02</도로명일련번호코드><도로명지상지하코드>0</도로명지상지하코드><도로명코드>3100018</도로명코드><법정동> 황학동</법정동><법정동본번코드>0819</법정동본번코드><법정동부번코드>0000</법정동부번코드><법정동시군구코드>11140</법정동시군구코드><법정동읍면동코드>16500</법정동읍면동코드><법정동지번코드>1</법정동지번코드><아파트>DUO302</아파트><월>9</월><일>19</일><일련번호>11140-1206</일련번호><전용면적>15.97</전용면적><중개사소재지>서울 중구</중개사소재지><지번>819</지번><지역코드>11140</지역코드><층>9</층><해제사유발생일>22.10.07</해제사유발생일><해제여부>O</해제여부></item></items><numOfRows>999</numOfRows><pageNo>1</pageNo><totalCount>14</totalCount></body></response>