<?xml version="1.0" encoding="UTF-8" standalone="yes"?><response><header><resultCode>00</resultCode><resultMsg>NORMAL SERVICE.</resultMsg></header><body><items><item><거래금액>   185,000</거래금액><거래유형>중개거래</거래유형><건축년도>2010</건축년도><년>2022</년><도로명>소공로</도로명><도로명건물본번호코드>00046</도로명건물본번호코드><도로명건물부번호코드>00000</도로명건물부번호코드><도로명시군구코드>11140</도로명시군구코드><도로명일련번호코드>05</도로명일련번호코드><도로명지상지하코드>0</도로명지상지하코드><도로명코드>3101004</도로명코드><법정동> 회현동2가</법정동><법정동본번코드>0087</법정동본번코드><법정동부번코드>0000</법정동부번코드><법정동시군구코드>11140</법정동시군구코드><법정동읍면동코드>12200</법정동읍면동코드><법정동지번코드>1</법정동지번코드><아파트>쌍용남산플래티넘</아파트><월>10</월><일>21</일><일련번호>11140-1123</일련번호><전용면적>139.8</전용면적><중개사소재지>서울 중구</중개사소재지><지번>87</지번><지역코드>11140</지역코드><층>7</층><해제사유발생일> </해제사유발생일><해제여부> </해제여부></item><item><거래금액>    20,000</거래금액><거래유형>중개거래</거래유형><건축년도>2020</건축년도><년>2022</년><도로명>동호로33길</도로명><도로명건물본번호코드>00015</도로명건물본번호코드><도로명건물부번호코드>00000</도로명건물부번호코드><도로명시군구코드>11140</도로명시군구코드><도로명일련번호코드>00</도로명일련번호코드><도로명지상지하코드>0</도로명지상지하코드><도로명코드>4103109</도로명코드><법정동> 오장동</법정동><법정동본번코드>0145</법정동본번코드><법정동부번코드>0001</법정동부번코드><법정동시군구코드>11140</법정동시군구코드><법정동읍면동코드>15400</법정동읍면동코드><법정동지번코드>1</법정동지번코드><아파트>오렌지카운티을지로</아파트><월>10</월><일>19</일><일련번호>11140-1355</일련번호><전용면적>14.54</전용면적><중개사소재지>서울 중구</중개사소재지><지번>145-1</지번><지역코드>11140</지역코드><층>9</층><해제사유발생일> </해제사유발생일><해제여부> </해제여부></item><item><거래금액>   325,000</거래금액><거래유형>중개거래</거래유형><건축년도>2008</건축년도><년>2022</년><도로명>동호로17길</도로명><도로명건물본번호코드>00242</도로명건물본번호코드><도로명건물부번호코드>00000</도로명건물부번호코드><도로명시군구코드>11140</도로명시군구코드><도로명일련번호코드>01</도로명일련번호코드><도로명지상지하코드>0</도로명지상지하코드><도로명코드>4103094</도로명코드><법정동> 신당동</법정동><법정동본번코드>0432</법정동본번코드><법정동부번코드>1666</법정동부번코드><법정동시군구코드>11140</법정동시군구코드><법정동읍면동코드>16200</법정동읍면동코드><법정동지번코드>1</법정동지번코드><아파트>남산FORESTHOUSE</아파트><월>10</월><일>14</일><일련번호>11140-1062</일련번호><전용면적>201.85</전용면적><중개사소재지>서울 용산구</중개사소재지><지번>432-1666</지번><지역코드>11140</지역코드><층>1</층><해제사유발생일> </해제사유발생일><해제여부> </해제여부></item><item><거래금액>    15,100</거래금액><거래유형>중개거래</거래유형><건축년도>2014</건축년도><년>2022</년><도로명>난계로</도로명><도로명건물본번호코드>00151</도로명건물본번호코드><도로명건물부번호코드>00000</도로명건물부번호코드><도로명시군구코드>11140</도로명시군구코드><도로명일련번호코드>01</도로명일련번호코드><도로명지상지하코드>0</도로명지상지하코드><도로명코드>3100018</도로명코드><법정동> 신당동</법정동><법정동본번코드>0160</법정동본번코드><법정동부번코드>0005</법정동부번코드><법정동시군구코드>11140</법정동시군구코드><법정동읍면동코드>16200</법정동읍면동코드><법정동지번코드>1</법정동지번코드><아파트>신당아르브</아파트><월>10</월><일>24</일><일련번호>11140-1217</일련번호><전용면적>18.08</전용면적><중개사소재지>서울 중구</중개사소재지><지번>160-5</지번><지역코드>11140</지역코드><층>4</층><해제사유발생일> </해제사유발생일><해제여부> </해제여부></item><item><거래금액>    22,831</거래금액><거래유형>직거래</거래유형><건축년도>2000</건축년도><년>2022</년><도로명>동호로11마길</도로명><도로명건물본번호코드>00040</도로명건물본번호코드><도로명건물부번호코드>00000</도로명건물부번호코드><도로명시군구코드>11140</도로명시군구코드><도로명일련번호코드>01</도로명일련번호코드><도로명지상지하코드>0</도로명지상지하코드><도로명코드>4103084</도로명코드><법정동> 신당동</법정동><법정동본번코드>0432</법정동본번코드><법정동부번코드>1982</법정동부번코드><법정동시군구코드>11140</법정동시군구코드><법정동읍면동코드>16200</법정동읍면동코드><법정동지번코드>1</법정동지번코드><아파트>다다아파트</아파트><월>10</월><일>25</일><일련번호>11140-84</일련번호><전용면적>59.97</전용면적><중개사소재지> </중개사소재지><지번>432-1982</지번><지역코드>11140</지역코드><층>5</층><해제사유발생일> </해제사유발생일><해제여부> </해제여부></item><item><거래금액>    61,000</거래금액><거래유형>중개거래</거래유형><건축년도>2003</건축년도><년>2022</년><도로명>청구로17길</도로명><도로명건물본번호코드>00024</도로명건물본번호코드><도로명건물부번호코드>00005</도로명건물부번호코드><도로명시군구코드>11140</도로명시군구코드><도로명일련번호코드>01</도로명일련번호코드><도로명지상지하코드>0</도로명지상지하코드><도로명코드>4103296</도로명코드><법정동> 신당동</법정동><법정동본번코드>0404</법정동본번코드><법정동부번코드>0002</법정동부번코드><법정동시군구코드>11140</법정동시군구코드><법정동읍면동코드>16200</법정동읍면동코드><법정동지번코드>1</법정동지번코드><아파트>란스미어</아파트><월>10</월><일>26</일><일련번호>11140-57</일련번호><전용면적>84.84</전용면적><중개사소재지>서울 중구</중개사소재지><지번>404-2</지번><지역코드>11140</지역코드><층>3</층><해제사유발생일> </해제사유발생일><해제여부> </해제여부></item><item><거래금액>    27,500</거래금액><거래유형>중개거래</거래유형><건축년도>2016</건축년도><년>2022</년><도로명>마장로</도로명><도로명건물본번호코드>00058</도로명건물본번호코드><도로명건물부번호코드>00000</도로명건물부번호코드><도로명시군구코드>11140</도로명시군구코드><도로명일련번호코드>00</도로명일련번호코드><도로명지상지하코드>0</도로명지상지하코드><도로명코드>3005009</도로명코드><법정동> 흥인동</법정동><법정동본번코드>0008</법정동본번코드><법정동부번코드>0000</법정동부번코드><법정동시군구코드>11140</법정동시군구코드><법정동읍면동코드>16300</법정동읍면동코드><법정동지번코드>1</법정동지번코드><아파트>동대문솔하임</아파트><월>10</월><일>7</일><일련번호>11140-1274</일련번호><전용면적>23.42</전용면적><중개사소재지>서울 중구</중개사소재지><지번>8</지번><지역코드>11140</지역코드><층>19</층><해제사유발생일>22.10.31</해제사유발생일><해제여부>O</해제여부></item><item><거래금액>    27,500</거래금액><거래유형>중개거래</거래유형><건축년도>2016</건축년도><년>2022</년><도로명>마장로</도로명><도로명건물본번호코드>00058</도로명건물본번호코드><도로명건물부번호코드>00000</도로명건물부번호코드><도로명시군구코드>11140</도로명시군구코드><도로명일련번호코드>00</도로명일련번호코드><도로명지상지하코드>0</도로명지상지하코드><도로명코드>3005009</도로명코드><법정동> 흥인동</법정동><법정동본번코드>0008</법정동본번코드><법정동부번코드>0000</법정동부번코드><법정동시군구코드>11140</법정동시군구코드><법정동읍면동코드>16300</법정동읍면동코드><법정동지번코드>1</법정동지번코드><아파트>동대문솔하임</아파트><월>10</월><일>7</일><일련번호>11140-1274</일련번호><전용면적>23.42</전용면적><중개사소재지>서울 중구</중개사소재지><지번>8</지번><지역코드>11140</지역코드><층>19</층><해제사유발생일> </해제사유발생일><해제여부> </해제여부></item><item><거래금액>    14,000</거래금액><거래유형>중개거래</거래유형><건축년도>2014</건축년도><년>2022</년><도로명>퇴계로75길</도로명><도로명건물본번호코드>00007</도로명건물본번호코드><도로명건물부번호코드>00000</도로명건물부번호코드><도로명시군구코드>11140</도로명시군구코드><도로명일련번호코드>01</도로명일련번호코드><도로명지상지하코드>0</도로명지상지하코드><도로명코드>4103379</도로명코드><법정동> 흥인동</법정동><법정동본번코드>0119</법정동본번코드><법정동부번코드>0000</법정동부번코드><법정동시군구코드>11140</법정동시군구코드><법정동읍면동코드>16300</법정동읍면동코드><법정동지번코드>1</법정동지번코드><아파트>동대문와이즈캐슬</아파트><월>10</월><일>14</일><일련번호>11140-1220</일련번호><전용면적>15.55</전용면적><중개사소재지>서울 중구</중개사소재지><지번>119</지번><지역코드>11140</지역코드><층>8</층><해제사유발생일> </해제사유발생일><해제여부> </해제여부></item><item><거래금액>    24,000</거래금액><거래유형>중개거래</거래유형><건축년도>2014</건축년도><년>2022</년><도로명>퇴계로75길</도로명><도로명건물본번호코드>00007</도로명건물본번호코드><도로명건물부번호코드>00000</도로명건물부번호코드><도로명시군구코드>11140</도로명시군구코드><도로명일련번호코드>01</도로명일련번호코드><도로명지상지하코드>0</도로명지상지하코드><도로명코드>4103379</도로명코드><법정동> 흥인동</법정동><법정동본번코드>0119</법정동본번코드><법정동부번코드>0000</법정동부번코드><법정동시군구코드>11140</법정동시군구코드><법정동읍면동코드>16300</법정동읍면동코드><법정동지번코드>1</법정동지번코드><아파트>동대문와이즈캐슬</아파트><월>10</월><일>20</일><일련번호>11140-1220</일련번호><전용면적>22.07</전용면적><중개사소재지>서울 중구</중개사소재지><지번>119</지번><지역코드>11140</지역코드><층>15</층><해제사유발생일> </해제사유발생일><해제여부> </해제여부></item><item><거래금액>    15,500</거래금액><거래유형>중개거래</거래유형><건축년도>2014</건축년도><년>2022</년><도로명>난계로</도로명><도로명건물본번호코드>00169</도로명건물본번호코드><도로명건물부번호코드>00000</도로명건물부번호코드><도로명시군구코드>11140</도로명시군구코드><도로명일련번호코드>02</도로명일련번호코드><도로명지상지하코드>0</도로명지상지하코드><도로명코드>3100018</도로명코드><법정동> 황학동</법정동><법정동본번코드>0819</법정동본번코드><법정동부번코드>0000</법정동부번코드><법정동시군구코드>11140</법정동시군구코드><법정동읍면동코드>16500</법정동읍면동코드><법정동지번코드>1</법정동지번코드><아파트>DUO302</아파트><월>10</월><일>7</일><일련번호>11140-1206</일련번호><전용면적>15.97</전용면적><중개사소재지>서울 중구</중개사소재지><지번>819</지번><지역코드>11140</지역코드><층>9</층><해제사유발생일> </해제사유발생일><해제여부> </해제여부></item><item><거래금액>    15,000</거래금액><거래유형>중개거래</거래유형><건축년도>2014</건축년도><년>2022</년><도로명>난계로</도로명><도로명건물본번호코드>00169</도로명건물본번호코드><도로명건물부번호코드>00000</도로명건물부번호코드><도로명시군구코드>11140</도로명시군구코드><도로명일련번호코드>02</도로명일련번호코드><도로명지상지하코드>0</도로명지상지하코드><도로명코드>3100018</도로명코드><법정동> 황학동</법정동><법정동본번코드>0819</법정동본번코드><법정동부번코드>0000</법정동부번코드><법정동시군구코드>11140</법정동시군구코드><법정동읍면동코드>16500</법정동읍면동코드><법정동지번코드>1</법정동지번코드><아파트>DUO302</아파트><월>10</월><일>19</일><일련번호>11140-1206</일련번호><전용면적>15.97</전용면적><중개사소재지>서울 중구</중개사소재지><지번>819</지번><지역코드>11140</지역코드><층>12</층><해제사유발생일> </해제사유발생일><해제여부> </해제여부></item><item><거래금액>    94,500</거래금액><거래유형>중개거래</거래유형><건축년도>2008</건축년도><년>2022</년><도로명>청계천로</도로명><도로명건물본번호코드>00400</도로명건물본번호코드><도로명건물부번호코드>00000</도로명건물부번호코드><도로명시군구코드>11140</도로명시군구코드><도로명일련번호코드>12</도로명일련번호코드><도로명지상지하코드>0</도로명지상지하코드><도로명코드>3100021</도로명코드><법정동> 황학동</법정동><법정동본번코드>2545</법정동본번코드><법정동부번코드>0000</법정동부번코드><법정동시군구코드>11140</법정동시군구코드><법정동읍면동코드>16500</법정동읍면동코드><법정동지번코드>1</법정동지번코드><아파트>롯데캐슬</아파트><월>10</월><일>20</일><일련번호>11140-1039</일련번호><전용면적>84.89</전용면적><중개사소재지>서울 중구</중개사소재지><지번>2545</지번><지역코드>11140</지역코드><층>26</층><해제사유발생일> </해제사유발생일><해제여부> </해제여부></item><item><거래금액>    94,500</거래금액><거래유형>중개거래</거래유형><건축년도>2008</건축년도><년>2022</년><도로명>청계천로</도로명><도로명건물본번호코드>00400</도로명건물본번호코드><도로명건물부번호코드>00000</도로명건물부번호코드><도로명시군구코드>11140</도로명시군구코드><도로명일련번호코드>12</도로명일련번호코드><도로명지상지하코드>0</도로명지상지하코드><도로명코드>3100021</도로명코드><법정동> 황학동</법정동><법정동본번코드>2545</법정동본번코드><법정동부번코드>0000</법정동부번코드><법정동시군구코드>11140</법정동시군구코드><법정동읍면동코드>16500</법정동읍면동코드><법정동지번코드>1</법정동지번코드><아파트>롯데캐슬</아파트><월>10</월><일>20</일><일련번호>11140-1039</일련번호><전용면적>84.89</전용면적><중개사소재지>서울 중구</중개사소재지><지번>2545</지번><지역코드>11140</지역코드><층>26</층><해제사유발생일>23.02.06</해제사유발생일><해제여부>O</해제여부></item><item><거래금액>    48,000</거래금액><거래유형>중개거래</거래유형><건축년도>2020</건축년도><년>2022</년><도로명>서소문로</도로명><도로명건물본번호코드>00089</도로명건물본번호코드><도로명건물부번호코드>00020</도로명건물부번호코드><도로명시군구코드>11140</도로명시군구코드><도로명일련번호코드>00</도로명일련번호코드><도로명코드>3005010</도로명코드><법정동> 정동</법정동><법정동본번코드>0037</법정동본번코드><법정동부번코드>0000</법정동부번코드><법정동시군구코드>11140</법정동시군구코드><법정동읍면동코드>16700</법정동읍면동코드><법정동지번코드>1</법정동지번코드><아파트>삼정아트테라스정동</아파트><월>10</월><일>17</일><일련번호>11140-1361</일련번호><전용면적>32.0134</전용면적><중개사소재지>서울 중구</중개사소재지><지번>37</지번><지역코드>11140</지역코드><층>2</층><해제사유발생일> </해제사유발생일><해제여부> </해제여부></item></items><numOfRows>999</numOfRows><pageNo>1</pageNo><totalCount>15</totalCount></body></response>