<?xml version="1.0" encoding="UTF-8" standalone="yes"?><response><header><resultCode>00</resultCode><resultMsg>NORMAL SERVICE.</resultMsg></header><body><items><item><거래금액>    40,000</거래금액><거래유형>중개거래</거래유형><건축년도>1997</건축년도><년>2023</년><도로명>용마산로</도로명><도로명건물본번호코드>00278</도로명건물본번호코드><도로명건물부번호코드>00000</도로명건물부번호코드><도로명시군구코드>11260</도로명시군구코드><도로명일련번호코드>01</도로명일련번호코드><도로명지상지하코드>0</도로명지상지하코드><도로명코드>3005028</도로명코드><법정동> 면목동</법정동><법정동본번코드>1515</법정동본번코드><법정동부번코드>0000</법정동부번코드><법정동시군구코드>11260</법정동시군구코드><법정동읍면동코드>10100</법정동읍면동코드><법정동지번코드>1</법정동지번코드><아파트>성원상떼빌</아파트><월>2</월><일>1</일><일련번호>11260-13</일련번호><전용면적>84.96</전용면적><중개사소재지>서울 강남구</중개사소재지><지번>1515</지번><지역코드>11260</지역코드><층>1</층><해제사유발생일> </해제사유발생일><해제여부> </해제여부></item><item><거래금액>   100,000</거래금액><거래유형>중개거래</거래유형><건축년도>2020</건축년도><년>2023</년><도로명>동일로92길</도로명><도로명건물본번호코드>00040</도로명건물본번호코드><도로명건물부번호코드>00000</도로명건물부번호코드><도로명시군구코드>11260</도로명시군구코드><도로명일련번호코드>01</도로명일련번호코드><도로명지상지하코드>0</도로명지상지하코드><도로명코드>4118135</도로명코드><법정동> 면목동</법정동><법정동본번코드>1545</법정동본번코드><법정동부번코드>0000</법정동부번코드><법정동시군구코드>11260</법정동시군구코드><법정동읍면동코드>10100</법정동읍면동코드><법정동지번코드>1</법정동지번코드><아파트>사가정센트럴아이파크</아파트><월>2</월><일>3</일><일련번호>11260-4104</일련번호><전용면적>84.87</전용면적><중개사소재지>경기 구리시, 서울 중랑구</중개사소재지><지번>1545</지번><지역코드>11260</지역코드><층>8</층><해제사유발생일> </해제사유발생일><해제여부> </해제여부></item><item><거래금액>    65,000</거래금액><거래유형>중개거래</거래유형><건축년도>1999</건축년도><년>2023</년><도로명>중랑천로</도로명><도로명건물본번호코드>00014</도로명건물본번호코드><도로명건물부번호코드>00000</도로명건물부번호코드><도로명시군구코드>11260</도로명시군구코드><도로명일련번호코드>01</도로명일련번호코드><도로명지상지하코드>0</도로명지상지하코드><도로명코드>3106011</도로명코드><법정동> 면목동</법정동><법정동본번코드>1520</법정동본번코드><법정동부번코드>0000</법정동부번코드><법정동시군구코드>11260</법정동시군구코드><법정동읍면동코드>10100</법정동읍면동코드><법정동지번코드>1</법정동지번코드><아파트>일신강변</아파트><월>2</월><일>4</일><일련번호>11260-21</일련번호><전용면적>84.98</전용면적><중개사소재지>서울 중랑구</중개사소재지><지번>1520</지번><지역코드>11260</지역코드><층>7</층><해제사유발생일> </해제사유발생일><해제여부> </해제여부></item><item><거래금액>    95,000</거래금액><거래유형>중개거래</거래유형><건축년도>2020</건축년도><년>2023</년><도로명>동일로92길</도로명><도로명건물본번호코드>00040</도로명건물본번호코드><도로명건물부번호코드>00000</도로명건물부번호코드><도로명시군구코드>11260</도로명시군구코드><도로명일련번호코드>01</도로명일련번호코드><도로명지상지하코드>0</도로명지상지하코드><도로명코드>4118135</도로명코드><법정동> 면목동</법정동><법정동본번코드>1545</법정동본번코드><법정동부번코드>0000</법정동부번코드><법정동시군구코드>11260</법정동시군구코드><법정동읍면동코드>10100</법정동읍면동코드><법정동지번코드>1</법정동지번코드><아파트>사가정센트럴아이파크</아파트><월>2</월><일>5</일><일련번호>11260-4104</일련번호><전용면적>84.87</전용면적><중개사소재지>서울 중랑구</중개사소재지><지번>1545</지번><지역코드>11260</지역코드><층>4</층><해제사유발생일> </해제사유발생일><해제여부> </해제여부></item><item><거래금액>    70,300</거래금액><거래유형>중개거래</거래유형><건축년도>1994</건축년도><년>2023</년><도로명>용마산로</도로명><도로명건물본번호코드>00252</도로명건물본번호코드><도로명건물부번호코드>00000</도로명건물부번호코드><도로명시군구코드>11260</도로명시군구코드><도로명일련번호코드>01</도로명일련번호코드><도로명지상지하코드>0</도로명지상지하코드><도로명코드>3005028</도로명코드><법정동> 면목동</법정동><법정동본번코드>1502</법정동본번코드><법정동부번코드>0000</법정동부번코드><법정동시군구코드>11260</법정동시군구코드><법정동읍면동코드>10100</법정동읍면동코드><법정동지번코드>1</법정동지번코드><아파트>현대</아파트><월>2</월><일>6</일><일련번호>11260-25</일련번호><전용면적>84.09</전용면적><중개사소재지>서울 중랑구</중개사소재지><지번>1502</지번><지역코드>11260</지역코드><층>11</층><해제사유발생일> </해제사유발생일><해제여부> </해제여부></item><item><거래금액>   100,000</거래금액><거래유형>중개거래</거래유형><건축년도>2020</건축년도><년>2023</년><도로명>동일로92길</도로명><도로명건물본번호코드>00040</도로명건물본번호코드><도로명건물부번호코드>00000</도로명건물부번호코드><도로명시군구코드>11260</도로명시군구코드><도로명일련번호코드>01</도로명일련번호코드><도로명지상지하코드>0</도로명지상지하코드><도로명코드>4118135</도로명코드><법정동> 면목동</법정동><법정동본번코드>1545</법정동본번코드><법정동부번코드>0000</법정동부번코드><법정동시군구코드>11260</법정동시군구코드><법정동읍면동코드>10100</법정동읍면동코드><법정동지번코드>1</법정동지번코드><아파트>사가정센트럴아이파크</아파트><월>2</월><일>8</일><일련번호>11260-4104</일련번호><전용면적>84.956</전용면적><중개사소재지>서울 중랑구</중개사소재지><지번>1545</지번><지역코드>11260</지역코드><층>28</층><해제사유발생일> </해제사유발생일><해제여부> </해제여부></item><item><거래금액>    52,700</거래금액><거래유형>중개거래</거래유형><건축년도>1998</건축년도><년>2023</년><도로명>동일로</도로명><도로명건물본번호코드>00483</도로명건물본번호코드><도로명건물부번호코드>00000</도로명건물부번호코드><도로명시군구코드>11260</도로명시군구코드><도로명일련번호코드>01</도로명일련번호코드><도로명지상지하코드>0</도로명지상지하코드><도로명코드>3000001</도로명코드><법정동> 면목동</법정동><법정동본번코드>1521</법정동본번코드><법정동부번코드>0000</법정동부번코드><법정동시군구코드>11260</법정동시군구코드><법정동읍면동코드>10100</법정동읍면동코드><법정동지번코드>1</법정동지번코드><아파트>두원</아파트><월>2</월><일>11</일><일련번호>11260-8</일련번호><전용면적>59.31</전용면적><중개사소재지>서울 중랑구</중개사소재지><지번>1521</지번><지역코드>11260</지역코드><층>9</층><해제사유발생일> </해제사유발생일><해제여부> </해제여부></item><item><거래금액>    30,000</거래금액><거래유형>중개거래</거래유형><건축년도>1987</건축년도><년>2023</년><도로명>중랑천로</도로명><도로명건물본번호코드>00020</도로명건물본번호코드><도로명건물부번호코드>00000</도로명건물부번호코드><도로명시군구코드>11260</도로명시군구코드><도로명일련번호코드>01</도로명일련번호코드><도로명지상지하코드>0</도로명지상지하코드><도로명코드>3106011</도로명코드><법정동> 면목동</법정동><법정동본번코드>0193</법정동본번코드><법정동부번코드>0001</법정동부번코드><법정동시군구코드>11260</법정동시군구코드><법정동읍면동코드>10100</법정동읍면동코드><법정동지번코드>1</법정동지번코드><아파트>면목한신</아파트><월>2</월><일>11</일><일련번호>11260-24</일련번호><전용면적>35.3</전용면적><중개사소재지>서울 중랑구</중개사소재지><지번>193-1</지번><지역코드>11260</지역코드><층>6</층><해제사유발생일> </해제사유발생일><해제여부> </해제여부></item><item><거래금액>   101,000</거래금액><거래유형>중개거래</거래유형><건축년도>2020</건축년도><년>2023</년><도로명>동일로92길</도로명><도로명건물본번호코드>00040</도로명건물본번호코드><도로명건물부번호코드>00000</도로명건물부번호코드><도로명시군구코드>11260</도로명시군구코드><도로명일련번호코드>01</도로명일련번호코드><도로명지상지하코드>0</도로명지상지하코드><도로명코드>4118135</도로명코드><법정동> 면목동</법정동><법정동본번코드>1545</법정동본번코드><법정동부번코드>0000</법정동부번코드><법정동시군구코드>11260</법정동시군구코드><법정동읍면동코드>10100</법정동읍면동코드><법정동지번코드>1</법정동지번코드><아파트>사가정센트럴아이파크</아파트><월>2</월><일>14</일><일련번호>11260-4104</일련번호><전용면적>84.956</전용면적><중개사소재지>서울 중랑구</중개사소재지><지번>1545</지번><지역코드>11260</지역코드><층>18</층><해제사유발생일> </해제사유발생일><해제여부> </해제여부></item><item><거래금액>    40,000</거래금액><거래유형>중개거래</거래유형><건축년도>2005</건축년도><년>2023</년><도로명>동일로100길</도로명><도로명건물본번호코드>00041</도로명건물본번호코드><도로명건물부번호코드>00000</도로명건물부번호코드><도로명시군구코드>11260</도로명시군구코드><도로명일련번호코드>01</도로명일련번호코드><도로명지상지하코드>0</도로명지상지하코드><도로명코드>4118063</도로명코드><법정동> 면목동</법정동><법정동본번코드>0142</법정동본번코드><법정동부번코드>0008</법정동부번코드><법정동시군구코드>11260</법정동시군구코드><법정동읍면동코드>10100</법정동읍면동코드><법정동지번코드>1</법정동지번코드><아파트>포인트아파트비동</아파트><월>2</월><일>15</일><일련번호>11260-1976</일련번호><전용면적>83.2</전용면적><중개사소재지>서울 동대문구</중개사소재지><지번>142-8</지번><지역코드>11260</지역코드><층>2</층><해제사유발생일> </해제사유발생일><해제여부> </해제여부></item><item><거래금액>   100,000</거래금액><거래유형>중개거래</거래유형><건축년도>2020</건축년도><년>2023</년><도로명>동일로92길</도로명><도로명건물본번호코드>00040</도로명건물본번호코드><도로명건물부번호코드>00000</도로명건물부번호코드><도로명시군구코드>11260</도로명시군구코드><도로명일련번호코드>01</도로명일련번호코드><도로명지상지하코드>0</도로명지상지하코드><도로명코드>4118135</도로명코드><법정동> 면목동</법정동><법정동본번코드>1545</법정동본번코드><법정동부번코드>0000</법정동부번코드><법정동시군구코드>11260</법정동시군구코드><법정동읍면동코드>10100</법정동읍면동코드><법정동지번코드>1</법정동지번코드><아파트>사가정센트럴아이파크</아파트><월>2</월><일>15</일><일련번호>11260-4104</일련번호><전용면적>84.956</전용면적><중개사소재지>서울 중랑구</중개사소재지><지번>1545</지번><지역코드>11260</지역코드><층>28</층><해제사유발생일> </해제사유발생일><해제여부> </해제여부></item><item><거래금액>    27,500</거래금액><거래유형>중개거래</거래유형><건축년도>1987</건축년도><년>2023</년><도로명>중랑천로</도로명><도로명건물본번호코드>00020</도로명건물본번호코드><도로명건물부번호코드>00000</도로명건물부번호코드><도로명시군구코드>11260</도로명시군구코드><도로명일련번호코드>01</도로명일련번호코드><도로명지상지하코드>0</도로명지상지하코드><도로명코드>3106011</도로명코드><법정동> 면목동</법정동><법정동본번코드>0193</법정동본번코드><법정동부번코드>0001</법정동부번코드><법정동시군구코드>11260</법정동시군구코드><법정동읍면동코드>10100</법정동읍면동코드><법정동지번코드>1</법정동지번코드><아파트>면목한신</아파트><월>2</월><일>23</일><일련번호>11260-24</일련번호><전용면적>27</전용면적><중개사소재지>서울 중랑구</중개사소재지><지번>193-1</지번><지역코드>11260</지역코드><층>9</층><해제사유발생일> </해제사유발생일><해제여부> </해제여부></item><item><거래금액>    85,800</거래금액><거래유형>중개거래</거래유형><건축년도>2020</건축년도><년>2023</년><도로명>동일로91길</도로명><도로명건물본번호코드>00023</도로명건물본번호코드><도로명건물부번호코드>00000</도로명건물부번호코드><도로명시군구코드>11260</도로명시군구코드><도로명일련번호코드>00</도로명일련번호코드><도로명코드>4118134</도로명코드><법정동> 면목동</법정동><법정동본번코드>1544</법정동본번코드><법정동부번코드>0000</법정동부번코드><법정동시군구코드>11260</법정동시군구코드><법정동읍면동코드>10100</법정동읍면동코드><법정동지번코드>1</법정동지번코드><아파트>라온프라이빗</아파트><월>2</월><일>23</일><일련번호>11260-4103</일련번호><전용면적>84.9672</전용면적><중개사소재지>서울 중랑구</중개사소재지><지번>1544</지번><지역코드>11260</지역코드><층>8</층><해제사유발생일> </해제사유발생일><해제여부> </해제여부></item><item><거래금액>    24,000</거래금액><거래유형>중개거래</거래유형><건축년도>2013</건축년도><년>2023</년><도로명>동일로109가길</도로명><도로명건물본번호코드>00005</도로명건물본번호코드><도로명건물부번호코드>00000</도로명건물부번호코드><도로명시군구코드>11260</도로명시군구코드><도로명일련번호코드>01</도로명일련번호코드><도로명지상지하코드>0</도로명지상지하코드><도로명코드>4118069</도로명코드><법정동> 면목동</법정동><법정동본번코드>1535</법정동본번코드><법정동부번코드>0000</법정동부번코드><법정동시군구코드>11260</법정동시군구코드><법정동읍면동코드>10100</법정동읍면동코드><법정동지번코드>1</법정동지번코드><아파트>현대휴온</아파트><월>2</월><일>23</일><일련번호>11260-2724</일련번호><전용면적>35.5</전용면적><중개사소재지>서울 중랑구</중개사소재지><지번>1535</지번><지역코드>11260</지역코드><층>6</층><해제사유발생일> </해제사유발생일><해제여부> </해제여부></item><item><거래금액>    49,000</거래금액><거래유형>중개거래</거래유형><건축년도>1990</건축년도><년>2023</년><도로명>사가정로71길</도로명><도로명건물본번호코드>00019</도로명건물본번호코드><도로명건물부번호코드>00000</도로명건물부번호코드><도로명시군구코드>11260</도로명시군구코드><도로명일련번호코드>01</도로명일련번호코드><도로명지상지하코드>0</도로명지상지하코드><도로명코드>4118377</도로명코드><법정동> 면목동</법정동><법정동본번코드>1077</법정동본번코드><법정동부번코드>0001</법정동부번코드><법정동시군구코드>11260</법정동시군구코드><법정동읍면동코드>10100</법정동읍면동코드><법정동지번코드>1</법정동지번코드><아파트>용마한신</아파트><월>2</월><일>25</일><일련번호>11260-19</일련번호><전용면적>59.22</전용면적><중개사소재지>서울 중랑구</중개사소재지><지번>1077-1</지번><지역코드>11260</지역코드><층>6</층><해제사유발생일> </해제사유발생일><해제여부> </해제여부></item><item><거래금액>    32,750</거래금액><거래유형>중개거래</거래유형><건축년도>1987</건축년도><년>2023</년><도로명>중랑천로</도로명><도로명건물본번호코드>00020</도로명건물본번호코드><도로명건물부번호코드>00000</도로명건물부번호코드><도로명시군구코드>11260</도로명시군구코드><도로명일련번호코드>01</도로명일련번호코드><도로명지상지하코드>0</도로명지상지하코드><도로명코드>3106011</도로명코드><법정동> 면목동</법정동><법정동본번코드>0193</법정동본번코드><법정동부번코드>0001</법정동부번코드><법정동시군구코드>11260</법정동시군구코드><법정동읍면동코드>10100</법정동읍면동코드><법정동지번코드>1</법정동지번코드><아파트>면목한신</아파트><월>2</월><일>25</일><일련번호>11260-24</일련번호><전용면적>35.3</전용면적><중개사소재지>서울 중랑구</중개사소재지><지번>193-1</지번><지역코드>11260</지역코드><층>11</층><해제사유발생일> </해제사유발생일><해제여부> </해제여부></item><item><거래금액>    71,400</거래금액><거래유형>중개거래</거래유형><건축년도>1996</건축년도><년>2023</년><도로명>신내로7나길</도로명><도로명건물본번호코드>00024</도로명건물본번호코드><도로명건물부번호코드>00000</도로명건물부번호코드><도로명시군구코드>11260</도로명시군구코드><도로명일련번호코드>01</도로명일련번호코드><도로명지상지하코드>0</도로명지상지하코드><도로명코드>4118445</도로명코드><법정동> 상봉동</법정동><법정동본번코드>0063</법정동본번코드><법정동부번코드>0000</법정동부번코드><법정동시군구코드>11260</법정동시군구코드><법정동읍면동코드>10200</법정동읍면동코드><법정동지번코드>1</법정동지번코드><아파트>건영2차아파트</아파트><월>2</월><일>1</일><일련번호>11260-33</일련번호><전용면적>84.96</전용면적><중개사소재지>서울 중랑구</중개사소재지><지번>63</지번><지역코드>11260</지역코드><층>19</층><해제사유발생일> </해제사유발생일><해제여부> </해제여부></item><item><거래금액>    40,000</거래금액><거래유형>중개거래</거래유형><건축년도>1999</건축년도><년>2023</년><도로명>신내로7가길</도로명><도로명건물본번호코드>00031</도로명건물본번호코드><도로명건물부번호코드>00000</도로명건물부번호코드><도로명시군구코드>11260</도로명시군구코드><도로명일련번호코드>01</도로명일련번호코드><도로명지상지하코드>0</도로명지상지하코드><도로명코드>4118443</도로명코드><법정동> 상봉동</법정동><법정동본번코드>0495</법정동본번코드><법정동부번코드>0000</법정동부번코드><법정동시군구코드>11260</법정동시군구코드><법정동읍면동코드>10200</법정동읍면동코드><법정동지번코드>1</법정동지번코드><아파트>동부아파트</아파트><월>2</월><일>9</일><일련번호>11260-35</일련번호><전용면적>54</전용면적><중개사소재지>서울 성북구</중개사소재지><지번>495</지번><지역코드>11260</지역코드><층>18</층><해제사유발생일> </해제사유발생일><해제여부> </해제여부></item><item><거래금액>    28,700</거래금액><거래유형>중개거래</거래유형><건축년도>2019</건축년도><년>2023</년><도로명>면목로92길</도로명><도로명건물본번호코드>00028</도로명건물본번호코드><도로명건물부번호코드>00000</도로명건물부번호코드><도로명시군구코드>11260</도로명시군구코드><도로명일련번호코드>00</도로명일련번호코드><도로명지상지하코드>0</도로명지상지하코드><도로명코드>4118261</도로명코드><법정동> 상봉동</법정동><법정동본번코드>0104</법정동본번코드><법정동부번코드>0010</법정동부번코드><법정동시군구코드>11260</법정동시군구코드><법정동읍면동코드>10200</법정동읍면동코드><법정동지번코드>1</법정동지번코드><아파트>리더스</아파트><월>2</월><일>11</일><일련번호>11260-4017</일련번호><전용면적>26.03</전용면적><중개사소재지>서울 중랑구</중개사소재지><지번>104-10</지번><지역코드>11260</지역코드><층>10</층><해제사유발생일> </해제사유발생일><해제여부> </해제여부></item><item><거래금액>    39,000</거래금액><거래유형>중개거래</거래유형><건축년도>1999</건축년도><년>2023</년><도로명>신내로7가길</도로명><도로명건물본번호코드>00031</도로명건물본번호코드><도로명건물부번호코드>00000</도로명건물부번호코드><도로명시군구코드>11260</도로명시군구코드><도로명일련번호코드>01</도로명일련번호코드><도로명지상지하코드>0</도로명지상지하코드><도로명코드>4118443</도로명코드><법정동> 상봉동</법정동><법정동본번코드>0495</법정동본번코드><법정동부번코드>0000</법정동부번코드><법정동시군구코드>11260</법정동시군구코드><법정동읍면동코드>10200</법정동읍면동코드><법정동지번코드>1</법정동지번코드><아파트>동부아파트</아파트><월>2</월><일>14</일><일련번호>11260-35</일련번호><전용면적>54</전용면적><중개사소재지>서울 성북구</중개사소재지><지번>495</지번><지역코드>11260</지역코드><층>2</층><해제사유발생일> </해제사유발생일><해제여부> </해제여부></item><item><거래금액>    25,000</거래금액><거래유형>중개거래</거래유형><건축년도>2019</건축년도><년>2023</년><도로명>망우로</도로명><도로명건물본번호코드>00304</도로명건물본번호코드><도로명건물부번호코드>00000</도로명건물부번호코드><도로명시군구코드>11260</도로명시군구코드><도로명일련번호코드>01</도로명일련번호코드><도로명지상지하코드>0</도로명지상지하코드><도로명코드>3005032</도로명코드><법정동> 상봉동</법정동><법정동본번코드>0101</법정동본번코드><법정동부번코드>0019</법정동부번코드><법정동시군구코드>11260</법정동시군구코드><법정동읍면동코드>10200</법정동읍면동코드><법정동지번코드>1</법정동지번코드><아파트>상봉베스트원</아파트><월>2</월><일>14</일><일련번호>11260-3951</일련번호><전용면적>26.84</전용면적><중개사소재지>경기 성남분당구</중개사소재지><지번>101-19</지번><지역코드>11260</지역코드><층>12</층><해제사유발생일> </해제사유발생일><해제여부> </해제여부></item><item><거래금액>    52,000</거래금액><거래유형>중개거래</거래유형><건축년도>1997</건축년도><년>2023</년><도로명>동일로</도로명><도로명건물본번호코드>00752</도로명건물본번호코드><도로명건물부번호코드>00000</도로명건물부번호코드><도로명시군구코드>11260</도로명시군구코드><도로명일련번호코드>03</도로명일련번호코드><도로명지상지하코드>0</도로명지상지하코드><도로명코드>3000001</도로명코드><법정동> 중화동</법정동><법정동본번코드>0450</법정동본번코드><법정동부번코드>0000</법정동부번코드><법정동시군구코드>11260</법정동시군구코드><법정동읍면동코드>10300</법정동읍면동코드><법정동지번코드>1</법정동지번코드><아파트>한신아파트(103~109)</아파트><월>2</월><일>8</일><일련번호>11260-46</일련번호><전용면적>50.37</전용면적><중개사소재지>서울 중랑구</중개사소재지><지번>450</지번><지역코드>11260</지역코드><층>8</층><해제사유발생일> </해제사유발생일><해제여부> </해제여부></item><item><거래금액>    50,000</거래금액><거래유형>중개거래</거래유형><건축년도>2004</건축년도><년>2023</년><도로명>동일로</도로명><도로명건물본번호코드>00825</도로명건물본번호코드><도로명건물부번호코드>00001</도로명건물부번호코드><도로명시군구코드>11260</도로명시군구코드><도로명일련번호코드>03</도로명일련번호코드><도로명지상지하코드>0</도로명지상지하코드><도로명코드>3000001</도로명코드><법정동> 중화동</법정동><법정동본번코드>0307</법정동본번코드><법정동부번코드>0076</법정동부번코드><법정동시군구코드>11260</법정동시군구코드><법정동읍면동코드>10300</법정동읍면동코드><법정동지번코드>1</법정동지번코드><아파트>강오(A동)</아파트><월>2</월><일>28</일><일련번호>11260-146</일련번호><전용면적>84.78</전용면적><중개사소재지>서울 중랑구</중개사소재지><지번>307-76</지번><지역코드>11260</지역코드><층>4</층><해제사유발생일> </해제사유발생일><해제여부> </해제여부></item><item><거래금액>    49,000</거래금액><거래유형>중개거래</거래유형><건축년도>2005</건축년도><년>2023</년><도로명>공릉로</도로명><도로명건물본번호코드>00032</도로명건물본번호코드><도로명건물부번호코드>00000</도로명건물부번호코드><도로명시군구코드>11260</도로명시군구코드><도로명일련번호코드>01</도로명일련번호코드><도로명지상지하코드>0</도로명지상지하코드><도로명코드>3005050</도로명코드><법정동> 묵동</법정동><법정동본번코드>0171</법정동본번코드><법정동부번코드>0004</법정동부번코드><법정동시군구코드>11260</법정동시군구코드><법정동읍면동코드>10400</법정동읍면동코드><법정동지번코드>1</법정동지번코드><아파트>공감대</아파트><월>2</월><일>3</일><일련번호>11260-230</일련번호><전용면적>59.959</전용면적><중개사소재지>서울 중랑구</중개사소재지><지번>171-4</지번><지역코드>11260</지역코드><층>9</층><해제사유발생일> </해제사유발생일><해제여부> </해제여부></item><item><거래금액>   149,000</거래금액><거래유형>중개거래</거래유형><건축년도>2010</건축년도><년>2023</년><도로명>동일로</도로명><도로명건물본번호코드>00932</도로명건물본번호코드><도로명건물부번호코드>00000</도로명건물부번호코드><도로명시군구코드>11260</도로명시군구코드><도로명일련번호코드>04</도로명일련번호코드><도로명지상지하코드>0</도로명지상지하코드><도로명코드>3000001</도로명코드><법정동> 묵동</법정동><법정동본번코드>0170</법정동본번코드><법정동부번코드>0001</법정동부번코드><법정동시군구코드>11260</법정동시군구코드><법정동읍면동코드>10400</법정동읍면동코드><법정동지번코드>1</법정동지번코드><아파트>묵동자이(2단지)</아파트><월>2</월><일>3</일><일련번호>11260-2392</일련번호><전용면적>157.85</전용면적><중개사소재지>서울 중랑구</중개사소재지><지번>170-1</지번><지역코드>11260</지역코드><층>30</층><해제사유발생일> </해제사유발생일><해제여부> </해제여부></item><item><거래금액>    66,000</거래금액><거래유형>중개거래</거래유형><건축년도>1983</건축년도><년>2023</년><도로명>동일로144길</도로명><도로명건물본번호코드>00003</도로명건물본번호코드><도로명건물부번호코드>00000</도로명건물부번호코드><도로명시군구코드>11260</도로명시군구코드><도로명일련번호코드>02</도로명일련번호코드><도로명지상지하코드>0</도로명지상지하코드><도로명코드>4118105</도로명코드><법정동> 묵동</법정동><법정동본번코드>0188</법정동본번코드><법정동부번코드>0001</법정동부번코드><법정동시군구코드>11260</법정동시군구코드><법정동읍면동코드>10400</법정동읍면동코드><법정동지번코드>1</법정동지번코드><아파트>장미</아파트><월>2</월><일>4</일><일련번호>11260-60</일련번호><전용면적>103.8</전용면적><중개사소재지>서울 중랑구</중개사소재지><지번>188-1</지번><지역코드>11260</지역코드><층>5</층><해제사유발생일> </해제사유발생일><해제여부> </해제여부></item><item><거래금액>    52,800</거래금액><거래유형>중개거래</거래유형><건축년도>1996</건축년도><년>2023</년><도로명>숙선옹주로</도로명><도로명건물본번호코드>00091</도로명건물본번호코드><도로명건물부번호코드>00000</도로명건물부번호코드><도로명시군구코드>11260</도로명시군구코드><도로명일련번호코드>01</도로명일련번호코드><도로명지상지하코드>0</도로명지상지하코드><도로명코드>3106006</도로명코드><법정동> 묵동</법정동><법정동본번코드>0013</법정동본번코드><법정동부번코드>0000</법정동부번코드><법정동시군구코드>11260</법정동시군구코드><법정동읍면동코드>10400</법정동읍면동코드><법정동지번코드>1</법정동지번코드><아파트>신내</아파트><월>2</월><일>7</일><일련번호>11260-52</일련번호><전용면적>59.76</전용면적><중개사소재지>서울 중랑구</중개사소재지><지번>13</지번><지역코드>11260</지역코드><층>1</층><해제사유발생일> </해제사유발생일><해제여부> </해제여부></item><item><거래금액>    62,000</거래금액><거래유형>중개거래</거래유형><건축년도>2000</건축년도><년>2023</년><도로명>숙선옹주로9길</도로명><도로명건물본번호코드>00025</도로명건물본번호코드><도로명건물부번호코드>00000</도로명건물부번호코드><도로명시군구코드>11260</도로명시군구코드><도로명일련번호코드>01</도로명일련번호코드><도로명지상지하코드>0</도로명지상지하코드><도로명코드>4118426</도로명코드><법정동> 묵동</법정동><법정동본번코드>0383</법정동본번코드><법정동부번코드>0000</법정동부번코드><법정동시군구코드>11260</법정동시군구코드><법정동읍면동코드>10400</법정동읍면동코드><법정동지번코드>1</법정동지번코드><아파트>세방</아파트><월>2</월><일>13</일><일련번호>11260-50</일련번호><전용면적>84.8</전용면적><중개사소재지>서울 중랑구</중개사소재지><지번>383</지번><지역코드>11260</지역코드><층>12</층><해제사유발생일> </해제사유발생일><해제여부> </해제여부></item><item><거래금액>    58,000</거래금액><거래유형>중개거래</거래유형><건축년도>2006</건축년도><년>2023</년><도로명>공릉로2나길</도로명><도로명건물본번호코드>00032</도로명건물본번호코드><도로명건물부번호코드>00012</도로명건물부번호코드><도로명시군구코드>11260</도로명시군구코드><도로명일련번호코드>01</도로명일련번호코드><도로명지상지하코드>0</도로명지상지하코드><도로명코드>4118050</도로명코드><법정동> 묵동</법정동><법정동본번코드>0390</법정동본번코드><법정동부번코드>0000</법정동부번코드><법정동시군구코드>11260</법정동시군구코드><법정동읍면동코드>10400</법정동읍면동코드><법정동지번코드>1</법정동지번코드><아파트>SM해그린</아파트><월>2</월><일>15</일><일련번호>11260-2019</일련번호><전용면적>84.32</전용면적><중개사소재지>서울 중랑구</중개사소재지><지번>390</지번><지역코드>11260</지역코드><층>7</층><해제사유발생일> </해제사유발생일><해제여부> </해제여부></item><item><거래금액>    32,000</거래금액><거래유형>중개거래</거래유형><건축년도>1996</건축년도><년>2023</년><도로명>숙선옹주로</도로명><도로명건물본번호코드>00091</도로명건물본번호코드><도로명건물부번호코드>00000</도로명건물부번호코드><도로명시군구코드>11260</도로명시군구코드><도로명일련번호코드>01</도로명일련번호코드><도로명지상지하코드>0</도로명지상지하코드><도로명코드>3106006</도로명코드><법정동> 묵동</법정동><법정동본번코드>0013</법정동본번코드><법정동부번코드>0000</법정동부번코드><법정동시군구코드>11260</법정동시군구코드><법정동읍면동코드>10400</법정동읍면동코드><법정동지번코드>1</법정동지번코드><아파트>신내</아파트><월>2</월><일>20</일><일련번호>11260-52</일련번호><전용면적>39.84</전용면적><중개사소재지>서울 중랑구</중개사소재지><지번>13</지번><지역코드>11260</지역코드><층>1</층><해제사유발생일> </해제사유발생일><해제여부> </해제여부></item><item><거래금액>    60,000</거래금액><거래유형>중개거래</거래유형><건축년도>2005</건축년도><년>2023</년><도로명>공릉로</도로명><도로명건물본번호코드>00032</도로명건물본번호코드><도로명건물부번호코드>00000</도로명건물부번호코드><도로명시군구코드>11260</도로명시군구코드><도로명일련번호코드>01</도로명일련번호코드><도로명지상지하코드>0</도로명지상지하코드><도로명코드>3005050</도로명코드><법정동> 묵동</법정동><법정동본번코드>0171</법정동본번코드><법정동부번코드>0004</법정동부번코드><법정동시군구코드>11260</법정동시군구코드><법정동읍면동코드>10400</법정동읍면동코드><법정동지번코드>1</법정동지번코드><아파트>공감대</아파트><월>2</월><일>21</일><일련번호>11260-230</일련번호><전용면적>84.996</전용면적><중개사소재지>서울 중랑구</중개사소재지><지번>171-4</지번><지역코드>11260</지역코드><층>11</층><해제사유발생일> </해제사유발생일><해제여부> </해제여부></item><item><거래금액>    90,000</거래금액><거래유형>중개거래</거래유형><건축년도>2010</건축년도><년>2023</년><도로명>동일로</도로명><도로명건물본번호코드>00932</도로명건물본번호코드><도로명건물부번호코드>00000</도로명건물부번호코드><도로명시군구코드>11260</도로명시군구코드><도로명일련번호코드>04</도로명일련번호코드><도로명지상지하코드>0</도로명지상지하코드><도로명코드>3000001</도로명코드><법정동> 묵동</법정동><법정동본번코드>0170</법정동본번코드><법정동부번코드>0001</법정동부번코드><법정동시군구코드>11260</법정동시군구코드><법정동읍면동코드>10400</법정동읍면동코드><법정동지번코드>1</법정동지번코드><아파트>묵동자이(2단지)</아파트><월>2</월><일>28</일><일련번호>11260-2392</일련번호><전용면적>101.91</전용면적><중개사소재지>서울 중랑구</중개사소재지><지번>170-1</지번><지역코드>11260</지역코드><층>19</층><해제사유발생일> </해제사유발생일><해제여부> </해제여부></item><item><거래금액>    58,800</거래금액><거래유형>중개거래</거래유형><건축년도>2021</건축년도><년>2023</년><도로명>망우로58길</도로명><도로명건물본번호코드>00041</도로명건물본번호코드><도로명건물부번호코드>00000</도로명건물부번호코드><도로명시군구코드>11260</도로명시군구코드><도로명일련번호코드>01</도로명일련번호코드><도로명지상지하코드>0</도로명지상지하코드><도로명코드>4118156</도로명코드><법정동> 망우동</법정동><법정동본번코드>0508</법정동본번코드><법정동부번코드>0015</법정동부번코드><법정동시군구코드>11260</법정동시군구코드><법정동읍면동코드>10500</법정동읍면동코드><법정동지번코드>1</법정동지번코드><아파트>로얄팰리스주상복합아파트</아파트><월>2</월><일>12</일><일련번호>11260-4169</일련번호><전용면적>55.63</전용면적><중개사소재지>서울 중랑구</중개사소재지><지번>508-15</지번><지역코드>11260</지역코드><층>14</층><해제사유발생일> </해제사유발생일><해제여부> </해제여부></item><item><거래금액>    46,500</거래금액><거래유형>중개거래</거래유형><건축년도>2003</건축년도><년>2023</년><도로명>용마산로116길</도로명><도로명건물본번호코드>00044</도로명건물본번호코드><도로명건물부번호코드>00000</도로명건물부번호코드><도로명시군구코드>11260</도로명시군구코드><도로명일련번호코드>01</도로명일련번호코드><도로명지상지하코드>0</도로명지상지하코드><도로명코드>4118483</도로명코드><법정동> 망우동</법정동><법정동본번코드>0184</법정동본번코드><법정동부번코드>0006</법정동부번코드><법정동시군구코드>11260</법정동시군구코드><법정동읍면동코드>10500</법정동읍면동코드><법정동지번코드>1</법정동지번코드><아파트>망우</아파트><월>2</월><일>14</일><일련번호>11260-152</일련번호><전용면적>84.56</전용면적><중개사소재지>서울 중랑구</중개사소재지><지번>184-6</지번><지역코드>11260</지역코드><층>2</층><해제사유발생일> </해제사유발생일><해제여부> </해제여부></item><item><거래금액>     9,500</거래금액><거래유형>중개거래</거래유형><건축년도>2012</건축년도><년>2023</년><도로명>상봉로</도로명><도로명건물본번호코드>00110</도로명건물본번호코드><도로명건물부번호코드>00000</도로명건물부번호코드><도로명시군구코드>11260</도로명시군구코드><도로명일련번호코드>03</도로명일련번호코드><도로명지상지하코드>0</도로명지상지하코드><도로명코드>3106004</도로명코드><법정동> 망우동</법정동><법정동본번코드>0506</법정동본번코드><법정동부번코드>0008</법정동부번코드><법정동시군구코드>11260</법정동시군구코드><법정동읍면동코드>10500</법정동읍면동코드><법정동지번코드>1</법정동지번코드><아파트>EGSoulLeader</아파트><월>2</월><일>17</일><일련번호>11260-2668</일련번호><전용면적>13.42</전용면적><중개사소재지>서울 중랑구</중개사소재지><지번>506-8</지번><지역코드>11260</지역코드><층>7</층><해제사유발생일> </해제사유발생일><해제여부> </해제여부></item><item><거래금액>     9,800</거래금액><거래유형>직거래</거래유형><건축년도>2013</건축년도><년>2023</년><도로명>망우로58길</도로명><도로명건물본번호코드>00031</도로명건물본번호코드><도로명건물부번호코드>00000</도로명건물부번호코드><도로명시군구코드>11260</도로명시군구코드><도로명일련번호코드>01</도로명일련번호코드><도로명지상지하코드>0</도로명지상지하코드><도로명코드>4118156</도로명코드><법정동> 망우동</법정동><법정동본번코드>0508</법정동본번코드><법정동부번코드>0006</법정동부번코드><법정동시군구코드>11260</법정동시군구코드><법정동읍면동코드>10500</법정동읍면동코드><법정동지번코드>1</법정동지번코드><아파트>더하이어</아파트><월>2</월><일>20</일><일련번호>11260-2772</일련번호><전용면적>12.0156</전용면적><중개사소재지> </중개사소재지><지번>508-6</지번><지역코드>11260</지역코드><층>7</층><해제사유발생일> </해제사유발생일><해제여부> </해제여부></item><item><거래금액>    54,000</거래금액><거래유형>중개거래</거래유형><건축년도>1996</건축년도><년>2023</년><도로명>신내로19길</도로명><도로명건물본번호코드>00042</도로명건물본번호코드><도로명건물부번호코드>00000</도로명건물부번호코드><도로명시군구코드>11260</도로명시군구코드><도로명일련번호코드>01</도로명일련번호코드><도로명지상지하코드>0</도로명지상지하코드><도로명코드>4118435</도로명코드><법정동> 신내동</법정동><법정동본번코드>0650</법정동본번코드><법정동부번코드>0000</법정동부번코드><법정동시군구코드>11260</법정동시군구코드><법정동읍면동코드>10600</법정동읍면동코드><법정동지번코드>1</법정동지번코드><아파트>신내6대주</아파트><월>2</월><일>2</일><일련번호>11260-92</일련번호><전용면적>49.77</전용면적><중개사소재지>서울 중랑구</중개사소재지><지번>650</지번><지역코드>11260</지역코드><층>11</층><해제사유발생일> </해제사유발생일><해제여부> </해제여부></item><item><거래금액>    44,000</거래금액><거래유형>중개거래</거래유형><건축년도>1999</건축년도><년>2023</년><도로명>신내로14길</도로명><도로명건물본번호코드>00021</도로명건물본번호코드><도로명건물부번호코드>00000</도로명건물부번호코드><도로명시군구코드>11260</도로명시군구코드><도로명일련번호코드>01</도로명일련번호코드><도로명지상지하코드>0</도로명지상지하코드><도로명코드>4118430</도로명코드><법정동> 신내동</법정동><법정동본번코드>0797</법정동본번코드><법정동부번코드>0000</법정동부번코드><법정동시군구코드>11260</법정동시군구코드><법정동읍면동코드>10600</법정동읍면동코드><법정동지번코드>1</법정동지번코드><아파트>동성7</아파트><월>2</월><일>4</일><일련번호>11260-103</일련번호><전용면적>59.34</전용면적><중개사소재지>서울 중랑구</중개사소재지><지번>797</지번><지역코드>11260</지역코드><층>6</층><해제사유발생일> </해제사유발생일><해제여부> </해제여부></item><item><거래금액>    56,500</거래금액><거래유형>직거래</거래유형><건축년도>2013</건축년도><년>2023</년><도로명>신내역로</도로명><도로명건물본번호코드>00165</도로명건물본번호코드><도로명건물부번호코드>00000</도로명건물부번호코드><도로명시군구코드>11260</도로명시군구코드><도로명일련번호코드>00</도로명일련번호코드><도로명코드>3106013</도로명코드><법정동> 신내동</법정동><법정동본번코드>0817</법정동본번코드><법정동부번코드>0000</법정동부번코드><법정동시군구코드>11260</법정동시군구코드><법정동읍면동코드>10600</법정동읍면동코드><법정동지번코드>1</법정동지번코드><아파트>신내 데시앙포레</아파트><월>2</월><일>6</일><일련번호>11260-2821</일련번호><전용면적>84.94</전용면적><중개사소재지> </중개사소재지><지번>817</지번><지역코드>11260</지역코드><층>6</층><해제사유발생일>23.02.27</해제사유발생일><해제여부>O</해제여부></item><item><거래금액>    54,500</거래금액><거래유형>중개거래</거래유형><건축년도>1996</건축년도><년>2023</년><도로명>신내로7길</도로명><도로명건물본번호코드>00020</도로명건물본번호코드><도로명건물부번호코드>00000</도로명건물부번호코드><도로명시군구코드>11260</도로명시군구코드><도로명일련번호코드>01</도로명일련번호코드><도로명지상지하코드>0</도로명지상지하코드><도로명코드>4118444</도로명코드><법정동> 신내동</법정동><법정동본번코드>0785</법정동본번코드><법정동부번코드>0000</법정동부번코드><법정동시군구코드>11260</법정동시군구코드><법정동읍면동코드>10600</법정동읍면동코드><법정동지번코드>1</법정동지번코드><아파트>건영2차</아파트><월>2</월><일>7</일><일련번호>11260-1971</일련번호><전용면적>57.3</전용면적><중개사소재지>서울 중랑구</중개사소재지><지번>785</지번><지역코드>11260</지역코드><층>13</층><해제사유발생일> </해제사유발생일><해제여부> </해제여부></item><item><거래금액>    66,000</거래금액><거래유형>중개거래</거래유형><건축년도>2014</건축년도><년>2023</년><도로명>신내역로1길</도로명><도로명건물본번호코드>00085</도로명건물본번호코드><도로명건물부번호코드>00000</도로명건물부번호코드><도로명시군구코드>11260</도로명시군구코드><도로명일련번호코드>00</도로명일련번호코드><도로명코드>4118589</도로명코드><법정동> 신내동</법정동><법정동본번코드>0816</법정동본번코드><법정동부번코드>0000</법정동부번코드><법정동시군구코드>11260</법정동시군구코드><법정동읍면동코드>10600</법정동읍면동코드><법정동지번코드>1</법정동지번코드><아파트>신내우디안1단지</아파트><월>2</월><일>7</일><일련번호>11260-2893</일련번호><전용면적>84.62</전용면적><중개사소재지>서울 중랑구</중개사소재지><지번>816</지번><지역코드>11260</지역코드><층>4</층><해제사유발생일> </해제사유발생일><해제여부> </해제여부></item><item><거래금액>    37,500</거래금액><거래유형>중개거래</거래유형><건축년도>1996</건축년도><년>2023</년><도로명>신내로</도로명><도로명건물본번호코드>00127</도로명건물본번호코드><도로명건물부번호코드>00000</도로명건물부번호코드><도로명시군구코드>11260</도로명시군구코드><도로명일련번호코드>02</도로명일련번호코드><도로명지상지하코드>0</도로명지상지하코드><도로명코드>3106007</도로명코드><법정동> 신내동</법정동><법정동본번코드>0657</법정동본번코드><법정동부번코드>0000</법정동부번코드><법정동시군구코드>11260</법정동시군구코드><법정동읍면동코드>10600</법정동읍면동코드><법정동지번코드>1</법정동지번코드><아파트>신내9진흥</아파트><월>2</월><일>10</일><일련번호>11260-98</일련번호><전용면적>39.84</전용면적><중개사소재지>서울 중랑구</중개사소재지><지번>657</지번><지역코드>11260</지역코드><층>2</층><해제사유발생일> </해제사유발생일><해제여부> </해제여부></item><item><거래금액>    44,800</거래금액><거래유형>중개거래</거래유형><건축년도>1999</건축년도><년>2023</년><도로명>송림길</도로명><도로명건물본번호코드>00018</도로명건물본번호코드><도로명건물부번호코드>00000</도로명건물부번호코드><도로명시군구코드>11260</도로명시군구코드><도로명일련번호코드>00</도로명일련번호코드><도로명지상지하코드>0</도로명지상지하코드><도로명코드>4118422</도로명코드><법정동> 신내동</법정동><법정동본번코드>0796</법정동본번코드><법정동부번코드>0000</법정동부번코드><법정동시군구코드>11260</법정동시군구코드><법정동읍면동코드>10600</법정동읍면동코드><법정동지번코드>1</법정동지번코드><아파트>다우훼밀리</아파트><월>2</월><일>11</일><일련번호>11260-81</일련번호><전용면적>59.96</전용면적><중개사소재지>서울 중랑구</중개사소재지><지번>796</지번><지역코드>11260</지역코드><층>22</층><해제사유발생일> </해제사유발생일><해제여부> </해제여부></item><item><거래금액>    57,000</거래금액><거래유형>중개거래</거래유형><건축년도>2000</건축년도><년>2023</년><도로명>용마산로125길</도로명><도로명건물본번호코드>00050</도로명건물본번호코드><도로명건물부번호코드>00000</도로명건물부번호코드><도로명시군구코드>11260</도로명시군구코드><도로명일련번호코드>01</도로명일련번호코드><도로명지상지하코드>0</도로명지상지하코드><도로명코드>4118490</도로명코드><법정동> 신내동</법정동><법정동본번코드>0437</법정동본번코드><법정동부번코드>0000</법정동부번코드><법정동시군구코드>11260</법정동시군구코드><법정동읍면동코드>10600</법정동읍면동코드><법정동지번코드>1</법정동지번코드><아파트>벽산</아파트><월>2</월><일>12</일><일련번호>11260-87</일련번호><전용면적>84.93</전용면적><중개사소재지>서울 중랑구</중개사소재지><지번>437</지번><지역코드>11260</지역코드><층>4</층><해제사유발생일> </해제사유발생일><해제여부> </해제여부></item><item><거래금액>    67,500</거래금액><거래유형>중개거래</거래유형><건축년도>2013</건축년도><년>2023</년><도로명>신내역로</도로명><도로명건물본번호코드>00165</도로명건물본번호코드><도로명건물부번호코드>00000</도로명건물부번호코드><도로명시군구코드>11260</도로명시군구코드><도로명일련번호코드>00</도로명일련번호코드><도로명코드>3106013</도로명코드><법정동> 신내동</법정동><법정동본번코드>0817</법정동본번코드><법정동부번코드>0000</법정동부번코드><법정동시군구코드>11260</법정동시군구코드><법정동읍면동코드>10600</법정동읍면동코드><법정동지번코드>1</법정동지번코드><아파트>신내 데시앙포레</아파트><월>2</월><일>13</일><일련번호>11260-2821</일련번호><전용면적>84.94</전용면적><중개사소재지>서울 중랑구</중개사소재지><지번>817</지번><지역코드>11260</지역코드><층>6</층><해제사유발생일> </해제사유발생일><해제여부> </해제여부></item><item><거래금액>    52,000</거래금액><거래유형>중개거래</거래유형><건축년도>1998</건축년도><년>2023</년><도로명>용마산로</도로명><도로명건물본번호코드>00616</도로명건물본번호코드><도로명건물부번호코드>00000</도로명건물부번호코드><도로명시군구코드>11260</도로명시군구코드><도로명일련번호코드>03</도로명일련번호코드><도로명지상지하코드>0</도로명지상지하코드><도로명코드>3005028</도로명코드><법정동> 신내동</법정동><법정동본번코드>0795</법정동본번코드><법정동부번코드>0000</법정동부번코드><법정동시군구코드>11260</법정동시군구코드><법정동읍면동코드>10600</법정동읍면동코드><법정동지번코드>1</법정동지번코드><아파트>새한</아파트><월>2</월><일>14</일><일련번호>11260-89</일련번호><전용면적>84.4</전용면적><중개사소재지>서울 중랑구</중개사소재지><지번>795</지번><지역코드>11260</지역코드><층>18</층><해제사유발생일> </해제사유발생일><해제여부> </해제여부></item><item><거래금액>    65,000</거래금액><거래유형>중개거래</거래유형><건축년도>2013</건축년도><년>2023</년><도로명>신내역로</도로명><도로명건물본번호코드>00165</도로명건물본번호코드><도로명건물부번호코드>00000</도로명건물부번호코드><도로명시군구코드>11260</도로명시군구코드><도로명일련번호코드>00</도로명일련번호코드><도로명코드>3106013</도로명코드><법정동> 신내동</법정동><법정동본번코드>0817</법정동본번코드><법정동부번코드>0000</법정동부번코드><법정동시군구코드>11260</법정동시군구코드><법정동읍면동코드>10600</법정동읍면동코드><법정동지번코드>1</법정동지번코드><아파트>신내 데시앙포레</아파트><월>2</월><일>14</일><일련번호>11260-2821</일련번호><전용면적>84.94</전용면적><중개사소재지>서울 중랑구</중개사소재지><지번>817</지번><지역코드>11260</지역코드><층>8</층><해제사유발생일> </해제사유발생일><해제여부> </해제여부></item><item><거래금액>    63,500</거래금액><거래유형>중개거래</거래유형><건축년도>1994</건축년도><년>2023</년><도로명>신내로</도로명><도로명건물본번호코드>00051</도로명건물본번호코드><도로명건물부번호코드>00000</도로명건물부번호코드><도로명시군구코드>11260</도로명시군구코드><도로명일련번호코드>02</도로명일련번호코드><도로명지상지하코드>0</도로명지상지하코드><도로명코드>3106007</도로명코드><법정동> 신내동</법정동><법정동본번코드>0783</법정동본번코드><법정동부번코드>0000</법정동부번코드><법정동시군구코드>11260</법정동시군구코드><법정동읍면동코드>10600</법정동읍면동코드><법정동지번코드>1</법정동지번코드><아파트>성원</아파트><월>2</월><일>17</일><일련번호>11260-91</일련번호><전용면적>84.32</전용면적><중개사소재지>서울 동대문구</중개사소재지><지번>783</지번><지역코드>11260</지역코드><층>17</층><해제사유발생일> </해제사유발생일><해제여부> </해제여부></item><item><거래금액>    62,700</거래금액><거래유형>중개거래</거래유형><건축년도>2004</건축년도><년>2023</년><도로명>용마산로129가길</도로명><도로명건물본번호코드>00041</도로명건물본번호코드><도로명건물부번호코드>00000</도로명건물부번호코드><도로명시군구코드>11260</도로명시군구코드><도로명일련번호코드>01</도로명일련번호코드><도로명지상지하코드>0</도로명지상지하코드><도로명코드>4118493</도로명코드><법정동> 신내동</법정동><법정동본번코드>0801</법정동본번코드><법정동부번코드>0000</법정동부번코드><법정동시군구코드>11260</법정동시군구코드><법정동읍면동코드>10600</법정동읍면동코드><법정동지번코드>1</법정동지번코드><아파트>영풍마드레빌</아파트><월>2</월><일>22</일><일련번호>11260-163</일련번호><전용면적>84.8485</전용면적><중개사소재지>서울 중랑구</중개사소재지><지번>801</지번><지역코드>11260</지역코드><층>4</층><해제사유발생일> </해제사유발생일><해제여부> </해제여부></item><item><거래금액>    45,000</거래금액><거래유형>중개거래</거래유형><건축년도>1993</건축년도><년>2023</년><도로명>신내로</도로명><도로명건물본번호코드>00128</도로명건물본번호코드><도로명건물부번호코드>00000</도로명건물부번호코드><도로명시군구코드>11260</도로명시군구코드><도로명일련번호코드>02</도로명일련번호코드><도로명지상지하코드>0</도로명지상지하코드><도로명코드>3106007</도로명코드><법정동> 신내동</법정동><법정동본번코드>0397</법정동본번코드><법정동부번코드>0000</법정동부번코드><법정동시군구코드>11260</법정동시군구코드><법정동읍면동코드>10600</법정동읍면동코드><법정동지번코드>1</법정동지번코드><아파트>동성1</아파트><월>2</월><일>23</일><일련번호>11260-83</일련번호><전용면적>59.4</전용면적><중개사소재지>서울 중랑구</중개사소재지><지번>397</지번><지역코드>11260</지역코드><층>5</층><해제사유발생일> </해제사유발생일><해제여부> </해제여부></item><item><거래금액>    53,000</거래금액><거래유형>중개거래</거래유형><건축년도>1998</건축년도><년>2023</년><도로명>용마산로</도로명><도로명건물본번호코드>00616</도로명건물본번호코드><도로명건물부번호코드>00000</도로명건물부번호코드><도로명시군구코드>11260</도로명시군구코드><도로명일련번호코드>03</도로명일련번호코드><도로명지상지하코드>0</도로명지상지하코드><도로명코드>3005028</도로명코드><법정동> 신내동</법정동><법정동본번코드>0795</법정동본번코드><법정동부번코드>0000</법정동부번코드><법정동시군구코드>11260</법정동시군구코드><법정동읍면동코드>10600</법정동읍면동코드><법정동지번코드>1</법정동지번코드><아파트>새한</아파트><월>2</월><일>25</일><일련번호>11260-89</일련번호><전용면적>84.4</전용면적><중개사소재지>서울 중랑구</중개사소재지><지번>795</지번><지역코드>11260</지역코드><층>3</층><해제사유발생일> </해제사유발생일><해제여부> </해제여부></item><item><거래금액>    43,800</거래금액><거래유형>중개거래</거래유형><건축년도>1999</건축년도><년>2023</년><도로명>신내로14길</도로명><도로명건물본번호코드>00021</도로명건물본번호코드><도로명건물부번호코드>00000</도로명건물부번호코드><도로명시군구코드>11260</도로명시군구코드><도로명일련번호코드>01</도로명일련번호코드><도로명지상지하코드>0</도로명지상지하코드><도로명코드>4118430</도로명코드><법정동> 신내동</법정동><법정동본번코드>0797</법정동본번코드><법정동부번코드>0000</법정동부번코드><법정동시군구코드>11260</법정동시군구코드><법정동읍면동코드>10600</법정동읍면동코드><법정동지번코드>1</법정동지번코드><아파트>동성7</아파트><월>2</월><일>27</일><일련번호>11260-103</일련번호><전용면적>59.34</전용면적><중개사소재지>서울 중랑구</중개사소재지><지번>797</지번><지역코드>11260</지역코드><층>7</층><해제사유발생일> </해제사유발생일><해제여부> </해제여부></item><item><거래금액>    59,500</거래금액><거래유형>직거래</거래유형><건축년도>2013</건축년도><년>2023</년><도로명>신내역로</도로명><도로명건물본번호코드>00165</도로명건물본번호코드><도로명건물부번호코드>00000</도로명건물부번호코드><도로명시군구코드>11260</도로명시군구코드><도로명일련번호코드>00</도로명일련번호코드><도로명코드>3106013</도로명코드><법정동> 신내동</법정동><법정동본번코드>0817</법정동본번코드><법정동부번코드>0000</법정동부번코드><법정동시군구코드>11260</법정동시군구코드><법정동읍면동코드>10600</법정동읍면동코드><법정동지번코드>1</법정동지번코드><아파트>신내 데시앙포레</아파트><월>2</월><일>27</일><일련번호>11260-2821</일련번호><전용면적>84.94</전용면적><중개사소재지> </중개사소재지><지번>817</지번><지역코드>11260</지역코드><층>6</층><해제사유발생일> </해제사유발생일><해제여부> </해제여부></item><item><거래금액>    65,500</거래금액><거래유형>중개거래</거래유형><건축년도>2013</건축년도><년>2023</년><도로명>신내역로</도로명><도로명건물본번호코드>00165</도로명건물본번호코드><도로명건물부번호코드>00000</도로명건물부번호코드><도로명시군구코드>11260</도로명시군구코드><도로명일련번호코드>00</도로명일련번호코드><도로명코드>3106013</도로명코드><법정동> 신내동</법정동><법정동본번코드>0817</법정동본번코드><법정동부번코드>0000</법정동부번코드><법정동시군구코드>11260</법정동시군구코드><법정동읍면동코드>10600</법정동읍면동코드><법정동지번코드>1</법정동지번코드><아파트>신내 데시앙포레</아파트><월>2</월><일>28</일><일련번호>11260-2821</일련번호><전용면적>84.94</전용면적><중개사소재지>서울 중랑구</중개사소재지><지번>817</지번><지역코드>11260</지역코드><층>17</층><해제사유발생일> </해제사유발생일><해제여부> </해제여부></item></items><numOfRows>999</numOfRows><pageNo>1</pageNo><totalCount>54</totalCount></body></response>