<?xml version="1.0" encoding="UTF-8" standalone="yes"?><response><header><resultCode>00</resultCode><resultMsg>NORMAL SERVICE.</resultMsg></header><body><items><item><거래금액>    56,000</거래금액><거래유형>중개거래</거래유형><건축년도>1970</건축년도><년>2022</년><도로명>퇴계로</도로명><도로명건물본번호코드>00217</도로명건물본번호코드><도로명건물부번호코드>00000</도로명건물부번호코드><도로명시군구코드>11140</도로명시군구코드><도로명일련번호코드>10</도로명일련번호코드><도로명지상지하코드>0</도로명지상지하코드><도로명코드>3101011</도로명코드><법정동> 충무로4가</법정동><법정동본번코드>0120</법정동본번코드><법정동부번코드>0003</법정동부번코드><법정동시군구코드>11140</법정동시군구코드><법정동읍면동코드>13200</법정동읍면동코드><법정동지번코드>1</법정동지번코드><아파트>진양상가</아파트><월>12</월><일>28</일><일련번호>11140-13</일련번호><전용면적>72.6</전용면적><중개사소재지>서울 중구</중개사소재지><지번>120-3</지번><지역코드>11140</지역코드><층>5</층><해제사유발생일> </해제사유발생일><해제여부> </해제여부></item><item><거래금액>    96,000</거래금액><거래유형>중개거래</거래유형><건축년도>1993</건축년도><년>2022</년><도로명>다산로36길</도로명><도로명건물본번호코드>00109</도로명건물본번호코드><도로명건물부번호코드>00000</도로명건물부번호코드><도로명시군구코드>11140</도로명시군구코드><도로명일련번호코드>01</도로명일련번호코드><도로명지상지하코드>0</도로명지상지하코드><도로명코드>4103057</도로명코드><법정동> 신당동</법정동><법정동본번코드>0840</법정동본번코드><법정동부번코드>0000</법정동부번코드><법정동시군구코드>11140</법정동시군구코드><법정동읍면동코드>16200</법정동읍면동코드><법정동지번코드>1</법정동지번코드><아파트>현대</아파트><월>12</월><일>23</일><일련번호>11140-40</일련번호><전용면적>139.275</전용면적><중개사소재지>서울 중구</중개사소재지><지번>840</지번><지역코드>11140</지역코드><층>7</층><해제사유발생일> </해제사유발생일><해제여부> </해제여부></item><item><거래금액>    87,000</거래금액><거래유형>직거래</거래유형><건축년도>2001</건축년도><년>2022</년><도로명>왕십리로39길</도로명><도로명건물본번호코드>00030</도로명건물본번호코드><도로명건물부번호코드>00000</도로명건물부번호코드><도로명시군구코드>11140</도로명시군구코드><도로명일련번호코드>01</도로명일련번호코드><도로명지상지하코드>0</도로명지상지하코드><도로명코드>4103231</도로명코드><법정동> 신당동</법정동><법정동본번코드>0845</법정동본번코드><법정동부번코드>0000</법정동부번코드><법정동시군구코드>11140</법정동시군구코드><법정동읍면동코드>16200</법정동읍면동코드><법정동지번코드>1</법정동지번코드><아파트>한진해모로</아파트><월>12</월><일>27</일><일련번호>11140-1012</일련번호><전용면적>59.76</전용면적><중개사소재지> </중개사소재지><지번>845</지번><지역코드>11140</지역코드><층>6</층><해제사유발생일> </해제사유발생일><해제여부> </해제여부></item><item><거래금액>    15,000</거래금액><거래유형>중개거래</거래유형><건축년도>2014</건축년도><년>2022</년><도로명>난계로</도로명><도로명건물본번호코드>00169</도로명건물본번호코드><도로명건물부번호코드>00000</도로명건물부번호코드><도로명시군구코드>11140</도로명시군구코드><도로명일련번호코드>02</도로명일련번호코드><도로명지상지하코드>0</도로명지상지하코드><도로명코드>3100018</도로명코드><법정동> 황학동</법정동><법정동본번코드>0819</법정동본번코드><법정동부번코드>0000</법정동부번코드><법정동시군구코드>11140</법정동시군구코드><법정동읍면동코드>16500</법정동읍면동코드><법정동지번코드>1</법정동지번코드><아파트>DUO302</아파트><월>12</월><일>1</일><일련번호>11140-1206</일련번호><전용면적>15.97</전용면적><중개사소재지>서울 중구</중개사소재지><지번>819</지번><지역코드>11140</지역코드><층>13</층><해제사유발생일> </해제사유발생일><해제여부> </해제여부></item><item><거래금액>    63,000</거래금액><거래유형>직거래</거래유형><건축년도>2008</건축년도><년>2022</년><도로명>청계천로</도로명><도로명건물본번호코드>00400</도로명건물본번호코드><도로명건물부번호코드>00000</도로명건물부번호코드><도로명시군구코드>11140</도로명시군구코드><도로명일련번호코드>12</도로명일련번호코드><도로명지상지하코드>0</도로명지상지하코드><도로명코드>3100021</도로명코드><법정동> 황학동</법정동><법정동본번코드>2545</법정동본번코드><법정동부번코드>0000</법정동부번코드><법정동시군구코드>11140</법정동시군구코드><법정동읍면동코드>16500</법정동읍면동코드><법정동지번코드>1</법정동지번코드><아파트>롯데캐슬</아파트><월>12</월><일>10</일><일련번호>11140-1039</일련번호><전용면적>84.89</전용면적><중개사소재지> </중개사소재지><지번>2545</지번><지역코드>11140</지역코드><층>22</층><해제사유발생일> </해제사유발생일><해제여부> </해제여부></item><item><거래금액>    93,000</거래금액><거래유형>중개거래</거래유형><건축년도>2008</건축년도><년>2022</년><도로명>청계천로</도로명><도로명건물본번호코드>00400</도로명건물본번호코드><도로명건물부번호코드>00000</도로명건물부번호코드><도로명시군구코드>11140</도로명시군구코드><도로명일련번호코드>12</도로명일련번호코드><도로명지상지하코드>0</도로명지상지하코드><도로명코드>3100021</도로명코드><법정동> 황학동</법정동><법정동본번코드>2545</법정동본번코드><법정동부번코드>0000</법정동부번코드><법정동시군구코드>11140</법정동시군구코드><법정동읍면동코드>16500</법정동읍면동코드><법정동지번코드>1</법정동지번코드><아파트>롯데캐슬</아파트><월>12</월><일>20</일><일련번호>11140-1039</일련번호><전용면적>84.92</전용면적><중개사소재지>서울 중구</중개사소재지><지번>2545</지번><지역코드>11140</지역코드><층>33</층><해제사유발생일> </해제사유발생일><해제여부> </해제여부></item><item><거래금액>    63,000</거래금액><거래유형>중개거래</거래유형><건축년도>2008</건축년도><년>2022</년><도로명>청계천로</도로명><도로명건물본번호코드>00400</도로명건물본번호코드><도로명건물부번호코드>00000</도로명건물부번호코드><도로명시군구코드>11140</도로명시군구코드><도로명일련번호코드>12</도로명일련번호코드><도로명지상지하코드>0</도로명지상지하코드><도로명코드>3100021</도로명코드><법정동> 황학동</법정동><법정동본번코드>2545</법정동본번코드><법정동부번코드>0000</법정동부번코드><법정동시군구코드>11140</법정동시군구코드><법정동읍면동코드>16500</법정동읍면동코드><법정동지번코드>1</법정동지번코드><아파트>롯데캐슬</아파트><월>12</월><일>24</일><일련번호>11140-1039</일련번호><전용면적>59.91</전용면적><중개사소재지>서울 중구</중개사소재지><지번>2545</지번><지역코드>11140</지역코드><층>13</층><해제사유발생일> </해제사유발생일><해제여부> </해제여부></item><item><거래금액>    85,000</거래금액><거래유형>중개거래</거래유형><건축년도>2008</건축년도><년>2022</년><도로명>청계천로</도로명><도로명건물본번호코드>00400</도로명건물본번호코드><도로명건물부번호코드>00000</도로명건물부번호코드><도로명시군구코드>11140</도로명시군구코드><도로명일련번호코드>12</도로명일련번호코드><도로명지상지하코드>0</도로명지상지하코드><도로명코드>3100021</도로명코드><법정동> 황학동</법정동><법정동본번코드>2545</법정동본번코드><법정동부번코드>0000</법정동부번코드><법정동시군구코드>11140</법정동시군구코드><법정동읍면동코드>16500</법정동읍면동코드><법정동지번코드>1</법정동지번코드><아파트>롯데캐슬</아파트><월>12</월><일>26</일><일련번호>11140-1039</일련번호><전용면적>84.97</전용면적><중개사소재지>서울 성동구</중개사소재지><지번>2545</지번><지역코드>11140</지역코드><층>22</층><해제사유발생일> </해제사유발생일><해제여부> </해제여부></item><item><거래금액>    15,200</거래금액><거래유형>중개거래</거래유형><건축년도>2014</건축년도><년>2022</년><도로명>난계로</도로명><도로명건물본번호코드>00169</도로명건물본번호코드><도로명건물부번호코드>00000</도로명건물부번호코드><도로명시군구코드>11140</도로명시군구코드><도로명일련번호코드>02</도로명일련번호코드><도로명지상지하코드>0</도로명지상지하코드><도로명코드>3100018</도로명코드><법정동> 황학동</법정동><법정동본번코드>0819</법정동본번코드><법정동부번코드>0000</법정동부번코드><법정동시군구코드>11140</법정동시군구코드><법정동읍면동코드>16500</법정동읍면동코드><법정동지번코드>1</법정동지번코드><아파트>DUO302</아파트><월>12</월><일>29</일><일련번호>11140-1206</일련번호><전용면적>15.97</전용면적><중개사소재지>서울 중구</중개사소재지><지번>819</지번><지역코드>11140</지역코드><층>5</층><해제사유발생일> </해제사유발생일><해제여부> </해제여부></item><item><거래금액>   110,000</거래금액><거래유형>중개거래</거래유형><건축년도>2007</건축년도><년>2022</년><도로명>칠패로</도로명><도로명건물본번호코드>00027</도로명건물본번호코드><도로명건물부번호코드>00000</도로명건물부번호코드><도로명시군구코드>11140</도로명시군구코드><도로명일련번호코드>03</도로명일련번호코드><도로명지상지하코드>0</도로명지상지하코드><도로명코드>3101010</도로명코드><법정동> 순화동</법정동><법정동본번코드>0151</법정동본번코드><법정동부번코드>0000</법정동부번코드><법정동시군구코드>11140</법정동시군구코드><법정동읍면동코드>16800</법정동읍면동코드><법정동지번코드>1</법정동지번코드><아파트>순화동더샵</아파트><월>12</월><일>28</일><일련번호>11140-1016</일련번호><전용면적>84.99</전용면적><중개사소재지>서울 중구</중개사소재지><지번>151</지번><지역코드>11140</지역코드><층>10</층><해제사유발생일> </해제사유발생일><해제여부> </해제여부></item><item><거래금액>   145,000</거래금액><거래유형>직거래</거래유형><건축년도>2017</건축년도><년>2022</년><도로명>만리재로</도로명><도로명건물본번호코드>00175</도로명건물본번호코드><도로명건물부번호코드>00000</도로명건물부번호코드><도로명시군구코드>11140</도로명시군구코드><도로명일련번호코드>02</도로명일련번호코드><도로명지상지하코드>0</도로명지상지하코드><도로명코드>3101016</도로명코드><법정동> 만리동2가</법정동><법정동본번코드>0176</법정동본번코드><법정동부번코드>0001</법정동부번코드><법정동시군구코드>11140</법정동시군구코드><법정동읍면동코드>17400</법정동읍면동코드><법정동지번코드>1</법정동지번코드><아파트>서울역센트럴자이</아파트><월>12</월><일>14</일><일련번호>11140-1300</일련번호><전용면적>59.9707</전용면적><중개사소재지> </중개사소재지><지번>176-1</지번><지역코드>11140</지역코드><층>9</층><해제사유발생일> </해제사유발생일><해제여부> </해제여부></item></items><numOfRows>999</numOfRows><pageNo>1</pageNo><totalCount>11</totalCount></body></response>