<?xml version="1.0" encoding="UTF-8" standalone="yes"?><response><header><resultCode>00</resultCode><resultMsg>NORMAL SERVICE.</resultMsg></header><body><items><item><거래금액>   155,000</거래금액><거래유형>중개거래</거래유형><건축년도>2014</건축년도><년>2023</년><도로명>마포대로</도로명><도로명건물본번호코드>00195</도로명건물본번호코드><도로명건물부번호코드>00000</도로명건물부번호코드><도로명시군구코드>11440</도로명시군구코드><도로명일련번호코드>01</도로명일련번호코드><도로명지상지하코드>0</도로명지상지하코드><도로명코드>2113001</도로명코드><법정동> 아현동</법정동><법정동본번코드>0777</법정동본번코드><법정동부번코드>0000</법정동부번코드><법정동시군구코드>11440</법정동시군구코드><법정동읍면동코드>10100</법정동읍면동코드><법정동지번코드>1</법정동지번코드><아파트>마포래미안푸르지오2단지</아파트><월>1</월><일>25</일><일련번호>11440-5406</일련번호><전용면적>84.8919</전용면적><중개사소재지>서울 마포구</중개사소재지><지번>777</지번><지역코드>11440</지역코드><층>24</층><해제사유발생일> </해제사유발생일><해제여부> </해제여부></item><item><거래금액>   161,500</거래금액><거래유형>중개거래</거래유형><건축년도>2014</건축년도><년>2023</년><도로명>마포대로</도로명><도로명건물본번호코드>00195</도로명건물본번호코드><도로명건물부번호코드>00000</도로명건물부번호코드><도로명시군구코드>11440</도로명시군구코드><도로명일련번호코드>01</도로명일련번호코드><도로명지상지하코드>0</도로명지상지하코드><도로명코드>2113001</도로명코드><법정동> 아현동</법정동><법정동본번코드>0777</법정동본번코드><법정동부번코드>0000</법정동부번코드><법정동시군구코드>11440</법정동시군구코드><법정동읍면동코드>10100</법정동읍면동코드><법정동지번코드>1</법정동지번코드><아파트>마포래미안푸르지오2단지</아파트><월>1</월><일>26</일><일련번호>11440-5406</일련번호><전용면적>84.5978</전용면적><중개사소재지>서울 마포구</중개사소재지><지번>777</지번><지역코드>11440</지역코드><층>16</층><해제사유발생일> </해제사유발생일><해제여부> </해제여부></item><item><거래금액>   120,000</거래금액><거래유형>중개거래</거래유형><건축년도>2014</건축년도><년>2023</년><도로명>마포대로</도로명><도로명건물본번호코드>00195</도로명건물본번호코드><도로명건물부번호코드>00000</도로명건물부번호코드><도로명시군구코드>11440</도로명시군구코드><도로명일련번호코드>01</도로명일련번호코드><도로명지상지하코드>0</도로명지상지하코드><도로명코드>2113001</도로명코드><법정동> 아현동</법정동><법정동본번코드>0777</법정동본번코드><법정동부번코드>0000</법정동부번코드><법정동시군구코드>11440</법정동시군구코드><법정동읍면동코드>10100</법정동읍면동코드><법정동지번코드>1</법정동지번코드><아파트>마포래미안푸르지오3단지</아파트><월>1</월><일>28</일><일련번호>11440-5408</일련번호><전용면적>59.9656</전용면적><중개사소재지>서울 마포구</중개사소재지><지번>777</지번><지역코드>11440</지역코드><층>3</층><해제사유발생일> </해제사유발생일><해제여부> </해제여부></item><item><거래금액>    87,000</거래금액><거래유형>중개거래</거래유형><건축년도>1999</건축년도><년>2023</년><도로명>마포대로</도로명><도로명건물본번호코드>00115</도로명건물본번호코드><도로명건물부번호코드>00008</도로명건물부번호코드><도로명시군구코드>11440</도로명시군구코드><도로명일련번호코드>02</도로명일련번호코드><도로명지상지하코드>0</도로명지상지하코드><도로명코드>2113001</도로명코드><법정동> 공덕동</법정동><법정동본번코드>0371</법정동본번코드><법정동부번코드>0000</법정동부번코드><법정동시군구코드>11440</법정동시군구코드><법정동읍면동코드>10200</법정동읍면동코드><법정동지번코드>1</법정동지번코드><아파트>공덕1삼성래미안</아파트><월>1</월><일>6</일><일련번호>11440-4</일련번호><전용면적>59.74</전용면적><중개사소재지>서울 마포구</중개사소재지><지번>371</지번><지역코드>11440</지역코드><층>10</층><해제사유발생일> </해제사유발생일><해제여부> </해제여부></item><item><거래금액>   115,000</거래금액><거래유형>중개거래</거래유형><건축년도>1999</건축년도><년>2023</년><도로명>마포대로</도로명><도로명건물본번호코드>00115</도로명건물본번호코드><도로명건물부번호코드>00008</도로명건물부번호코드><도로명시군구코드>11440</도로명시군구코드><도로명일련번호코드>02</도로명일련번호코드><도로명지상지하코드>0</도로명지상지하코드><도로명코드>2113001</도로명코드><법정동> 공덕동</법정동><법정동본번코드>0371</법정동본번코드><법정동부번코드>0000</법정동부번코드><법정동시군구코드>11440</법정동시군구코드><법정동읍면동코드>10200</법정동읍면동코드><법정동지번코드>1</법정동지번코드><아파트>공덕1삼성래미안</아파트><월>1</월><일>7</일><일련번호>11440-4</일련번호><전용면적>84.94</전용면적><중개사소재지>서울 마포구</중개사소재지><지번>371</지번><지역코드>11440</지역코드><층>9</층><해제사유발생일> </해제사유발생일><해제여부> </해제여부></item><item><거래금액>    89,500</거래금액><거래유형>중개거래</거래유형><건축년도>2005</건축년도><년>2023</년><도로명>마포대로11길</도로명><도로명건물본번호코드>00050</도로명건물본번호코드><도로명건물부번호코드>00000</도로명건물부번호코드><도로명시군구코드>11440</도로명시군구코드><도로명일련번호코드>01</도로명일련번호코드><도로명지상지하코드>0</도로명지상지하코드><도로명코드>4139137</도로명코드><법정동> 공덕동</법정동><법정동본번코드>0464</법정동본번코드><법정동부번코드>0000</법정동부번코드><법정동시군구코드>11440</법정동시군구코드><법정동읍면동코드>10200</법정동읍면동코드><법정동지번코드>1</법정동지번코드><아파트>래미안공덕4차</아파트><월>1</월><일>7</일><일련번호>11440-3934</일련번호><전용면적>59.9</전용면적><중개사소재지>서울 마포구</중개사소재지><지번>464</지번><지역코드>11440</지역코드><층>2</층><해제사유발생일> </해제사유발생일><해제여부> </해제여부></item><item><거래금액>   100,000</거래금액><거래유형>중개거래</거래유형><건축년도>2004</건축년도><년>2023</년><도로명>마포대로7길</도로명><도로명건물본번호코드>00022</도로명건물본번호코드><도로명건물부번호코드>00000</도로명건물부번호코드><도로명시군구코드>11440</도로명시군구코드><도로명일련번호코드>01</도로명일련번호코드><도로명지상지하코드>0</도로명지상지하코드><도로명코드>4139169</도로명코드><법정동> 공덕동</법정동><법정동본번코드>0457</법정동본번코드><법정동부번코드>0000</법정동부번코드><법정동시군구코드>11440</법정동시군구코드><법정동읍면동코드>10200</법정동읍면동코드><법정동지번코드>1</법정동지번코드><아파트>공덕3삼성래미안</아파트><월>1</월><일>8</일><일련번호>11440-175</일련번호><전용면적>59.97</전용면적><중개사소재지>서울 마포구</중개사소재지><지번>457</지번><지역코드>11440</지역코드><층>8</층><해제사유발생일> </해제사유발생일><해제여부> </해제여부></item><item><거래금액>   105,000</거래금액><거래유형>중개거래</거래유형><건축년도>2011</건축년도><년>2023</년><도로명>마포대로</도로명><도로명건물본번호코드>00173</도로명건물본번호코드><도로명건물부번호코드>00015</도로명건물부번호코드><도로명시군구코드>11440</도로명시군구코드><도로명일련번호코드>00</도로명일련번호코드><도로명코드>2113001</도로명코드><법정동> 공덕동</법정동><법정동본번코드>0469</법정동본번코드><법정동부번코드>0000</법정동부번코드><법정동시군구코드>11440</법정동시군구코드><법정동읍면동코드>10200</법정동읍면동코드><법정동지번코드>1</법정동지번코드><아파트>래미안공덕5차</아파트><월>1</월><일>8</일><일련번호>11440-4855</일련번호><전용면적>59.959</전용면적><중개사소재지>서울 마포구</중개사소재지><지번>469</지번><지역코드>11440</지역코드><층>13</층><해제사유발생일> </해제사유발생일><해제여부> </해제여부></item><item><거래금액>   105,000</거래금액><거래유형>중개거래</거래유형><건축년도>2004</건축년도><년>2023</년><도로명>마포대로7길</도로명><도로명건물본번호코드>00022</도로명건물본번호코드><도로명건물부번호코드>00000</도로명건물부번호코드><도로명시군구코드>11440</도로명시군구코드><도로명일련번호코드>01</도로명일련번호코드><도로명지상지하코드>0</도로명지상지하코드><도로명코드>4139169</도로명코드><법정동> 공덕동</법정동><법정동본번코드>0457</법정동본번코드><법정동부번코드>0000</법정동부번코드><법정동시군구코드>11440</법정동시군구코드><법정동읍면동코드>10200</법정동읍면동코드><법정동지번코드>1</법정동지번코드><아파트>공덕3삼성래미안</아파트><월>1</월><일>9</일><일련번호>11440-175</일련번호><전용면적>59.97</전용면적><중개사소재지>서울 마포구</중개사소재지><지번>457</지번><지역코드>11440</지역코드><층>14</층><해제사유발생일> </해제사유발생일><해제여부> </해제여부></item><item><거래금액>   155,000</거래금액><거래유형>중개거래</거래유형><건축년도>2004</건축년도><년>2023</년><도로명>마포대로7길</도로명><도로명건물본번호코드>00022</도로명건물본번호코드><도로명건물부번호코드>00000</도로명건물부번호코드><도로명시군구코드>11440</도로명시군구코드><도로명일련번호코드>01</도로명일련번호코드><도로명지상지하코드>0</도로명지상지하코드><도로명코드>4139169</도로명코드><법정동> 공덕동</법정동><법정동본번코드>0457</법정동본번코드><법정동부번코드>0000</법정동부번코드><법정동시군구코드>11440</법정동시군구코드><법정동읍면동코드>10200</법정동읍면동코드><법정동지번코드>1</법정동지번코드><아파트>공덕3삼성래미안</아파트><월>1</월><일>17</일><일련번호>11440-175</일련번호><전용면적>114.98</전용면적><중개사소재지>서울 마포구</중개사소재지><지번>457</지번><지역코드>11440</지역코드><층>4</층><해제사유발생일> </해제사유발생일><해제여부> </해제여부></item><item><거래금액>   220,000</거래금액><거래유형>중개거래</거래유형><건축년도>2009</건축년도><년>2023</년><도로명>마포대로</도로명><도로명건물본번호코드>00109</도로명건물본번호코드><도로명건물부번호코드>00000</도로명건물부번호코드><도로명시군구코드>11440</도로명시군구코드><도로명일련번호코드>02</도로명일련번호코드><도로명지상지하코드>0</도로명지상지하코드><도로명코드>2113001</도로명코드><법정동> 공덕동</법정동><법정동본번코드>0467</법정동본번코드><법정동부번코드>0000</법정동부번코드><법정동시군구코드>11440</법정동시군구코드><법정동읍면동코드>10200</법정동읍면동코드><법정동지번코드>1</법정동지번코드><아파트>롯데캐슬프레지던트</아파트><월>1</월><일>17</일><일련번호>11440-4583</일련번호><전용면적>191.872</전용면적><중개사소재지>서울 마포구</중개사소재지><지번>467</지번><지역코드>11440</지역코드><층>27</층><해제사유발생일> </해제사유발생일><해제여부> </해제여부></item><item><거래금액>   120,000</거래금액><거래유형>중개거래</거래유형><건축년도>2005</건축년도><년>2023</년><도로명>마포대로11길</도로명><도로명건물본번호코드>00050</도로명건물본번호코드><도로명건물부번호코드>00000</도로명건물부번호코드><도로명시군구코드>11440</도로명시군구코드><도로명일련번호코드>01</도로명일련번호코드><도로명지상지하코드>0</도로명지상지하코드><도로명코드>4139137</도로명코드><법정동> 공덕동</법정동><법정동본번코드>0464</법정동본번코드><법정동부번코드>0000</법정동부번코드><법정동시군구코드>11440</법정동시군구코드><법정동읍면동코드>10200</법정동읍면동코드><법정동지번코드>1</법정동지번코드><아파트>래미안공덕4차</아파트><월>1</월><일>19</일><일련번호>11440-3934</일련번호><전용면적>83.42</전용면적><중개사소재지>서울 마포구</중개사소재지><지번>464</지번><지역코드>11440</지역코드><층>4</층><해제사유발생일> </해제사유발생일><해제여부> </해제여부></item><item><거래금액>   106,000</거래금액><거래유형>중개거래</거래유형><건축년도>2004</건축년도><년>2023</년><도로명>마포대로7길</도로명><도로명건물본번호코드>00022</도로명건물본번호코드><도로명건물부번호코드>00000</도로명건물부번호코드><도로명시군구코드>11440</도로명시군구코드><도로명일련번호코드>01</도로명일련번호코드><도로명지상지하코드>0</도로명지상지하코드><도로명코드>4139169</도로명코드><법정동> 공덕동</법정동><법정동본번코드>0457</법정동본번코드><법정동부번코드>0000</법정동부번코드><법정동시군구코드>11440</법정동시군구코드><법정동읍면동코드>10200</법정동읍면동코드><법정동지번코드>1</법정동지번코드><아파트>공덕3삼성래미안</아파트><월>1</월><일>25</일><일련번호>11440-175</일련번호><전용면적>59.97</전용면적><중개사소재지>서울 마포구</중개사소재지><지번>457</지번><지역코드>11440</지역코드><층>6</층><해제사유발생일> </해제사유발생일><해제여부> </해제여부></item><item><거래금액>   106,000</거래금액><거래유형>중개거래</거래유형><건축년도>2011</건축년도><년>2023</년><도로명>마포대로</도로명><도로명건물본번호코드>00173</도로명건물본번호코드><도로명건물부번호코드>00015</도로명건물부번호코드><도로명시군구코드>11440</도로명시군구코드><도로명일련번호코드>00</도로명일련번호코드><도로명코드>2113001</도로명코드><법정동> 공덕동</법정동><법정동본번코드>0469</법정동본번코드><법정동부번코드>0000</법정동부번코드><법정동시군구코드>11440</법정동시군구코드><법정동읍면동코드>10200</법정동읍면동코드><법정동지번코드>1</법정동지번코드><아파트>래미안공덕5차</아파트><월>1</월><일>28</일><일련번호>11440-4855</일련번호><전용면적>59.959</전용면적><중개사소재지>서울 마포구</중개사소재지><지번>469</지번><지역코드>11440</지역코드><층>13</층><해제사유발생일> </해제사유발생일><해제여부> </해제여부></item><item><거래금액>    16,800</거래금액><거래유형>중개거래</거래유형><건축년도>2018</건축년도><년>2023</년><도로명>만리재로</도로명><도로명건물본번호코드>00113</도로명건물본번호코드><도로명건물부번호코드>00000</도로명건물부번호코드><도로명시군구코드>11440</도로명시군구코드><도로명일련번호코드>00</도로명일련번호코드><도로명코드>3101016</도로명코드><법정동> 공덕동</법정동><법정동본번코드>0030</법정동본번코드><법정동부번코드>0010</법정동부번코드><법정동시군구코드>11440</법정동시군구코드><법정동읍면동코드>10200</법정동읍면동코드><법정동지번코드>1</법정동지번코드><아파트>솔리스타</아파트><월>1</월><일>28</일><일련번호>11440-5776</일련번호><전용면적>14.29</전용면적><중개사소재지>서울 마포구</중개사소재지><지번>30-10</지번><지역코드>11440</지역코드><층>12</층><해제사유발생일> </해제사유발생일><해제여부> </해제여부></item><item><거래금액>   105,500</거래금액><거래유형>중개거래</거래유형><건축년도>2005</건축년도><년>2023</년><도로명>마포대로11길</도로명><도로명건물본번호코드>00050</도로명건물본번호코드><도로명건물부번호코드>00000</도로명건물부번호코드><도로명시군구코드>11440</도로명시군구코드><도로명일련번호코드>01</도로명일련번호코드><도로명지상지하코드>0</도로명지상지하코드><도로명코드>4139137</도로명코드><법정동> 공덕동</법정동><법정동본번코드>0464</법정동본번코드><법정동부번코드>0000</법정동부번코드><법정동시군구코드>11440</법정동시군구코드><법정동읍면동코드>10200</법정동읍면동코드><법정동지번코드>1</법정동지번코드><아파트>래미안공덕4차</아파트><월>1</월><일>29</일><일련번호>11440-3934</일련번호><전용면적>59.9</전용면적><중개사소재지>서울 마포구</중개사소재지><지번>464</지번><지역코드>11440</지역코드><층>18</층><해제사유발생일> </해제사유발생일><해제여부> </해제여부></item><item><거래금액>   185,000</거래금액><거래유형>중개거래</거래유형><건축년도>2011</건축년도><년>2023</년><도로명>백범로</도로명><도로명건물본번호코드>00205</도로명건물본번호코드><도로명건물부번호코드>00000</도로명건물부번호코드><도로명시군구코드>11440</도로명시군구코드><도로명일련번호코드>02</도로명일련번호코드><도로명지상지하코드>0</도로명지상지하코드><도로명코드>3005016</도로명코드><법정동> 신공덕동</법정동><법정동본번코드>0172</법정동본번코드><법정동부번코드>0000</법정동부번코드><법정동시군구코드>11440</법정동시군구코드><법정동읍면동코드>10300</법정동읍면동코드><법정동지번코드>1</법정동지번코드><아파트>펜트라우스</아파트><월>1</월><일>7</일><일련번호>11440-4887</일련번호><전용면적>115.78</전용면적><중개사소재지>서울 마포구</중개사소재지><지번>172</지번><지역코드>11440</지역코드><층>16</층><해제사유발생일> </해제사유발생일><해제여부> </해제여부></item><item><거래금액>    64,000</거래금액><거래유형>중개거래</거래유형><건축년도>2005</건축년도><년>2023</년><도로명>백범로</도로명><도로명건물본번호코드>00199</도로명건물본번호코드><도로명건물부번호코드>00000</도로명건물부번호코드><도로명시군구코드>11440</도로명시군구코드><도로명일련번호코드>02</도로명일련번호코드><도로명지상지하코드>0</도로명지상지하코드><도로명코드>3005016</도로명코드><법정동> 신공덕동</법정동><법정동본번코드>0167</법정동본번코드><법정동부번코드>0000</법정동부번코드><법정동시군구코드>11440</법정동시군구코드><법정동읍면동코드>10300</법정동읍면동코드><법정동지번코드>1</법정동지번코드><아파트>대우메트로디오빌</아파트><월>1</월><일>10</일><일련번호>11440-4071</일련번호><전용면적>49.97</전용면적><중개사소재지>대전 동구, 서울 마포구</중개사소재지><지번>167</지번><지역코드>11440</지역코드><층>20</층><해제사유발생일> </해제사유발생일><해제여부> </해제여부></item><item><거래금액>    84,750</거래금액><거래유형>중개거래</거래유형><건축년도>2000</건축년도><년>2023</년><도로명>만리재로</도로명><도로명건물본번호코드>00074</도로명건물본번호코드><도로명건물부번호코드>00000</도로명건물부번호코드><도로명시군구코드>11440</도로명시군구코드><도로명일련번호코드>03</도로명일련번호코드><도로명지상지하코드>0</도로명지상지하코드><도로명코드>3101016</도로명코드><법정동> 신공덕동</법정동><법정동본번코드>0159</법정동본번코드><법정동부번코드>0000</법정동부번코드><법정동시군구코드>11440</법정동시군구코드><법정동읍면동코드>10300</법정동읍면동코드><법정동지번코드>1</법정동지번코드><아파트>신공덕래미안2차</아파트><월>1</월><일>14</일><일련번호>11440-8</일련번호><전용면적>59.48</전용면적><중개사소재지>서울 마포구</중개사소재지><지번>159</지번><지역코드>11440</지역코드><층>5</층><해제사유발생일> </해제사유발생일><해제여부> </해제여부></item><item><거래금액>   119,000</거래금액><거래유형>중개거래</거래유형><건축년도>2013</건축년도><년>2023</년><도로명>만리재로</도로명><도로명건물본번호코드>00036</도로명건물본번호코드><도로명건물부번호코드>00000</도로명건물부번호코드><도로명시군구코드>11440</도로명시군구코드><도로명일련번호코드>03</도로명일련번호코드><도로명지상지하코드>0</도로명지상지하코드><도로명코드>3101016</도로명코드><법정동> 신공덕동</법정동><법정동본번코드>0174</법정동본번코드><법정동부번코드>0000</법정동부번코드><법정동시군구코드>11440</법정동시군구코드><법정동읍면동코드>10300</법정동읍면동코드><법정동지번코드>1</법정동지번코드><아파트>신공덕아이파크</아파트><월>1</월><일>14</일><일련번호>11440-5218</일련번호><전용면적>84.96</전용면적><중개사소재지>서울 마포구</중개사소재지><지번>174</지번><지역코드>11440</지역코드><층>7</층><해제사유발생일> </해제사유발생일><해제여부> </해제여부></item><item><거래금액>   154,500</거래금액><거래유형>중개거래</거래유형><건축년도>2020</건축년도><년>2023</년><도로명>대흥로</도로명><도로명건물본번호코드>00175</도로명건물본번호코드><도로명건물부번호코드>00000</도로명건물부번호코드><도로명시군구코드>11440</도로명시군구코드><도로명일련번호코드>00</도로명일련번호코드><도로명코드>3113004</도로명코드><법정동> 대흥동</법정동><법정동본번코드>0806</법정동본번코드><법정동부번코드>0000</법정동부번코드><법정동시군구코드>11440</법정동시군구코드><법정동읍면동코드>10800</법정동읍면동코드><법정동지번코드>1</법정동지번코드><아파트>신촌그랑자이(1단지)</아파트><월>1</월><일>8</일><일련번호>11440-5861</일련번호><전용면적>84.98</전용면적><중개사소재지>서울 마포구</중개사소재지><지번>806</지번><지역코드>11440</지역코드><층>14</층><해제사유발생일> </해제사유발생일><해제여부> </해제여부></item><item><거래금액>   154,500</거래금액><거래유형>중개거래</거래유형><건축년도>2020</건축년도><년>2023</년><도로명>대흥로</도로명><도로명건물본번호코드>00175</도로명건물본번호코드><도로명건물부번호코드>00000</도로명건물부번호코드><도로명시군구코드>11440</도로명시군구코드><도로명일련번호코드>00</도로명일련번호코드><도로명코드>3113004</도로명코드><법정동> 대흥동</법정동><법정동본번코드>0806</법정동본번코드><법정동부번코드>0000</법정동부번코드><법정동시군구코드>11440</법정동시군구코드><법정동읍면동코드>10800</법정동읍면동코드><법정동지번코드>1</법정동지번코드><아파트>신촌그랑자이(1단지)</아파트><월>1</월><일>12</일><일련번호>11440-5861</일련번호><전용면적>84.98</전용면적><중개사소재지>서울 마포구, 서울 서대문구</중개사소재지><지번>806</지번><지역코드>11440</지역코드><층>9</층><해제사유발생일> </해제사유발생일><해제여부> </해제여부></item><item><거래금액>    16,800</거래금액><거래유형>중개거래</거래유형><건축년도>2014</건축년도><년>2023</년><도로명>신촌로</도로명><도로명건물본번호코드>00160</도로명건물본번호코드><도로명건물부번호코드>00000</도로명건물부번호코드><도로명시군구코드>11440</도로명시군구코드><도로명일련번호코드>02</도로명일련번호코드><도로명지상지하코드>0</도로명지상지하코드><도로명코드>3005057</도로명코드><법정동> 대흥동</법정동><법정동본번코드>0012</법정동본번코드><법정동부번코드>0041</법정동부번코드><법정동시군구코드>11440</법정동시군구코드><법정동읍면동코드>10800</법정동읍면동코드><법정동지번코드>1</법정동지번코드><아파트>서희스타힐스</아파트><월>1</월><일>13</일><일련번호>11440-5381</일련번호><전용면적>12.88</전용면적><중개사소재지>서울 마포구</중개사소재지><지번>12-41</지번><지역코드>11440</지역코드><층>7</층><해제사유발생일> </해제사유발생일><해제여부> </해제여부></item><item><거래금액>    95,000</거래금액><거래유형>중개거래</거래유형><건축년도>1999</건축년도><년>2023</년><도로명>독막로</도로명><도로명건물본번호코드>00266</도로명건물본번호코드><도로명건물부번호코드>00000</도로명건물부번호코드><도로명시군구코드>11440</도로명시군구코드><도로명일련번호코드>02</도로명일련번호코드><도로명지상지하코드>0</도로명지상지하코드><도로명코드>3113005</도로명코드><법정동> 대흥동</법정동><법정동본번코드>0660</법정동본번코드><법정동부번코드>0000</법정동부번코드><법정동시군구코드>11440</법정동시군구코드><법정동읍면동코드>10800</법정동읍면동코드><법정동지번코드>1</법정동지번코드><아파트>마포태영</아파트><월>1</월><일>20</일><일련번호>11440-32</일련번호><전용면적>59.4</전용면적><중개사소재지>서울 마포구</중개사소재지><지번>660</지번><지역코드>11440</지역코드><층>3</층><해제사유발생일> </해제사유발생일><해제여부> </해제여부></item><item><거래금액>   147,000</거래금액><거래유형>중개거래</거래유형><건축년도>2014</건축년도><년>2023</년><도로명>서강대길</도로명><도로명건물본번호코드>00040</도로명건물본번호코드><도로명건물부번호코드>00000</도로명건물부번호코드><도로명시군구코드>11440</도로명시군구코드><도로명일련번호코드>01</도로명일련번호코드><도로명지상지하코드>0</도로명지상지하코드><도로명코드>4139681</도로명코드><법정동> 대흥동</법정동><법정동본번코드>0804</법정동본번코드><법정동부번코드>0000</법정동부번코드><법정동시군구코드>11440</법정동시군구코드><법정동읍면동코드>10800</법정동읍면동코드><법정동지번코드>1</법정동지번코드><아파트>마포자이2차</아파트><월>1</월><일>24</일><일련번호>11440-5348</일련번호><전용면적>84.44</전용면적><중개사소재지>서울 마포구</중개사소재지><지번>804</지번><지역코드>11440</지역코드><층>13</층><해제사유발생일> </해제사유발생일><해제여부> </해제여부></item><item><거래금액>   159,000</거래금액><거래유형>중개거래</거래유형><건축년도>2021</건축년도><년>2023</년><도로명>대흥로24길</도로명><도로명건물본번호코드>00024</도로명건물본번호코드><도로명건물부번호코드>00000</도로명건물부번호코드><도로명시군구코드>11440</도로명시군구코드><도로명일련번호코드>01</도로명일련번호코드><도로명코드>4139044</도로명코드><법정동> 염리동</법정동><법정동본번코드>0532</법정동본번코드><법정동부번코드>0000</법정동부번코드><법정동시군구코드>11440</법정동시군구코드><법정동읍면동코드>10900</법정동읍면동코드><법정동지번코드>1</법정동지번코드><아파트>마포프레스티지자이</아파트><월>1</월><일>11</일><일련번호>11440-5977</일련번호><전용면적>84.9422</전용면적><중개사소재지>서울 마포구, 서울 서대문구</중개사소재지><지번>532</지번><지역코드>11440</지역코드><층>8</층><해제사유발생일> </해제사유발생일><해제여부> </해제여부></item><item><거래금액>    65,000</거래금액><거래유형>중개거래</거래유형><건축년도>1997</건축년도><년>2023</년><도로명>숭문길</도로명><도로명건물본번호코드>00106</도로명건물본번호코드><도로명건물부번호코드>00000</도로명건물부번호코드><도로명시군구코드>11440</도로명시군구코드><도로명일련번호코드>02</도로명일련번호코드><도로명지상지하코드>0</도로명지상지하코드><도로명코드>4139379</도로명코드><법정동> 염리동</법정동><법정동본번코드>0515</법정동본번코드><법정동부번코드>0001</법정동부번코드><법정동시군구코드>11440</법정동시군구코드><법정동읍면동코드>10900</법정동읍면동코드><법정동지번코드>1</법정동지번코드><아파트>상록</아파트><월>1</월><일>14</일><일련번호>11440-33</일련번호><전용면적>49.8</전용면적><중개사소재지>서울 마포구</중개사소재지><지번>515-1</지번><지역코드>11440</지역코드><층>14</층><해제사유발생일> </해제사유발생일><해제여부> </해제여부></item><item><거래금액>   144,500</거래금액><거래유형>중개거래</거래유형><건축년도>2022</건축년도><년>2023</년><도로명>숭문길</도로명><도로명건물본번호코드>00098</도로명건물본번호코드><도로명건물부번호코드>00000</도로명건물부번호코드><도로명시군구코드>11440</도로명시군구코드><도로명일련번호코드>00</도로명일련번호코드><도로명코드>4139379</도로명코드><법정동> 염리동</법정동><법정동본번코드>0533</법정동본번코드><법정동부번코드>0000</법정동부번코드><법정동시군구코드>11440</법정동시군구코드><법정동읍면동코드>10900</법정동읍면동코드><법정동지번코드>1</법정동지번코드><아파트>마포자이더센트리지(102동~112동)</아파트><월>1</월><일>19</일><일련번호>11440-5772</일련번호><전용면적>84.866</전용면적><중개사소재지>서울 마포구</중개사소재지><지번>533</지번><지역코드>11440</지역코드><층>13</층><해제사유발생일> </해제사유발생일><해제여부> </해제여부></item><item><거래금액>   141,000</거래금액><거래유형>중개거래</거래유형><건축년도>2022</건축년도><년>2023</년><도로명>숭문길</도로명><도로명건물본번호코드>00098</도로명건물본번호코드><도로명건물부번호코드>00000</도로명건물부번호코드><도로명시군구코드>11440</도로명시군구코드><도로명일련번호코드>00</도로명일련번호코드><도로명코드>4139379</도로명코드><법정동> 염리동</법정동><법정동본번코드>0533</법정동본번코드><법정동부번코드>0000</법정동부번코드><법정동시군구코드>11440</법정동시군구코드><법정동읍면동코드>10900</법정동읍면동코드><법정동지번코드>1</법정동지번코드><아파트>마포자이더센트리지(102동~112동)</아파트><월>1</월><일>19</일><일련번호>11440-5772</일련번호><전용면적>84.995</전용면적><중개사소재지>서울 마포구</중개사소재지><지번>533</지번><지역코드>11440</지역코드><층>17</층><해제사유발생일> </해제사유발생일><해제여부> </해제여부></item><item><거래금액>    26,500</거래금액><거래유형>중개거래</거래유형><건축년도>2004</건축년도><년>2023</년><도로명>신촌로</도로명><도로명건물본번호코드>00150</도로명건물본번호코드><도로명건물부번호코드>00000</도로명건물부번호코드><도로명시군구코드>11440</도로명시군구코드><도로명일련번호코드>04</도로명일련번호코드><도로명지상지하코드>0</도로명지상지하코드><도로명코드>3005057</도로명코드><법정동> 노고산동</법정동><법정동본번코드>0001</법정동본번코드><법정동부번코드>0003</법정동부번코드><법정동시군구코드>11440</법정동시군구코드><법정동읍면동코드>11000</법정동읍면동코드><법정동지번코드>1</법정동지번코드><아파트>신촌포스빌</아파트><월>1</월><일>27</일><일련번호>11440-180</일련번호><전용면적>32.34</전용면적><중개사소재지>서울 마포구</중개사소재지><지번>1-3</지번><지역코드>11440</지역코드><층>12</층><해제사유발생일> </해제사유발생일><해제여부> </해제여부></item><item><거래금액>    88,000</거래금액><거래유형>중개거래</거래유형><건축년도>1997</건축년도><년>2023</년><도로명>신수로</도로명><도로명건물본번호코드>00107</도로명건물본번호코드><도로명건물부번호코드>00000</도로명건물부번호코드><도로명시군구코드>11440</도로명시군구코드><도로명일련번호코드>00</도로명일련번호코드><도로명코드>3113013</도로명코드><법정동> 신수동</법정동><법정동본번코드>0450</법정동본번코드><법정동부번코드>0000</법정동부번코드><법정동시군구코드>11440</법정동시군구코드><법정동읍면동코드>11100</법정동읍면동코드><법정동지번코드>1</법정동지번코드><아파트>신촌삼익</아파트><월>1</월><일>13</일><일련번호>11440-40</일련번호><전용면적>84.85</전용면적><중개사소재지>서울 마포구</중개사소재지><지번>450</지번><지역코드>11440</지역코드><층>7</층><해제사유발생일> </해제사유발생일><해제여부> </해제여부></item><item><거래금액>   114,250</거래금액><거래유형>중개거래</거래유형><건축년도>2019</건축년도><년>2023</년><도로명>광성로</도로명><도로명건물본번호코드>00017</도로명건물본번호코드><도로명건물부번호코드>00000</도로명건물부번호코드><도로명시군구코드>11440</도로명시군구코드><도로명일련번호코드>00</도로명일련번호코드><도로명코드>3113001</도로명코드><법정동> 신수동</법정동><법정동본번코드>0462</법정동본번코드><법정동부번코드>0000</법정동부번코드><법정동시군구코드>11440</법정동시군구코드><법정동읍면동코드>11100</법정동읍면동코드><법정동지번코드>1</법정동지번코드><아파트>신촌숲아이파크</아파트><월>1</월><일>26</일><일련번호>11440-5823</일련번호><전용면적>59.751</전용면적><중개사소재지>서울 마포구</중개사소재지><지번>462</지번><지역코드>11440</지역코드><층>12</층><해제사유발생일> </해제사유발생일><해제여부> </해제여부></item><item><거래금액>   195,000</거래금액><거래유형>중개거래</거래유형><건축년도>2016</건축년도><년>2023</년><도로명>토정로18길</도로명><도로명건물본번호코드>00011</도로명건물본번호코드><도로명건물부번호코드>00000</도로명건물부번호코드><도로명시군구코드>11440</도로명시군구코드><도로명일련번호코드>02</도로명일련번호코드><도로명지상지하코드>0</도로명지상지하코드><도로명코드>4139587</도로명코드><법정동> 현석동</법정동><법정동본번코드>0225</법정동본번코드><법정동부번코드>0000</법정동부번코드><법정동시군구코드>11440</법정동시군구코드><법정동읍면동코드>11200</법정동읍면동코드><법정동지번코드>1</법정동지번코드><아파트>래미안웰스트림</아파트><월>1</월><일>31</일><일련번호>11440-5559</일련번호><전용면적>114.98</전용면적><중개사소재지>서울 마포구</중개사소재지><지번>225</지번><지역코드>11440</지역코드><층>12</층><해제사유발생일>23.02.22</해제사유발생일><해제여부>O</해제여부></item><item><거래금액>    93,000</거래금액><거래유형>중개거래</거래유형><건축년도>2003</건축년도><년>2023</년><도로명>서강로9길</도로명><도로명건물본번호코드>00045</도로명건물본번호코드><도로명건물부번호코드>00000</도로명건물부번호코드><도로명시군구코드>11440</도로명시군구코드><도로명일련번호코드>01</도로명일련번호코드><도로명지상지하코드>0</도로명지상지하코드><도로명코드>4139302</도로명코드><법정동> 창전동</법정동><법정동본번코드>0439</법정동본번코드><법정동부번코드>0000</법정동부번코드><법정동시군구코드>11440</법정동시군구코드><법정동읍면동코드>11400</법정동읍면동코드><법정동지번코드>1</법정동지번코드><아파트>신촌태영데시앙</아파트><월>1</월><일>9</일><일련번호>11440-149</일련번호><전용면적>84.97</전용면적><중개사소재지>서울 마포구</중개사소재지><지번>439</지번><지역코드>11440</지역코드><층>21</층><해제사유발생일> </해제사유발생일><해제여부> </해제여부></item><item><거래금액>   144,000</거래금액><거래유형>중개거래</거래유형><건축년도>2007</건축년도><년>2023</년><도로명>독막로</도로명><도로명건물본번호코드>00145</도로명건물본번호코드><도로명건물부번호코드>00000</도로명건물부번호코드><도로명시군구코드>11440</도로명시군구코드><도로명일련번호코드>06</도로명일련번호코드><도로명지상지하코드>0</도로명지상지하코드><도로명코드>3113005</도로명코드><법정동> 창전동</법정동><법정동본번코드>0444</법정동본번코드><법정동부번코드>0000</법정동부번코드><법정동시군구코드>11440</법정동시군구코드><법정동읍면동코드>11400</법정동읍면동코드><법정동지번코드>1</법정동지번코드><아파트>서강예가</아파트><월>1</월><일>19</일><일련번호>11440-4156</일련번호><전용면적>84.988</전용면적><중개사소재지>서울 마포구</중개사소재지><지번>444</지번><지역코드>11440</지역코드><층>12</층><해제사유발생일> </해제사유발생일><해제여부> </해제여부></item><item><거래금액>   120,000</거래금액><거래유형>중개거래</거래유형><건축년도>1998</건축년도><년>2023</년><도로명>서강로</도로명><도로명건물본번호코드>00095</도로명건물본번호코드><도로명건물부번호코드>00000</도로명건물부번호코드><도로명시군구코드>11440</도로명시군구코드><도로명일련번호코드>03</도로명일련번호코드><도로명지상지하코드>0</도로명지상지하코드><도로명코드>3113010</도로명코드><법정동> 창전동</법정동><법정동본번코드>0437</법정동본번코드><법정동부번코드>0000</법정동부번코드><법정동시군구코드>11440</법정동시군구코드><법정동읍면동코드>11400</법정동읍면동코드><법정동지번코드>1</법정동지번코드><아파트>창전래미안</아파트><월>1</월><일>26</일><일련번호>11440-47</일련번호><전용면적>114.82</전용면적><중개사소재지>서울 마포구</중개사소재지><지번>437</지번><지역코드>11440</지역코드><층>8</층><해제사유발생일> </해제사유발생일><해제여부> </해제여부></item><item><거래금액>    75,000</거래금액><거래유형>중개거래</거래유형><건축년도>2001</건축년도><년>2023</년><도로명>서강로9길</도로명><도로명건물본번호코드>00019</도로명건물본번호코드><도로명건물부번호코드>00000</도로명건물부번호코드><도로명시군구코드>11440</도로명시군구코드><도로명일련번호코드>01</도로명일련번호코드><도로명지상지하코드>0</도로명지상지하코드><도로명코드>4139302</도로명코드><법정동> 창전동</법정동><법정동본번코드>0438</법정동본번코드><법정동부번코드>0000</법정동부번코드><법정동시군구코드>11440</법정동시군구코드><법정동읍면동코드>11400</법정동읍면동코드><법정동지번코드>1</법정동지번코드><아파트>신촌금호</아파트><월>1</월><일>29</일><일련번호>11440-46</일련번호><전용면적>59.21</전용면적><중개사소재지>서울 마포구</중개사소재지><지번>438</지번><지역코드>11440</지역코드><층>11</층><해제사유발생일> </해제사유발생일><해제여부> </해제여부></item><item><거래금액>   150,000</거래금액><거래유형>중개거래</거래유형><건축년도>2014</건축년도><년>2023</년><도로명>독막로20나길</도로명><도로명건물본번호코드>00022</도로명건물본번호코드><도로명건물부번호코드>00000</도로명건물부번호코드><도로명시군구코드>11440</도로명시군구코드><도로명일련번호코드>01</도로명일련번호코드><도로명지상지하코드>0</도로명지상지하코드><도로명코드>4139074</도로명코드><법정동> 상수동</법정동><법정동본번코드>0402</법정동본번코드><법정동부번코드>0000</법정동부번코드><법정동시군구코드>11440</법정동시군구코드><법정동읍면동코드>11500</법정동읍면동코드><법정동지번코드>1</법정동지번코드><아파트>래미안밤섬리베뉴Ⅰ</아파트><월>1</월><일>14</일><일련번호>11440-5428</일련번호><전용면적>84.99</전용면적><중개사소재지>서울 마포구</중개사소재지><지번>402</지번><지역코드>11440</지역코드><층>11</층><해제사유발생일> </해제사유발생일><해제여부> </해제여부></item><item><거래금액>   105,000</거래금액><거래유형>직거래</거래유형><건축년도>1995</건축년도><년>2023</년><도로명>동교로39길</도로명><도로명건물본번호코드>00011</도로명건물본번호코드><도로명건물부번호코드>00000</도로명건물부번호코드><도로명시군구코드>11440</도로명시군구코드><도로명일련번호코드>01</도로명일련번호코드><도로명지상지하코드>0</도로명지상지하코드><도로명코드>4139120</도로명코드><법정동> 연남동</법정동><법정동본번코드>0259</법정동본번코드><법정동부번코드>0001</법정동부번코드><법정동시군구코드>11440</법정동시군구코드><법정동읍면동코드>12400</법정동읍면동코드><법정동지번코드>1</법정동지번코드><아파트>대명</아파트><월>1</월><일>8</일><일련번호>11440-94</일련번호><전용면적>84.99</전용면적><중개사소재지> </중개사소재지><지번>259-1</지번><지역코드>11440</지역코드><층>4</층><해제사유발생일> </해제사유발생일><해제여부> </해제여부></item><item><거래금액>    84,000</거래금액><거래유형>중개거래</거래유형><건축년도>1986</건축년도><년>2023</년><도로명>월드컵북로</도로명><도로명건물본번호코드>00235</도로명건물본번호코드><도로명건물부번호코드>00000</도로명건물부번호코드><도로명시군구코드>11440</도로명시군구코드><도로명일련번호코드>04</도로명일련번호코드><도로명지상지하코드>0</도로명지상지하코드><도로명코드>3113019</도로명코드><법정동> 성산동</법정동><법정동본번코드>0446</법정동본번코드><법정동부번코드>0000</법정동부번코드><법정동시군구코드>11440</법정동시군구코드><법정동읍면동코드>12500</법정동읍면동코드><법정동지번코드>1</법정동지번코드><아파트>성산시영(선경)</아파트><월>1</월><일>13</일><일련번호>11440-168</일련번호><전용면적>50.54</전용면적><중개사소재지>서울 마포구</중개사소재지><지번>446</지번><지역코드>11440</지역코드><층>14</층><해제사유발생일> </해제사유발생일><해제여부> </해제여부></item><item><거래금액>    88,000</거래금액><거래유형>중개거래</거래유형><건축년도>2009</건축년도><년>2023</년><도로명>모래내로9길</도로명><도로명건물본번호코드>00006</도로명건물본번호코드><도로명건물부번호코드>00000</도로명건물부번호코드><도로명시군구코드>11440</도로명시군구코드><도로명일련번호코드>01</도로명일련번호코드><도로명지상지하코드>0</도로명지상지하코드><도로명코드>4139213</도로명코드><법정동> 성산동</법정동><법정동본번코드>0667</법정동본번코드><법정동부번코드>0000</법정동부번코드><법정동시군구코드>11440</법정동시군구코드><법정동읍면동코드>12500</법정동읍면동코드><법정동지번코드>1</법정동지번코드><아파트>월드컵아이파크(667)</아파트><월>1</월><일>16</일><일련번호>11440-4586</일련번호><전용면적>84.7</전용면적><중개사소재지>서울 마포구</중개사소재지><지번>667</지번><지역코드>11440</지역코드><층>23</층><해제사유발생일> </해제사유발생일><해제여부> </해제여부></item><item><거래금액>    52,000</거래금액><거래유형>중개거래</거래유형><건축년도>1996</건축년도><년>2023</년><도로명>월드컵북로</도로명><도로명건물본번호코드>00194</도로명건물본번호코드><도로명건물부번호코드>00000</도로명건물부번호코드><도로명시군구코드>11440</도로명시군구코드><도로명일련번호코드>04</도로명일련번호코드><도로명지상지하코드>0</도로명지상지하코드><도로명코드>3113019</도로명코드><법정동> 성산동</법정동><법정동본번코드>0142</법정동본번코드><법정동부번코드>0009</법정동부번코드><법정동시군구코드>11440</법정동시군구코드><법정동읍면동코드>12500</법정동읍면동코드><법정동지번코드>1</법정동지번코드><아파트>세원</아파트><월>1</월><일>17</일><일련번호>11440-108</일련번호><전용면적>59.87</전용면적><중개사소재지>서울 마포구</중개사소재지><지번>142-9</지번><지역코드>11440</지역코드><층>8</층><해제사유발생일> </해제사유발생일><해제여부> </해제여부></item><item><거래금액>    79,000</거래금액><거래유형>중개거래</거래유형><건축년도>1986</건축년도><년>2023</년><도로명>월드컵북로</도로명><도로명건물본번호코드>00235</도로명건물본번호코드><도로명건물부번호코드>00000</도로명건물부번호코드><도로명시군구코드>11440</도로명시군구코드><도로명일련번호코드>04</도로명일련번호코드><도로명지상지하코드>0</도로명지상지하코드><도로명코드>3113019</도로명코드><법정동> 성산동</법정동><법정동본번코드>0446</법정동본번코드><법정동부번코드>0000</법정동부번코드><법정동시군구코드>11440</법정동시군구코드><법정동읍면동코드>12500</법정동읍면동코드><법정동지번코드>1</법정동지번코드><아파트>성산시영(선경)</아파트><월>1</월><일>18</일><일련번호>11440-168</일련번호><전용면적>50.54</전용면적><중개사소재지>서울 마포구, 서울 양천구</중개사소재지><지번>446</지번><지역코드>11440</지역코드><층>1</층><해제사유발생일> </해제사유발생일><해제여부> </해제여부></item><item><거래금액>    79,000</거래금액><거래유형>중개거래</거래유형><건축년도>1986</건축년도><년>2023</년><도로명>월드컵북로</도로명><도로명건물본번호코드>00235</도로명건물본번호코드><도로명건물부번호코드>00000</도로명건물부번호코드><도로명시군구코드>11440</도로명시군구코드><도로명일련번호코드>04</도로명일련번호코드><도로명지상지하코드>0</도로명지상지하코드><도로명코드>3113019</도로명코드><법정동> 성산동</법정동><법정동본번코드>0446</법정동본번코드><법정동부번코드>0000</법정동부번코드><법정동시군구코드>11440</법정동시군구코드><법정동읍면동코드>12500</법정동읍면동코드><법정동지번코드>1</법정동지번코드><아파트>성산시영(대우)</아파트><월>1</월><일>18</일><일련번호>11440-169</일련번호><전용면적>50.03</전용면적><중개사소재지>서울 서대문구</중개사소재지><지번>446</지번><지역코드>11440</지역코드><층>13</층><해제사유발생일> </해제사유발생일><해제여부> </해제여부></item><item><거래금액>    82,000</거래금액><거래유형>중개거래</거래유형><건축년도>1986</건축년도><년>2023</년><도로명>월드컵북로</도로명><도로명건물본번호코드>00260</도로명건물본번호코드><도로명건물부번호코드>00000</도로명건물부번호코드><도로명시군구코드>11440</도로명시군구코드><도로명일련번호코드>04</도로명일련번호코드><도로명지상지하코드>0</도로명지상지하코드><도로명코드>3113019</도로명코드><법정동> 성산동</법정동><법정동본번코드>0446</법정동본번코드><법정동부번코드>0000</법정동부번코드><법정동시군구코드>11440</법정동시군구코드><법정동읍면동코드>12500</법정동읍면동코드><법정동지번코드>1</법정동지번코드><아파트>성산시영(대우)</아파트><월>1</월><일>19</일><일련번호>11440-169</일련번호><전용면적>50.03</전용면적><중개사소재지>서울 마포구</중개사소재지><지번>446</지번><지역코드>11440</지역코드><층>6</층><해제사유발생일> </해제사유발생일><해제여부> </해제여부></item><item><거래금액>    86,900</거래금액><거래유형>중개거래</거래유형><건축년도>1986</건축년도><년>2023</년><도로명>월드컵북로</도로명><도로명건물본번호코드>00235</도로명건물본번호코드><도로명건물부번호코드>00000</도로명건물부번호코드><도로명시군구코드>11440</도로명시군구코드><도로명일련번호코드>04</도로명일련번호코드><도로명지상지하코드>0</도로명지상지하코드><도로명코드>3113019</도로명코드><법정동> 성산동</법정동><법정동본번코드>0446</법정동본번코드><법정동부번코드>0000</법정동부번코드><법정동시군구코드>11440</법정동시군구코드><법정동읍면동코드>12500</법정동읍면동코드><법정동지번코드>1</법정동지번코드><아파트>성산시영(선경)</아파트><월>1</월><일>20</일><일련번호>11440-168</일련번호><전용면적>50.54</전용면적><중개사소재지>서울 마포구</중개사소재지><지번>446</지번><지역코드>11440</지역코드><층>13</층><해제사유발생일> </해제사유발생일><해제여부> </해제여부></item><item><거래금액>    87,500</거래금액><거래유형>중개거래</거래유형><건축년도>1986</건축년도><년>2023</년><도로명>월드컵북로</도로명><도로명건물본번호코드>00235</도로명건물본번호코드><도로명건물부번호코드>00000</도로명건물부번호코드><도로명시군구코드>11440</도로명시군구코드><도로명일련번호코드>04</도로명일련번호코드><도로명지상지하코드>0</도로명지상지하코드><도로명코드>3113019</도로명코드><법정동> 성산동</법정동><법정동본번코드>0446</법정동본번코드><법정동부번코드>0000</법정동부번코드><법정동시군구코드>11440</법정동시군구코드><법정동읍면동코드>12500</법정동읍면동코드><법정동지번코드>1</법정동지번코드><아파트>성산시영(선경)</아파트><월>1</월><일>27</일><일련번호>11440-168</일련번호><전용면적>50.54</전용면적><중개사소재지>서울 마포구</중개사소재지><지번>446</지번><지역코드>11440</지역코드><층>9</층><해제사유발생일> </해제사유발생일><해제여부> </해제여부></item><item><거래금액>    81,000</거래금액><거래유형>중개거래</거래유형><건축년도>1986</건축년도><년>2023</년><도로명>월드컵북로</도로명><도로명건물본번호코드>00260</도로명건물본번호코드><도로명건물부번호코드>00000</도로명건물부번호코드><도로명시군구코드>11440</도로명시군구코드><도로명일련번호코드>04</도로명일련번호코드><도로명지상지하코드>0</도로명지상지하코드><도로명코드>3113019</도로명코드><법정동> 성산동</법정동><법정동본번코드>0446</법정동본번코드><법정동부번코드>0000</법정동부번코드><법정동시군구코드>11440</법정동시군구코드><법정동읍면동코드>12500</법정동읍면동코드><법정동지번코드>1</법정동지번코드><아파트>성산시영(대우)</아파트><월>1</월><일>28</일><일련번호>11440-169</일련번호><전용면적>50.03</전용면적><중개사소재지>서울 마포구</중개사소재지><지번>446</지번><지역코드>11440</지역코드><층>2</층><해제사유발생일> </해제사유발생일><해제여부> </해제여부></item><item><거래금액>    88,800</거래금액><거래유형>중개거래</거래유형><건축년도>1986</건축년도><년>2023</년><도로명>월드컵북로</도로명><도로명건물본번호코드>00235</도로명건물본번호코드><도로명건물부번호코드>00000</도로명건물부번호코드><도로명시군구코드>11440</도로명시군구코드><도로명일련번호코드>04</도로명일련번호코드><도로명지상지하코드>0</도로명지상지하코드><도로명코드>3113019</도로명코드><법정동> 성산동</법정동><법정동본번코드>0446</법정동본번코드><법정동부번코드>0000</법정동부번코드><법정동시군구코드>11440</법정동시군구코드><법정동읍면동코드>12500</법정동읍면동코드><법정동지번코드>1</법정동지번코드><아파트>성산시영(선경)</아파트><월>1</월><일>30</일><일련번호>11440-168</일련번호><전용면적>50.54</전용면적><중개사소재지>서울 마포구, 서울 은평구</중개사소재지><지번>446</지번><지역코드>11440</지역코드><층>8</층><해제사유발생일> </해제사유발생일><해제여부> </해제여부></item><item><거래금액>    73,000</거래금액><거래유형>중개거래</거래유형><건축년도>1994</건축년도><년>2023</년><도로명>성암로11길</도로명><도로명건물본번호코드>00060</도로명건물본번호코드><도로명건물부번호코드>00000</도로명건물부번호코드><도로명시군구코드>11440</도로명시군구코드><도로명일련번호코드>01</도로명일련번호코드><도로명지상지하코드>0</도로명지상지하코드><도로명코드>4139337</도로명코드><법정동> 중동</법정동><법정동본번코드>0390</법정동본번코드><법정동부번코드>0000</법정동부번코드><법정동시군구코드>11440</법정동시군구코드><법정동읍면동코드>12600</법정동읍면동코드><법정동지번코드>1</법정동지번코드><아파트>DMC마포청구아파트</아파트><월>1</월><일>12</일><일련번호>11440-123</일련번호><전용면적>84.6</전용면적><중개사소재지>서울 마포구</중개사소재지><지번>390</지번><지역코드>11440</지역코드><층>17</층><해제사유발생일> </해제사유발생일><해제여부> </해제여부></item><item><거래금액>    80,000</거래금액><거래유형>중개거래</거래유형><건축년도>2010</건축년도><년>2023</년><도로명>월드컵북로</도로명><도로명건물본번호코드>00501</도로명건물본번호코드><도로명건물부번호코드>00000</도로명건물부번호코드><도로명시군구코드>11440</도로명시군구코드><도로명일련번호코드>06</도로명일련번호코드><도로명지상지하코드>0</도로명지상지하코드><도로명코드>3113019</도로명코드><법정동> 상암동</법정동><법정동본번코드>1752</법정동본번코드><법정동부번코드>0000</법정동부번코드><법정동시군구코드>11440</법정동시군구코드><법정동읍면동코드>12700</법정동읍면동코드><법정동지번코드>1</법정동지번코드><아파트>상암월드컵파크9단지</아파트><월>1</월><일>6</일><일련번호>11440-4800</일련번호><전용면적>84.98</전용면적><중개사소재지>서울 마포구</중개사소재지><지번>1752</지번><지역코드>11440</지역코드><층>9</층><해제사유발생일> </해제사유발생일><해제여부> </해제여부></item><item><거래금액>    78,000</거래금액><거래유형>중개거래</거래유형><건축년도>2003</건축년도><년>2023</년><도로명>월드컵북로47길</도로명><도로명건물본번호코드>00046</도로명건물본번호코드><도로명건물부번호코드>00000</도로명건물부번호코드><도로명시군구코드>11440</도로명시군구코드><도로명일련번호코드>01</도로명일련번호코드><도로명지상지하코드>0</도로명지상지하코드><도로명코드>4139545</도로명코드><법정동> 상암동</법정동><법정동본번코드>1637</법정동본번코드><법정동부번코드>0000</법정동부번코드><법정동시군구코드>11440</법정동시군구코드><법정동읍면동코드>12700</법정동읍면동코드><법정동지번코드>1</법정동지번코드><아파트>상암월드컵파크2단지</아파트><월>1</월><일>20</일><일련번호>11440-136</일련번호><전용면적>59.92</전용면적><중개사소재지>서울 마포구</중개사소재지><지번>1637</지번><지역코드>11440</지역코드><층>13</층><해제사유발생일> </해제사유발생일><해제여부> </해제여부></item><item><거래금액>    89,500</거래금액><거래유형>중개거래</거래유형><건축년도>2010</건축년도><년>2023</년><도로명>월드컵북로</도로명><도로명건물본번호코드>00502</도로명건물본번호코드><도로명건물부번호코드>00036</도로명건물부번호코드><도로명시군구코드>11440</도로명시군구코드><도로명일련번호코드>06</도로명일련번호코드><도로명지상지하코드>0</도로명지상지하코드><도로명코드>3113019</도로명코드><법정동> 상암동</법정동><법정동본번코드>1736</법정동본번코드><법정동부번코드>0000</법정동부번코드><법정동시군구코드>11440</법정동시군구코드><법정동읍면동코드>12700</법정동읍면동코드><법정동지번코드>1</법정동지번코드><아파트>상암월드컵파크10단지</아파트><월>1</월><일>21</일><일련번호>11440-4772</일련번호><전용면적>84.89</전용면적><중개사소재지>서울 마포구</중개사소재지><지번>1736</지번><지역코드>11440</지역코드><층>4</층><해제사유발생일> </해제사유발생일><해제여부> </해제여부></item><item><거래금액>    68,000</거래금액><거래유형>중개거래</거래유형><건축년도>2003</건축년도><년>2023</년><도로명>월드컵북로47길</도로명><도로명건물본번호코드>00046</도로명건물본번호코드><도로명건물부번호코드>00000</도로명건물부번호코드><도로명시군구코드>11440</도로명시군구코드><도로명일련번호코드>01</도로명일련번호코드><도로명지상지하코드>0</도로명지상지하코드><도로명코드>4139545</도로명코드><법정동> 상암동</법정동><법정동본번코드>1637</법정동본번코드><법정동부번코드>0000</법정동부번코드><법정동시군구코드>11440</법정동시군구코드><법정동읍면동코드>12700</법정동읍면동코드><법정동지번코드>1</법정동지번코드><아파트>상암월드컵파크2단지</아파트><월>1</월><일>27</일><일련번호>11440-136</일련번호><전용면적>59.92</전용면적><중개사소재지>서울 마포구</중개사소재지><지번>1637</지번><지역코드>11440</지역코드><층>3</층><해제사유발생일> </해제사유발생일><해제여부> </해제여부></item><item><거래금액>    80,000</거래금액><거래유형>중개거래</거래유형><건축년도>2010</건축년도><년>2023</년><도로명>월드컵북로</도로명><도로명건물본번호코드>00501</도로명건물본번호코드><도로명건물부번호코드>00000</도로명건물부번호코드><도로명시군구코드>11440</도로명시군구코드><도로명일련번호코드>06</도로명일련번호코드><도로명지상지하코드>0</도로명지상지하코드><도로명코드>3113019</도로명코드><법정동> 상암동</법정동><법정동본번코드>1752</법정동본번코드><법정동부번코드>0000</법정동부번코드><법정동시군구코드>11440</법정동시군구코드><법정동읍면동코드>12700</법정동읍면동코드><법정동지번코드>1</법정동지번코드><아파트>상암월드컵파크9단지</아파트><월>1</월><일>30</일><일련번호>11440-4800</일련번호><전용면적>84.94</전용면적><중개사소재지>서울 마포구</중개사소재지><지번>1752</지번><지역코드>11440</지역코드><층>2</층><해제사유발생일> </해제사유발생일><해제여부> </해제여부></item></items><numOfRows>999</numOfRows><pageNo>1</pageNo><totalCount>55</totalCount></body></response>