<?xml version="1.0" encoding="UTF-8" standalone="yes"?><response><header><resultCode>00</resultCode><resultMsg>NORMAL SERVICE.</resultMsg></header><body><items><item><거래금액>    34,000</거래금액><거래유형>직거래</거래유형><건축년도>1998</건축년도><년>2022</년><도로명>월계로45가길</도로명><도로명건물본번호코드>00089</도로명건물본번호코드><도로명건물부번호코드>00000</도로명건물부번호코드><도로명시군구코드>11350</도로명시군구코드><도로명일련번호코드>01</도로명일련번호코드><도로명지상지하코드>0</도로명지상지하코드><도로명코드>4130332</도로명코드><법정동> 월계동</법정동><법정동본번코드>0780</법정동본번코드><법정동부번코드>0000</법정동부번코드><법정동시군구코드>11350</법정동시군구코드><법정동읍면동코드>10200</법정동읍면동코드><법정동지번코드>1</법정동지번코드><아파트>청백3</아파트><월>11</월><일>1</일><일련번호>11350-150</일련번호><전용면적>59.4</전용면적><중개사소재지> </중개사소재지><지번>780</지번><지역코드>11350</지역코드><층>8</층><해제사유발생일> </해제사유발생일><해제여부> </해제여부></item><item><거래금액>    97,000</거래금액><거래유형>중개거래</거래유형><건축년도>2002</건축년도><년>2022</년><도로명>마들로</도로명><도로명건물본번호코드>00031</도로명건물본번호코드><도로명건물부번호코드>00000</도로명건물부번호코드><도로명시군구코드>11350</도로명시군구코드><도로명일련번호코드>01</도로명일련번호코드><도로명지상지하코드>0</도로명지상지하코드><도로명코드>3109006</도로명코드><법정동> 월계동</법정동><법정동본번코드>0018</법정동본번코드><법정동부번코드>0000</법정동부번코드><법정동시군구코드>11350</법정동시군구코드><법정동읍면동코드>10200</법정동읍면동코드><법정동지번코드>1</법정동지번코드><아파트>한진한화그랑빌</아파트><월>11</월><일>5</일><일련번호>11350-133</일련번호><전용면적>139.08</전용면적><중개사소재지>서울 노원구</중개사소재지><지번>18</지번><지역코드>11350</지역코드><층>10</층><해제사유발생일> </해제사유발생일><해제여부> </해제여부></item><item><거래금액>    80,000</거래금액><거래유형>중개거래</거래유형><건축년도>2016</건축년도><년>2022</년><도로명>월계로42길</도로명><도로명건물본번호코드>00097</도로명건물본번호코드><도로명건물부번호코드>00000</도로명건물부번호코드><도로명시군구코드>11350</도로명시군구코드><도로명일련번호코드>00</도로명일련번호코드><도로명코드>4130327</도로명코드><법정동> 월계동</법정동><법정동본번코드>0949</법정동본번코드><법정동부번코드>0000</법정동부번코드><법정동시군구코드>11350</법정동시군구코드><법정동읍면동코드>10200</법정동읍면동코드><법정동지번코드>1</법정동지번코드><아파트>꿈의숲SKVIEW</아파트><월>11</월><일>17</일><일련번호>11350-2140</일련번호><전용면적>84.93</전용면적><중개사소재지>서울 노원구</중개사소재지><지번>949</지번><지역코드>11350</지역코드><층>12</층><해제사유발생일> </해제사유발생일><해제여부> </해제여부></item><item><거래금액>    70,000</거래금액><거래유형>중개거래</거래유형><건축년도>1986</건축년도><년>2022</년><도로명>마들로</도로명><도로명건물본번호코드>00111</도로명건물본번호코드><도로명건물부번호코드>00000</도로명건물부번호코드><도로명시군구코드>11350</도로명시군구코드><도로명일련번호코드>01</도로명일련번호코드><도로명지상지하코드>0</도로명지상지하코드><도로명코드>3109006</도로명코드><법정동> 월계동</법정동><법정동본번코드>0013</법정동본번코드><법정동부번코드>0000</법정동부번코드><법정동시군구코드>11350</법정동시군구코드><법정동읍면동코드>10200</법정동읍면동코드><법정동지번코드>1</법정동지번코드><아파트>삼호3</아파트><월>11</월><일>19</일><일련번호>11350-197</일련번호><전용면적>59.22</전용면적><중개사소재지>서울 노원구</중개사소재지><지번>13</지번><지역코드>11350</지역코드><층>8</층><해제사유발생일> </해제사유발생일><해제여부> </해제여부></item><item><거래금액>    47,000</거래금액><거래유형>중개거래</거래유형><건축년도>1992</건축년도><년>2022</년><도로명>초안산로1길</도로명><도로명건물본번호코드>00018</도로명건물본번호코드><도로명건물부번호코드>00000</도로명건물부번호코드><도로명시군구코드>11350</도로명시군구코드><도로명일련번호코드>01</도로명일련번호코드><도로명지상지하코드>0</도로명지상지하코드><도로명코드>4130377</도로명코드><법정동> 월계동</법정동><법정동본번코드>0556</법정동본번코드><법정동부번코드>0000</법정동부번코드><법정동시군구코드>11350</법정동시군구코드><법정동읍면동코드>10200</법정동읍면동코드><법정동지번코드>1</법정동지번코드><아파트>주공2</아파트><월>11</월><일>22</일><일련번호>11350-149</일련번호><전용면적>44.52</전용면적><중개사소재지>서울 노원구</중개사소재지><지번>556</지번><지역코드>11350</지역코드><층>9</층><해제사유발생일> </해제사유발생일><해제여부> </해제여부></item><item><거래금액>    85,000</거래금액><거래유형>중개거래</거래유형><건축년도>2016</건축년도><년>2022</년><도로명>월계로42길</도로명><도로명건물본번호코드>00097</도로명건물본번호코드><도로명건물부번호코드>00000</도로명건물부번호코드><도로명시군구코드>11350</도로명시군구코드><도로명일련번호코드>00</도로명일련번호코드><도로명코드>4130327</도로명코드><법정동> 월계동</법정동><법정동본번코드>0949</법정동본번코드><법정동부번코드>0000</법정동부번코드><법정동시군구코드>11350</법정동시군구코드><법정동읍면동코드>10200</법정동읍면동코드><법정동지번코드>1</법정동지번코드><아파트>꿈의숲SKVIEW</아파트><월>11</월><일>22</일><일련번호>11350-2140</일련번호><전용면적>84.95</전용면적><중개사소재지>서울 노원구</중개사소재지><지번>949</지번><지역코드>11350</지역코드><층>9</층><해제사유발생일> </해제사유발생일><해제여부> </해제여부></item><item><거래금액>    75,000</거래금액><거래유형>중개거래</거래유형><건축년도>2002</건축년도><년>2022</년><도로명>마들로</도로명><도로명건물본번호코드>00031</도로명건물본번호코드><도로명건물부번호코드>00000</도로명건물부번호코드><도로명시군구코드>11350</도로명시군구코드><도로명일련번호코드>01</도로명일련번호코드><도로명지상지하코드>0</도로명지상지하코드><도로명코드>3109006</도로명코드><법정동> 월계동</법정동><법정동본번코드>0018</법정동본번코드><법정동부번코드>0000</법정동부번코드><법정동시군구코드>11350</법정동시군구코드><법정동읍면동코드>10200</법정동읍면동코드><법정동지번코드>1</법정동지번코드><아파트>한진한화그랑빌</아파트><월>11</월><일>26</일><일련번호>11350-133</일련번호><전용면적>84.97</전용면적><중개사소재지>서울 노원구, 서울 동대문구</중개사소재지><지번>18</지번><지역코드>11350</지역코드><층>22</층><해제사유발생일> </해제사유발생일><해제여부> </해제여부></item><item><거래금액>    60,000</거래금액><거래유형>중개거래</거래유형><건축년도>2005</건축년도><년>2022</년><도로명>광운로</도로명><도로명건물본번호코드>00132</도로명건물본번호코드><도로명건물부번호코드>00000</도로명건물부번호코드><도로명시군구코드>11350</도로명시군구코드><도로명일련번호코드>01</도로명일련번호코드><도로명지상지하코드>0</도로명지상지하코드><도로명코드>3110001</도로명코드><법정동> 월계동</법정동><법정동본번코드>0942</법정동본번코드><법정동부번코드>0000</법정동부번코드><법정동시군구코드>11350</법정동시군구코드><법정동읍면동코드>10200</법정동읍면동코드><법정동지번코드>1</법정동지번코드><아파트>월계역신도브래뉴</아파트><월>11</월><일>28</일><일련번호>11350-1663</일련번호><전용면적>84.5133</전용면적><중개사소재지>서울 노원구</중개사소재지><지번>942</지번><지역코드>11350</지역코드><층>12</층><해제사유발생일> </해제사유발생일><해제여부> </해제여부></item><item><거래금액>     9,500</거래금액><거래유형>중개거래</거래유형><건축년도>2012</건축년도><년>2022</년><도로명>동일로190길</도로명><도로명건물본번호코드>00007</도로명건물본번호코드><도로명건물부번호코드>00000</도로명건물부번호코드><도로명시군구코드>11350</도로명시군구코드><도로명일련번호코드>01</도로명일련번호코드><도로명지상지하코드>0</도로명지상지하코드><도로명코드>4130182</도로명코드><법정동> 공릉동</법정동><법정동본번코드>0395</법정동본번코드><법정동부번코드>0007</법정동부번코드><법정동시군구코드>11350</법정동시군구코드><법정동읍면동코드>10300</법정동읍면동코드><법정동지번코드>1</법정동지번코드><아파트>진명비베레</아파트><월>11</월><일>5</일><일련번호>11350-1914</일련번호><전용면적>14.1326</전용면적><중개사소재지>서울 노원구</중개사소재지><지번>395-7</지번><지역코드>11350</지역코드><층>2</층><해제사유발생일> </해제사유발생일><해제여부> </해제여부></item><item><거래금액>    83,000</거래금액><거래유형>중개거래</거래유형><건축년도>2001</건축년도><년>2022</년><도로명>섬밭로</도로명><도로명건물본번호코드>00139</도로명건물본번호코드><도로명건물부번호코드>00000</도로명건물부번호코드><도로명시군구코드>11350</도로명시군구코드><도로명일련번호코드>01</도로명일련번호코드><도로명지상지하코드>0</도로명지상지하코드><도로명코드>3110005</도로명코드><법정동> 공릉동</법정동><법정동본번코드>0725</법정동본번코드><법정동부번코드>0000</법정동부번코드><법정동시군구코드>11350</법정동시군구코드><법정동읍면동코드>10300</법정동읍면동코드><법정동지번코드>1</법정동지번코드><아파트>풍림아파트A</아파트><월>11</월><일>10</일><일련번호>11350-183</일련번호><전용면적>84.99</전용면적><중개사소재지>서울 노원구</중개사소재지><지번>725</지번><지역코드>11350</지역코드><층>9</층><해제사유발생일> </해제사유발생일><해제여부> </해제여부></item><item><거래금액>    47,500</거래금액><거래유형>중개거래</거래유형><건축년도>1996</건축년도><년>2022</년><도로명>공릉로</도로명><도로명건물본번호코드>00206</도로명건물본번호코드><도로명건물부번호코드>00000</도로명건물부번호코드><도로명시군구코드>11350</도로명시군구코드><도로명일련번호코드>00</도로명일련번호코드><도로명지상지하코드>0</도로명지상지하코드><도로명코드>3005050</도로명코드><법정동> 공릉동</법정동><법정동본번코드>0705</법정동본번코드><법정동부번코드>0000</법정동부번코드><법정동시군구코드>11350</법정동시군구코드><법정동읍면동코드>10300</법정동읍면동코드><법정동지번코드>1</법정동지번코드><아파트>동부아파트</아파트><월>11</월><일>24</일><일련번호>11350-166</일련번호><전용면적>59.34</전용면적><중개사소재지>서울 노원구</중개사소재지><지번>705</지번><지역코드>11350</지역코드><층>13</층><해제사유발생일> </해제사유발생일><해제여부> </해제여부></item><item><거래금액>    99,000</거래금액><거래유형>직거래</거래유형><건축년도>2022</건축년도><년>2022</년><도로명>동일로192다길</도로명><도로명건물본번호코드>00051</도로명건물본번호코드><도로명건물부번호코드>00000</도로명건물부번호코드><도로명시군구코드>11350</도로명시군구코드><도로명일련번호코드>00</도로명일련번호코드><도로명지상지하코드>0</도로명지상지하코드><도로명코드>4130188</도로명코드><법정동> 공릉동</법정동><법정동본번코드>0366</법정동본번코드><법정동부번코드>0015</법정동부번코드><법정동시군구코드>11350</법정동시군구코드><법정동읍면동코드>10300</법정동읍면동코드><법정동지번코드>1</법정동지번코드><아파트>테라파크뷰</아파트><월>11</월><일>29</일><일련번호>11350-2328</일련번호><전용면적>78.06</전용면적><중개사소재지> </중개사소재지><지번>366-15</지번><지역코드>11350</지역코드><층>10</층><해제사유발생일> </해제사유발생일><해제여부> </해제여부></item><item><거래금액>    71,000</거래금액><거래유형>중개거래</거래유형><건축년도>1997</건축년도><년>2022</년><도로명>한글비석로</도로명><도로명건물본번호코드>00091</도로명건물본번호코드><도로명건물부번호코드>00000</도로명건물부번호코드><도로명시군구코드>11350</도로명시군구코드><도로명일련번호코드>01</도로명일련번호코드><도로명지상지하코드>0</도로명지상지하코드><도로명코드>3110009</도로명코드><법정동> 하계동</법정동><법정동본번코드>0251</법정동본번코드><법정동부번코드>0000</법정동부번코드><법정동시군구코드>11350</법정동시군구코드><법정동읍면동코드>10400</법정동읍면동코드><법정동지번코드>1</법정동지번코드><아파트>하계1청구</아파트><월>11</월><일>9</일><일련번호>11350-78</일련번호><전용면적>84.6</전용면적><중개사소재지>서울 도봉구</중개사소재지><지번>251</지번><지역코드>11350</지역코드><층>4</층><해제사유발생일> </해제사유발생일><해제여부> </해제여부></item><item><거래금액>    61,000</거래금액><거래유형>중개거래</거래유형><건축년도>1988</건축년도><년>2022</년><도로명>동일로</도로명><도로명건물본번호코드>01456</도로명건물본번호코드><도로명건물부번호코드>00000</도로명건물부번호코드><도로명시군구코드>11350</도로명시군구코드><도로명일련번호코드>02</도로명일련번호코드><도로명지상지하코드>0</도로명지상지하코드><도로명코드>3000001</도로명코드><법정동> 상계동</법정동><법정동본번코드>0691</법정동본번코드><법정동부번코드>0000</법정동부번코드><법정동시군구코드>11350</법정동시군구코드><법정동읍면동코드>10500</법정동읍면동코드><법정동지번코드>1</법정동지번코드><아파트>상계주공7(고층)</아파트><월>11</월><일>3</일><일련번호>11350-41</일련번호><전용면적>49.94</전용면적><중개사소재지>서울 노원구</중개사소재지><지번>691</지번><지역코드>11350</지역코드><층>2</층><해제사유발생일> </해제사유발생일><해제여부> </해제여부></item><item><거래금액>    42,500</거래금액><거래유형>중개거래</거래유형><건축년도>2006</건축년도><년>2022</년><도로명>덕릉로127길</도로명><도로명건물본번호코드>00025</도로명건물본번호코드><도로명건물부번호코드>00000</도로명건물부번호코드><도로명시군구코드>11350</도로명시군구코드><도로명일련번호코드>01</도로명일련번호코드><도로명지상지하코드>0</도로명지상지하코드><도로명코드>4130127</도로명코드><법정동> 상계동</법정동><법정동본번코드>1320</법정동본번코드><법정동부번코드>0000</법정동부번코드><법정동시군구코드>11350</법정동시군구코드><법정동읍면동코드>10500</법정동읍면동코드><법정동지번코드>1</법정동지번코드><아파트>미라보(성림)</아파트><월>11</월><일>4</일><일련번호>11350-8</일련번호><전용면적>60</전용면적><중개사소재지>서울 노원구</중개사소재지><지번>1320</지번><지역코드>11350</지역코드><층>14</층><해제사유발생일> </해제사유발생일><해제여부> </해제여부></item><item><거래금액>    55,000</거래금액><거래유형>중개거래</거래유형><건축년도>1988</건축년도><년>2022</년><도로명>노원로</도로명><도로명건물본번호코드>00564</도로명건물본번호코드><도로명건물부번호코드>00000</도로명건물부번호코드><도로명시군구코드>11350</도로명시군구코드><도로명일련번호코드>03</도로명일련번호코드><도로명지상지하코드>0</도로명지상지하코드><도로명코드>3110002</도로명코드><법정동> 상계동</법정동><법정동본번코드>0666</법정동본번코드><법정동부번코드>0000</법정동부번코드><법정동시군구코드>11350</법정동시군구코드><법정동읍면동코드>10500</법정동읍면동코드><법정동지번코드>1</법정동지번코드><아파트>상계주공10(고층)</아파트><월>11</월><일>6</일><일련번호>11350-30</일련번호><전용면적>59.2</전용면적><중개사소재지>서울 노원구</중개사소재지><지번>666</지번><지역코드>11350</지역코드><층>11</층><해제사유발생일>22.12.20</해제사유발생일><해제여부>O</해제여부></item><item><거래금액>    55,000</거래금액><거래유형>중개거래</거래유형><건축년도>1988</건축년도><년>2022</년><도로명>노원로</도로명><도로명건물본번호코드>00564</도로명건물본번호코드><도로명건물부번호코드>00000</도로명건물부번호코드><도로명시군구코드>11350</도로명시군구코드><도로명일련번호코드>03</도로명일련번호코드><도로명지상지하코드>0</도로명지상지하코드><도로명코드>3110002</도로명코드><법정동> 상계동</법정동><법정동본번코드>0666</법정동본번코드><법정동부번코드>0000</법정동부번코드><법정동시군구코드>11350</법정동시군구코드><법정동읍면동코드>10500</법정동읍면동코드><법정동지번코드>1</법정동지번코드><아파트>상계주공10(고층)</아파트><월>11</월><일>6</일><일련번호>11350-30</일련번호><전용면적>59.2</전용면적><중개사소재지>서울 노원구</중개사소재지><지번>666</지번><지역코드>11350</지역코드><층>11</층><해제사유발생일> </해제사유발생일><해제여부> </해제여부></item><item><거래금액>    42,000</거래금액><거래유형>중개거래</거래유형><건축년도>1988</건축년도><년>2022</년><도로명>노해로</도로명><도로명건물본번호코드>00508</도로명건물본번호코드><도로명건물부번호코드>00000</도로명건물부번호코드><도로명시군구코드>11350</도로명시군구코드><도로명일련번호코드>01</도로명일련번호코드><도로명지상지하코드>0</도로명지상지하코드><도로명코드>3005047</도로명코드><법정동> 상계동</법정동><법정동본번코드>0720</법정동본번코드><법정동부번코드>0000</법정동부번코드><법정동시군구코드>11350</법정동시군구코드><법정동읍면동코드>10500</법정동읍면동코드><법정동지번코드>1</법정동지번코드><아파트>상계주공6(고층)</아파트><월>11</월><일>7</일><일련번호>11350-40</일련번호><전용면적>32.39</전용면적><중개사소재지>서울 노원구</중개사소재지><지번>720</지번><지역코드>11350</지역코드><층>15</층><해제사유발생일> </해제사유발생일><해제여부> </해제여부></item><item><거래금액>    38,000</거래금액><거래유형>중개거래</거래유형><건축년도>1989</건축년도><년>2022</년><도로명>한글비석로</도로명><도로명건물본번호코드>00396</도로명건물본번호코드><도로명건물부번호코드>00000</도로명건물부번호코드><도로명시군구코드>11350</도로명시군구코드><도로명일련번호코드>02</도로명일련번호코드><도로명지상지하코드>0</도로명지상지하코드><도로명코드>3110009</도로명코드><법정동> 상계동</법정동><법정동본번코드>0173</법정동본번코드><법정동부번코드>0001</법정동부번코드><법정동시군구코드>11350</법정동시군구코드><법정동읍면동코드>10500</법정동읍면동코드><법정동지번코드>1</법정동지번코드><아파트>벽산</아파트><월>11</월><일>8</일><일련번호>11350-10</일련번호><전용면적>43.35</전용면적><중개사소재지>서울 노원구</중개사소재지><지번>173-1</지번><지역코드>11350</지역코드><층>11</층><해제사유발생일>23.02.03</해제사유발생일><해제여부>O</해제여부></item><item><거래금액>    60,000</거래금액><거래유형>중개거래</거래유형><건축년도>1988</건축년도><년>2022</년><도로명>노원로</도로명><도로명건물본번호코드>00564</도로명건물본번호코드><도로명건물부번호코드>00000</도로명건물부번호코드><도로명시군구코드>11350</도로명시군구코드><도로명일련번호코드>03</도로명일련번호코드><도로명지상지하코드>0</도로명지상지하코드><도로명코드>3110002</도로명코드><법정동> 상계동</법정동><법정동본번코드>0666</법정동본번코드><법정동부번코드>0000</법정동부번코드><법정동시군구코드>11350</법정동시군구코드><법정동읍면동코드>10500</법정동읍면동코드><법정동지번코드>1</법정동지번코드><아파트>상계주공10(고층)</아파트><월>11</월><일>8</일><일련번호>11350-30</일련번호><전용면적>59.28</전용면적><중개사소재지>서울 노원구</중개사소재지><지번>666</지번><지역코드>11350</지역코드><층>14</층><해제사유발생일> </해제사유발생일><해제여부> </해제여부></item><item><거래금액>    38,000</거래금액><거래유형>중개거래</거래유형><건축년도>1989</건축년도><년>2022</년><도로명>한글비석로</도로명><도로명건물본번호코드>00396</도로명건물본번호코드><도로명건물부번호코드>00000</도로명건물부번호코드><도로명시군구코드>11350</도로명시군구코드><도로명일련번호코드>02</도로명일련번호코드><도로명지상지하코드>0</도로명지상지하코드><도로명코드>3110009</도로명코드><법정동> 상계동</법정동><법정동본번코드>0173</법정동본번코드><법정동부번코드>0001</법정동부번코드><법정동시군구코드>11350</법정동시군구코드><법정동읍면동코드>10500</법정동읍면동코드><법정동지번코드>1</법정동지번코드><아파트>벽산</아파트><월>11</월><일>8</일><일련번호>11350-10</일련번호><전용면적>43.35</전용면적><중개사소재지>서울 노원구</중개사소재지><지번>173-1</지번><지역코드>11350</지역코드><층>11</층><해제사유발생일> </해제사유발생일><해제여부> </해제여부></item><item><거래금액>    77,000</거래금액><거래유형>중개거래</거래유형><건축년도>2020</건축년도><년>2022</년><도로명>노원로38길</도로명><도로명건물본번호코드>00076</도로명건물본번호코드><도로명건물부번호코드>00000</도로명건물부번호코드><도로명시군구코드>11350</도로명시군구코드><도로명일련번호코드>01</도로명일련번호코드><도로명지상지하코드>0</도로명지상지하코드><도로명코드>4130083</도로명코드><법정동> 상계동</법정동><법정동본번코드>0680</법정동본번코드><법정동부번코드>0000</법정동부번코드><법정동시군구코드>11350</법정동시군구코드><법정동읍면동코드>10500</법정동읍면동코드><법정동지번코드>1</법정동지번코드><아파트>포레나노원</아파트><월>11</월><일>11</일><일련번호>11350-2302</일련번호><전용면적>59.9428</전용면적><중개사소재지>서울 노원구</중개사소재지><지번>680</지번><지역코드>11350</지역코드><층>28</층><해제사유발생일> </해제사유발생일><해제여부> </해제여부></item><item><거래금액>    30,000</거래금액><거래유형>직거래</거래유형><건축년도>1998</건축년도><년>2022</년><도로명>동일로245길</도로명><도로명건물본번호코드>00162</도로명건물본번호코드><도로명건물부번호코드>00000</도로명건물부번호코드><도로명시군구코드>11350</도로명시군구코드><도로명일련번호코드>01</도로명일련번호코드><도로명지상지하코드>0</도로명지상지하코드><도로명코드>4130254</도로명코드><법정동> 상계동</법정동><법정동본번코드>1255</법정동본번코드><법정동부번코드>0000</법정동부번코드><법정동시군구코드>11350</법정동시군구코드><법정동읍면동코드>10500</법정동읍면동코드><법정동지번코드>1</법정동지번코드><아파트>은빛1단지</아파트><월>11</월><일>14</일><일련번호>11350-19</일련번호><전용면적>39.7</전용면적><중개사소재지> </중개사소재지><지번>1255</지번><지역코드>11350</지역코드><층>3</층><해제사유발생일> </해제사유발생일><해제여부> </해제여부></item><item><거래금액>    72,000</거래금액><거래유형>중개거래</거래유형><건축년도>2021</건축년도><년>2022</년><도로명>수락산로</도로명><도로명건물본번호코드>00012</도로명건물본번호코드><도로명건물부번호코드>00000</도로명건물부번호코드><도로명시군구코드>11350</도로명시군구코드><도로명일련번호코드>01</도로명일련번호코드><도로명지상지하코드>0</도로명지상지하코드><도로명코드>3110006</도로명코드><법정동> 상계동</법정동><법정동본번코드>1355</법정동본번코드><법정동부번코드>0000</법정동부번코드><법정동시군구코드>11350</법정동시군구코드><법정동읍면동코드>10500</법정동읍면동코드><법정동지번코드>1</법정동지번코드><아파트>노원센트럴푸르지오</아파트><월>11</월><일>14</일><일련번호>11350-2275</일련번호><전용면적>59.996</전용면적><중개사소재지>서울 노원구</중개사소재지><지번>1355</지번><지역코드>11350</지역코드><층>7</층><해제사유발생일> </해제사유발생일><해제여부> </해제여부></item><item><거래금액>    87,000</거래금액><거래유형>중개거래</거래유형><건축년도>1988</건축년도><년>2022</년><도로명>덕릉로</도로명><도로명건물본번호코드>00459</도로명건물본번호코드><도로명건물부번호코드>00018</도로명건물부번호코드><도로명시군구코드>11350</도로명시군구코드><도로명일련번호코드>01</도로명일련번호코드><도로명지상지하코드>0</도로명지상지하코드><도로명코드>3000004</도로명코드><법정동> 상계동</법정동><법정동본번코드>0766</법정동본번코드><법정동부번코드>0001</법정동부번코드><법정동시군구코드>11350</법정동시군구코드><법정동읍면동코드>10500</법정동읍면동코드><법정동지번코드>1</법정동지번코드><아파트>미도</아파트><월>11</월><일>15</일><일련번호>11350-7</일련번호><전용면적>87.57</전용면적><중개사소재지>서울 노원구</중개사소재지><지번>766-1</지번><지역코드>11350</지역코드><층>13</층><해제사유발생일> </해제사유발생일><해제여부> </해제여부></item><item><거래금액>    57,000</거래금액><거래유형>중개거래</거래유형><건축년도>1988</건축년도><년>2022</년><도로명>노해로</도로명><도로명건물본번호코드>00508</도로명건물본번호코드><도로명건물부번호코드>00000</도로명건물부번호코드><도로명시군구코드>11350</도로명시군구코드><도로명일련번호코드>01</도로명일련번호코드><도로명지상지하코드>0</도로명지상지하코드><도로명코드>3005047</도로명코드><법정동> 상계동</법정동><법정동본번코드>0720</법정동본번코드><법정동부번코드>0000</법정동부번코드><법정동시군구코드>11350</법정동시군구코드><법정동읍면동코드>10500</법정동읍면동코드><법정동지번코드>1</법정동지번코드><아파트>상계주공6(고층)</아파트><월>11</월><일>16</일><일련번호>11350-40</일련번호><전용면적>58.01</전용면적><중개사소재지>서울 노원구</중개사소재지><지번>720</지번><지역코드>11350</지역코드><층>1</층><해제사유발생일> </해제사유발생일><해제여부> </해제여부></item><item><거래금액>    40,000</거래금액><거래유형>중개거래</거래유형><건축년도>1988</건축년도><년>2022</년><도로명>동일로227길</도로명><도로명건물본번호코드>00025</도로명건물본번호코드><도로명건물부번호코드>00000</도로명건물부번호코드><도로명시군구코드>11350</도로명시군구코드><도로명일련번호코드>01</도로명일련번호코드><도로명지상지하코드>0</도로명지상지하코드><도로명코드>4130216</도로명코드><법정동> 상계동</법정동><법정동본번코드>0652</법정동본번코드><법정동부번코드>0000</법정동부번코드><법정동시군구코드>11350</법정동시군구코드><법정동읍면동코드>10500</법정동읍면동코드><법정동지번코드>1</법정동지번코드><아파트>상계주공11(고층)</아파트><월>11</월><일>18</일><일련번호>11350-31</일련번호><전용면적>41.3</전용면적><중개사소재지>서울 노원구</중개사소재지><지번>652</지번><지역코드>11350</지역코드><층>12</층><해제사유발생일> </해제사유발생일><해제여부> </해제여부></item><item><거래금액>    39,700</거래금액><거래유형>중개거래</거래유형><건축년도>1989</건축년도><년>2022</년><도로명>수락산로</도로명><도로명건물본번호코드>00174</도로명건물본번호코드><도로명건물부번호코드>00000</도로명건물부번호코드><도로명시군구코드>11350</도로명시군구코드><도로명일련번호코드>01</도로명일련번호코드><도로명지상지하코드>0</도로명지상지하코드><도로명코드>3110006</도로명코드><법정동> 상계동</법정동><법정동본번코드>0626</법정동본번코드><법정동부번코드>0000</법정동부번코드><법정동시군구코드>11350</법정동시군구코드><법정동읍면동코드>10500</법정동읍면동코드><법정동지번코드>1</법정동지번코드><아파트>상계주공14(고층)</아파트><월>11</월><일>19</일><일련번호>11350-34</일련번호><전용면적>45.55</전용면적><중개사소재지>서울 노원구</중개사소재지><지번>626</지번><지역코드>11350</지역코드><층>9</층><해제사유발생일> </해제사유발생일><해제여부> </해제여부></item><item><거래금액>    70,000</거래금액><거래유형>중개거래</거래유형><건축년도>1987</건축년도><년>2022</년><도로명>동일로215길</도로명><도로명건물본번호코드>00048</도로명건물본번호코드><도로명건물부번호코드>00000</도로명건물부번호코드><도로명시군구코드>11350</도로명시군구코드><도로명일련번호코드>01</도로명일련번호코드><도로명지상지하코드>0</도로명지상지하코드><도로명코드>4130208</도로명코드><법정동> 상계동</법정동><법정동본번코드>0730</법정동본번코드><법정동부번코드>0002</법정동부번코드><법정동시군구코드>11350</법정동시군구코드><법정동읍면동코드>10500</법정동읍면동코드><법정동지번코드>1</법정동지번코드><아파트>상계주공3(고층)</아파트><월>11</월><일>21</일><일련번호>11350-37</일련번호><전용면적>59.39</전용면적><중개사소재지>서울 노원구</중개사소재지><지번>730-2</지번><지역코드>11350</지역코드><층>5</층><해제사유발생일> </해제사유발생일><해제여부> </해제여부></item><item><거래금액>    45,000</거래금액><거래유형>직거래</거래유형><건축년도>1988</건축년도><년>2022</년><도로명>동일로214길</도로명><도로명건물본번호코드>00021</도로명건물본번호코드><도로명건물부번호코드>00000</도로명건물부번호코드><도로명시군구코드>11350</도로명시군구코드><도로명일련번호코드>01</도로명일련번호코드><도로명지상지하코드>0</도로명지상지하코드><도로명코드>4130207</도로명코드><법정동> 상계동</법정동><법정동본번코드>0749</법정동본번코드><법정동부번코드>0005</법정동부번코드><법정동시군구코드>11350</법정동시군구코드><법정동읍면동코드>10500</법정동읍면동코드><법정동지번코드>1</법정동지번코드><아파트>상계주공4(고층)</아파트><월>11</월><일>21</일><일련번호>11350-38</일련번호><전용면적>41.3</전용면적><중개사소재지> </중개사소재지><지번>749-5</지번><지역코드>11350</지역코드><층>10</층><해제사유발생일> </해제사유발생일><해제여부> </해제여부></item><item><거래금액>    51,000</거래금액><거래유형>직거래</거래유형><건축년도>1988</건축년도><년>2022</년><도로명>노해로</도로명><도로명건물본번호코드>00508</도로명건물본번호코드><도로명건물부번호코드>00000</도로명건물부번호코드><도로명시군구코드>11350</도로명시군구코드><도로명일련번호코드>01</도로명일련번호코드><도로명지상지하코드>0</도로명지상지하코드><도로명코드>3005047</도로명코드><법정동> 상계동</법정동><법정동본번코드>0720</법정동본번코드><법정동부번코드>0000</법정동부번코드><법정동시군구코드>11350</법정동시군구코드><법정동읍면동코드>10500</법정동읍면동코드><법정동지번코드>1</법정동지번코드><아파트>상계주공6(고층)</아파트><월>11</월><일>23</일><일련번호>11350-40</일련번호><전용면적>59.39</전용면적><중개사소재지> </중개사소재지><지번>720</지번><지역코드>11350</지역코드><층>12</층><해제사유발생일> </해제사유발생일><해제여부> </해제여부></item><item><거래금액>    69,000</거래금액><거래유형>중개거래</거래유형><건축년도>1987</건축년도><년>2022</년><도로명>동일로215길</도로명><도로명건물본번호코드>00048</도로명건물본번호코드><도로명건물부번호코드>00000</도로명건물부번호코드><도로명시군구코드>11350</도로명시군구코드><도로명일련번호코드>01</도로명일련번호코드><도로명지상지하코드>0</도로명지상지하코드><도로명코드>4130208</도로명코드><법정동> 상계동</법정동><법정동본번코드>0730</법정동본번코드><법정동부번코드>0002</법정동부번코드><법정동시군구코드>11350</법정동시군구코드><법정동읍면동코드>10500</법정동읍면동코드><법정동지번코드>1</법정동지번코드><아파트>상계주공3(고층)</아파트><월>11</월><일>29</일><일련번호>11350-37</일련번호><전용면적>68.86</전용면적><중개사소재지>서울 노원구</중개사소재지><지번>730-2</지번><지역코드>11350</지역코드><층>15</층><해제사유발생일> </해제사유발생일><해제여부> </해제여부></item><item><거래금액>    40,000</거래금액><거래유형>중개거래</거래유형><건축년도>1994</건축년도><년>2022</년><도로명>동일로241길</도로명><도로명건물본번호코드>00053</도로명건물본번호코드><도로명건물부번호코드>00000</도로명건물부번호코드><도로명시군구코드>11350</도로명시군구코드><도로명일련번호코드>01</도로명일련번호코드><도로명지상지하코드>0</도로명지상지하코드><도로명코드>4130242</도로명코드><법정동> 상계동</법정동><법정동본번코드>1110</법정동본번코드><법정동부번코드>0000</법정동부번코드><법정동시군구코드>11350</법정동시군구코드><법정동읍면동코드>10500</법정동읍면동코드><법정동지번코드>1</법정동지번코드><아파트>두산</아파트><월>11</월><일>30</일><일련번호>11350-28</일련번호><전용면적>51.66</전용면적><중개사소재지>서울 노원구</중개사소재지><지번>1110</지번><지역코드>11350</지역코드><층>3</층><해제사유발생일> </해제사유발생일><해제여부> </해제여부></item><item><거래금액>    40,000</거래금액><거래유형>중개거래</거래유형><건축년도>1988</건축년도><년>2022</년><도로명>동일로227길</도로명><도로명건물본번호코드>00025</도로명건물본번호코드><도로명건물부번호코드>00000</도로명건물부번호코드><도로명시군구코드>11350</도로명시군구코드><도로명일련번호코드>01</도로명일련번호코드><도로명지상지하코드>0</도로명지상지하코드><도로명코드>4130216</도로명코드><법정동> 상계동</법정동><법정동본번코드>0652</법정동본번코드><법정동부번코드>0000</법정동부번코드><법정동시군구코드>11350</법정동시군구코드><법정동읍면동코드>10500</법정동읍면동코드><법정동지번코드>1</법정동지번코드><아파트>상계주공11(고층)</아파트><월>11</월><일>30</일><일련번호>11350-31</일련번호><전용면적>41.3</전용면적><중개사소재지>서울 노원구</중개사소재지><지번>652</지번><지역코드>11350</지역코드><층>12</층><해제사유발생일> </해제사유발생일><해제여부> </해제여부></item><item><거래금액>    39,000</거래금액><거래유형>중개거래</거래유형><건축년도>1992</건축년도><년>2022</년><도로명>한글비석로14길</도로명><도로명건물본번호코드>00008</도로명건물본번호코드><도로명건물부번호코드>00000</도로명건물부번호코드><도로명시군구코드>11350</도로명시군구코드><도로명일련번호코드>01</도로명일련번호코드><도로명지상지하코드>0</도로명지상지하코드><도로명코드>4130387</도로명코드><법정동> 중계동</법정동><법정동본번코드>0369</법정동본번코드><법정동부번코드>0000</법정동부번코드><법정동시군구코드>11350</법정동시군구코드><법정동읍면동코드>10600</법정동읍면동코드><법정동지번코드>1</법정동지번코드><아파트>주공2</아파트><월>11</월><일>7</일><일련번호>11350-112</일련번호><전용면적>44.52</전용면적><중개사소재지>서울 노원구</중개사소재지><지번>369</지번><지역코드>11350</지역코드><층>8</층><해제사유발생일> </해제사유발생일><해제여부> </해제여부></item><item><거래금액>   101,000</거래금액><거래유형>중개거래</거래유형><건축년도>1996</건축년도><년>2022</년><도로명>중계로</도로명><도로명건물본번호코드>00233</도로명건물본번호코드><도로명건물부번호코드>00000</도로명건물부번호코드><도로명시군구코드>11350</도로명시군구코드><도로명일련번호코드>03</도로명일련번호코드><도로명지상지하코드>0</도로명지상지하코드><도로명코드>3110007</도로명코드><법정동> 중계동</법정동><법정동본번코드>0360</법정동본번코드><법정동부번코드>0002</법정동부번코드><법정동시군구코드>11350</법정동시군구코드><법정동읍면동코드>10600</법정동읍면동코드><법정동지번코드>1</법정동지번코드><아파트>청구3</아파트><월>11</월><일>9</일><일련번호>11350-125</일련번호><전용면적>84.77</전용면적><중개사소재지>서울 노원구</중개사소재지><지번>360-2</지번><지역코드>11350</지역코드><층>6</층><해제사유발생일> </해제사유발생일><해제여부> </해제여부></item><item><거래금액>    39,000</거래금액><거래유형>중개거래</거래유형><건축년도>1992</건축년도><년>2022</년><도로명>중계로</도로명><도로명건물본번호코드>00230</도로명건물본번호코드><도로명건물부번호코드>00000</도로명건물부번호코드><도로명시군구코드>11350</도로명시군구코드><도로명일련번호코드>03</도로명일련번호코드><도로명지상지하코드>0</도로명지상지하코드><도로명코드>3110007</도로명코드><법정동> 중계동</법정동><법정동본번코드>0359</법정동본번코드><법정동부번코드>0001</법정동부번코드><법정동시군구코드>11350</법정동시군구코드><법정동읍면동코드>10600</법정동읍면동코드><법정동지번코드>1</법정동지번코드><아파트>주공5</아파트><월>11</월><일>12</일><일련번호>11350-114</일련번호><전용면적>38.64</전용면적><중개사소재지>서울 노원구</중개사소재지><지번>359-1</지번><지역코드>11350</지역코드><층>5</층><해제사유발생일> </해제사유발생일><해제여부> </해제여부></item><item><거래금액>    48,000</거래금액><거래유형>직거래</거래유형><건축년도>1998</건축년도><년>2022</년><도로명>덕릉로</도로명><도로명건물본번호코드>00718</도로명건물본번호코드><도로명건물부번호코드>00000</도로명건물부번호코드><도로명시군구코드>11350</도로명시군구코드><도로명일련번호코드>02</도로명일련번호코드><도로명지상지하코드>0</도로명지상지하코드><도로명코드>3000004</도로명코드><법정동> 중계동</법정동><법정동본번코드>0586</법정동본번코드><법정동부번코드>0000</법정동부번코드><법정동시군구코드>11350</법정동시군구코드><법정동읍면동코드>10600</법정동읍면동코드><법정동지번코드>1</법정동지번코드><아파트>LIG건영</아파트><월>11</월><일>16</일><일련번호>11350-89</일련번호><전용면적>59.92</전용면적><중개사소재지> </중개사소재지><지번>586</지번><지역코드>11350</지역코드><층>9</층><해제사유발생일> </해제사유발생일><해제여부> </해제여부></item><item><거래금액>   110,000</거래금액><거래유형>중개거래</거래유형><건축년도>1993</건축년도><년>2022</년><도로명>중계로</도로명><도로명건물본번호코드>00184</도로명건물본번호코드><도로명건물부번호코드>00000</도로명건물부번호코드><도로명시군구코드>11350</도로명시군구코드><도로명일련번호코드>03</도로명일련번호코드><도로명지상지하코드>0</도로명지상지하코드><도로명코드>3110007</도로명코드><법정동> 중계동</법정동><법정동본번코드>0366</법정동본번코드><법정동부번코드>0000</법정동부번코드><법정동시군구코드>11350</법정동시군구코드><법정동읍면동코드>10600</법정동읍면동코드><법정동지번코드>1</법정동지번코드><아파트>신동아(366)</아파트><월>11</월><일>18</일><일련번호>11350-103</일련번호><전용면적>115.35</전용면적><중개사소재지>서울 노원구</중개사소재지><지번>366</지번><지역코드>11350</지역코드><층>4</층><해제사유발생일> </해제사유발생일><해제여부> </해제여부></item><item><거래금액>    48,000</거래금액><거래유형>중개거래</거래유형><건축년도>1990</건축년도><년>2022</년><도로명>동일로207길</도로명><도로명건물본번호코드>00017</도로명건물본번호코드><도로명건물부번호코드>00000</도로명건물부번호코드><도로명시군구코드>11350</도로명시군구코드><도로명일련번호코드>02</도로명일련번호코드><도로명지상지하코드>0</도로명지상지하코드><도로명코드>4130202</도로명코드><법정동> 중계동</법정동><법정동본번코드>0502</법정동본번코드><법정동부번코드>0001</법정동부번코드><법정동시군구코드>11350</법정동시군구코드><법정동읍면동코드>10600</법정동읍면동코드><법정동지번코드>1</법정동지번코드><아파트>중계그린1단지</아파트><월>11</월><일>19</일><일련번호>11350-120</일련번호><전용면적>39.78</전용면적><중개사소재지>서울 노원구</중개사소재지><지번>502-1</지번><지역코드>11350</지역코드><층>9</층><해제사유발생일> </해제사유발생일><해제여부> </해제여부></item><item><거래금액>   100,000</거래금액><거래유형>중개거래</거래유형><건축년도>1995</건축년도><년>2022</년><도로명>노원로22길</도로명><도로명건물본번호코드>00071</도로명건물본번호코드><도로명건물부번호코드>00000</도로명건물부번호코드><도로명시군구코드>11350</도로명시군구코드><도로명일련번호코드>01</도로명일련번호코드><도로명지상지하코드>0</도로명지상지하코드><도로명코드>4130074</도로명코드><법정동> 중계동</법정동><법정동본번코드>0360</법정동본번코드><법정동부번코드>0015</법정동부번코드><법정동시군구코드>11350</법정동시군구코드><법정동읍면동코드>10600</법정동읍면동코드><법정동지번코드>1</법정동지번코드><아파트>건영3</아파트><월>11</월><일>24</일><일련번호>11350-88</일련번호><전용면적>84.9</전용면적><중개사소재지>서울 노원구</중개사소재지><지번>360-15</지번><지역코드>11350</지역코드><층>10</층><해제사유발생일> </해제사유발생일><해제여부> </해제여부></item><item><거래금액>   104,000</거래금액><거래유형>중개거래</거래유형><건축년도>1996</건축년도><년>2022</년><도로명>중계로</도로명><도로명건물본번호코드>00233</도로명건물본번호코드><도로명건물부번호코드>00000</도로명건물부번호코드><도로명시군구코드>11350</도로명시군구코드><도로명일련번호코드>03</도로명일련번호코드><도로명지상지하코드>0</도로명지상지하코드><도로명코드>3110007</도로명코드><법정동> 중계동</법정동><법정동본번코드>0360</법정동본번코드><법정동부번코드>0002</법정동부번코드><법정동시군구코드>11350</법정동시군구코드><법정동읍면동코드>10600</법정동읍면동코드><법정동지번코드>1</법정동지번코드><아파트>청구3</아파트><월>11</월><일>24</일><일련번호>11350-125</일련번호><전용면적>84.77</전용면적><중개사소재지>서울 노원구</중개사소재지><지번>360-2</지번><지역코드>11350</지역코드><층>6</층><해제사유발생일> </해제사유발생일><해제여부> </해제여부></item><item><거래금액>   122,000</거래금액><거래유형>중개거래</거래유형><건축년도>1993</건축년도><년>2022</년><도로명>한글비석로8길</도로명><도로명건물본번호코드>00020</도로명건물본번호코드><도로명건물부번호코드>00000</도로명건물부번호코드><도로명시군구코드>11350</도로명시군구코드><도로명일련번호코드>01</도로명일련번호코드><도로명지상지하코드>0</도로명지상지하코드><도로명코드>4130431</도로명코드><법정동> 중계동</법정동><법정동본번코드>0363</법정동본번코드><법정동부번코드>0000</법정동부번코드><법정동시군구코드>11350</법정동시군구코드><법정동읍면동코드>10600</법정동읍면동코드><법정동지번코드>1</법정동지번코드><아파트>대림벽산(363)</아파트><월>11</월><일>24</일><일련번호>11350-92</일련번호><전용면적>141.45</전용면적><중개사소재지>서울 노원구</중개사소재지><지번>363</지번><지역코드>11350</지역코드><층>9</층><해제사유발생일> </해제사유발생일><해제여부> </해제여부></item><item><거래금액>    50,800</거래금액><거래유형>중개거래</거래유형><건축년도>1989</건축년도><년>2022</년><도로명>섬밭로</도로명><도로명건물본번호코드>00265</도로명건물본번호코드><도로명건물부번호코드>00000</도로명건물부번호코드><도로명시군구코드>11350</도로명시군구코드><도로명일련번호코드>03</도로명일련번호코드><도로명지상지하코드>0</도로명지상지하코드><도로명코드>3110005</도로명코드><법정동> 중계동</법정동><법정동본번코드>0505</법정동본번코드><법정동부번코드>0000</법정동부번코드><법정동시군구코드>11350</법정동시군구코드><법정동읍면동코드>10600</법정동읍면동코드><법정동지번코드>1</법정동지번코드><아파트>상아</아파트><월>11</월><일>27</일><일련번호>11350-99</일련번호><전용면적>51.29</전용면적><중개사소재지>서울 노원구</중개사소재지><지번>505</지번><지역코드>11350</지역코드><층>8</층><해제사유발생일> </해제사유발생일><해제여부> </해제여부></item><item><거래금액>    35,000</거래금액><거래유형>중개거래</거래유형><건축년도>1992</건축년도><년>2022</년><도로명>한글비석로14길</도로명><도로명건물본번호코드>00008</도로명건물본번호코드><도로명건물부번호코드>00000</도로명건물부번호코드><도로명시군구코드>11350</도로명시군구코드><도로명일련번호코드>01</도로명일련번호코드><도로명지상지하코드>0</도로명지상지하코드><도로명코드>4130387</도로명코드><법정동> 중계동</법정동><법정동본번코드>0369</법정동본번코드><법정동부번코드>0000</법정동부번코드><법정동시군구코드>11350</법정동시군구코드><법정동읍면동코드>10600</법정동읍면동코드><법정동지번코드>1</법정동지번코드><아파트>주공2</아파트><월>11</월><일>28</일><일련번호>11350-112</일련번호><전용면적>44.52</전용면적><중개사소재지>서울 노원구, 서울 서초구</중개사소재지><지번>369</지번><지역코드>11350</지역코드><층>6</층><해제사유발생일> </해제사유발생일><해제여부> </해제여부></item><item><거래금액>    44,500</거래금액><거래유형>중개거래</거래유형><건축년도>1991</건축년도><년>2022</년><도로명>덕릉로76길</도로명><도로명건물본번호코드>00029</도로명건물본번호코드><도로명건물부번호코드>00000</도로명건물부번호코드><도로명시군구코드>11350</도로명시군구코드><도로명일련번호코드>01</도로명일련번호코드><도로명지상지하코드>0</도로명지상지하코드><도로명코드>4130151</도로명코드><법정동> 중계동</법정동><법정동본번코드>0358</법정동본번코드><법정동부번코드>0002</법정동부번코드><법정동시군구코드>11350</법정동시군구코드><법정동읍면동코드>10600</법정동읍면동코드><법정동지번코드>1</법정동지번코드><아파트>주공4</아파트><월>11</월><일>30</일><일련번호>11350-113</일련번호><전용면적>59.39</전용면적><중개사소재지>경기 성남수정구</중개사소재지><지번>358-2</지번><지역코드>11350</지역코드><층>12</층><해제사유발생일> </해제사유발생일><해제여부> </해제여부></item><item><거래금액>    72,100</거래금액><거래유형>직거래</거래유형><건축년도>1993</건축년도><년>2022</년><도로명>중계로8길</도로명><도로명건물본번호코드>00106</도로명건물본번호코드><도로명건물부번호코드>00000</도로명건물부번호코드><도로명시군구코드>11350</도로명시군구코드><도로명일련번호코드>01</도로명일련번호코드><도로명지상지하코드>0</도로명지상지하코드><도로명코드>4130375</도로명코드><법정동> 중계동</법정동><법정동본번코드>0577</법정동본번코드><법정동부번코드>0000</법정동부번코드><법정동시군구코드>11350</법정동시군구코드><법정동읍면동코드>10600</법정동읍면동코드><법정동지번코드>1</법정동지번코드><아파트>현대1(4차)</아파트><월>11</월><일>30</일><일련번호>11350-128</일련번호><전용면적>84.99</전용면적><중개사소재지> </중개사소재지><지번>577</지번><지역코드>11350</지역코드><층>4</층><해제사유발생일> </해제사유발생일><해제여부> </해제여부></item></items><numOfRows>999</numOfRows><pageNo>1</pageNo><totalCount>47</totalCount></body></response>