<?xml version="1.0" encoding="UTF-8" standalone="yes"?><response><header><resultCode>00</resultCode><resultMsg>NORMAL SERVICE.</resultMsg></header><body><items><item><거래금액>    41,200</거래금액><거래유형>중개거래</거래유형><건축년도>1997</건축년도><년>2022</년><도로명>우이천로</도로명><도로명건물본번호코드>00102</도로명건물본번호코드><도로명건물부번호코드>00000</도로명건물부번호코드><도로명시군구코드>11350</도로명시군구코드><도로명일련번호코드>01</도로명일련번호코드><도로명지상지하코드>0</도로명지상지하코드><도로명코드>3109008</도로명코드><법정동> 월계동</법정동><법정동본번코드>0924</법정동본번코드><법정동부번코드>0000</법정동부번코드><법정동시군구코드>11350</법정동시군구코드><법정동읍면동코드>10200</법정동읍면동코드><법정동지번코드>1</법정동지번코드><아파트>초안2</아파트><월>9</월><일>3</일><일련번호>11350-152</일련번호><전용면적>49.6</전용면적><중개사소재지>서울 노원구</중개사소재지><지번>924</지번><지역코드>11350</지역코드><층>1</층><해제사유발생일> </해제사유발생일><해제여부> </해제여부></item><item><거래금액>    64,500</거래금액><거래유형>중개거래</거래유형><건축년도>1986</건축년도><년>2022</년><도로명>마들로</도로명><도로명건물본번호코드>00059</도로명건물본번호코드><도로명건물부번호코드>00000</도로명건물부번호코드><도로명시군구코드>11350</도로명시군구코드><도로명일련번호코드>01</도로명일련번호코드><도로명지상지하코드>0</도로명지상지하코드><도로명코드>3109006</도로명코드><법정동> 월계동</법정동><법정동본번코드>0013</법정동본번코드><법정동부번코드>0000</법정동부번코드><법정동시군구코드>11350</법정동시군구코드><법정동읍면동코드>10200</법정동읍면동코드><법정동지번코드>1</법정동지번코드><아파트>미성</아파트><월>9</월><일>7</일><일련번호>11350-140</일련번호><전용면적>50.14</전용면적><중개사소재지>서울 노원구</중개사소재지><지번>13</지번><지역코드>11350</지역코드><층>9</층><해제사유발생일> </해제사유발생일><해제여부> </해제여부></item><item><거래금액>    60,000</거래금액><거래유형>중개거래</거래유형><건축년도>1987</건축년도><년>2022</년><도로명>마들로</도로명><도로명건물본번호코드>00127</도로명건물본번호코드><도로명건물부번호코드>00000</도로명건물부번호코드><도로명시군구코드>11350</도로명시군구코드><도로명일련번호코드>01</도로명일련번호코드><도로명지상지하코드>0</도로명지상지하코드><도로명코드>3109006</도로명코드><법정동> 월계동</법정동><법정동본번코드>0012</법정동본번코드><법정동부번코드>0000</법정동부번코드><법정동시군구코드>11350</법정동시군구코드><법정동읍면동코드>10200</법정동읍면동코드><법정동지번코드>1</법정동지번코드><아파트>삼호4</아파트><월>9</월><일>17</일><일련번호>11350-143</일련번호><전용면적>50.18</전용면적><중개사소재지>서울 노원구</중개사소재지><지번>12</지번><지역코드>11350</지역코드><층>14</층><해제사유발생일> </해제사유발생일><해제여부> </해제여부></item><item><거래금액>    73,000</거래금액><거래유형>중개거래</거래유형><건축년도>2000</건축년도><년>2022</년><도로명>노원로1가길</도로명><도로명건물본번호코드>00010</도로명건물본번호코드><도로명건물부번호코드>00000</도로명건물부번호코드><도로명시군구코드>11350</도로명시군구코드><도로명일련번호코드>01</도로명일련번호코드><도로명지상지하코드>0</도로명지상지하코드><도로명코드>4130066</도로명코드><법정동> 공릉동</법정동><법정동본번코드>0091</법정동본번코드><법정동부번코드>0000</법정동부번코드><법정동시군구코드>11350</법정동시군구코드><법정동읍면동코드>10300</법정동읍면동코드><법정동지번코드>1</법정동지번코드><아파트>청솔아파트8</아파트><월>9</월><일>3</일><일련번호>11350-180</일련번호><전용면적>84.65</전용면적><중개사소재지>서울 노원구</중개사소재지><지번>91</지번><지역코드>11350</지역코드><층>12</층><해제사유발생일> </해제사유발생일><해제여부> </해제여부></item><item><거래금액>    71,500</거래금액><거래유형>중개거래</거래유형><건축년도>2000</건축년도><년>2022</년><도로명>공릉로</도로명><도로명건물본번호코드>00126</도로명건물본번호코드><도로명건물부번호코드>00000</도로명건물부번호코드><도로명시군구코드>11350</도로명시군구코드><도로명일련번호코드>01</도로명일련번호코드><도로명지상지하코드>0</도로명지상지하코드><도로명코드>3005050</도로명코드><법정동> 공릉동</법정동><법정동본번코드>0747</법정동본번코드><법정동부번코드>0000</법정동부번코드><법정동시군구코드>11350</법정동시군구코드><법정동읍면동코드>10300</법정동읍면동코드><법정동지번코드>1</법정동지번코드><아파트>두산힐스빌아파트</아파트><월>9</월><일>17</일><일련번호>11350-168</일련번호><전용면적>60</전용면적><중개사소재지>서울 노원구</중개사소재지><지번>747</지번><지역코드>11350</지역코드><층>7</층><해제사유발생일> </해제사유발생일><해제여부> </해제여부></item><item><거래금액>    65,000</거래금액><거래유형>중개거래</거래유형><건축년도>2000</건축년도><년>2022</년><도로명>공릉로46길</도로명><도로명건물본번호코드>00019</도로명건물본번호코드><도로명건물부번호코드>00000</도로명건물부번호코드><도로명시군구코드>11350</도로명시군구코드><도로명일련번호코드>01</도로명일련번호코드><도로명지상지하코드>0</도로명지상지하코드><도로명코드>4130025</도로명코드><법정동> 공릉동</법정동><법정동본번코드>0743</법정동본번코드><법정동부번코드>0000</법정동부번코드><법정동시군구코드>11350</법정동시군구코드><법정동읍면동코드>10300</법정동읍면동코드><법정동지번코드>1</법정동지번코드><아파트>공릉동한보에센시티아파트</아파트><월>9</월><일>17</일><일련번호>11350-184</일련번호><전용면적>84.93</전용면적><중개사소재지>서울 노원구</중개사소재지><지번>743</지번><지역코드>11350</지역코드><층>7</층><해제사유발생일> </해제사유발생일><해제여부> </해제여부></item><item><거래금액>    62,000</거래금액><거래유형>중개거래</거래유형><건축년도>1999</건축년도><년>2022</년><도로명>동일로195길</도로명><도로명건물본번호코드>00039</도로명건물본번호코드><도로명건물부번호코드>00000</도로명건물부번호코드><도로명시군구코드>11350</도로명시군구코드><도로명일련번호코드>01</도로명일련번호코드><도로명지상지하코드>0</도로명지상지하코드><도로명코드>4130191</도로명코드><법정동> 공릉동</법정동><법정동본번코드>0380</법정동본번코드><법정동부번코드>0001</법정동부번코드><법정동시군구코드>11350</법정동시군구코드><법정동읍면동코드>10300</법정동읍면동코드><법정동지번코드>1</법정동지번코드><아파트>대동아파트2</아파트><월>9</월><일>30</일><일련번호>11350-162</일련번호><전용면적>84.81</전용면적><중개사소재지>서울 노원구</중개사소재지><지번>380-1</지번><지역코드>11350</지역코드><층>2</층><해제사유발생일> </해제사유발생일><해제여부> </해제여부></item><item><거래금액>    51,200</거래금액><거래유형>중개거래</거래유형><건축년도>1989</건축년도><년>2022</년><도로명>섬밭로</도로명><도로명건물본번호코드>00196</도로명건물본번호코드><도로명건물부번호코드>00000</도로명건물부번호코드><도로명시군구코드>11350</도로명시군구코드><도로명일련번호코드>02</도로명일련번호코드><도로명지상지하코드>0</도로명지상지하코드><도로명코드>3110005</도로명코드><법정동> 하계동</법정동><법정동본번코드>0273</법정동본번코드><법정동부번코드>0000</법정동부번코드><법정동시군구코드>11350</법정동시군구코드><법정동읍면동코드>10400</법정동읍면동코드><법정동지번코드>1</법정동지번코드><아파트>장미(시영6)</아파트><월>9</월><일>5</일><일련번호>11350-72</일련번호><전용면적>43.41</전용면적><중개사소재지>서울 노원구, 서울 동대문구</중개사소재지><지번>273</지번><지역코드>11350</지역코드><층>5</층><해제사유발생일> </해제사유발생일><해제여부> </해제여부></item><item><거래금액>    51,000</거래금액><거래유형>중개거래</거래유형><건축년도>1989</건축년도><년>2022</년><도로명>섬밭로</도로명><도로명건물본번호코드>00196</도로명건물본번호코드><도로명건물부번호코드>00000</도로명건물부번호코드><도로명시군구코드>11350</도로명시군구코드><도로명일련번호코드>02</도로명일련번호코드><도로명지상지하코드>0</도로명지상지하코드><도로명코드>3110005</도로명코드><법정동> 하계동</법정동><법정동본번코드>0273</법정동본번코드><법정동부번코드>0000</법정동부번코드><법정동시군구코드>11350</법정동시군구코드><법정동읍면동코드>10400</법정동읍면동코드><법정동지번코드>1</법정동지번코드><아파트>장미(시영6)</아파트><월>9</월><일>7</일><일련번호>11350-72</일련번호><전용면적>43.41</전용면적><중개사소재지>경남 김해시, 서울 노원구</중개사소재지><지번>273</지번><지역코드>11350</지역코드><층>10</층><해제사유발생일>22.12.13</해제사유발생일><해제여부>O</해제여부></item><item><거래금액>    62,000</거래금액><거래유형>중개거래</거래유형><건축년도>1999</건축년도><년>2022</년><도로명>동일로207길</도로명><도로명건물본번호코드>00186</도로명건물본번호코드><도로명건물부번호코드>00000</도로명건물부번호코드><도로명시군구코드>11350</도로명시군구코드><도로명일련번호코드>01</도로명일련번호코드><도로명지상지하코드>0</도로명지상지하코드><도로명코드>4130202</도로명코드><법정동> 하계동</법정동><법정동본번코드>0354</법정동본번코드><법정동부번코드>0000</법정동부번코드><법정동시군구코드>11350</법정동시군구코드><법정동읍면동코드>10400</법정동읍면동코드><법정동지번코드>1</법정동지번코드><아파트>학여울청구</아파트><월>9</월><일>20</일><일련번호>11350-80</일련번호><전용면적>59.4</전용면적><중개사소재지>서울 노원구</중개사소재지><지번>354</지번><지역코드>11350</지역코드><층>18</층><해제사유발생일> </해제사유발생일><해제여부> </해제여부></item><item><거래금액>    55,000</거래금액><거래유형>중개거래</거래유형><건축년도>1989</건축년도><년>2022</년><도로명>공릉로59길</도로명><도로명건물본번호코드>00025</도로명건물본번호코드><도로명건물부번호코드>00000</도로명건물부번호코드><도로명시군구코드>11350</도로명시군구코드><도로명일련번호코드>01</도로명일련번호코드><도로명지상지하코드>0</도로명지상지하코드><도로명코드>4130037</도로명코드><법정동> 하계동</법정동><법정동본번코드>0274</법정동본번코드><법정동부번코드>0000</법정동부번코드><법정동시군구코드>11350</법정동시군구코드><법정동읍면동코드>10400</법정동읍면동코드><법정동지번코드>1</법정동지번코드><아파트>청솔(시영7)</아파트><월>9</월><일>22</일><일련번호>11350-73</일련번호><전용면적>49.85</전용면적><중개사소재지>서울 노원구</중개사소재지><지번>274</지번><지역코드>11350</지역코드><층>3</층><해제사유발생일> </해제사유발생일><해제여부> </해제여부></item><item><거래금액>    60,500</거래금액><거래유형>중개거래</거래유형><건축년도>1988</건축년도><년>2022</년><도로명>섬밭로</도로명><도로명건물본번호코드>00229</도로명건물본번호코드><도로명건물부번호코드>00000</도로명건물부번호코드><도로명시군구코드>11350</도로명시군구코드><도로명일련번호코드>02</도로명일련번호코드><도로명지상지하코드>0</도로명지상지하코드><도로명코드>3110005</도로명코드><법정동> 하계동</법정동><법정동본번코드>0271</법정동본번코드><법정동부번코드>0003</법정동부번코드><법정동시군구코드>11350</법정동시군구코드><법정동읍면동코드>10400</법정동읍면동코드><법정동지번코드>1</법정동지번코드><아파트>벽산</아파트><월>9</월><일>23</일><일련번호>11350-70</일련번호><전용면적>57.71</전용면적><중개사소재지>서울 노원구</중개사소재지><지번>271-3</지번><지역코드>11350</지역코드><층>9</층><해제사유발생일> </해제사유발생일><해제여부> </해제여부></item><item><거래금액>    50,000</거래금액><거래유형>중개거래</거래유형><건축년도>1989</건축년도><년>2022</년><도로명>섬밭로</도로명><도로명건물본번호코드>00196</도로명건물본번호코드><도로명건물부번호코드>00000</도로명건물부번호코드><도로명시군구코드>11350</도로명시군구코드><도로명일련번호코드>02</도로명일련번호코드><도로명지상지하코드>0</도로명지상지하코드><도로명코드>3110005</도로명코드><법정동> 하계동</법정동><법정동본번코드>0273</법정동본번코드><법정동부번코드>0000</법정동부번코드><법정동시군구코드>11350</법정동시군구코드><법정동읍면동코드>10400</법정동읍면동코드><법정동지번코드>1</법정동지번코드><아파트>장미(시영6)</아파트><월>9</월><일>24</일><일련번호>11350-72</일련번호><전용면적>43.56</전용면적><중개사소재지>서울 노원구</중개사소재지><지번>273</지번><지역코드>11350</지역코드><층>9</층><해제사유발생일> </해제사유발생일><해제여부> </해제여부></item><item><거래금액>   103,000</거래금액><거래유형>중개거래</거래유형><건축년도>1993</건축년도><년>2022</년><도로명>한글비석로</도로명><도로명건물본번호코드>00151</도로명건물본번호코드><도로명건물부번호코드>00000</도로명건물부번호코드><도로명시군구코드>11350</도로명시군구코드><도로명일련번호코드>00</도로명일련번호코드><도로명지상지하코드>0</도로명지상지하코드><도로명코드>3110009</도로명코드><법정동> 하계동</법정동><법정동본번코드>0256</법정동본번코드><법정동부번코드>0005</법정동부번코드><법정동시군구코드>11350</법정동시군구코드><법정동읍면동코드>10400</법정동읍면동코드><법정동지번코드>1</법정동지번코드><아파트>한신동성</아파트><월>9</월><일>29</일><일련번호>11350-83</일련번호><전용면적>112.24</전용면적><중개사소재지>서울 노원구</중개사소재지><지번>256-5</지번><지역코드>11350</지역코드><층>7</층><해제사유발생일> </해제사유발생일><해제여부> </해제여부></item><item><거래금액>    64,000</거래금액><거래유형>중개거래</거래유형><건축년도>1988</건축년도><년>2022</년><도로명>덕릉로</도로명><도로명건물본번호코드>00459</도로명건물본번호코드><도로명건물부번호코드>00021</도로명건물부번호코드><도로명시군구코드>11350</도로명시군구코드><도로명일련번호코드>01</도로명일련번호코드><도로명지상지하코드>0</도로명지상지하코드><도로명코드>3000004</도로명코드><법정동> 상계동</법정동><법정동본번코드>0765</법정동본번코드><법정동부번코드>0000</법정동부번코드><법정동시군구코드>11350</법정동시군구코드><법정동읍면동코드>10500</법정동읍면동코드><법정동지번코드>1</법정동지번코드><아파트>상계주공1(고층)</아파트><월>9</월><일>4</일><일련번호>11350-29</일련번호><전용면적>60.5</전용면적><중개사소재지>서울 노원구</중개사소재지><지번>765</지번><지역코드>11350</지역코드><층>8</층><해제사유발생일> </해제사유발생일><해제여부> </해제여부></item><item><거래금액>    11,000</거래금액><거래유형>중개거래</거래유형><건축년도>2014</건축년도><년>2022</년><도로명>노해로85길</도로명><도로명건물본번호코드>00010</도로명건물본번호코드><도로명건물부번호코드>00055</도로명건물부번호코드><도로명시군구코드>11350</도로명시군구코드><도로명일련번호코드>01</도로명일련번호코드><도로명지상지하코드>0</도로명지상지하코드><도로명코드>4130090</도로명코드><법정동> 상계동</법정동><법정동본번코드>0330</법정동본번코드><법정동부번코드>0029</법정동부번코드><법정동시군구코드>11350</법정동시군구코드><법정동읍면동코드>10500</법정동읍면동코드><법정동지번코드>1</법정동지번코드><아파트>소담빌</아파트><월>9</월><일>5</일><일련번호>11350-2053</일련번호><전용면적>14.65</전용면적><중개사소재지>서울 노원구, 서울 도봉구</중개사소재지><지번>330-29</지번><지역코드>11350</지역코드><층>5</층><해제사유발생일> </해제사유발생일><해제여부> </해제여부></item><item><거래금액>    59,000</거래금액><거래유형>중개거래</거래유형><건축년도>2000</건축년도><년>2022</년><도로명>동일로230가길</도로명><도로명건물본번호코드>00015</도로명건물본번호코드><도로명건물부번호코드>00000</도로명건물부번호코드><도로명시군구코드>11350</도로명시군구코드><도로명일련번호코드>01</도로명일련번호코드><도로명지상지하코드>0</도로명지상지하코드><도로명코드>4130218</도로명코드><법정동> 상계동</법정동><법정동본번코드>1295</법정동본번코드><법정동부번코드>0000</법정동부번코드><법정동시군구코드>11350</법정동시군구코드><법정동읍면동코드>10500</법정동읍면동코드><법정동지번코드>1</법정동지번코드><아파트>상계우방유쉘</아파트><월>9</월><일>13</일><일련번호>11350-18</일련번호><전용면적>84.94</전용면적><중개사소재지>서울 노원구</중개사소재지><지번>1295</지번><지역코드>11350</지역코드><층>18</층><해제사유발생일> </해제사유발생일><해제여부> </해제여부></item><item><거래금액>    11,000</거래금액><거래유형>중개거래</거래유형><건축년도>2014</건축년도><년>2022</년><도로명>노해로85길</도로명><도로명건물본번호코드>00010</도로명건물본번호코드><도로명건물부번호코드>00055</도로명건물부번호코드><도로명시군구코드>11350</도로명시군구코드><도로명일련번호코드>01</도로명일련번호코드><도로명지상지하코드>0</도로명지상지하코드><도로명코드>4130090</도로명코드><법정동> 상계동</법정동><법정동본번코드>0330</법정동본번코드><법정동부번코드>0029</법정동부번코드><법정동시군구코드>11350</법정동시군구코드><법정동읍면동코드>10500</법정동읍면동코드><법정동지번코드>1</법정동지번코드><아파트>소담빌</아파트><월>9</월><일>13</일><일련번호>11350-2053</일련번호><전용면적>14.65</전용면적><중개사소재지>서울 노원구</중개사소재지><지번>330-29</지번><지역코드>11350</지역코드><층>5</층><해제사유발생일> </해제사유발생일><해제여부> </해제여부></item><item><거래금액>    58,500</거래금액><거래유형>중개거래</거래유형><건축년도>1988</건축년도><년>2022</년><도로명>동일로</도로명><도로명건물본번호코드>01456</도로명건물본번호코드><도로명건물부번호코드>00000</도로명건물부번호코드><도로명시군구코드>11350</도로명시군구코드><도로명일련번호코드>02</도로명일련번호코드><도로명지상지하코드>0</도로명지상지하코드><도로명코드>3000001</도로명코드><법정동> 상계동</법정동><법정동본번코드>0691</법정동본번코드><법정동부번코드>0000</법정동부번코드><법정동시군구코드>11350</법정동시군구코드><법정동읍면동코드>10500</법정동읍면동코드><법정동지번코드>1</법정동지번코드><아파트>상계주공7(고층)</아파트><월>9</월><일>13</일><일련번호>11350-41</일련번호><전용면적>45.9</전용면적><중개사소재지>서울 노원구</중개사소재지><지번>691</지번><지역코드>11350</지역코드><층>6</층><해제사유발생일> </해제사유발생일><해제여부> </해제여부></item><item><거래금액>    58,500</거래금액><거래유형>중개거래</거래유형><건축년도>1988</건축년도><년>2022</년><도로명>동일로</도로명><도로명건물본번호코드>01456</도로명건물본번호코드><도로명건물부번호코드>00000</도로명건물부번호코드><도로명시군구코드>11350</도로명시군구코드><도로명일련번호코드>02</도로명일련번호코드><도로명지상지하코드>0</도로명지상지하코드><도로명코드>3000001</도로명코드><법정동> 상계동</법정동><법정동본번코드>0691</법정동본번코드><법정동부번코드>0000</법정동부번코드><법정동시군구코드>11350</법정동시군구코드><법정동읍면동코드>10500</법정동읍면동코드><법정동지번코드>1</법정동지번코드><아파트>상계주공7(고층)</아파트><월>9</월><일>13</일><일련번호>11350-41</일련번호><전용면적>45.9</전용면적><중개사소재지>서울 노원구</중개사소재지><지번>691</지번><지역코드>11350</지역코드><층>6</층><해제사유발생일>22.12.07</해제사유발생일><해제여부>O</해제여부></item><item><거래금액>    59,800</거래금액><거래유형>중개거래</거래유형><건축년도>1988</건축년도><년>2022</년><도로명>한글비석로</도로명><도로명건물본번호코드>00530</도로명건물본번호코드><도로명건물부번호코드>00000</도로명건물부번호코드><도로명시군구코드>11350</도로명시군구코드><도로명일련번호코드>02</도로명일련번호코드><도로명지상지하코드>0</도로명지상지하코드><도로명코드>3110009</도로명코드><법정동> 상계동</법정동><법정동본번코드>0647</법정동본번코드><법정동부번코드>0000</법정동부번코드><법정동시군구코드>11350</법정동시군구코드><법정동읍면동코드>10500</법정동읍면동코드><법정동지번코드>1</법정동지번코드><아파트>상계주공12(고층)</아파트><월>9</월><일>15</일><일련번호>11350-32</일련번호><전용면적>66.56</전용면적><중개사소재지>서울 노원구</중개사소재지><지번>647</지번><지역코드>11350</지역코드><층>15</층><해제사유발생일> </해제사유발생일><해제여부> </해제여부></item><item><거래금액>    63,000</거래금액><거래유형>중개거래</거래유형><건축년도>1988</건축년도><년>2022</년><도로명>한글비석로</도로명><도로명건물본번호코드>00479</도로명건물본번호코드><도로명건물부번호코드>00000</도로명건물부번호코드><도로명시군구코드>11350</도로명시군구코드><도로명일련번호코드>02</도로명일련번호코드><도로명지상지하코드>0</도로명지상지하코드><도로명코드>3110009</도로명코드><법정동> 상계동</법정동><법정동본번코드>0639</법정동본번코드><법정동부번코드>0000</법정동부번코드><법정동시군구코드>11350</법정동시군구코드><법정동읍면동코드>10500</법정동읍면동코드><법정동지번코드>1</법정동지번코드><아파트>보람1단지</아파트><월>9</월><일>19</일><일련번호>11350-202</일련번호><전용면적>68.99</전용면적><중개사소재지>서울 노원구</중개사소재지><지번>639</지번><지역코드>11350</지역코드><층>14</층><해제사유발생일> </해제사유발생일><해제여부> </해제여부></item><item><거래금액>    51,000</거래금액><거래유형>중개거래</거래유형><건축년도>1988</건축년도><년>2022</년><도로명>노해로</도로명><도로명건물본번호코드>00508</도로명건물본번호코드><도로명건물부번호코드>00000</도로명건물부번호코드><도로명시군구코드>11350</도로명시군구코드><도로명일련번호코드>01</도로명일련번호코드><도로명지상지하코드>0</도로명지상지하코드><도로명코드>3005047</도로명코드><법정동> 상계동</법정동><법정동본번코드>0720</법정동본번코드><법정동부번코드>0000</법정동부번코드><법정동시군구코드>11350</법정동시군구코드><법정동읍면동코드>10500</법정동읍면동코드><법정동지번코드>1</법정동지번코드><아파트>상계주공6(고층)</아파트><월>9</월><일>20</일><일련번호>11350-40</일련번호><전용면적>41.3</전용면적><중개사소재지>서울 노원구</중개사소재지><지번>720</지번><지역코드>11350</지역코드><층>4</층><해제사유발생일> </해제사유발생일><해제여부> </해제여부></item><item><거래금액>    38,000</거래금액><거래유형>중개거래</거래유형><건축년도>1989</건축년도><년>2022</년><도로명>한글비석로54길</도로명><도로명건물본번호코드>00092</도로명건물본번호코드><도로명건물부번호코드>00000</도로명건물부번호코드><도로명시군구코드>11350</도로명시군구코드><도로명일련번호코드>01</도로명일련번호코드><도로명지상지하코드>0</도로명지상지하코드><도로명코드>4130429</도로명코드><법정동> 상계동</법정동><법정동본번코드>0637</법정동본번코드><법정동부번코드>0000</법정동부번코드><법정동시군구코드>11350</법정동시군구코드><법정동읍면동코드>10500</법정동읍면동코드><법정동지번코드>1</법정동지번코드><아파트>상계주공13(고층)</아파트><월>9</월><일>27</일><일련번호>11350-33</일련번호><전용면적>45.55</전용면적><중개사소재지>서울 노원구</중개사소재지><지번>637</지번><지역코드>11350</지역코드><층>9</층><해제사유발생일> </해제사유발생일><해제여부> </해제여부></item><item><거래금액>    10,800</거래금액><거래유형>중개거래</거래유형><건축년도>2014</건축년도><년>2022</년><도로명>노해로85길</도로명><도로명건물본번호코드>00010</도로명건물본번호코드><도로명건물부번호코드>00055</도로명건물부번호코드><도로명시군구코드>11350</도로명시군구코드><도로명일련번호코드>01</도로명일련번호코드><도로명지상지하코드>0</도로명지상지하코드><도로명코드>4130090</도로명코드><법정동> 상계동</법정동><법정동본번코드>0330</법정동본번코드><법정동부번코드>0029</법정동부번코드><법정동시군구코드>11350</법정동시군구코드><법정동읍면동코드>10500</법정동읍면동코드><법정동지번코드>1</법정동지번코드><아파트>소담빌</아파트><월>9</월><일>27</일><일련번호>11350-2053</일련번호><전용면적>14.65</전용면적><중개사소재지>서울 노원구</중개사소재지><지번>330-29</지번><지역코드>11350</지역코드><층>4</층><해제사유발생일> </해제사유발생일><해제여부> </해제여부></item><item><거래금액>    68,000</거래금액><거래유형>중개거래</거래유형><건축년도>1988</건축년도><년>2022</년><도로명>한글비석로</도로명><도로명건물본번호코드>00480</도로명건물본번호코드><도로명건물부번호코드>00000</도로명건물부번호코드><도로명시군구코드>11350</도로명시군구코드><도로명일련번호코드>02</도로명일련번호코드><도로명지상지하코드>0</도로명지상지하코드><도로명코드>3110009</도로명코드><법정동> 상계동</법정동><법정동본번코드>0639</법정동본번코드><법정동부번코드>0000</법정동부번코드><법정동시군구코드>11350</법정동시군구코드><법정동읍면동코드>10500</법정동읍면동코드><법정동지번코드>1</법정동지번코드><아파트>보람2단지</아파트><월>9</월><일>28</일><일련번호>11350-11</일련번호><전용면적>68.99</전용면적><중개사소재지>서울 노원구</중개사소재지><지번>639</지번><지역코드>11350</지역코드><층>10</층><해제사유발생일> </해제사유발생일><해제여부> </해제여부></item><item><거래금액>    80,000</거래금액><거래유형>직거래</거래유형><건축년도>1997</건축년도><년>2022</년><도로명>노원로26가길</도로명><도로명건물본번호코드>00007</도로명건물본번호코드><도로명건물부번호코드>00000</도로명건물부번호코드><도로명시군구코드>11350</도로명시군구코드><도로명일련번호코드>00</도로명일련번호코드><도로명지상지하코드>0</도로명지상지하코드><도로명코드>4130076</도로명코드><법정동> 상계동</법정동><법정동본번코드>1281</법정동본번코드><법정동부번코드>0000</법정동부번코드><법정동시군구코드>11350</법정동시군구코드><법정동읍면동코드>10500</법정동읍면동코드><법정동지번코드>1</법정동지번코드><아파트>코오롱</아파트><월>9</월><일>28</일><일련번호>11350-45</일련번호><전용면적>84.9</전용면적><중개사소재지> </중개사소재지><지번>1281</지번><지역코드>11350</지역코드><층>15</층><해제사유발생일> </해제사유발생일><해제여부> </해제여부></item><item><거래금액>    44,000</거래금액><거래유형>중개거래</거래유형><건축년도>2001</건축년도><년>2022</년><도로명>덕릉로94가길</도로명><도로명건물본번호코드>00020</도로명건물본번호코드><도로명건물부번호코드>00000</도로명건물부번호코드><도로명시군구코드>11350</도로명시군구코드><도로명일련번호코드>01</도로명일련번호코드><도로명지상지하코드>0</도로명지상지하코드><도로명코드>4130162</도로명코드><법정동> 상계동</법정동><법정동본번코드>1276</법정동본번코드><법정동부번코드>0000</법정동부번코드><법정동시군구코드>11350</법정동시군구코드><법정동읍면동코드>10500</법정동읍면동코드><법정동지번코드>1</법정동지번코드><아파트>청암2단지</아파트><월>9</월><일>28</일><일련번호>11350-62</일련번호><전용면적>49.77</전용면적><중개사소재지>서울 노원구</중개사소재지><지번>1276</지번><지역코드>11350</지역코드><층>5</층><해제사유발생일> </해제사유발생일><해제여부> </해제여부></item><item><거래금액>    40,000</거래금액><거래유형>중개거래</거래유형><건축년도>1988</건축년도><년>2022</년><도로명>한글비석로</도로명><도로명건물본번호코드>00479</도로명건물본번호코드><도로명건물부번호코드>00000</도로명건물부번호코드><도로명시군구코드>11350</도로명시군구코드><도로명일련번호코드>02</도로명일련번호코드><도로명지상지하코드>0</도로명지상지하코드><도로명코드>3110009</도로명코드><법정동> 상계동</법정동><법정동본번코드>0639</법정동본번코드><법정동부번코드>0000</법정동부번코드><법정동시군구코드>11350</법정동시군구코드><법정동읍면동코드>10500</법정동읍면동코드><법정동지번코드>1</법정동지번코드><아파트>보람1단지</아파트><월>9</월><일>29</일><일련번호>11350-202</일련번호><전용면적>44.33</전용면적><중개사소재지>서울 노원구</중개사소재지><지번>639</지번><지역코드>11350</지역코드><층>10</층><해제사유발생일>22.11.07</해제사유발생일><해제여부>O</해제여부></item><item><거래금액>    40,000</거래금액><거래유형>중개거래</거래유형><건축년도>1988</건축년도><년>2022</년><도로명>한글비석로</도로명><도로명건물본번호코드>00479</도로명건물본번호코드><도로명건물부번호코드>00000</도로명건물부번호코드><도로명시군구코드>11350</도로명시군구코드><도로명일련번호코드>02</도로명일련번호코드><도로명지상지하코드>0</도로명지상지하코드><도로명코드>3110009</도로명코드><법정동> 상계동</법정동><법정동본번코드>0639</법정동본번코드><법정동부번코드>0000</법정동부번코드><법정동시군구코드>11350</법정동시군구코드><법정동읍면동코드>10500</법정동읍면동코드><법정동지번코드>1</법정동지번코드><아파트>보람1단지</아파트><월>9</월><일>29</일><일련번호>11350-202</일련번호><전용면적>44.33</전용면적><중개사소재지>서울 노원구</중개사소재지><지번>639</지번><지역코드>11350</지역코드><층>10</층><해제사유발생일> </해제사유발생일><해제여부> </해제여부></item><item><거래금액>    54,000</거래금액><거래유형>중개거래</거래유형><건축년도>1992</건축년도><년>2022</년><도로명>중계로</도로명><도로명건물본번호코드>00230</도로명건물본번호코드><도로명건물부번호코드>00000</도로명건물부번호코드><도로명시군구코드>11350</도로명시군구코드><도로명일련번호코드>03</도로명일련번호코드><도로명지상지하코드>0</도로명지상지하코드><도로명코드>3110007</도로명코드><법정동> 중계동</법정동><법정동본번코드>0359</법정동본번코드><법정동부번코드>0001</법정동부번코드><법정동시군구코드>11350</법정동시군구코드><법정동읍면동코드>10600</법정동읍면동코드><법정동지번코드>1</법정동지번코드><아파트>주공5</아파트><월>9</월><일>8</일><일련번호>11350-114</일련번호><전용면적>44.52</전용면적><중개사소재지>서울 노원구</중개사소재지><지번>359-1</지번><지역코드>11350</지역코드><층>12</층><해제사유발생일> </해제사유발생일><해제여부> </해제여부></item><item><거래금액>    50,000</거래금액><거래유형>직거래</거래유형><건축년도>1990</건축년도><년>2022</년><도로명>동일로207길</도로명><도로명건물본번호코드>00018</도로명건물본번호코드><도로명건물부번호코드>00000</도로명건물부번호코드><도로명시군구코드>11350</도로명시군구코드><도로명일련번호코드>02</도로명일련번호코드><도로명지상지하코드>0</도로명지상지하코드><도로명코드>4130202</도로명코드><법정동> 중계동</법정동><법정동본번코드>0502</법정동본번코드><법정동부번코드>0001</법정동부번코드><법정동시군구코드>11350</법정동시군구코드><법정동읍면동코드>10600</법정동읍면동코드><법정동지번코드>1</법정동지번코드><아파트>중계그린1단지</아파트><월>9</월><일>20</일><일련번호>11350-120</일련번호><전용면적>49.5</전용면적><중개사소재지> </중개사소재지><지번>502-1</지번><지역코드>11350</지역코드><층>2</층><해제사유발생일> </해제사유발생일><해제여부> </해제여부></item><item><거래금액>    50,000</거래금액><거래유형>중개거래</거래유형><건축년도>1993</건축년도><년>2022</년><도로명>한글비석로5길</도로명><도로명건물본번호코드>00062</도로명건물본번호코드><도로명건물부번호코드>00000</도로명건물부번호코드><도로명시군구코드>11350</도로명시군구코드><도로명일련번호코드>02</도로명일련번호코드><도로명지상지하코드>0</도로명지상지하코드><도로명코드>4130430</도로명코드><법정동> 중계동</법정동><법정동본번코드>0362</법정동본번코드><법정동부번코드>0001</법정동부번코드><법정동시군구코드>11350</법정동시군구코드><법정동읍면동코드>10600</법정동읍면동코드><법정동지번코드>1</법정동지번코드><아파트>주공8</아파트><월>9</월><일>30</일><일련번호>11350-117</일련번호><전용면적>49.72</전용면적><중개사소재지>서울 노원구</중개사소재지><지번>362-1</지번><지역코드>11350</지역코드><층>3</층><해제사유발생일> </해제사유발생일><해제여부> </해제여부></item></items><numOfRows>999</numOfRows><pageNo>1</pageNo><totalCount>33</totalCount></body></response>