<?xml version="1.0" encoding="UTF-8" standalone="yes"?><response><header><resultCode>00</resultCode><resultMsg>NORMAL SERVICE.</resultMsg></header><body><items><item><거래금액>    58,400</거래금액><거래유형>중개거래</거래유형><건축년도>1986</건축년도><년>2022</년><도로명>마들로</도로명><도로명건물본번호코드>00111</도로명건물본번호코드><도로명건물부번호코드>00000</도로명건물부번호코드><도로명시군구코드>11350</도로명시군구코드><도로명일련번호코드>01</도로명일련번호코드><도로명지상지하코드>0</도로명지상지하코드><도로명코드>3109006</도로명코드><법정동> 월계동</법정동><법정동본번코드>0013</법정동본번코드><법정동부번코드>0000</법정동부번코드><법정동시군구코드>11350</법정동시군구코드><법정동읍면동코드>10200</법정동읍면동코드><법정동지번코드>1</법정동지번코드><아파트>미륭</아파트><월>12</월><일>5</일><일련번호>11350-139</일련번호><전용면적>51.48</전용면적><중개사소재지>서울 노원구</중개사소재지><지번>13</지번><지역코드>11350</지역코드><층>12</층><해제사유발생일> </해제사유발생일><해제여부> </해제여부></item><item><거래금액>    58,500</거래금액><거래유형>중개거래</거래유형><건축년도>1986</건축년도><년>2022</년><도로명>마들로</도로명><도로명건물본번호코드>00059</도로명건물본번호코드><도로명건물부번호코드>00000</도로명건물부번호코드><도로명시군구코드>11350</도로명시군구코드><도로명일련번호코드>01</도로명일련번호코드><도로명지상지하코드>0</도로명지상지하코드><도로명코드>3109006</도로명코드><법정동> 월계동</법정동><법정동본번코드>0013</법정동본번코드><법정동부번코드>0000</법정동부번코드><법정동시군구코드>11350</법정동시군구코드><법정동읍면동코드>10200</법정동읍면동코드><법정동지번코드>1</법정동지번코드><아파트>미성</아파트><월>12</월><일>5</일><일련번호>11350-140</일련번호><전용면적>50.14</전용면적><중개사소재지>서울 노원구</중개사소재지><지번>13</지번><지역코드>11350</지역코드><층>3</층><해제사유발생일> </해제사유발생일><해제여부> </해제여부></item><item><거래금액>    61,000</거래금액><거래유형>중개거래</거래유형><건축년도>1983</건축년도><년>2022</년><도로명>광운로2나길</도로명><도로명건물본번호코드>00030</도로명건물본번호코드><도로명건물부번호코드>00000</도로명건물부번호코드><도로명시군구코드>11350</도로명시군구코드><도로명일련번호코드>01</도로명일련번호코드><도로명지상지하코드>0</도로명지상지하코드><도로명코드>4130055</도로명코드><법정동> 월계동</법정동><법정동본번코드>0436</법정동본번코드><법정동부번코드>0000</법정동부번코드><법정동시군구코드>11350</법정동시군구코드><법정동읍면동코드>10200</법정동읍면동코드><법정동지번코드>1</법정동지번코드><아파트>동신</아파트><월>12</월><일>12</일><일련번호>11350-137</일련번호><전용면적>93.38</전용면적><중개사소재지>서울 노원구</중개사소재지><지번>436</지번><지역코드>11350</지역코드><층>3</층><해제사유발생일> </해제사유발생일><해제여부> </해제여부></item><item><거래금액>    51,000</거래금액><거래유형>중개거래</거래유형><건축년도>1986</건축년도><년>2022</년><도로명>마들로</도로명><도로명건물본번호코드>00111</도로명건물본번호코드><도로명건물부번호코드>00000</도로명건물부번호코드><도로명시군구코드>11350</도로명시군구코드><도로명일련번호코드>01</도로명일련번호코드><도로명지상지하코드>0</도로명지상지하코드><도로명코드>3109006</도로명코드><법정동> 월계동</법정동><법정동본번코드>0013</법정동본번코드><법정동부번코드>0000</법정동부번코드><법정동시군구코드>11350</법정동시군구코드><법정동읍면동코드>10200</법정동읍면동코드><법정동지번코드>1</법정동지번코드><아파트>삼호3</아파트><월>12</월><일>15</일><일련번호>11350-197</일련번호><전용면적>59.22</전용면적><중개사소재지>서울 노원구</중개사소재지><지번>13</지번><지역코드>11350</지역코드><층>9</층><해제사유발생일> </해제사유발생일><해제여부> </해제여부></item><item><거래금액>    70,000</거래금액><거래유형>중개거래</거래유형><건축년도>2002</건축년도><년>2022</년><도로명>마들로</도로명><도로명건물본번호코드>00031</도로명건물본번호코드><도로명건물부번호코드>00000</도로명건물부번호코드><도로명시군구코드>11350</도로명시군구코드><도로명일련번호코드>01</도로명일련번호코드><도로명지상지하코드>0</도로명지상지하코드><도로명코드>3109006</도로명코드><법정동> 월계동</법정동><법정동본번코드>0018</법정동본번코드><법정동부번코드>0000</법정동부번코드><법정동시군구코드>11350</법정동시군구코드><법정동읍면동코드>10200</법정동읍면동코드><법정동지번코드>1</법정동지번코드><아파트>한진한화그랑빌</아파트><월>12</월><일>23</일><일련번호>11350-133</일련번호><전용면적>84.97</전용면적><중개사소재지>서울 노원구</중개사소재지><지번>18</지번><지역코드>11350</지역코드><층>21</층><해제사유발생일> </해제사유발생일><해제여부> </해제여부></item><item><거래금액>    65,000</거래금액><거래유형>직거래</거래유형><건축년도>2002</건축년도><년>2022</년><도로명>마들로</도로명><도로명건물본번호코드>00031</도로명건물본번호코드><도로명건물부번호코드>00000</도로명건물부번호코드><도로명시군구코드>11350</도로명시군구코드><도로명일련번호코드>01</도로명일련번호코드><도로명지상지하코드>0</도로명지상지하코드><도로명코드>3109006</도로명코드><법정동> 월계동</법정동><법정동본번코드>0018</법정동본번코드><법정동부번코드>0000</법정동부번코드><법정동시군구코드>11350</법정동시군구코드><법정동읍면동코드>10200</법정동읍면동코드><법정동지번코드>1</법정동지번코드><아파트>한진한화그랑빌</아파트><월>12</월><일>23</일><일련번호>11350-133</일련번호><전용면적>84.97</전용면적><중개사소재지> </중개사소재지><지번>18</지번><지역코드>11350</지역코드><층>9</층><해제사유발생일> </해제사유발생일><해제여부> </해제여부></item><item><거래금액>    48,500</거래금액><거래유형>중개거래</거래유형><건축년도>2003</건축년도><년>2022</년><도로명>동일로180길</도로명><도로명건물본번호코드>00048</도로명건물본번호코드><도로명건물부번호코드>00009</도로명건물부번호코드><도로명시군구코드>11350</도로명시군구코드><도로명일련번호코드>01</도로명일련번호코드><도로명지상지하코드>0</도로명지상지하코드><도로명코드>4130176</도로명코드><법정동> 공릉동</법정동><법정동본번코드>0752</법정동본번코드><법정동부번코드>0000</법정동부번코드><법정동시군구코드>11350</법정동시군구코드><법정동읍면동코드>10300</법정동읍면동코드><법정동지번코드>1</법정동지번코드><아파트>광덕파크빌아파트</아파트><월>12</월><일>2</일><일련번호>11350-211</일련번호><전용면적>84.69</전용면적><중개사소재지>서울 노원구</중개사소재지><지번>752</지번><지역코드>11350</지역코드><층>8</층><해제사유발생일> </해제사유발생일><해제여부> </해제여부></item><item><거래금액>    10,800</거래금액><거래유형>중개거래</거래유형><건축년도>2013</건축년도><년>2022</년><도로명>화랑로</도로명><도로명건물본번호코드>00421</도로명건물본번호코드><도로명건물부번호코드>00000</도로명건물부번호코드><도로명시군구코드>11350</도로명시군구코드><도로명일련번호코드>02</도로명일련번호코드><도로명지상지하코드>0</도로명지상지하코드><도로명코드>3005046</도로명코드><법정동> 공릉동</법정동><법정동본번코드>0683</법정동본번코드><법정동부번코드>0014</법정동부번코드><법정동시군구코드>11350</법정동시군구코드><법정동읍면동코드>10300</법정동읍면동코드><법정동지번코드>1</법정동지번코드><아파트>한일휴니스빌</아파트><월>12</월><일>2</일><일련번호>11350-2019</일련번호><전용면적>14.925</전용면적><중개사소재지>서울 노원구</중개사소재지><지번>683-14</지번><지역코드>11350</지역코드><층>18</층><해제사유발생일> </해제사유발생일><해제여부> </해제여부></item><item><거래금액>    36,300</거래금액><거래유형>직거래</거래유형><건축년도>1994</건축년도><년>2022</년><도로명>섬밭로</도로명><도로명건물본번호코드>00123</도로명건물본번호코드><도로명건물부번호코드>00000</도로명건물부번호코드><도로명시군구코드>11350</도로명시군구코드><도로명일련번호코드>01</도로명일련번호코드><도로명지상지하코드>0</도로명지상지하코드><도로명코드>3110005</도로명코드><법정동> 공릉동</법정동><법정동본번코드>0715</법정동본번코드><법정동부번코드>0000</법정동부번코드><법정동시군구코드>11350</법정동시군구코드><법정동읍면동코드>10300</법정동읍면동코드><법정동지번코드>1</법정동지번코드><아파트>시영3차(라이프)아파트</아파트><월>12</월><일>8</일><일련번호>11350-173</일련번호><전용면적>34.44</전용면적><중개사소재지> </중개사소재지><지번>715</지번><지역코드>11350</지역코드><층>2</층><해제사유발생일> </해제사유발생일><해제여부> </해제여부></item><item><거래금액>    69,600</거래금액><거래유형>중개거래</거래유형><건축년도>2000</건축년도><년>2022</년><도로명>노원로1가길</도로명><도로명건물본번호코드>00010</도로명건물본번호코드><도로명건물부번호코드>00000</도로명건물부번호코드><도로명시군구코드>11350</도로명시군구코드><도로명일련번호코드>01</도로명일련번호코드><도로명지상지하코드>0</도로명지상지하코드><도로명코드>4130066</도로명코드><법정동> 공릉동</법정동><법정동본번코드>0091</법정동본번코드><법정동부번코드>0000</법정동부번코드><법정동시군구코드>11350</법정동시군구코드><법정동읍면동코드>10300</법정동읍면동코드><법정동지번코드>1</법정동지번코드><아파트>청솔아파트8</아파트><월>12</월><일>10</일><일련번호>11350-180</일련번호><전용면적>84.65</전용면적><중개사소재지>서울 노원구</중개사소재지><지번>91</지번><지역코드>11350</지역코드><층>4</층><해제사유발생일> </해제사유발생일><해제여부> </해제여부></item><item><거래금액>    50,000</거래금액><거래유형>중개거래</거래유형><건축년도>2000</건축년도><년>2022</년><도로명>공릉로46길</도로명><도로명건물본번호코드>00019</도로명건물본번호코드><도로명건물부번호코드>00000</도로명건물부번호코드><도로명시군구코드>11350</도로명시군구코드><도로명일련번호코드>00</도로명일련번호코드><도로명지상지하코드>0</도로명지상지하코드><도로명코드>4130025</도로명코드><법정동> 공릉동</법정동><법정동본번코드>0743</법정동본번코드><법정동부번코드>0000</법정동부번코드><법정동시군구코드>11350</법정동시군구코드><법정동읍면동코드>10300</법정동읍면동코드><법정동지번코드>1</법정동지번코드><아파트>공릉동한보에센시티아파트</아파트><월>12</월><일>12</일><일련번호>11350-184</일련번호><전용면적>59.4</전용면적><중개사소재지>서울 노원구</중개사소재지><지번>743</지번><지역코드>11350</지역코드><층>2</층><해제사유발생일> </해제사유발생일><해제여부> </해제여부></item><item><거래금액>    70,800</거래금액><거래유형>중개거래</거래유형><건축년도>2001</건축년도><년>2022</년><도로명>섬밭로</도로명><도로명건물본번호코드>00139</도로명건물본번호코드><도로명건물부번호코드>00000</도로명건물부번호코드><도로명시군구코드>11350</도로명시군구코드><도로명일련번호코드>01</도로명일련번호코드><도로명지상지하코드>0</도로명지상지하코드><도로명코드>3110005</도로명코드><법정동> 공릉동</법정동><법정동본번코드>0725</법정동본번코드><법정동부번코드>0000</법정동부번코드><법정동시군구코드>11350</법정동시군구코드><법정동읍면동코드>10300</법정동읍면동코드><법정동지번코드>1</법정동지번코드><아파트>풍림아파트A</아파트><월>12</월><일>16</일><일련번호>11350-183</일련번호><전용면적>59.94</전용면적><중개사소재지>서울 서초구</중개사소재지><지번>725</지번><지역코드>11350</지역코드><층>19</층><해제사유발생일> </해제사유발생일><해제여부> </해제여부></item><item><거래금액>    10,800</거래금액><거래유형>중개거래</거래유형><건축년도>2013</건축년도><년>2022</년><도로명>화랑로</도로명><도로명건물본번호코드>00421</도로명건물본번호코드><도로명건물부번호코드>00000</도로명건물부번호코드><도로명시군구코드>11350</도로명시군구코드><도로명일련번호코드>02</도로명일련번호코드><도로명지상지하코드>0</도로명지상지하코드><도로명코드>3005046</도로명코드><법정동> 공릉동</법정동><법정동본번코드>0683</법정동본번코드><법정동부번코드>0014</법정동부번코드><법정동시군구코드>11350</법정동시군구코드><법정동읍면동코드>10300</법정동읍면동코드><법정동지번코드>1</법정동지번코드><아파트>한일휴니스빌</아파트><월>12</월><일>16</일><일련번호>11350-2019</일련번호><전용면적>15.5163</전용면적><중개사소재지>서울 노원구</중개사소재지><지번>683-14</지번><지역코드>11350</지역코드><층>15</층><해제사유발생일> </해제사유발생일><해제여부> </해제여부></item><item><거래금액>    22,500</거래금액><거래유형>중개거래</거래유형><건축년도>2016</건축년도><년>2022</년><도로명>화랑로</도로명><도로명건물본번호코드>00443</도로명건물본번호코드><도로명건물부번호코드>00000</도로명건물부번호코드><도로명시군구코드>11350</도로명시군구코드><도로명일련번호코드>02</도로명일련번호코드><도로명지상지하코드>0</도로명지상지하코드><도로명코드>3005046</도로명코드><법정동> 공릉동</법정동><법정동본번코드>0670</법정동본번코드><법정동부번코드>0007</법정동부번코드><법정동시군구코드>11350</법정동시군구코드><법정동읍면동코드>10300</법정동읍면동코드><법정동지번코드>1</법정동지번코드><아파트>67디벨리움</아파트><월>12</월><일>18</일><일련번호>11350-2141</일련번호><전용면적>28.67</전용면적><중개사소재지>서울 노원구</중개사소재지><지번>670-7</지번><지역코드>11350</지역코드><층>17</층><해제사유발생일> </해제사유발생일><해제여부> </해제여부></item><item><거래금액>    17,000</거래금액><거래유형>중개거래</거래유형><건축년도>2016</건축년도><년>2022</년><도로명>화랑로</도로명><도로명건물본번호코드>00443</도로명건물본번호코드><도로명건물부번호코드>00000</도로명건물부번호코드><도로명시군구코드>11350</도로명시군구코드><도로명일련번호코드>02</도로명일련번호코드><도로명지상지하코드>0</도로명지상지하코드><도로명코드>3005046</도로명코드><법정동> 공릉동</법정동><법정동본번코드>0670</법정동본번코드><법정동부번코드>0007</법정동부번코드><법정동시군구코드>11350</법정동시군구코드><법정동읍면동코드>10300</법정동읍면동코드><법정동지번코드>1</법정동지번코드><아파트>67디벨리움</아파트><월>12</월><일>19</일><일련번호>11350-2141</일련번호><전용면적>17.27</전용면적><중개사소재지>서울 노원구</중개사소재지><지번>670-7</지번><지역코드>11350</지역코드><층>12</층><해제사유발생일> </해제사유발생일><해제여부> </해제여부></item><item><거래금액>    60,000</거래금액><거래유형>중개거래</거래유형><건축년도>2002</건축년도><년>2022</년><도로명>동일로191가길</도로명><도로명건물본번호코드>00059</도로명건물본번호코드><도로명건물부번호코드>00000</도로명건물부번호코드><도로명시군구코드>11350</도로명시군구코드><도로명일련번호코드>01</도로명일련번호코드><도로명지상지하코드>0</도로명지상지하코드><도로명코드>4130183</도로명코드><법정동> 공릉동</법정동><법정동본번코드>0748</법정동본번코드><법정동부번코드>0000</법정동부번코드><법정동시군구코드>11350</법정동시군구코드><법정동읍면동코드>10300</법정동읍면동코드><법정동지번코드>1</법정동지번코드><아파트>신도1차아파트</아파트><월>12</월><일>22</일><일련번호>11350-174</일련번호><전용면적>81.2768</전용면적><중개사소재지>서울 노원구</중개사소재지><지번>748</지번><지역코드>11350</지역코드><층>1</층><해제사유발생일> </해제사유발생일><해제여부> </해제여부></item><item><거래금액>    50,000</거래금액><거래유형>직거래</거래유형><건축년도>2002</건축년도><년>2022</년><도로명>동일로193길</도로명><도로명건물본번호코드>00007</도로명건물본번호코드><도로명건물부번호코드>00000</도로명건물부번호코드><도로명시군구코드>11350</도로명시군구코드><도로명일련번호코드>01</도로명일련번호코드><도로명지상지하코드>0</도로명지상지하코드><도로명코드>4130190</도로명코드><법정동> 공릉동</법정동><법정동본번코드>0749</법정동본번코드><법정동부번코드>0000</법정동부번코드><법정동시군구코드>11350</법정동시군구코드><법정동읍면동코드>10300</법정동읍면동코드><법정동지번코드>1</법정동지번코드><아파트>공릉2신도브래뉴아파트</아파트><월>12</월><일>23</일><일련번호>11350-194</일련번호><전용면적>84.75</전용면적><중개사소재지> </중개사소재지><지번>749</지번><지역코드>11350</지역코드><층>7</층><해제사유발생일> </해제사유발생일><해제여부> </해제여부></item><item><거래금액>    67,000</거래금액><거래유형>중개거래</거래유형><건축년도>1995</건축년도><년>2022</년><도로명>공릉로46길</도로명><도로명건물본번호코드>00032</도로명건물본번호코드><도로명건물부번호코드>00000</도로명건물부번호코드><도로명시군구코드>11350</도로명시군구코드><도로명일련번호코드>01</도로명일련번호코드><도로명지상지하코드>0</도로명지상지하코드><도로명코드>4130025</도로명코드><법정동> 공릉동</법정동><법정동본번코드>0737</법정동본번코드><법정동부번코드>0000</법정동부번코드><법정동시군구코드>11350</법정동시군구코드><법정동읍면동코드>10300</법정동읍면동코드><법정동지번코드>1</법정동지번코드><아파트>삼익아파트</아파트><월>12</월><일>24</일><일련번호>11350-172</일련번호><전용면적>114.88</전용면적><중개사소재지>서울 노원구</중개사소재지><지번>737</지번><지역코드>11350</지역코드><층>7</층><해제사유발생일> </해제사유발생일><해제여부> </해제여부></item><item><거래금액>    61,000</거래금액><거래유형>중개거래</거래유형><건축년도>1999</건축년도><년>2022</년><도로명>동일로195길</도로명><도로명건물본번호코드>00039</도로명건물본번호코드><도로명건물부번호코드>00000</도로명건물부번호코드><도로명시군구코드>11350</도로명시군구코드><도로명일련번호코드>01</도로명일련번호코드><도로명지상지하코드>0</도로명지상지하코드><도로명코드>4130191</도로명코드><법정동> 공릉동</법정동><법정동본번코드>0380</법정동본번코드><법정동부번코드>0001</법정동부번코드><법정동시군구코드>11350</법정동시군구코드><법정동읍면동코드>10300</법정동읍면동코드><법정동지번코드>1</법정동지번코드><아파트>대동아파트2</아파트><월>12</월><일>27</일><일련번호>11350-162</일련번호><전용면적>84.81</전용면적><중개사소재지>서울 노원구</중개사소재지><지번>380-1</지번><지역코드>11350</지역코드><층>14</층><해제사유발생일> </해제사유발생일><해제여부> </해제여부></item><item><거래금액>    70,000</거래금액><거래유형>직거래</거래유형><건축년도>1988</건축년도><년>2022</년><도로명>섬밭로</도로명><도로명건물본번호코드>00232</도로명건물본번호코드><도로명건물부번호코드>00000</도로명건물부번호코드><도로명시군구코드>11350</도로명시군구코드><도로명일련번호코드>02</도로명일련번호코드><도로명지상지하코드>0</도로명지상지하코드><도로명코드>3110005</도로명코드><법정동> 하계동</법정동><법정동본번코드>0270</법정동본번코드><법정동부번코드>0000</법정동부번코드><법정동시군구코드>11350</법정동시군구코드><법정동읍면동코드>10400</법정동읍면동코드><법정동지번코드>1</법정동지번코드><아파트>현대</아파트><월>12</월><일>2</일><일련번호>11350-85</일련번호><전용면적>84.96</전용면적><중개사소재지> </중개사소재지><지번>270</지번><지역코드>11350</지역코드><층>1</층><해제사유발생일> </해제사유발생일><해제여부> </해제여부></item><item><거래금액>    54,000</거래금액><거래유형>중개거래</거래유형><건축년도>1999</건축년도><년>2022</년><도로명>동일로207길</도로명><도로명건물본번호코드>00186</도로명건물본번호코드><도로명건물부번호코드>00000</도로명건물부번호코드><도로명시군구코드>11350</도로명시군구코드><도로명일련번호코드>01</도로명일련번호코드><도로명지상지하코드>0</도로명지상지하코드><도로명코드>4130202</도로명코드><법정동> 하계동</법정동><법정동본번코드>0354</법정동본번코드><법정동부번코드>0000</법정동부번코드><법정동시군구코드>11350</법정동시군구코드><법정동읍면동코드>10400</법정동읍면동코드><법정동지번코드>1</법정동지번코드><아파트>학여울청구</아파트><월>12</월><일>3</일><일련번호>11350-80</일련번호><전용면적>59.4</전용면적><중개사소재지>서울 노원구</중개사소재지><지번>354</지번><지역코드>11350</지역코드><층>6</층><해제사유발생일> </해제사유발생일><해제여부> </해제여부></item><item><거래금액>    48,000</거래금액><거래유형>중개거래</거래유형><건축년도>1989</건축년도><년>2022</년><도로명>섬밭로</도로명><도로명건물본번호코드>00196</도로명건물본번호코드><도로명건물부번호코드>00000</도로명건물부번호코드><도로명시군구코드>11350</도로명시군구코드><도로명일련번호코드>02</도로명일련번호코드><도로명지상지하코드>0</도로명지상지하코드><도로명코드>3110005</도로명코드><법정동> 하계동</법정동><법정동본번코드>0273</법정동본번코드><법정동부번코드>0000</법정동부번코드><법정동시군구코드>11350</법정동시군구코드><법정동읍면동코드>10400</법정동읍면동코드><법정동지번코드>1</법정동지번코드><아파트>장미(시영6)</아파트><월>12</월><일>13</일><일련번호>11350-72</일련번호><전용면적>43.41</전용면적><중개사소재지>경남 김해시, 서울 노원구</중개사소재지><지번>273</지번><지역코드>11350</지역코드><층>10</층><해제사유발생일> </해제사유발생일><해제여부> </해제여부></item><item><거래금액>    33,000</거래금액><거래유형>중개거래</거래유형><건축년도>1988</건축년도><년>2022</년><도로명>공릉로</도로명><도로명건물본번호코드>00351</도로명건물본번호코드><도로명건물부번호코드>00000</도로명건물부번호코드><도로명시군구코드>11350</도로명시군구코드><도로명일련번호코드>00</도로명일련번호코드><도로명지상지하코드>0</도로명지상지하코드><도로명코드>3005050</도로명코드><법정동> 하계동</법정동><법정동본번코드>0284</법정동본번코드><법정동부번코드>0000</법정동부번코드><법정동시군구코드>11350</법정동시군구코드><법정동읍면동코드>10400</법정동읍면동코드><법정동지번코드>1</법정동지번코드><아파트>한신1</아파트><월>12</월><일>26</일><일련번호>11350-81</일련번호><전용면적>27</전용면적><중개사소재지>서울 노원구</중개사소재지><지번>284</지번><지역코드>11350</지역코드><층>6</층><해제사유발생일> </해제사유발생일><해제여부> </해제여부></item><item><거래금액>    66,700</거래금액><거래유형>중개거래</거래유형><건축년도>2000</건축년도><년>2022</년><도로명>덕릉로94길</도로명><도로명건물본번호코드>00021</도로명건물본번호코드><도로명건물부번호코드>00000</도로명건물부번호코드><도로명시군구코드>11350</도로명시군구코드><도로명일련번호코드>01</도로명일련번호코드><도로명지상지하코드>0</도로명지상지하코드><도로명코드>4130163</도로명코드><법정동> 상계동</법정동><법정동본번코드>1289</법정동본번코드><법정동부번코드>0000</법정동부번코드><법정동시군구코드>11350</법정동시군구코드><법정동읍면동코드>10500</법정동읍면동코드><법정동지번코드>1</법정동지번코드><아파트>상계불암대림</아파트><월>12</월><일>2</일><일련번호>11350-17</일련번호><전용면적>84.96</전용면적><중개사소재지>서울 노원구</중개사소재지><지번>1289</지번><지역코드>11350</지역코드><층>8</층><해제사유발생일> </해제사유발생일><해제여부> </해제여부></item><item><거래금액>    52,000</거래금액><거래유형>중개거래</거래유형><건축년도>1988</건축년도><년>2022</년><도로명>노해로</도로명><도로명건물본번호코드>00508</도로명건물본번호코드><도로명건물부번호코드>00000</도로명건물부번호코드><도로명시군구코드>11350</도로명시군구코드><도로명일련번호코드>01</도로명일련번호코드><도로명지상지하코드>0</도로명지상지하코드><도로명코드>3005047</도로명코드><법정동> 상계동</법정동><법정동본번코드>0720</법정동본번코드><법정동부번코드>0000</법정동부번코드><법정동시군구코드>11350</법정동시군구코드><법정동읍면동코드>10500</법정동읍면동코드><법정동지번코드>1</법정동지번코드><아파트>상계주공6(고층)</아파트><월>12</월><일>2</일><일련번호>11350-40</일련번호><전용면적>58.01</전용면적><중개사소재지>서울 노원구</중개사소재지><지번>720</지번><지역코드>11350</지역코드><층>14</층><해제사유발생일> </해제사유발생일><해제여부> </해제여부></item><item><거래금액>    50,000</거래금액><거래유형>중개거래</거래유형><건축년도>1988</건축년도><년>2022</년><도로명>한글비석로</도로명><도로명건물본번호코드>00530</도로명건물본번호코드><도로명건물부번호코드>00000</도로명건물부번호코드><도로명시군구코드>11350</도로명시군구코드><도로명일련번호코드>02</도로명일련번호코드><도로명지상지하코드>0</도로명지상지하코드><도로명코드>3110009</도로명코드><법정동> 상계동</법정동><법정동본번코드>0647</법정동본번코드><법정동부번코드>0000</법정동부번코드><법정동시군구코드>11350</법정동시군구코드><법정동읍면동코드>10500</법정동읍면동코드><법정동지번코드>1</법정동지번코드><아파트>상계주공12(고층)</아파트><월>12</월><일>2</일><일련번호>11350-32</일련번호><전용면적>49.94</전용면적><중개사소재지>서울 노원구</중개사소재지><지번>647</지번><지역코드>11350</지역코드><층>4</층><해제사유발생일> </해제사유발생일><해제여부> </해제여부></item><item><거래금액>    42,000</거래금액><거래유형>중개거래</거래유형><건축년도>1988</건축년도><년>2022</년><도로명>한글비석로</도로명><도로명건물본번호코드>00530</도로명건물본번호코드><도로명건물부번호코드>00000</도로명건물부번호코드><도로명시군구코드>11350</도로명시군구코드><도로명일련번호코드>02</도로명일련번호코드><도로명지상지하코드>0</도로명지상지하코드><도로명코드>3110009</도로명코드><법정동> 상계동</법정동><법정동본번코드>0647</법정동본번코드><법정동부번코드>0000</법정동부번코드><법정동시군구코드>11350</법정동시군구코드><법정동읍면동코드>10500</법정동읍면동코드><법정동지번코드>1</법정동지번코드><아파트>상계주공12(고층)</아파트><월>12</월><일>3</일><일련번호>11350-32</일련번호><전용면적>41.3</전용면적><중개사소재지>서울 노원구</중개사소재지><지번>647</지번><지역코드>11350</지역코드><층>14</층><해제사유발생일> </해제사유발생일><해제여부> </해제여부></item><item><거래금액>    50,000</거래금액><거래유형>중개거래</거래유형><건축년도>1988</건축년도><년>2022</년><도로명>한글비석로</도로명><도로명건물본번호코드>00479</도로명건물본번호코드><도로명건물부번호코드>00000</도로명건물부번호코드><도로명시군구코드>11350</도로명시군구코드><도로명일련번호코드>02</도로명일련번호코드><도로명지상지하코드>0</도로명지상지하코드><도로명코드>3110009</도로명코드><법정동> 상계동</법정동><법정동본번코드>0639</법정동본번코드><법정동부번코드>0000</법정동부번코드><법정동시군구코드>11350</법정동시군구코드><법정동읍면동코드>10500</법정동읍면동코드><법정동지번코드>1</법정동지번코드><아파트>보람1단지</아파트><월>12</월><일>3</일><일련번호>11350-202</일련번호><전용면적>54.59</전용면적><중개사소재지>서울 노원구</중개사소재지><지번>639</지번><지역코드>11350</지역코드><층>6</층><해제사유발생일> </해제사유발생일><해제여부> </해제여부></item><item><거래금액>    43,500</거래금액><거래유형>중개거래</거래유형><건축년도>1989</건축년도><년>2022</년><도로명>한글비석로54길</도로명><도로명건물본번호코드>00092</도로명건물본번호코드><도로명건물부번호코드>00000</도로명건물부번호코드><도로명시군구코드>11350</도로명시군구코드><도로명일련번호코드>01</도로명일련번호코드><도로명지상지하코드>0</도로명지상지하코드><도로명코드>4130429</도로명코드><법정동> 상계동</법정동><법정동본번코드>0637</법정동본번코드><법정동부번코드>0000</법정동부번코드><법정동시군구코드>11350</법정동시군구코드><법정동읍면동코드>10500</법정동읍면동코드><법정동지번코드>1</법정동지번코드><아파트>상계주공13(고층)</아파트><월>12</월><일>3</일><일련번호>11350-33</일련번호><전용면적>49.94</전용면적><중개사소재지>서울 노원구</중개사소재지><지번>637</지번><지역코드>11350</지역코드><층>13</층><해제사유발생일> </해제사유발생일><해제여부> </해제여부></item><item><거래금액>    36,000</거래금액><거래유형>직거래</거래유형><건축년도>1988</건축년도><년>2022</년><도로명>동일로214길</도로명><도로명건물본번호코드>00021</도로명건물본번호코드><도로명건물부번호코드>00000</도로명건물부번호코드><도로명시군구코드>11350</도로명시군구코드><도로명일련번호코드>01</도로명일련번호코드><도로명지상지하코드>0</도로명지상지하코드><도로명코드>4130207</도로명코드><법정동> 상계동</법정동><법정동본번코드>0749</법정동본번코드><법정동부번코드>0005</법정동부번코드><법정동시군구코드>11350</법정동시군구코드><법정동읍면동코드>10500</법정동읍면동코드><법정동지번코드>1</법정동지번코드><아파트>상계주공4(고층)</아파트><월>12</월><일>6</일><일련번호>11350-38</일련번호><전용면적>32.39</전용면적><중개사소재지> </중개사소재지><지번>749-5</지번><지역코드>11350</지역코드><층>13</층><해제사유발생일> </해제사유발생일><해제여부> </해제여부></item><item><거래금액>    48,750</거래금액><거래유형>중개거래</거래유형><건축년도>1988</건축년도><년>2022</년><도로명>노원로</도로명><도로명건물본번호코드>00532</도로명건물본번호코드><도로명건물부번호코드>00000</도로명건물부번호코드><도로명시군구코드>11350</도로명시군구코드><도로명일련번호코드>03</도로명일련번호코드><도로명지상지하코드>0</도로명지상지하코드><도로명코드>3110002</도로명코드><법정동> 상계동</법정동><법정동본번코드>0670</법정동본번코드><법정동부번코드>0000</법정동부번코드><법정동시군구코드>11350</법정동시군구코드><법정동읍면동코드>10500</법정동읍면동코드><법정동지번코드>1</법정동지번코드><아파트>상계주공9(고층)</아파트><월>12</월><일>6</일><일련번호>11350-43</일련번호><전용면적>49.94</전용면적><중개사소재지>서울 노원구</중개사소재지><지번>670</지번><지역코드>11350</지역코드><층>15</층><해제사유발생일> </해제사유발생일><해제여부> </해제여부></item><item><거래금액>    33,000</거래금액><거래유형>중개거래</거래유형><건축년도>1989</건축년도><년>2022</년><도로명>한글비석로54길</도로명><도로명건물본번호코드>00092</도로명건물본번호코드><도로명건물부번호코드>00000</도로명건물부번호코드><도로명시군구코드>11350</도로명시군구코드><도로명일련번호코드>01</도로명일련번호코드><도로명지상지하코드>0</도로명지상지하코드><도로명코드>4130429</도로명코드><법정동> 상계동</법정동><법정동본번코드>0637</법정동본번코드><법정동부번코드>0000</법정동부번코드><법정동시군구코드>11350</법정동시군구코드><법정동읍면동코드>10500</법정동읍면동코드><법정동지번코드>1</법정동지번코드><아파트>상계주공13(고층)</아파트><월>12</월><일>8</일><일련번호>11350-33</일련번호><전용면적>45.9</전용면적><중개사소재지>서울 노원구</중개사소재지><지번>637</지번><지역코드>11350</지역코드><층>4</층><해제사유발생일> </해제사유발생일><해제여부> </해제여부></item><item><거래금액>    80,000</거래금액><거래유형>중개거래</거래유형><건축년도>1987</건축년도><년>2022</년><도로명>동일로215길</도로명><도로명건물본번호코드>00048</도로명건물본번호코드><도로명건물부번호코드>00000</도로명건물부번호코드><도로명시군구코드>11350</도로명시군구코드><도로명일련번호코드>01</도로명일련번호코드><도로명지상지하코드>0</도로명지상지하코드><도로명코드>4130208</도로명코드><법정동> 상계동</법정동><법정동본번코드>0730</법정동본번코드><법정동부번코드>0002</법정동부번코드><법정동시군구코드>11350</법정동시군구코드><법정동읍면동코드>10500</법정동읍면동코드><법정동지번코드>1</법정동지번코드><아파트>상계주공3(고층)</아파트><월>12</월><일>9</일><일련번호>11350-37</일련번호><전용면적>84.2</전용면적><중개사소재지>서울 노원구</중개사소재지><지번>730-2</지번><지역코드>11350</지역코드><층>9</층><해제사유발생일> </해제사유발생일><해제여부> </해제여부></item><item><거래금액>    41,500</거래금액><거래유형>중개거래</거래유형><건축년도>1988</건축년도><년>2022</년><도로명>한글비석로</도로명><도로명건물본번호코드>00479</도로명건물본번호코드><도로명건물부번호코드>00000</도로명건물부번호코드><도로명시군구코드>11350</도로명시군구코드><도로명일련번호코드>02</도로명일련번호코드><도로명지상지하코드>0</도로명지상지하코드><도로명코드>3110009</도로명코드><법정동> 상계동</법정동><법정동본번코드>0639</법정동본번코드><법정동부번코드>0000</법정동부번코드><법정동시군구코드>11350</법정동시군구코드><법정동읍면동코드>10500</법정동읍면동코드><법정동지번코드>1</법정동지번코드><아파트>보람1단지</아파트><월>12</월><일>10</일><일련번호>11350-202</일련번호><전용면적>44.33</전용면적><중개사소재지>서울 노원구</중개사소재지><지번>639</지번><지역코드>11350</지역코드><층>3</층><해제사유발생일> </해제사유발생일><해제여부> </해제여부></item><item><거래금액>    49,000</거래금액><거래유형>중개거래</거래유형><건축년도>1988</건축년도><년>2022</년><도로명>동일로227길</도로명><도로명건물본번호코드>00086</도로명건물본번호코드><도로명건물부번호코드>00000</도로명건물부번호코드><도로명시군구코드>11350</도로명시군구코드><도로명일련번호코드>01</도로명일련번호코드><도로명지상지하코드>0</도로명지상지하코드><도로명코드>4130216</도로명코드><법정동> 상계동</법정동><법정동본번코드>0624</법정동본번코드><법정동부번코드>0000</법정동부번코드><법정동시군구코드>11350</법정동시군구코드><법정동읍면동코드>10500</법정동읍면동코드><법정동지번코드>1</법정동지번코드><아파트>상계주공16(고층)</아파트><월>12</월><일>13</일><일련번호>11350-35</일련번호><전용면적>59.39</전용면적><중개사소재지>서울 노원구</중개사소재지><지번>624</지번><지역코드>11350</지역코드><층>7</층><해제사유발생일> </해제사유발생일><해제여부> </해제여부></item><item><거래금액>    55,000</거래금액><거래유형>중개거래</거래유형><건축년도>1988</건축년도><년>2022</년><도로명>노해로</도로명><도로명건물본번호코드>00508</도로명건물본번호코드><도로명건물부번호코드>00000</도로명건물부번호코드><도로명시군구코드>11350</도로명시군구코드><도로명일련번호코드>01</도로명일련번호코드><도로명지상지하코드>0</도로명지상지하코드><도로명코드>3005047</도로명코드><법정동> 상계동</법정동><법정동본번코드>0720</법정동본번코드><법정동부번코드>0000</법정동부번코드><법정동시군구코드>11350</법정동시군구코드><법정동읍면동코드>10500</법정동읍면동코드><법정동지번코드>1</법정동지번코드><아파트>상계주공6(고층)</아파트><월>12</월><일>14</일><일련번호>11350-40</일련번호><전용면적>58.01</전용면적><중개사소재지>서울 노원구</중개사소재지><지번>720</지번><지역코드>11350</지역코드><층>3</층><해제사유발생일> </해제사유발생일><해제여부> </해제여부></item><item><거래금액>    84,500</거래금액><거래유형>중개거래</거래유형><건축년도>1988</건축년도><년>2022</년><도로명>동일로</도로명><도로명건물본번호코드>01456</도로명건물본번호코드><도로명건물부번호코드>00000</도로명건물부번호코드><도로명시군구코드>11350</도로명시군구코드><도로명일련번호코드>02</도로명일련번호코드><도로명지상지하코드>0</도로명지상지하코드><도로명코드>3000001</도로명코드><법정동> 상계동</법정동><법정동본번코드>0691</법정동본번코드><법정동부번코드>0000</법정동부번코드><법정동시군구코드>11350</법정동시군구코드><법정동읍면동코드>10500</법정동읍면동코드><법정동지번코드>1</법정동지번코드><아파트>상계주공7(고층)</아파트><월>12</월><일>15</일><일련번호>11350-41</일련번호><전용면적>79.07</전용면적><중개사소재지>서울 노원구</중개사소재지><지번>691</지번><지역코드>11350</지역코드><층>9</층><해제사유발생일> </해제사유발생일><해제여부> </해제여부></item><item><거래금액>    36,500</거래금액><거래유형>중개거래</거래유형><건축년도>1988</건축년도><년>2022</년><도로명>동일로227길</도로명><도로명건물본번호코드>00086</도로명건물본번호코드><도로명건물부번호코드>00000</도로명건물부번호코드><도로명시군구코드>11350</도로명시군구코드><도로명일련번호코드>01</도로명일련번호코드><도로명지상지하코드>0</도로명지상지하코드><도로명코드>4130216</도로명코드><법정동> 상계동</법정동><법정동본번코드>0624</법정동본번코드><법정동부번코드>0000</법정동부번코드><법정동시군구코드>11350</법정동시군구코드><법정동읍면동코드>10500</법정동읍면동코드><법정동지번코드>1</법정동지번코드><아파트>상계주공16(고층)</아파트><월>12</월><일>16</일><일련번호>11350-35</일련번호><전용면적>45.77</전용면적><중개사소재지>서울 노원구</중개사소재지><지번>624</지번><지역코드>11350</지역코드><층>13</층><해제사유발생일> </해제사유발생일><해제여부> </해제여부></item><item><거래금액>    36,500</거래금액><거래유형>중개거래</거래유형><건축년도>1988</건축년도><년>2022</년><도로명>동일로227길</도로명><도로명건물본번호코드>00086</도로명건물본번호코드><도로명건물부번호코드>00000</도로명건물부번호코드><도로명시군구코드>11350</도로명시군구코드><도로명일련번호코드>01</도로명일련번호코드><도로명지상지하코드>0</도로명지상지하코드><도로명코드>4130216</도로명코드><법정동> 상계동</법정동><법정동본번코드>0624</법정동본번코드><법정동부번코드>0000</법정동부번코드><법정동시군구코드>11350</법정동시군구코드><법정동읍면동코드>10500</법정동읍면동코드><법정동지번코드>1</법정동지번코드><아파트>상계주공16(고층)</아파트><월>12</월><일>16</일><일련번호>11350-35</일련번호><전용면적>45.77</전용면적><중개사소재지>서울 노원구</중개사소재지><지번>624</지번><지역코드>11350</지역코드><층>13</층><해제사유발생일>23.01.10</해제사유발생일><해제여부>O</해제여부></item><item><거래금액>    48,000</거래금액><거래유형>중개거래</거래유형><건축년도>1988</건축년도><년>2022</년><도로명>노해로</도로명><도로명건물본번호코드>00508</도로명건물본번호코드><도로명건물부번호코드>00000</도로명건물부번호코드><도로명시군구코드>11350</도로명시군구코드><도로명일련번호코드>01</도로명일련번호코드><도로명지상지하코드>0</도로명지상지하코드><도로명코드>3005047</도로명코드><법정동> 상계동</법정동><법정동본번코드>0720</법정동본번코드><법정동부번코드>0000</법정동부번코드><법정동시군구코드>11350</법정동시군구코드><법정동읍면동코드>10500</법정동읍면동코드><법정동지번코드>1</법정동지번코드><아파트>상계주공6(고층)</아파트><월>12</월><일>19</일><일련번호>11350-40</일련번호><전용면적>41.3</전용면적><중개사소재지>서울 노원구</중개사소재지><지번>720</지번><지역코드>11350</지역코드><층>5</층><해제사유발생일> </해제사유발생일><해제여부> </해제여부></item><item><거래금액>    57,000</거래금액><거래유형>중개거래</거래유형><건축년도>1988</건축년도><년>2022</년><도로명>노해로</도로명><도로명건물본번호코드>00508</도로명건물본번호코드><도로명건물부번호코드>00000</도로명건물부번호코드><도로명시군구코드>11350</도로명시군구코드><도로명일련번호코드>01</도로명일련번호코드><도로명지상지하코드>0</도로명지상지하코드><도로명코드>3005047</도로명코드><법정동> 상계동</법정동><법정동본번코드>0720</법정동본번코드><법정동부번코드>0000</법정동부번코드><법정동시군구코드>11350</법정동시군구코드><법정동읍면동코드>10500</법정동읍면동코드><법정동지번코드>1</법정동지번코드><아파트>상계주공6(고층)</아파트><월>12</월><일>19</일><일련번호>11350-40</일련번호><전용면적>59.28</전용면적><중개사소재지>서울 노원구</중개사소재지><지번>720</지번><지역코드>11350</지역코드><층>3</층><해제사유발생일> </해제사유발생일><해제여부> </해제여부></item><item><거래금액>    39,500</거래금액><거래유형>중개거래</거래유형><건축년도>1988</건축년도><년>2022</년><도로명>동일로227길</도로명><도로명건물본번호코드>00025</도로명건물본번호코드><도로명건물부번호코드>00000</도로명건물부번호코드><도로명시군구코드>11350</도로명시군구코드><도로명일련번호코드>01</도로명일련번호코드><도로명지상지하코드>0</도로명지상지하코드><도로명코드>4130216</도로명코드><법정동> 상계동</법정동><법정동본번코드>0652</법정동본번코드><법정동부번코드>0000</법정동부번코드><법정동시군구코드>11350</법정동시군구코드><법정동읍면동코드>10500</법정동읍면동코드><법정동지번코드>1</법정동지번코드><아파트>상계주공11(고층)</아파트><월>12</월><일>22</일><일련번호>11350-31</일련번호><전용면적>41.3</전용면적><중개사소재지>서울 노원구</중개사소재지><지번>652</지번><지역코드>11350</지역코드><층>12</층><해제사유발생일> </해제사유발생일><해제여부> </해제여부></item><item><거래금액>    11,000</거래금액><거래유형>중개거래</거래유형><건축년도>2014</건축년도><년>2022</년><도로명>노해로85길</도로명><도로명건물본번호코드>00010</도로명건물본번호코드><도로명건물부번호코드>00055</도로명건물부번호코드><도로명시군구코드>11350</도로명시군구코드><도로명일련번호코드>01</도로명일련번호코드><도로명지상지하코드>0</도로명지상지하코드><도로명코드>4130090</도로명코드><법정동> 상계동</법정동><법정동본번코드>0330</법정동본번코드><법정동부번코드>0029</법정동부번코드><법정동시군구코드>11350</법정동시군구코드><법정동읍면동코드>10500</법정동읍면동코드><법정동지번코드>1</법정동지번코드><아파트>소담빌</아파트><월>12</월><일>22</일><일련번호>11350-2053</일련번호><전용면적>14.65</전용면적><중개사소재지>서울 노원구</중개사소재지><지번>330-29</지번><지역코드>11350</지역코드><층>6</층><해제사유발생일> </해제사유발생일><해제여부> </해제여부></item><item><거래금액>    44,000</거래금액><거래유형>중개거래</거래유형><건축년도>1987</건축년도><년>2022</년><도로명>동일로215길</도로명><도로명건물본번호코드>00023</도로명건물본번호코드><도로명건물부번호코드>00000</도로명건물부번호코드><도로명시군구코드>11350</도로명시군구코드><도로명일련번호코드>01</도로명일련번호코드><도로명지상지하코드>0</도로명지상지하코드><도로명코드>4130208</도로명코드><법정동> 상계동</법정동><법정동본번코드>0740</법정동본번코드><법정동부번코드>0000</법정동부번코드><법정동시군구코드>11350</법정동시군구코드><법정동읍면동코드>10500</법정동읍면동코드><법정동지번코드>1</법정동지번코드><아파트>상계주공2(고층)</아파트><월>12</월><일>22</일><일련번호>11350-36</일련번호><전용면적>41.3</전용면적><중개사소재지>서울 노원구</중개사소재지><지번>740</지번><지역코드>11350</지역코드><층>13</층><해제사유발생일> </해제사유발생일><해제여부> </해제여부></item><item><거래금액>    70,000</거래금액><거래유형>중개거래</거래유형><건축년도>2021</건축년도><년>2022</년><도로명>수락산로</도로명><도로명건물본번호코드>00012</도로명건물본번호코드><도로명건물부번호코드>00000</도로명건물부번호코드><도로명시군구코드>11350</도로명시군구코드><도로명일련번호코드>01</도로명일련번호코드><도로명지상지하코드>0</도로명지상지하코드><도로명코드>3110006</도로명코드><법정동> 상계동</법정동><법정동본번코드>1355</법정동본번코드><법정동부번코드>0000</법정동부번코드><법정동시군구코드>11350</법정동시군구코드><법정동읍면동코드>10500</법정동읍면동코드><법정동지번코드>1</법정동지번코드><아파트>노원센트럴푸르지오</아파트><월>12</월><일>23</일><일련번호>11350-2275</일련번호><전용면적>59.994</전용면적><중개사소재지>서울 노원구</중개사소재지><지번>1355</지번><지역코드>11350</지역코드><층>14</층><해제사유발생일> </해제사유발생일><해제여부> </해제여부></item><item><거래금액>    39,000</거래금액><거래유형>중개거래</거래유형><건축년도>1989</건축년도><년>2022</년><도로명>수락산로</도로명><도로명건물본번호코드>00174</도로명건물본번호코드><도로명건물부번호코드>00000</도로명건물부번호코드><도로명시군구코드>11350</도로명시군구코드><도로명일련번호코드>01</도로명일련번호코드><도로명지상지하코드>0</도로명지상지하코드><도로명코드>3110006</도로명코드><법정동> 상계동</법정동><법정동본번코드>0626</법정동본번코드><법정동부번코드>0000</법정동부번코드><법정동시군구코드>11350</법정동시군구코드><법정동읍면동코드>10500</법정동읍면동코드><법정동지번코드>1</법정동지번코드><아파트>상계주공14(고층)</아파트><월>12</월><일>26</일><일련번호>11350-34</일련번호><전용면적>45.55</전용면적><중개사소재지>서울 노원구</중개사소재지><지번>626</지번><지역코드>11350</지역코드><층>9</층><해제사유발생일> </해제사유발생일><해제여부> </해제여부></item><item><거래금액>    36,000</거래금액><거래유형>중개거래</거래유형><건축년도>1999</건축년도><년>2022</년><도로명>노원로34길</도로명><도로명건물본번호코드>00034</도로명건물본번호코드><도로명건물부번호코드>00000</도로명건물부번호코드><도로명시군구코드>11350</도로명시군구코드><도로명일련번호코드>01</도로명일련번호코드><도로명지상지하코드>0</도로명지상지하코드><도로명코드>4130082</도로명코드><법정동> 상계동</법정동><법정동본번코드>1283</법정동본번코드><법정동부번코드>0000</법정동부번코드><법정동시군구코드>11350</법정동시군구코드><법정동읍면동코드>10500</법정동읍면동코드><법정동지번코드>1</법정동지번코드><아파트>성원상떼빌</아파트><월>12</월><일>27</일><일련번호>11350-21</일련번호><전용면적>59.93</전용면적><중개사소재지>서울 노원구</중개사소재지><지번>1283</지번><지역코드>11350</지역코드><층>2</층><해제사유발생일> </해제사유발생일><해제여부> </해제여부></item><item><거래금액>    42,000</거래금액><거래유형>중개거래</거래유형><건축년도>1988</건축년도><년>2022</년><도로명>동일로</도로명><도로명건물본번호코드>01390</도로명건물본번호코드><도로명건물부번호코드>00000</도로명건물부번호코드><도로명시군구코드>11350</도로명시군구코드><도로명일련번호코드>02</도로명일련번호코드><도로명지상지하코드>0</도로명지상지하코드><도로명코드>3000001</도로명코드><법정동> 상계동</법정동><법정동본번코드>0720</법정동본번코드><법정동부번코드>0000</법정동부번코드><법정동시군구코드>11350</법정동시군구코드><법정동읍면동코드>10500</법정동읍면동코드><법정동지번코드>1</법정동지번코드><아파트>상계주공6(고층)</아파트><월>12</월><일>27</일><일련번호>11350-40</일련번호><전용면적>38</전용면적><중개사소재지>서울 노원구</중개사소재지><지번>720</지번><지역코드>11350</지역코드><층>9</층><해제사유발생일> </해제사유발생일><해제여부> </해제여부></item><item><거래금액>    60,000</거래금액><거래유형>중개거래</거래유형><건축년도>1987</건축년도><년>2022</년><도로명>동일로215길</도로명><도로명건물본번호코드>00048</도로명건물본번호코드><도로명건물부번호코드>00000</도로명건물부번호코드><도로명시군구코드>11350</도로명시군구코드><도로명일련번호코드>01</도로명일련번호코드><도로명지상지하코드>0</도로명지상지하코드><도로명코드>4130208</도로명코드><법정동> 상계동</법정동><법정동본번코드>0730</법정동본번코드><법정동부번코드>0002</법정동부번코드><법정동시군구코드>11350</법정동시군구코드><법정동읍면동코드>10500</법정동읍면동코드><법정동지번코드>1</법정동지번코드><아파트>상계주공3(고층)</아파트><월>12</월><일>28</일><일련번호>11350-37</일련번호><전용면적>59.39</전용면적><중개사소재지>서울 노원구</중개사소재지><지번>730-2</지번><지역코드>11350</지역코드><층>12</층><해제사유발생일> </해제사유발생일><해제여부> </해제여부></item><item><거래금액>    39,000</거래금액><거래유형>중개거래</거래유형><건축년도>1988</건축년도><년>2022</년><도로명>한글비석로</도로명><도로명건물본번호코드>00530</도로명건물본번호코드><도로명건물부번호코드>00000</도로명건물부번호코드><도로명시군구코드>11350</도로명시군구코드><도로명일련번호코드>02</도로명일련번호코드><도로명지상지하코드>0</도로명지상지하코드><도로명코드>3110009</도로명코드><법정동> 상계동</법정동><법정동본번코드>0647</법정동본번코드><법정동부번코드>0000</법정동부번코드><법정동시군구코드>11350</법정동시군구코드><법정동읍면동코드>10500</법정동읍면동코드><법정동지번코드>1</법정동지번코드><아파트>상계주공12(고층)</아파트><월>12</월><일>31</일><일련번호>11350-32</일련번호><전용면적>41.3</전용면적><중개사소재지>서울 노원구</중개사소재지><지번>647</지번><지역코드>11350</지역코드><층>12</층><해제사유발생일> </해제사유발생일><해제여부> </해제여부></item><item><거래금액>    87,500</거래금액><거래유형>중개거래</거래유형><건축년도>2008</건축년도><년>2022</년><도로명>공릉로</도로명><도로명건물본번호코드>00430</도로명건물본번호코드><도로명건물부번호코드>00000</도로명건물부번호코드><도로명시군구코드>11350</도로명시군구코드><도로명일련번호코드>03</도로명일련번호코드><도로명지상지하코드>0</도로명지상지하코드><도로명코드>3005050</도로명코드><법정동> 중계동</법정동><법정동본번코드>0514</법정동본번코드><법정동부번코드>0000</법정동부번코드><법정동시군구코드>11350</법정동시군구코드><법정동읍면동코드>10600</법정동읍면동코드><법정동지번코드>1</법정동지번코드><아파트>중앙하이츠아쿠아</아파트><월>12</월><일>4</일><일련번호>11350-1767</일련번호><전용면적>84.4675</전용면적><중개사소재지>서울 노원구</중개사소재지><지번>514</지번><지역코드>11350</지역코드><층>9</층><해제사유발생일> </해제사유발생일><해제여부> </해제여부></item><item><거래금액>    98,000</거래금액><거래유형>중개거래</거래유형><건축년도>1995</건축년도><년>2022</년><도로명>노원로22길</도로명><도로명건물본번호코드>00071</도로명건물본번호코드><도로명건물부번호코드>00000</도로명건물부번호코드><도로명시군구코드>11350</도로명시군구코드><도로명일련번호코드>01</도로명일련번호코드><도로명지상지하코드>0</도로명지상지하코드><도로명코드>4130074</도로명코드><법정동> 중계동</법정동><법정동본번코드>0360</법정동본번코드><법정동부번코드>0015</법정동부번코드><법정동시군구코드>11350</법정동시군구코드><법정동읍면동코드>10600</법정동읍면동코드><법정동지번코드>1</법정동지번코드><아파트>건영3</아파트><월>12</월><일>5</일><일련번호>11350-88</일련번호><전용면적>84.9</전용면적><중개사소재지>서울 노원구</중개사소재지><지번>360-15</지번><지역코드>11350</지역코드><층>5</층><해제사유발생일> </해제사유발생일><해제여부> </해제여부></item><item><거래금액>    38,000</거래금액><거래유형>중개거래</거래유형><건축년도>1993</건축년도><년>2022</년><도로명>한글비석로8길</도로명><도로명건물본번호코드>00042</도로명건물본번호코드><도로명건물부번호코드>00000</도로명건물부번호코드><도로명시군구코드>11350</도로명시군구코드><도로명일련번호코드>01</도로명일련번호코드><도로명지상지하코드>0</도로명지상지하코드><도로명코드>4130431</도로명코드><법정동> 중계동</법정동><법정동본번코드>0363</법정동본번코드><법정동부번코드>0001</법정동부번코드><법정동시군구코드>11350</법정동시군구코드><법정동읍면동코드>10600</법정동읍면동코드><법정동지번코드>1</법정동지번코드><아파트>주공7</아파트><월>12</월><일>15</일><일련번호>11350-116</일련번호><전용면적>44.1</전용면적><중개사소재지>서울 노원구</중개사소재지><지번>363-1</지번><지역코드>11350</지역코드><층>8</층><해제사유발생일> </해제사유발생일><해제여부> </해제여부></item><item><거래금액>   110,000</거래금액><거래유형>중개거래</거래유형><건축년도>1993</건축년도><년>2022</년><도로명>노원로22길</도로명><도로명건물본번호코드>00034</도로명건물본번호코드><도로명건물부번호코드>00000</도로명건물부번호코드><도로명시군구코드>11350</도로명시군구코드><도로명일련번호코드>01</도로명일련번호코드><도로명지상지하코드>0</도로명지상지하코드><도로명코드>4130074</도로명코드><법정동> 중계동</법정동><법정동본번코드>0361</법정동본번코드><법정동부번코드>0001</법정동부번코드><법정동시군구코드>11350</법정동시군구코드><법정동읍면동코드>10600</법정동읍면동코드><법정동지번코드>1</법정동지번코드><아파트>롯데우성</아파트><월>12</월><일>17</일><일련번호>11350-110</일련번호><전용면적>115.26</전용면적><중개사소재지>서울 노원구</중개사소재지><지번>361-1</지번><지역코드>11350</지역코드><층>11</층><해제사유발생일> </해제사유발생일><해제여부> </해제여부></item><item><거래금액>    94,000</거래금액><거래유형>중개거래</거래유형><건축년도>1989</건축년도><년>2022</년><도로명>섬밭로</도로명><도로명건물본번호코드>00265</도로명건물본번호코드><도로명건물부번호코드>00000</도로명건물부번호코드><도로명시군구코드>11350</도로명시군구코드><도로명일련번호코드>03</도로명일련번호코드><도로명지상지하코드>0</도로명지상지하코드><도로명코드>3110005</도로명코드><법정동> 중계동</법정동><법정동본번코드>0505</법정동본번코드><법정동부번코드>0000</법정동부번코드><법정동시군구코드>11350</법정동시군구코드><법정동읍면동코드>10600</법정동읍면동코드><법정동지번코드>1</법정동지번코드><아파트>상아</아파트><월>12</월><일>20</일><일련번호>11350-99</일련번호><전용면적>114.57</전용면적><중개사소재지>서울 노원구</중개사소재지><지번>505</지번><지역코드>11350</지역코드><층>4</층><해제사유발생일> </해제사유발생일><해제여부> </해제여부></item><item><거래금액>    51,000</거래금액><거래유형>중개거래</거래유형><건축년도>1993</건축년도><년>2022</년><도로명>한글비석로5길</도로명><도로명건물본번호코드>00062</도로명건물본번호코드><도로명건물부번호코드>00000</도로명건물부번호코드><도로명시군구코드>11350</도로명시군구코드><도로명일련번호코드>02</도로명일련번호코드><도로명지상지하코드>0</도로명지상지하코드><도로명코드>4130430</도로명코드><법정동> 중계동</법정동><법정동본번코드>0362</법정동본번코드><법정동부번코드>0001</법정동부번코드><법정동시군구코드>11350</법정동시군구코드><법정동읍면동코드>10600</법정동읍면동코드><법정동지번코드>1</법정동지번코드><아파트>주공8</아파트><월>12</월><일>24</일><일련번호>11350-117</일련번호><전용면적>49.72</전용면적><중개사소재지>서울 노원구</중개사소재지><지번>362-1</지번><지역코드>11350</지역코드><층>5</층><해제사유발생일> </해제사유발생일><해제여부> </해제여부></item><item><거래금액>    79,100</거래금액><거래유형>중개거래</거래유형><건축년도>1998</건축년도><년>2022</년><도로명>덕릉로71길</도로명><도로명건물본번호코드>00030</도로명건물본번호코드><도로명건물부번호코드>00000</도로명건물부번호코드><도로명시군구코드>11350</도로명시군구코드><도로명일련번호코드>01</도로명일련번호코드><도로명지상지하코드>0</도로명지상지하코드><도로명코드>4130149</도로명코드><법정동> 중계동</법정동><법정동본번코드>0587</법정동본번코드><법정동부번코드>0000</법정동부번코드><법정동시군구코드>11350</법정동시군구코드><법정동읍면동코드>10600</법정동읍면동코드><법정동지번코드>1</법정동지번코드><아파트>양지마을(대림)1</아파트><월>12</월><일>29</일><일련번호>11350-107</일련번호><전용면적>84.9</전용면적><중개사소재지>서울 노원구</중개사소재지><지번>587</지번><지역코드>11350</지역코드><층>4</층><해제사유발생일> </해제사유발생일><해제여부> </해제여부></item><item><거래금액>    95,000</거래금액><거래유형>중개거래</거래유형><건축년도>1995</건축년도><년>2022</년><도로명>노원로22길</도로명><도로명건물본번호코드>00071</도로명건물본번호코드><도로명건물부번호코드>00000</도로명건물부번호코드><도로명시군구코드>11350</도로명시군구코드><도로명일련번호코드>01</도로명일련번호코드><도로명지상지하코드>0</도로명지상지하코드><도로명코드>4130074</도로명코드><법정동> 중계동</법정동><법정동본번코드>0360</법정동본번코드><법정동부번코드>0015</법정동부번코드><법정동시군구코드>11350</법정동시군구코드><법정동읍면동코드>10600</법정동읍면동코드><법정동지번코드>1</법정동지번코드><아파트>건영3</아파트><월>12</월><일>30</일><일련번호>11350-88</일련번호><전용면적>84.9</전용면적><중개사소재지>서울 노원구</중개사소재지><지번>360-15</지번><지역코드>11350</지역코드><층>7</층><해제사유발생일> </해제사유발생일><해제여부> </해제여부></item></items><numOfRows>999</numOfRows><pageNo>1</pageNo><totalCount>58</totalCount></body></response>