<?xml version="1.0" encoding="UTF-8" standalone="yes"?><response><header><resultCode>00</resultCode><resultMsg>NORMAL SERVICE.</resultMsg></header><body><items><item><거래금액>    85,000</거래금액><거래유형>중개거래</거래유형><건축년도>2002</건축년도><년>2022</년><도로명>마들로</도로명><도로명건물본번호코드>00031</도로명건물본번호코드><도로명건물부번호코드>00000</도로명건물부번호코드><도로명시군구코드>11350</도로명시군구코드><도로명일련번호코드>01</도로명일련번호코드><도로명지상지하코드>0</도로명지상지하코드><도로명코드>3109006</도로명코드><법정동> 월계동</법정동><법정동본번코드>0018</법정동본번코드><법정동부번코드>0000</법정동부번코드><법정동시군구코드>11350</법정동시군구코드><법정동읍면동코드>10200</법정동읍면동코드><법정동지번코드>1</법정동지번코드><아파트>한진한화그랑빌</아파트><월>10</월><일>1</일><일련번호>11350-133</일련번호><전용면적>75.81</전용면적><중개사소재지>서울 노원구, 서울 성북구</중개사소재지><지번>18</지번><지역코드>11350</지역코드><층>14</층><해제사유발생일> </해제사유발생일><해제여부> </해제여부></item><item><거래금액>    83,000</거래금액><거래유형>중개거래</거래유형><건축년도>2005</건축년도><년>2022</년><도로명>화랑로47길</도로명><도로명건물본번호코드>00038</도로명건물본번호코드><도로명건물부번호코드>00000</도로명건물부번호코드><도로명시군구코드>11350</도로명시군구코드><도로명일련번호코드>01</도로명일련번호코드><도로명지상지하코드>0</도로명지상지하코드><도로명코드>4130438</도로명코드><법정동> 월계동</법정동><법정동본번코드>0944</법정동본번코드><법정동부번코드>0000</법정동부번코드><법정동시군구코드>11350</법정동시군구코드><법정동읍면동코드>10200</법정동읍면동코드><법정동지번코드>1</법정동지번코드><아파트>풍림아이원</아파트><월>10</월><일>6</일><일련번호>11350-1665</일련번호><전용면적>84.491</전용면적><중개사소재지>서울 노원구</중개사소재지><지번>944</지번><지역코드>11350</지역코드><층>10</층><해제사유발생일> </해제사유발생일><해제여부> </해제여부></item><item><거래금액>    61,000</거래금액><거래유형>중개거래</거래유형><건축년도>1986</건축년도><년>2022</년><도로명>마들로</도로명><도로명건물본번호코드>00059</도로명건물본번호코드><도로명건물부번호코드>00000</도로명건물부번호코드><도로명시군구코드>11350</도로명시군구코드><도로명일련번호코드>01</도로명일련번호코드><도로명지상지하코드>0</도로명지상지하코드><도로명코드>3109006</도로명코드><법정동> 월계동</법정동><법정동본번코드>0013</법정동본번코드><법정동부번코드>0000</법정동부번코드><법정동시군구코드>11350</법정동시군구코드><법정동읍면동코드>10200</법정동읍면동코드><법정동지번코드>1</법정동지번코드><아파트>미성</아파트><월>10</월><일>7</일><일련번호>11350-140</일련번호><전용면적>50.14</전용면적><중개사소재지>서울 노원구</중개사소재지><지번>13</지번><지역코드>11350</지역코드><층>10</층><해제사유발생일> </해제사유발생일><해제여부> </해제여부></item><item><거래금액>    75,000</거래금액><거래유형>중개거래</거래유형><건축년도>2020</건축년도><년>2022</년><도로명>초안산로2라길</도로명><도로명건물본번호코드>00026</도로명건물본번호코드><도로명건물부번호코드>00000</도로명건물부번호코드><도로명시군구코드>11350</도로명시군구코드><도로명일련번호코드>01</도로명일련번호코드><도로명지상지하코드>0</도로명지상지하코드><도로명코드>4130382</도로명코드><법정동> 월계동</법정동><법정동본번코드>0951</법정동본번코드><법정동부번코드>0000</법정동부번코드><법정동시군구코드>11350</법정동시군구코드><법정동읍면동코드>10200</법정동읍면동코드><법정동지번코드>1</법정동지번코드><아파트>월계센트럴아이파크</아파트><월>10</월><일>28</일><일련번호>11350-2280</일련번호><전용면적>84.99</전용면적><중개사소재지>서울 노원구</중개사소재지><지번>951</지번><지역코드>11350</지역코드><층>19</층><해제사유발생일> </해제사유발생일><해제여부> </해제여부></item><item><거래금액>    71,500</거래금액><거래유형>중개거래</거래유형><건축년도>1986</건축년도><년>2022</년><도로명>마들로</도로명><도로명건물본번호코드>00111</도로명건물본번호코드><도로명건물부번호코드>00000</도로명건물부번호코드><도로명시군구코드>11350</도로명시군구코드><도로명일련번호코드>01</도로명일련번호코드><도로명지상지하코드>0</도로명지상지하코드><도로명코드>3109006</도로명코드><법정동> 월계동</법정동><법정동본번코드>0013</법정동본번코드><법정동부번코드>0000</법정동부번코드><법정동시군구코드>11350</법정동시군구코드><법정동읍면동코드>10200</법정동읍면동코드><법정동지번코드>1</법정동지번코드><아파트>삼호3</아파트><월>10</월><일>31</일><일련번호>11350-197</일련번호><전용면적>59.22</전용면적><중개사소재지>서울 노원구</중개사소재지><지번>13</지번><지역코드>11350</지역코드><층>2</층><해제사유발생일> </해제사유발생일><해제여부> </해제여부></item><item><거래금액>    85,000</거래금액><거래유형>중개거래</거래유형><건축년도>1996</건축년도><년>2022</년><도로명>공릉로</도로명><도로명건물본번호코드>00206</도로명건물본번호코드><도로명건물부번호코드>00000</도로명건물부번호코드><도로명시군구코드>11350</도로명시군구코드><도로명일련번호코드>00</도로명일련번호코드><도로명지상지하코드>0</도로명지상지하코드><도로명코드>3005050</도로명코드><법정동> 공릉동</법정동><법정동본번코드>0705</법정동본번코드><법정동부번코드>0000</법정동부번코드><법정동시군구코드>11350</법정동시군구코드><법정동읍면동코드>10300</법정동읍면동코드><법정동지번코드>1</법정동지번코드><아파트>동부아파트</아파트><월>10</월><일>4</일><일련번호>11350-166</일련번호><전용면적>114.17</전용면적><중개사소재지>서울 노원구</중개사소재지><지번>705</지번><지역코드>11350</지역코드><층>8</층><해제사유발생일> </해제사유발생일><해제여부> </해제여부></item><item><거래금액>     9,000</거래금액><거래유형>중개거래</거래유형><건축년도>2012</건축년도><년>2022</년><도로명>동일로190길</도로명><도로명건물본번호코드>00007</도로명건물본번호코드><도로명건물부번호코드>00000</도로명건물부번호코드><도로명시군구코드>11350</도로명시군구코드><도로명일련번호코드>01</도로명일련번호코드><도로명지상지하코드>0</도로명지상지하코드><도로명코드>4130182</도로명코드><법정동> 공릉동</법정동><법정동본번코드>0395</법정동본번코드><법정동부번코드>0007</법정동부번코드><법정동시군구코드>11350</법정동시군구코드><법정동읍면동코드>10300</법정동읍면동코드><법정동지번코드>1</법정동지번코드><아파트>진명비베레</아파트><월>10</월><일>9</일><일련번호>11350-1914</일련번호><전용면적>13.0588</전용면적><중개사소재지>서울 노원구</중개사소재지><지번>395-7</지번><지역코드>11350</지역코드><층>3</층><해제사유발생일> </해제사유발생일><해제여부> </해제여부></item><item><거래금액>    35,000</거래금액><거래유형>중개거래</거래유형><건축년도>2001</건축년도><년>2022</년><도로명>섬밭로</도로명><도로명건물본번호코드>00134</도로명건물본번호코드><도로명건물부번호코드>00000</도로명건물부번호코드><도로명시군구코드>11350</도로명시군구코드><도로명일련번호코드>01</도로명일련번호코드><도로명지상지하코드>0</도로명지상지하코드><도로명코드>3110005</도로명코드><법정동> 공릉동</법정동><법정동본번코드>0727</법정동본번코드><법정동부번코드>0000</법정동부번코드><법정동시군구코드>11350</법정동시군구코드><법정동읍면동코드>10300</법정동읍면동코드><법정동지번코드>1</법정동지번코드><아파트>풍림아파트B</아파트><월>10</월><일>12</일><일련번호>11350-209</일련번호><전용면적>31.32</전용면적><중개사소재지>서울 노원구</중개사소재지><지번>727</지번><지역코드>11350</지역코드><층>14</층><해제사유발생일> </해제사유발생일><해제여부> </해제여부></item><item><거래금액>    70,000</거래금액><거래유형>중개거래</거래유형><건축년도>2000</건축년도><년>2022</년><도로명>동일로183길</도로명><도로명건물본번호코드>00034</도로명건물본번호코드><도로명건물부번호코드>00000</도로명건물부번호코드><도로명시군구코드>11350</도로명시군구코드><도로명일련번호코드>01</도로명일련번호코드><도로명지상지하코드>0</도로명지상지하코드><도로명코드>4130178</도로명코드><법정동> 공릉동</법정동><법정동본번코드>0492</법정동본번코드><법정동부번코드>0001</법정동부번코드><법정동시군구코드>11350</법정동시군구코드><법정동읍면동코드>10300</법정동읍면동코드><법정동지번코드>1</법정동지번코드><아파트>대아2차아파트</아파트><월>10</월><일>14</일><일련번호>11350-164</일련번호><전용면적>84.87</전용면적><중개사소재지>서울 노원구</중개사소재지><지번>492-1</지번><지역코드>11350</지역코드><층>3</층><해제사유발생일> </해제사유발생일><해제여부> </해제여부></item><item><거래금액>    56,000</거래금액><거래유형>중개거래</거래유형><건축년도>1999</건축년도><년>2022</년><도로명>공릉로34길</도로명><도로명건물본번호코드>00062</도로명건물본번호코드><도로명건물부번호코드>00000</도로명건물부번호코드><도로명시군구코드>11350</도로명시군구코드><도로명일련번호코드>01</도로명일련번호코드><도로명지상지하코드>0</도로명지상지하코드><도로명코드>4130010</도로명코드><법정동> 공릉동</법정동><법정동본번코드>0081</법정동본번코드><법정동부번코드>0000</법정동부번코드><법정동시군구코드>11350</법정동시군구코드><법정동읍면동코드>10300</법정동읍면동코드><법정동지번코드>1</법정동지번코드><아파트>태강아파트(아이파크)</아파트><월>10</월><일>18</일><일련번호>11350-182</일련번호><전용면적>49.6</전용면적><중개사소재지>서울 노원구</중개사소재지><지번>81</지번><지역코드>11350</지역코드><층>9</층><해제사유발생일> </해제사유발생일><해제여부> </해제여부></item><item><거래금액>    58,000</거래금액><거래유형>중개거래</거래유형><건축년도>2021</건축년도><년>2022</년><도로명>노원로1길</도로명><도로명건물본번호코드>00095</도로명건물본번호코드><도로명건물부번호코드>00000</도로명건물부번호코드><도로명시군구코드>11350</도로명시군구코드><도로명일련번호코드>01</도로명일련번호코드><도로명지상지하코드>0</도로명지상지하코드><도로명코드>4130067</도로명코드><법정동> 공릉동</법정동><법정동본번코드>0760</법정동본번코드><법정동부번코드>0000</법정동부번코드><법정동시군구코드>11350</법정동시군구코드><법정동읍면동코드>10300</법정동읍면동코드><법정동지번코드>1</법정동지번코드><아파트>화랑대디오베이션</아파트><월>10</월><일>21</일><일련번호>11350-2301</일련번호><전용면적>59.9883</전용면적><중개사소재지>서울 노원구</중개사소재지><지번>760</지번><지역코드>11350</지역코드><층>10</층><해제사유발생일> </해제사유발생일><해제여부> </해제여부></item><item><거래금액>    29,000</거래금액><거래유형>중개거래</거래유형><건축년도>2001</건축년도><년>2022</년><도로명>섬밭로</도로명><도로명건물본번호코드>00134</도로명건물본번호코드><도로명건물부번호코드>00000</도로명건물부번호코드><도로명시군구코드>11350</도로명시군구코드><도로명일련번호코드>01</도로명일련번호코드><도로명지상지하코드>0</도로명지상지하코드><도로명코드>3110005</도로명코드><법정동> 공릉동</법정동><법정동본번코드>0727</법정동본번코드><법정동부번코드>0000</법정동부번코드><법정동시군구코드>11350</법정동시군구코드><법정동읍면동코드>10300</법정동읍면동코드><법정동지번코드>1</법정동지번코드><아파트>풍림아파트B</아파트><월>10</월><일>31</일><일련번호>11350-209</일련번호><전용면적>31.32</전용면적><중개사소재지>서울 노원구</중개사소재지><지번>727</지번><지역코드>11350</지역코드><층>3</층><해제사유발생일> </해제사유발생일><해제여부> </해제여부></item><item><거래금액>    50,000</거래금액><거래유형>중개거래</거래유형><건축년도>1989</건축년도><년>2022</년><도로명>공릉로59길</도로명><도로명건물본번호코드>00025</도로명건물본번호코드><도로명건물부번호코드>00000</도로명건물부번호코드><도로명시군구코드>11350</도로명시군구코드><도로명일련번호코드>01</도로명일련번호코드><도로명지상지하코드>0</도로명지상지하코드><도로명코드>4130037</도로명코드><법정동> 하계동</법정동><법정동본번코드>0274</법정동본번코드><법정동부번코드>0000</법정동부번코드><법정동시군구코드>11350</법정동시군구코드><법정동읍면동코드>10400</법정동읍면동코드><법정동지번코드>1</법정동지번코드><아파트>청솔(시영7)</아파트><월>10</월><일>4</일><일련번호>11350-73</일련번호><전용면적>39.78</전용면적><중개사소재지>서울 중랑구</중개사소재지><지번>274</지번><지역코드>11350</지역코드><층>6</층><해제사유발생일> </해제사유발생일><해제여부> </해제여부></item><item><거래금액>    62,000</거래금액><거래유형>중개거래</거래유형><건축년도>1988</건축년도><년>2022</년><도로명>섬밭로</도로명><도로명건물본번호코드>00229</도로명건물본번호코드><도로명건물부번호코드>00000</도로명건물부번호코드><도로명시군구코드>11350</도로명시군구코드><도로명일련번호코드>02</도로명일련번호코드><도로명지상지하코드>0</도로명지상지하코드><도로명코드>3110005</도로명코드><법정동> 하계동</법정동><법정동본번코드>0271</법정동본번코드><법정동부번코드>0003</법정동부번코드><법정동시군구코드>11350</법정동시군구코드><법정동읍면동코드>10400</법정동읍면동코드><법정동지번코드>1</법정동지번코드><아파트>벽산</아파트><월>10</월><일>17</일><일련번호>11350-70</일련번호><전용면적>57.71</전용면적><중개사소재지>서울 노원구</중개사소재지><지번>271-3</지번><지역코드>11350</지역코드><층>11</층><해제사유발생일> </해제사유발생일><해제여부> </해제여부></item><item><거래금액>    52,800</거래금액><거래유형>중개거래</거래유형><건축년도>1988</건축년도><년>2022</년><도로명>공릉로</도로명><도로명건물본번호코드>00351</도로명건물본번호코드><도로명건물부번호코드>00000</도로명건물부번호코드><도로명시군구코드>11350</도로명시군구코드><도로명일련번호코드>00</도로명일련번호코드><도로명지상지하코드>0</도로명지상지하코드><도로명코드>3005050</도로명코드><법정동> 하계동</법정동><법정동본번코드>0284</법정동본번코드><법정동부번코드>0000</법정동부번코드><법정동시군구코드>11350</법정동시군구코드><법정동읍면동코드>10400</법정동읍면동코드><법정동지번코드>1</법정동지번코드><아파트>한신1</아파트><월>10</월><일>19</일><일련번호>11350-81</일련번호><전용면적>44.52</전용면적><중개사소재지>서울 노원구</중개사소재지><지번>284</지번><지역코드>11350</지역코드><층>13</층><해제사유발생일> </해제사유발생일><해제여부> </해제여부></item><item><거래금액>    40,000</거래금액><거래유형>중개거래</거래유형><건축년도>1988</건축년도><년>2022</년><도로명>섬밭로</도로명><도로명건물본번호코드>00229</도로명건물본번호코드><도로명건물부번호코드>00000</도로명건물부번호코드><도로명시군구코드>11350</도로명시군구코드><도로명일련번호코드>02</도로명일련번호코드><도로명지상지하코드>0</도로명지상지하코드><도로명코드>3110005</도로명코드><법정동> 하계동</법정동><법정동본번코드>0271</법정동본번코드><법정동부번코드>0003</법정동부번코드><법정동시군구코드>11350</법정동시군구코드><법정동읍면동코드>10400</법정동읍면동코드><법정동지번코드>1</법정동지번코드><아파트>건영</아파트><월>10</월><일>23</일><일련번호>11350-67</일련번호><전용면적>45.55</전용면적><중개사소재지>서울 노원구</중개사소재지><지번>271-3</지번><지역코드>11350</지역코드><층>3</층><해제사유발생일> </해제사유발생일><해제여부> </해제여부></item><item><거래금액>   108,000</거래금액><거래유형>중개거래</거래유형><건축년도>1989</건축년도><년>2022</년><도로명>노원로</도로명><도로명건물본번호코드>00569</도로명건물본번호코드><도로명건물부번호코드>00000</도로명건물부번호코드><도로명시군구코드>11350</도로명시군구코드><도로명일련번호코드>00</도로명일련번호코드><도로명코드>3110002</도로명코드><법정동> 상계동</법정동><법정동본번코드>0694</법정동본번코드><법정동부번코드>0000</법정동부번코드><법정동시군구코드>11350</법정동시군구코드><법정동읍면동코드>10500</법정동읍면동코드><법정동지번코드>1</법정동지번코드><아파트>임광</아파트><월>10</월><일>4</일><일련번호>11350-27</일련번호><전용면적>122.18</전용면적><중개사소재지>서울 노원구</중개사소재지><지번>694</지번><지역코드>11350</지역코드><층>4</층><해제사유발생일> </해제사유발생일><해제여부> </해제여부></item><item><거래금액>    50,000</거래금액><거래유형>직거래</거래유형><건축년도>1988</건축년도><년>2022</년><도로명>동일로214길</도로명><도로명건물본번호코드>00021</도로명건물본번호코드><도로명건물부번호코드>00000</도로명건물부번호코드><도로명시군구코드>11350</도로명시군구코드><도로명일련번호코드>01</도로명일련번호코드><도로명지상지하코드>0</도로명지상지하코드><도로명코드>4130207</도로명코드><법정동> 상계동</법정동><법정동본번코드>0749</법정동본번코드><법정동부번코드>0005</법정동부번코드><법정동시군구코드>11350</법정동시군구코드><법정동읍면동코드>10500</법정동읍면동코드><법정동지번코드>1</법정동지번코드><아파트>상계주공4(고층)</아파트><월>10</월><일>6</일><일련번호>11350-38</일련번호><전용면적>32.39</전용면적><중개사소재지> </중개사소재지><지번>749-5</지번><지역코드>11350</지역코드><층>10</층><해제사유발생일> </해제사유발생일><해제여부> </해제여부></item><item><거래금액>    50,000</거래금액><거래유형>중개거래</거래유형><건축년도>1988</건축년도><년>2022</년><도로명>한글비석로</도로명><도로명건물본번호코드>00479</도로명건물본번호코드><도로명건물부번호코드>00000</도로명건물부번호코드><도로명시군구코드>11350</도로명시군구코드><도로명일련번호코드>02</도로명일련번호코드><도로명지상지하코드>0</도로명지상지하코드><도로명코드>3110009</도로명코드><법정동> 상계동</법정동><법정동본번코드>0639</법정동본번코드><법정동부번코드>0000</법정동부번코드><법정동시군구코드>11350</법정동시군구코드><법정동읍면동코드>10500</법정동읍면동코드><법정동지번코드>1</법정동지번코드><아파트>보람1단지</아파트><월>10</월><일>6</일><일련번호>11350-202</일련번호><전용면적>54.59</전용면적><중개사소재지>서울 노원구</중개사소재지><지번>639</지번><지역코드>11350</지역코드><층>3</층><해제사유발생일> </해제사유발생일><해제여부> </해제여부></item><item><거래금액>    56,000</거래금액><거래유형>중개거래</거래유형><건축년도>1995</건축년도><년>2022</년><도로명>동일로231다길</도로명><도로명건물본번호코드>00023</도로명건물본번호코드><도로명건물부번호코드>00000</도로명건물부번호코드><도로명시군구코드>11350</도로명시군구코드><도로명일련번호코드>01</도로명일련번호코드><도로명지상지하코드>0</도로명지상지하코드><도로명코드>4130225</도로명코드><법정동> 상계동</법정동><법정동본번코드>1271</법정동본번코드><법정동부번코드>0000</법정동부번코드><법정동시군구코드>11350</법정동시군구코드><법정동읍면동코드>10500</법정동읍면동코드><법정동지번코드>1</법정동지번코드><아파트>현대4차</아파트><월>10</월><일>7</일><일련번호>11350-54</일련번호><전용면적>84.99</전용면적><중개사소재지>서울 노원구</중개사소재지><지번>1271</지번><지역코드>11350</지역코드><층>1</층><해제사유발생일> </해제사유발생일><해제여부> </해제여부></item><item><거래금액>    60,000</거래금액><거래유형>중개거래</거래유형><건축년도>2004</건축년도><년>2022</년><도로명>동일로238길</도로명><도로명건물본번호코드>00033</도로명건물본번호코드><도로명건물부번호코드>00000</도로명건물부번호코드><도로명시군구코드>11350</도로명시군구코드><도로명일련번호코드>01</도로명일련번호코드><도로명지상지하코드>0</도로명지상지하코드><도로명코드>4130236</도로명코드><법정동> 상계동</법정동><법정동본번코드>1307</법정동본번코드><법정동부번코드>0000</법정동부번코드><법정동시군구코드>11350</법정동시군구코드><법정동읍면동코드>10500</법정동읍면동코드><법정동지번코드>1</법정동지번코드><아파트>우림루미아트201동</아파트><월>10</월><일>7</일><일련번호>11350-245</일련번호><전용면적>84.569</전용면적><중개사소재지>서울 노원구</중개사소재지><지번>1307</지번><지역코드>11350</지역코드><층>5</층><해제사유발생일>22.10.07</해제사유발생일><해제여부>O</해제여부></item><item><거래금액>    60,000</거래금액><거래유형>중개거래</거래유형><건축년도>2004</건축년도><년>2022</년><도로명>동일로238길</도로명><도로명건물본번호코드>00033</도로명건물본번호코드><도로명건물부번호코드>00000</도로명건물부번호코드><도로명시군구코드>11350</도로명시군구코드><도로명일련번호코드>01</도로명일련번호코드><도로명지상지하코드>0</도로명지상지하코드><도로명코드>4130236</도로명코드><법정동> 상계동</법정동><법정동본번코드>1307</법정동본번코드><법정동부번코드>0000</법정동부번코드><법정동시군구코드>11350</법정동시군구코드><법정동읍면동코드>10500</법정동읍면동코드><법정동지번코드>1</법정동지번코드><아파트>우림루미아트201동</아파트><월>10</월><일>7</일><일련번호>11350-245</일련번호><전용면적>84.569</전용면적><중개사소재지>서울 노원구</중개사소재지><지번>1307</지번><지역코드>11350</지역코드><층>5</층><해제사유발생일> </해제사유발생일><해제여부> </해제여부></item><item><거래금액>    42,200</거래금액><거래유형>중개거래</거래유형><건축년도>1998</건축년도><년>2022</년><도로명>동일로245가길</도로명><도로명건물본번호코드>00041</도로명건물본번호코드><도로명건물부번호코드>00000</도로명건물부번호코드><도로명시군구코드>11350</도로명시군구코드><도로명일련번호코드>01</도로명일련번호코드><도로명지상지하코드>0</도로명지상지하코드><도로명코드>4130253</도로명코드><법정동> 상계동</법정동><법정동본번코드>1256</법정동본번코드><법정동부번코드>0000</법정동부번코드><법정동시군구코드>11350</법정동시군구코드><법정동읍면동코드>10500</법정동읍면동코드><법정동지번코드>1</법정동지번코드><아파트>은빛2단지</아파트><월>10</월><일>13</일><일련번호>11350-20</일련번호><전용면적>49.77</전용면적><중개사소재지>서울 노원구</중개사소재지><지번>1256</지번><지역코드>11350</지역코드><층>12</층><해제사유발생일> </해제사유발생일><해제여부> </해제여부></item><item><거래금액>    57,000</거래금액><거래유형>중개거래</거래유형><건축년도>2009</건축년도><년>2022</년><도로명>누원로</도로명><도로명건물본번호코드>00018</도로명건물본번호코드><도로명건물부번호코드>00000</도로명건물부번호코드><도로명시군구코드>11350</도로명시군구코드><도로명일련번호코드>00</도로명일련번호코드><도로명코드>3000115</도로명코드><법정동> 상계동</법정동><법정동본번코드>1313</법정동본번코드><법정동부번코드>0000</법정동부번코드><법정동시군구코드>11350</법정동시군구코드><법정동읍면동코드>10500</법정동읍면동코드><법정동지번코드>1</법정동지번코드><아파트>수락리버시티4단지</아파트><월>10</월><일>17</일><일련번호>11350-1826</일련번호><전용면적>59.9</전용면적><중개사소재지>서울 노원구, 서울 도봉구</중개사소재지><지번>1313</지번><지역코드>11350</지역코드><층>4</층><해제사유발생일> </해제사유발생일><해제여부> </해제여부></item><item><거래금액>    50,000</거래금액><거래유형>중개거래</거래유형><건축년도>1988</건축년도><년>2022</년><도로명>노원로</도로명><도로명건물본번호코드>00532</도로명건물본번호코드><도로명건물부번호코드>00000</도로명건물부번호코드><도로명시군구코드>11350</도로명시군구코드><도로명일련번호코드>03</도로명일련번호코드><도로명지상지하코드>0</도로명지상지하코드><도로명코드>3110002</도로명코드><법정동> 상계동</법정동><법정동본번코드>0670</법정동본번코드><법정동부번코드>0000</법정동부번코드><법정동시군구코드>11350</법정동시군구코드><법정동읍면동코드>10500</법정동읍면동코드><법정동지번코드>1</법정동지번코드><아파트>상계주공9(고층)</아파트><월>10</월><일>18</일><일련번호>11350-43</일련번호><전용면적>49.94</전용면적><중개사소재지>서울 노원구</중개사소재지><지번>670</지번><지역코드>11350</지역코드><층>3</층><해제사유발생일> </해제사유발생일><해제여부> </해제여부></item><item><거래금액>    52,000</거래금액><거래유형>중개거래</거래유형><건축년도>1988</건축년도><년>2022</년><도로명>동일로227길</도로명><도로명건물본번호코드>00025</도로명건물본번호코드><도로명건물부번호코드>00000</도로명건물부번호코드><도로명시군구코드>11350</도로명시군구코드><도로명일련번호코드>01</도로명일련번호코드><도로명지상지하코드>0</도로명지상지하코드><도로명코드>4130216</도로명코드><법정동> 상계동</법정동><법정동본번코드>0652</법정동본번코드><법정동부번코드>0000</법정동부번코드><법정동시군구코드>11350</법정동시군구코드><법정동읍면동코드>10500</법정동읍면동코드><법정동지번코드>1</법정동지번코드><아파트>상계주공11(고층)</아파트><월>10</월><일>20</일><일련번호>11350-31</일련번호><전용면적>49.94</전용면적><중개사소재지>서울 노원구</중개사소재지><지번>652</지번><지역코드>11350</지역코드><층>15</층><해제사유발생일> </해제사유발생일><해제여부> </해제여부></item><item><거래금액>    70,000</거래금액><거래유형>중개거래</거래유형><건축년도>2021</건축년도><년>2022</년><도로명>수락산로</도로명><도로명건물본번호코드>00012</도로명건물본번호코드><도로명건물부번호코드>00000</도로명건물부번호코드><도로명시군구코드>11350</도로명시군구코드><도로명일련번호코드>01</도로명일련번호코드><도로명지상지하코드>0</도로명지상지하코드><도로명코드>3110006</도로명코드><법정동> 상계동</법정동><법정동본번코드>1355</법정동본번코드><법정동부번코드>0000</법정동부번코드><법정동시군구코드>11350</법정동시군구코드><법정동읍면동코드>10500</법정동읍면동코드><법정동지번코드>1</법정동지번코드><아파트>노원센트럴푸르지오</아파트><월>10</월><일>20</일><일련번호>11350-2275</일련번호><전용면적>59.996</전용면적><중개사소재지>서울 노원구</중개사소재지><지번>1355</지번><지역코드>11350</지역코드><층>6</층><해제사유발생일> </해제사유발생일><해제여부> </해제여부></item><item><거래금액>    12,000</거래금액><거래유형>직거래</거래유형><건축년도>2014</건축년도><년>2022</년><도로명>노해로85길</도로명><도로명건물본번호코드>00010</도로명건물본번호코드><도로명건물부번호코드>00055</도로명건물부번호코드><도로명시군구코드>11350</도로명시군구코드><도로명일련번호코드>01</도로명일련번호코드><도로명지상지하코드>0</도로명지상지하코드><도로명코드>4130090</도로명코드><법정동> 상계동</법정동><법정동본번코드>0330</법정동본번코드><법정동부번코드>0029</법정동부번코드><법정동시군구코드>11350</법정동시군구코드><법정동읍면동코드>10500</법정동읍면동코드><법정동지번코드>1</법정동지번코드><아파트>소담빌</아파트><월>10</월><일>24</일><일련번호>11350-2053</일련번호><전용면적>14.65</전용면적><중개사소재지> </중개사소재지><지번>330-29</지번><지역코드>11350</지역코드><층>9</층><해제사유발생일> </해제사유발생일><해제여부> </해제여부></item><item><거래금액>    50,000</거래금액><거래유형>중개거래</거래유형><건축년도>1988</건축년도><년>2022</년><도로명>노원로</도로명><도로명건물본번호코드>00532</도로명건물본번호코드><도로명건물부번호코드>00000</도로명건물부번호코드><도로명시군구코드>11350</도로명시군구코드><도로명일련번호코드>03</도로명일련번호코드><도로명지상지하코드>0</도로명지상지하코드><도로명코드>3110002</도로명코드><법정동> 상계동</법정동><법정동본번코드>0670</법정동본번코드><법정동부번코드>0000</법정동부번코드><법정동시군구코드>11350</법정동시군구코드><법정동읍면동코드>10500</법정동읍면동코드><법정동지번코드>1</법정동지번코드><아파트>상계주공9(고층)</아파트><월>10</월><일>25</일><일련번호>11350-43</일련번호><전용면적>49.94</전용면적><중개사소재지>서울 노원구</중개사소재지><지번>670</지번><지역코드>11350</지역코드><층>2</층><해제사유발생일> </해제사유발생일><해제여부> </해제여부></item><item><거래금액>    62,000</거래금액><거래유형>중개거래</거래유형><건축년도>2000</건축년도><년>2022</년><도로명>동일로230가길</도로명><도로명건물본번호코드>00015</도로명건물본번호코드><도로명건물부번호코드>00000</도로명건물부번호코드><도로명시군구코드>11350</도로명시군구코드><도로명일련번호코드>01</도로명일련번호코드><도로명지상지하코드>0</도로명지상지하코드><도로명코드>4130218</도로명코드><법정동> 상계동</법정동><법정동본번코드>1295</법정동본번코드><법정동부번코드>0000</법정동부번코드><법정동시군구코드>11350</법정동시군구코드><법정동읍면동코드>10500</법정동읍면동코드><법정동지번코드>1</법정동지번코드><아파트>상계우방유쉘</아파트><월>10</월><일>26</일><일련번호>11350-18</일련번호><전용면적>84.94</전용면적><중개사소재지>서울 노원구</중개사소재지><지번>1295</지번><지역코드>11350</지역코드><층>18</층><해제사유발생일> </해제사유발생일><해제여부> </해제여부></item><item><거래금액>    79,000</거래금액><거래유형>중개거래</거래유형><건축년도>1988</건축년도><년>2022</년><도로명>덕릉로</도로명><도로명건물본번호코드>00459</도로명건물본번호코드><도로명건물부번호코드>00018</도로명건물부번호코드><도로명시군구코드>11350</도로명시군구코드><도로명일련번호코드>01</도로명일련번호코드><도로명지상지하코드>0</도로명지상지하코드><도로명코드>3000004</도로명코드><법정동> 상계동</법정동><법정동본번코드>0766</법정동본번코드><법정동부번코드>0001</법정동부번코드><법정동시군구코드>11350</법정동시군구코드><법정동읍면동코드>10500</법정동읍면동코드><법정동지번코드>1</법정동지번코드><아파트>미도</아파트><월>10</월><일>27</일><일련번호>11350-7</일련번호><전용면적>87.57</전용면적><중개사소재지>서울 노원구</중개사소재지><지번>766-1</지번><지역코드>11350</지역코드><층>12</층><해제사유발생일> </해제사유발생일><해제여부> </해제여부></item><item><거래금액>    71,000</거래금액><거래유형>직거래</거래유형><건축년도>2001</건축년도><년>2022</년><도로명>동일로248길</도로명><도로명건물본번호코드>00016</도로명건물본번호코드><도로명건물부번호코드>00000</도로명건물부번호코드><도로명시군구코드>11350</도로명시군구코드><도로명일련번호코드>01</도로명일련번호코드><도로명지상지하코드>0</도로명지상지하코드><도로명코드>4130257</도로명코드><법정동> 상계동</법정동><법정동본번코드>1269</법정동본번코드><법정동부번코드>0000</법정동부번코드><법정동시군구코드>11350</법정동시군구코드><법정동읍면동코드>10500</법정동읍면동코드><법정동지번코드>1</법정동지번코드><아파트>수락파크빌</아파트><월>10</월><일>27</일><일련번호>11350-60</일련번호><전용면적>84.83</전용면적><중개사소재지> </중개사소재지><지번>1269</지번><지역코드>11350</지역코드><층>11</층><해제사유발생일> </해제사유발생일><해제여부> </해제여부></item><item><거래금액>    41,700</거래금액><거래유형>중개거래</거래유형><건축년도>1998</건축년도><년>2022</년><도로명>동일로245길</도로명><도로명건물본번호코드>00162</도로명건물본번호코드><도로명건물부번호코드>00000</도로명건물부번호코드><도로명시군구코드>11350</도로명시군구코드><도로명일련번호코드>01</도로명일련번호코드><도로명지상지하코드>0</도로명지상지하코드><도로명코드>4130254</도로명코드><법정동> 상계동</법정동><법정동본번코드>1255</법정동본번코드><법정동부번코드>0000</법정동부번코드><법정동시군구코드>11350</법정동시군구코드><법정동읍면동코드>10500</법정동읍면동코드><법정동지번코드>1</법정동지번코드><아파트>은빛1단지</아파트><월>10</월><일>28</일><일련번호>11350-19</일련번호><전용면적>49.77</전용면적><중개사소재지>서울 노원구</중개사소재지><지번>1255</지번><지역코드>11350</지역코드><층>3</층><해제사유발생일> </해제사유발생일><해제여부> </해제여부></item><item><거래금액>    41,000</거래금액><거래유형>중개거래</거래유형><건축년도>2001</건축년도><년>2022</년><도로명>덕릉로94가길</도로명><도로명건물본번호코드>00020</도로명건물본번호코드><도로명건물부번호코드>00000</도로명건물부번호코드><도로명시군구코드>11350</도로명시군구코드><도로명일련번호코드>01</도로명일련번호코드><도로명지상지하코드>0</도로명지상지하코드><도로명코드>4130162</도로명코드><법정동> 상계동</법정동><법정동본번코드>1276</법정동본번코드><법정동부번코드>0000</법정동부번코드><법정동시군구코드>11350</법정동시군구코드><법정동읍면동코드>10500</법정동읍면동코드><법정동지번코드>1</법정동지번코드><아파트>청암2단지</아파트><월>10</월><일>29</일><일련번호>11350-62</일련번호><전용면적>49.77</전용면적><중개사소재지>서울 노원구</중개사소재지><지번>1276</지번><지역코드>11350</지역코드><층>12</층><해제사유발생일> </해제사유발생일><해제여부> </해제여부></item><item><거래금액>    40,300</거래금액><거래유형>중개거래</거래유형><건축년도>1992</건축년도><년>2022</년><도로명>중계로</도로명><도로명건물본번호코드>00230</도로명건물본번호코드><도로명건물부번호코드>00000</도로명건물부번호코드><도로명시군구코드>11350</도로명시군구코드><도로명일련번호코드>03</도로명일련번호코드><도로명지상지하코드>0</도로명지상지하코드><도로명코드>3110007</도로명코드><법정동> 중계동</법정동><법정동본번코드>0359</법정동본번코드><법정동부번코드>0001</법정동부번코드><법정동시군구코드>11350</법정동시군구코드><법정동읍면동코드>10600</법정동읍면동코드><법정동지번코드>1</법정동지번코드><아파트>주공5</아파트><월>10</월><일>6</일><일련번호>11350-114</일련번호><전용면적>44.94</전용면적><중개사소재지>서울 노원구</중개사소재지><지번>359-1</지번><지역코드>11350</지역코드><층>4</층><해제사유발생일> </해제사유발생일><해제여부> </해제여부></item><item><거래금액>    59,000</거래금액><거래유형>중개거래</거래유형><건축년도>1992</건축년도><년>2022</년><도로명>중계로</도로명><도로명건물본번호코드>00172</도로명건물본번호코드><도로명건물부번호코드>00013</도로명건물부번호코드><도로명시군구코드>11350</도로명시군구코드><도로명일련번호코드>03</도로명일련번호코드><도로명지상지하코드>0</도로명지상지하코드><도로명코드>3110007</도로명코드><법정동> 중계동</법정동><법정동본번코드>0576</법정동본번코드><법정동부번코드>0000</법정동부번코드><법정동시군구코드>11350</법정동시군구코드><법정동읍면동코드>10600</법정동읍면동코드><법정동지번코드>1</법정동지번코드><아파트>현대(3차)</아파트><월>10</월><일>6</일><일련번호>11350-126</일련번호><전용면적>66.47</전용면적><중개사소재지>서울 노원구</중개사소재지><지번>576</지번><지역코드>11350</지역코드><층>5</층><해제사유발생일> </해제사유발생일><해제여부> </해제여부></item><item><거래금액>    51,500</거래금액><거래유형>중개거래</거래유형><건축년도>1991</건축년도><년>2022</년><도로명>동일로208길</도로명><도로명건물본번호코드>00019</도로명건물본번호코드><도로명건물부번호코드>00000</도로명건물부번호코드><도로명시군구코드>11350</도로명시군구코드><도로명일련번호코드>00</도로명일련번호코드><도로명지상지하코드>0</도로명지상지하코드><도로명코드>4130203</도로명코드><법정동> 중계동</법정동><법정동본번코드>0512</법정동본번코드><법정동부번코드>0000</법정동부번코드><법정동시군구코드>11350</법정동시군구코드><법정동읍면동코드>10600</법정동읍면동코드><법정동지번코드>1</법정동지번코드><아파트>중계무지개</아파트><월>10</월><일>12</일><일련번호>11350-102</일련번호><전용면적>49.54</전용면적><중개사소재지>서울 노원구</중개사소재지><지번>512</지번><지역코드>11350</지역코드><층>2</층><해제사유발생일> </해제사유발생일><해제여부> </해제여부></item><item><거래금액>   109,800</거래금액><거래유형>중개거래</거래유형><건축년도>1989</건축년도><년>2022</년><도로명>섬밭로</도로명><도로명건물본번호코드>00265</도로명건물본번호코드><도로명건물부번호코드>00000</도로명건물부번호코드><도로명시군구코드>11350</도로명시군구코드><도로명일련번호코드>03</도로명일련번호코드><도로명지상지하코드>0</도로명지상지하코드><도로명코드>3110005</도로명코드><법정동> 중계동</법정동><법정동본번코드>0505</법정동본번코드><법정동부번코드>0000</법정동부번코드><법정동시군구코드>11350</법정동시군구코드><법정동읍면동코드>10600</법정동읍면동코드><법정동지번코드>1</법정동지번코드><아파트>롯데(505)</아파트><월>10</월><일>14</일><일련번호>11350-96</일련번호><전용면적>129.91</전용면적><중개사소재지>서울 노원구</중개사소재지><지번>505</지번><지역코드>11350</지역코드><층>15</층><해제사유발생일> </해제사유발생일><해제여부> </해제여부></item><item><거래금액>    38,000</거래금액><거래유형>중개거래</거래유형><건축년도>1992</건축년도><년>2022</년><도로명>한글비석로14길</도로명><도로명건물본번호코드>00008</도로명건물본번호코드><도로명건물부번호코드>00000</도로명건물부번호코드><도로명시군구코드>11350</도로명시군구코드><도로명일련번호코드>01</도로명일련번호코드><도로명지상지하코드>0</도로명지상지하코드><도로명코드>4130387</도로명코드><법정동> 중계동</법정동><법정동본번코드>0369</법정동본번코드><법정동부번코드>0000</법정동부번코드><법정동시군구코드>11350</법정동시군구코드><법정동읍면동코드>10600</법정동읍면동코드><법정동지번코드>1</법정동지번코드><아파트>주공2</아파트><월>10</월><일>14</일><일련번호>11350-112</일련번호><전용면적>44.52</전용면적><중개사소재지>서울 노원구</중개사소재지><지번>369</지번><지역코드>11350</지역코드><층>11</층><해제사유발생일> </해제사유발생일><해제여부> </해제여부></item><item><거래금액>   100,000</거래금액><거래유형>중개거래</거래유형><건축년도>1996</건축년도><년>2022</년><도로명>중계로</도로명><도로명건물본번호코드>00233</도로명건물본번호코드><도로명건물부번호코드>00000</도로명건물부번호코드><도로명시군구코드>11350</도로명시군구코드><도로명일련번호코드>03</도로명일련번호코드><도로명지상지하코드>0</도로명지상지하코드><도로명코드>3110007</도로명코드><법정동> 중계동</법정동><법정동본번코드>0360</법정동본번코드><법정동부번코드>0002</법정동부번코드><법정동시군구코드>11350</법정동시군구코드><법정동읍면동코드>10600</법정동읍면동코드><법정동지번코드>1</법정동지번코드><아파트>청구3</아파트><월>10</월><일>15</일><일련번호>11350-125</일련번호><전용면적>84.77</전용면적><중개사소재지>서울 노원구</중개사소재지><지번>360-2</지번><지역코드>11350</지역코드><층>7</층><해제사유발생일> </해제사유발생일><해제여부> </해제여부></item><item><거래금액>    75,000</거래금액><거래유형>중개거래</거래유형><건축년도>1989</건축년도><년>2022</년><도로명>섬밭로</도로명><도로명건물본번호코드>00265</도로명건물본번호코드><도로명건물부번호코드>00000</도로명건물부번호코드><도로명시군구코드>11350</도로명시군구코드><도로명일련번호코드>03</도로명일련번호코드><도로명지상지하코드>0</도로명지상지하코드><도로명코드>3110005</도로명코드><법정동> 중계동</법정동><법정동본번코드>0505</법정동본번코드><법정동부번코드>0000</법정동부번코드><법정동시군구코드>11350</법정동시군구코드><법정동읍면동코드>10600</법정동읍면동코드><법정동지번코드>1</법정동지번코드><아파트>상아</아파트><월>10</월><일>20</일><일련번호>11350-99</일련번호><전용면적>114.57</전용면적><중개사소재지>서울 노원구</중개사소재지><지번>505</지번><지역코드>11350</지역코드><층>4</층><해제사유발생일> </해제사유발생일><해제여부> </해제여부></item><item><거래금액>    95,000</거래금액><거래유형>직거래</거래유형><건축년도>1992</건축년도><년>2022</년><도로명>중계로</도로명><도로명건물본번호코드>00172</도로명건물본번호코드><도로명건물부번호코드>00013</도로명건물부번호코드><도로명시군구코드>11350</도로명시군구코드><도로명일련번호코드>03</도로명일련번호코드><도로명지상지하코드>0</도로명지상지하코드><도로명코드>3110007</도로명코드><법정동> 중계동</법정동><법정동본번코드>0576</법정동본번코드><법정동부번코드>0000</법정동부번코드><법정동시군구코드>11350</법정동시군구코드><법정동읍면동코드>10600</법정동읍면동코드><법정동지번코드>1</법정동지번코드><아파트>현대(3차)</아파트><월>10</월><일>20</일><일련번호>11350-126</일련번호><전용면적>84.35</전용면적><중개사소재지> </중개사소재지><지번>576</지번><지역코드>11350</지역코드><층>2</층><해제사유발생일> </해제사유발생일><해제여부> </해제여부></item><item><거래금액>    43,000</거래금액><거래유형>중개거래</거래유형><건축년도>1992</건축년도><년>2022</년><도로명>한글비석로14길</도로명><도로명건물본번호코드>00008</도로명건물본번호코드><도로명건물부번호코드>00000</도로명건물부번호코드><도로명시군구코드>11350</도로명시군구코드><도로명일련번호코드>01</도로명일련번호코드><도로명지상지하코드>0</도로명지상지하코드><도로명코드>4130387</도로명코드><법정동> 중계동</법정동><법정동본번코드>0369</법정동본번코드><법정동부번코드>0000</법정동부번코드><법정동시군구코드>11350</법정동시군구코드><법정동읍면동코드>10600</법정동읍면동코드><법정동지번코드>1</법정동지번코드><아파트>주공2</아파트><월>10</월><일>27</일><일련번호>11350-112</일련번호><전용면적>44.52</전용면적><중개사소재지>서울 노원구</중개사소재지><지번>369</지번><지역코드>11350</지역코드><층>10</층><해제사유발생일> </해제사유발생일><해제여부> </해제여부></item><item><거래금액>    39,000</거래금액><거래유형>중개거래</거래유형><건축년도>1992</건축년도><년>2022</년><도로명>한글비석로14길</도로명><도로명건물본번호코드>00008</도로명건물본번호코드><도로명건물부번호코드>00000</도로명건물부번호코드><도로명시군구코드>11350</도로명시군구코드><도로명일련번호코드>01</도로명일련번호코드><도로명지상지하코드>0</도로명지상지하코드><도로명코드>4130387</도로명코드><법정동> 중계동</법정동><법정동본번코드>0369</법정동본번코드><법정동부번코드>0000</법정동부번코드><법정동시군구코드>11350</법정동시군구코드><법정동읍면동코드>10600</법정동읍면동코드><법정동지번코드>1</법정동지번코드><아파트>주공2</아파트><월>10</월><일>28</일><일련번호>11350-112</일련번호><전용면적>44.52</전용면적><중개사소재지>서울 노원구</중개사소재지><지번>369</지번><지역코드>11350</지역코드><층>12</층><해제사유발생일> </해제사유발생일><해제여부> </해제여부></item></items><numOfRows>999</numOfRows><pageNo>1</pageNo><totalCount>44</totalCount></body></response>