<?xml version="1.0" encoding="UTF-8" standalone="yes"?><response><header><resultCode>00</resultCode><resultMsg>NORMAL SERVICE.</resultMsg></header><body><items><item><거래금액>   110,000</거래금액><거래유형>중개거래</거래유형><건축년도>2006</건축년도><년>2022</년><도로명>서초대로</도로명><도로명건물본번호코드>00012</도로명건물본번호코드><도로명건물부번호코드>00000</도로명건물부번호코드><도로명시군구코드>11650</도로명시군구코드><도로명일련번호코드>01</도로명일련번호코드><도로명지상지하코드>0</도로명지상지하코드><도로명코드>2121002</도로명코드><법정동> 방배동</법정동><법정동본번코드>0421</법정동본번코드><법정동부번코드>0001</법정동부번코드><법정동시군구코드>11650</법정동시군구코드><법정동읍면동코드>10100</법정동읍면동코드><법정동지번코드>1</법정동지번코드><아파트>세양아르비채101동</아파트><월>12</월><일>5</일><일련번호>11650-3245</일련번호><전용면적>147.573</전용면적><중개사소재지>서울 양천구</중개사소재지><지번>421-1</지번><지역코드>11650</지역코드><층>5</층><해제사유발생일> </해제사유발생일><해제여부> </해제여부></item><item><거래금액>   120,000</거래금액><거래유형>직거래</거래유형><건축년도>2021</건축년도><년>2022</년><도로명>방배중앙로</도로명><도로명건물본번호코드>00158</도로명건물본번호코드><도로명건물부번호코드>00000</도로명건물부번호코드><도로명시군구코드>11650</도로명시군구코드><도로명일련번호코드>01</도로명일련번호코드><도로명지상지하코드>0</도로명지상지하코드><도로명코드>3121011</도로명코드><법정동> 방배동</법정동><법정동본번코드>3282</법정동본번코드><법정동부번코드>0000</법정동부번코드><법정동시군구코드>11650</법정동시군구코드><법정동읍면동코드>10100</법정동읍면동코드><법정동지번코드>1</법정동지번코드><아파트>방배중앙센트레빌</아파트><월>12</월><일>12</일><일련번호>11650-4909</일련번호><전용면적>59.933</전용면적><중개사소재지> </중개사소재지><지번>3282</지번><지역코드>11650</지역코드><층>2</층><해제사유발생일> </해제사유발생일><해제여부> </해제여부></item><item><거래금액>    93,480</거래금액><거래유형>중개거래</거래유형><건축년도>2003</건축년도><년>2022</년><도로명>남부순환로289길</도로명><도로명건물본번호코드>00016</도로명건물본번호코드><도로명건물부번호코드>00000</도로명건물부번호코드><도로명시군구코드>11650</도로명시군구코드><도로명일련번호코드>01</도로명일련번호코드><도로명지상지하코드>0</도로명지상지하코드><도로명코드>4163053</도로명코드><법정동> 방배동</법정동><법정동본번코드>0483</법정동본번코드><법정동부번코드>0001</법정동부번코드><법정동시군구코드>11650</법정동시군구코드><법정동읍면동코드>10100</법정동읍면동코드><법정동지번코드>1</법정동지번코드><아파트>서희융창</아파트><월>12</월><일>13</일><일련번호>11650-564</일련번호><전용면적>101.83</전용면적><중개사소재지>서울 서초구</중개사소재지><지번>483-1</지번><지역코드>11650</지역코드><층>5</층><해제사유발생일> </해제사유발생일><해제여부> </해제여부></item><item><거래금액>   180,000</거래금액><거래유형>중개거래</거래유형><건축년도>2006</건축년도><년>2022</년><도로명>동광로1길</도로명><도로명건물본번호코드>00112</도로명건물본번호코드><도로명건물부번호코드>00000</도로명건물부번호코드><도로명시군구코드>11650</도로명시군구코드><도로명일련번호코드>01</도로명일련번호코드><도로명지상지하코드>0</도로명지상지하코드><도로명코드>4163119</도로명코드><법정동> 방배동</법정동><법정동본번코드>0754</법정동본번코드><법정동부번코드>0001</법정동부번코드><법정동시군구코드>11650</법정동시군구코드><법정동읍면동코드>10100</법정동읍면동코드><법정동지번코드>1</법정동지번코드><아파트>롯데캐슬헤론</아파트><월>12</월><일>24</일><일련번호>11650-3317</일련번호><전용면적>124.27</전용면적><중개사소재지>서울 서초구</중개사소재지><지번>754-1</지번><지역코드>11650</지역코드><층>14</층><해제사유발생일> </해제사유발생일><해제여부> </해제여부></item><item><거래금액>   187,000</거래금액><거래유형>중개거래</거래유형><건축년도>2003</건축년도><년>2022</년><도로명>남부순환로289길</도로명><도로명건물본번호코드>00016</도로명건물본번호코드><도로명건물부번호코드>00000</도로명건물부번호코드><도로명시군구코드>11650</도로명시군구코드><도로명일련번호코드>01</도로명일련번호코드><도로명지상지하코드>0</도로명지상지하코드><도로명코드>4163053</도로명코드><법정동> 방배동</법정동><법정동본번코드>0483</법정동본번코드><법정동부번코드>0001</법정동부번코드><법정동시군구코드>11650</법정동시군구코드><법정동읍면동코드>10100</법정동읍면동코드><법정동지번코드>1</법정동지번코드><아파트>서희융창</아파트><월>12</월><일>27</일><일련번호>11650-564</일련번호><전용면적>70.02</전용면적><중개사소재지>서울 서초구</중개사소재지><지번>483-1</지번><지역코드>11650</지역코드><층>7</층><해제사유발생일> </해제사유발생일><해제여부> </해제여부></item><item><거래금액>   250,000</거래금액><거래유형>중개거래</거래유형><건축년도>2002</건축년도><년>2022</년><도로명>잠원로14길</도로명><도로명건물본번호코드>00003</도로명건물본번호코드><도로명건물부번호코드>00000</도로명건물부번호코드><도로명시군구코드>11650</도로명시군구코드><도로명일련번호코드>01</도로명일련번호코드><도로명지상지하코드>0</도로명지상지하코드><도로명코드>4163526</도로명코드><법정동> 잠원동</법정동><법정동본번코드>0050</법정동본번코드><법정동부번코드>0000</법정동부번코드><법정동시군구코드>11650</법정동시군구코드><법정동읍면동코드>10600</법정동읍면동코드><법정동지번코드>1</법정동지번코드><아파트>롯데캐슬갤럭시</아파트><월>12</월><일>5</일><일련번호>11650-155</일련번호><전용면적>133.41</전용면적><중개사소재지>서울 서초구</중개사소재지><지번>50</지번><지역코드>11650</지역코드><층>6</층><해제사유발생일> </해제사유발생일><해제여부> </해제여부></item><item><거래금액>   147,000</거래금액><거래유형>중개거래</거래유형><건축년도>2002</건축년도><년>2022</년><도로명>신반포로33길</도로명><도로명건물본번호코드>00015</도로명건물본번호코드><도로명건물부번호코드>00000</도로명건물부번호코드><도로명시군구코드>11650</도로명시군구코드><도로명일련번호코드>01</도로명일련번호코드><도로명지상지하코드>0</도로명지상지하코드><도로명코드>4163453</도로명코드><법정동> 잠원동</법정동><법정동본번코드>0157</법정동본번코드><법정동부번코드>0000</법정동부번코드><법정동시군구코드>11650</법정동시군구코드><법정동읍면동코드>10600</법정동읍면동코드><법정동지번코드>1</법정동지번코드><아파트>동아</아파트><월>12</월><일>9</일><일련번호>11650-102</일련번호><전용면적>59.8</전용면적><중개사소재지>서울 서초구</중개사소재지><지번>157</지번><지역코드>11650</지역코드><층>1</층><해제사유발생일> </해제사유발생일><해제여부> </해제여부></item><item><거래금액>   127,000</거래금액><거래유형>중개거래</거래유형><건축년도>1998</건축년도><년>2022</년><도로명>잠원로3길</도로명><도로명건물본번호코드>00020</도로명건물본번호코드><도로명건물부번호코드>00000</도로명건물부번호코드><도로명시군구코드>11650</도로명시군구코드><도로명일련번호코드>01</도로명일련번호코드><도로명지상지하코드>0</도로명지상지하코드><도로명코드>4163527</도로명코드><법정동> 잠원동</법정동><법정동본번코드>0071</법정동본번코드><법정동부번코드>0017</법정동부번코드><법정동시군구코드>11650</법정동시군구코드><법정동읍면동코드>10600</법정동읍면동코드><법정동지번코드>1</법정동지번코드><아파트>중앙하이츠</아파트><월>12</월><일>10</일><일련번호>11650-139</일련번호><전용면적>59.93</전용면적><중개사소재지>서울 서초구</중개사소재지><지번>71-17</지번><지역코드>11650</지역코드><층>4</층><해제사유발생일> </해제사유발생일><해제여부> </해제여부></item><item><거래금액>   242,000</거래금액><거래유형>중개거래</거래유형><건축년도>1979</건축년도><년>2022</년><도로명>잠원로</도로명><도로명건물본번호코드>00037</도로명건물본번호코드><도로명건물부번호코드>00048</도로명건물부번호코드><도로명시군구코드>11650</도로명시군구코드><도로명일련번호코드>01</도로명일련번호코드><도로명지상지하코드>0</도로명지상지하코드><도로명코드>3121019</도로명코드><법정동> 잠원동</법정동><법정동본번코드>0070</법정동본번코드><법정동부번코드>0000</법정동부번코드><법정동시군구코드>11650</법정동시군구코드><법정동읍면동코드>10600</법정동읍면동코드><법정동지번코드>1</법정동지번코드><아파트>신반포4</아파트><월>12</월><일>17</일><일련번호>11650-125</일련번호><전용면적>100.11</전용면적><중개사소재지>서울 서초구</중개사소재지><지번>70</지번><지역코드>11650</지역코드><층>13</층><해제사유발생일> </해제사유발생일><해제여부> </해제여부></item><item><거래금액>   263,500</거래금액><거래유형>중개거래</거래유형><건축년도>1974</건축년도><년>2022</년><도로명>신반포로</도로명><도로명건물본번호코드>00032</도로명건물본번호코드><도로명건물부번호코드>00000</도로명건물부번호코드><도로명시군구코드>11650</도로명시군구코드><도로명일련번호코드>02</도로명일련번호코드><도로명지상지하코드>0</도로명지상지하코드><도로명코드>3121017</도로명코드><법정동> 반포동</법정동><법정동본번코드>0968</법정동본번코드><법정동부번코드>0000</법정동부번코드><법정동시군구코드>11650</법정동시군구코드><법정동읍면동코드>10700</법정동읍면동코드><법정동지번코드>1</법정동지번코드><아파트>에이아이디차관주택</아파트><월>12</월><일>9</일><일련번호>11650-209</일련번호><전용면적>72.51</전용면적><중개사소재지>서울 서초구</중개사소재지><지번>968</지번><지역코드>11650</지역코드><층>1</층><해제사유발생일> </해제사유발생일><해제여부> </해제여부></item><item><거래금액>   510,000</거래금액><거래유형>중개거래</거래유형><건축년도>2009</건축년도><년>2022</년><도로명>신반포로</도로명><도로명건물본번호코드>00270</도로명건물본번호코드><도로명건물부번호코드>00000</도로명건물부번호코드><도로명시군구코드>11650</도로명시군구코드><도로명일련번호코드>02</도로명일련번호코드><도로명지상지하코드>0</도로명지상지하코드><도로명코드>3121017</도로명코드><법정동> 반포동</법정동><법정동본번코드>0020</법정동본번코드><법정동부번코드>0043</법정동부번코드><법정동시군구코드>11650</법정동시군구코드><법정동읍면동코드>10700</법정동읍면동코드><법정동지번코드>1</법정동지번코드><아파트>반포자이</아파트><월>12</월><일>10</일><일련번호>11650-3500</일련번호><전용면적>165.446</전용면적><중개사소재지>서울 서초구</중개사소재지><지번>20-43</지번><지역코드>11650</지역코드><층>14</층><해제사유발생일> </해제사유발생일><해제여부> </해제여부></item><item><거래금액>   660,000</거래금액><거래유형>중개거래</거래유형><건축년도>1973</건축년도><년>2022</년><도로명>신반포로</도로명><도로명건물본번호코드>00009</도로명건물본번호코드><도로명건물부번호코드>00000</도로명건물부번호코드><도로명시군구코드>11650</도로명시군구코드><도로명일련번호코드>00</도로명일련번호코드><도로명지상지하코드>0</도로명지상지하코드><도로명코드>3121017</도로명코드><법정동> 반포동</법정동><법정동본번코드>0757</법정동본번코드><법정동부번코드>0000</법정동부번코드><법정동시군구코드>11650</법정동시군구코드><법정동읍면동코드>10700</법정동읍면동코드><법정동지번코드>1</법정동지번코드><아파트>반포주공1단지</아파트><월>12</월><일>13</일><일련번호>11650-175</일련번호><전용면적>140.13</전용면적><중개사소재지>서울 서초구</중개사소재지><지번>757</지번><지역코드>11650</지역코드><층>5</층><해제사유발생일> </해제사유발생일><해제여부> </해제여부></item><item><거래금액>   290,000</거래금액><거래유형>중개거래</거래유형><건축년도>1974</건축년도><년>2022</년><도로명>신반포로</도로명><도로명건물본번호코드>00032</도로명건물본번호코드><도로명건물부번호코드>00000</도로명건물부번호코드><도로명시군구코드>11650</도로명시군구코드><도로명일련번호코드>02</도로명일련번호코드><도로명지상지하코드>0</도로명지상지하코드><도로명코드>3121017</도로명코드><법정동> 반포동</법정동><법정동본번코드>0968</법정동본번코드><법정동부번코드>0000</법정동부번코드><법정동시군구코드>11650</법정동시군구코드><법정동읍면동코드>10700</법정동읍면동코드><법정동지번코드>1</법정동지번코드><아파트>에이아이디차관주택</아파트><월>12</월><일>23</일><일련번호>11650-209</일련번호><전용면적>72.51</전용면적><중개사소재지>서울 서초구</중개사소재지><지번>968</지번><지역코드>11650</지역코드><층>1</층><해제사유발생일> </해제사유발생일><해제여부> </해제여부></item><item><거래금액>   348,000</거래금액><거래유형>중개거래</거래유형><건축년도>2009</건축년도><년>2022</년><도로명>신반포로</도로명><도로명건물본번호코드>00270</도로명건물본번호코드><도로명건물부번호코드>00000</도로명건물부번호코드><도로명시군구코드>11650</도로명시군구코드><도로명일련번호코드>02</도로명일련번호코드><도로명지상지하코드>0</도로명지상지하코드><도로명코드>3121017</도로명코드><법정동> 반포동</법정동><법정동본번코드>0020</법정동본번코드><법정동부번코드>0043</법정동부번코드><법정동시군구코드>11650</법정동시군구코드><법정동읍면동코드>10700</법정동읍면동코드><법정동지번코드>1</법정동지번코드><아파트>반포자이</아파트><월>12</월><일>26</일><일련번호>11650-3500</일련번호><전용면적>84.943</전용면적><중개사소재지>서울 서초구</중개사소재지><지번>20-43</지번><지역코드>11650</지역코드><층>24</층><해제사유발생일> </해제사유발생일><해제여부> </해제여부></item><item><거래금액>   310,000</거래금액><거래유형>중개거래</거래유형><건축년도>2009</건축년도><년>2022</년><도로명>반포대로</도로명><도로명건물본번호코드>00275</도로명건물본번호코드><도로명건물부번호코드>00000</도로명건물부번호코드><도로명시군구코드>11650</도로명시군구코드><도로명일련번호코드>02</도로명일련번호코드><도로명지상지하코드>0</도로명지상지하코드><도로명코드>2121003</도로명코드><법정동> 반포동</법정동><법정동본번코드>0018</법정동본번코드><법정동부번코드>0001</법정동부번코드><법정동시군구코드>11650</법정동시군구코드><법정동읍면동코드>10700</법정동읍면동코드><법정동지번코드>1</법정동지번코드><아파트>래미안퍼스티지</아파트><월>12</월><일>26</일><일련번호>11650-3559</일련번호><전용면적>84.93</전용면적><중개사소재지>서울 강남구</중개사소재지><지번>18-1</지번><지역코드>11650</지역코드><층>21</층><해제사유발생일> </해제사유발생일><해제여부> </해제여부></item><item><거래금액>   310,000</거래금액><거래유형>중개거래</거래유형><건축년도>2009</건축년도><년>2022</년><도로명>반포대로</도로명><도로명건물본번호코드>00275</도로명건물본번호코드><도로명건물부번호코드>00000</도로명건물부번호코드><도로명시군구코드>11650</도로명시군구코드><도로명일련번호코드>02</도로명일련번호코드><도로명지상지하코드>0</도로명지상지하코드><도로명코드>2121003</도로명코드><법정동> 반포동</법정동><법정동본번코드>0018</법정동본번코드><법정동부번코드>0001</법정동부번코드><법정동시군구코드>11650</법정동시군구코드><법정동읍면동코드>10700</법정동읍면동코드><법정동지번코드>1</법정동지번코드><아파트>래미안퍼스티지</아파트><월>12</월><일>26</일><일련번호>11650-3559</일련번호><전용면적>84.93</전용면적><중개사소재지>서울 강남구</중개사소재지><지번>18-1</지번><지역코드>11650</지역코드><층>21</층><해제사유발생일>23.02.24</해제사유발생일><해제여부>O</해제여부></item><item><거래금액>    90,000</거래금액><거래유형>중개거래</거래유형><건축년도>2005</건축년도><년>2022</년><도로명>강남대로</도로명><도로명건물본번호코드>00321</도로명건물본번호코드><도로명건물부번호코드>00000</도로명건물부번호코드><도로명시군구코드>11650</도로명시군구코드><도로명일련번호코드>04</도로명일련번호코드><도로명지상지하코드>0</도로명지상지하코드><도로명코드>2102001</도로명코드><법정동> 서초동</법정동><법정동본번코드>1337</법정동본번코드><법정동부번코드>0022</법정동부번코드><법정동시군구코드>11650</법정동시군구코드><법정동읍면동코드>10800</법정동읍면동코드><법정동지번코드>1</법정동지번코드><아파트>서초동대우디오빌프라임</아파트><월>12</월><일>3</일><일련번호>11650-3218</일련번호><전용면적>57.88</전용면적><중개사소재지>서울 서초구</중개사소재지><지번>1337-22</지번><지역코드>11650</지역코드><층>12</층><해제사유발생일> </해제사유발생일><해제여부> </해제여부></item><item><거래금액>    88,000</거래금액><거래유형>중개거래</거래유형><건축년도>2001</건축년도><년>2022</년><도로명>강남대로61길</도로명><도로명건물본번호코드>00017</도로명건물본번호코드><도로명건물부번호코드>00000</도로명건물부번호코드><도로명시군구코드>11650</도로명시군구코드><도로명일련번호코드>01</도로명일련번호코드><도로명지상지하코드>0</도로명지상지하코드><도로명코드>4163028</도로명코드><법정동> 서초동</법정동><법정동본번코드>1316</법정동본번코드><법정동부번코드>0031</법정동부번코드><법정동시군구코드>11650</법정동시군구코드><법정동읍면동코드>10800</법정동읍면동코드><법정동지번코드>1</법정동지번코드><아파트>밀라텔쉐르빌</아파트><월>12</월><일>7</일><일련번호>11650-21</일련번호><전용면적>65.32</전용면적><중개사소재지>서울 서초구</중개사소재지><지번>1316-31</지번><지역코드>11650</지역코드><층>11</층><해제사유발생일> </해제사유발생일><해제여부> </해제여부></item><item><거래금액>    20,500</거래금액><거래유형>중개거래</거래유형><건축년도>2014</건축년도><년>2022</년><도로명>효령로77길</도로명><도로명건물본번호코드>00030</도로명건물본번호코드><도로명건물부번호코드>00000</도로명건물부번호코드><도로명시군구코드>11650</도로명시군구코드><도로명일련번호코드>01</도로명일련번호코드><도로명지상지하코드>0</도로명지상지하코드><도로명코드>4163659</도로명코드><법정동> 서초동</법정동><법정동본번코드>1337</법정동본번코드><법정동부번코드>0003</법정동부번코드><법정동시군구코드>11650</법정동시군구코드><법정동읍면동코드>10800</법정동읍면동코드><법정동지번코드>1</법정동지번코드><아파트>urbanplace</아파트><월>12</월><일>7</일><일련번호>11650-4072</일련번호><전용면적>21.007</전용면적><중개사소재지>서울 서초구</중개사소재지><지번>1337-3</지번><지역코드>11650</지역코드><층>4</층><해제사유발생일> </해제사유발생일><해제여부> </해제여부></item><item><거래금액>    39,000</거래금액><거래유형>중개거래</거래유형><건축년도>2003</건축년도><년>2022</년><도로명>서초중앙로</도로명><도로명건물본번호코드>00026</도로명건물본번호코드><도로명건물부번호코드>00000</도로명건물부번호코드><도로명시군구코드>11650</도로명시군구코드><도로명일련번호코드>03</도로명일련번호코드><도로명지상지하코드>0</도로명지상지하코드><도로명코드>3121024</도로명코드><법정동> 서초동</법정동><법정동본번코드>1445</법정동본번코드><법정동부번코드>0004</법정동부번코드><법정동시군구코드>11650</법정동시군구코드><법정동읍면동코드>10800</법정동읍면동코드><법정동지번코드>1</법정동지번코드><아파트>래미안서초유니빌</아파트><월>12</월><일>8</일><일련번호>11650-518</일련번호><전용면적>36.599</전용면적><중개사소재지>서울 서초구</중개사소재지><지번>1445-4</지번><지역코드>11650</지역코드><층>5</층><해제사유발생일>22.12.09</해제사유발생일><해제여부>O</해제여부></item><item><거래금액>    39,000</거래금액><거래유형>중개거래</거래유형><건축년도>2003</건축년도><년>2022</년><도로명>서초중앙로</도로명><도로명건물본번호코드>00026</도로명건물본번호코드><도로명건물부번호코드>00000</도로명건물부번호코드><도로명시군구코드>11650</도로명시군구코드><도로명일련번호코드>03</도로명일련번호코드><도로명지상지하코드>0</도로명지상지하코드><도로명코드>3121024</도로명코드><법정동> 서초동</법정동><법정동본번코드>1445</법정동본번코드><법정동부번코드>0004</법정동부번코드><법정동시군구코드>11650</법정동시군구코드><법정동읍면동코드>10800</법정동읍면동코드><법정동지번코드>1</법정동지번코드><아파트>래미안서초유니빌</아파트><월>12</월><일>8</일><일련번호>11650-518</일련번호><전용면적>36.599</전용면적><중개사소재지>서울 서초구</중개사소재지><지번>1445-4</지번><지역코드>11650</지역코드><층>5</층><해제사유발생일> </해제사유발생일><해제여부> </해제여부></item><item><거래금액>   235,000</거래금액><거래유형>중개거래</거래유형><건축년도>2004</건축년도><년>2022</년><도로명>서초중앙로</도로명><도로명건물본번호코드>00188</도로명건물본번호코드><도로명건물부번호코드>00000</도로명건물부번호코드><도로명시군구코드>11650</도로명시군구코드><도로명일련번호코드>03</도로명일련번호코드><도로명지상지하코드>0</도로명지상지하코드><도로명코드>3121024</도로명코드><법정동> 서초동</법정동><법정동본번코드>1685</법정동본번코드><법정동부번코드>0003</법정동부번코드><법정동시군구코드>11650</법정동시군구코드><법정동읍면동코드>10800</법정동읍면동코드><법정동지번코드>1</법정동지번코드><아파트>아크로비스타</아파트><월>12</월><일>11</일><일련번호>11650-724</일련번호><전용면적>138.96</전용면적><중개사소재지>서울 서초구</중개사소재지><지번>1685-3</지번><지역코드>11650</지역코드><층>19</층><해제사유발생일>23.02.07</해제사유발생일><해제여부>O</해제여부></item><item><거래금액>   269,000</거래금액><거래유형>직거래</거래유형><건축년도>2006</건축년도><년>2022</년><도로명>서초중앙로2길</도로명><도로명건물본번호코드>00021</도로명건물본번호코드><도로명건물부번호코드>00000</도로명건물부번호코드><도로명시군구코드>11650</도로명시군구코드><도로명일련번호코드>01</도로명일련번호코드><도로명지상지하코드>0</도로명지상지하코드><도로명코드>4163718</도로명코드><법정동> 서초동</법정동><법정동본번코드>1445</법정동본번코드><법정동부번코드>0014</법정동부번코드><법정동시군구코드>11650</법정동시군구코드><법정동읍면동코드>10800</법정동읍면동코드><법정동지번코드>1</법정동지번코드><아파트>더샵서초</아파트><월>12</월><일>14</일><일련번호>11650-3284</일련번호><전용면적>212.28</전용면적><중개사소재지> </중개사소재지><지번>1445-14</지번><지역코드>11650</지역코드><층>25</층><해제사유발생일> </해제사유발생일><해제여부> </해제여부></item><item><거래금액>   170,000</거래금액><거래유형>직거래</거래유형><건축년도>1997</건축년도><년>2022</년><도로명>강남대로</도로명><도로명건물본번호코드>00375</도로명건물본번호코드><도로명건물부번호코드>00000</도로명건물부번호코드><도로명시군구코드>11650</도로명시군구코드><도로명일련번호코드>04</도로명일련번호코드><도로명지상지하코드>0</도로명지상지하코드><도로명코드>2102001</도로명코드><법정동> 서초동</법정동><법정동본번코드>1319</법정동본번코드><법정동부번코드>0013</법정동부번코드><법정동시군구코드>11650</법정동시군구코드><법정동읍면동코드>10800</법정동읍면동코드><법정동지번코드>1</법정동지번코드><아파트>서초현대타워아파트</아파트><월>12</월><일>16</일><일련번호>11650-50</일련번호><전용면적>179.03</전용면적><중개사소재지> </중개사소재지><지번>1319-13</지번><지역코드>11650</지역코드><층>28</층><해제사유발생일> </해제사유발생일><해제여부> </해제여부></item><item><거래금액>    84,000</거래금액><거래유형>중개거래</거래유형><건축년도>2003</건축년도><년>2022</년><도로명>남부순환로317길</도로명><도로명건물본번호코드>00018</도로명건물본번호코드><도로명건물부번호코드>00016</도로명건물부번호코드><도로명시군구코드>11650</도로명시군구코드><도로명일련번호코드>01</도로명일련번호코드><도로명지상지하코드>0</도로명지상지하코드><도로명코드>4163069</도로명코드><법정동> 서초동</법정동><법정동본번코드>1465</법정동본번코드><법정동부번코드>0007</법정동부번코드><법정동시군구코드>11650</법정동시군구코드><법정동읍면동코드>10800</법정동읍면동코드><법정동지번코드>1</법정동지번코드><아파트>서초코아</아파트><월>12</월><일>21</일><일련번호>11650-555</일련번호><전용면적>70.13</전용면적><중개사소재지>서울 서초구</중개사소재지><지번>1465-7</지번><지역코드>11650</지역코드><층>5</층><해제사유발생일> </해제사유발생일><해제여부> </해제여부></item><item><거래금액>   335,000</거래금액><거래유형>중개거래</거래유형><건축년도>2021</건축년도><년>2022</년><도로명일련번호코드>00</도로명일련번호코드><도로명지상지하코드>0</도로명지상지하코드><법정동> 서초동</법정동><법정동본번코드>1757</법정동본번코드><법정동부번코드>0000</법정동부번코드><법정동시군구코드>11650</법정동시군구코드><법정동읍면동코드>10800</법정동읍면동코드><법정동지번코드>1</법정동지번코드><아파트>서초그랑자이</아파트><월>12</월><일>23</일><일련번호>11650-4969</일련번호><전용면적>119.41</전용면적><중개사소재지>서울 서초구</중개사소재지><지번>1757</지번><지역코드>11650</지역코드><층>21</층><해제사유발생일> </해제사유발생일><해제여부> </해제여부></item><item><거래금액>   450,000</거래금액><거래유형>직거래</거래유형><건축년도>1988</건축년도><년>2022</년><도로명>서초중앙로</도로명><도로명건물본번호코드>00200</도로명건물본번호코드><도로명건물부번호코드>00000</도로명건물부번호코드><도로명시군구코드>11650</도로명시군구코드><도로명일련번호코드>03</도로명일련번호코드><도로명지상지하코드>0</도로명지상지하코드><도로명코드>3121024</도로명코드><법정동> 서초동</법정동><법정동본번코드>1685</법정동본번코드><법정동부번코드>0000</법정동부번코드><법정동시군구코드>11650</법정동시군구코드><법정동읍면동코드>10800</법정동읍면동코드><법정동지번코드>1</법정동지번코드><아파트>삼풍아파트</아파트><월>12</월><일>28</일><일련번호>11650-28</일련번호><전용면적>163.81</전용면적><중개사소재지> </중개사소재지><지번>1685</지번><지역코드>11650</지역코드><층>2</층><해제사유발생일> </해제사유발생일><해제여부> </해제여부></item><item><거래금액>   160,000</거래금액><거래유형>중개거래</거래유형><건축년도>2005</건축년도><년>2022</년><도로명>효령로45길</도로명><도로명건물본번호코드>00011</도로명건물본번호코드><도로명건물부번호코드>00000</도로명건물부번호코드><도로명시군구코드>11650</도로명시군구코드><도로명일련번호코드>01</도로명일련번호코드><도로명지상지하코드>0</도로명지상지하코드><도로명코드>4163639</도로명코드><법정동> 서초동</법정동><법정동본번코드>1527</법정동본번코드><법정동부번코드>0013</법정동부번코드><법정동시군구코드>11650</법정동시군구코드><법정동읍면동코드>10800</법정동읍면동코드><법정동지번코드>1</법정동지번코드><아파트>로얄파크에이</아파트><월>12</월><일>30</일><일련번호>11650-773</일련번호><전용면적>146.56</전용면적><중개사소재지>서울 서초구</중개사소재지><지번>1527-13</지번><지역코드>11650</지역코드><층>4</층><해제사유발생일> </해제사유발생일><해제여부> </해제여부></item><item><거래금액>   186,000</거래금액><거래유형>중개거래</거래유형><건축년도>2003</건축년도><년>2022</년><도로명>서초대로65길</도로명><도로명건물본번호코드>00013</도로명건물본번호코드><도로명건물부번호코드>00010</도로명건물부번호코드><도로명시군구코드>11650</도로명시군구코드><도로명일련번호코드>01</도로명일련번호코드><도로명지상지하코드>0</도로명지상지하코드><도로명코드>4163425</도로명코드><법정동> 서초동</법정동><법정동본번코드>1682</법정동본번코드><법정동부번코드>0000</법정동부번코드><법정동시군구코드>11650</법정동시군구코드><법정동읍면동코드>10800</법정동읍면동코드><법정동지번코드>1</법정동지번코드><아파트>서초래미안</아파트><월>12</월><일>31</일><일련번호>11650-523</일련번호><전용면적>84.97</전용면적><중개사소재지>서울 서초구</중개사소재지><지번>1682</지번><지역코드>11650</지역코드><층>12</층><해제사유발생일> </해제사유발생일><해제여부> </해제여부></item><item><거래금액>   250,000</거래금액><거래유형>중개거래</거래유형><건축년도>2004</건축년도><년>2022</년><도로명>서초중앙로</도로명><도로명건물본번호코드>00188</도로명건물본번호코드><도로명건물부번호코드>00000</도로명건물부번호코드><도로명시군구코드>11650</도로명시군구코드><도로명일련번호코드>03</도로명일련번호코드><도로명지상지하코드>0</도로명지상지하코드><도로명코드>3121024</도로명코드><법정동> 서초동</법정동><법정동본번코드>1685</법정동본번코드><법정동부번코드>0003</법정동부번코드><법정동시군구코드>11650</법정동시군구코드><법정동읍면동코드>10800</법정동읍면동코드><법정동지번코드>1</법정동지번코드><아파트>아크로비스타</아파트><월>12</월><일>31</일><일련번호>11650-724</일련번호><전용면적>152.33</전용면적><중개사소재지>서울 서초구</중개사소재지><지번>1685-3</지번><지역코드>11650</지역코드><층>9</층><해제사유발생일> </해제사유발생일><해제여부> </해제여부></item><item><거래금액>   194,000</거래금액><거래유형>중개거래</거래유형><건축년도>2006</건축년도><년>2022</년><도로명>서운로</도로명><도로명건물본번호코드>00197</도로명건물본번호코드><도로명건물부번호코드>00000</도로명건물부번호코드><도로명시군구코드>11650</도로명시군구코드><도로명일련번호코드>00</도로명일련번호코드><도로명코드>3121016</도로명코드><법정동> 서초동</법정동><법정동본번코드>1312</법정동본번코드><법정동부번코드>0003</법정동부번코드><법정동시군구코드>11650</법정동시군구코드><법정동읍면동코드>10800</법정동읍면동코드><법정동지번코드>1</법정동지번코드><아파트>롯데캐슬클래식</아파트><월>12</월><일>31</일><일련번호>11650-3300</일련번호><전용면적>84.98</전용면적><중개사소재지>서울 서초구</중개사소재지><지번>1312-3</지번><지역코드>11650</지역코드><층>23</층><해제사유발생일> </해제사유발생일><해제여부> </해제여부></item></items><numOfRows>999</numOfRows><pageNo>1</pageNo><totalCount>31</totalCount></body></response>