<?xml version="1.0" encoding="UTF-8" standalone="yes"?><response><header><resultCode>00</resultCode><resultMsg>NORMAL SERVICE.</resultMsg></header><body><items><item><거래금액>   173,000</거래금액><거래유형>중개거래</거래유형><건축년도>1991</건축년도><년>2022</년><도로명>방배선행길</도로명><도로명건물본번호코드>00001</도로명건물본번호코드><도로명건물부번호코드>00000</도로명건물부번호코드><도로명시군구코드>11650</도로명시군구코드><도로명일련번호코드>01</도로명일련번호코드><도로명지상지하코드>0</도로명지상지하코드><도로명코드>4163671</도로명코드><법정동> 방배동</법정동><법정동본번코드>2525</법정동본번코드><법정동부번코드>0000</법정동부번코드><법정동시군구코드>11650</법정동시군구코드><법정동읍면동코드>10100</법정동읍면동코드><법정동지번코드>1</법정동지번코드><아파트>방배우성</아파트><월>11</월><일>4</일><일련번호>11650-331</일련번호><전용면적>117.19</전용면적><중개사소재지>서울 서초구</중개사소재지><지번>2525</지번><지역코드>11650</지역코드><층>10</층><해제사유발생일> </해제사유발생일><해제여부> </해제여부></item><item><거래금액>   140,000</거래금액><거래유형>중개거래</거래유형><건축년도>2002</건축년도><년>2022</년><도로명>남부순환로287길</도로명><도로명건물본번호코드>00007</도로명건물본번호코드><도로명건물부번호코드>00000</도로명건물부번호코드><도로명시군구코드>11650</도로명시군구코드><도로명일련번호코드>01</도로명일련번호코드><도로명지상지하코드>0</도로명지상지하코드><도로명코드>4163052</도로명코드><법정동> 방배동</법정동><법정동본번코드>0479</법정동본번코드><법정동부번코드>0011</법정동부번코드><법정동시군구코드>11650</법정동시군구코드><법정동읍면동코드>10100</법정동읍면동코드><법정동지번코드>1</법정동지번코드><아파트>방배홈타운(479-11)</아파트><월>11</월><일>5</일><일련번호>11650-637</일련번호><전용면적>113.67</전용면적><중개사소재지> </중개사소재지><지번>479-11</지번><지역코드>11650</지역코드><층>7</층><해제사유발생일> </해제사유발생일><해제여부> </해제여부></item><item><거래금액>    33,000</거래금액><거래유형>중개거래</거래유형><건축년도>2005</건축년도><년>2022</년><도로명>서초대로</도로명><도로명건물본번호코드>00017</도로명건물본번호코드><도로명건물부번호코드>00000</도로명건물부번호코드><도로명시군구코드>11650</도로명시군구코드><도로명일련번호코드>01</도로명일련번호코드><도로명지상지하코드>0</도로명지상지하코드><도로명코드>2121002</도로명코드><법정동> 방배동</법정동><법정동본번코드>0866</법정동본번코드><법정동부번코드>0020</법정동부번코드><법정동시군구코드>11650</법정동시군구코드><법정동읍면동코드>10100</법정동읍면동코드><법정동지번코드>1</법정동지번코드><아파트>방배대우디오빌</아파트><월>11</월><일>12</일><일련번호>11650-3191</일련번호><전용면적>29.6</전용면적><중개사소재지>서울 서초구</중개사소재지><지번>866-20</지번><지역코드>11650</지역코드><층>21</층><해제사유발생일> </해제사유발생일><해제여부> </해제여부></item><item><거래금액>   149,000</거래금액><거래유형>중개거래</거래유형><건축년도>1992</건축년도><년>2022</년><도로명>효령로</도로명><도로명건물본번호코드>00084</도로명건물본번호코드><도로명건물부번호코드>00000</도로명건물부번호코드><도로명시군구코드>11650</도로명시군구코드><도로명일련번호코드>01</도로명일련번호코드><도로명지상지하코드>0</도로명지상지하코드><도로명코드>3121021</도로명코드><법정동> 방배동</법정동><법정동본번코드>1038</법정동본번코드><법정동부번코드>0000</법정동부번코드><법정동시군구코드>11650</법정동시군구코드><법정동읍면동코드>10100</법정동읍면동코드><법정동지번코드>1</법정동지번코드><아파트>대우(효령)</아파트><월>11</월><일>19</일><일련번호>11650-272</일련번호><전용면적>84.91</전용면적><중개사소재지>서울 서초구</중개사소재지><지번>1038</지번><지역코드>11650</지역코드><층>10</층><해제사유발생일> </해제사유발생일><해제여부> </해제여부></item><item><거래금액>   157,500</거래금액><거래유형>중개거래</거래유형><건축년도>2018</건축년도><년>2022</년><도로명>명달로9길</도로명><도로명건물본번호코드>00057</도로명건물본번호코드><도로명건물부번호코드>00000</도로명건물부번호코드><도로명시군구코드>11650</도로명시군구코드><도로명일련번호코드>00</도로명일련번호코드><도로명지상지하코드>0</도로명지상지하코드><도로명코드>4163195</도로명코드><법정동> 방배동</법정동><법정동본번코드>3278</법정동본번코드><법정동부번코드>0000</법정동부번코드><법정동시군구코드>11650</법정동시군구코드><법정동읍면동코드>10100</법정동읍면동코드><법정동지번코드>1</법정동지번코드><아파트>방배아트자이</아파트><월>11</월><일>22</일><일련번호>11650-4706</일련번호><전용면적>59.9938</전용면적><중개사소재지>서울 서초구</중개사소재지><지번>3278</지번><지역코드>11650</지역코드><층>7</층><해제사유발생일> </해제사유발생일><해제여부> </해제여부></item><item><거래금액>    18,690</거래금액><거래유형>중개거래</거래유형><건축년도>2014</건축년도><년>2022</년><도로명>양재대로2길</도로명><도로명건물본번호코드>00100</도로명건물본번호코드><도로명건물부번호코드>00011</도로명건물부번호코드><도로명시군구코드>11650</도로명시군구코드><도로명일련번호코드>01</도로명일련번호코드><도로명지상지하코드>0</도로명지상지하코드><도로명코드>4163748</도로명코드><법정동> 우면동</법정동><법정동본번코드>0764</법정동본번코드><법정동부번코드>0000</법정동부번코드><법정동시군구코드>11650</법정동시군구코드><법정동읍면동코드>10300</법정동읍면동코드><법정동지번코드>1</법정동지번코드><아파트>계룡리슈빌S</아파트><월>11</월><일>7</일><일련번호>11650-4065</일련번호><전용면적>21.5893</전용면적><중개사소재지>서울 서초구</중개사소재지><지번>764</지번><지역코드>11650</지역코드><층>4</층><해제사유발생일> </해제사유발생일><해제여부> </해제여부></item><item><거래금액>   145,000</거래금액><거래유형>중개거래</거래유형><건축년도>2013</건축년도><년>2022</년><도로명>태봉로2길</도로명><도로명건물본번호코드>00060</도로명건물본번호코드><도로명건물부번호코드>00000</도로명건물부번호코드><도로명시군구코드>11650</도로명시군구코드><도로명일련번호코드>01</도로명일련번호코드><도로명지상지하코드>0</도로명지상지하코드><도로명코드>4163582</도로명코드><법정동> 우면동</법정동><법정동본번코드>0717</법정동본번코드><법정동부번코드>0000</법정동부번코드><법정동시군구코드>11650</법정동시군구코드><법정동읍면동코드>10300</법정동읍면동코드><법정동지번코드>1</법정동지번코드><아파트>서초네이처힐3단지</아파트><월>11</월><일>23</일><일련번호>11650-3864</일련번호><전용면적>84.77</전용면적><중개사소재지>서울 강남구, 서울 서초구</중개사소재지><지번>717</지번><지역코드>11650</지역코드><층>6</층><해제사유발생일> </해제사유발생일><해제여부> </해제여부></item><item><거래금액>    19,500</거래금액><거래유형>중개거래</거래유형><건축년도>2014</건축년도><년>2022</년><도로명>양재대로2길</도로명><도로명건물본번호코드>00100</도로명건물본번호코드><도로명건물부번호코드>00011</도로명건물부번호코드><도로명시군구코드>11650</도로명시군구코드><도로명일련번호코드>01</도로명일련번호코드><도로명지상지하코드>0</도로명지상지하코드><도로명코드>4163748</도로명코드><법정동> 우면동</법정동><법정동본번코드>0764</법정동본번코드><법정동부번코드>0000</법정동부번코드><법정동시군구코드>11650</법정동시군구코드><법정동읍면동코드>10300</법정동읍면동코드><법정동지번코드>1</법정동지번코드><아파트>계룡리슈빌S</아파트><월>11</월><일>24</일><일련번호>11650-4065</일련번호><전용면적>21.5893</전용면적><중개사소재지>서울 서초구</중개사소재지><지번>764</지번><지역코드>11650</지역코드><층>3</층><해제사유발생일> </해제사유발생일><해제여부> </해제여부></item><item><거래금액>   158,000</거래금액><거래유형>중개거래</거래유형><건축년도>1995</건축년도><년>2022</년><도로명>바우뫼로7길</도로명><도로명건물본번호코드>00051</도로명건물본번호코드><도로명건물부번호코드>00000</도로명건물부번호코드><도로명시군구코드>11650</도로명시군구코드><도로명일련번호코드>01</도로명일련번호코드><도로명지상지하코드>0</도로명지상지하코드><도로명코드>4163219</도로명코드><법정동> 우면동</법정동><법정동본번코드>0057</법정동본번코드><법정동부번코드>0000</법정동부번코드><법정동시군구코드>11650</법정동시군구코드><법정동읍면동코드>10300</법정동읍면동코드><법정동지번코드>1</법정동지번코드><아파트>대림</아파트><월>11</월><일>28</일><일련번호>11650-479</일련번호><전용면적>130.89</전용면적><중개사소재지>서울 강남구, 서울 서초구</중개사소재지><지번>57</지번><지역코드>11650</지역코드><층>6</층><해제사유발생일>23.01.10</해제사유발생일><해제여부>O</해제여부></item><item><거래금액>   258,000</거래금액><거래유형>중개거래</거래유형><건축년도>2016</건축년도><년>2022</년><도로명>잠원로8길</도로명><도로명건물본번호코드>00035</도로명건물본번호코드><도로명건물부번호코드>00000</도로명건물부번호코드><도로명시군구코드>11650</도로명시군구코드><도로명일련번호코드>00</도로명일련번호코드><도로명지상지하코드>0</도로명지상지하코드><도로명코드>4163529</도로명코드><법정동> 잠원동</법정동><법정동본번코드>0158</법정동본번코드><법정동부번코드>0000</법정동부번코드><법정동시군구코드>11650</법정동시군구코드><법정동읍면동코드>10600</법정동읍면동코드><법정동지번코드>1</법정동지번코드><아파트>래미안신반포팰리스</아파트><월>11</월><일>3</일><일련번호>11650-4439</일련번호><전용면적>84.46</전용면적><중개사소재지>서울 서초구</중개사소재지><지번>158</지번><지역코드>11650</지역코드><층>21</층><해제사유발생일> </해제사유발생일><해제여부> </해제여부></item><item><거래금액>   170,000</거래금액><거래유형>중개거래</거래유형><건축년도>2002</건축년도><년>2022</년><도로명>신반포로33길</도로명><도로명건물본번호코드>00015</도로명건물본번호코드><도로명건물부번호코드>00000</도로명건물부번호코드><도로명시군구코드>11650</도로명시군구코드><도로명일련번호코드>01</도로명일련번호코드><도로명지상지하코드>0</도로명지상지하코드><도로명코드>4163453</도로명코드><법정동> 잠원동</법정동><법정동본번코드>0157</법정동본번코드><법정동부번코드>0000</법정동부번코드><법정동시군구코드>11650</법정동시군구코드><법정동읍면동코드>10600</법정동읍면동코드><법정동지번코드>1</법정동지번코드><아파트>동아</아파트><월>11</월><일>4</일><일련번호>11650-102</일련번호><전용면적>59.92</전용면적><중개사소재지>서울 서초구</중개사소재지><지번>157</지번><지역코드>11650</지역코드><층>5</층><해제사유발생일> </해제사유발생일><해제여부> </해제여부></item><item><거래금액>   148,000</거래금액><거래유형>중개거래</거래유형><건축년도>1982</건축년도><년>2022</년><도로명>잠원로14길</도로명><도로명건물본번호코드>00041</도로명건물본번호코드><도로명건물부번호코드>00000</도로명건물부번호코드><도로명시군구코드>11650</도로명시군구코드><도로명일련번호코드>01</도로명일련번호코드><도로명지상지하코드>0</도로명지상지하코드><도로명코드>4163526</도로명코드><법정동> 잠원동</법정동><법정동본번코드>0050</법정동본번코드><법정동부번코드>0005</법정동부번코드><법정동시군구코드>11650</법정동시군구코드><법정동읍면동코드>10600</법정동읍면동코드><법정동지번코드>1</법정동지번코드><아파트>신반포12</아파트><월>11</월><일>9</일><일련번호>11650-110</일련번호><전용면적>55.45</전용면적><중개사소재지>서울 서초구</중개사소재지><지번>50-5</지번><지역코드>11650</지역코드><층>8</층><해제사유발생일> </해제사유발생일><해제여부> </해제여부></item><item><거래금액>   100,000</거래금액><거래유형>중개거래</거래유형><건축년도>2002</건축년도><년>2022</년><도로명>강남대로95길</도로명><도로명건물본번호코드>00056</도로명건물본번호코드><도로명건물부번호코드>00000</도로명건물부번호코드><도로명시군구코드>11650</도로명시군구코드><도로명일련번호코드>01</도로명일련번호코드><도로명지상지하코드>0</도로명지상지하코드><도로명코드>4163039</도로명코드><법정동> 잠원동</법정동><법정동본번코드>0031</법정동본번코드><법정동부번코드>0014</법정동부번코드><법정동시군구코드>11650</법정동시군구코드><법정동읍면동코드>10600</법정동읍면동코드><법정동지번코드>1</법정동지번코드><아파트>대주피오레아파트</아파트><월>11</월><일>12</일><일련번호>11650-157</일련번호><전용면적>84.98</전용면적><중개사소재지>경기 용인수지구</중개사소재지><지번>31-14</지번><지역코드>11650</지역코드><층>2</층><해제사유발생일> </해제사유발생일><해제여부> </해제여부></item><item><거래금액>   269,000</거래금액><거래유형>중개거래</거래유형><건축년도>2009</건축년도><년>2022</년><도로명>반포대로</도로명><도로명건물본번호코드>00275</도로명건물본번호코드><도로명건물부번호코드>00000</도로명건물부번호코드><도로명시군구코드>11650</도로명시군구코드><도로명일련번호코드>02</도로명일련번호코드><도로명지상지하코드>0</도로명지상지하코드><도로명코드>2121003</도로명코드><법정동> 반포동</법정동><법정동본번코드>0018</법정동본번코드><법정동부번코드>0001</법정동부번코드><법정동시군구코드>11650</법정동시군구코드><법정동읍면동코드>10700</법정동읍면동코드><법정동지번코드>1</법정동지번코드><아파트>래미안퍼스티지</아파트><월>11</월><일>1</일><일련번호>11650-3559</일련번호><전용면적>59.96</전용면적><중개사소재지>서울 서초구</중개사소재지><지번>18-1</지번><지역코드>11650</지역코드><층>8</층><해제사유발생일> </해제사유발생일><해제여부> </해제여부></item><item><거래금액>   365,000</거래금액><거래유형>중개거래</거래유형><건축년도>2009</건축년도><년>2022</년><도로명>반포대로</도로명><도로명건물본번호코드>00275</도로명건물본번호코드><도로명건물부번호코드>00000</도로명건물부번호코드><도로명시군구코드>11650</도로명시군구코드><도로명일련번호코드>02</도로명일련번호코드><도로명지상지하코드>0</도로명지상지하코드><도로명코드>2121003</도로명코드><법정동> 반포동</법정동><법정동본번코드>0018</법정동본번코드><법정동부번코드>0001</법정동부번코드><법정동시군구코드>11650</법정동시군구코드><법정동읍면동코드>10700</법정동읍면동코드><법정동지번코드>1</법정동지번코드><아파트>래미안퍼스티지</아파트><월>11</월><일>2</일><일련번호>11650-3559</일련번호><전용면적>84.93</전용면적><중개사소재지>서울 서초구</중개사소재지><지번>18-1</지번><지역코드>11650</지역코드><층>27</층><해제사유발생일> </해제사유발생일><해제여부> </해제여부></item><item><거래금액>   530,000</거래금액><거래유형>중개거래</거래유형><건축년도>2009</건축년도><년>2022</년><도로명>신반포로</도로명><도로명건물본번호코드>00270</도로명건물본번호코드><도로명건물부번호코드>00000</도로명건물부번호코드><도로명시군구코드>11650</도로명시군구코드><도로명일련번호코드>02</도로명일련번호코드><도로명지상지하코드>0</도로명지상지하코드><도로명코드>3121017</도로명코드><법정동> 반포동</법정동><법정동본번코드>0020</법정동본번코드><법정동부번코드>0043</법정동부번코드><법정동시군구코드>11650</법정동시군구코드><법정동읍면동코드>10700</법정동읍면동코드><법정동지번코드>1</법정동지번코드><아파트>반포자이</아파트><월>11</월><일>3</일><일련번호>11650-3500</일련번호><전용면적>194.515</전용면적><중개사소재지>서울 서초구</중개사소재지><지번>20-43</지번><지역코드>11650</지역코드><층>17</층><해제사유발생일>23.02.28</해제사유발생일><해제여부>O</해제여부></item><item><거래금액>   330,000</거래금액><거래유형>중개거래</거래유형><건축년도>2021</건축년도><년>2022</년><도로명>서초중앙로</도로명><도로명건물본번호코드>00206</도로명건물본번호코드><도로명건물부번호코드>00000</도로명건물부번호코드><도로명시군구코드>11650</도로명시군구코드><도로명일련번호코드>00</도로명일련번호코드><도로명코드>3121024</도로명코드><법정동> 반포동</법정동><법정동본번코드>1343</법정동본번코드><법정동부번코드>0000</법정동부번코드><법정동시군구코드>11650</법정동시군구코드><법정동읍면동코드>10700</법정동읍면동코드><법정동지번코드>1</법정동지번코드><아파트>디에이치반포라클라스</아파트><월>11</월><일>18</일><일련번호>11650-4959</일련번호><전용면적>84.9858</전용면적><중개사소재지>서울 서초구</중개사소재지><지번>1343</지번><지역코드>11650</지역코드><층>27</층><해제사유발생일> </해제사유발생일><해제여부> </해제여부></item><item><거래금액>   290,000</거래금액><거래유형>중개거래</거래유형><건축년도>1974</건축년도><년>2022</년><도로명>신반포로</도로명><도로명건물본번호코드>00032</도로명건물본번호코드><도로명건물부번호코드>00000</도로명건물부번호코드><도로명시군구코드>11650</도로명시군구코드><도로명일련번호코드>02</도로명일련번호코드><도로명지상지하코드>0</도로명지상지하코드><도로명코드>3121017</도로명코드><법정동> 반포동</법정동><법정동본번코드>0968</법정동본번코드><법정동부번코드>0000</법정동부번코드><법정동시군구코드>11650</법정동시군구코드><법정동읍면동코드>10700</법정동읍면동코드><법정동지번코드>1</법정동지번코드><아파트>에이아이디차관주택</아파트><월>11</월><일>21</일><일련번호>11650-209</일련번호><전용면적>72.51</전용면적><중개사소재지>서울 서초구</중개사소재지><지번>968</지번><지역코드>11650</지역코드><층>4</층><해제사유발생일> </해제사유발생일><해제여부> </해제여부></item><item><거래금액>   840,000</거래금액><거래유형>중개거래</거래유형><건축년도>2009</건축년도><년>2022</년><도로명>반포대로</도로명><도로명건물본번호코드>00275</도로명건물본번호코드><도로명건물부번호코드>00000</도로명건물부번호코드><도로명시군구코드>11650</도로명시군구코드><도로명일련번호코드>02</도로명일련번호코드><도로명지상지하코드>0</도로명지상지하코드><도로명코드>2121003</도로명코드><법정동> 반포동</법정동><법정동본번코드>0018</법정동본번코드><법정동부번코드>0001</법정동부번코드><법정동시군구코드>11650</법정동시군구코드><법정동읍면동코드>10700</법정동읍면동코드><법정동지번코드>1</법정동지번코드><아파트>래미안퍼스티지</아파트><월>11</월><일>28</일><일련번호>11650-3559</일련번호><전용면적>222.76</전용면적><중개사소재지>서울 서초구</중개사소재지><지번>18-1</지번><지역코드>11650</지역코드><층>22</층><해제사유발생일> </해제사유발생일><해제여부> </해제여부></item><item><거래금액>   430,000</거래금액><거래유형>중개거래</거래유형><건축년도>2009</건축년도><년>2022</년><도로명>신반포로</도로명><도로명건물본번호코드>00270</도로명건물본번호코드><도로명건물부번호코드>00000</도로명건물부번호코드><도로명시군구코드>11650</도로명시군구코드><도로명일련번호코드>02</도로명일련번호코드><도로명지상지하코드>0</도로명지상지하코드><도로명코드>3121017</도로명코드><법정동> 반포동</법정동><법정동본번코드>0020</법정동본번코드><법정동부번코드>0043</법정동부번코드><법정동시군구코드>11650</법정동시군구코드><법정동읍면동코드>10700</법정동읍면동코드><법정동지번코드>1</법정동지번코드><아파트>반포자이</아파트><월>11</월><일>30</일><일련번호>11650-3500</일련번호><전용면적>132.439</전용면적><중개사소재지>서울 서초구</중개사소재지><지번>20-43</지번><지역코드>11650</지역코드><층>28</층><해제사유발생일> </해제사유발생일><해제여부> </해제여부></item><item><거래금액>    21,500</거래금액><거래유형>중개거래</거래유형><건축년도>2014</건축년도><년>2022</년><도로명>효령로77길</도로명><도로명건물본번호코드>00030</도로명건물본번호코드><도로명건물부번호코드>00000</도로명건물부번호코드><도로명시군구코드>11650</도로명시군구코드><도로명일련번호코드>01</도로명일련번호코드><도로명지상지하코드>0</도로명지상지하코드><도로명코드>4163659</도로명코드><법정동> 서초동</법정동><법정동본번코드>1337</법정동본번코드><법정동부번코드>0003</법정동부번코드><법정동시군구코드>11650</법정동시군구코드><법정동읍면동코드>10800</법정동읍면동코드><법정동지번코드>1</법정동지번코드><아파트>urbanplace</아파트><월>11</월><일>5</일><일련번호>11650-4072</일련번호><전용면적>20.998</전용면적><중개사소재지>서울 서초구</중개사소재지><지번>1337-3</지번><지역코드>11650</지역코드><층>8</층><해제사유발생일> </해제사유발생일><해제여부> </해제여부></item><item><거래금액>    30,000</거래금액><거래유형>중개거래</거래유형><건축년도>2002</건축년도><년>2022</년><도로명>강남대로53길</도로명><도로명건물본번호코드>00011</도로명건물본번호코드><도로명건물부번호코드>00000</도로명건물부번호코드><도로명시군구코드>11650</도로명시군구코드><도로명일련번호코드>01</도로명일련번호코드><도로명지상지하코드>0</도로명지상지하코드><도로명코드>4163026</도로명코드><법정동> 서초동</법정동><법정동본번코드>1330</법정동본번코드><법정동부번코드>0000</법정동부번코드><법정동시군구코드>11650</법정동시군구코드><법정동읍면동코드>10800</법정동읍면동코드><법정동지번코드>1</법정동지번코드><아파트>서초동삼성쉐르빌2</아파트><월>11</월><일>9</일><일련번호>11650-608</일련번호><전용면적>35.22</전용면적><중개사소재지>서울 서초구</중개사소재지><지번>1330</지번><지역코드>11650</지역코드><층>5</층><해제사유발생일> </해제사유발생일><해제여부> </해제여부></item><item><거래금액>    19,500</거래금액><거래유형>중개거래</거래유형><건축년도>2013</건축년도><년>2022</년><도로명>효령로52길</도로명><도로명건물본번호코드>00063</도로명건물본번호코드><도로명건물부번호코드>00000</도로명건물부번호코드><도로명시군구코드>11650</도로명시군구코드><도로명일련번호코드>01</도로명일련번호코드><도로명지상지하코드>0</도로명지상지하코드><도로명코드>4163645</도로명코드><법정동> 서초동</법정동><법정동본번코드>1451</법정동본번코드><법정동부번코드>0089</법정동부번코드><법정동시군구코드>11650</법정동시군구코드><법정동읍면동코드>10800</법정동읍면동코드><법정동지번코드>1</법정동지번코드><아파트>서초중흥S-클래스(도시형생활주택)</아파트><월>11</월><일>10</일><일련번호>11650-3944</일련번호><전용면적>20.68</전용면적><중개사소재지>서울 서초구</중개사소재지><지번>1451-89</지번><지역코드>11650</지역코드><층>2</층><해제사유발생일> </해제사유발생일><해제여부> </해제여부></item><item><거래금액>    36,000</거래금액><거래유형>중개거래</거래유형><건축년도>2001</건축년도><년>2022</년><도로명>강남대로61길</도로명><도로명건물본번호코드>00017</도로명건물본번호코드><도로명건물부번호코드>00000</도로명건물부번호코드><도로명시군구코드>11650</도로명시군구코드><도로명일련번호코드>01</도로명일련번호코드><도로명지상지하코드>0</도로명지상지하코드><도로명코드>4163028</도로명코드><법정동> 서초동</법정동><법정동본번코드>1316</법정동본번코드><법정동부번코드>0031</법정동부번코드><법정동시군구코드>11650</법정동시군구코드><법정동읍면동코드>10800</법정동읍면동코드><법정동지번코드>1</법정동지번코드><아파트>밀라텔쉐르빌</아파트><월>11</월><일>16</일><일련번호>11650-21</일련번호><전용면적>32.66</전용면적><중개사소재지>서울 서초구</중개사소재지><지번>1316-31</지번><지역코드>11650</지역코드><층>11</층><해제사유발생일> </해제사유발생일><해제여부> </해제여부></item><item><거래금액>   180,000</거래금액><거래유형>중개거래</거래유형><건축년도>2006</건축년도><년>2022</년><도로명>서운로</도로명><도로명건물본번호코드>00200</도로명건물본번호코드><도로명건물부번호코드>00000</도로명건물부번호코드><도로명시군구코드>11650</도로명시군구코드><도로명일련번호코드>01</도로명일련번호코드><도로명지상지하코드>0</도로명지상지하코드><도로명코드>3121016</도로명코드><법정동> 서초동</법정동><법정동본번코드>1312</법정동본번코드><법정동부번코드>0003</법정동부번코드><법정동시군구코드>11650</법정동시군구코드><법정동읍면동코드>10800</법정동읍면동코드><법정동지번코드>1</법정동지번코드><아파트>롯데캐슬클래식</아파트><월>11</월><일>16</일><일련번호>11650-3300</일련번호><전용면적>74.3</전용면적><중개사소재지>서울 서초구</중개사소재지><지번>1312-3</지번><지역코드>11650</지역코드><층>17</층><해제사유발생일> </해제사유발생일><해제여부> </해제여부></item><item><거래금액>   245,000</거래금액><거래유형>중개거래</거래유형><건축년도>2005</건축년도><년>2022</년><도로명>명달로16길</도로명><도로명건물본번호코드>00017</도로명건물본번호코드><도로명건물부번호코드>00005</도로명건물부번호코드><도로명시군구코드>11650</도로명시군구코드><도로명일련번호코드>01</도로명일련번호코드><도로명지상지하코드>0</도로명지상지하코드><도로명코드>4163184</도로명코드><법정동> 서초동</법정동><법정동본번코드>1517</법정동본번코드><법정동부번코드>0006</법정동부번코드><법정동시군구코드>11650</법정동시군구코드><법정동읍면동코드>10800</법정동읍면동코드><법정동지번코드>1</법정동지번코드><아파트>상지리츠빌(10)</아파트><월>11</월><일>17</일><일련번호>11650-3261</일련번호><전용면적>175.22</전용면적><중개사소재지>서울 서초구</중개사소재지><지번>1517-6</지번><지역코드>11650</지역코드><층>7</층><해제사유발생일> </해제사유발생일><해제여부> </해제여부></item><item><거래금액>   108,000</거래금액><거래유형>직거래</거래유형><건축년도>2004</건축년도><년>2022</년><도로명>남부순환로337가길</도로명><도로명건물본번호코드>00051</도로명건물본번호코드><도로명건물부번호코드>00009</도로명건물부번호코드><도로명시군구코드>11650</도로명시군구코드><도로명일련번호코드>01</도로명일련번호코드><도로명지상지하코드>0</도로명지상지하코드><도로명코드>4163077</도로명코드><법정동> 서초동</법정동><법정동본번코드>1434</법정동본번코드><법정동부번코드>0002</법정동부번코드><법정동시군구코드>11650</법정동시군구코드><법정동읍면동코드>10800</법정동읍면동코드><법정동지번코드>1</법정동지번코드><아파트>신원아침도시(1434)</아파트><월>11</월><일>18</일><일련번호>11650-704</일련번호><전용면적>82.174</전용면적><중개사소재지> </중개사소재지><지번>1434-2</지번><지역코드>11650</지역코드><층>3</층><해제사유발생일> </해제사유발생일><해제여부> </해제여부></item><item><거래금액>   189,000</거래금액><거래유형>중개거래</거래유형><건축년도>2020</건축년도><년>2022</년><도로명>반포대로18길</도로명><도로명건물본번호코드>00036</도로명건물본번호코드><도로명건물부번호코드>00000</도로명건물부번호코드><도로명시군구코드>11650</도로명시군구코드><도로명일련번호코드>00</도로명일련번호코드><도로명지상지하코드>0</도로명지상지하코드><도로명코드>4163228</도로명코드><법정동> 서초동</법정동><법정동본번코드>1582</법정동본번코드><법정동부번코드>0003</법정동부번코드><법정동시군구코드>11650</법정동시군구코드><법정동읍면동코드>10800</법정동읍면동코드><법정동지번코드>1</법정동지번코드><아파트>서초센트럴IPARK</아파트><월>11</월><일>19</일><일련번호>11650-4827</일련번호><전용면적>80.5332</전용면적><중개사소재지>서울 강서구</중개사소재지><지번>1582-3</지번><지역코드>11650</지역코드><층>11</층><해제사유발생일> </해제사유발생일><해제여부> </해제여부></item><item><거래금액>    21,000</거래금액><거래유형>중개거래</거래유형><건축년도>2014</건축년도><년>2022</년><도로명>효령로77길</도로명><도로명건물본번호코드>00030</도로명건물본번호코드><도로명건물부번호코드>00000</도로명건물부번호코드><도로명시군구코드>11650</도로명시군구코드><도로명일련번호코드>01</도로명일련번호코드><도로명지상지하코드>0</도로명지상지하코드><도로명코드>4163659</도로명코드><법정동> 서초동</법정동><법정동본번코드>1337</법정동본번코드><법정동부번코드>0003</법정동부번코드><법정동시군구코드>11650</법정동시군구코드><법정동읍면동코드>10800</법정동읍면동코드><법정동지번코드>1</법정동지번코드><아파트>urbanplace</아파트><월>11</월><일>24</일><일련번호>11650-4072</일련번호><전용면적>20.334</전용면적><중개사소재지>서울 서초구</중개사소재지><지번>1337-3</지번><지역코드>11650</지역코드><층>3</층><해제사유발생일> </해제사유발생일><해제여부> </해제여부></item><item><거래금액>   260,000</거래금액><거래유형>중개거래</거래유형><건축년도>2020</건축년도><년>2022</년><도로명>서운로</도로명><도로명건물본번호코드>00062</도로명건물본번호코드><도로명건물부번호코드>00000</도로명건물부번호코드><도로명시군구코드>11650</도로명시군구코드><도로명일련번호코드>00</도로명일련번호코드><도로명코드>3121016</도로명코드><법정동> 서초동</법정동><법정동본번코드>1755</법정동본번코드><법정동부번코드>0000</법정동부번코드><법정동시군구코드>11650</법정동시군구코드><법정동읍면동코드>10800</법정동읍면동코드><법정동지번코드>1</법정동지번코드><아파트>래미안 리더스원</아파트><월>11</월><일>24</일><일련번호>11650-4887</일련번호><전용면적>84.94</전용면적><중개사소재지>서울 서초구</중개사소재지><지번>1755</지번><지역코드>11650</지역코드><층>29</층><해제사유발생일> </해제사유발생일><해제여부> </해제여부></item><item><거래금액>   149,800</거래금액><거래유형>중개거래</거래유형><건축년도>2014</건축년도><년>2022</년><도로명>헌릉로8길</도로명><도로명건물본번호코드>00022</도로명건물본번호코드><도로명건물부번호코드>00000</도로명건물부번호코드><도로명시군구코드>11650</도로명시군구코드><도로명일련번호코드>01</도로명일련번호코드><도로명지상지하코드>0</도로명지상지하코드><도로명코드>4163749</도로명코드><법정동> 신원동</법정동><법정동본번코드>0568</법정동본번코드><법정동부번코드>0000</법정동부번코드><법정동시군구코드>11650</법정동시군구코드><법정동읍면동코드>11100</법정동읍면동코드><법정동지번코드>1</법정동지번코드><아파트>서초포레스타3단지</아파트><월>11</월><일>22</일><일련번호>11650-4040</일련번호><전용면적>114.39</전용면적><중개사소재지>서울 구로구</중개사소재지><지번>568</지번><지역코드>11650</지역코드><층>14</층><해제사유발생일> </해제사유발생일><해제여부> </해제여부></item></items><numOfRows>999</numOfRows><pageNo>1</pageNo><totalCount>31</totalCount></body></response>