<?xml version="1.0" encoding="UTF-8" standalone="yes"?><response><header><resultCode>00</resultCode><resultMsg>NORMAL SERVICE.</resultMsg></header><body><items><item><거래금액>    29,000</거래금액><거래유형>중개거래</거래유형><건축년도>2005</건축년도><년>2022</년><도로명>서초대로</도로명><도로명건물본번호코드>00017</도로명건물본번호코드><도로명건물부번호코드>00000</도로명건물부번호코드><도로명시군구코드>11650</도로명시군구코드><도로명일련번호코드>01</도로명일련번호코드><도로명지상지하코드>0</도로명지상지하코드><도로명코드>2121002</도로명코드><법정동> 방배동</법정동><법정동본번코드>0866</법정동본번코드><법정동부번코드>0020</법정동부번코드><법정동시군구코드>11650</법정동시군구코드><법정동읍면동코드>10100</법정동읍면동코드><법정동지번코드>1</법정동지번코드><아파트>방배대우디오빌</아파트><월>9</월><일>3</일><일련번호>11650-3191</일련번호><전용면적>29.6</전용면적><중개사소재지>서울 서초구</중개사소재지><지번>866-20</지번><지역코드>11650</지역코드><층>4</층><해제사유발생일> </해제사유발생일><해제여부> </해제여부></item><item><거래금액>   170,000</거래금액><거래유형>중개거래</거래유형><건축년도>2018</건축년도><년>2022</년><도로명>명달로9길</도로명><도로명건물본번호코드>00057</도로명건물본번호코드><도로명건물부번호코드>00000</도로명건물부번호코드><도로명시군구코드>11650</도로명시군구코드><도로명일련번호코드>00</도로명일련번호코드><도로명지상지하코드>0</도로명지상지하코드><도로명코드>4163195</도로명코드><법정동> 방배동</법정동><법정동본번코드>3278</법정동본번코드><법정동부번코드>0000</법정동부번코드><법정동시군구코드>11650</법정동시군구코드><법정동읍면동코드>10100</법정동읍면동코드><법정동지번코드>1</법정동지번코드><아파트>방배아트자이</아파트><월>9</월><일>5</일><일련번호>11650-4706</일련번호><전용면적>59.9938</전용면적><중개사소재지>서울 서초구</중개사소재지><지번>3278</지번><지역코드>11650</지역코드><층>10</층><해제사유발생일> </해제사유발생일><해제여부> </해제여부></item><item><거래금액>    52,000</거래금액><거래유형>중개거래</거래유형><건축년도>2012</건축년도><년>2022</년><도로명>방배로19길</도로명><도로명건물본번호코드>00040</도로명건물본번호코드><도로명건물부번호코드>00000</도로명건물부번호코드><도로명시군구코드>11650</도로명시군구코드><도로명일련번호코드>01</도로명일련번호코드><도로명지상지하코드>0</도로명지상지하코드><도로명코드>4163255</도로명코드><법정동> 방배동</법정동><법정동본번코드>0932</법정동본번코드><법정동부번코드>0034</법정동부번코드><법정동시군구코드>11650</법정동시군구코드><법정동읍면동코드>10100</법정동읍면동코드><법정동지번코드>1</법정동지번코드><아파트>훼미리타운</아파트><월>9</월><일>14</일><일련번호>11650-3820</일련번호><전용면적>40.39</전용면적><중개사소재지>서울 서초구</중개사소재지><지번>932-34</지번><지역코드>11650</지역코드><층>5</층><해제사유발생일> </해제사유발생일><해제여부> </해제여부></item><item><거래금액>   155,000</거래금액><거래유형>중개거래</거래유형><건축년도>1975</건축년도><년>2022</년><도로명>방배로43길</도로명><도로명건물본번호코드>00021</도로명건물본번호코드><도로명건물부번호코드>00000</도로명건물부번호코드><도로명시군구코드>11650</도로명시군구코드><도로명일련번호코드>01</도로명일련번호코드><도로명지상지하코드>0</도로명지상지하코드><도로명코드>4163277</도로명코드><법정동> 방배동</법정동><법정동본번코드>0770</법정동본번코드><법정동부번코드>0001</법정동부번코드><법정동시군구코드>11650</법정동시군구코드><법정동읍면동코드>10100</법정동읍면동코드><법정동지번코드>1</법정동지번코드><아파트>삼호1동~3동</아파트><월>9</월><일>16</일><일련번호>11650-309</일련번호><전용면적>81.39</전용면적><중개사소재지>경기 고양일산동구</중개사소재지><지번>770-1</지번><지역코드>11650</지역코드><층>4</층><해제사유발생일> </해제사유발생일><해제여부> </해제여부></item><item><거래금액>   209,000</거래금액><거래유형>중개거래</거래유형><건축년도>1999</건축년도><년>2022</년><도로명>서초대로1길</도로명><도로명건물본번호코드>00030</도로명건물본번호코드><도로명건물부번호코드>00000</도로명건물부번호코드><도로명시군구코드>11650</도로명시군구코드><도로명일련번호코드>01</도로명일련번호코드><도로명지상지하코드>0</도로명지상지하코드><도로명코드>4163389</도로명코드><법정동> 방배동</법정동><법정동본번코드>1344</법정동본번코드><법정동부번코드>0000</법정동부번코드><법정동시군구코드>11650</법정동시군구코드><법정동읍면동코드>10100</법정동읍면동코드><법정동지번코드>1</법정동지번코드><아파트>방배1차현대홈타운</아파트><월>9</월><일>27</일><일련번호>11650-290</일련번호><전용면적>84.96</전용면적><중개사소재지>서울 서초구, 서울 영등포구</중개사소재지><지번>1344</지번><지역코드>11650</지역코드><층>13</층><해제사유발생일> </해제사유발생일><해제여부> </해제여부></item><item><거래금액>   125,000</거래금액><거래유형>중개거래</거래유형><건축년도>1998</건축년도><년>2022</년><도로명>서초대로23길</도로명><도로명건물본번호코드>00064</도로명건물본번호코드><도로명건물부번호코드>00000</도로명건물부번호코드><도로명시군구코드>11650</도로명시군구코드><도로명일련번호코드>01</도로명일련번호코드><도로명지상지하코드>0</도로명지상지하코드><도로명코드>4163391</도로명코드><법정동> 방배동</법정동><법정동본번코드>0836</법정동본번코드><법정동부번코드>0004</법정동부번코드><법정동시군구코드>11650</법정동시군구코드><법정동읍면동코드>10100</법정동읍면동코드><법정동지번코드>1</법정동지번코드><아파트>영진</아파트><월>9</월><일>28</일><일련번호>11650-330</일련번호><전용면적>104.98</전용면적><중개사소재지>서울 서초구</중개사소재지><지번>836-4</지번><지역코드>11650</지역코드><층>5</층><해제사유발생일> </해제사유발생일><해제여부> </해제여부></item><item><거래금액>   130,000</거래금액><거래유형>중개거래</거래유형><건축년도>2012</건축년도><년>2022</년><도로명>양재대로2길</도로명><도로명건물본번호코드>00090</도로명건물본번호코드><도로명건물부번호코드>00000</도로명건물부번호코드><도로명시군구코드>11650</도로명시군구코드><도로명일련번호코드>01</도로명일련번호코드><도로명지상지하코드>0</도로명지상지하코드><도로명코드>4163748</도로명코드><법정동> 우면동</법정동><법정동본번코드>0773</법정동본번코드><법정동부번코드>0000</법정동부번코드><법정동시군구코드>11650</법정동시군구코드><법정동읍면동코드>10300</법정동읍면동코드><법정동지번코드>1</법정동지번코드><아파트>서초힐스</아파트><월>9</월><일>5</일><일련번호>11650-3821</일련번호><전용면적>59.97</전용면적><중개사소재지>서울 서초구</중개사소재지><지번>773</지번><지역코드>11650</지역코드><층>6</층><해제사유발생일> </해제사유발생일><해제여부> </해제여부></item><item><거래금액>   112,000</거래금액><거래유형>중개거래</거래유형><건축년도>1994</건축년도><년>2022</년><도로명>바우뫼로</도로명><도로명건물본번호코드>00053</도로명건물본번호코드><도로명건물부번호코드>00000</도로명건물부번호코드><도로명시군구코드>11650</도로명시군구코드><도로명일련번호코드>02</도로명일련번호코드><도로명지상지하코드>0</도로명지상지하코드><도로명코드>3121009</도로명코드><법정동> 우면동</법정동><법정동본번코드>0070</법정동본번코드><법정동부번코드>0000</법정동부번코드><법정동시군구코드>11650</법정동시군구코드><법정동읍면동코드>10300</법정동읍면동코드><법정동지번코드>1</법정동지번코드><아파트>코오롱</아파트><월>9</월><일>27</일><일련번호>11650-482</일련번호><전용면적>52.47</전용면적><중개사소재지>서울 서초구</중개사소재지><지번>70</지번><지역코드>11650</지역코드><층>4</층><해제사유발생일> </해제사유발생일><해제여부> </해제여부></item><item><거래금액>   715,000</거래금액><거래유형>중개거래</거래유형><건축년도>1973</건축년도><년>2022</년><도로명>신반포로</도로명><도로명건물본번호코드>00009</도로명건물본번호코드><도로명건물부번호코드>00000</도로명건물부번호코드><도로명시군구코드>11650</도로명시군구코드><도로명일련번호코드>00</도로명일련번호코드><도로명지상지하코드>0</도로명지상지하코드><도로명코드>3121017</도로명코드><법정동> 반포동</법정동><법정동본번코드>0757</법정동본번코드><법정동부번코드>0000</법정동부번코드><법정동시군구코드>11650</법정동시군구코드><법정동읍면동코드>10700</법정동읍면동코드><법정동지번코드>1</법정동지번코드><아파트>반포주공1단지</아파트><월>9</월><일>3</일><일련번호>11650-175</일련번호><전용면적>140.13</전용면적><중개사소재지>서울 서초구</중개사소재지><지번>757</지번><지역코드>11650</지역코드><층>5</층><해제사유발생일> </해제사유발생일><해제여부> </해제여부></item><item><거래금액>   247,200</거래금액><거래유형>직거래</거래유형><건축년도>1987</건축년도><년>2022</년><도로명>서초중앙로29길</도로명><도로명건물본번호코드>00028</도로명건물본번호코드><도로명건물부번호코드>00000</도로명건물부번호코드><도로명시군구코드>11650</도로명시군구코드><도로명일련번호코드>01</도로명일련번호코드><도로명지상지하코드>0</도로명지상지하코드><도로명코드>4163713</도로명코드><법정동> 반포동</법정동><법정동본번코드>0060</법정동본번코드><법정동부번코드>0004</법정동부번코드><법정동시군구코드>11650</법정동시군구코드><법정동읍면동코드>10700</법정동읍면동코드><법정동지번코드>1</법정동지번코드><아파트>반포미도</아파트><월>9</월><일>5</일><일련번호>11650-172</일련번호><전용면적>84.96</전용면적><중개사소재지> </중개사소재지><지번>60-4</지번><지역코드>11650</지역코드><층>13</층><해제사유발생일> </해제사유발생일><해제여부> </해제여부></item><item><거래금액>   730,000</거래금액><거래유형>중개거래</거래유형><건축년도>1973</건축년도><년>2022</년><도로명>신반포로</도로명><도로명건물본번호코드>00009</도로명건물본번호코드><도로명건물부번호코드>00000</도로명건물부번호코드><도로명시군구코드>11650</도로명시군구코드><도로명일련번호코드>00</도로명일련번호코드><도로명지상지하코드>0</도로명지상지하코드><도로명코드>3121017</도로명코드><법정동> 반포동</법정동><법정동본번코드>0757</법정동본번코드><법정동부번코드>0000</법정동부번코드><법정동시군구코드>11650</법정동시군구코드><법정동읍면동코드>10700</법정동읍면동코드><법정동지번코드>1</법정동지번코드><아파트>반포주공1단지</아파트><월>9</월><일>6</일><일련번호>11650-175</일련번호><전용면적>140.13</전용면적><중개사소재지>서울 서초구</중개사소재지><지번>757</지번><지역코드>11650</지역코드><층>3</층><해제사유발생일> </해제사유발생일><해제여부> </해제여부></item><item><거래금액>   493,000</거래금액><거래유형>중개거래</거래유형><건축년도>2009</건축년도><년>2022</년><도로명>반포대로</도로명><도로명건물본번호코드>00275</도로명건물본번호코드><도로명건물부번호코드>00000</도로명건물부번호코드><도로명시군구코드>11650</도로명시군구코드><도로명일련번호코드>02</도로명일련번호코드><도로명지상지하코드>0</도로명지상지하코드><도로명코드>2121003</도로명코드><법정동> 반포동</법정동><법정동본번코드>0018</법정동본번코드><법정동부번코드>0001</법정동부번코드><법정동시군구코드>11650</법정동시군구코드><법정동읍면동코드>10700</법정동읍면동코드><법정동지번코드>1</법정동지번코드><아파트>래미안퍼스티지</아파트><월>9</월><일>21</일><일련번호>11650-3559</일련번호><전용면적>115.65</전용면적><중개사소재지>서울 서초구</중개사소재지><지번>18-1</지번><지역코드>11650</지역코드><층>17</층><해제사유발생일> </해제사유발생일><해제여부> </해제여부></item><item><거래금액>    56,000</거래금액><거래유형>중개거래</거래유형><건축년도>2003</건축년도><년>2022</년><도로명>서초중앙로22길</도로명><도로명건물본번호코드>00025</도로명건물본번호코드><도로명건물부번호코드>00000</도로명건물부번호코드><도로명시군구코드>11650</도로명시군구코드><도로명일련번호코드>01</도로명일련번호코드><도로명지상지하코드>0</도로명지상지하코드><도로명코드>4163707</도로명코드><법정동> 서초동</법정동><법정동본번코드>1671</법정동본번코드><법정동부번코드>0005</법정동부번코드><법정동시군구코드>11650</법정동시군구코드><법정동읍면동코드>10800</법정동읍면동코드><법정동지번코드>1</법정동지번코드><아파트>대림서초리시온</아파트><월>9</월><일>2</일><일련번호>11650-605</일련번호><전용면적>49.92</전용면적><중개사소재지>서울 서초구</중개사소재지><지번>1671-5</지번><지역코드>11650</지역코드><층>8</층><해제사유발생일>22.11.04</해제사유발생일><해제여부>O</해제여부></item><item><거래금액>    56,000</거래금액><거래유형>중개거래</거래유형><건축년도>2003</건축년도><년>2022</년><도로명>서초중앙로22길</도로명><도로명건물본번호코드>00025</도로명건물본번호코드><도로명건물부번호코드>00000</도로명건물부번호코드><도로명시군구코드>11650</도로명시군구코드><도로명일련번호코드>01</도로명일련번호코드><도로명지상지하코드>0</도로명지상지하코드><도로명코드>4163707</도로명코드><법정동> 서초동</법정동><법정동본번코드>1671</법정동본번코드><법정동부번코드>0005</법정동부번코드><법정동시군구코드>11650</법정동시군구코드><법정동읍면동코드>10800</법정동읍면동코드><법정동지번코드>1</법정동지번코드><아파트>대림서초리시온</아파트><월>9</월><일>2</일><일련번호>11650-605</일련번호><전용면적>49.92</전용면적><중개사소재지>서울 서초구</중개사소재지><지번>1671-5</지번><지역코드>11650</지역코드><층>8</층><해제사유발생일> </해제사유발생일><해제여부> </해제여부></item><item><거래금액>   380,000</거래금액><거래유형>중개거래</거래유형><건축년도>2004</건축년도><년>2022</년><도로명>서초중앙로</도로명><도로명건물본번호코드>00188</도로명건물본번호코드><도로명건물부번호코드>00000</도로명건물부번호코드><도로명시군구코드>11650</도로명시군구코드><도로명일련번호코드>03</도로명일련번호코드><도로명지상지하코드>0</도로명지상지하코드><도로명코드>3121024</도로명코드><법정동> 서초동</법정동><법정동본번코드>1685</법정동본번코드><법정동부번코드>0003</법정동부번코드><법정동시군구코드>11650</법정동시군구코드><법정동읍면동코드>10800</법정동읍면동코드><법정동지번코드>1</법정동지번코드><아파트>아크로비스타</아파트><월>9</월><일>3</일><일련번호>11650-724</일련번호><전용면적>205.07</전용면적><중개사소재지>서울 서초구</중개사소재지><지번>1685-3</지번><지역코드>11650</지역코드><층>23</층><해제사유발생일> </해제사유발생일><해제여부> </해제여부></item><item><거래금액>    77,000</거래금액><거래유형>중개거래</거래유형><건축년도>2006</건축년도><년>2022</년><도로명>서초중앙로</도로명><도로명건물본번호코드>00018</도로명건물본번호코드><도로명건물부번호코드>00000</도로명건물부번호코드><도로명시군구코드>11650</도로명시군구코드><도로명일련번호코드>03</도로명일련번호코드><도로명지상지하코드>0</도로명지상지하코드><도로명코드>3121024</도로명코드><법정동> 서초동</법정동><법정동본번코드>1445</법정동본번코드><법정동부번코드>0013</법정동부번코드><법정동시군구코드>11650</법정동시군구코드><법정동읍면동코드>10800</법정동읍면동코드><법정동지번코드>1</법정동지번코드><아파트>서초쌍용플래티넘</아파트><월>9</월><일>4</일><일련번호>11650-3276</일련번호><전용면적>56</전용면적><중개사소재지>서울 서초구</중개사소재지><지번>1445-13</지번><지역코드>11650</지역코드><층>19</층><해제사유발생일> </해제사유발생일><해제여부> </해제여부></item><item><거래금액>    31,500</거래금액><거래유형>중개거래</거래유형><건축년도>2003</건축년도><년>2022</년><도로명>효령로53길</도로명><도로명건물본번호코드>00045</도로명건물본번호코드><도로명건물부번호코드>00000</도로명건물부번호코드><도로명시군구코드>11650</도로명시군구코드><도로명일련번호코드>01</도로명일련번호코드><도로명지상지하코드>0</도로명지상지하코드><도로명코드>4163646</도로명코드><법정동> 서초동</법정동><법정동본번코드>1593</법정동본번코드><법정동부번코드>0007</법정동부번코드><법정동시군구코드>11650</법정동시군구코드><법정동읍면동코드>10800</법정동읍면동코드><법정동지번코드>1</법정동지번코드><아파트>서초이오빌</아파트><월>9</월><일>5</일><일련번호>11650-521</일련번호><전용면적>36.66</전용면적><중개사소재지>서울 서초구</중개사소재지><지번>1593-7</지번><지역코드>11650</지역코드><층>5</층><해제사유발생일> </해제사유발생일><해제여부> </해제여부></item><item><거래금액>   114,000</거래금액><거래유형>중개거래</거래유형><건축년도>2001</건축년도><년>2022</년><도로명>사임당로14길</도로명><도로명건물본번호코드>00010</도로명건물본번호코드><도로명건물부번호코드>00000</도로명건물부번호코드><도로명시군구코드>11650</도로명시군구코드><도로명일련번호코드>01</도로명일련번호코드><도로명지상지하코드>0</도로명지상지하코드><도로명코드>4163311</도로명코드><법정동> 서초동</법정동><법정동본번코드>1627</법정동본번코드><법정동부번코드>0003</법정동부번코드><법정동시군구코드>11650</법정동시군구코드><법정동읍면동코드>10800</법정동읍면동코드><법정동지번코드>1</법정동지번코드><아파트>서초로얄</아파트><월>9</월><일>8</일><일련번호>11650-36</일련번호><전용면적>84.83</전용면적><중개사소재지>서울 서초구</중개사소재지><지번>1627-3</지번><지역코드>11650</지역코드><층>6</층><해제사유발생일> </해제사유발생일><해제여부> </해제여부></item><item><거래금액>    93,300</거래금액><거래유형>중개거래</거래유형><건축년도>2002</건축년도><년>2022</년><도로명>강남대로53길</도로명><도로명건물본번호코드>00011</도로명건물본번호코드><도로명건물부번호코드>00000</도로명건물부번호코드><도로명시군구코드>11650</도로명시군구코드><도로명일련번호코드>01</도로명일련번호코드><도로명지상지하코드>0</도로명지상지하코드><도로명코드>4163026</도로명코드><법정동> 서초동</법정동><법정동본번코드>1330</법정동본번코드><법정동부번코드>0000</법정동부번코드><법정동시군구코드>11650</법정동시군구코드><법정동읍면동코드>10800</법정동읍면동코드><법정동지번코드>1</법정동지번코드><아파트>서초동삼성쉐르빌2</아파트><월>9</월><일>16</일><일련번호>11650-608</일련번호><전용면적>70.49</전용면적><중개사소재지>서울 서초구</중개사소재지><지번>1330</지번><지역코드>11650</지역코드><층>7</층><해제사유발생일> </해제사유발생일><해제여부> </해제여부></item><item><거래금액>    56,760</거래금액><거래유형>직거래</거래유형><건축년도>2022</건축년도><년>2022</년><도로명>사임당로</도로명><도로명건물본번호코드>00034</도로명건물본번호코드><도로명건물부번호코드>00000</도로명건물부번호코드><도로명시군구코드>11650</도로명시군구코드><도로명일련번호코드>00</도로명일련번호코드><도로명지상지하코드>0</도로명지상지하코드><도로명코드>3121014</도로명코드><법정동> 서초동</법정동><법정동본번코드>1597</법정동본번코드><법정동부번코드>0006</법정동부번코드><법정동시군구코드>11650</법정동시군구코드><법정동읍면동코드>10800</법정동읍면동코드><법정동지번코드>1</법정동지번코드><아파트>DK밸리뷰서초2차</아파트><월>9</월><일>19</일><일련번호>11650-4996</일련번호><전용면적>28.78</전용면적><중개사소재지> </중개사소재지><지번>1597-6</지번><지역코드>11650</지역코드><층>18</층><해제사유발생일> </해제사유발생일><해제여부> </해제여부></item><item><거래금액>   173,000</거래금액><거래유형>중개거래</거래유형><건축년도>2014</건축년도><년>2022</년><도로명>헌릉로8길</도로명><도로명건물본번호코드>00010</도로명건물본번호코드><도로명건물부번호코드>00012</도로명건물부번호코드><도로명시군구코드>11650</도로명시군구코드><도로명일련번호코드>01</도로명일련번호코드><도로명지상지하코드>0</도로명지상지하코드><도로명코드>4163749</도로명코드><법정동> 신원동</법정동><법정동시군구코드>11650</법정동시군구코드><법정동읍면동코드>11100</법정동읍면동코드><아파트>힐스테이트 서초 젠트리스</아파트><월>9</월><일>28</일><일련번호>11650-4103</일련번호><전용면적>84.95</전용면적><중개사소재지>서울 서초구</중개사소재지><지역코드>11650</지역코드><층>8</층><해제사유발생일> </해제사유발생일><해제여부> </해제여부></item></items><numOfRows>999</numOfRows><pageNo>1</pageNo><totalCount>21</totalCount></body></response>