<?xml version="1.0" encoding="UTF-8" standalone="yes"?><response><header><resultCode>00</resultCode><resultMsg>NORMAL SERVICE.</resultMsg></header><body><items><item><거래금액>   275,000</거래금액><거래유형>중개거래</거래유형><건축년도>1999</건축년도><년>2022</년><도로명>사평대로6길</도로명><도로명건물본번호코드>00118</도로명건물본번호코드><도로명건물부번호코드>00000</도로명건물부번호코드><도로명시군구코드>11650</도로명시군구코드><도로명일련번호코드>01</도로명일련번호코드><도로명지상지하코드>0</도로명지상지하코드><도로명코드>4163339</도로명코드><법정동> 방배동</법정동><법정동본번코드>0001</법정동본번코드><법정동부번코드>0106</법정동부번코드><법정동시군구코드>11650</법정동시군구코드><법정동읍면동코드>10100</법정동읍면동코드><법정동지번코드>1</법정동지번코드><아파트>영지아트빌라</아파트><월>10</월><일>8</일><일련번호>11650-329</일련번호><전용면적>240.98</전용면적><중개사소재지>서울 서초구, 서울 용산구</중개사소재지><지번>1-106</지번><지역코드>11650</지역코드><층>1</층><해제사유발생일> </해제사유발생일><해제여부> </해제여부></item><item><거래금액>   270,000</거래금액><거래유형>중개거래</거래유형><건축년도>2001</건축년도><년>2022</년><도로명>방배로</도로명><도로명건물본번호코드>00249</도로명건물본번호코드><도로명건물부번호코드>00000</도로명건물부번호코드><도로명시군구코드>11650</도로명시군구코드><도로명일련번호코드>01</도로명일련번호코드><도로명지상지하코드>0</도로명지상지하코드><도로명코드>3121010</도로명코드><법정동> 방배동</법정동><법정동본번코드>0772</법정동본번코드><법정동부번코드>0013</법정동부번코드><법정동시군구코드>11650</법정동시군구코드><법정동읍면동코드>10100</법정동읍면동코드><법정동지번코드>1</법정동지번코드><아파트>현대멤피스</아파트><월>10</월><일>8</일><일련번호>11650-373</일련번호><전용면적>186.53</전용면적><중개사소재지>서울 마포구, 서울 서초구</중개사소재지><지번>772-13</지번><지역코드>11650</지역코드><층>11</층><해제사유발생일> </해제사유발생일><해제여부> </해제여부></item><item><거래금액>    27,500</거래금액><거래유형>중개거래</거래유형><건축년도>2005</건축년도><년>2022</년><도로명>서초대로</도로명><도로명건물본번호코드>00017</도로명건물본번호코드><도로명건물부번호코드>00000</도로명건물부번호코드><도로명시군구코드>11650</도로명시군구코드><도로명일련번호코드>01</도로명일련번호코드><도로명지상지하코드>0</도로명지상지하코드><도로명코드>2121002</도로명코드><법정동> 방배동</법정동><법정동본번코드>0866</법정동본번코드><법정동부번코드>0020</법정동부번코드><법정동시군구코드>11650</법정동시군구코드><법정동읍면동코드>10100</법정동읍면동코드><법정동지번코드>1</법정동지번코드><아파트>방배대우디오빌</아파트><월>10</월><일>12</일><일련번호>11650-3191</일련번호><전용면적>29.6</전용면적><중개사소재지>서울 서초구</중개사소재지><지번>866-20</지번><지역코드>11650</지역코드><층>8</층><해제사유발생일> </해제사유발생일><해제여부> </해제여부></item><item><거래금액>   270,000</거래금액><거래유형>중개거래</거래유형><건축년도>2004</건축년도><년>2022</년><도로명>방배로</도로명><도로명건물본번호코드>00278</도로명건물본번호코드><도로명건물부번호코드>00000</도로명건물부번호코드><도로명시군구코드>11650</도로명시군구코드><도로명일련번호코드>01</도로명일련번호코드><도로명지상지하코드>0</도로명지상지하코드><도로명코드>3121010</도로명코드><법정동> 방배동</법정동><법정동본번코드>3275</법정동본번코드><법정동부번코드>0000</법정동부번코드><법정동시군구코드>11650</법정동시군구코드><법정동읍면동코드>10100</법정동읍면동코드><법정동지번코드>1</법정동지번코드><아파트>동부센트레빌</아파트><월>10</월><일>14</일><일련번호>11650-659</일련번호><전용면적>134.04</전용면적><중개사소재지>서울 서초구</중개사소재지><지번>3275</지번><지역코드>11650</지역코드><층>21</층><해제사유발생일> </해제사유발생일><해제여부> </해제여부></item><item><거래금액>    45,000</거래금액><거래유형>중개거래</거래유형><건축년도>2004</건축년도><년>2022</년><도로명>방배로33길</도로명><도로명건물본번호코드>00029</도로명건물본번호코드><도로명건물부번호코드>00000</도로명건물부번호코드><도로명시군구코드>11650</도로명시군구코드><도로명일련번호코드>01</도로명일련번호코드><도로명지상지하코드>0</도로명지상지하코드><도로명코드>4163268</도로명코드><법정동> 방배동</법정동><법정동본번코드>0816</법정동본번코드><법정동부번코드>0001</법정동부번코드><법정동시군구코드>11650</법정동시군구코드><법정동읍면동코드>10100</법정동읍면동코드><법정동지번코드>1</법정동지번코드><아파트>한신트리플</아파트><월>10</월><일>24</일><일련번호>11650-590</일련번호><전용면적>39.31</전용면적><중개사소재지>서울 동작구</중개사소재지><지번>816-1</지번><지역코드>11650</지역코드><층>9</층><해제사유발생일> </해제사유발생일><해제여부> </해제여부></item><item><거래금액>   104,140</거래금액><거래유형>직거래</거래유형><건축년도>2003</건축년도><년>2022</년><도로명>남부순환로289길</도로명><도로명건물본번호코드>00016</도로명건물본번호코드><도로명건물부번호코드>00000</도로명건물부번호코드><도로명시군구코드>11650</도로명시군구코드><도로명일련번호코드>01</도로명일련번호코드><도로명지상지하코드>0</도로명지상지하코드><도로명코드>4163053</도로명코드><법정동> 방배동</법정동><법정동본번코드>0483</법정동본번코드><법정동부번코드>0001</법정동부번코드><법정동시군구코드>11650</법정동시군구코드><법정동읍면동코드>10100</법정동읍면동코드><법정동지번코드>1</법정동지번코드><아파트>서희융창</아파트><월>10</월><일>31</일><일련번호>11650-564</일련번호><전용면적>114.56</전용면적><중개사소재지> </중개사소재지><지번>483-1</지번><지역코드>11650</지역코드><층>6</층><해제사유발생일> </해제사유발생일><해제여부> </해제여부></item><item><거래금액>   270,000</거래금액><거래유형>중개거래</거래유형><건축년도>2004</건축년도><년>2022</년><도로명>잠원로14길</도로명><도로명건물본번호코드>00023</도로명건물본번호코드><도로명건물부번호코드>00000</도로명건물부번호코드><도로명시군구코드>11650</도로명시군구코드><도로명일련번호코드>01</도로명일련번호코드><도로명지상지하코드>0</도로명지상지하코드><도로명코드>4163526</도로명코드><법정동> 잠원동</법정동><법정동본번코드>0050</법정동본번코드><법정동부번코드>0001</법정동부번코드><법정동시군구코드>11650</법정동시군구코드><법정동읍면동코드>10600</법정동읍면동코드><법정동지번코드>1</법정동지번코드><아파트>롯데캐슬갤럭시(50-1)</아파트><월>10</월><일>7</일><일련번호>11650-682</일련번호><전용면적>132.16</전용면적><중개사소재지>서울 서초구</중개사소재지><지번>50-1</지번><지역코드>11650</지역코드><층>1</층><해제사유발생일> </해제사유발생일><해제여부> </해제여부></item><item><거래금액>   280,000</거래금액><거래유형>중개거래</거래유형><건축년도>1979</건축년도><년>2022</년><도로명>잠원로</도로명><도로명건물본번호코드>00037</도로명건물본번호코드><도로명건물부번호코드>00048</도로명건물부번호코드><도로명시군구코드>11650</도로명시군구코드><도로명일련번호코드>01</도로명일련번호코드><도로명지상지하코드>0</도로명지상지하코드><도로명코드>3121019</도로명코드><법정동> 잠원동</법정동><법정동본번코드>0070</법정동본번코드><법정동부번코드>0000</법정동부번코드><법정동시군구코드>11650</법정동시군구코드><법정동읍면동코드>10600</법정동읍면동코드><법정동지번코드>1</법정동지번코드><아파트>신반포4</아파트><월>10</월><일>31</일><일련번호>11650-125</일련번호><전용면적>100.11</전용면적><중개사소재지>서울 서초구</중개사소재지><지번>70</지번><지역코드>11650</지역코드><층>4</층><해제사유발생일> </해제사유발생일><해제여부> </해제여부></item><item><거래금액>   230,000</거래금액><거래유형>중개거래</거래유형><건축년도>1984</건축년도><년>2022</년><도로명>사평대로</도로명><도로명건물본번호코드>00142</도로명건물본번호코드><도로명건물부번호코드>00000</도로명건물부번호코드><도로명시군구코드>11650</도로명시군구코드><도로명일련번호코드>02</도로명일련번호코드><도로명지상지하코드>0</도로명지상지하코드><도로명코드>2121001</도로명코드><법정동> 반포동</법정동><법정동본번코드>0065</법정동본번코드><법정동부번코드>0001</법정동부번코드><법정동시군구코드>11650</법정동시군구코드><법정동읍면동코드>10700</법정동읍면동코드><법정동지번코드>1</법정동지번코드><아파트>궁전</아파트><월>10</월><일>1</일><일련번호>11650-160</일련번호><전용면적>146.63</전용면적><중개사소재지>서울 강남구</중개사소재지><지번>65-1</지번><지역코드>11650</지역코드><층>9</층><해제사유발생일> </해제사유발생일><해제여부> </해제여부></item><item><거래금액>   523,000</거래금액><거래유형>중개거래</거래유형><건축년도>1973</건축년도><년>2022</년><도로명>신반포로</도로명><도로명건물본번호코드>00045</도로명건물본번호코드><도로명건물부번호코드>00000</도로명건물부번호코드><도로명시군구코드>11650</도로명시군구코드><도로명일련번호코드>02</도로명일련번호코드><도로명지상지하코드>0</도로명지상지하코드><도로명코드>3121017</도로명코드><법정동> 반포동</법정동><법정동본번코드>0757</법정동본번코드><법정동부번코드>0000</법정동부번코드><법정동시군구코드>11650</법정동시군구코드><법정동읍면동코드>10700</법정동읍면동코드><법정동지번코드>1</법정동지번코드><아파트>반포주공1단지</아파트><월>10</월><일>1</일><일련번호>11650-175</일련번호><전용면적>106.26</전용면적><중개사소재지>서울 서초구</중개사소재지><지번>757</지번><지역코드>11650</지역코드><층>3</층><해제사유발생일> </해제사유발생일><해제여부> </해제여부></item><item><거래금액>    86,000</거래금액><거래유형>중개거래</거래유형><건축년도>2004</건축년도><년>2022</년><도로명>반포대로3길</도로명><도로명건물본번호코드>00049</도로명건물본번호코드><도로명건물부번호코드>00000</도로명건물부번호코드><도로명시군구코드>11650</도로명시군구코드><도로명일련번호코드>01</도로명일련번호코드><도로명지상지하코드>0</도로명지상지하코드><도로명코드>4163243</도로명코드><법정동> 서초동</법정동><법정동본번코드>1471</법정동본번코드><법정동부번코드>0003</법정동부번코드><법정동시군구코드>11650</법정동시군구코드><법정동읍면동코드>10800</법정동읍면동코드><법정동지번코드>1</법정동지번코드><아파트>다솔</아파트><월>10</월><일>4</일><일련번호>11650-742</일련번호><전용면적>83.4</전용면적><중개사소재지>서울 서초구</중개사소재지><지번>1471-3</지번><지역코드>11650</지역코드><층>3</층><해제사유발생일> </해제사유발생일><해제여부> </해제여부></item><item><거래금액>   205,000</거래금액><거래유형>중개거래</거래유형><건축년도>2006</건축년도><년>2022</년><도로명>사임당로17길</도로명><도로명건물본번호코드>00080</도로명건물본번호코드><도로명건물부번호코드>00000</도로명건물부번호코드><도로명시군구코드>11650</도로명시군구코드><도로명일련번호코드>01</도로명일련번호코드><도로명지상지하코드>0</도로명지상지하코드><도로명코드>4163313</도로명코드><법정동> 서초동</법정동><법정동본번코드>1642</법정동본번코드><법정동부번코드>0034</법정동부번코드><법정동시군구코드>11650</법정동시군구코드><법정동읍면동코드>10800</법정동읍면동코드><법정동지번코드>1</법정동지번코드><아파트>래미안서초7차</아파트><월>10</월><일>8</일><일련번호>11650-3243</일련번호><전용면적>148.08</전용면적><중개사소재지>서울 서초구</중개사소재지><지번>1642-34</지번><지역코드>11650</지역코드><층>11</층><해제사유발생일> </해제사유발생일><해제여부> </해제여부></item><item><거래금액>    20,500</거래금액><거래유형>중개거래</거래유형><건축년도>2014</건축년도><년>2022</년><도로명>효령로77길</도로명><도로명건물본번호코드>00030</도로명건물본번호코드><도로명건물부번호코드>00000</도로명건물부번호코드><도로명시군구코드>11650</도로명시군구코드><도로명일련번호코드>01</도로명일련번호코드><도로명지상지하코드>0</도로명지상지하코드><도로명코드>4163659</도로명코드><법정동> 서초동</법정동><법정동본번코드>1337</법정동본번코드><법정동부번코드>0003</법정동부번코드><법정동시군구코드>11650</법정동시군구코드><법정동읍면동코드>10800</법정동읍면동코드><법정동지번코드>1</법정동지번코드><아파트>urbanplace</아파트><월>10</월><일>10</일><일련번호>11650-4072</일련번호><전용면적>20.334</전용면적><중개사소재지>서울 서초구</중개사소재지><지번>1337-3</지번><지역코드>11650</지역코드><층>8</층><해제사유발생일> </해제사유발생일><해제여부> </해제여부></item><item><거래금액>   300,000</거래금액><거래유형>중개거래</거래유형><건축년도>2003</건축년도><년>2022</년><도로명>서초중앙로</도로명><도로명건물본번호코드>00015</도로명건물본번호코드><도로명건물부번호코드>00000</도로명건물부번호코드><도로명시군구코드>11650</도로명시군구코드><도로명일련번호코드>03</도로명일련번호코드><도로명지상지하코드>0</도로명지상지하코드><도로명코드>3121024</도로명코드><법정동> 서초동</법정동><법정동본번코드>1446</법정동본번코드><법정동부번코드>0011</법정동부번코드><법정동시군구코드>11650</법정동시군구코드><법정동읍면동코드>10800</법정동읍면동코드><법정동지번코드>1</법정동지번코드><아파트>현대슈퍼빌</아파트><월>10</월><일>14</일><일련번호>11650-519</일련번호><전용면적>164.87</전용면적><중개사소재지>서울 강남구</중개사소재지><지번>1446-11</지번><지역코드>11650</지역코드><층>24</층><해제사유발생일> </해제사유발생일><해제여부> </해제여부></item><item><거래금액>    44,000</거래금액><거래유형>중개거래</거래유형><건축년도>2022</건축년도><년>2022</년><도로명>서초대로58길</도로명><도로명건물본번호코드>00018</도로명건물본번호코드><도로명건물부번호코드>00000</도로명건물부번호코드><도로명시군구코드>11650</도로명시군구코드><도로명일련번호코드>01</도로명일련번호코드><도로명지상지하코드>0</도로명지상지하코드><도로명코드>4163421</도로명코드><법정동> 서초동</법정동><법정동본번코드>1675</법정동본번코드><법정동부번코드>0010</법정동부번코드><법정동시군구코드>11650</법정동시군구코드><법정동읍면동코드>10800</법정동읍면동코드><법정동지번코드>1</법정동지번코드><아파트>지에스타워</아파트><월>10</월><일>17</일><일련번호>11650-4967</일련번호><전용면적>26.43</전용면적><중개사소재지>서울 노원구</중개사소재지><지번>1675-10</지번><지역코드>11650</지역코드><층>4</층><해제사유발생일> </해제사유발생일><해제여부> </해제여부></item><item><거래금액>    30,600</거래금액><거래유형>중개거래</거래유형><건축년도>2002</건축년도><년>2022</년><도로명>강남대로53길</도로명><도로명건물본번호코드>00011</도로명건물본번호코드><도로명건물부번호코드>00000</도로명건물부번호코드><도로명시군구코드>11650</도로명시군구코드><도로명일련번호코드>01</도로명일련번호코드><도로명지상지하코드>0</도로명지상지하코드><도로명코드>4163026</도로명코드><법정동> 서초동</법정동><법정동본번코드>1330</법정동본번코드><법정동부번코드>0000</법정동부번코드><법정동시군구코드>11650</법정동시군구코드><법정동읍면동코드>10800</법정동읍면동코드><법정동지번코드>1</법정동지번코드><아파트>서초동삼성쉐르빌2</아파트><월>10</월><일>28</일><일련번호>11650-608</일련번호><전용면적>35.22</전용면적><중개사소재지>서울 서초구</중개사소재지><지번>1330</지번><지역코드>11650</지역코드><층>21</층><해제사유발생일> </해제사유발생일><해제여부> </해제여부></item><item><거래금액>    32,800</거래금액><거래유형>중개거래</거래유형><건축년도>2002</건축년도><년>2022</년><도로명>강남대로53길</도로명><도로명건물본번호코드>00011</도로명건물본번호코드><도로명건물부번호코드>00000</도로명건물부번호코드><도로명시군구코드>11650</도로명시군구코드><도로명일련번호코드>01</도로명일련번호코드><도로명지상지하코드>0</도로명지상지하코드><도로명코드>4163026</도로명코드><법정동> 서초동</법정동><법정동본번코드>1330</법정동본번코드><법정동부번코드>0000</법정동부번코드><법정동시군구코드>11650</법정동시군구코드><법정동읍면동코드>10800</법정동읍면동코드><법정동지번코드>1</법정동지번코드><아파트>서초동삼성쉐르빌2</아파트><월>10</월><일>31</일><일련번호>11650-608</일련번호><전용면적>35.22</전용면적><중개사소재지>서울 서초구</중개사소재지><지번>1330</지번><지역코드>11650</지역코드><층>7</층><해제사유발생일> </해제사유발생일><해제여부> </해제여부></item></items><numOfRows>999</numOfRows><pageNo>1</pageNo><totalCount>17</totalCount></body></response>