<?xml version="1.0" encoding="UTF-8" standalone="yes"?><response><header><resultCode>00</resultCode><resultMsg>NORMAL SERVICE.</resultMsg></header><body><items><item><거래금액>   114,000</거래금액><거래유형>중개거래</거래유형><건축년도>2015</건축년도><년>2022</년><도로명>북아현로1길</도로명><도로명건물본번호코드>00050</도로명건물본번호코드><도로명건물부번호코드>00000</도로명건물부번호코드><도로명시군구코드>11410</도로명시군구코드><도로명일련번호코드>01</도로명일련번호코드><도로명지상지하코드>0</도로명지상지하코드><도로명코드>4136122</도로명코드><법정동> 북아현동</법정동><법정동본번코드>1011</법정동본번코드><법정동부번코드>0000</법정동부번코드><법정동시군구코드>11410</법정동시군구코드><법정동읍면동코드>11000</법정동읍면동코드><법정동지번코드>1</법정동지번코드><아파트>신촌푸르지오</아파트><월>9</월><일>3</일><일련번호>11410-4476</일련번호><전용면적>59.8802</전용면적><중개사소재지>서울 서대문구</중개사소재지><지번>1011</지번><지역코드>11410</지역코드><층>3</층><해제사유발생일> </해제사유발생일><해제여부> </해제여부></item><item><거래금액>   175,000</거래금액><거래유형>중개거래</거래유형><건축년도>2018</건축년도><년>2022</년><도로명>신촌로35길</도로명><도로명건물본번호코드>00010</도로명건물본번호코드><도로명건물부번호코드>00000</도로명건물부번호코드><도로명시군구코드>11410</도로명시군구코드><도로명일련번호코드>01</도로명일련번호코드><도로명지상지하코드>0</도로명지상지하코드><도로명코드>4136219</도로명코드><법정동> 북아현동</법정동><법정동본번코드>1013</법정동본번코드><법정동부번코드>0000</법정동부번코드><법정동시군구코드>11410</법정동시군구코드><법정동읍면동코드>11000</법정동읍면동코드><법정동지번코드>1</법정동지번코드><아파트>이편한세상신촌(4단지)</아파트><월>9</월><일>27</일><일련번호>11410-4645</일련번호><전용면적>84.89</전용면적><중개사소재지>서울 서대문구</중개사소재지><지번>1013</지번><지역코드>11410</지역코드><층>32</층><해제사유발생일> </해제사유발생일><해제여부> </해제여부></item><item><거래금액>    46,500</거래금액><거래유형>중개거래</거래유형><건축년도>1998</건축년도><년>2022</년><도로명>모래내로</도로명><도로명건물본번호코드>00430</도로명건물본번호코드><도로명건물부번호코드>00000</도로명건물부번호코드><도로명시군구코드>11410</도로명시군구코드><도로명일련번호코드>01</도로명일련번호코드><도로명지상지하코드>0</도로명지상지하코드><도로명코드>3112015</도로명코드><법정동> 홍제동</법정동><법정동본번코드>0456</법정동본번코드><법정동부번코드>0000</법정동부번코드><법정동시군구코드>11410</법정동시군구코드><법정동읍면동코드>11100</법정동읍면동코드><법정동지번코드>1</법정동지번코드><아파트>성원</아파트><월>9</월><일>3</일><일련번호>11410-53</일련번호><전용면적>41.5</전용면적><중개사소재지>서울 서대문구</중개사소재지><지번>456</지번><지역코드>11410</지역코드><층>4</층><해제사유발생일> </해제사유발생일><해제여부> </해제여부></item><item><거래금액>   118,000</거래금액><거래유형>중개거래</거래유형><건축년도>2020</건축년도><년>2022</년><도로명>통일로</도로명><도로명건물본번호코드>00395</도로명건물본번호코드><도로명건물부번호코드>00000</도로명건물부번호코드><도로명시군구코드>11410</도로명시군구코드><도로명일련번호코드>08</도로명일련번호코드><도로명지상지하코드>0</도로명지상지하코드><도로명코드>3000008</도로명코드><법정동> 홍제동</법정동><법정동본번코드>0473</법정동본번코드><법정동부번코드>0000</법정동부번코드><법정동시군구코드>11410</법정동시군구코드><법정동읍면동코드>11100</법정동읍면동코드><법정동지번코드>1</법정동지번코드><아파트>홍제센트럴IPARK</아파트><월>9</월><일>24</일><일련번호>11410-4769</일련번호><전용면적>84.9644</전용면적><중개사소재지>서울 서대문구</중개사소재지><지번>473</지번><지역코드>11410</지역코드><층>13</층><해제사유발생일> </해제사유발생일><해제여부> </해제여부></item><item><거래금액>   104,500</거래금액><거래유형>중개거래</거래유형><건축년도>1999</건축년도><년>2022</년><도로명>이화여대길</도로명><도로명건물본번호코드>00050</도로명건물본번호코드><도로명건물부번호코드>00012</도로명건물부번호코드><도로명시군구코드>11410</도로명시군구코드><도로명일련번호코드>02</도로명일련번호코드><도로명지상지하코드>0</도로명지상지하코드><도로명코드>4136322</도로명코드><법정동> 대현동</법정동><법정동본번코드>0144</법정동본번코드><법정동부번코드>0000</법정동부번코드><법정동시군구코드>11410</법정동시군구코드><법정동읍면동코드>11200</법정동읍면동코드><법정동지번코드>1</법정동지번코드><아파트>럭키대현</아파트><월>9</월><일>30</일><일련번호>11410-22</일련번호><전용면적>83.38</전용면적><중개사소재지>서울 서대문구</중개사소재지><지번>144</지번><지역코드>11410</지역코드><층>8</층><해제사유발생일>23.01.14</해제사유발생일><해제여부>O</해제여부></item><item><거래금액>    26,000</거래금액><거래유형>직거래</거래유형><건축년도>2013</건축년도><년>2022</년><도로명>신촌로</도로명><도로명건물본번호코드>00001</도로명건물본번호코드><도로명건물부번호코드>00000</도로명건물부번호코드><도로명시군구코드>11410</도로명시군구코드><도로명일련번호코드>04</도로명일련번호코드><도로명지상지하코드>0</도로명지상지하코드><도로명코드>3005057</도로명코드><법정동> 창천동</법정동><법정동본번코드>0510</법정동본번코드><법정동부번코드>0002</법정동부번코드><법정동시군구코드>11410</법정동시군구코드><법정동읍면동코드>11600</법정동읍면동코드><법정동지번코드>1</법정동지번코드><아파트>3RU-City</아파트><월>9</월><일>23</일><일련번호>11410-4202</일련번호><전용면적>17.19</전용면적><중개사소재지> </중개사소재지><지번>510-2</지번><지역코드>11410</지역코드><층>11</층><해제사유발생일> </해제사유발생일><해제여부> </해제여부></item><item><거래금액>    14,000</거래금액><거래유형>중개거래</거래유형><건축년도>1972</건축년도><년>2022</년><도로명>증가로2길</도로명><도로명건물본번호코드>00040</도로명건물본번호코드><도로명건물부번호코드>00016</도로명건물부번호코드><도로명시군구코드>11410</도로명시군구코드><도로명일련번호코드>01</도로명일련번호코드><도로명지상지하코드>0</도로명지상지하코드><도로명코드>4136355</도로명코드><법정동> 연희동</법정동><법정동본번코드>0196</법정동본번코드><법정동부번코드>0001</법정동부번코드><법정동시군구코드>11410</법정동시군구코드><법정동읍면동코드>11700</법정동읍면동코드><법정동지번코드>1</법정동지번코드><아파트>연희궁</아파트><월>9</월><일>30</일><일련번호>11410-172</일련번호><전용면적>42.38</전용면적><중개사소재지>서울 은평구</중개사소재지><지번>196-1</지번><지역코드>11410</지역코드><층>3</층><해제사유발생일> </해제사유발생일><해제여부> </해제여부></item><item><거래금액>    69,000</거래금액><거래유형>중개거래</거래유형><건축년도>1997</건축년도><년>2022</년><도로명>세검정로1길</도로명><도로명건물본번호코드>00095</도로명건물본번호코드><도로명건물부번호코드>00000</도로명건물부번호코드><도로명시군구코드>11410</도로명시군구코드><도로명일련번호코드>01</도로명일련번호코드><도로명지상지하코드>0</도로명지상지하코드><도로명코드>4136176</도로명코드><법정동> 홍은동</법정동><법정동본번코드>0455</법정동본번코드><법정동부번코드>0000</법정동부번코드><법정동시군구코드>11410</법정동시군구코드><법정동읍면동코드>11800</법정동읍면동코드><법정동지번코드>1</법정동지번코드><아파트>홍은동벽산</아파트><월>9</월><일>17</일><일련번호>11410-85</일련번호><전용면적>84.96</전용면적><중개사소재지>서울 관악구, 서울 서대문구</중개사소재지><지번>455</지번><지역코드>11410</지역코드><층>12</층><해제사유발생일> </해제사유발생일><해제여부> </해제여부></item><item><거래금액>   112,500</거래금액><거래유형>중개거래</거래유형><건축년도>2012</건축년도><년>2022</년><도로명>수색로</도로명><도로명건물본번호코드>00100</도로명건물본번호코드><도로명건물부번호코드>00000</도로명건물부번호코드><도로명시군구코드>11410</도로명시군구코드><도로명일련번호코드>01</도로명일련번호코드><도로명지상지하코드>0</도로명지상지하코드><도로명코드>3005054</도로명코드><법정동> 북가좌동</법정동><법정동본번코드>0481</법정동본번코드><법정동부번코드>0000</법정동부번코드><법정동시군구코드>11410</법정동시군구코드><법정동읍면동코드>11900</법정동읍면동코드><법정동지번코드>1</법정동지번코드><아파트>DMC래미안e편한세상</아파트><월>9</월><일>30</일><일련번호>11410-4085</일련번호><전용면적>84.93</전용면적><중개사소재지>서울 서대문구</중개사소재지><지번>481</지번><지역코드>11410</지역코드><층>6</층><해제사유발생일> </해제사유발생일><해제여부> </해제여부></item><item><거래금액>   120,500</거래금액><거래유형>중개거래</거래유형><건축년도>2015</건축년도><년>2022</년><도로명>가재울미래로</도로명><도로명건물본번호코드>00002</도로명건물본번호코드><도로명건물부번호코드>00000</도로명건물부번호코드><도로명시군구코드>11410</도로명시군구코드><도로명일련번호코드>01</도로명일련번호코드><도로명지상지하코드>0</도로명지상지하코드><도로명코드>3351018</도로명코드><법정동> 남가좌동</법정동><법정동본번코드>0385</법정동본번코드><법정동부번코드>0000</법정동부번코드><법정동시군구코드>11410</법정동시군구코드><법정동읍면동코드>12000</법정동읍면동코드><법정동지번코드>1</법정동지번코드><아파트>DMC파크뷰자이1단지</아파트><월>9</월><일>17</일><일련번호>11410-4479</일련번호><전용면적>84.974</전용면적><중개사소재지>서울 서대문구</중개사소재지><지번>385</지번><지역코드>11410</지역코드><층>15</층><해제사유발생일> </해제사유발생일><해제여부> </해제여부></item><item><거래금액>    67,000</거래금액><거래유형>중개거래</거래유형><건축년도>1999</건축년도><년>2022</년><도로명>가재울로</도로명><도로명건물본번호코드>00045</도로명건물본번호코드><도로명건물부번호코드>00000</도로명건물부번호코드><도로명시군구코드>11410</도로명시군구코드><도로명일련번호코드>01</도로명일련번호코드><도로명지상지하코드>0</도로명지상지하코드><도로명코드>3112001</도로명코드><법정동> 남가좌동</법정동><법정동본번코드>0376</법정동본번코드><법정동부번코드>0000</법정동부번코드><법정동시군구코드>11410</법정동시군구코드><법정동읍면동코드>12000</법정동읍면동코드><법정동지번코드>1</법정동지번코드><아파트>남가좌동현대</아파트><월>9</월><일>20</일><일련번호>11410-104</일련번호><전용면적>59.4</전용면적><중개사소재지>서울 서대문구</중개사소재지><지번>376</지번><지역코드>11410</지역코드><층>16</층><해제사유발생일> </해제사유발생일><해제여부> </해제여부></item><item><거래금액>   122,000</거래금액><거래유형>중개거래</거래유형><건축년도>2015</건축년도><년>2022</년><도로명>가재울미래로</도로명><도로명건물본번호코드>00002</도로명건물본번호코드><도로명건물부번호코드>00000</도로명건물부번호코드><도로명시군구코드>11410</도로명시군구코드><도로명일련번호코드>01</도로명일련번호코드><도로명지상지하코드>0</도로명지상지하코드><도로명코드>3351018</도로명코드><법정동> 남가좌동</법정동><법정동본번코드>0385</법정동본번코드><법정동부번코드>0000</법정동부번코드><법정동시군구코드>11410</법정동시군구코드><법정동읍면동코드>12000</법정동읍면동코드><법정동지번코드>1</법정동지번코드><아파트>DMC파크뷰자이1단지</아파트><월>9</월><일>21</일><일련번호>11410-4479</일련번호><전용면적>84.971</전용면적><중개사소재지>서울 서대문구</중개사소재지><지번>385</지번><지역코드>11410</지역코드><층>16</층><해제사유발생일> </해제사유발생일><해제여부> </해제여부></item><item><거래금액>   119,000</거래금액><거래유형>중개거래</거래유형><건축년도>2015</건축년도><년>2022</년><도로명>가재울미래로</도로명><도로명건물본번호코드>00002</도로명건물본번호코드><도로명건물부번호코드>00000</도로명건물부번호코드><도로명시군구코드>11410</도로명시군구코드><도로명일련번호코드>01</도로명일련번호코드><도로명지상지하코드>0</도로명지상지하코드><도로명코드>3351018</도로명코드><법정동> 남가좌동</법정동><법정동본번코드>0385</법정동본번코드><법정동부번코드>0000</법정동부번코드><법정동시군구코드>11410</법정동시군구코드><법정동읍면동코드>12000</법정동읍면동코드><법정동지번코드>1</법정동지번코드><아파트>DMC파크뷰자이1단지</아파트><월>9</월><일>23</일><일련번호>11410-4479</일련번호><전용면적>84.971</전용면적><중개사소재지>서울 서대문구</중개사소재지><지번>385</지번><지역코드>11410</지역코드><층>13</층><해제사유발생일> </해제사유발생일><해제여부> </해제여부></item><item><거래금액>    82,000</거래금액><거래유형>중개거래</거래유형><건축년도>2000</건축년도><년>2022</년><도로명>증가로</도로명><도로명건물본번호코드>00191</도로명건물본번호코드><도로명건물부번호코드>00000</도로명건물부번호코드><도로명시군구코드>11410</도로명시군구코드><도로명일련번호코드>03</도로명일련번호코드><도로명지상지하코드>0</도로명지상지하코드><도로명코드>3112010</도로명코드><법정동> 남가좌동</법정동><법정동본번코드>0377</법정동본번코드><법정동부번코드>0000</법정동부번코드><법정동시군구코드>11410</법정동시군구코드><법정동읍면동코드>12000</법정동읍면동코드><법정동지번코드>1</법정동지번코드><아파트>DMC래미안클라시스</아파트><월>9</월><일>24</일><일련번호>11410-102</일련번호><전용면적>59.93</전용면적><중개사소재지>서울 서대문구</중개사소재지><지번>377</지번><지역코드>11410</지역코드><층>2</층><해제사유발생일> </해제사유발생일><해제여부> </해제여부></item><item><거래금액>   101,000</거래금액><거래유형>중개거래</거래유형><건축년도>2000</건축년도><년>2022</년><도로명>증가로</도로명><도로명건물본번호코드>00191</도로명건물본번호코드><도로명건물부번호코드>00000</도로명건물부번호코드><도로명시군구코드>11410</도로명시군구코드><도로명일련번호코드>03</도로명일련번호코드><도로명지상지하코드>0</도로명지상지하코드><도로명코드>3112010</도로명코드><법정동> 남가좌동</법정동><법정동본번코드>0377</법정동본번코드><법정동부번코드>0000</법정동부번코드><법정동시군구코드>11410</법정동시군구코드><법정동읍면동코드>12000</법정동읍면동코드><법정동지번코드>1</법정동지번코드><아파트>DMC래미안클라시스</아파트><월>9</월><일>24</일><일련번호>11410-102</일련번호><전용면적>114.93</전용면적><중개사소재지>서울 서대문구</중개사소재지><지번>377</지번><지역코드>11410</지역코드><층>2</층><해제사유발생일> </해제사유발생일><해제여부> </해제여부></item><item><거래금액>    96,500</거래금액><거래유형>중개거래</거래유형><건축년도>2020</건축년도><년>2022</년><도로명>거북골로</도로명><도로명건물본번호코드>00100</도로명건물본번호코드><도로명건물부번호코드>00000</도로명건물부번호코드><도로명시군구코드>11410</도로명시군구코드><도로명일련번호코드>03</도로명일련번호코드><도로명지상지하코드>0</도로명지상지하코드><도로명코드>3112003</도로명코드><법정동> 남가좌동</법정동><법정동본번코드>0390</법정동본번코드><법정동부번코드>0000</법정동부번코드><법정동시군구코드>11410</법정동시군구코드><법정동읍면동코드>12000</법정동읍면동코드><법정동지번코드>1</법정동지번코드><아파트>래미안루센티아</아파트><월>9</월><일>24</일><일련번호>11410-4824</일련번호><전용면적>59.98</전용면적><중개사소재지>서울 서대문구</중개사소재지><지번>390</지번><지역코드>11410</지역코드><층>5</층><해제사유발생일>22.10.26</해제사유발생일><해제여부>O</해제여부></item></items><numOfRows>999</numOfRows><pageNo>1</pageNo><totalCount>16</totalCount></body></response>