<?xml version="1.0" encoding="UTF-8" standalone="yes"?><response><header><resultCode>00</resultCode><resultMsg>NORMAL SERVICE.</resultMsg></header><body><items><item><거래금액>   100,000</거래금액><거래유형>직거래</거래유형><건축년도>1998</건축년도><년>2022</년><도로명>독립문공원길</도로명><도로명건물본번호코드>00017</도로명건물본번호코드><도로명건물부번호코드>00000</도로명건물부번호코드><도로명시군구코드>11410</도로명시군구코드><도로명일련번호코드>01</도로명일련번호코드><도로명지상지하코드>0</도로명지상지하코드><도로명코드>4136461</도로명코드><법정동> 현저동</법정동><법정동본번코드>0200</법정동본번코드><법정동부번코드>0000</법정동부번코드><법정동시군구코드>11410</법정동시군구코드><법정동읍면동코드>10900</법정동읍면동코드><법정동지번코드>1</법정동지번코드><아파트>독립문극동(200-0)</아파트><월>12</월><일>21</일><일련번호>11410-10</일련번호><전용면적>102.45</전용면적><중개사소재지> </중개사소재지><지번>200</지번><지역코드>11410</지역코드><층>22</층><해제사유발생일> </해제사유발생일><해제여부> </해제여부></item><item><거래금액>   150,000</거래금액><거래유형>중개거래</거래유형><건축년도>2018</건축년도><년>2022</년><도로명>신촌로35길</도로명><도로명건물본번호코드>00010</도로명건물본번호코드><도로명건물부번호코드>00000</도로명건물부번호코드><도로명시군구코드>11410</도로명시군구코드><도로명일련번호코드>01</도로명일련번호코드><도로명지상지하코드>0</도로명지상지하코드><도로명코드>4136219</도로명코드><법정동> 북아현동</법정동><법정동본번코드>1013</법정동본번코드><법정동부번코드>0000</법정동부번코드><법정동시군구코드>11410</법정동시군구코드><법정동읍면동코드>11000</법정동읍면동코드><법정동지번코드>1</법정동지번코드><아파트>이편한세상신촌(4단지)</아파트><월>12</월><일>3</일><일련번호>11410-4645</일련번호><전용면적>84.89</전용면적><중개사소재지>서울 서대문구</중개사소재지><지번>1013</지번><지역코드>11410</지역코드><층>19</층><해제사유발생일> </해제사유발생일><해제여부> </해제여부></item><item><거래금액>    68,000</거래금액><거래유형>중개거래</거래유형><건축년도>1999</건축년도><년>2022</년><도로명>이화여대8길</도로명><도로명건물본번호코드>00062</도로명건물본번호코드><도로명건물부번호코드>00000</도로명건물부번호코드><도로명시군구코드>11410</도로명시군구코드><도로명일련번호코드>01</도로명일련번호코드><도로명지상지하코드>0</도로명지상지하코드><도로명코드>4136321</도로명코드><법정동> 북아현동</법정동><법정동본번코드>1009</법정동본번코드><법정동부번코드>0000</법정동부번코드><법정동시군구코드>11410</법정동시군구코드><법정동읍면동코드>11000</법정동읍면동코드><법정동지번코드>1</법정동지번코드><아파트>두산</아파트><월>12</월><일>7</일><일련번호>11410-13</일련번호><전용면적>59.96</전용면적><중개사소재지>서울 서대문구</중개사소재지><지번>1009</지번><지역코드>11410</지역코드><층>14</층><해제사유발생일> </해제사유발생일><해제여부> </해제여부></item><item><거래금액>   117,000</거래금액><거래유형>중개거래</거래유형><건축년도>2018</건축년도><년>2022</년><도로명>북아현로</도로명><도로명건물본번호코드>00029</도로명건물본번호코드><도로명건물부번호코드>00000</도로명건물부번호코드><도로명시군구코드>11410</도로명시군구코드><도로명일련번호코드>01</도로명일련번호코드><도로명지상지하코드>0</도로명지상지하코드><도로명코드>3112006</도로명코드><법정동> 북아현동</법정동><법정동본번코드>0149</법정동본번코드><법정동부번코드>0000</법정동부번코드><법정동시군구코드>11410</법정동시군구코드><법정동읍면동코드>11000</법정동읍면동코드><법정동지번코드>1</법정동지번코드><아파트>e편한세상신촌3단지</아파트><월>12</월><일>14</일><일련번호>11410-4617</일련번호><전용면적>59.97</전용면적><중개사소재지>서울 서대문구</중개사소재지><지번>149</지번><지역코드>11410</지역코드><층>16</층><해제사유발생일> </해제사유발생일><해제여부> </해제여부></item><item><거래금액>    65,000</거래금액><거래유형>중개거래</거래유형><건축년도>1999</건축년도><년>2022</년><도로명>이화여대8길</도로명><도로명건물본번호코드>00062</도로명건물본번호코드><도로명건물부번호코드>00000</도로명건물부번호코드><도로명시군구코드>11410</도로명시군구코드><도로명일련번호코드>01</도로명일련번호코드><도로명지상지하코드>0</도로명지상지하코드><도로명코드>4136321</도로명코드><법정동> 북아현동</법정동><법정동본번코드>1009</법정동본번코드><법정동부번코드>0000</법정동부번코드><법정동시군구코드>11410</법정동시군구코드><법정동읍면동코드>11000</법정동읍면동코드><법정동지번코드>1</법정동지번코드><아파트>두산</아파트><월>12</월><일>24</일><일련번호>11410-13</일련번호><전용면적>59.96</전용면적><중개사소재지>서울 서대문구</중개사소재지><지번>1009</지번><지역코드>11410</지역코드><층>2</층><해제사유발생일> </해제사유발생일><해제여부> </해제여부></item><item><거래금액>    79,700</거래금액><거래유형>중개거래</거래유형><건축년도>1993</건축년도><년>2022</년><도로명>통일로25길</도로명><도로명건물본번호코드>00030</도로명건물본번호코드><도로명건물부번호코드>00000</도로명건물부번호코드><도로명시군구코드>11410</도로명시군구코드><도로명일련번호코드>01</도로명일련번호코드><도로명지상지하코드>0</도로명지상지하코드><도로명코드>4136379</도로명코드><법정동> 홍제동</법정동><법정동본번코드>0082</법정동본번코드><법정동부번코드>0000</법정동부번코드><법정동시군구코드>11410</법정동시군구코드><법정동읍면동코드>11100</법정동읍면동코드><법정동지번코드>1</법정동지번코드><아파트>홍제한양</아파트><월>12</월><일>6</일><일련번호>11410-67</일련번호><전용면적>84.77</전용면적><중개사소재지>서울 서대문구</중개사소재지><지번>82</지번><지역코드>11410</지역코드><층>12</층><해제사유발생일> </해제사유발생일><해제여부> </해제여부></item><item><거래금액>    58,900</거래금액><거래유형>중개거래</거래유형><건축년도>1996</건축년도><년>2022</년><도로명>세무서2길</도로명><도로명건물본번호코드>00064</도로명건물본번호코드><도로명건물부번호코드>00000</도로명건물부번호코드><도로명시군구코드>11410</도로명시군구코드><도로명일련번호코드>01</도로명일련번호코드><도로명지상지하코드>0</도로명지상지하코드><도로명코드>4136185</도로명코드><법정동> 홍제동</법정동><법정동본번코드>0455</법정동본번코드><법정동부번코드>0000</법정동부번코드><법정동시군구코드>11410</법정동시군구코드><법정동읍면동코드>11100</법정동읍면동코드><법정동지번코드>1</법정동지번코드><아파트>현대그린</아파트><월>12</월><일>10</일><일련번호>11410-69</일련번호><전용면적>84.96</전용면적><중개사소재지>서울 서대문구</중개사소재지><지번>455</지번><지역코드>11410</지역코드><층>12</층><해제사유발생일> </해제사유발생일><해제여부> </해제여부></item><item><거래금액>    90,000</거래금액><거래유형>중개거래</거래유형><건축년도>2020</건축년도><년>2022</년><도로명>통일로</도로명><도로명건물본번호코드>00395</도로명건물본번호코드><도로명건물부번호코드>00000</도로명건물부번호코드><도로명시군구코드>11410</도로명시군구코드><도로명일련번호코드>08</도로명일련번호코드><도로명지상지하코드>0</도로명지상지하코드><도로명코드>3000008</도로명코드><법정동> 홍제동</법정동><법정동본번코드>0473</법정동본번코드><법정동부번코드>0000</법정동부번코드><법정동시군구코드>11410</법정동시군구코드><법정동읍면동코드>11100</법정동읍면동코드><법정동지번코드>1</법정동지번코드><아파트>홍제센트럴IPARK</아파트><월>12</월><일>14</일><일련번호>11410-4769</일련번호><전용면적>84.9644</전용면적><중개사소재지>서울 서대문구</중개사소재지><지번>473</지번><지역코드>11410</지역코드><층>6</층><해제사유발생일> </해제사유발생일><해제여부> </해제여부></item><item><거래금액>    40,500</거래금액><거래유형>중개거래</거래유형><건축년도>1998</건축년도><년>2022</년><도로명>세검정로3길</도로명><도로명건물본번호코드>00063</도로명건물본번호코드><도로명건물부번호코드>00000</도로명건물부번호코드><도로명시군구코드>11410</도로명시군구코드><도로명일련번호코드>01</도로명일련번호코드><도로명지상지하코드>0</도로명지상지하코드><도로명코드>4136177</도로명코드><법정동> 홍제동</법정동><법정동본번코드>0373</법정동본번코드><법정동부번코드>0000</법정동부번코드><법정동시군구코드>11410</법정동시군구코드><법정동읍면동코드>11100</법정동읍면동코드><법정동지번코드>1</법정동지번코드><아파트>태영으뜸(데시앙)</아파트><월>12</월><일>17</일><일련번호>11410-56</일련번호><전용면적>48.97</전용면적><중개사소재지>서울 서대문구</중개사소재지><지번>373</지번><지역코드>11410</지역코드><층>9</층><해제사유발생일> </해제사유발생일><해제여부> </해제여부></item><item><거래금액>    38,500</거래금액><거래유형>직거래</거래유형><건축년도>1971</건축년도><년>2022</년><도로명>통일로39길</도로명><도로명건물본번호코드>00025</도로명건물본번호코드><도로명건물부번호코드>00000</도로명건물부번호코드><도로명시군구코드>11410</도로명시군구코드><도로명일련번호코드>01</도로명일련번호코드><도로명지상지하코드>0</도로명지상지하코드><도로명코드>4136397</도로명코드><법정동> 홍제동</법정동><법정동본번코드>0307</법정동본번코드><법정동부번코드>0009</법정동부번코드><법정동시군구코드>11410</법정동시군구코드><법정동읍면동코드>11100</법정동읍면동코드><법정동지번코드>1</법정동지번코드><아파트>홍제맨션</아파트><월>12</월><일>22</일><일련번호>11410-72</일련번호><전용면적>88.72</전용면적><중개사소재지> </중개사소재지><지번>307-9</지번><지역코드>11410</지역코드><층>2</층><해제사유발생일> </해제사유발생일><해제여부> </해제여부></item><item><거래금액>    53,459</거래금액><거래유형>직거래</거래유형><건축년도>1974</건축년도><년>2022</년><도로명>통일로32길</도로명><도로명건물본번호코드>00014</도로명건물본번호코드><도로명건물부번호코드>00000</도로명건물부번호코드><도로명시군구코드>11410</도로명시군구코드><도로명일련번호코드>01</도로명일련번호코드><도로명지상지하코드>0</도로명지상지하코드><도로명코드>4136385</도로명코드><법정동> 홍제동</법정동><법정동본번코드>0104</법정동본번코드><법정동부번코드>0006</법정동부번코드><법정동시군구코드>11410</법정동시군구코드><법정동읍면동코드>11100</법정동읍면동코드><법정동지번코드>1</법정동지번코드><아파트>인왕궁맨숀</아파트><월>12</월><일>30</일><일련번호>11410-58</일련번호><전용면적>54.02</전용면적><중개사소재지> </중개사소재지><지번>104-6</지번><지역코드>11410</지역코드><층>2</층><해제사유발생일> </해제사유발생일><해제여부> </해제여부></item><item><거래금액>    24,700</거래금액><거래유형>중개거래</거래유형><건축년도>2020</건축년도><년>2022</년><도로명>신촌로</도로명><도로명건물본번호코드>00163</도로명건물본번호코드><도로명건물부번호코드>00000</도로명건물부번호코드><도로명시군구코드>11410</도로명시군구코드><도로명일련번호코드>00</도로명일련번호코드><도로명지상지하코드>0</도로명지상지하코드><도로명코드>3005057</도로명코드><법정동> 대현동</법정동><법정동본번코드>0090</법정동본번코드><법정동부번코드>0070</법정동부번코드><법정동시군구코드>11410</법정동시군구코드><법정동읍면동코드>11200</법정동읍면동코드><법정동지번코드>1</법정동지번코드><아파트>파라타워</아파트><월>12</월><일>4</일><일련번호>11410-4847</일련번호><전용면적>15.792</전용면적><중개사소재지>서울 서대문구</중개사소재지><지번>90-70</지번><지역코드>11410</지역코드><층>5</층><해제사유발생일> </해제사유발생일><해제여부> </해제여부></item><item><거래금액>    12,300</거래금액><거래유형>중개거래</거래유형><건축년도>2014</건축년도><년>2022</년><도로명>연희로5길</도로명><도로명건물본번호코드>00054</도로명건물본번호코드><도로명건물부번호코드>00011</도로명건물부번호코드><도로명시군구코드>11410</도로명시군구코드><도로명일련번호코드>01</도로명일련번호코드><도로명지상지하코드>0</도로명지상지하코드><도로명코드>4136303</도로명코드><법정동> 연희동</법정동><법정동본번코드>0746</법정동본번코드><법정동부번코드>0000</법정동부번코드><법정동시군구코드>11410</법정동시군구코드><법정동읍면동코드>11700</법정동읍면동코드><법정동지번코드>1</법정동지번코드><아파트>연희웨스트팰리스</아파트><월>12</월><일>14</일><일련번호>11410-4269</일련번호><전용면적>13.12</전용면적><중개사소재지>서울 서대문구</중개사소재지><지번>746</지번><지역코드>11410</지역코드><층>2</층><해제사유발생일> </해제사유발생일><해제여부> </해제여부></item><item><거래금액>   123,000</거래금액><거래유형>중개거래</거래유형><건축년도>2001</건축년도><년>2022</년><도로명>연희로32길</도로명><도로명건물본번호코드>00048</도로명건물본번호코드><도로명건물부번호코드>00000</도로명건물부번호코드><도로명시군구코드>11410</도로명시군구코드><도로명일련번호코드>01</도로명일련번호코드><도로명지상지하코드>0</도로명지상지하코드><도로명코드>4136283</도로명코드><법정동> 연희동</법정동><법정동본번코드>0740</법정동본번코드><법정동부번코드>0000</법정동부번코드><법정동시군구코드>11410</법정동시군구코드><법정동읍면동코드>11700</법정동읍면동코드><법정동지번코드>1</법정동지번코드><아파트>성원</아파트><월>12</월><일>27</일><일련번호>11410-30</일련번호><전용면적>135.2</전용면적><중개사소재지>서울 서대문구</중개사소재지><지번>740</지번><지역코드>11410</지역코드><층>14</층><해제사유발생일> </해제사유발생일><해제여부> </해제여부></item><item><거래금액>    65,600</거래금액><거래유형>직거래</거래유형><건축년도>1997</건축년도><년>2022</년><도로명>세검정로1길</도로명><도로명건물본번호코드>00095</도로명건물본번호코드><도로명건물부번호코드>00000</도로명건물부번호코드><도로명시군구코드>11410</도로명시군구코드><도로명일련번호코드>01</도로명일련번호코드><도로명지상지하코드>0</도로명지상지하코드><도로명코드>4136176</도로명코드><법정동> 홍은동</법정동><법정동본번코드>0455</법정동본번코드><법정동부번코드>0000</법정동부번코드><법정동시군구코드>11410</법정동시군구코드><법정동읍면동코드>11800</법정동읍면동코드><법정동지번코드>1</법정동지번코드><아파트>홍은동벽산</아파트><월>12</월><일>15</일><일련번호>11410-85</일련번호><전용면적>84.78</전용면적><중개사소재지> </중개사소재지><지번>455</지번><지역코드>11410</지역코드><층>4</층><해제사유발생일> </해제사유발생일><해제여부> </해제여부></item><item><거래금액>   103,000</거래금액><거래유형>중개거래</거래유형><건축년도>2017</건축년도><년>2022</년><도로명>통일로</도로명><도로명건물본번호코드>00510</도로명건물본번호코드><도로명건물부번호코드>00000</도로명건물부번호코드><도로명시군구코드>11410</도로명시군구코드><도로명일련번호코드>09</도로명일련번호코드><도로명지상지하코드>0</도로명지상지하코드><도로명코드>3000008</도로명코드><법정동> 홍은동</법정동><법정동본번코드>0464</법정동본번코드><법정동부번코드>0000</법정동부번코드><법정동시군구코드>11410</법정동시군구코드><법정동읍면동코드>11800</법정동읍면동코드><법정동지번코드>1</법정동지번코드><아파트>북한산더샵</아파트><월>12</월><일>17</일><일련번호>11410-4702</일련번호><전용면적>84.832</전용면적><중개사소재지>서울 서대문구</중개사소재지><지번>464</지번><지역코드>11410</지역코드><층>17</층><해제사유발생일> </해제사유발생일><해제여부> </해제여부></item><item><거래금액>    60,500</거래금액><거래유형>중개거래</거래유형><건축년도>1990</건축년도><년>2022</년><도로명>세검정로1길</도로명><도로명건물본번호코드>00035</도로명건물본번호코드><도로명건물부번호코드>00000</도로명건물부번호코드><도로명시군구코드>11410</도로명시군구코드><도로명일련번호코드>01</도로명일련번호코드><도로명지상지하코드>0</도로명지상지하코드><도로명코드>4136176</도로명코드><법정동> 홍은동</법정동><법정동본번코드>0453</법정동본번코드><법정동부번코드>0002</법정동부번코드><법정동시군구코드>11410</법정동시군구코드><법정동읍면동코드>11800</법정동읍면동코드><법정동지번코드>1</법정동지번코드><아파트>풍림2</아파트><월>12</월><일>23</일><일련번호>11410-93</일련번호><전용면적>66.69</전용면적><중개사소재지>서울 서대문구</중개사소재지><지번>453-2</지번><지역코드>11410</지역코드><층>13</층><해제사유발생일> </해제사유발생일><해제여부> </해제여부></item><item><거래금액>    69,000</거래금액><거래유형>직거래</거래유형><건축년도>2012</건축년도><년>2022</년><도로명>수색로</도로명><도로명건물본번호코드>00100</도로명건물본번호코드><도로명건물부번호코드>00000</도로명건물부번호코드><도로명시군구코드>11410</도로명시군구코드><도로명일련번호코드>01</도로명일련번호코드><도로명지상지하코드>0</도로명지상지하코드><도로명코드>3005054</도로명코드><법정동> 북가좌동</법정동><법정동본번코드>0481</법정동본번코드><법정동부번코드>0000</법정동부번코드><법정동시군구코드>11410</법정동시군구코드><법정동읍면동코드>11900</법정동읍면동코드><법정동지번코드>1</법정동지번코드><아파트>DMC래미안e편한세상</아파트><월>12</월><일>8</일><일련번호>11410-4085</일련번호><전용면적>84.92</전용면적><중개사소재지> </중개사소재지><지번>481</지번><지역코드>11410</지역코드><층>6</층><해제사유발생일> </해제사유발생일><해제여부> </해제여부></item><item><거래금액>   125,000</거래금액><거래유형>중개거래</거래유형><건축년도>2012</건축년도><년>2022</년><도로명>수색로</도로명><도로명건물본번호코드>00100</도로명건물본번호코드><도로명건물부번호코드>00000</도로명건물부번호코드><도로명시군구코드>11410</도로명시군구코드><도로명일련번호코드>01</도로명일련번호코드><도로명지상지하코드>0</도로명지상지하코드><도로명코드>3005054</도로명코드><법정동> 북가좌동</법정동><법정동본번코드>0481</법정동본번코드><법정동부번코드>0000</법정동부번코드><법정동시군구코드>11410</법정동시군구코드><법정동읍면동코드>11900</법정동읍면동코드><법정동지번코드>1</법정동지번코드><아파트>DMC래미안e편한세상</아파트><월>12</월><일>26</일><일련번호>11410-4085</일련번호><전용면적>120.95</전용면적><중개사소재지>서울 서대문구</중개사소재지><지번>481</지번><지역코드>11410</지역코드><층>9</층><해제사유발생일> </해제사유발생일><해제여부> </해제여부></item><item><거래금액>    85,000</거래금액><거래유형>중개거래</거래유형><건축년도>1999</건축년도><년>2022</년><도로명>가재울로</도로명><도로명건물본번호코드>00045</도로명건물본번호코드><도로명건물부번호코드>00000</도로명건물부번호코드><도로명시군구코드>11410</도로명시군구코드><도로명일련번호코드>01</도로명일련번호코드><도로명지상지하코드>0</도로명지상지하코드><도로명코드>3112001</도로명코드><법정동> 남가좌동</법정동><법정동본번코드>0376</법정동본번코드><법정동부번코드>0000</법정동부번코드><법정동시군구코드>11410</법정동시군구코드><법정동읍면동코드>12000</법정동읍면동코드><법정동지번코드>1</법정동지번코드><아파트>남가좌동현대</아파트><월>12</월><일>2</일><일련번호>11410-104</일련번호><전용면적>84.78</전용면적><중개사소재지>서울 서대문구</중개사소재지><지번>376</지번><지역코드>11410</지역코드><층>13</층><해제사유발생일> </해제사유발생일><해제여부> </해제여부></item><item><거래금액>    89,000</거래금액><거래유형>중개거래</거래유형><건축년도>2020</건축년도><년>2022</년><도로명>거북골로</도로명><도로명건물본번호코드>00100</도로명건물본번호코드><도로명건물부번호코드>00000</도로명건물부번호코드><도로명시군구코드>11410</도로명시군구코드><도로명일련번호코드>03</도로명일련번호코드><도로명지상지하코드>0</도로명지상지하코드><도로명코드>3112003</도로명코드><법정동> 남가좌동</법정동><법정동본번코드>0390</법정동본번코드><법정동부번코드>0000</법정동부번코드><법정동시군구코드>11410</법정동시군구코드><법정동읍면동코드>12000</법정동읍면동코드><법정동지번코드>1</법정동지번코드><아파트>래미안루센티아</아파트><월>12</월><일>5</일><일련번호>11410-4824</일련번호><전용면적>59.98</전용면적><중개사소재지>서울 서대문구</중개사소재지><지번>390</지번><지역코드>11410</지역코드><층>5</층><해제사유발생일> </해제사유발생일><해제여부> </해제여부></item><item><거래금액>    85,000</거래금액><거래유형>직거래</거래유형><건축년도>2015</건축년도><년>2022</년><도로명>가재울미래로</도로명><도로명건물본번호코드>00002</도로명건물본번호코드><도로명건물부번호코드>00000</도로명건물부번호코드><도로명시군구코드>11410</도로명시군구코드><도로명일련번호코드>01</도로명일련번호코드><도로명지상지하코드>0</도로명지상지하코드><도로명코드>3351018</도로명코드><법정동> 남가좌동</법정동><법정동본번코드>0385</법정동본번코드><법정동부번코드>0000</법정동부번코드><법정동시군구코드>11410</법정동시군구코드><법정동읍면동코드>12000</법정동읍면동코드><법정동지번코드>1</법정동지번코드><아파트>DMC파크뷰자이1단지</아파트><월>12</월><일>14</일><일련번호>11410-4479</일련번호><전용면적>84.968</전용면적><중개사소재지> </중개사소재지><지번>385</지번><지역코드>11410</지역코드><층>16</층><해제사유발생일> </해제사유발생일><해제여부> </해제여부></item><item><거래금액>    84,000</거래금액><거래유형>중개거래</거래유형><건축년도>2019</건축년도><년>2022</년><도로명>거북골로</도로명><도로명건물본번호코드>00084</도로명건물본번호코드><도로명건물부번호코드>00000</도로명건물부번호코드><도로명시군구코드>11410</도로명시군구코드><도로명일련번호코드>03</도로명일련번호코드><도로명코드>3112003</도로명코드><법정동> 남가좌동</법정동><법정동본번코드>0389</법정동본번코드><법정동부번코드>0000</법정동부번코드><법정동시군구코드>11410</법정동시군구코드><법정동읍면동코드>12000</법정동읍면동코드><법정동지번코드>1</법정동지번코드><아파트>DMC에코자이</아파트><월>12</월><일>21</일><일련번호>11410-4818</일련번호><전용면적>59.79</전용면적><중개사소재지>서울 서대문구</중개사소재지><지번>389</지번><지역코드>11410</지역코드><층>6</층><해제사유발생일> </해제사유발생일><해제여부> </해제여부></item><item><거래금액>    68,000</거래금액><거래유형>중개거래</거래유형><건축년도>2000</건축년도><년>2022</년><도로명>증가로</도로명><도로명건물본번호코드>00191</도로명건물본번호코드><도로명건물부번호코드>00000</도로명건물부번호코드><도로명시군구코드>11410</도로명시군구코드><도로명일련번호코드>03</도로명일련번호코드><도로명지상지하코드>0</도로명지상지하코드><도로명코드>3112010</도로명코드><법정동> 남가좌동</법정동><법정동본번코드>0377</법정동본번코드><법정동부번코드>0000</법정동부번코드><법정동시군구코드>11410</법정동시군구코드><법정동읍면동코드>12000</법정동읍면동코드><법정동지번코드>1</법정동지번코드><아파트>DMC래미안클라시스</아파트><월>12</월><일>24</일><일련번호>11410-102</일련번호><전용면적>59.97</전용면적><중개사소재지>서울 서대문구</중개사소재지><지번>377</지번><지역코드>11410</지역코드><층>11</층><해제사유발생일> </해제사유발생일><해제여부> </해제여부></item><item><거래금액>    91,500</거래금액><거래유형>중개거래</거래유형><건축년도>1999</건축년도><년>2022</년><도로명>가재울로</도로명><도로명건물본번호코드>00045</도로명건물본번호코드><도로명건물부번호코드>00000</도로명건물부번호코드><도로명시군구코드>11410</도로명시군구코드><도로명일련번호코드>01</도로명일련번호코드><도로명지상지하코드>0</도로명지상지하코드><도로명코드>3112001</도로명코드><법정동> 남가좌동</법정동><법정동본번코드>0376</법정동본번코드><법정동부번코드>0000</법정동부번코드><법정동시군구코드>11410</법정동시군구코드><법정동읍면동코드>12000</법정동읍면동코드><법정동지번코드>1</법정동지번코드><아파트>남가좌동현대</아파트><월>12</월><일>24</일><일련번호>11410-104</일련번호><전용면적>114.9</전용면적><중개사소재지>서울 서대문구</중개사소재지><지번>376</지번><지역코드>11410</지역코드><층>16</층><해제사유발생일> </해제사유발생일><해제여부> </해제여부></item><item><거래금액>    88,000</거래금액><거래유형>중개거래</거래유형><건축년도>2015</건축년도><년>2022</년><도로명>가재울미래로</도로명><도로명건물본번호코드>00002</도로명건물본번호코드><도로명건물부번호코드>00000</도로명건물부번호코드><도로명시군구코드>11410</도로명시군구코드><도로명일련번호코드>01</도로명일련번호코드><도로명지상지하코드>0</도로명지상지하코드><도로명코드>3351018</도로명코드><법정동> 남가좌동</법정동><법정동본번코드>0385</법정동본번코드><법정동부번코드>0000</법정동부번코드><법정동시군구코드>11410</법정동시군구코드><법정동읍면동코드>12000</법정동읍면동코드><법정동지번코드>1</법정동지번코드><아파트>DMC파크뷰자이1단지</아파트><월>12</월><일>24</일><일련번호>11410-4479</일련번호><전용면적>59.981</전용면적><중개사소재지>서울 서대문구</중개사소재지><지번>385</지번><지역코드>11410</지역코드><층>12</층><해제사유발생일> </해제사유발생일><해제여부> </해제여부></item></items><numOfRows>999</numOfRows><pageNo>1</pageNo><totalCount>26</totalCount></body></response>