<?xml version="1.0" encoding="UTF-8" standalone="yes"?><response><header><resultCode>00</resultCode><resultMsg>NORMAL SERVICE.</resultMsg></header><body><items><item><거래금액>    87,000</거래금액><거래유형>중개거래</거래유형><건축년도>1998</건축년도><년>2022</년><도로명>성북로4길</도로명><도로명건물본번호코드>00052</도로명건물본번호코드><도로명건물부번호코드>00000</도로명건물부번호코드><도로명시군구코드>11290</도로명시군구코드><도로명일련번호코드>02</도로명일련번호코드><도로명지상지하코드>0</도로명지상지하코드><도로명코드>4121351</도로명코드><법정동> 돈암동</법정동><법정동본번코드>0609</법정동본번코드><법정동부번코드>0001</법정동부번코드><법정동시군구코드>11290</법정동시군구코드><법정동읍면동코드>10300</법정동읍면동코드><법정동지번코드>1</법정동지번코드><아파트>한신</아파트><월>10</월><일>3</일><일련번호>11290-19</일련번호><전용면적>84.87</전용면적><중개사소재지>서울 성북구</중개사소재지><지번>609-1</지번><지역코드>11290</지역코드><층>7</층><해제사유발생일> </해제사유발생일><해제여부> </해제여부></item><item><거래금액>   109,300</거래금액><거래유형>중개거래</거래유형><건축년도>2003</건축년도><년>2022</년><도로명>정릉로</도로명><도로명건물본번호코드>00388</도로명건물본번호코드><도로명건물부번호코드>00000</도로명건물부번호코드><도로명시군구코드>11290</도로명시군구코드><도로명일련번호코드>01</도로명일련번호코드><도로명지상지하코드>0</도로명지상지하코드><도로명코드>3107014</도로명코드><법정동> 돈암동</법정동><법정동본번코드>0633</법정동본번코드><법정동부번코드>0000</법정동부번코드><법정동시군구코드>11290</법정동시군구코드><법정동읍면동코드>10300</법정동읍면동코드><법정동지번코드>1</법정동지번코드><아파트>동부센트레빌</아파트><월>10</월><일>7</일><일련번호>11290-22</일련번호><전용면적>115.51</전용면적><중개사소재지>서울 성북구</중개사소재지><지번>633</지번><지역코드>11290</지역코드><층>18</층><해제사유발생일> </해제사유발생일><해제여부> </해제여부></item><item><거래금액>    75,000</거래금액><거래유형>중개거래</거래유형><건축년도>2006</건축년도><년>2022</년><도로명>아리랑로5길</도로명><도로명건물본번호코드>00085</도로명건물본번호코드><도로명건물부번호코드>00000</도로명건물부번호코드><도로명시군구코드>11290</도로명시군구코드><도로명일련번호코드>01</도로명일련번호코드><도로명지상지하코드>0</도로명지상지하코드><도로명코드>4121416</도로명코드><법정동> 돈암동</법정동><법정동본번코드>0603</법정동본번코드><법정동부번코드>0000</법정동부번코드><법정동시군구코드>11290</법정동시군구코드><법정동읍면동코드>10300</법정동읍면동코드><법정동지번코드>1</법정동지번코드><아파트>돈암동더샵아파트</아파트><월>10</월><일>7</일><일련번호>11290-3475</일련번호><전용면적>84.817</전용면적><중개사소재지>서울 성북구</중개사소재지><지번>603</지번><지역코드>11290</지역코드><층>9</층><해제사유발생일>23.02.10</해제사유발생일><해제여부>O</해제여부></item><item><거래금액>    73,000</거래금액><거래유형>중개거래</거래유형><건축년도>1998</건축년도><년>2022</년><도로명>성북로4길</도로명><도로명건물본번호코드>00052</도로명건물본번호코드><도로명건물부번호코드>00000</도로명건물부번호코드><도로명시군구코드>11290</도로명시군구코드><도로명일련번호코드>02</도로명일련번호코드><도로명지상지하코드>0</도로명지상지하코드><도로명코드>4121351</도로명코드><법정동> 돈암동</법정동><법정동본번코드>0609</법정동본번코드><법정동부번코드>0001</법정동부번코드><법정동시군구코드>11290</법정동시군구코드><법정동읍면동코드>10300</법정동읍면동코드><법정동지번코드>1</법정동지번코드><아파트>한진(609-1)</아파트><월>10</월><일>18</일><일련번호>11290-20</일련번호><전용면적>84.87</전용면적><중개사소재지>서울 성북구</중개사소재지><지번>609-1</지번><지역코드>11290</지역코드><층>20</층><해제사유발생일>23.01.27</해제사유발생일><해제여부>O</해제여부></item><item><거래금액>   100,000</거래금액><거래유형>중개거래</거래유형><건축년도>2006</건축년도><년>2022</년><도로명>보문로38길</도로명><도로명건물본번호코드>00011</도로명건물본번호코드><도로명건물부번호코드>00000</도로명건물부번호코드><도로명시군구코드>11290</도로명시군구코드><도로명일련번호코드>01</도로명일련번호코드><도로명지상지하코드>0</도로명지상지하코드><도로명코드>4121225</도로명코드><법정동> 동소문동5가</법정동><법정동본번코드>0120</법정동본번코드><법정동부번코드>0000</법정동부번코드><법정동시군구코드>11290</법정동시군구코드><법정동읍면동코드>10800</법정동읍면동코드><법정동지번코드>1</법정동지번코드><아파트>돈암동일하이빌</아파트><월>10</월><일>27</일><일련번호>11290-3476</일련번호><전용면적>84.958</전용면적><중개사소재지>서울 성북구</중개사소재지><지번>120</지번><지역코드>11290</지역코드><층>9</층><해제사유발생일> </해제사유발생일><해제여부> </해제여부></item><item><거래금액>    89,500</거래금액><거래유형>중개거래</거래유형><건축년도>2008</건축년도><년>2022</년><도로명>보문로29다길</도로명><도로명건물본번호코드>00031</도로명건물본번호코드><도로명건물부번호코드>00000</도로명건물부번호코드><도로명시군구코드>11290</도로명시군구코드><도로명일련번호코드>01</도로명일련번호코드><도로명지상지하코드>0</도로명지상지하코드><도로명코드>4121210</도로명코드><법정동> 삼선동2가</법정동><법정동본번코드>0425</법정동본번코드><법정동부번코드>0000</법정동부번코드><법정동시군구코드>11290</법정동시군구코드><법정동읍면동코드>11200</법정동읍면동코드><법정동지번코드>1</법정동지번코드><아파트>삼선푸르지오</아파트><월>10</월><일>22</일><일련번호>11290-3576</일련번호><전용면적>84.83</전용면적><중개사소재지>서울 성북구</중개사소재지><지번>425</지번><지역코드>11290</지역코드><층>12</층><해제사유발생일> </해제사유발생일><해제여부> </해제여부></item><item><거래금액>   102,000</거래금액><거래유형>중개거래</거래유형><건축년도>2017</건축년도><년>2022</년><도로명>보문사길</도로명><도로명건물본번호코드>00111</도로명건물본번호코드><도로명건물부번호코드>00000</도로명건물부번호코드><도로명시군구코드>11290</도로명시군구코드><도로명일련번호코드>01</도로명일련번호코드><도로명지상지하코드>0</도로명지상지하코드><도로명코드>4121804</도로명코드><법정동> 보문동6가</법정동><법정동본번코드>0458</법정동본번코드><법정동부번코드>0000</법정동부번코드><법정동시군구코드>11290</법정동시군구코드><법정동읍면동코드>12800</법정동읍면동코드><법정동지번코드>1</법정동지번코드><아파트>보문파크뷰자이</아파트><월>10</월><일>28</일><일련번호>11290-4536</일련번호><전용면적>59.81</전용면적><중개사소재지>서울 성북구</중개사소재지><지번>458</지번><지역코드>11290</지역코드><층>11</층><해제사유발생일> </해제사유발생일><해제여부> </해제여부></item><item><거래금액>    19,300</거래금액><거래유형>직거래</거래유형><건축년도>2022</건축년도><년>2022</년><도로명>정릉로</도로명><도로명건물본번호코드>00262</도로명건물본번호코드><도로명건물부번호코드>00000</도로명건물부번호코드><도로명시군구코드>11290</도로명시군구코드><도로명일련번호코드>00</도로명일련번호코드><도로명코드>3107014</도로명코드><법정동> 정릉동</법정동><법정동본번코드>0150</법정동본번코드><법정동부번코드>0027</법정동부번코드><법정동시군구코드>11290</법정동시군구코드><법정동읍면동코드>13300</법정동읍면동코드><법정동지번코드>1</법정동지번코드><아파트>갤럭시더정릉</아파트><월>10</월><일>3</일><일련번호>11290-5117</일련번호><전용면적>12.85</전용면적><중개사소재지> </중개사소재지><지번>150-27</지번><지역코드>11290</지역코드><층>10</층><해제사유발생일> </해제사유발생일><해제여부> </해제여부></item><item><거래금액>    19,300</거래금액><거래유형>직거래</거래유형><건축년도>2022</건축년도><년>2022</년><도로명>정릉로</도로명><도로명건물본번호코드>00262</도로명건물본번호코드><도로명건물부번호코드>00000</도로명건물부번호코드><도로명시군구코드>11290</도로명시군구코드><도로명일련번호코드>00</도로명일련번호코드><도로명코드>3107014</도로명코드><법정동> 정릉동</법정동><법정동본번코드>0150</법정동본번코드><법정동부번코드>0027</법정동부번코드><법정동시군구코드>11290</법정동시군구코드><법정동읍면동코드>13300</법정동읍면동코드><법정동지번코드>1</법정동지번코드><아파트>갤럭시더정릉</아파트><월>10</월><일>5</일><일련번호>11290-5117</일련번호><전용면적>12.33</전용면적><중개사소재지> </중개사소재지><지번>150-27</지번><지역코드>11290</지역코드><층>9</층><해제사유발생일>22.12.12</해제사유발생일><해제여부>O</해제여부></item><item><거래금액>    19,300</거래금액><거래유형>직거래</거래유형><건축년도>2022</건축년도><년>2022</년><도로명>정릉로</도로명><도로명건물본번호코드>00262</도로명건물본번호코드><도로명건물부번호코드>00000</도로명건물부번호코드><도로명시군구코드>11290</도로명시군구코드><도로명일련번호코드>00</도로명일련번호코드><도로명코드>3107014</도로명코드><법정동> 정릉동</법정동><법정동본번코드>0150</법정동본번코드><법정동부번코드>0027</법정동부번코드><법정동시군구코드>11290</법정동시군구코드><법정동읍면동코드>13300</법정동읍면동코드><법정동지번코드>1</법정동지번코드><아파트>갤럭시더정릉</아파트><월>10</월><일>5</일><일련번호>11290-5117</일련번호><전용면적>12.85</전용면적><중개사소재지> </중개사소재지><지번>150-27</지번><지역코드>11290</지역코드><층>9</층><해제사유발생일> </해제사유발생일><해제여부> </해제여부></item><item><거래금액>    69,000</거래금액><거래유형>중개거래</거래유형><건축년도>2001</건축년도><년>2022</년><도로명>보국문로30길</도로명><도로명건물본번호코드>00015</도로명건물본번호코드><도로명건물부번호코드>00000</도로명건물부번호코드><도로명시군구코드>11290</도로명시군구코드><도로명일련번호코드>01</도로명일련번호코드><도로명지상지하코드>0</도로명지상지하코드><도로명코드>4121167</도로명코드><법정동> 정릉동</법정동><법정동본번코드>1021</법정동본번코드><법정동부번코드>0000</법정동부번코드><법정동시군구코드>11290</법정동시군구코드><법정동읍면동코드>13300</법정동읍면동코드><법정동지번코드>1</법정동지번코드><아파트>대우</아파트><월>10</월><일>7</일><일련번호>11290-38</일련번호><전용면적>84.83</전용면적><중개사소재지>서울 성북구</중개사소재지><지번>1021</지번><지역코드>11290</지역코드><층>10</층><해제사유발생일> </해제사유발생일><해제여부> </해제여부></item><item><거래금액>    18,800</거래금액><거래유형>직거래</거래유형><건축년도>2022</건축년도><년>2022</년><도로명>정릉로</도로명><도로명건물본번호코드>00262</도로명건물본번호코드><도로명건물부번호코드>00000</도로명건물부번호코드><도로명시군구코드>11290</도로명시군구코드><도로명일련번호코드>00</도로명일련번호코드><도로명코드>3107014</도로명코드><법정동> 정릉동</법정동><법정동본번코드>0150</법정동본번코드><법정동부번코드>0027</법정동부번코드><법정동시군구코드>11290</법정동시군구코드><법정동읍면동코드>13300</법정동읍면동코드><법정동지번코드>1</법정동지번코드><아파트>갤럭시더정릉</아파트><월>10</월><일>9</일><일련번호>11290-5117</일련번호><전용면적>12.85</전용면적><중개사소재지> </중개사소재지><지번>150-27</지번><지역코드>11290</지역코드><층>5</층><해제사유발생일> </해제사유발생일><해제여부> </해제여부></item><item><거래금액>    18,500</거래금액><거래유형>직거래</거래유형><건축년도>2022</건축년도><년>2022</년><도로명>정릉로</도로명><도로명건물본번호코드>00262</도로명건물본번호코드><도로명건물부번호코드>00000</도로명건물부번호코드><도로명시군구코드>11290</도로명시군구코드><도로명일련번호코드>00</도로명일련번호코드><도로명코드>3107014</도로명코드><법정동> 정릉동</법정동><법정동본번코드>0150</법정동본번코드><법정동부번코드>0027</법정동부번코드><법정동시군구코드>11290</법정동시군구코드><법정동읍면동코드>13300</법정동읍면동코드><법정동지번코드>1</법정동지번코드><아파트>갤럭시더정릉</아파트><월>10</월><일>9</일><일련번호>11290-5117</일련번호><전용면적>12.32</전용면적><중개사소재지> </중개사소재지><지번>150-27</지번><지역코드>11290</지역코드><층>5</층><해제사유발생일> </해제사유발생일><해제여부> </해제여부></item><item><거래금액>    35,700</거래금액><거래유형>중개거래</거래유형><건축년도>2006</건축년도><년>2022</년><도로명>보국문로38길</도로명><도로명건물본번호코드>00034</도로명건물본번호코드><도로명건물부번호코드>00000</도로명건물부번호코드><도로명시군구코드>11290</도로명시군구코드><도로명일련번호코드>01</도로명일련번호코드><도로명지상지하코드>0</도로명지상지하코드><도로명코드>4121177</도로명코드><법정동> 정릉동</법정동><법정동본번코드>0822</법정동본번코드><법정동부번코드>0001</법정동부번코드><법정동시군구코드>11290</법정동시군구코드><법정동읍면동코드>13300</법정동읍면동코드><법정동지번코드>1</법정동지번코드><아파트>대원아파트</아파트><월>10</월><일>13</일><일련번호>11290-3478</일련번호><전용면적>79.05</전용면적><중개사소재지>서울 성북구</중개사소재지><지번>822-1</지번><지역코드>11290</지역코드><층>1</층><해제사유발생일> </해제사유발생일><해제여부> </해제여부></item><item><거래금액>    19,300</거래금액><거래유형>직거래</거래유형><건축년도>2022</건축년도><년>2022</년><도로명>정릉로</도로명><도로명건물본번호코드>00262</도로명건물본번호코드><도로명건물부번호코드>00000</도로명건물부번호코드><도로명시군구코드>11290</도로명시군구코드><도로명일련번호코드>00</도로명일련번호코드><도로명코드>3107014</도로명코드><법정동> 정릉동</법정동><법정동본번코드>0150</법정동본번코드><법정동부번코드>0027</법정동부번코드><법정동시군구코드>11290</법정동시군구코드><법정동읍면동코드>13300</법정동읍면동코드><법정동지번코드>1</법정동지번코드><아파트>갤럭시더정릉</아파트><월>10</월><일>15</일><일련번호>11290-5117</일련번호><전용면적>11.79</전용면적><중개사소재지> </중개사소재지><지번>150-27</지번><지역코드>11290</지역코드><층>10</층><해제사유발생일> </해제사유발생일><해제여부> </해제여부></item><item><거래금액>    18,800</거래금액><거래유형>직거래</거래유형><건축년도>2022</건축년도><년>2022</년><도로명>정릉로</도로명><도로명건물본번호코드>00262</도로명건물본번호코드><도로명건물부번호코드>00000</도로명건물부번호코드><도로명시군구코드>11290</도로명시군구코드><도로명일련번호코드>00</도로명일련번호코드><도로명코드>3107014</도로명코드><법정동> 정릉동</법정동><법정동본번코드>0150</법정동본번코드><법정동부번코드>0027</법정동부번코드><법정동시군구코드>11290</법정동시군구코드><법정동읍면동코드>13300</법정동읍면동코드><법정동지번코드>1</법정동지번코드><아파트>갤럭시더정릉</아파트><월>10</월><일>16</일><일련번호>11290-5117</일련번호><전용면적>12.33</전용면적><중개사소재지> </중개사소재지><지번>150-27</지번><지역코드>11290</지역코드><층>5</층><해제사유발생일> </해제사유발생일><해제여부> </해제여부></item><item><거래금액>    18,800</거래금액><거래유형>직거래</거래유형><건축년도>2022</건축년도><년>2022</년><도로명>정릉로</도로명><도로명건물본번호코드>00262</도로명건물본번호코드><도로명건물부번호코드>00000</도로명건물부번호코드><도로명시군구코드>11290</도로명시군구코드><도로명일련번호코드>00</도로명일련번호코드><도로명코드>3107014</도로명코드><법정동> 정릉동</법정동><법정동본번코드>0150</법정동본번코드><법정동부번코드>0027</법정동부번코드><법정동시군구코드>11290</법정동시군구코드><법정동읍면동코드>13300</법정동읍면동코드><법정동지번코드>1</법정동지번코드><아파트>갤럭시더정릉</아파트><월>10</월><일>16</일><일련번호>11290-5117</일련번호><전용면적>11.79</전용면적><중개사소재지> </중개사소재지><지번>150-27</지번><지역코드>11290</지역코드><층>5</층><해제사유발생일> </해제사유발생일><해제여부> </해제여부></item><item><거래금액>    70,000</거래금액><거래유형>중개거래</거래유형><건축년도>2008</건축년도><년>2022</년><도로명>보국문로</도로명><도로명건물본번호코드>00116</도로명건물본번호코드><도로명건물부번호코드>00000</도로명건물부번호코드><도로명시군구코드>11290</도로명시군구코드><도로명일련번호코드>01</도로명일련번호코드><도로명지상지하코드>0</도로명지상지하코드><도로명코드>3107004</도로명코드><법정동> 정릉동</법정동><법정동본번코드>1031</법정동본번코드><법정동부번코드>0000</법정동부번코드><법정동시군구코드>11290</법정동시군구코드><법정동읍면동코드>13300</법정동읍면동코드><법정동지번코드>1</법정동지번코드><아파트>정릉힐스테이트3차</아파트><월>10</월><일>17</일><일련번호>11290-3622</일련번호><전용면적>114.78</전용면적><중개사소재지>서울 성북구</중개사소재지><지번>1031</지번><지역코드>11290</지역코드><층>6</층><해제사유발생일> </해제사유발생일><해제여부> </해제여부></item><item><거래금액>   104,000</거래금액><거래유형>중개거래</거래유형><건축년도>2019</건축년도><년>2022</년><도로명>숭인로</도로명><도로명건물본번호코드>00050</도로명건물본번호코드><도로명건물부번호코드>00000</도로명건물부번호코드><도로명시군구코드>11290</도로명시군구코드><도로명일련번호코드>00</도로명일련번호코드><도로명코드>3005043</도로명코드><법정동> 길음동</법정동><법정동본번코드>0498</법정동본번코드><법정동부번코드>0000</법정동부번코드><법정동시군구코드>11290</법정동시군구코드><법정동읍면동코드>13400</법정동읍면동코드><법정동지번코드>1</법정동지번코드><아파트>래미안길음센터피스</아파트><월>10</월><일>5</일><일련번호>11290-4786</일련번호><전용면적>59.99</전용면적><중개사소재지>서울 성북구</중개사소재지><지번>498</지번><지역코드>11290</지역코드><층>20</층><해제사유발생일> </해제사유발생일><해제여부> </해제여부></item><item><거래금액>    82,000</거래금액><거래유형>중개거래</거래유형><건축년도>2007</건축년도><년>2022</년><도로명>길음로</도로명><도로명건물본번호코드>00016</도로명건물본번호코드><도로명건물부번호코드>00000</도로명건물부번호코드><도로명시군구코드>11290</도로명시군구코드><도로명일련번호코드>01</도로명일련번호코드><도로명지상지하코드>0</도로명지상지하코드><도로명코드>3107001</도로명코드><법정동> 길음동</법정동><법정동본번코드>1283</법정동본번코드><법정동부번코드>0000</법정동부번코드><법정동시군구코드>11290</법정동시군구코드><법정동읍면동코드>13400</법정동읍면동코드><법정동지번코드>1</법정동지번코드><아파트>길음뉴타운6단지(래미안)</아파트><월>10</월><일>11</일><일련번호>11290-3512</일련번호><전용면적>59.373</전용면적><중개사소재지>서울 성북구</중개사소재지><지번>1283</지번><지역코드>11290</지역코드><층>16</층><해제사유발생일> </해제사유발생일><해제여부> </해제여부></item><item><거래금액>    76,000</거래금액><거래유형>중개거래</거래유형><건축년도>2010</건축년도><년>2022</년><도로명>길음로</도로명><도로명건물본번호코드>00033</도로명건물본번호코드><도로명건물부번호코드>00000</도로명건물부번호코드><도로명시군구코드>11290</도로명시군구코드><도로명일련번호코드>01</도로명일련번호코드><도로명지상지하코드>0</도로명지상지하코드><도로명코드>3107001</도로명코드><법정동> 길음동</법정동><법정동본번코드>1284</법정동본번코드><법정동부번코드>0000</법정동부번코드><법정동시군구코드>11290</법정동시군구코드><법정동읍면동코드>13400</법정동읍면동코드><법정동지번코드>1</법정동지번코드><아파트>길음뉴타운8단지(래미안)</아파트><월>10</월><일>13</일><일련번호>11290-3807</일련번호><전용면적>59.99</전용면적><중개사소재지>서울 성북구</중개사소재지><지번>1284</지번><지역코드>11290</지역코드><층>1</층><해제사유발생일> </해제사유발생일><해제여부> </해제여부></item><item><거래금액>    73,700</거래금액><거래유형>중개거래</거래유형><건축년도>2003</건축년도><년>2022</년><도로명>숭인로2길</도로명><도로명건물본번호코드>00061</도로명건물본번호코드><도로명건물부번호코드>00000</도로명건물부번호코드><도로명시군구코드>11290</도로명시군구코드><도로명일련번호코드>01</도로명일련번호코드><도로명지상지하코드>0</도로명지상지하코드><도로명코드>4121400</도로명코드><법정동> 길음동</법정동><법정동본번코드>1278</법정동본번코드><법정동부번코드>0000</법정동부번코드><법정동시군구코드>11290</법정동시군구코드><법정동읍면동코드>13400</법정동읍면동코드><법정동지번코드>1</법정동지번코드><아파트>길음동동부센트레빌(1278-0)</아파트><월>10</월><일>15</일><일련번호>11290-56</일련번호><전용면적>84.844</전용면적><중개사소재지>서울 강북구, 서울 성북구</중개사소재지><지번>1278</지번><지역코드>11290</지역코드><층>3</층><해제사유발생일> </해제사유발생일><해제여부> </해제여부></item><item><거래금액>   100,000</거래금액><거래유형>중개거래</거래유형><건축년도>2019</건축년도><년>2022</년><도로명>숭인로</도로명><도로명건물본번호코드>00050</도로명건물본번호코드><도로명건물부번호코드>00000</도로명건물부번호코드><도로명시군구코드>11290</도로명시군구코드><도로명일련번호코드>00</도로명일련번호코드><도로명코드>3005043</도로명코드><법정동> 길음동</법정동><법정동본번코드>0498</법정동본번코드><법정동부번코드>0000</법정동부번코드><법정동시군구코드>11290</법정동시군구코드><법정동읍면동코드>13400</법정동읍면동코드><법정동지번코드>1</법정동지번코드><아파트>래미안길음센터피스</아파트><월>10</월><일>15</일><일련번호>11290-4786</일련번호><전용면적>59.99</전용면적><중개사소재지>서울 성북구</중개사소재지><지번>498</지번><지역코드>11290</지역코드><층>14</층><해제사유발생일> </해제사유발생일><해제여부> </해제여부></item><item><거래금액>    75,000</거래금액><거래유형>중개거래</거래유형><건축년도>2010</건축년도><년>2022</년><도로명>길음로</도로명><도로명건물본번호코드>00033</도로명건물본번호코드><도로명건물부번호코드>00000</도로명건물부번호코드><도로명시군구코드>11290</도로명시군구코드><도로명일련번호코드>01</도로명일련번호코드><도로명지상지하코드>0</도로명지상지하코드><도로명코드>3107001</도로명코드><법정동> 길음동</법정동><법정동본번코드>1284</법정동본번코드><법정동부번코드>0000</법정동부번코드><법정동시군구코드>11290</법정동시군구코드><법정동읍면동코드>13400</법정동읍면동코드><법정동지번코드>1</법정동지번코드><아파트>길음뉴타운8단지(래미안)</아파트><월>10</월><일>15</일><일련번호>11290-3807</일련번호><전용면적>59.99</전용면적><중개사소재지>서울 성북구</중개사소재지><지번>1284</지번><지역코드>11290</지역코드><층>14</층><해제사유발생일> </해제사유발생일><해제여부> </해제여부></item><item><거래금액>    54,500</거래금액><거래유형>직거래</거래유형><건축년도>2005</건축년도><년>2022</년><도로명>길음로13길</도로명><도로명건물본번호코드>00039</도로명건물본번호코드><도로명건물부번호코드>00000</도로명건물부번호코드><도로명시군구코드>11290</도로명시군구코드><도로명일련번호코드>01</도로명일련번호코드><도로명지상지하코드>0</도로명지상지하코드><도로명코드>4121001</도로명코드><법정동> 길음동</법정동><법정동본번코드>1280</법정동본번코드><법정동부번코드>0001</법정동부번코드><법정동시군구코드>11290</법정동시군구코드><법정동읍면동코드>13400</법정동읍면동코드><법정동지번코드>1</법정동지번코드><아파트>길음뉴타운3단지푸르지오</아파트><월>10</월><일>19</일><일련번호>11290-211</일련번호><전용면적>59.99</전용면적><중개사소재지> </중개사소재지><지번>1280-1</지번><지역코드>11290</지역코드><층>16</층><해제사유발생일> </해제사유발생일><해제여부> </해제여부></item><item><거래금액>    69,000</거래금액><거래유형>중개거래</거래유형><건축년도>2003</건축년도><년>2022</년><도로명>숭인로2길</도로명><도로명건물본번호코드>00061</도로명건물본번호코드><도로명건물부번호코드>00000</도로명건물부번호코드><도로명시군구코드>11290</도로명시군구코드><도로명일련번호코드>01</도로명일련번호코드><도로명지상지하코드>0</도로명지상지하코드><도로명코드>4121400</도로명코드><법정동> 길음동</법정동><법정동본번코드>1278</법정동본번코드><법정동부번코드>0000</법정동부번코드><법정동시군구코드>11290</법정동시군구코드><법정동읍면동코드>13400</법정동읍면동코드><법정동지번코드>1</법정동지번코드><아파트>길음동동부센트레빌(1278-0)</아파트><월>10</월><일>25</일><일련번호>11290-56</일련번호><전용면적>84.844</전용면적><중개사소재지>서울 성북구</중개사소재지><지번>1278</지번><지역코드>11290</지역코드><층>23</층><해제사유발생일> </해제사유발생일><해제여부> </해제여부></item><item><거래금액>    76,000</거래금액><거래유형>중개거래</거래유형><건축년도>2010</건축년도><년>2022</년><도로명>길음로</도로명><도로명건물본번호코드>00033</도로명건물본번호코드><도로명건물부번호코드>00000</도로명건물부번호코드><도로명시군구코드>11290</도로명시군구코드><도로명일련번호코드>01</도로명일련번호코드><도로명지상지하코드>0</도로명지상지하코드><도로명코드>3107001</도로명코드><법정동> 길음동</법정동><법정동본번코드>1284</법정동본번코드><법정동부번코드>0000</법정동부번코드><법정동시군구코드>11290</법정동시군구코드><법정동읍면동코드>13400</법정동읍면동코드><법정동지번코드>1</법정동지번코드><아파트>길음뉴타운8단지(래미안)</아파트><월>10</월><일>29</일><일련번호>11290-3807</일련번호><전용면적>59.99</전용면적><중개사소재지>서울 성북구</중개사소재지><지번>1284</지번><지역코드>11290</지역코드><층>4</층><해제사유발생일> </해제사유발생일><해제여부> </해제여부></item><item><거래금액>    73,000</거래금액><거래유형>중개거래</거래유형><건축년도>2008</건축년도><년>2022</년><도로명>종암로</도로명><도로명건물본번호코드>00132</도로명건물본번호코드><도로명건물부번호코드>00000</도로명건물부번호코드><도로명시군구코드>11290</도로명시군구코드><도로명일련번호코드>01</도로명일련번호코드><도로명지상지하코드>0</도로명지상지하코드><도로명코드>3005036</도로명코드><법정동> 종암동</법정동><법정동본번코드>0132</법정동본번코드><법정동부번코드>0000</법정동부번코드><법정동시군구코드>11290</법정동시군구코드><법정동읍면동코드>13500</법정동읍면동코드><법정동지번코드>1</법정동지번코드><아파트>우림카이저팰리스</아파트><월>10</월><일>25</일><일련번호>11290-3624</일련번호><전용면적>84.98</전용면적><중개사소재지>서울 성북구</중개사소재지><지번>132</지번><지역코드>11290</지역코드><층>22</층><해제사유발생일> </해제사유발생일><해제여부> </해제여부></item><item><거래금액>    70,500</거래금액><거래유형>중개거래</거래유형><건축년도>2007</건축년도><년>2022</년><도로명>월곡로14길</도로명><도로명건물본번호코드>00026</도로명건물본번호코드><도로명건물부번호코드>00000</도로명건물부번호코드><도로명시군구코드>11290</도로명시군구코드><도로명일련번호코드>01</도로명일련번호코드><도로명지상지하코드>0</도로명지상지하코드><도로명코드>4121461</도로명코드><법정동> 하월곡동</법정동><법정동본번코드>0226</법정동본번코드><법정동부번코드>0000</법정동부번코드><법정동시군구코드>11290</법정동시군구코드><법정동읍면동코드>13600</법정동읍면동코드><법정동지번코드>1</법정동지번코드><아파트>월곡래미안루나밸리</아파트><월>10</월><일>1</일><일련번호>11290-3572</일련번호><전용면적>59.98</전용면적><중개사소재지>서울 성북구</중개사소재지><지번>226</지번><지역코드>11290</지역코드><층>2</층><해제사유발생일> </해제사유발생일><해제여부> </해제여부></item><item><거래금액>    73,000</거래금액><거래유형>중개거래</거래유형><건축년도>2003</건축년도><년>2022</년><도로명>오패산로</도로명><도로명건물본번호코드>00046</도로명건물본번호코드><도로명건물부번호코드>00000</도로명건물부번호코드><도로명시군구코드>11290</도로명시군구코드><도로명일련번호코드>01</도로명일련번호코드><도로명지상지하코드>0</도로명지상지하코드><도로명코드>3005044</도로명코드><법정동> 하월곡동</법정동><법정동본번코드>0222</법정동본번코드><법정동부번코드>0000</법정동부번코드><법정동시군구코드>11290</법정동시군구코드><법정동읍면동코드>13600</법정동읍면동코드><법정동지번코드>1</법정동지번코드><아파트>월곡두산위브</아파트><월>10</월><일>11</일><일련번호>11290-88</일련번호><전용면적>84.647</전용면적><중개사소재지>서울 성북구</중개사소재지><지번>222</지번><지역코드>11290</지역코드><층>17</층><해제사유발생일> </해제사유발생일><해제여부> </해제여부></item><item><거래금액>   100,000</거래금액><거래유형>중개거래</거래유형><건축년도>2007</건축년도><년>2022</년><도로명>월곡로14길</도로명><도로명건물본번호코드>00026</도로명건물본번호코드><도로명건물부번호코드>00000</도로명건물부번호코드><도로명시군구코드>11290</도로명시군구코드><도로명일련번호코드>01</도로명일련번호코드><도로명지상지하코드>0</도로명지상지하코드><도로명코드>4121461</도로명코드><법정동> 하월곡동</법정동><법정동본번코드>0226</법정동본번코드><법정동부번코드>0000</법정동부번코드><법정동시군구코드>11290</법정동시군구코드><법정동읍면동코드>13600</법정동읍면동코드><법정동지번코드>1</법정동지번코드><아파트>월곡래미안루나밸리</아파트><월>10</월><일>27</일><일련번호>11290-3572</일련번호><전용면적>114.93</전용면적><중개사소재지>서울 성북구</중개사소재지><지번>226</지번><지역코드>11290</지역코드><층>19</층><해제사유발생일> </해제사유발생일><해제여부> </해제여부></item><item><거래금액>    72,000</거래금액><거래유형>중개거래</거래유형><건축년도>2003</건축년도><년>2022</년><도로명>장월로1길</도로명><도로명건물본번호코드>00028</도로명건물본번호코드><도로명건물부번호코드>00000</도로명건물부번호코드><도로명시군구코드>11290</도로명시군구코드><도로명일련번호코드>02</도로명일련번호코드><도로명지상지하코드>0</도로명지상지하코드><도로명코드>4121514</도로명코드><법정동> 상월곡동</법정동><법정동본번코드>0101</법정동본번코드><법정동부번코드>0000</법정동부번코드><법정동시군구코드>11290</법정동시군구코드><법정동읍면동코드>13700</법정동읍면동코드><법정동지번코드>1</법정동지번코드><아파트>동아에코빌</아파트><월>10</월><일>23</일><일련번호>11290-71</일련번호><전용면적>84.97</전용면적><중개사소재지>서울 성북구</중개사소재지><지번>101</지번><지역코드>11290</지역코드><층>5</층><해제사유발생일> </해제사유발생일><해제여부> </해제여부></item><item><거래금액>    92,000</거래금액><거래유형>중개거래</거래유형><건축년도>2021</건축년도><년>2022</년><도로명>장월로</도로명><도로명건물본번호코드>00160</도로명건물본번호코드><도로명건물부번호코드>00000</도로명건물부번호코드><도로명시군구코드>11290</도로명시군구코드><도로명일련번호코드>00</도로명일련번호코드><도로명코드>3107012</도로명코드><법정동> 장위동</법정동><법정동본번코드>0322</법정동본번코드><법정동부번코드>0000</법정동부번코드><법정동시군구코드>11290</법정동시군구코드><법정동읍면동코드>13800</법정동읍면동코드><법정동지번코드>1</법정동지번코드><아파트>래미안포레카운티</아파트><월>10</월><일>4</일><일련번호>11290-4834</일련번호><전용면적>84.97</전용면적><중개사소재지>서울 성북구</중개사소재지><지번>322</지번><지역코드>11290</지역코드><층>15</층><해제사유발생일> </해제사유발생일><해제여부> </해제여부></item><item><거래금액>    80,000</거래금액><거래유형>중개거래</거래유형><건축년도>2021</건축년도><년>2022</년><도로명>장월로</도로명><도로명건물본번호코드>00160</도로명건물본번호코드><도로명건물부번호코드>00000</도로명건물부번호코드><도로명시군구코드>11290</도로명시군구코드><도로명일련번호코드>00</도로명일련번호코드><도로명코드>3107012</도로명코드><법정동> 장위동</법정동><법정동본번코드>0322</법정동본번코드><법정동부번코드>0000</법정동부번코드><법정동시군구코드>11290</법정동시군구코드><법정동읍면동코드>13800</법정동읍면동코드><법정동지번코드>1</법정동지번코드><아파트>래미안포레카운티</아파트><월>10</월><일>5</일><일련번호>11290-4834</일련번호><전용면적>59.92</전용면적><중개사소재지>서울 성북구</중개사소재지><지번>322</지번><지역코드>11290</지역코드><층>18</층><해제사유발생일> </해제사유발생일><해제여부> </해제여부></item><item><거래금액>    95,000</거래금액><거래유형>중개거래</거래유형><건축년도>2020</건축년도><년>2022</년><도로명>한천로</도로명><도로명건물본번호코드>00713</도로명건물본번호코드><도로명건물부번호코드>00000</도로명건물부번호코드><도로명시군구코드>11290</도로명시군구코드><도로명일련번호코드>00</도로명일련번호코드><도로명코드>3005038</도로명코드><법정동> 장위동</법정동><법정동본번코드>0173</법정동본번코드><법정동부번코드>0114</법정동부번코드><법정동시군구코드>11290</법정동시군구코드><법정동읍면동코드>13800</법정동읍면동코드><법정동지번코드>1</법정동지번코드><아파트>래미안장위퍼스트하이</아파트><월>10</월><일>7</일><일련번호>11290-4861</일련번호><전용면적>84.94</전용면적><중개사소재지>서울 성북구</중개사소재지><지번>173-114</지번><지역코드>11290</지역코드><층>8</층><해제사유발생일> </해제사유발생일><해제여부> </해제여부></item><item><거래금액>    78,500</거래금액><거래유형>중개거래</거래유형><건축년도>2021</건축년도><년>2022</년><도로명>장월로</도로명><도로명건물본번호코드>00160</도로명건물본번호코드><도로명건물부번호코드>00000</도로명건물부번호코드><도로명시군구코드>11290</도로명시군구코드><도로명일련번호코드>00</도로명일련번호코드><도로명코드>3107012</도로명코드><법정동> 장위동</법정동><법정동본번코드>0322</법정동본번코드><법정동부번코드>0000</법정동부번코드><법정동시군구코드>11290</법정동시군구코드><법정동읍면동코드>13800</법정동읍면동코드><법정동지번코드>1</법정동지번코드><아파트>래미안포레카운티</아파트><월>10</월><일>7</일><일련번호>11290-4834</일련번호><전용면적>59.92</전용면적><중개사소재지>서울 성북구</중개사소재지><지번>322</지번><지역코드>11290</지역코드><층>17</층><해제사유발생일> </해제사유발생일><해제여부> </해제여부></item><item><거래금액>    68,000</거래금액><거래유형>중개거래</거래유형><건축년도>2008</건축년도><년>2022</년><도로명>월계로36길</도로명><도로명건물본번호코드>00027</도로명건물본번호코드><도로명건물부번호코드>00000</도로명건물부번호코드><도로명시군구코드>11290</도로명시군구코드><도로명일련번호코드>01</도로명일련번호코드><도로명지상지하코드>0</도로명지상지하코드><도로명코드>4121454</도로명코드><법정동> 장위동</법정동><법정동본번코드>0317</법정동본번코드><법정동부번코드>0000</법정동부번코드><법정동시군구코드>11290</법정동시군구코드><법정동읍면동코드>13800</법정동읍면동코드><법정동지번코드>1</법정동지번코드><아파트>꿈의숲대명루첸아파트</아파트><월>10</월><일>15</일><일련번호>11290-3719</일련번호><전용면적>59.988</전용면적><중개사소재지>서울 성북구</중개사소재지><지번>317</지번><지역코드>11290</지역코드><층>4</층><해제사유발생일> </해제사유발생일><해제여부> </해제여부></item><item><거래금액>    94,000</거래금액><거래유형>중개거래</거래유형><건축년도>2017</건축년도><년>2022</년><도로명>돌곶이로</도로명><도로명건물본번호코드>00220</도로명건물본번호코드><도로명건물부번호코드>00000</도로명건물부번호코드><도로명시군구코드>11290</도로명시군구코드><도로명일련번호코드>01</도로명일련번호코드><도로명지상지하코드>0</도로명지상지하코드><도로명코드>3107002</도로명코드><법정동> 장위동</법정동><법정동본번코드>0319</법정동본번코드><법정동부번코드>0000</법정동부번코드><법정동시군구코드>11290</법정동시군구코드><법정동읍면동코드>13800</법정동읍면동코드><법정동지번코드>1</법정동지번코드><아파트>꿈의숲코오롱하늘채</아파트><월>10</월><일>15</일><일련번호>11290-4641</일련번호><전용면적>84.71</전용면적><중개사소재지>서울 성북구</중개사소재지><지번>319</지번><지역코드>11290</지역코드><층>3</층><해제사유발생일> </해제사유발생일><해제여부> </해제여부></item><item><거래금액>    95,000</거래금액><거래유형>중개거래</거래유형><건축년도>2021</건축년도><년>2022</년><도로명>장월로</도로명><도로명건물본번호코드>00160</도로명건물본번호코드><도로명건물부번호코드>00000</도로명건물부번호코드><도로명시군구코드>11290</도로명시군구코드><도로명일련번호코드>00</도로명일련번호코드><도로명코드>3107012</도로명코드><법정동> 장위동</법정동><법정동본번코드>0322</법정동본번코드><법정동부번코드>0000</법정동부번코드><법정동시군구코드>11290</법정동시군구코드><법정동읍면동코드>13800</법정동읍면동코드><법정동지번코드>1</법정동지번코드><아파트>래미안포레카운티</아파트><월>10</월><일>19</일><일련번호>11290-4834</일련번호><전용면적>84.97</전용면적><중개사소재지>서울 성동구, 서울 성북구</중개사소재지><지번>322</지번><지역코드>11290</지역코드><층>3</층><해제사유발생일> </해제사유발생일><해제여부> </해제여부></item><item><거래금액>    91,400</거래금액><거래유형>중개거래</거래유형><건축년도>2021</건축년도><년>2022</년><도로명>장월로</도로명><도로명건물본번호코드>00160</도로명건물본번호코드><도로명건물부번호코드>00000</도로명건물부번호코드><도로명시군구코드>11290</도로명시군구코드><도로명일련번호코드>00</도로명일련번호코드><도로명코드>3107012</도로명코드><법정동> 장위동</법정동><법정동본번코드>0322</법정동본번코드><법정동부번코드>0000</법정동부번코드><법정동시군구코드>11290</법정동시군구코드><법정동읍면동코드>13800</법정동읍면동코드><법정동지번코드>1</법정동지번코드><아파트>래미안포레카운티</아파트><월>10</월><일>21</일><일련번호>11290-4834</일련번호><전용면적>84.97</전용면적><중개사소재지>서울 성북구</중개사소재지><지번>322</지번><지역코드>11290</지역코드><층>11</층><해제사유발생일> </해제사유발생일><해제여부> </해제여부></item><item><거래금액>    77,000</거래금액><거래유형>중개거래</거래유형><건축년도>2020</건축년도><년>2022</년><도로명>한천로</도로명><도로명건물본번호코드>00713</도로명건물본번호코드><도로명건물부번호코드>00000</도로명건물부번호코드><도로명시군구코드>11290</도로명시군구코드><도로명일련번호코드>00</도로명일련번호코드><도로명코드>3005038</도로명코드><법정동> 장위동</법정동><법정동본번코드>0173</법정동본번코드><법정동부번코드>0114</법정동부번코드><법정동시군구코드>11290</법정동시군구코드><법정동읍면동코드>13800</법정동읍면동코드><법정동지번코드>1</법정동지번코드><아파트>래미안장위퍼스트하이</아파트><월>10</월><일>22</일><일련번호>11290-4861</일련번호><전용면적>59.99</전용면적><중개사소재지>서울 성북구</중개사소재지><지번>173-114</지번><지역코드>11290</지역코드><층>7</층><해제사유발생일> </해제사유발생일><해제여부> </해제여부></item><item><거래금액>    91,000</거래금액><거래유형>중개거래</거래유형><건축년도>2020</건축년도><년>2022</년><도로명>한천로</도로명><도로명건물본번호코드>00713</도로명건물본번호코드><도로명건물부번호코드>00000</도로명건물부번호코드><도로명시군구코드>11290</도로명시군구코드><도로명일련번호코드>00</도로명일련번호코드><도로명코드>3005038</도로명코드><법정동> 장위동</법정동><법정동본번코드>0173</법정동본번코드><법정동부번코드>0114</법정동부번코드><법정동시군구코드>11290</법정동시군구코드><법정동읍면동코드>13800</법정동읍면동코드><법정동지번코드>1</법정동지번코드><아파트>래미안장위퍼스트하이</아파트><월>10</월><일>30</일><일련번호>11290-4861</일련번호><전용면적>84.98</전용면적><중개사소재지>서울 노원구, 서울 서대문구</중개사소재지><지번>173-114</지번><지역코드>11290</지역코드><층>11</층><해제사유발생일> </해제사유발생일><해제여부> </해제여부></item><item><거래금액>    80,000</거래금액><거래유형>중개거래</거래유형><건축년도>2019</건축년도><년>2022</년><도로명>돌곶이로8길</도로명><도로명건물본번호코드>00022</도로명건물본번호코드><도로명건물부번호코드>00000</도로명건물부번호코드><도로명시군구코드>11290</도로명시군구코드><도로명일련번호코드>00</도로명일련번호코드><도로명코드>4121072</도로명코드><법정동> 석관동</법정동><법정동본번코드>0410</법정동본번코드><법정동부번코드>0000</법정동부번코드><법정동시군구코드>11290</법정동시군구코드><법정동읍면동코드>13900</법정동읍면동코드><법정동지번코드>1</법정동지번코드><아파트>래미안아트리치</아파트><월>10</월><일>7</일><일련번호>11290-4788</일련번호><전용면적>59.42</전용면적><중개사소재지>서울 성북구</중개사소재지><지번>410</지번><지역코드>11290</지역코드><층>11</층><해제사유발생일> </해제사유발생일><해제여부> </해제여부></item></items><numOfRows>999</numOfRows><pageNo>1</pageNo><totalCount>43</totalCount></body></response>