<?xml version="1.0" encoding="UTF-8" standalone="yes"?><response><header><resultCode>00</resultCode><resultMsg>NORMAL SERVICE.</resultMsg></header><body><items><item><거래금액>    59,000</거래금액><거래유형>중개거래</거래유형><건축년도>1998</건축년도><년>2022</년><도로명>성북로4길</도로명><도로명건물본번호코드>00052</도로명건물본번호코드><도로명건물부번호코드>00000</도로명건물부번호코드><도로명시군구코드>11290</도로명시군구코드><도로명일련번호코드>02</도로명일련번호코드><도로명지상지하코드>0</도로명지상지하코드><도로명코드>4121351</도로명코드><법정동> 돈암동</법정동><법정동본번코드>0609</법정동본번코드><법정동부번코드>0001</법정동부번코드><법정동시군구코드>11290</법정동시군구코드><법정동읍면동코드>10300</법정동읍면동코드><법정동지번코드>1</법정동지번코드><아파트>한신</아파트><월>12</월><일>3</일><일련번호>11290-19</일련번호><전용면적>68.13</전용면적><중개사소재지>서울 성북구</중개사소재지><지번>609-1</지번><지역코드>11290</지역코드><층>4</층><해제사유발생일> </해제사유발생일><해제여부> </해제여부></item><item><거래금액>    50,000</거래금액><거래유형>중개거래</거래유형><건축년도>1998</건축년도><년>2022</년><도로명>성북로4길</도로명><도로명건물본번호코드>00052</도로명건물본번호코드><도로명건물부번호코드>00000</도로명건물부번호코드><도로명시군구코드>11290</도로명시군구코드><도로명일련번호코드>02</도로명일련번호코드><도로명지상지하코드>0</도로명지상지하코드><도로명코드>4121351</도로명코드><법정동> 돈암동</법정동><법정동본번코드>0609</법정동본번코드><법정동부번코드>0001</법정동부번코드><법정동시군구코드>11290</법정동시군구코드><법정동읍면동코드>10300</법정동읍면동코드><법정동지번코드>1</법정동지번코드><아파트>한진(609-1)</아파트><월>12</월><일>24</일><일련번호>11290-20</일련번호><전용면적>59.58</전용면적><중개사소재지>서울 성북구</중개사소재지><지번>609-1</지번><지역코드>11290</지역코드><층>20</층><해제사유발생일> </해제사유발생일><해제여부> </해제여부></item><item><거래금액>    58,100</거래금액><거래유형>직거래</거래유형><건축년도>1999</건축년도><년>2022</년><도로명>동소문로34길</도로명><도로명건물본번호코드>00024</도로명건물본번호코드><도로명건물부번호코드>00000</도로명건물부번호코드><도로명시군구코드>11290</도로명시군구코드><도로명일련번호코드>01</도로명일련번호코드><도로명지상지하코드>0</도로명지상지하코드><도로명코드>4121114</도로명코드><법정동> 돈암동</법정동><법정동본번코드>0015</법정동본번코드><법정동부번코드>0001</법정동부번코드><법정동시군구코드>11290</법정동시군구코드><법정동읍면동코드>10300</법정동읍면동코드><법정동지번코드>1</법정동지번코드><아파트>돈암동삼성</아파트><월>12</월><일>29</일><일련번호>11290-17</일련번호><전용면적>114.66</전용면적><중개사소재지> </중개사소재지><지번>15-1</지번><지역코드>11290</지역코드><층>1</층><해제사유발생일> </해제사유발생일><해제여부> </해제여부></item><item><거래금액>    18,800</거래금액><거래유형>직거래</거래유형><건축년도>2022</건축년도><년>2022</년><도로명>정릉로</도로명><도로명건물본번호코드>00262</도로명건물본번호코드><도로명건물부번호코드>00000</도로명건물부번호코드><도로명시군구코드>11290</도로명시군구코드><도로명일련번호코드>00</도로명일련번호코드><도로명코드>3107014</도로명코드><법정동> 정릉동</법정동><법정동본번코드>0150</법정동본번코드><법정동부번코드>0027</법정동부번코드><법정동시군구코드>11290</법정동시군구코드><법정동읍면동코드>13300</법정동읍면동코드><법정동지번코드>1</법정동지번코드><아파트>갤럭시더정릉</아파트><월>12</월><일>4</일><일련번호>11290-5117</일련번호><전용면적>12.33</전용면적><중개사소재지> </중개사소재지><지번>150-27</지번><지역코드>11290</지역코드><층>4</층><해제사유발생일> </해제사유발생일><해제여부> </해제여부></item><item><거래금액>    24,600</거래금액><거래유형>직거래</거래유형><건축년도>2022</건축년도><년>2022</년><도로명>정릉로</도로명><도로명건물본번호코드>00262</도로명건물본번호코드><도로명건물부번호코드>00000</도로명건물부번호코드><도로명시군구코드>11290</도로명시군구코드><도로명일련번호코드>00</도로명일련번호코드><도로명코드>3107014</도로명코드><법정동> 정릉동</법정동><법정동본번코드>0150</법정동본번코드><법정동부번코드>0027</법정동부번코드><법정동시군구코드>11290</법정동시군구코드><법정동읍면동코드>13300</법정동읍면동코드><법정동지번코드>1</법정동지번코드><아파트>갤럭시더정릉</아파트><월>12</월><일>4</일><일련번호>11290-5117</일련번호><전용면적>14.91</전용면적><중개사소재지> </중개사소재지><지번>150-27</지번><지역코드>11290</지역코드><층>5</층><해제사유발생일> </해제사유발생일><해제여부> </해제여부></item><item><거래금액>    63,000</거래금액><거래유형>직거래</거래유형><건축년도>2005</건축년도><년>2022</년><도로명>솔샘로25길</도로명><도로명건물본번호코드>00028</도로명건물본번호코드><도로명건물부번호코드>00000</도로명건물부번호코드><도로명시군구코드>11290</도로명시군구코드><도로명일련번호코드>01</도로명일련번호코드><도로명지상지하코드>0</도로명지상지하코드><도로명코드>4121379</도로명코드><법정동> 정릉동</법정동><법정동본번코드>0239</법정동본번코드><법정동부번코드>0000</법정동부번코드><법정동시군구코드>11290</법정동시군구코드><법정동읍면동코드>13300</법정동읍면동코드><법정동지번코드>1</법정동지번코드><아파트>정릉풍림아이원</아파트><월>12</월><일>6</일><일련번호>11290-82</일련번호><전용면적>84.09</전용면적><중개사소재지> </중개사소재지><지번>239</지번><지역코드>11290</지역코드><층>5</층><해제사유발생일>23.01.08</해제사유발생일><해제여부>O</해제여부></item><item><거래금액>    67,500</거래금액><거래유형>중개거래</거래유형><건축년도>1999</건축년도><년>2022</년><도로명>서경로</도로명><도로명건물본번호코드>00028</도로명건물본번호코드><도로명건물부번호코드>00000</도로명건물부번호코드><도로명시군구코드>11290</도로명시군구코드><도로명일련번호코드>02</도로명일련번호코드><도로명지상지하코드>0</도로명지상지하코드><도로명코드>3107006</도로명코드><법정동> 정릉동</법정동><법정동본번코드>1018</법정동본번코드><법정동부번코드>0000</법정동부번코드><법정동시군구코드>11290</법정동시군구코드><법정동읍면동코드>13300</법정동읍면동코드><법정동지번코드>1</법정동지번코드><아파트>길음뉴타운데시앙</아파트><월>12</월><일>9</일><일련번호>11290-53</일련번호><전용면적>114.76</전용면적><중개사소재지>서울 성북구</중개사소재지><지번>1018</지번><지역코드>11290</지역코드><층>9</층><해제사유발생일> </해제사유발생일><해제여부> </해제여부></item><item><거래금액>    24,600</거래금액><거래유형>직거래</거래유형><건축년도>2022</건축년도><년>2022</년><도로명>정릉로</도로명><도로명건물본번호코드>00262</도로명건물본번호코드><도로명건물부번호코드>00000</도로명건물부번호코드><도로명시군구코드>11290</도로명시군구코드><도로명일련번호코드>00</도로명일련번호코드><도로명코드>3107014</도로명코드><법정동> 정릉동</법정동><법정동본번코드>0150</법정동본번코드><법정동부번코드>0027</법정동부번코드><법정동시군구코드>11290</법정동시군구코드><법정동읍면동코드>13300</법정동읍면동코드><법정동지번코드>1</법정동지번코드><아파트>갤럭시더정릉</아파트><월>12</월><일>9</일><일련번호>11290-5117</일련번호><전용면적>14.91</전용면적><중개사소재지> </중개사소재지><지번>150-27</지번><지역코드>11290</지역코드><층>4</층><해제사유발생일> </해제사유발생일><해제여부> </해제여부></item><item><거래금액>    57,000</거래금액><거래유형>중개거래</거래유형><건축년도>2005</건축년도><년>2022</년><도로명>솔샘로25길</도로명><도로명건물본번호코드>00028</도로명건물본번호코드><도로명건물부번호코드>00000</도로명건물부번호코드><도로명시군구코드>11290</도로명시군구코드><도로명일련번호코드>01</도로명일련번호코드><도로명지상지하코드>0</도로명지상지하코드><도로명코드>4121379</도로명코드><법정동> 정릉동</법정동><법정동본번코드>0239</법정동본번코드><법정동부번코드>0000</법정동부번코드><법정동시군구코드>11290</법정동시군구코드><법정동읍면동코드>13300</법정동읍면동코드><법정동지번코드>1</법정동지번코드><아파트>정릉풍림아이원</아파트><월>12</월><일>12</일><일련번호>11290-82</일련번호><전용면적>84.09</전용면적><중개사소재지>서울 성북구</중개사소재지><지번>239</지번><지역코드>11290</지역코드><층>1</층><해제사유발생일> </해제사유발생일><해제여부> </해제여부></item><item><거래금액>    19,300</거래금액><거래유형>직거래</거래유형><건축년도>2022</건축년도><년>2022</년><도로명>정릉로</도로명><도로명건물본번호코드>00262</도로명건물본번호코드><도로명건물부번호코드>00000</도로명건물부번호코드><도로명시군구코드>11290</도로명시군구코드><도로명일련번호코드>00</도로명일련번호코드><도로명코드>3107014</도로명코드><법정동> 정릉동</법정동><법정동본번코드>0150</법정동본번코드><법정동부번코드>0027</법정동부번코드><법정동시군구코드>11290</법정동시군구코드><법정동읍면동코드>13300</법정동읍면동코드><법정동지번코드>1</법정동지번코드><아파트>갤럭시더정릉</아파트><월>12</월><일>12</일><일련번호>11290-5117</일련번호><전용면적>12.33</전용면적><중개사소재지> </중개사소재지><지번>150-27</지번><지역코드>11290</지역코드><층>9</층><해제사유발생일> </해제사유발생일><해제여부> </해제여부></item><item><거래금액>    26,500</거래금액><거래유형>중개거래</거래유형><건축년도>2010</건축년도><년>2022</년><도로명>보국문로30길</도로명><도로명건물본번호코드>00034</도로명건물본번호코드><도로명건물부번호코드>00000</도로명건물부번호코드><도로명시군구코드>11290</도로명시군구코드><도로명일련번호코드>01</도로명일련번호코드><도로명지상지하코드>0</도로명지상지하코드><도로명코드>4121167</도로명코드><법정동> 정릉동</법정동><법정동본번코드>0800</법정동본번코드><법정동부번코드>0095</법정동부번코드><법정동시군구코드>11290</법정동시군구코드><법정동읍면동코드>13300</법정동읍면동코드><법정동지번코드>1</법정동지번코드><아파트>동일스카이</아파트><월>12</월><일>12</일><일련번호>11290-3831</일련번호><전용면적>82.69</전용면적><중개사소재지>서울 성북구</중개사소재지><지번>800-95</지번><지역코드>11290</지역코드><층>1</층><해제사유발생일> </해제사유발생일><해제여부> </해제여부></item><item><거래금액>    19,300</거래금액><거래유형>직거래</거래유형><건축년도>2022</건축년도><년>2022</년><도로명>정릉로</도로명><도로명건물본번호코드>00262</도로명건물본번호코드><도로명건물부번호코드>00000</도로명건물부번호코드><도로명시군구코드>11290</도로명시군구코드><도로명일련번호코드>00</도로명일련번호코드><도로명코드>3107014</도로명코드><법정동> 정릉동</법정동><법정동본번코드>0150</법정동본번코드><법정동부번코드>0027</법정동부번코드><법정동시군구코드>11290</법정동시군구코드><법정동읍면동코드>13300</법정동읍면동코드><법정동지번코드>1</법정동지번코드><아파트>갤럭시더정릉</아파트><월>12</월><일>13</일><일련번호>11290-5117</일련번호><전용면적>12.85</전용면적><중개사소재지> </중개사소재지><지번>150-27</지번><지역코드>11290</지역코드><층>8</층><해제사유발생일> </해제사유발생일><해제여부> </해제여부></item><item><거래금액>    19,300</거래금액><거래유형>직거래</거래유형><건축년도>2022</건축년도><년>2022</년><도로명>정릉로</도로명><도로명건물본번호코드>00262</도로명건물본번호코드><도로명건물부번호코드>00000</도로명건물부번호코드><도로명시군구코드>11290</도로명시군구코드><도로명일련번호코드>00</도로명일련번호코드><도로명코드>3107014</도로명코드><법정동> 정릉동</법정동><법정동본번코드>0150</법정동본번코드><법정동부번코드>0027</법정동부번코드><법정동시군구코드>11290</법정동시군구코드><법정동읍면동코드>13300</법정동읍면동코드><법정동지번코드>1</법정동지번코드><아파트>갤럭시더정릉</아파트><월>12</월><일>13</일><일련번호>11290-5117</일련번호><전용면적>12.33</전용면적><중개사소재지> </중개사소재지><지번>150-27</지번><지역코드>11290</지역코드><층>10</층><해제사유발생일> </해제사유발생일><해제여부> </해제여부></item><item><거래금액>    63,500</거래금액><거래유형>중개거래</거래유형><건축년도>1999</건축년도><년>2022</년><도로명>서경로</도로명><도로명건물본번호코드>00028</도로명건물본번호코드><도로명건물부번호코드>00000</도로명건물부번호코드><도로명시군구코드>11290</도로명시군구코드><도로명일련번호코드>02</도로명일련번호코드><도로명지상지하코드>0</도로명지상지하코드><도로명코드>3107006</도로명코드><법정동> 정릉동</법정동><법정동본번코드>1018</법정동본번코드><법정동부번코드>0000</법정동부번코드><법정동시군구코드>11290</법정동시군구코드><법정동읍면동코드>13300</법정동읍면동코드><법정동지번코드>1</법정동지번코드><아파트>길음뉴타운데시앙</아파트><월>12</월><일>16</일><일련번호>11290-53</일련번호><전용면적>84.44</전용면적><중개사소재지>서울 성북구</중개사소재지><지번>1018</지번><지역코드>11290</지역코드><층>8</층><해제사유발생일> </해제사유발생일><해제여부> </해제여부></item><item><거래금액>    19,300</거래금액><거래유형>직거래</거래유형><건축년도>2022</건축년도><년>2022</년><도로명>정릉로</도로명><도로명건물본번호코드>00262</도로명건물본번호코드><도로명건물부번호코드>00000</도로명건물부번호코드><도로명시군구코드>11290</도로명시군구코드><도로명일련번호코드>00</도로명일련번호코드><도로명코드>3107014</도로명코드><법정동> 정릉동</법정동><법정동본번코드>0150</법정동본번코드><법정동부번코드>0027</법정동부번코드><법정동시군구코드>11290</법정동시군구코드><법정동읍면동코드>13300</법정동읍면동코드><법정동지번코드>1</법정동지번코드><아파트>갤럭시더정릉</아파트><월>12</월><일>18</일><일련번호>11290-5117</일련번호><전용면적>11.79</전용면적><중개사소재지> </중개사소재지><지번>150-27</지번><지역코드>11290</지역코드><층>9</층><해제사유발생일> </해제사유발생일><해제여부> </해제여부></item><item><거래금액>    19,300</거래금액><거래유형>직거래</거래유형><건축년도>2022</건축년도><년>2022</년><도로명>정릉로</도로명><도로명건물본번호코드>00262</도로명건물본번호코드><도로명건물부번호코드>00000</도로명건물부번호코드><도로명시군구코드>11290</도로명시군구코드><도로명일련번호코드>00</도로명일련번호코드><도로명코드>3107014</도로명코드><법정동> 정릉동</법정동><법정동본번코드>0150</법정동본번코드><법정동부번코드>0027</법정동부번코드><법정동시군구코드>11290</법정동시군구코드><법정동읍면동코드>13300</법정동읍면동코드><법정동지번코드>1</법정동지번코드><아파트>갤럭시더정릉</아파트><월>12</월><일>21</일><일련번호>11290-5117</일련번호><전용면적>12.33</전용면적><중개사소재지> </중개사소재지><지번>150-27</지번><지역코드>11290</지역코드><층>8</층><해제사유발생일> </해제사유발생일><해제여부> </해제여부></item><item><거래금액>    54,500</거래금액><거래유형>중개거래</거래유형><건축년도>2005</건축년도><년>2022</년><도로명>솔샘로</도로명><도로명건물본번호코드>00120</도로명건물본번호코드><도로명건물부번호코드>00000</도로명건물부번호코드><도로명시군구코드>11290</도로명시군구코드><도로명일련번호코드>01</도로명일련번호코드><도로명지상지하코드>0</도로명지상지하코드><도로명코드>3005042</도로명코드><법정동> 정릉동</법정동><법정동본번코드>0239</법정동본번코드><법정동부번코드>0000</법정동부번코드><법정동시군구코드>11290</법정동시군구코드><법정동읍면동코드>13300</법정동읍면동코드><법정동지번코드>1</법정동지번코드><아파트>정릉풍림아이원</아파트><월>12</월><일>24</일><일련번호>11290-82</일련번호><전용면적>60</전용면적><중개사소재지>서울 성북구</중개사소재지><지번>239</지번><지역코드>11290</지역코드><층>16</층><해제사유발생일> </해제사유발생일><해제여부> </해제여부></item><item><거래금액>    18,800</거래금액><거래유형>직거래</거래유형><건축년도>2022</건축년도><년>2022</년><도로명>정릉로</도로명><도로명건물본번호코드>00262</도로명건물본번호코드><도로명건물부번호코드>00000</도로명건물부번호코드><도로명시군구코드>11290</도로명시군구코드><도로명일련번호코드>00</도로명일련번호코드><도로명코드>3107014</도로명코드><법정동> 정릉동</법정동><법정동본번코드>0150</법정동본번코드><법정동부번코드>0027</법정동부번코드><법정동시군구코드>11290</법정동시군구코드><법정동읍면동코드>13300</법정동읍면동코드><법정동지번코드>1</법정동지번코드><아파트>갤럭시더정릉</아파트><월>12</월><일>29</일><일련번호>11290-5117</일련번호><전용면적>12.85</전용면적><중개사소재지> </중개사소재지><지번>150-27</지번><지역코드>11290</지역코드><층>4</층><해제사유발생일> </해제사유발생일><해제여부> </해제여부></item><item><거래금액>    19,300</거래금액><거래유형>직거래</거래유형><건축년도>2022</건축년도><년>2022</년><도로명>정릉로</도로명><도로명건물본번호코드>00262</도로명건물본번호코드><도로명건물부번호코드>00000</도로명건물부번호코드><도로명시군구코드>11290</도로명시군구코드><도로명일련번호코드>00</도로명일련번호코드><도로명코드>3107014</도로명코드><법정동> 정릉동</법정동><법정동본번코드>0150</법정동본번코드><법정동부번코드>0027</법정동부번코드><법정동시군구코드>11290</법정동시군구코드><법정동읍면동코드>13300</법정동읍면동코드><법정동지번코드>1</법정동지번코드><아파트>갤럭시더정릉</아파트><월>12</월><일>29</일><일련번호>11290-5117</일련번호><전용면적>11.79</전용면적><중개사소재지> </중개사소재지><지번>150-27</지번><지역코드>11290</지역코드><층>8</층><해제사유발생일> </해제사유발생일><해제여부> </해제여부></item><item><거래금액>    19,300</거래금액><거래유형>직거래</거래유형><건축년도>2022</건축년도><년>2022</년><도로명>정릉로</도로명><도로명건물본번호코드>00262</도로명건물본번호코드><도로명건물부번호코드>00000</도로명건물부번호코드><도로명시군구코드>11290</도로명시군구코드><도로명일련번호코드>00</도로명일련번호코드><도로명코드>3107014</도로명코드><법정동> 정릉동</법정동><법정동본번코드>0150</법정동본번코드><법정동부번코드>0027</법정동부번코드><법정동시군구코드>11290</법정동시군구코드><법정동읍면동코드>13300</법정동읍면동코드><법정동지번코드>1</법정동지번코드><아파트>갤럭시더정릉</아파트><월>12</월><일>29</일><일련번호>11290-5117</일련번호><전용면적>12.33</전용면적><중개사소재지> </중개사소재지><지번>150-27</지번><지역코드>11290</지역코드><층>8</층><해제사유발생일> </해제사유발생일><해제여부> </해제여부></item><item><거래금액>    72,000</거래금액><거래유형>중개거래</거래유형><건축년도>2003</건축년도><년>2022</년><도로명>숭인로2길</도로명><도로명건물본번호코드>00061</도로명건물본번호코드><도로명건물부번호코드>00000</도로명건물부번호코드><도로명시군구코드>11290</도로명시군구코드><도로명일련번호코드>01</도로명일련번호코드><도로명지상지하코드>0</도로명지상지하코드><도로명코드>4121400</도로명코드><법정동> 길음동</법정동><법정동본번코드>1278</법정동본번코드><법정동부번코드>0000</법정동부번코드><법정동시군구코드>11290</법정동시군구코드><법정동읍면동코드>13400</법정동읍면동코드><법정동지번코드>1</법정동지번코드><아파트>길음동동부센트레빌(1278-0)</아파트><월>12</월><일>8</일><일련번호>11290-56</일련번호><전용면적>84.844</전용면적><중개사소재지>서울 성북구</중개사소재지><지번>1278</지번><지역코드>11290</지역코드><층>11</층><해제사유발생일> </해제사유발생일><해제여부> </해제여부></item><item><거래금액>    71,000</거래금액><거래유형>중개거래</거래유형><건축년도>2003</건축년도><년>2022</년><도로명>숭인로2길</도로명><도로명건물본번호코드>00061</도로명건물본번호코드><도로명건물부번호코드>00000</도로명건물부번호코드><도로명시군구코드>11290</도로명시군구코드><도로명일련번호코드>01</도로명일련번호코드><도로명지상지하코드>0</도로명지상지하코드><도로명코드>4121400</도로명코드><법정동> 길음동</법정동><법정동본번코드>1278</법정동본번코드><법정동부번코드>0000</법정동부번코드><법정동시군구코드>11290</법정동시군구코드><법정동읍면동코드>13400</법정동읍면동코드><법정동지번코드>1</법정동지번코드><아파트>길음동동부센트레빌(1278-0)</아파트><월>12</월><일>10</일><일련번호>11290-56</일련번호><전용면적>84.844</전용면적><중개사소재지>서울 성북구</중개사소재지><지번>1278</지번><지역코드>11290</지역코드><층>11</층><해제사유발생일> </해제사유발생일><해제여부> </해제여부></item><item><거래금액>    75,000</거래금액><거래유형>중개거래</거래유형><건축년도>2003</건축년도><년>2022</년><도로명>숭인로2길</도로명><도로명건물본번호코드>00061</도로명건물본번호코드><도로명건물부번호코드>00000</도로명건물부번호코드><도로명시군구코드>11290</도로명시군구코드><도로명일련번호코드>01</도로명일련번호코드><도로명지상지하코드>0</도로명지상지하코드><도로명코드>4121400</도로명코드><법정동> 길음동</법정동><법정동본번코드>1278</법정동본번코드><법정동부번코드>0000</법정동부번코드><법정동시군구코드>11290</법정동시군구코드><법정동읍면동코드>13400</법정동읍면동코드><법정동지번코드>1</법정동지번코드><아파트>길음동동부센트레빌(1278-0)</아파트><월>12</월><일>10</일><일련번호>11290-56</일련번호><전용면적>84.844</전용면적><중개사소재지>서울 성북구</중개사소재지><지번>1278</지번><지역코드>11290</지역코드><층>6</층><해제사유발생일> </해제사유발생일><해제여부> </해제여부></item><item><거래금액>    85,000</거래금액><거래유형>중개거래</거래유형><건축년도>2019</건축년도><년>2022</년><도로명>숭인로</도로명><도로명건물본번호코드>00050</도로명건물본번호코드><도로명건물부번호코드>00000</도로명건물부번호코드><도로명시군구코드>11290</도로명시군구코드><도로명일련번호코드>00</도로명일련번호코드><도로명코드>3005043</도로명코드><법정동> 길음동</법정동><법정동본번코드>0498</법정동본번코드><법정동부번코드>0000</법정동부번코드><법정동시군구코드>11290</법정동시군구코드><법정동읍면동코드>13400</법정동읍면동코드><법정동지번코드>1</법정동지번코드><아파트>래미안길음센터피스</아파트><월>12</월><일>17</일><일련번호>11290-4786</일련번호><전용면적>59.97</전용면적><중개사소재지>서울 강북구, 서울 성북구</중개사소재지><지번>498</지번><지역코드>11290</지역코드><층>12</층><해제사유발생일> </해제사유발생일><해제여부> </해제여부></item><item><거래금액>    77,000</거래금액><거래유형>중개거래</거래유형><건축년도>2005</건축년도><년>2022</년><도로명>길음로</도로명><도로명건물본번호코드>00119</도로명건물본번호코드><도로명건물부번호코드>00000</도로명건물부번호코드><도로명시군구코드>11290</도로명시군구코드><도로명일련번호코드>01</도로명일련번호코드><도로명지상지하코드>0</도로명지상지하코드><도로명코드>3107001</도로명코드><법정동> 길음동</법정동><법정동본번코드>1280</법정동본번코드><법정동부번코드>0000</법정동부번코드><법정동시군구코드>11290</법정동시군구코드><법정동읍면동코드>13400</법정동읍면동코드><법정동지번코드>1</법정동지번코드><아파트>길음뉴타운2단지푸르지오</아파트><월>12</월><일>22</일><일련번호>11290-210</일련번호><전용면적>114.73</전용면적><중개사소재지>서울 성북구</중개사소재지><지번>1280</지번><지역코드>11290</지역코드><층>10</층><해제사유발생일> </해제사유발생일><해제여부> </해제여부></item><item><거래금액>    72,000</거래금액><거래유형>중개거래</거래유형><건축년도>2005</건축년도><년>2022</년><도로명>길음로13길</도로명><도로명건물본번호코드>00039</도로명건물본번호코드><도로명건물부번호코드>00000</도로명건물부번호코드><도로명시군구코드>11290</도로명시군구코드><도로명일련번호코드>01</도로명일련번호코드><도로명지상지하코드>0</도로명지상지하코드><도로명코드>4121001</도로명코드><법정동> 길음동</법정동><법정동본번코드>1280</법정동본번코드><법정동부번코드>0001</법정동부번코드><법정동시군구코드>11290</법정동시군구코드><법정동읍면동코드>13400</법정동읍면동코드><법정동지번코드>1</법정동지번코드><아파트>길음뉴타운3단지푸르지오</아파트><월>12</월><일>23</일><일련번호>11290-211</일련번호><전용면적>84.97</전용면적><중개사소재지>서울 강북구</중개사소재지><지번>1280-1</지번><지역코드>11290</지역코드><층>15</층><해제사유발생일> </해제사유발생일><해제여부> </해제여부></item><item><거래금액>    75,000</거래금액><거래유형>중개거래</거래유형><건축년도>2010</건축년도><년>2022</년><도로명>길음로9길</도로명><도로명건물본번호코드>00050</도로명건물본번호코드><도로명건물부번호코드>00000</도로명건물부번호코드><도로명시군구코드>11290</도로명시군구코드><도로명일련번호코드>02</도로명일련번호코드><도로명지상지하코드>0</도로명지상지하코드><도로명코드>4121010</도로명코드><법정동> 길음동</법정동><법정동본번코드>1286</법정동본번코드><법정동부번코드>0000</법정동부번코드><법정동시군구코드>11290</법정동시군구코드><법정동읍면동코드>13400</법정동읍면동코드><법정동지번코드>1</법정동지번코드><아파트>길음뉴타운9단지(래미안)</아파트><월>12</월><일>24</일><일련번호>11290-3825</일련번호><전용면적>59.98</전용면적><중개사소재지>서울 성북구</중개사소재지><지번>1286</지번><지역코드>11290</지역코드><층>23</층><해제사유발생일> </해제사유발생일><해제여부> </해제여부></item><item><거래금액>    71,000</거래금액><거래유형>중개거래</거래유형><건축년도>2010</건축년도><년>2022</년><도로명>길음로</도로명><도로명건물본번호코드>00033</도로명건물본번호코드><도로명건물부번호코드>00000</도로명건물부번호코드><도로명시군구코드>11290</도로명시군구코드><도로명일련번호코드>01</도로명일련번호코드><도로명지상지하코드>0</도로명지상지하코드><도로명코드>3107001</도로명코드><법정동> 길음동</법정동><법정동본번코드>1284</법정동본번코드><법정동부번코드>0000</법정동부번코드><법정동시군구코드>11290</법정동시군구코드><법정동읍면동코드>13400</법정동읍면동코드><법정동지번코드>1</법정동지번코드><아파트>길음뉴타운8단지(래미안)</아파트><월>12</월><일>31</일><일련번호>11290-3807</일련번호><전용면적>59.99</전용면적><중개사소재지>서울 성북구</중개사소재지><지번>1284</지번><지역코드>11290</지역코드><층>13</층><해제사유발생일> </해제사유발생일><해제여부> </해제여부></item><item><거래금액>    55,000</거래금액><거래유형>직거래</거래유형><건축년도>2000</건축년도><년>2022</년><도로명>북악산로29길</도로명><도로명건물본번호코드>00067</도로명건물본번호코드><도로명건물부번호코드>00000</도로명건물부번호코드><도로명시군구코드>11290</도로명시군구코드><도로명일련번호코드>01</도로명일련번호코드><도로명지상지하코드>0</도로명지상지하코드><도로명코드>4121238</도로명코드><법정동> 종암동</법정동><법정동본번코드>0128</법정동본번코드><법정동부번코드>0000</법정동부번코드><법정동시군구코드>11290</법정동시군구코드><법정동읍면동코드>13500</법정동읍면동코드><법정동지번코드>1</법정동지번코드><아파트>극동</아파트><월>12</월><일>14</일><일련번호>11290-62</일련번호><전용면적>59.67</전용면적><중개사소재지> </중개사소재지><지번>128</지번><지역코드>11290</지역코드><층>5</층><해제사유발생일> </해제사유발생일><해제여부> </해제여부></item><item><거래금액>    77,900</거래금액><거래유형>중개거래</거래유형><건축년도>1999</건축년도><년>2022</년><도로명>종암로24가길</도로명><도로명건물본번호코드>00053</도로명건물본번호코드><도로명건물부번호코드>00000</도로명건물부번호코드><도로명시군구코드>11290</도로명시군구코드><도로명일련번호코드>01</도로명일련번호코드><도로명지상지하코드>0</도로명지상지하코드><도로명코드>4121668</도로명코드><법정동> 종암동</법정동><법정동본번코드>0104</법정동본번코드><법정동부번코드>0001</법정동부번코드><법정동시군구코드>11290</법정동시군구코드><법정동읍면동코드>13500</법정동읍면동코드><법정동지번코드>1</법정동지번코드><아파트>종암에스케이</아파트><월>12</월><일>15</일><일련번호>11290-65</일련번호><전용면적>114.75</전용면적><중개사소재지>서울 성북구</중개사소재지><지번>104-1</지번><지역코드>11290</지역코드><층>27</층><해제사유발생일> </해제사유발생일><해제여부> </해제여부></item><item><거래금액>    52,500</거래금액><거래유형>직거래</거래유형><건축년도>2007</건축년도><년>2022</년><도로명>월곡로14길</도로명><도로명건물본번호코드>00026</도로명건물본번호코드><도로명건물부번호코드>00000</도로명건물부번호코드><도로명시군구코드>11290</도로명시군구코드><도로명일련번호코드>01</도로명일련번호코드><도로명지상지하코드>0</도로명지상지하코드><도로명코드>4121461</도로명코드><법정동> 하월곡동</법정동><법정동본번코드>0226</법정동본번코드><법정동부번코드>0000</법정동부번코드><법정동시군구코드>11290</법정동시군구코드><법정동읍면동코드>13600</법정동읍면동코드><법정동지번코드>1</법정동지번코드><아파트>월곡래미안루나밸리</아파트><월>12</월><일>1</일><일련번호>11290-3572</일련번호><전용면적>59.98</전용면적><중개사소재지> </중개사소재지><지번>226</지번><지역코드>11290</지역코드><층>20</층><해제사유발생일> </해제사유발생일><해제여부> </해제여부></item><item><거래금액>    53,000</거래금액><거래유형>중개거래</거래유형><건축년도>1998</건축년도><년>2022</년><도로명>오패산로3길</도로명><도로명건물본번호코드>00017</도로명건물본번호코드><도로명건물부번호코드>00000</도로명건물부번호코드><도로명시군구코드>11290</도로명시군구코드><도로명일련번호코드>01</도로명일련번호코드><도로명지상지하코드>0</도로명지상지하코드><도로명코드>4121443</도로명코드><법정동> 하월곡동</법정동><법정동본번코드>0219</법정동본번코드><법정동부번코드>0000</법정동부번코드><법정동시군구코드>11290</법정동시군구코드><법정동읍면동코드>13600</법정동읍면동코드><법정동지번코드>1</법정동지번코드><아파트>동신</아파트><월>12</월><일>2</일><일련번호>11290-67</일련번호><전용면적>59.88</전용면적><중개사소재지>서울 성북구</중개사소재지><지번>219</지번><지역코드>11290</지역코드><층>17</층><해제사유발생일> </해제사유발생일><해제여부> </해제여부></item><item><거래금액>    70,000</거래금액><거래유형>중개거래</거래유형><건축년도>2003</건축년도><년>2022</년><도로명>오패산로</도로명><도로명건물본번호코드>00046</도로명건물본번호코드><도로명건물부번호코드>00000</도로명건물부번호코드><도로명시군구코드>11290</도로명시군구코드><도로명일련번호코드>01</도로명일련번호코드><도로명지상지하코드>0</도로명지상지하코드><도로명코드>3005044</도로명코드><법정동> 하월곡동</법정동><법정동본번코드>0222</법정동본번코드><법정동부번코드>0000</법정동부번코드><법정동시군구코드>11290</법정동시군구코드><법정동읍면동코드>13600</법정동읍면동코드><법정동지번코드>1</법정동지번코드><아파트>월곡두산위브</아파트><월>12</월><일>6</일><일련번호>11290-88</일련번호><전용면적>84.843</전용면적><중개사소재지>서울 성북구</중개사소재지><지번>222</지번><지역코드>11290</지역코드><층>9</층><해제사유발생일> </해제사유발생일><해제여부> </해제여부></item><item><거래금액>    71,000</거래금액><거래유형>중개거래</거래유형><건축년도>2003</건축년도><년>2022</년><도로명>오패산로</도로명><도로명건물본번호코드>00046</도로명건물본번호코드><도로명건물부번호코드>00000</도로명건물부번호코드><도로명시군구코드>11290</도로명시군구코드><도로명일련번호코드>01</도로명일련번호코드><도로명지상지하코드>0</도로명지상지하코드><도로명코드>3005044</도로명코드><법정동> 하월곡동</법정동><법정동본번코드>0222</법정동본번코드><법정동부번코드>0000</법정동부번코드><법정동시군구코드>11290</법정동시군구코드><법정동읍면동코드>13600</법정동읍면동코드><법정동지번코드>1</법정동지번코드><아파트>월곡두산위브</아파트><월>12</월><일>9</일><일련번호>11290-88</일련번호><전용면적>84.766</전용면적><중개사소재지>서울 성북구, 서울 중랑구</중개사소재지><지번>222</지번><지역코드>11290</지역코드><층>4</층><해제사유발생일> </해제사유발생일><해제여부> </해제여부></item><item><거래금액>    74,000</거래금액><거래유형>중개거래</거래유형><건축년도>2007</건축년도><년>2022</년><도로명>월곡로14길</도로명><도로명건물본번호코드>00026</도로명건물본번호코드><도로명건물부번호코드>00000</도로명건물부번호코드><도로명시군구코드>11290</도로명시군구코드><도로명일련번호코드>01</도로명일련번호코드><도로명지상지하코드>0</도로명지상지하코드><도로명코드>4121461</도로명코드><법정동> 하월곡동</법정동><법정동본번코드>0226</법정동본번코드><법정동부번코드>0000</법정동부번코드><법정동시군구코드>11290</법정동시군구코드><법정동읍면동코드>13600</법정동읍면동코드><법정동지번코드>1</법정동지번코드><아파트>월곡래미안루나밸리</아파트><월>12</월><일>16</일><일련번호>11290-3572</일련번호><전용면적>59.98</전용면적><중개사소재지>서울 성북구</중개사소재지><지번>226</지번><지역코드>11290</지역코드><층>23</층><해제사유발생일> </해제사유발생일><해제여부> </해제여부></item><item><거래금액>    60,000</거래금액><거래유형>중개거래</거래유형><건축년도>2010</건축년도><년>2022</년><도로명>오패산로16가길</도로명><도로명건물본번호코드>00040</도로명건물본번호코드><도로명건물부번호코드>00000</도로명건물부번호코드><도로명시군구코드>11290</도로명시군구코드><도로명일련번호코드>01</도로명일련번호코드><도로명지상지하코드>0</도로명지상지하코드><도로명코드>4121807</도로명코드><법정동> 하월곡동</법정동><법정동본번코드>0228</법정동본번코드><법정동부번코드>0000</법정동부번코드><법정동시군구코드>11290</법정동시군구코드><법정동읍면동코드>13600</법정동읍면동코드><법정동지번코드>1</법정동지번코드><아파트>꿈의숲푸르지오</아파트><월>12</월><일>17</일><일련번호>11290-3794</일련번호><전용면적>59.65</전용면적><중개사소재지>서울 성북구</중개사소재지><지번>228</지번><지역코드>11290</지역코드><층>5</층><해제사유발생일> </해제사유발생일><해제여부> </해제여부></item><item><거래금액>   108,000</거래금액><거래유형>중개거래</거래유형><건축년도>2011</건축년도><년>2022</년><도로명>종암로</도로명><도로명건물본번호코드>00167</도로명건물본번호코드><도로명건물부번호코드>00000</도로명건물부번호코드><도로명시군구코드>11290</도로명시군구코드><도로명일련번호코드>02</도로명일련번호코드><도로명지상지하코드>0</도로명지상지하코드><도로명코드>3005036</도로명코드><법정동> 하월곡동</법정동><법정동본번코드>0230</법정동본번코드><법정동부번코드>0000</법정동부번코드><법정동시군구코드>11290</법정동시군구코드><법정동읍면동코드>13600</법정동읍면동코드><법정동지번코드>1</법정동지번코드><아파트>동일하이빌뉴시티</아파트><월>12</월><일>23</일><일련번호>11290-3875</일련번호><전용면적>126.6</전용면적><중개사소재지>서울 성북구</중개사소재지><지번>230</지번><지역코드>11290</지역코드><층>19</층><해제사유발생일> </해제사유발생일><해제여부> </해제여부></item><item><거래금액>    11,000</거래금액><거래유형>직거래</거래유형><건축년도>2013</건축년도><년>2022</년><도로명>동소문로46길</도로명><도로명건물본번호코드>00018</도로명건물본번호코드><도로명건물부번호코드>00000</도로명건물부번호코드><도로명시군구코드>11290</도로명시군구코드><도로명일련번호코드>01</도로명일련번호코드><도로명지상지하코드>0</도로명지상지하코드><도로명코드>4121129</도로명코드><법정동> 하월곡동</법정동><법정동본번코드>0088</법정동본번코드><법정동부번코드>0510</법정동부번코드><법정동시군구코드>11290</법정동시군구코드><법정동읍면동코드>13600</법정동읍면동코드><법정동지번코드>1</법정동지번코드><아파트>삼전솔하임3차</아파트><월>12</월><일>28</일><일련번호>11290-4041</일련번호><전용면적>15.55</전용면적><중개사소재지> </중개사소재지><지번>88-510</지번><지역코드>11290</지역코드><층>13</층><해제사유발생일> </해제사유발생일><해제여부> </해제여부></item><item><거래금액>    69,000</거래금액><거래유형>중개거래</거래유형><건축년도>2003</건축년도><년>2022</년><도로명>장월로1길</도로명><도로명건물본번호코드>00028</도로명건물본번호코드><도로명건물부번호코드>00000</도로명건물부번호코드><도로명시군구코드>11290</도로명시군구코드><도로명일련번호코드>02</도로명일련번호코드><도로명지상지하코드>0</도로명지상지하코드><도로명코드>4121514</도로명코드><법정동> 상월곡동</법정동><법정동본번코드>0101</법정동본번코드><법정동부번코드>0000</법정동부번코드><법정동시군구코드>11290</법정동시군구코드><법정동읍면동코드>13700</법정동읍면동코드><법정동지번코드>1</법정동지번코드><아파트>동아에코빌</아파트><월>12</월><일>17</일><일련번호>11290-71</일련번호><전용면적>114.66</전용면적><중개사소재지>서울 성북구</중개사소재지><지번>101</지번><지역코드>11290</지역코드><층>3</층><해제사유발생일> </해제사유발생일><해제여부> </해제여부></item><item><거래금액>    13,100</거래금액><거래유형>중개거래</거래유형><건축년도>2019</건축년도><년>2022</년><도로명>화랑로</도로명><도로명건물본번호코드>00299</도로명건물본번호코드><도로명건물부번호코드>00000</도로명건물부번호코드><도로명시군구코드>11290</도로명시군구코드><도로명일련번호코드>00</도로명일련번호코드><도로명지상지하코드>0</도로명지상지하코드><도로명코드>3005046</도로명코드><법정동> 장위동</법정동><법정동본번코드>0008</법정동본번코드><법정동부번코드>0002</법정동부번코드><법정동시군구코드>11290</법정동시군구코드><법정동읍면동코드>13800</법정동읍면동코드><법정동지번코드>1</법정동지번코드><아파트>석계역한일노벨리아시티</아파트><월>12</월><일>1</일><일련번호>11290-4854</일련번호><전용면적>14.7145</전용면적><중개사소재지>서울 성북구</중개사소재지><지번>8-2</지번><지역코드>11290</지역코드><층>15</층><해제사유발생일> </해제사유발생일><해제여부> </해제여부></item><item><거래금액>    82,500</거래금액><거래유형>중개거래</거래유형><건축년도>2021</건축년도><년>2022</년><도로명>장월로</도로명><도로명건물본번호코드>00160</도로명건물본번호코드><도로명건물부번호코드>00000</도로명건물부번호코드><도로명시군구코드>11290</도로명시군구코드><도로명일련번호코드>00</도로명일련번호코드><도로명코드>3107012</도로명코드><법정동> 장위동</법정동><법정동본번코드>0322</법정동본번코드><법정동부번코드>0000</법정동부번코드><법정동시군구코드>11290</법정동시군구코드><법정동읍면동코드>13800</법정동읍면동코드><법정동지번코드>1</법정동지번코드><아파트>래미안포레카운티</아파트><월>12</월><일>4</일><일련번호>11290-4834</일련번호><전용면적>84.98</전용면적><중개사소재지>서울 성북구</중개사소재지><지번>322</지번><지역코드>11290</지역코드><층>7</층><해제사유발생일> </해제사유발생일><해제여부> </해제여부></item><item><거래금액>    87,000</거래금액><거래유형>중개거래</거래유형><건축년도>2017</건축년도><년>2022</년><도로명>돌곶이로</도로명><도로명건물본번호코드>00220</도로명건물본번호코드><도로명건물부번호코드>00000</도로명건물부번호코드><도로명시군구코드>11290</도로명시군구코드><도로명일련번호코드>01</도로명일련번호코드><도로명지상지하코드>0</도로명지상지하코드><도로명코드>3107002</도로명코드><법정동> 장위동</법정동><법정동본번코드>0319</법정동본번코드><법정동부번코드>0000</법정동부번코드><법정동시군구코드>11290</법정동시군구코드><법정동읍면동코드>13800</법정동읍면동코드><법정동지번코드>1</법정동지번코드><아파트>꿈의숲코오롱하늘채</아파트><월>12</월><일>10</일><일련번호>11290-4641</일련번호><전용면적>84.71</전용면적><중개사소재지>서울 성북구</중개사소재지><지번>319</지번><지역코드>11290</지역코드><층>20</층><해제사유발생일> </해제사유발생일><해제여부> </해제여부></item><item><거래금액>    89,000</거래금액><거래유형>중개거래</거래유형><건축년도>2020</건축년도><년>2022</년><도로명>한천로</도로명><도로명건물본번호코드>00713</도로명건물본번호코드><도로명건물부번호코드>00000</도로명건물부번호코드><도로명시군구코드>11290</도로명시군구코드><도로명일련번호코드>00</도로명일련번호코드><도로명코드>3005038</도로명코드><법정동> 장위동</법정동><법정동본번코드>0173</법정동본번코드><법정동부번코드>0114</법정동부번코드><법정동시군구코드>11290</법정동시군구코드><법정동읍면동코드>13800</법정동읍면동코드><법정동지번코드>1</법정동지번코드><아파트>래미안장위퍼스트하이</아파트><월>12</월><일>10</일><일련번호>11290-4861</일련번호><전용면적>84.94</전용면적><중개사소재지>서울 성북구</중개사소재지><지번>173-114</지번><지역코드>11290</지역코드><층>21</층><해제사유발생일> </해제사유발생일><해제여부> </해제여부></item><item><거래금액>    83,500</거래금액><거래유형>중개거래</거래유형><건축년도>2021</건축년도><년>2022</년><도로명>장월로</도로명><도로명건물본번호코드>00160</도로명건물본번호코드><도로명건물부번호코드>00000</도로명건물부번호코드><도로명시군구코드>11290</도로명시군구코드><도로명일련번호코드>00</도로명일련번호코드><도로명코드>3107012</도로명코드><법정동> 장위동</법정동><법정동본번코드>0322</법정동본번코드><법정동부번코드>0000</법정동부번코드><법정동시군구코드>11290</법정동시군구코드><법정동읍면동코드>13800</법정동읍면동코드><법정동지번코드>1</법정동지번코드><아파트>래미안포레카운티</아파트><월>12</월><일>14</일><일련번호>11290-4834</일련번호><전용면적>84.97</전용면적><중개사소재지>서울 성북구</중개사소재지><지번>322</지번><지역코드>11290</지역코드><층>17</층><해제사유발생일> </해제사유발생일><해제여부> </해제여부></item><item><거래금액>    71,700</거래금액><거래유형>중개거래</거래유형><건축년도>2020</건축년도><년>2022</년><도로명>한천로</도로명><도로명건물본번호코드>00713</도로명건물본번호코드><도로명건물부번호코드>00000</도로명건물부번호코드><도로명시군구코드>11290</도로명시군구코드><도로명일련번호코드>00</도로명일련번호코드><도로명코드>3005038</도로명코드><법정동> 장위동</법정동><법정동본번코드>0173</법정동본번코드><법정동부번코드>0114</법정동부번코드><법정동시군구코드>11290</법정동시군구코드><법정동읍면동코드>13800</법정동읍면동코드><법정동지번코드>1</법정동지번코드><아파트>래미안장위퍼스트하이</아파트><월>12</월><일>17</일><일련번호>11290-4861</일련번호><전용면적>59.99</전용면적><중개사소재지>서울 성북구</중개사소재지><지번>173-114</지번><지역코드>11290</지역코드><층>11</층><해제사유발생일> </해제사유발생일><해제여부> </해제여부></item><item><거래금액>    82,000</거래금액><거래유형>중개거래</거래유형><건축년도>2021</건축년도><년>2022</년><도로명>장월로</도로명><도로명건물본번호코드>00160</도로명건물본번호코드><도로명건물부번호코드>00000</도로명건물부번호코드><도로명시군구코드>11290</도로명시군구코드><도로명일련번호코드>00</도로명일련번호코드><도로명코드>3107012</도로명코드><법정동> 장위동</법정동><법정동본번코드>0322</법정동본번코드><법정동부번코드>0000</법정동부번코드><법정동시군구코드>11290</법정동시군구코드><법정동읍면동코드>13800</법정동읍면동코드><법정동지번코드>1</법정동지번코드><아파트>래미안포레카운티</아파트><월>12</월><일>17</일><일련번호>11290-4834</일련번호><전용면적>84.98</전용면적><중개사소재지>서울 성북구</중개사소재지><지번>322</지번><지역코드>11290</지역코드><층>9</층><해제사유발생일> </해제사유발생일><해제여부> </해제여부></item><item><거래금액>    85,000</거래금액><거래유형>중개거래</거래유형><건축년도>2021</건축년도><년>2022</년><도로명>장월로</도로명><도로명건물본번호코드>00160</도로명건물본번호코드><도로명건물부번호코드>00000</도로명건물부번호코드><도로명시군구코드>11290</도로명시군구코드><도로명일련번호코드>00</도로명일련번호코드><도로명코드>3107012</도로명코드><법정동> 장위동</법정동><법정동본번코드>0322</법정동본번코드><법정동부번코드>0000</법정동부번코드><법정동시군구코드>11290</법정동시군구코드><법정동읍면동코드>13800</법정동읍면동코드><법정동지번코드>1</법정동지번코드><아파트>래미안포레카운티</아파트><월>12</월><일>26</일><일련번호>11290-4834</일련번호><전용면적>84.97</전용면적><중개사소재지>서울 성북구</중개사소재지><지번>322</지번><지역코드>11290</지역코드><층>16</층><해제사유발생일> </해제사유발생일><해제여부> </해제여부></item><item><거래금액>    78,000</거래금액><거래유형>중개거래</거래유형><건축년도>2019</건축년도><년>2022</년><도로명>돌곶이로8길</도로명><도로명건물본번호코드>00022</도로명건물본번호코드><도로명건물부번호코드>00000</도로명건물부번호코드><도로명시군구코드>11290</도로명시군구코드><도로명일련번호코드>00</도로명일련번호코드><도로명코드>4121072</도로명코드><법정동> 석관동</법정동><법정동본번코드>0410</법정동본번코드><법정동부번코드>0000</법정동부번코드><법정동시군구코드>11290</법정동시군구코드><법정동읍면동코드>13900</법정동읍면동코드><법정동지번코드>1</법정동지번코드><아파트>래미안아트리치</아파트><월>12</월><일>1</일><일련번호>11290-4788</일련번호><전용면적>59.98</전용면적><중개사소재지>서울 동대문구, 서울 성북구</중개사소재지><지번>410</지번><지역코드>11290</지역코드><층>11</층><해제사유발생일> </해제사유발생일><해제여부> </해제여부></item><item><거래금액>    70,500</거래금액><거래유형>중개거래</거래유형><건축년도>2019</건축년도><년>2022</년><도로명>돌곶이로8길</도로명><도로명건물본번호코드>00022</도로명건물본번호코드><도로명건물부번호코드>00000</도로명건물부번호코드><도로명시군구코드>11290</도로명시군구코드><도로명일련번호코드>00</도로명일련번호코드><도로명코드>4121072</도로명코드><법정동> 석관동</법정동><법정동본번코드>0410</법정동본번코드><법정동부번코드>0000</법정동부번코드><법정동시군구코드>11290</법정동시군구코드><법정동읍면동코드>13900</법정동읍면동코드><법정동지번코드>1</법정동지번코드><아파트>래미안아트리치</아파트><월>12</월><일>9</일><일련번호>11290-4788</일련번호><전용면적>59.98</전용면적><중개사소재지>서울 동대문구</중개사소재지><지번>410</지번><지역코드>11290</지역코드><층>1</층><해제사유발생일> </해제사유발생일><해제여부> </해제여부></item><item><거래금액>    70,000</거래금액><거래유형>중개거래</거래유형><건축년도>1998</건축년도><년>2022</년><도로명>화랑로48길</도로명><도로명건물본번호코드>00016</도로명건물본번호코드><도로명건물부번호코드>00000</도로명건물부번호코드><도로명시군구코드>11290</도로명시군구코드><도로명일련번호코드>01</도로명일련번호코드><도로명지상지하코드>0</도로명지상지하코드><도로명코드>4121788</도로명코드><법정동> 석관동</법정동><법정동본번코드>0010</법정동본번코드><법정동부번코드>0000</법정동부번코드><법정동시군구코드>11290</법정동시군구코드><법정동읍면동코드>13900</법정동읍면동코드><법정동지번코드>1</법정동지번코드><아파트>두산</아파트><월>12</월><일>18</일><일련번호>11290-74</일련번호><전용면적>84.9</전용면적><중개사소재지>서울 성북구</중개사소재지><지번>10</지번><지역코드>11290</지역코드><층>22</층><해제사유발생일> </해제사유발생일><해제여부> </해제여부></item><item><거래금액>    69,500</거래금액><거래유형>중개거래</거래유형><건축년도>2019</건축년도><년>2022</년><도로명>돌곶이로8길</도로명><도로명건물본번호코드>00022</도로명건물본번호코드><도로명건물부번호코드>00000</도로명건물부번호코드><도로명시군구코드>11290</도로명시군구코드><도로명일련번호코드>00</도로명일련번호코드><도로명코드>4121072</도로명코드><법정동> 석관동</법정동><법정동본번코드>0410</법정동본번코드><법정동부번코드>0000</법정동부번코드><법정동시군구코드>11290</법정동시군구코드><법정동읍면동코드>13900</법정동읍면동코드><법정동지번코드>1</법정동지번코드><아파트>래미안아트리치</아파트><월>12</월><일>31</일><일련번호>11290-4788</일련번호><전용면적>59.98</전용면적><중개사소재지>서울 성북구</중개사소재지><지번>410</지번><지역코드>11290</지역코드><층>2</층><해제사유발생일> </해제사유발생일><해제여부> </해제여부></item></items><numOfRows>999</numOfRows><pageNo>1</pageNo><totalCount>51</totalCount></body></response>