<?xml version="1.0" encoding="UTF-8" standalone="yes"?><response><header><resultCode>00</resultCode><resultMsg>NORMAL SERVICE.</resultMsg></header><body><items><item><거래금액>    38,500</거래금액><거래유형>중개거래</거래유형><건축년도>2004</건축년도><년>2022</년><도로명>정릉로48길</도로명><도로명건물본번호코드>00035</도로명건물본번호코드><도로명건물부번호코드>00000</도로명건물부번호코드><도로명시군구코드>11290</도로명시군구코드><도로명일련번호코드>01</도로명일련번호코드><도로명지상지하코드>0</도로명지상지하코드><도로명코드>4121637</도로명코드><법정동> 돈암동</법정동><법정동본번코드>0007</법정동본번코드><법정동부번코드>0015</법정동부번코드><법정동시군구코드>11290</법정동시군구코드><법정동읍면동코드>10300</법정동읍면동코드><법정동지번코드>1</법정동지번코드><아파트>서라벌</아파트><월>9</월><일>2</일><일련번호>11290-127</일련번호><전용면적>73.94</전용면적><중개사소재지>서울 성북구</중개사소재지><지번>7-15</지번><지역코드>11290</지역코드><층>5</층><해제사유발생일> </해제사유발생일><해제여부> </해제여부></item><item><거래금액>    68,000</거래금액><거래유형>중개거래</거래유형><건축년도>1998</건축년도><년>2022</년><도로명>성북로4길</도로명><도로명건물본번호코드>00052</도로명건물본번호코드><도로명건물부번호코드>00000</도로명건물부번호코드><도로명시군구코드>11290</도로명시군구코드><도로명일련번호코드>02</도로명일련번호코드><도로명지상지하코드>0</도로명지상지하코드><도로명코드>4121351</도로명코드><법정동> 돈암동</법정동><법정동본번코드>0609</법정동본번코드><법정동부번코드>0001</법정동부번코드><법정동시군구코드>11290</법정동시군구코드><법정동읍면동코드>10300</법정동읍면동코드><법정동지번코드>1</법정동지번코드><아파트>한신</아파트><월>9</월><일>3</일><일련번호>11290-19</일련번호><전용면적>68.13</전용면적><중개사소재지>서울 성북구</중개사소재지><지번>609-1</지번><지역코드>11290</지역코드><층>4</층><해제사유발생일> </해제사유발생일><해제여부> </해제여부></item><item><거래금액>    89,000</거래금액><거래유형>중개거래</거래유형><건축년도>2004</건축년도><년>2022</년><도로명>북악산로</도로명><도로명건물본번호코드>00844</도로명건물본번호코드><도로명건물부번호코드>00000</도로명건물부번호코드><도로명시군구코드>11290</도로명시군구코드><도로명일련번호코드>00</도로명일련번호코드><도로명코드>3100019</도로명코드><법정동> 돈암동</법정동><법정동본번코드>0636</법정동본번코드><법정동부번코드>0000</법정동부번코드><법정동시군구코드>11290</법정동시군구코드><법정동읍면동코드>10300</법정동읍면동코드><법정동지번코드>1</법정동지번코드><아파트>이수브라운스톤돈암</아파트><월>9</월><일>6</일><일련번호>11290-116</일련번호><전용면적>84.97</전용면적><중개사소재지>서울 성북구</중개사소재지><지번>636</지번><지역코드>11290</지역코드><층>5</층><해제사유발생일> </해제사유발생일><해제여부> </해제여부></item><item><거래금액>    68,000</거래금액><거래유형>직거래</거래유형><건축년도>1998</건축년도><년>2022</년><도로명>성북로4길</도로명><도로명건물본번호코드>00052</도로명건물본번호코드><도로명건물부번호코드>00000</도로명건물부번호코드><도로명시군구코드>11290</도로명시군구코드><도로명일련번호코드>02</도로명일련번호코드><도로명지상지하코드>0</도로명지상지하코드><도로명코드>4121351</도로명코드><법정동> 돈암동</법정동><법정동본번코드>0609</법정동본번코드><법정동부번코드>0001</법정동부번코드><법정동시군구코드>11290</법정동시군구코드><법정동읍면동코드>10300</법정동읍면동코드><법정동지번코드>1</법정동지번코드><아파트>한진(609-1)</아파트><월>9</월><일>8</일><일련번호>11290-20</일련번호><전용면적>59.58</전용면적><중개사소재지> </중개사소재지><지번>609-1</지번><지역코드>11290</지역코드><층>3</층><해제사유발생일> </해제사유발생일><해제여부> </해제여부></item><item><거래금액>    72,000</거래금액><거래유형>중개거래</거래유형><건축년도>1998</건축년도><년>2022</년><도로명>성북로4길</도로명><도로명건물본번호코드>00052</도로명건물본번호코드><도로명건물부번호코드>00000</도로명건물부번호코드><도로명시군구코드>11290</도로명시군구코드><도로명일련번호코드>02</도로명일련번호코드><도로명지상지하코드>0</도로명지상지하코드><도로명코드>4121351</도로명코드><법정동> 돈암동</법정동><법정동본번코드>0609</법정동본번코드><법정동부번코드>0001</법정동부번코드><법정동시군구코드>11290</법정동시군구코드><법정동읍면동코드>10300</법정동읍면동코드><법정동지번코드>1</법정동지번코드><아파트>한신</아파트><월>9</월><일>15</일><일련번호>11290-19</일련번호><전용면적>68.13</전용면적><중개사소재지>서울 성북구</중개사소재지><지번>609-1</지번><지역코드>11290</지역코드><층>13</층><해제사유발생일> </해제사유발생일><해제여부> </해제여부></item><item><거래금액>    90,000</거래금액><거래유형>중개거래</거래유형><건축년도>1998</건축년도><년>2022</년><도로명>성북로4길</도로명><도로명건물본번호코드>00052</도로명건물본번호코드><도로명건물부번호코드>00000</도로명건물부번호코드><도로명시군구코드>11290</도로명시군구코드><도로명일련번호코드>02</도로명일련번호코드><도로명지상지하코드>0</도로명지상지하코드><도로명코드>4121351</도로명코드><법정동> 돈암동</법정동><법정동본번코드>0609</법정동본번코드><법정동부번코드>0001</법정동부번코드><법정동시군구코드>11290</법정동시군구코드><법정동읍면동코드>10300</법정동읍면동코드><법정동지번코드>1</법정동지번코드><아파트>한진(609-1)</아파트><월>9</월><일>24</일><일련번호>11290-20</일련번호><전용면적>132.96</전용면적><중개사소재지>서울 성북구</중개사소재지><지번>609-1</지번><지역코드>11290</지역코드><층>3</층><해제사유발생일> </해제사유발생일><해제여부> </해제여부></item><item><거래금액>    34,500</거래금액><거래유형>중개거래</거래유형><건축년도>1971</건축년도><년>2022</년><도로명>안암로9나길</도로명><도로명건물본번호코드>00014</도로명건물본번호코드><도로명건물부번호코드>00000</도로명건물부번호코드><도로명시군구코드>11290</도로명시군구코드><도로명일련번호코드>01</도로명일련번호코드><도로명지상지하코드>0</도로명지상지하코드><도로명코드>4121432</도로명코드><법정동> 안암동3가</법정동><법정동본번코드>0136</법정동본번코드><법정동부번코드>0001</법정동부번코드><법정동시군구코드>11290</법정동시군구코드><법정동읍면동코드>12300</법정동읍면동코드><법정동지번코드>1</법정동지번코드><아파트>대광</아파트><월>9</월><일>6</일><일련번호>11290-32</일련번호><전용면적>61.92</전용면적><중개사소재지>서울 성북구</중개사소재지><지번>136-1</지번><지역코드>11290</지역코드><층>3</층><해제사유발생일> </해제사유발생일><해제여부> </해제여부></item><item><거래금액>    38,000</거래금액><거래유형>중개거래</거래유형><건축년도>1971</건축년도><년>2022</년><도로명>안암로9나길</도로명><도로명건물본번호코드>00014</도로명건물본번호코드><도로명건물부번호코드>00000</도로명건물부번호코드><도로명시군구코드>11290</도로명시군구코드><도로명일련번호코드>01</도로명일련번호코드><도로명지상지하코드>0</도로명지상지하코드><도로명코드>4121432</도로명코드><법정동> 안암동3가</법정동><법정동본번코드>0136</법정동본번코드><법정동부번코드>0001</법정동부번코드><법정동시군구코드>11290</법정동시군구코드><법정동읍면동코드>12300</법정동읍면동코드><법정동지번코드>1</법정동지번코드><아파트>대광</아파트><월>9</월><일>23</일><일련번호>11290-32</일련번호><전용면적>61.92</전용면적><중개사소재지>서울 성북구</중개사소재지><지번>136-1</지번><지역코드>11290</지역코드><층>1</층><해제사유발생일> </해제사유발생일><해제여부> </해제여부></item><item><거래금액>    70,000</거래금액><거래유형>직거래</거래유형><건축년도>2011</건축년도><년>2022</년><도로명건물본번호코드>00037</도로명건물본번호코드><도로명건물부번호코드>00000</도로명건물부번호코드><도로명시군구코드>11290</도로명시군구코드><도로명일련번호코드>01</도로명일련번호코드><도로명지상지하코드>0</도로명지상지하코드><도로명코드>4121494</도로명코드><법정동> 보문동4가</법정동><법정동본번코드>0116</법정동본번코드><법정동부번코드>0000</법정동부번코드><법정동시군구코드>11290</법정동시군구코드><법정동읍면동코드>12600</법정동읍면동코드><법정동지번코드>1</법정동지번코드><아파트>보문하우스토리</아파트><월>9</월><일>19</일><일련번호>11290-3876</일련번호><전용면적>82.028</전용면적><중개사소재지> </중개사소재지><지번>116</지번><지역코드>11290</지역코드><층>3</층><해제사유발생일> </해제사유발생일><해제여부> </해제여부></item><item><거래금액>    83,000</거래금액><거래유형>중개거래</거래유형><건축년도>2013</건축년도><년>2022</년><도로명>낙산길</도로명><도로명건물본번호코드>00255</도로명건물본번호코드><도로명건물부번호코드>00000</도로명건물부번호코드><도로명시군구코드>11290</도로명시군구코드><도로명일련번호코드>03</도로명일련번호코드><도로명지상지하코드>0</도로명지상지하코드><도로명코드>4121011</도로명코드><법정동> 보문동3가</법정동><법정동본번코드>0230</법정동본번코드><법정동부번코드>0000</법정동부번코드><법정동시군구코드>11290</법정동시군구코드><법정동읍면동코드>13200</법정동읍면동코드><법정동지번코드>1</법정동지번코드><아파트>이편한세상보문</아파트><월>9</월><일>30</일><일련번호>11290-4074</일련번호><전용면적>84.411</전용면적><중개사소재지>서울 성북구, 서울 종로구</중개사소재지><지번>230</지번><지역코드>11290</지역코드><층>10</층><해제사유발생일> </해제사유발생일><해제여부> </해제여부></item><item><거래금액>    82,000</거래금액><거래유형>중개거래</거래유형><건축년도>2004</건축년도><년>2022</년><도로명>정릉로</도로명><도로명건물본번호코드>00292</도로명건물본번호코드><도로명건물부번호코드>00000</도로명건물부번호코드><도로명시군구코드>11290</도로명시군구코드><도로명일련번호코드>02</도로명일련번호코드><도로명지상지하코드>0</도로명지상지하코드><도로명코드>3107014</도로명코드><법정동> 정릉동</법정동><법정동본번코드>1025</법정동본번코드><법정동부번코드>0000</법정동부번코드><법정동시군구코드>11290</법정동시군구코드><법정동읍면동코드>13300</법정동읍면동코드><법정동지번코드>1</법정동지번코드><아파트>정릉힐스테이트</아파트><월>9</월><일>2</일><일련번호>11290-117</일련번호><전용면적>84.92</전용면적><중개사소재지>서울 성북구</중개사소재지><지번>1025</지번><지역코드>11290</지역코드><층>2</층><해제사유발생일> </해제사유발생일><해제여부> </해제여부></item><item><거래금액>    19,300</거래금액><거래유형>직거래</거래유형><건축년도>2022</건축년도><년>2022</년><도로명>정릉로</도로명><도로명건물본번호코드>00262</도로명건물본번호코드><도로명건물부번호코드>00000</도로명건물부번호코드><도로명시군구코드>11290</도로명시군구코드><도로명일련번호코드>00</도로명일련번호코드><도로명코드>3107014</도로명코드><법정동> 정릉동</법정동><법정동본번코드>0150</법정동본번코드><법정동부번코드>0027</법정동부번코드><법정동시군구코드>11290</법정동시군구코드><법정동읍면동코드>13300</법정동읍면동코드><법정동지번코드>1</법정동지번코드><아파트>갤럭시더정릉</아파트><월>9</월><일>7</일><일련번호>11290-5117</일련번호><전용면적>12.85</전용면적><중개사소재지> </중개사소재지><지번>150-27</지번><지역코드>11290</지역코드><층>9</층><해제사유발생일> </해제사유발생일><해제여부> </해제여부></item><item><거래금액>    18,800</거래금액><거래유형>직거래</거래유형><건축년도>2022</건축년도><년>2022</년><도로명>정릉로</도로명><도로명건물본번호코드>00262</도로명건물본번호코드><도로명건물부번호코드>00000</도로명건물부번호코드><도로명시군구코드>11290</도로명시군구코드><도로명일련번호코드>00</도로명일련번호코드><도로명코드>3107014</도로명코드><법정동> 정릉동</법정동><법정동본번코드>0150</법정동본번코드><법정동부번코드>0027</법정동부번코드><법정동시군구코드>11290</법정동시군구코드><법정동읍면동코드>13300</법정동읍면동코드><법정동지번코드>1</법정동지번코드><아파트>갤럭시더정릉</아파트><월>9</월><일>9</일><일련번호>11290-5117</일련번호><전용면적>12.85</전용면적><중개사소재지> </중개사소재지><지번>150-27</지번><지역코드>11290</지역코드><층>5</층><해제사유발생일> </해제사유발생일><해제여부> </해제여부></item><item><거래금액>    18,500</거래금액><거래유형>직거래</거래유형><건축년도>2022</건축년도><년>2022</년><도로명>정릉로</도로명><도로명건물본번호코드>00262</도로명건물본번호코드><도로명건물부번호코드>00000</도로명건물부번호코드><도로명시군구코드>11290</도로명시군구코드><도로명일련번호코드>00</도로명일련번호코드><도로명코드>3107014</도로명코드><법정동> 정릉동</법정동><법정동본번코드>0150</법정동본번코드><법정동부번코드>0027</법정동부번코드><법정동시군구코드>11290</법정동시군구코드><법정동읍면동코드>13300</법정동읍면동코드><법정동지번코드>1</법정동지번코드><아파트>갤럭시더정릉</아파트><월>9</월><일>13</일><일련번호>11290-5117</일련번호><전용면적>12.32</전용면적><중개사소재지> </중개사소재지><지번>150-27</지번><지역코드>11290</지역코드><층>4</층><해제사유발생일> </해제사유발생일><해제여부> </해제여부></item><item><거래금액>    18,800</거래금액><거래유형>직거래</거래유형><건축년도>2022</건축년도><년>2022</년><도로명>정릉로</도로명><도로명건물본번호코드>00262</도로명건물본번호코드><도로명건물부번호코드>00000</도로명건물부번호코드><도로명시군구코드>11290</도로명시군구코드><도로명일련번호코드>00</도로명일련번호코드><도로명코드>3107014</도로명코드><법정동> 정릉동</법정동><법정동본번코드>0150</법정동본번코드><법정동부번코드>0027</법정동부번코드><법정동시군구코드>11290</법정동시군구코드><법정동읍면동코드>13300</법정동읍면동코드><법정동지번코드>1</법정동지번코드><아파트>갤럭시더정릉</아파트><월>9</월><일>14</일><일련번호>11290-5117</일련번호><전용면적>12.33</전용면적><중개사소재지> </중개사소재지><지번>150-27</지번><지역코드>11290</지역코드><층>5</층><해제사유발생일> </해제사유발생일><해제여부> </해제여부></item><item><거래금액>    19,300</거래금액><거래유형>직거래</거래유형><건축년도>2022</건축년도><년>2022</년><도로명>정릉로</도로명><도로명건물본번호코드>00262</도로명건물본번호코드><도로명건물부번호코드>00000</도로명건물부번호코드><도로명시군구코드>11290</도로명시군구코드><도로명일련번호코드>00</도로명일련번호코드><도로명코드>3107014</도로명코드><법정동> 정릉동</법정동><법정동본번코드>0150</법정동본번코드><법정동부번코드>0027</법정동부번코드><법정동시군구코드>11290</법정동시군구코드><법정동읍면동코드>13300</법정동읍면동코드><법정동지번코드>1</법정동지번코드><아파트>갤럭시더정릉</아파트><월>9</월><일>20</일><일련번호>11290-5117</일련번호><전용면적>12.85</전용면적><중개사소재지> </중개사소재지><지번>150-27</지번><지역코드>11290</지역코드><층>10</층><해제사유발생일> </해제사유발생일><해제여부> </해제여부></item><item><거래금액>    63,000</거래금액><거래유형>중개거래</거래유형><건축년도>2006</건축년도><년>2022</년><도로명>솔샘로24길</도로명><도로명건물본번호코드>00015</도로명건물본번호코드><도로명건물부번호코드>00000</도로명건물부번호코드><도로명시군구코드>11290</도로명시군구코드><도로명일련번호코드>01</도로명일련번호코드><도로명지상지하코드>0</도로명지상지하코드><도로명코드>4121377</도로명코드><법정동> 정릉동</법정동><법정동본번코드>1028</법정동본번코드><법정동부번코드>0000</법정동부번코드><법정동시군구코드>11290</법정동시군구코드><법정동읍면동코드>13300</법정동읍면동코드><법정동지번코드>1</법정동지번코드><아파트>정릉e-편한세상</아파트><월>9</월><일>21</일><일련번호>11290-3510</일련번호><전용면적>59.77</전용면적><중개사소재지>서울 성북구</중개사소재지><지번>1028</지번><지역코드>11290</지역코드><층>13</층><해제사유발생일> </해제사유발생일><해제여부> </해제여부></item><item><거래금액>    56,000</거래금액><거래유형>중개거래</거래유형><건축년도>2005</건축년도><년>2022</년><도로명>솔샘로</도로명><도로명건물본번호코드>00120</도로명건물본번호코드><도로명건물부번호코드>00000</도로명건물부번호코드><도로명시군구코드>11290</도로명시군구코드><도로명일련번호코드>01</도로명일련번호코드><도로명지상지하코드>0</도로명지상지하코드><도로명코드>3005042</도로명코드><법정동> 정릉동</법정동><법정동본번코드>0239</법정동본번코드><법정동부번코드>0000</법정동부번코드><법정동시군구코드>11290</법정동시군구코드><법정동읍면동코드>13300</법정동읍면동코드><법정동지번코드>1</법정동지번코드><아파트>정릉풍림아이원</아파트><월>9</월><일>24</일><일련번호>11290-82</일련번호><전용면적>59.88</전용면적><중개사소재지>서울 성북구</중개사소재지><지번>239</지번><지역코드>11290</지역코드><층>14</층><해제사유발생일> </해제사유발생일><해제여부> </해제여부></item><item><거래금액>    18,800</거래금액><거래유형>직거래</거래유형><건축년도>2022</건축년도><년>2022</년><도로명>정릉로</도로명><도로명건물본번호코드>00262</도로명건물본번호코드><도로명건물부번호코드>00000</도로명건물부번호코드><도로명시군구코드>11290</도로명시군구코드><도로명일련번호코드>00</도로명일련번호코드><도로명코드>3107014</도로명코드><법정동> 정릉동</법정동><법정동본번코드>0150</법정동본번코드><법정동부번코드>0027</법정동부번코드><법정동시군구코드>11290</법정동시군구코드><법정동읍면동코드>13300</법정동읍면동코드><법정동지번코드>1</법정동지번코드><아파트>갤럭시더정릉</아파트><월>9</월><일>24</일><일련번호>11290-5117</일련번호><전용면적>12</전용면적><중개사소재지> </중개사소재지><지번>150-27</지번><지역코드>11290</지역코드><층>5</층><해제사유발생일> </해제사유발생일><해제여부> </해제여부></item><item><거래금액>    19,300</거래금액><거래유형>직거래</거래유형><건축년도>2022</건축년도><년>2022</년><도로명>정릉로</도로명><도로명건물본번호코드>00262</도로명건물본번호코드><도로명건물부번호코드>00000</도로명건물부번호코드><도로명시군구코드>11290</도로명시군구코드><도로명일련번호코드>00</도로명일련번호코드><도로명코드>3107014</도로명코드><법정동> 정릉동</법정동><법정동본번코드>0150</법정동본번코드><법정동부번코드>0027</법정동부번코드><법정동시군구코드>11290</법정동시군구코드><법정동읍면동코드>13300</법정동읍면동코드><법정동지번코드>1</법정동지번코드><아파트>갤럭시더정릉</아파트><월>9</월><일>30</일><일련번호>11290-5117</일련번호><전용면적>12.85</전용면적><중개사소재지> </중개사소재지><지번>150-27</지번><지역코드>11290</지역코드><층>10</층><해제사유발생일> </해제사유발생일><해제여부> </해제여부></item><item><거래금액>    92,000</거래금액><거래유형>중개거래</거래유형><건축년도>2005</건축년도><년>2022</년><도로명>길음로</도로명><도로명건물본번호코드>00118</도로명건물본번호코드><도로명건물부번호코드>00000</도로명건물부번호코드><도로명시군구코드>11290</도로명시군구코드><도로명일련번호코드>01</도로명일련번호코드><도로명지상지하코드>0</도로명지상지하코드><도로명코드>3107001</도로명코드><법정동> 길음동</법정동><법정동본번코드>1281</법정동본번코드><법정동부번코드>0000</법정동부번코드><법정동시군구코드>11290</법정동시군구코드><법정동읍면동코드>13400</법정동읍면동코드><법정동지번코드>1</법정동지번코드><아파트>길음뉴타운4단지(e편한세상)</아파트><월>9</월><일>2</일><일련번호>11290-212</일련번호><전용면적>84.64</전용면적><중개사소재지>서울 성북구</중개사소재지><지번>1281</지번><지역코드>11290</지역코드><층>12</층><해제사유발생일> </해제사유발생일><해제여부> </해제여부></item><item><거래금액>    88,000</거래금액><거래유형>직거래</거래유형><건축년도>2006</건축년도><년>2022</년><도로명>길음로</도로명><도로명건물본번호코드>00074</도로명건물본번호코드><도로명건물부번호코드>00000</도로명건물부번호코드><도로명시군구코드>11290</도로명시군구코드><도로명일련번호코드>01</도로명일련번호코드><도로명지상지하코드>0</도로명지상지하코드><도로명코드>3107001</도로명코드><법정동> 길음동</법정동><법정동본번코드>1282</법정동본번코드><법정동부번코드>0000</법정동부번코드><법정동시군구코드>11290</법정동시군구코드><법정동읍면동코드>13400</법정동읍면동코드><법정동지번코드>1</법정동지번코드><아파트>길음뉴타운5단지(래미안)</아파트><월>9</월><일>4</일><일련번호>11290-3511</일련번호><전용면적>59.75</전용면적><중개사소재지> </중개사소재지><지번>1282</지번><지역코드>11290</지역코드><층>18</층><해제사유발생일> </해제사유발생일><해제여부> </해제여부></item><item><거래금액>    76,000</거래금액><거래유형>중개거래</거래유형><건축년도>2003</건축년도><년>2022</년><도로명>길음로9길</도로명><도로명건물본번호코드>00040</도로명건물본번호코드><도로명건물부번호코드>00000</도로명건물부번호코드><도로명시군구코드>11290</도로명시군구코드><도로명일련번호코드>02</도로명일련번호코드><도로명지상지하코드>0</도로명지상지하코드><도로명코드>4121010</도로명코드><법정동> 길음동</법정동><법정동본번코드>1279</법정동본번코드><법정동부번코드>0000</법정동부번코드><법정동시군구코드>11290</법정동시군구코드><법정동읍면동코드>13400</법정동읍면동코드><법정동지번코드>1</법정동지번코드><아파트>길음뉴타운1단지(래미안길음1차)</아파트><월>9</월><일>22</일><일련번호>11290-60</일련번호><전용면적>59.99</전용면적><중개사소재지>서울 성북구</중개사소재지><지번>1279</지번><지역코드>11290</지역코드><층>7</층><해제사유발생일> </해제사유발생일><해제여부> </해제여부></item><item><거래금액>    65,000</거래금액><거래유형>중개거래</거래유형><건축년도>1998</건축년도><년>2022</년><도로명>동소문로</도로명><도로명건물본번호코드>00248</도로명건물본번호코드><도로명건물부번호코드>00000</도로명건물부번호코드><도로명시군구코드>11290</도로명시군구코드><도로명일련번호코드>11</도로명일련번호코드><도로명지상지하코드>0</도로명지상지하코드><도로명코드>3107003</도로명코드><법정동> 길음동</법정동><법정동본번코드>1276</법정동본번코드><법정동부번코드>0000</법정동부번코드><법정동시군구코드>11290</법정동시군구코드><법정동읍면동코드>13400</법정동읍면동코드><법정동지번코드>1</법정동지번코드><아파트>삼부컨비니언</아파트><월>9</월><일>27</일><일련번호>11290-57</일련번호><전용면적>59.94</전용면적><중개사소재지>서울 성북구</중개사소재지><지번>1276</지번><지역코드>11290</지역코드><층>13</층><해제사유발생일> </해제사유발생일><해제여부> </해제여부></item><item><거래금액>   105,000</거래금액><거래유형>직거래</거래유형><건축년도>2019</건축년도><년>2022</년><도로명>서경로</도로명><도로명건물본번호코드>00060</도로명건물본번호코드><도로명건물부번호코드>00000</도로명건물부번호코드><도로명시군구코드>11290</도로명시군구코드><도로명일련번호코드>00</도로명일련번호코드><도로명코드>3107006</도로명코드><법정동> 길음동</법정동><법정동본번코드>1287</법정동본번코드><법정동부번코드>0001</법정동부번코드><법정동시군구코드>11290</법정동시군구코드><법정동읍면동코드>13400</법정동읍면동코드><법정동지번코드>1</법정동지번코드><아파트>롯데캐슬골든힐스</아파트><월>9</월><일>28</일><일련번호>11290-4773</일련번호><전용면적>84.932</전용면적><중개사소재지> </중개사소재지><지번>1287-1</지번><지역코드>11290</지역코드><층>21</층><해제사유발생일>22.12.09</해제사유발생일><해제여부>O</해제여부></item><item><거래금액>    98,000</거래금액><거래유형>중개거래</거래유형><건축년도>2009</건축년도><년>2022</년><도로명>종암로23길</도로명><도로명건물본번호코드>00035</도로명건물본번호코드><도로명건물부번호코드>00000</도로명건물부번호코드><도로명시군구코드>11290</도로명시군구코드><도로명일련번호코드>01</도로명일련번호코드><도로명지상지하코드>0</도로명지상지하코드><도로명코드>4121667</도로명코드><법정동> 종암동</법정동><법정동본번코드>0133</법정동본번코드><법정동부번코드>0000</법정동부번코드><법정동시군구코드>11290</법정동시군구코드><법정동읍면동코드>13500</법정동읍면동코드><법정동지번코드>1</법정동지번코드><아파트>래미안세레니티</아파트><월>9</월><일>2</일><일련번호>11290-3786</일련번호><전용면적>84.92</전용면적><중개사소재지>서울 동대문구, 서울 성북구</중개사소재지><지번>133</지번><지역코드>11290</지역코드><층>16</층><해제사유발생일> </해제사유발생일><해제여부> </해제여부></item><item><거래금액>    75,000</거래금액><거래유형>중개거래</거래유형><건축년도>2008</건축년도><년>2022</년><도로명>종암로</도로명><도로명건물본번호코드>00132</도로명건물본번호코드><도로명건물부번호코드>00000</도로명건물부번호코드><도로명시군구코드>11290</도로명시군구코드><도로명일련번호코드>01</도로명일련번호코드><도로명지상지하코드>0</도로명지상지하코드><도로명코드>3005036</도로명코드><법정동> 종암동</법정동><법정동본번코드>0132</법정동본번코드><법정동부번코드>0000</법정동부번코드><법정동시군구코드>11290</법정동시군구코드><법정동읍면동코드>13500</법정동읍면동코드><법정동지번코드>1</법정동지번코드><아파트>우림카이저팰리스</아파트><월>9</월><일>14</일><일련번호>11290-3624</일련번호><전용면적>84.98</전용면적><중개사소재지>서울 성북구</중개사소재지><지번>132</지번><지역코드>11290</지역코드><층>22</층><해제사유발생일>22.10.15</해제사유발생일><해제여부>O</해제여부></item><item><거래금액>    69,900</거래금액><거래유형>중개거래</거래유형><건축년도>2004</건축년도><년>2022</년><도로명>종암로25길</도로명><도로명건물본번호코드>00030</도로명건물본번호코드><도로명건물부번호코드>00000</도로명건물부번호코드><도로명시군구코드>11290</도로명시군구코드><도로명일련번호코드>01</도로명일련번호코드><도로명지상지하코드>0</도로명지상지하코드><도로명코드>4121670</도로명코드><법정동> 종암동</법정동><법정동본번코드>0080</법정동본번코드><법정동부번코드>0000</법정동부번코드><법정동시군구코드>11290</법정동시군구코드><법정동읍면동코드>13500</법정동읍면동코드><법정동지번코드>1</법정동지번코드><아파트>삼성래미안</아파트><월>9</월><일>21</일><일련번호>11290-84</일련번호><전용면적>59.99</전용면적><중개사소재지>서울 성북구</중개사소재지><지번>80</지번><지역코드>11290</지역코드><층>17</층><해제사유발생일> </해제사유발생일><해제여부> </해제여부></item><item><거래금액>    75,000</거래금액><거래유형>중개거래</거래유형><건축년도>1999</건축년도><년>2022</년><도로명>종암로24가길</도로명><도로명건물본번호코드>00053</도로명건물본번호코드><도로명건물부번호코드>00000</도로명건물부번호코드><도로명시군구코드>11290</도로명시군구코드><도로명일련번호코드>01</도로명일련번호코드><도로명지상지하코드>0</도로명지상지하코드><도로명코드>4121668</도로명코드><법정동> 종암동</법정동><법정동본번코드>0104</법정동본번코드><법정동부번코드>0001</법정동부번코드><법정동시군구코드>11290</법정동시군구코드><법정동읍면동코드>13500</법정동읍면동코드><법정동지번코드>1</법정동지번코드><아파트>종암에스케이</아파트><월>9</월><일>23</일><일련번호>11290-65</일련번호><전용면적>59.04</전용면적><중개사소재지>서울 강북구</중개사소재지><지번>104-1</지번><지역코드>11290</지역코드><층>7</층><해제사유발생일> </해제사유발생일><해제여부> </해제여부></item><item><거래금액>   150,000</거래금액><거래유형>중개거래</거래유형><건축년도>2011</건축년도><년>2022</년><도로명>종암로</도로명><도로명건물본번호코드>00167</도로명건물본번호코드><도로명건물부번호코드>00000</도로명건물부번호코드><도로명시군구코드>11290</도로명시군구코드><도로명일련번호코드>02</도로명일련번호코드><도로명지상지하코드>0</도로명지상지하코드><도로명코드>3005036</도로명코드><법정동> 하월곡동</법정동><법정동본번코드>0230</법정동본번코드><법정동부번코드>0000</법정동부번코드><법정동시군구코드>11290</법정동시군구코드><법정동읍면동코드>13600</법정동읍면동코드><법정동지번코드>1</법정동지번코드><아파트>동일하이빌뉴시티</아파트><월>9</월><일>1</일><일련번호>11290-3875</일련번호><전용면적>188.22</전용면적><중개사소재지>서울 성북구</중개사소재지><지번>230</지번><지역코드>11290</지역코드><층>20</층><해제사유발생일>22.09.26</해제사유발생일><해제여부>O</해제여부></item><item><거래금액>   150,000</거래금액><거래유형>중개거래</거래유형><건축년도>2011</건축년도><년>2022</년><도로명>종암로</도로명><도로명건물본번호코드>00167</도로명건물본번호코드><도로명건물부번호코드>00000</도로명건물부번호코드><도로명시군구코드>11290</도로명시군구코드><도로명일련번호코드>02</도로명일련번호코드><도로명지상지하코드>0</도로명지상지하코드><도로명코드>3005036</도로명코드><법정동> 하월곡동</법정동><법정동본번코드>0230</법정동본번코드><법정동부번코드>0000</법정동부번코드><법정동시군구코드>11290</법정동시군구코드><법정동읍면동코드>13600</법정동읍면동코드><법정동지번코드>1</법정동지번코드><아파트>동일하이빌뉴시티</아파트><월>9</월><일>1</일><일련번호>11290-3875</일련번호><전용면적>188.22</전용면적><중개사소재지>서울 성북구</중개사소재지><지번>230</지번><지역코드>11290</지역코드><층>20</층><해제사유발생일> </해제사유발생일><해제여부> </해제여부></item><item><거래금액>    60,000</거래금액><거래유형>직거래</거래유형><건축년도>2006</건축년도><년>2022</년><도로명>오패산로</도로명><도로명건물본번호코드>00090</도로명건물본번호코드><도로명건물부번호코드>00000</도로명건물부번호코드><도로명시군구코드>11290</도로명시군구코드><도로명일련번호코드>01</도로명일련번호코드><도로명지상지하코드>0</도로명지상지하코드><도로명코드>3005044</도로명코드><법정동> 하월곡동</법정동><법정동본번코드>0225</법정동본번코드><법정동부번코드>0000</법정동부번코드><법정동시군구코드>11290</법정동시군구코드><법정동읍면동코드>13600</법정동읍면동코드><법정동지번코드>1</법정동지번코드><아파트>래미안월곡</아파트><월>9</월><일>8</일><일련번호>11290-3492</일련번호><전용면적>59.754</전용면적><중개사소재지> </중개사소재지><지번>225</지번><지역코드>11290</지역코드><층>6</층><해제사유발생일> </해제사유발생일><해제여부> </해제여부></item><item><거래금액>    10,600</거래금액><거래유형>중개거래</거래유형><건축년도>2013</건축년도><년>2022</년><도로명>동소문로46길</도로명><도로명건물본번호코드>00018</도로명건물본번호코드><도로명건물부번호코드>00000</도로명건물부번호코드><도로명시군구코드>11290</도로명시군구코드><도로명일련번호코드>01</도로명일련번호코드><도로명지상지하코드>0</도로명지상지하코드><도로명코드>4121129</도로명코드><법정동> 하월곡동</법정동><법정동본번코드>0088</법정동본번코드><법정동부번코드>0510</법정동부번코드><법정동시군구코드>11290</법정동시군구코드><법정동읍면동코드>13600</법정동읍면동코드><법정동지번코드>1</법정동지번코드><아파트>삼전솔하임3차</아파트><월>9</월><일>14</일><일련번호>11290-4041</일련번호><전용면적>15.62</전용면적><중개사소재지>서울 성북구</중개사소재지><지번>88-510</지번><지역코드>11290</지역코드><층>17</층><해제사유발생일> </해제사유발생일><해제여부> </해제여부></item><item><거래금액>    81,500</거래금액><거래유형>중개거래</거래유형><건축년도>2020</건축년도><년>2022</년><도로명>한천로</도로명><도로명건물본번호코드>00713</도로명건물본번호코드><도로명건물부번호코드>00000</도로명건물부번호코드><도로명시군구코드>11290</도로명시군구코드><도로명일련번호코드>00</도로명일련번호코드><도로명코드>3005038</도로명코드><법정동> 장위동</법정동><법정동본번코드>0173</법정동본번코드><법정동부번코드>0114</법정동부번코드><법정동시군구코드>11290</법정동시군구코드><법정동읍면동코드>13800</법정동읍면동코드><법정동지번코드>1</법정동지번코드><아파트>래미안장위퍼스트하이</아파트><월>9</월><일>13</일><일련번호>11290-4861</일련번호><전용면적>59.99</전용면적><중개사소재지>서울 성북구</중개사소재지><지번>173-114</지번><지역코드>11290</지역코드><층>7</층><해제사유발생일> </해제사유발생일><해제여부> </해제여부></item><item><거래금액>    81,000</거래금액><거래유형>중개거래</거래유형><건축년도>1998</건축년도><년>2022</년><도로명>화랑로48길</도로명><도로명건물본번호코드>00016</도로명건물본번호코드><도로명건물부번호코드>00000</도로명건물부번호코드><도로명시군구코드>11290</도로명시군구코드><도로명일련번호코드>01</도로명일련번호코드><도로명지상지하코드>0</도로명지상지하코드><도로명코드>4121788</도로명코드><법정동> 석관동</법정동><법정동본번코드>0010</법정동본번코드><법정동부번코드>0000</법정동부번코드><법정동시군구코드>11290</법정동시군구코드><법정동읍면동코드>13900</법정동읍면동코드><법정동지번코드>1</법정동지번코드><아파트>두산</아파트><월>9</월><일>8</일><일련번호>11290-74</일련번호><전용면적>84.9</전용면적><중개사소재지>서울 성북구</중개사소재지><지번>10</지번><지역코드>11290</지역코드><층>22</층><해제사유발생일> </해제사유발생일><해제여부> </해제여부></item><item><거래금액>    85,000</거래금액><거래유형>중개거래</거래유형><건축년도>2019</건축년도><년>2022</년><도로명>돌곶이로8길</도로명><도로명건물본번호코드>00022</도로명건물본번호코드><도로명건물부번호코드>00000</도로명건물부번호코드><도로명시군구코드>11290</도로명시군구코드><도로명일련번호코드>00</도로명일련번호코드><도로명코드>4121072</도로명코드><법정동> 석관동</법정동><법정동본번코드>0410</법정동본번코드><법정동부번코드>0000</법정동부번코드><법정동시군구코드>11290</법정동시군구코드><법정동읍면동코드>13900</법정동읍면동코드><법정동지번코드>1</법정동지번코드><아파트>래미안아트리치</아파트><월>9</월><일>17</일><일련번호>11290-4788</일련번호><전용면적>59.98</전용면적><중개사소재지>서울 성북구</중개사소재지><지번>410</지번><지역코드>11290</지역코드><층>14</층><해제사유발생일> </해제사유발생일><해제여부> </해제여부></item></items><numOfRows>999</numOfRows><pageNo>1</pageNo><totalCount>36</totalCount></body></response>