<?xml version="1.0" encoding="UTF-8" standalone="yes"?><response><header><resultCode>00</resultCode><resultMsg>NORMAL SERVICE.</resultMsg></header><body><items><item><거래금액>    93,000</거래금액><거래유형>직거래</거래유형><건축년도>1996</건축년도><년>2022</년><도로명>무학로</도로명><도로명건물본번호코드>00050</도로명건물본번호코드><도로명건물부번호코드>00000</도로명건물부번호코드><도로명시군구코드>11200</도로명시군구코드><도로명일련번호코드>01</도로명일련번호코드><도로명지상지하코드>0</도로명지상지하코드><도로명코드>3005033</도로명코드><법정동> 하왕십리동</법정동><법정동본번코드>0258</법정동본번코드><법정동부번코드>0000</법정동부번코드><법정동시군구코드>11200</법정동시군구코드><법정동읍면동코드>10200</법정동읍면동코드><법정동지번코드>1</법정동지번코드><아파트>청계벽산</아파트><월>12</월><일>1</일><일련번호>11200-4</일련번호><전용면적>114.46</전용면적><중개사소재지> </중개사소재지><지번>258</지번><지역코드>11200</지역코드><층>4</층><해제사유발생일>22.12.23</해제사유발생일><해제여부>O</해제여부></item><item><거래금액>   123,000</거래금액><거래유형>중개거래</거래유형><건축년도>2015</건축년도><년>2022</년><도로명>무학로</도로명><도로명건물본번호코드>00033</도로명건물본번호코드><도로명건물부번호코드>00000</도로명건물부번호코드><도로명시군구코드>11200</도로명시군구코드><도로명일련번호코드>01</도로명일련번호코드><도로명코드>3005033</도로명코드><법정동> 하왕십리동</법정동><법정동본번코드>1066</법정동본번코드><법정동부번코드>0000</법정동부번코드><법정동시군구코드>11200</법정동시군구코드><법정동읍면동코드>10200</법정동읍면동코드><법정동지번코드>1</법정동지번코드><아파트>텐즈힐(1단지)</아파트><월>12</월><일>1</일><일련번호>11200-3074</일련번호><전용면적>84.96</전용면적><중개사소재지>서울 성동구</중개사소재지><지번>1066</지번><지역코드>11200</지역코드><층>11</층><해제사유발생일>23.01.17</해제사유발생일><해제여부>O</해제여부></item><item><거래금액>   123,000</거래금액><거래유형>중개거래</거래유형><건축년도>2015</건축년도><년>2022</년><도로명>무학로</도로명><도로명건물본번호코드>00033</도로명건물본번호코드><도로명건물부번호코드>00000</도로명건물부번호코드><도로명시군구코드>11200</도로명시군구코드><도로명일련번호코드>01</도로명일련번호코드><도로명코드>3005033</도로명코드><법정동> 하왕십리동</법정동><법정동본번코드>1066</법정동본번코드><법정동부번코드>0000</법정동부번코드><법정동시군구코드>11200</법정동시군구코드><법정동읍면동코드>10200</법정동읍면동코드><법정동지번코드>1</법정동지번코드><아파트>텐즈힐(1단지)</아파트><월>12</월><일>1</일><일련번호>11200-3074</일련번호><전용면적>84.96</전용면적><중개사소재지>서울 성동구</중개사소재지><지번>1066</지번><지역코드>11200</지역코드><층>11</층><해제사유발생일> </해제사유발생일><해제여부> </해제여부></item><item><거래금액>    93,000</거래금액><거래유형>직거래</거래유형><건축년도>1996</건축년도><년>2022</년><도로명>무학로</도로명><도로명건물본번호코드>00050</도로명건물본번호코드><도로명건물부번호코드>00000</도로명건물부번호코드><도로명시군구코드>11200</도로명시군구코드><도로명일련번호코드>01</도로명일련번호코드><도로명지상지하코드>0</도로명지상지하코드><도로명코드>3005033</도로명코드><법정동> 하왕십리동</법정동><법정동본번코드>0258</법정동본번코드><법정동부번코드>0000</법정동부번코드><법정동시군구코드>11200</법정동시군구코드><법정동읍면동코드>10200</법정동읍면동코드><법정동지번코드>1</법정동지번코드><아파트>청계벽산</아파트><월>12</월><일>1</일><일련번호>11200-4</일련번호><전용면적>114.46</전용면적><중개사소재지> </중개사소재지><지번>258</지번><지역코드>11200</지역코드><층>4</층><해제사유발생일> </해제사유발생일><해제여부> </해제여부></item><item><거래금액>    80,000</거래금액><거래유형>중개거래</거래유형><건축년도>2004</건축년도><년>2022</년><도로명>난계로</도로명><도로명건물본번호코드>00084</도로명건물본번호코드><도로명건물부번호코드>00000</도로명건물부번호코드><도로명시군구코드>11200</도로명시군구코드><도로명일련번호코드>02</도로명일련번호코드><도로명지상지하코드>0</도로명지상지하코드><도로명코드>3100018</도로명코드><법정동> 하왕십리동</법정동><법정동본번코드>1061</법정동본번코드><법정동부번코드>0000</법정동부번코드><법정동시군구코드>11200</법정동시군구코드><법정동읍면동코드>10200</법정동읍면동코드><법정동지번코드>1</법정동지번코드><아파트>왕십리풍림아이원</아파트><월>12</월><일>14</일><일련번호>11200-98</일련번호><전용면적>59.936</전용면적><중개사소재지>서울 성동구, 서울 중구</중개사소재지><지번>1061</지번><지역코드>11200</지역코드><층>14</층><해제사유발생일> </해제사유발생일><해제여부> </해제여부></item><item><거래금액>   123,000</거래금액><거래유형>중개거래</거래유형><건축년도>2015</건축년도><년>2022</년><도로명>무학로</도로명><도로명건물본번호코드>00033</도로명건물본번호코드><도로명건물부번호코드>00000</도로명건물부번호코드><도로명시군구코드>11200</도로명시군구코드><도로명일련번호코드>01</도로명일련번호코드><도로명코드>3005033</도로명코드><법정동> 하왕십리동</법정동><법정동본번코드>1066</법정동본번코드><법정동부번코드>0000</법정동부번코드><법정동시군구코드>11200</법정동시군구코드><법정동읍면동코드>10200</법정동읍면동코드><법정동지번코드>1</법정동지번코드><아파트>텐즈힐(1단지)</아파트><월>12</월><일>14</일><일련번호>11200-3074</일련번호><전용면적>84.96</전용면적><중개사소재지>서울 동대문구</중개사소재지><지번>1066</지번><지역코드>11200</지역코드><층>9</층><해제사유발생일> </해제사유발생일><해제여부> </해제여부></item><item><거래금액>   194,000</거래금액><거래유형>중개거래</거래유형><건축년도>2016</건축년도><년>2022</년><도로명>왕십리로</도로명><도로명건물본번호코드>00410</도로명건물본번호코드><도로명건물부번호코드>00000</도로명건물부번호코드><도로명시군구코드>11200</도로명시군구코드><도로명일련번호코드>00</도로명일련번호코드><도로명코드>3005011</도로명코드><법정동> 하왕십리동</법정동><법정동본번코드>1070</법정동본번코드><법정동부번코드>0000</법정동부번코드><법정동시군구코드>11200</법정동시군구코드><법정동읍면동코드>10200</법정동읍면동코드><법정동지번코드>1</법정동지번코드><아파트>센트라스</아파트><월>12</월><일>21</일><일련번호>11200-3120</일련번호><전용면적>115.99</전용면적><중개사소재지>서울 성동구</중개사소재지><지번>1070</지번><지역코드>11200</지역코드><층>17</층><해제사유발생일> </해제사유발생일><해제여부> </해제여부></item><item><거래금액>   128,000</거래금액><거래유형>중개거래</거래유형><건축년도>2015</건축년도><년>2022</년><도로명>무학로</도로명><도로명건물본번호코드>00033</도로명건물본번호코드><도로명건물부번호코드>00000</도로명건물부번호코드><도로명시군구코드>11200</도로명시군구코드><도로명일련번호코드>01</도로명일련번호코드><도로명코드>3005033</도로명코드><법정동> 하왕십리동</법정동><법정동본번코드>1066</법정동본번코드><법정동부번코드>0000</법정동부번코드><법정동시군구코드>11200</법정동시군구코드><법정동읍면동코드>10200</법정동읍면동코드><법정동지번코드>1</법정동지번코드><아파트>텐즈힐(1단지)</아파트><월>12</월><일>30</일><일련번호>11200-3074</일련번호><전용면적>84.88</전용면적><중개사소재지>서울 성동구</중개사소재지><지번>1066</지번><지역코드>11200</지역코드><층>14</층><해제사유발생일> </해제사유발생일><해제여부> </해제여부></item><item><거래금액>   110,000</거래금액><거래유형>중개거래</거래유형><건축년도>2003</건축년도><년>2022</년><도로명>고산자로</도로명><도로명건물본번호코드>00164</도로명건물본번호코드><도로명건물부번호코드>00000</도로명건물부번호코드><도로명시군구코드>11200</도로명시군구코드><도로명일련번호코드>04</도로명일련번호코드><도로명지상지하코드>0</도로명지상지하코드><도로명코드>3005030</도로명코드><법정동> 행당동</법정동><법정동본번코드>0349</법정동본번코드><법정동부번코드>0000</법정동부번코드><법정동시군구코드>11200</법정동시군구코드><법정동읍면동코드>10700</법정동읍면동코드><법정동지번코드>1</법정동지번코드><아파트>서울숲 한신 더 휴</아파트><월>12</월><일>9</일><일련번호>11200-24</일련번호><전용면적>84.95</전용면적><중개사소재지>서울 강남구, 서울 성동구</중개사소재지><지번>349</지번><지역코드>11200</지역코드><층>22</층><해제사유발생일> </해제사유발생일><해제여부> </해제여부></item><item><거래금액>    80,000</거래금액><거래유형>중개거래</거래유형><건축년도>2000</건축년도><년>2022</년><도로명>행당로</도로명><도로명건물본번호코드>00082</도로명건물본번호코드><도로명건물부번호코드>00000</도로명건물부번호코드><도로명시군구코드>11200</도로명시군구코드><도로명일련번호코드>01</도로명일련번호코드><도로명지상지하코드>0</도로명지상지하코드><도로명코드>3103006</도로명코드><법정동> 행당동</법정동><법정동본번코드>0346</법정동본번코드><법정동부번코드>0000</법정동부번코드><법정동시군구코드>11200</법정동시군구코드><법정동읍면동코드>10700</법정동읍면동코드><법정동지번코드>1</법정동지번코드><아파트>행당한진타운</아파트><월>12</월><일>10</일><일련번호>11200-22</일련번호><전용면적>59.96</전용면적><중개사소재지>서울 성동구</중개사소재지><지번>346</지번><지역코드>11200</지역코드><층>15</층><해제사유발생일> </해제사유발생일><해제여부> </해제여부></item><item><거래금액>    85,000</거래금액><거래유형>중개거래</거래유형><건축년도>2000</건축년도><년>2022</년><도로명>행당로</도로명><도로명건물본번호코드>00079</도로명건물본번호코드><도로명건물부번호코드>00000</도로명건물부번호코드><도로명시군구코드>11200</도로명시군구코드><도로명일련번호코드>01</도로명일련번호코드><도로명지상지하코드>0</도로명지상지하코드><도로명코드>3103006</도로명코드><법정동> 행당동</법정동><법정동본번코드>0347</법정동본번코드><법정동부번코드>0000</법정동부번코드><법정동시군구코드>11200</법정동시군구코드><법정동읍면동코드>10700</법정동읍면동코드><법정동지번코드>1</법정동지번코드><아파트>대림e-편한세상</아파트><월>12</월><일>15</일><일련번호>11200-18</일련번호><전용면적>59.96</전용면적><중개사소재지>서울 성동구</중개사소재지><지번>347</지번><지역코드>11200</지역코드><층>11</층><해제사유발생일> </해제사유발생일><해제여부> </해제여부></item><item><거래금액>    78,500</거래금액><거래유형>중개거래</거래유형><건축년도>1995</건축년도><년>2022</년><도로명>독서당로</도로명><도로명건물본번호코드>00441</도로명건물본번호코드><도로명건물부번호코드>00000</도로명건물부번호코드><도로명시군구코드>11200</도로명시군구코드><도로명일련번호코드>01</도로명일련번호코드><도로명지상지하코드>0</도로명지상지하코드><도로명코드>3005014</도로명코드><법정동> 행당동</법정동><법정동본번코드>0344</법정동본번코드><법정동부번코드>0000</법정동부번코드><법정동시군구코드>11200</법정동시군구코드><법정동읍면동코드>10700</법정동읍면동코드><법정동지번코드>1</법정동지번코드><아파트>신동아</아파트><월>12</월><일>16</일><일련번호>11200-21</일련번호><전용면적>59.97</전용면적><중개사소재지>서울 성동구</중개사소재지><지번>344</지번><지역코드>11200</지역코드><층>9</층><해제사유발생일> </해제사유발생일><해제여부> </해제여부></item><item><거래금액>   100,000</거래금액><거래유형>중개거래</거래유형><건축년도>2011</건축년도><년>2022</년><도로명>고산자로</도로명><도로명건물본번호코드>00177</도로명건물본번호코드><도로명건물부번호코드>00000</도로명건물부번호코드><도로명시군구코드>11200</도로명시군구코드><도로명일련번호코드>04</도로명일련번호코드><도로명지상지하코드>0</도로명지상지하코드><도로명코드>3005030</도로명코드><법정동> 행당동</법정동><법정동본번코드>0376</법정동본번코드><법정동부번코드>0000</법정동부번코드><법정동시군구코드>11200</법정동시군구코드><법정동읍면동코드>10700</법정동읍면동코드><법정동지번코드>1</법정동지번코드><아파트>서울숲행당푸르지오</아파트><월>12</월><일>17</일><일련번호>11200-2914</일련번호><전용면적>59.68</전용면적><중개사소재지>서울 성동구</중개사소재지><지번>376</지번><지역코드>11200</지역코드><층>8</층><해제사유발생일> </해제사유발생일><해제여부> </해제여부></item><item><거래금액>   117,000</거래금액><거래유형>중개거래</거래유형><건축년도>2018</건축년도><년>2022</년><도로명>고산자로2길</도로명><도로명건물본번호코드>00065</도로명건물본번호코드><도로명건물부번호코드>00000</도로명건물부번호코드><도로명시군구코드>11200</도로명시군구코드><도로명일련번호코드>00</도로명일련번호코드><도로명코드>4109015</도로명코드><법정동> 행당동</법정동><법정동본번코드>0380</법정동본번코드><법정동부번코드>0000</법정동부번코드><법정동시군구코드>11200</법정동시군구코드><법정동읍면동코드>10700</법정동읍면동코드><법정동지번코드>1</법정동지번코드><아파트>서울숲리버뷰자이</아파트><월>12</월><일>20</일><일련번호>11200-3173</일련번호><전용면적>59.97</전용면적><중개사소재지>서울 성동구</중개사소재지><지번>380</지번><지역코드>11200</지역코드><층>6</층><해제사유발생일> </해제사유발생일><해제여부> </해제여부></item><item><거래금액>   144,000</거래금액><거래유형>중개거래</거래유형><건축년도>2018</건축년도><년>2022</년><도로명>고산자로2길</도로명><도로명건물본번호코드>00065</도로명건물본번호코드><도로명건물부번호코드>00000</도로명건물부번호코드><도로명시군구코드>11200</도로명시군구코드><도로명일련번호코드>00</도로명일련번호코드><도로명코드>4109015</도로명코드><법정동> 행당동</법정동><법정동본번코드>0380</법정동본번코드><법정동부번코드>0000</법정동부번코드><법정동시군구코드>11200</법정동시군구코드><법정동읍면동코드>10700</법정동읍면동코드><법정동지번코드>1</법정동지번코드><아파트>서울숲리버뷰자이</아파트><월>12</월><일>22</일><일련번호>11200-3173</일련번호><전용면적>84.95</전용면적><중개사소재지>서울 성동구</중개사소재지><지번>380</지번><지역코드>11200</지역코드><층>3</층><해제사유발생일> </해제사유발생일><해제여부> </해제여부></item><item><거래금액>    90,000</거래금액><거래유형>중개거래</거래유형><건축년도>2000</건축년도><년>2022</년><도로명>행당로</도로명><도로명건물본번호코드>00082</도로명건물본번호코드><도로명건물부번호코드>00000</도로명건물부번호코드><도로명시군구코드>11200</도로명시군구코드><도로명일련번호코드>01</도로명일련번호코드><도로명지상지하코드>0</도로명지상지하코드><도로명코드>3103006</도로명코드><법정동> 행당동</법정동><법정동본번코드>0346</법정동본번코드><법정동부번코드>0000</법정동부번코드><법정동시군구코드>11200</법정동시군구코드><법정동읍면동코드>10700</법정동읍면동코드><법정동지번코드>1</법정동지번코드><아파트>행당한진타운</아파트><월>12</월><일>24</일><일련번호>11200-22</일련번호><전용면적>59.96</전용면적><중개사소재지>서울 성동구</중개사소재지><지번>346</지번><지역코드>11200</지역코드><층>24</층><해제사유발생일> </해제사유발생일><해제여부> </해제여부></item><item><거래금액>    75,000</거래금액><거래유형>중개거래</거래유형><건축년도>1995</건축년도><년>2022</년><도로명>독서당로</도로명><도로명건물본번호코드>00441</도로명건물본번호코드><도로명건물부번호코드>00000</도로명건물부번호코드><도로명시군구코드>11200</도로명시군구코드><도로명일련번호코드>01</도로명일련번호코드><도로명지상지하코드>0</도로명지상지하코드><도로명코드>3005014</도로명코드><법정동> 행당동</법정동><법정동본번코드>0344</법정동본번코드><법정동부번코드>0000</법정동부번코드><법정동시군구코드>11200</법정동시군구코드><법정동읍면동코드>10700</법정동읍면동코드><법정동지번코드>1</법정동지번코드><아파트>신동아</아파트><월>12</월><일>26</일><일련번호>11200-21</일련번호><전용면적>59.97</전용면적><중개사소재지>서울 성동구</중개사소재지><지번>344</지번><지역코드>11200</지역코드><층>4</층><해제사유발생일> </해제사유발생일><해제여부> </해제여부></item><item><거래금액>    64,700</거래금액><거래유형>직거래</거래유형><건축년도>2001</건축년도><년>2022</년><도로명>고산자로</도로명><도로명건물본번호코드>00160</도로명건물본번호코드><도로명건물부번호코드>00000</도로명건물부번호코드><도로명시군구코드>11200</도로명시군구코드><도로명일련번호코드>05</도로명일련번호코드><도로명지상지하코드>0</도로명지상지하코드><도로명코드>3005030</도로명코드><법정동> 응봉동</법정동><법정동본번코드>0015</법정동본번코드><법정동부번코드>0000</법정동부번코드><법정동시군구코드>11200</법정동시군구코드><법정동읍면동코드>10800</법정동읍면동코드><법정동지번코드>1</법정동지번코드><아파트>대림강변타운</아파트><월>12</월><일>29</일><일련번호>11200-29</일련번호><전용면적>59.76</전용면적><중개사소재지> </중개사소재지><지번>15</지번><지역코드>11200</지역코드><층>3</층><해제사유발생일> </해제사유발생일><해제여부> </해제여부></item><item><거래금액>   120,000</거래금액><거래유형>중개거래</거래유형><건축년도>2019</건축년도><년>2022</년><도로명>금호로</도로명><도로명건물본번호코드>00140</도로명건물본번호코드><도로명건물부번호코드>00000</도로명건물부번호코드><도로명시군구코드>11200</도로명시군구코드><도로명일련번호코드>00</도로명일련번호코드><도로명코드>3103001</도로명코드><법정동> 금호동1가</법정동><법정동본번코드>0280</법정동본번코드><법정동부번코드>0000</법정동부번코드><법정동시군구코드>11200</법정동시군구코드><법정동읍면동코드>10900</법정동읍면동코드><법정동지번코드>1</법정동지번코드><아파트>이편한세상금호파크힐스</아파트><월>12</월><일>3</일><일련번호>11200-3161</일련번호><전용면적>59.983</전용면적><중개사소재지>서울 성동구</중개사소재지><지번>280</지번><지역코드>11200</지역코드><층>10</층><해제사유발생일> </해제사유발생일><해제여부> </해제여부></item><item><거래금액>   132,000</거래금액><거래유형>중개거래</거래유형><건축년도>2012</건축년도><년>2022</년><도로명>금호로</도로명><도로명건물본번호코드>00107</도로명건물본번호코드><도로명건물부번호코드>00000</도로명건물부번호코드><도로명시군구코드>11200</도로명시군구코드><도로명일련번호코드>02</도로명일련번호코드><도로명지상지하코드>0</도로명지상지하코드><도로명코드>3103001</도로명코드><법정동> 금호동2가</법정동><법정동본번코드>1217</법정동본번코드><법정동부번코드>0000</법정동부번코드><법정동시군구코드>11200</법정동시군구코드><법정동읍면동코드>11000</법정동읍면동코드><법정동지번코드>1</법정동지번코드><아파트>래미안하이리버</아파트><월>12</월><일>10</일><일련번호>11200-2944</일련번호><전용면적>84.98</전용면적><중개사소재지>서울 성동구</중개사소재지><지번>1217</지번><지역코드>11200</지역코드><층>11</층><해제사유발생일> </해제사유발생일><해제여부> </해제여부></item><item><거래금액>   113,500</거래금액><거래유형>중개거래</거래유형><건축년도>2016</건축년도><년>2022</년><도로명>금호로</도로명><도로명건물본번호코드>00173</도로명건물본번호코드><도로명건물부번호코드>00000</도로명건물부번호코드><도로명시군구코드>11200</도로명시군구코드><도로명일련번호코드>02</도로명일련번호코드><도로명지상지하코드>0</도로명지상지하코드><도로명코드>3103001</도로명코드><법정동> 금호동2가</법정동><법정동본번코드>0001</법정동본번코드><법정동부번코드>0000</법정동부번코드><법정동시군구코드>11200</법정동시군구코드><법정동읍면동코드>11000</법정동읍면동코드><법정동지번코드>1</법정동지번코드><아파트>신금호파크자이</아파트><월>12</월><일>22</일><일련번호>11200-3086</일련번호><전용면적>59.98</전용면적><중개사소재지>서울 성동구</중개사소재지><지번>1</지번><지역코드>11200</지역코드><층>12</층><해제사유발생일> </해제사유발생일><해제여부> </해제여부></item><item><거래금액>    40,000</거래금액><거래유형>직거래</거래유형><건축년도>1976</건축년도><년>2022</년><도로명>금호산9가길</도로명><도로명건물본번호코드>00052</도로명건물본번호코드><도로명건물부번호코드>00000</도로명건물부번호코드><도로명시군구코드>11200</도로명시군구코드><도로명일련번호코드>01</도로명일련번호코드><도로명지상지하코드>0</도로명지상지하코드><도로명코드>4109074</도로명코드><법정동> 금호동2가</법정동><법정동본번코드>0500</법정동본번코드><법정동부번코드>0007</법정동부번코드><법정동시군구코드>11200</법정동시군구코드><법정동읍면동코드>11000</법정동읍면동코드><법정동지번코드>1</법정동지번코드><아파트>상기</아파트><월>12</월><일>29</일><일련번호>11200-151</일련번호><전용면적>46.28</전용면적><중개사소재지> </중개사소재지><지번>500-7</지번><지역코드>11200</지역코드><층>3</층><해제사유발생일> </해제사유발생일><해제여부> </해제여부></item><item><거래금액>   130,000</거래금액><거래유형>직거래</거래유형><건축년도>2012</건축년도><년>2022</년><도로명>금호로</도로명><도로명건물본번호코드>00017</도로명건물본번호코드><도로명건물부번호코드>00000</도로명건물부번호코드><도로명시군구코드>11200</도로명시군구코드><도로명일련번호코드>03</도로명일련번호코드><도로명지상지하코드>0</도로명지상지하코드><도로명코드>3103001</도로명코드><법정동> 금호동4가</법정동><법정동본번코드>0235</법정동본번코드><법정동부번코드>0000</법정동부번코드><법정동시군구코드>11200</법정동시군구코드><법정동읍면동코드>11200</법정동읍면동코드><법정동지번코드>1</법정동지번코드><아파트>서울숲푸르지오2차</아파트><월>12</월><일>13</일><일련번호>11200-2970</일련번호><전용면적>59.907</전용면적><중개사소재지> </중개사소재지><지번>235</지번><지역코드>11200</지역코드><층>6</층><해제사유발생일> </해제사유발생일><해제여부> </해제여부></item><item><거래금액>    68,000</거래금액><거래유형>직거래</거래유형><건축년도>2003</건축년도><년>2022</년><도로명>독서당로</도로명><도로명건물본번호코드>00242</도로명건물본번호코드><도로명건물부번호코드>00000</도로명건물부번호코드><도로명시군구코드>11200</도로명시군구코드><도로명일련번호코드>06</도로명일련번호코드><도로명지상지하코드>0</도로명지상지하코드><도로명코드>3005014</도로명코드><법정동> 옥수동</법정동><법정동본번코드>0012</법정동본번코드><법정동부번코드>0000</법정동부번코드><법정동시군구코드>11200</법정동시군구코드><법정동읍면동코드>11300</법정동읍면동코드><법정동지번코드>1</법정동지번코드><아파트>동인샤인빌</아파트><월>12</월><일>13</일><일련번호>11200-1831</일련번호><전용면적>57.16</전용면적><중개사소재지> </중개사소재지><지번>12</지번><지역코드>11200</지역코드><층>3</층><해제사유발생일> </해제사유발생일><해제여부> </해제여부></item><item><거래금액>   163,000</거래금액><거래유형>중개거래</거래유형><건축년도>1998</건축년도><년>2022</년><도로명>한림말길</도로명><도로명건물본번호코드>00050</도로명건물본번호코드><도로명건물부번호코드>00000</도로명건물부번호코드><도로명시군구코드>11200</도로명시군구코드><도로명일련번호코드>00</도로명일련번호코드><도로명코드>4109534</도로명코드><법정동> 옥수동</법정동><법정동본번코드>0100</법정동본번코드><법정동부번코드>0000</법정동부번코드><법정동시군구코드>11200</법정동시군구코드><법정동읍면동코드>11300</법정동읍면동코드><법정동지번코드>1</법정동지번코드><아파트>옥수하이츠</아파트><월>12</월><일>24</일><일련번호>11200-44</일련번호><전용면적>84.86</전용면적><중개사소재지>서울 성동구</중개사소재지><지번>100</지번><지역코드>11200</지역코드><층>12</층><해제사유발생일> </해제사유발생일><해제여부> </해제여부></item><item><거래금액>   112,500</거래금액><거래유형>중개거래</거래유형><건축년도>1999</건축년도><년>2022</년><도로명>독서당로</도로명><도로명건물본번호코드>00218</도로명건물본번호코드><도로명건물부번호코드>00000</도로명건물부번호코드><도로명시군구코드>11200</도로명시군구코드><도로명일련번호코드>06</도로명일련번호코드><도로명지상지하코드>0</도로명지상지하코드><도로명코드>3005014</도로명코드><법정동> 옥수동</법정동><법정동본번코드>0250</법정동본번코드><법정동부번코드>0000</법정동부번코드><법정동시군구코드>11200</법정동시군구코드><법정동읍면동코드>11300</법정동읍면동코드><법정동지번코드>1</법정동지번코드><아파트>삼성</아파트><월>12</월><일>29</일><일련번호>11200-42</일련번호><전용면적>84.822</전용면적><중개사소재지>서울 성동구</중개사소재지><지번>250</지번><지역코드>11200</지역코드><층>2</층><해제사유발생일> </해제사유발생일><해제여부> </해제여부></item><item><거래금액>   180,000</거래금액><거래유형>중개거래</거래유형><건축년도>1986</건축년도><년>2022</년><도로명>독서당로</도로명><도로명건물본번호코드>00191</도로명건물본번호코드><도로명건물부번호코드>00000</도로명건물부번호코드><도로명시군구코드>11200</도로명시군구코드><도로명일련번호코드>06</도로명일련번호코드><도로명지상지하코드>0</도로명지상지하코드><도로명코드>3005014</도로명코드><법정동> 옥수동</법정동><법정동본번코드>0428</법정동본번코드><법정동부번코드>0000</법정동부번코드><법정동시군구코드>11200</법정동시군구코드><법정동읍면동코드>11300</법정동읍면동코드><법정동지번코드>1</법정동지번코드><아파트>극동</아파트><월>12</월><일>30</일><일련번호>11200-38</일련번호><전용면적>148.23</전용면적><중개사소재지>서울 성동구</중개사소재지><지번>428</지번><지역코드>11200</지역코드><층>12</층><해제사유발생일> </해제사유발생일><해제여부> </해제여부></item><item><거래금액>   110,000</거래금액><거래유형>중개거래</거래유형><건축년도>2017</건축년도><년>2022</년><도로명>왕십리로</도로명><도로명건물본번호코드>00016</도로명건물본번호코드><도로명건물부번호코드>00000</도로명건물부번호코드><도로명시군구코드>11200</도로명시군구코드><도로명일련번호코드>00</도로명일련번호코드><도로명코드>3005011</도로명코드><법정동> 성수동1가</법정동><법정동본번코드>0718</법정동본번코드><법정동부번코드>0000</법정동부번코드><법정동시군구코드>11200</법정동시군구코드><법정동읍면동코드>11400</법정동읍면동코드><법정동지번코드>1</법정동지번코드><아파트>트리마제</아파트><월>12</월><일>30</일><일련번호>11200-3141</일련번호><전용면적>25.3284</전용면적><중개사소재지>서울 성동구</중개사소재지><지번>718</지번><지역코드>11200</지역코드><층>19</층><해제사유발생일> </해제사유발생일><해제여부> </해제여부></item></items><numOfRows>999</numOfRows><pageNo>1</pageNo><totalCount>28</totalCount></body></response>