<?xml version="1.0" encoding="UTF-8" standalone="yes"?><response><header><resultCode>00</resultCode><resultMsg>NORMAL SERVICE.</resultMsg></header><body><items><item><거래금액>    13,900</거래금액><거래유형>중개거래</거래유형><건축년도>2013</건축년도><년>2022</년><도로명>무학봉28길</도로명><도로명건물본번호코드>00005</도로명건물본번호코드><도로명건물부번호코드>00000</도로명건물부번호코드><도로명시군구코드>11200</도로명시군구코드><도로명일련번호코드>01</도로명일련번호코드><도로명지상지하코드>0</도로명지상지하코드><도로명코드>4109274</도로명코드><법정동> 하왕십리동</법정동><법정동본번코드>0966</법정동본번코드><법정동부번코드>0018</법정동부번코드><법정동시군구코드>11200</법정동시군구코드><법정동읍면동코드>10200</법정동읍면동코드><법정동지번코드>1</법정동지번코드><아파트>상리제나우스</아파트><월>11</월><일>4</일><일련번호>11200-2991</일련번호><전용면적>12.84</전용면적><중개사소재지>서울 광진구, 서울 성동구</중개사소재지><지번>966-18</지번><지역코드>11200</지역코드><층>9</층><해제사유발생일> </해제사유발생일><해제여부> </해제여부></item><item><거래금액>    16,000</거래금액><거래유형>중개거래</거래유형><건축년도>2018</건축년도><년>2022</년><도로명>살곶이길</도로명><도로명건물본번호코드>00146</도로명건물본번호코드><도로명건물부번호코드>00000</도로명건물부번호코드><도로명시군구코드>11200</도로명시군구코드><도로명일련번호코드>00</도로명일련번호코드><도로명지상지하코드>0</도로명지상지하코드><도로명코드>4109304</도로명코드><법정동> 사근동</법정동><법정동본번코드>0315</법정동본번코드><법정동부번코드>0000</법정동부번코드><법정동시군구코드>11200</법정동시군구코드><법정동읍면동코드>10600</법정동읍면동코드><법정동지번코드>1</법정동지번코드><아파트>한양마이라움</아파트><월>11</월><일>19</일><일련번호>11200-3162</일련번호><전용면적>17.99</전용면적><중개사소재지>서울 성동구</중개사소재지><지번>315</지번><지역코드>11200</지역코드><층>3</층><해제사유발생일> </해제사유발생일><해제여부> </해제여부></item><item><거래금액>   111,000</거래금액><거래유형>중개거래</거래유형><건축년도>2000</건축년도><년>2022</년><도로명>행당로</도로명><도로명건물본번호코드>00082</도로명건물본번호코드><도로명건물부번호코드>00000</도로명건물부번호코드><도로명시군구코드>11200</도로명시군구코드><도로명일련번호코드>01</도로명일련번호코드><도로명지상지하코드>0</도로명지상지하코드><도로명코드>3103006</도로명코드><법정동> 행당동</법정동><법정동본번코드>0346</법정동본번코드><법정동부번코드>0000</법정동부번코드><법정동시군구코드>11200</법정동시군구코드><법정동읍면동코드>10700</법정동읍면동코드><법정동지번코드>1</법정동지번코드><아파트>행당한진타운</아파트><월>11</월><일>11</일><일련번호>11200-22</일련번호><전용면적>84.71</전용면적><중개사소재지>서울 성동구</중개사소재지><지번>346</지번><지역코드>11200</지역코드><층>7</층><해제사유발생일> </해제사유발생일><해제여부> </해제여부></item><item><거래금액>    93,000</거래금액><거래유형>중개거래</거래유형><건축년도>1995</건축년도><년>2022</년><도로명>독서당로</도로명><도로명건물본번호코드>00441</도로명건물본번호코드><도로명건물부번호코드>00000</도로명건물부번호코드><도로명시군구코드>11200</도로명시군구코드><도로명일련번호코드>01</도로명일련번호코드><도로명지상지하코드>0</도로명지상지하코드><도로명코드>3005014</도로명코드><법정동> 행당동</법정동><법정동본번코드>0344</법정동본번코드><법정동부번코드>0000</법정동부번코드><법정동시군구코드>11200</법정동시군구코드><법정동읍면동코드>10700</법정동읍면동코드><법정동지번코드>1</법정동지번코드><아파트>신동아</아파트><월>11</월><일>22</일><일련번호>11200-21</일련번호><전용면적>84.96</전용면적><중개사소재지>서울 성동구</중개사소재지><지번>344</지번><지역코드>11200</지역코드><층>10</층><해제사유발생일> </해제사유발생일><해제여부> </해제여부></item><item><거래금액>    95,000</거래금액><거래유형>중개거래</거래유형><건축년도>1986</건축년도><년>2022</년><도로명>독서당로62길</도로명><도로명건물본번호코드>00043</도로명건물본번호코드><도로명건물부번호코드>00000</도로명건물부번호코드><도로명시군구코드>11200</도로명시군구코드><도로명일련번호코드>01</도로명일련번호코드><도로명지상지하코드>0</도로명지상지하코드><도로명코드>4109109</도로명코드><법정동> 응봉동</법정동><법정동본번코드>0100</법정동본번코드><법정동부번코드>0000</법정동부번코드><법정동시군구코드>11200</법정동시군구코드><법정동읍면동코드>10800</법정동읍면동코드><법정동지번코드>1</법정동지번코드><아파트>대림(1차)</아파트><월>11</월><일>4</일><일련번호>11200-77</일련번호><전용면적>75.51</전용면적><중개사소재지>서울 성동구</중개사소재지><지번>100</지번><지역코드>11200</지역코드><층>3</층><해제사유발생일>22.12.21</해제사유발생일><해제여부>O</해제여부></item><item><거래금액>    95,000</거래금액><거래유형>중개거래</거래유형><건축년도>1986</건축년도><년>2022</년><도로명>독서당로62길</도로명><도로명건물본번호코드>00043</도로명건물본번호코드><도로명건물부번호코드>00000</도로명건물부번호코드><도로명시군구코드>11200</도로명시군구코드><도로명일련번호코드>01</도로명일련번호코드><도로명지상지하코드>0</도로명지상지하코드><도로명코드>4109109</도로명코드><법정동> 응봉동</법정동><법정동본번코드>0100</법정동본번코드><법정동부번코드>0000</법정동부번코드><법정동시군구코드>11200</법정동시군구코드><법정동읍면동코드>10800</법정동읍면동코드><법정동지번코드>1</법정동지번코드><아파트>대림(1차)</아파트><월>11</월><일>4</일><일련번호>11200-77</일련번호><전용면적>75.51</전용면적><중개사소재지>서울 성동구</중개사소재지><지번>100</지번><지역코드>11200</지역코드><층>3</층><해제사유발생일> </해제사유발생일><해제여부> </해제여부></item><item><거래금액>   107,000</거래금액><거래유형>중개거래</거래유형><건축년도>2016</건축년도><년>2022</년><도로명>금호로</도로명><도로명건물본번호코드>00173</도로명건물본번호코드><도로명건물부번호코드>00000</도로명건물부번호코드><도로명시군구코드>11200</도로명시군구코드><도로명일련번호코드>02</도로명일련번호코드><도로명지상지하코드>0</도로명지상지하코드><도로명코드>3103001</도로명코드><법정동> 금호동2가</법정동><법정동본번코드>0001</법정동본번코드><법정동부번코드>0000</법정동부번코드><법정동시군구코드>11200</법정동시군구코드><법정동읍면동코드>11000</법정동읍면동코드><법정동지번코드>1</법정동지번코드><아파트>신금호파크자이</아파트><월>11</월><일>5</일><일련번호>11200-3086</일련번호><전용면적>59.98</전용면적><중개사소재지>서울 성동구</중개사소재지><지번>1</지번><지역코드>11200</지역코드><층>2</층><해제사유발생일> </해제사유발생일><해제여부> </해제여부></item><item><거래금액>   180,000</거래금액><거래유형>중개거래</거래유형><건축년도>1990</건축년도><년>2022</년><도로명>독서당로40길</도로명><도로명건물본번호코드>00025</도로명건물본번호코드><도로명건물부번호코드>00000</도로명건물부번호코드><도로명시군구코드>11200</도로명시군구코드><도로명일련번호코드>01</도로명일련번호코드><도로명지상지하코드>0</도로명지상지하코드><도로명코드>4109085</도로명코드><법정동> 옥수동</법정동><법정동본번코드>0004</법정동본번코드><법정동부번코드>0000</법정동부번코드><법정동시군구코드>11200</법정동시군구코드><법정동읍면동코드>11300</법정동읍면동코드><법정동지번코드>1</법정동지번코드><아파트>현대</아파트><월>11</월><일>4</일><일련번호>11200-47</일련번호><전용면적>123.51</전용면적><중개사소재지>서울 성동구</중개사소재지><지번>4</지번><지역코드>11200</지역코드><층>9</층><해제사유발생일> </해제사유발생일><해제여부> </해제여부></item><item><거래금액>   123,800</거래금액><거래유형>중개거래</거래유형><건축년도>1999</건축년도><년>2022</년><도로명>독서당로</도로명><도로명건물본번호코드>00218</도로명건물본번호코드><도로명건물부번호코드>00000</도로명건물부번호코드><도로명시군구코드>11200</도로명시군구코드><도로명일련번호코드>06</도로명일련번호코드><도로명지상지하코드>0</도로명지상지하코드><도로명코드>3005014</도로명코드><법정동> 옥수동</법정동><법정동본번코드>0250</법정동본번코드><법정동부번코드>0000</법정동부번코드><법정동시군구코드>11200</법정동시군구코드><법정동읍면동코드>11300</법정동읍면동코드><법정동지번코드>1</법정동지번코드><아파트>삼성</아파트><월>11</월><일>12</일><일련번호>11200-42</일련번호><전용면적>84.822</전용면적><중개사소재지>서울 성동구</중개사소재지><지번>250</지번><지역코드>11200</지역코드><층>1</층><해제사유발생일> </해제사유발생일><해제여부> </해제여부></item><item><거래금액>    55,000</거래금액><거래유형>중개거래</거래유형><건축년도>1999</건축년도><년>2022</년><도로명>동일로</도로명><도로명건물본번호코드>00143</도로명건물본번호코드><도로명건물부번호코드>00000</도로명건물부번호코드><도로명시군구코드>11200</도로명시군구코드><도로명일련번호코드>01</도로명일련번호코드><도로명지상지하코드>0</도로명지상지하코드><도로명코드>3000001</도로명코드><법정동> 성수동2가</법정동><법정동본번코드>0279</법정동본번코드><법정동부번코드>0050</법정동부번코드><법정동시군구코드>11200</법정동시군구코드><법정동읍면동코드>11500</법정동읍면동코드><법정동지번코드>1</법정동지번코드><아파트>성수1차대우아파트</아파트><월>11</월><일>19</일><일련번호>11200-69</일련번호><전용면적>59.49</전용면적><중개사소재지>서울 광진구</중개사소재지><지번>279-50</지번><지역코드>11200</지역코드><층>18</층><해제사유발생일> </해제사유발생일><해제여부> </해제여부></item></items><numOfRows>999</numOfRows><pageNo>1</pageNo><totalCount>10</totalCount></body></response>