<?xml version="1.0" encoding="UTF-8" standalone="yes"?><response><header><resultCode>00</resultCode><resultMsg>NORMAL SERVICE.</resultMsg></header><body><items><item><거래금액>   202,000</거래금액><거래유형>중개거래</거래유형><건축년도>2008</건축년도><년>2022</년><도로명>올림픽로</도로명><도로명건물본번호코드>00099</도로명건물본번호코드><도로명건물부번호코드>00000</도로명건물부번호코드><도로명시군구코드>11710</도로명시군구코드><도로명일련번호코드>01</도로명일련번호코드><도로명지상지하코드>0</도로명지상지하코드><도로명코드>3123023</도로명코드><법정동> 잠실동</법정동><법정동본번코드>0019</법정동본번코드><법정동부번코드>0000</법정동부번코드><법정동시군구코드>11710</법정동시군구코드><법정동읍면동코드>10100</법정동읍면동코드><법정동지번코드>1</법정동지번코드><아파트>잠실엘스</아파트><월>11</월><일>3</일><일련번호>11710-6346</일련번호><전용면적>84.88</전용면적><중개사소재지>서울 송파구</중개사소재지><지번>19</지번><지역코드>11710</지역코드><층>26</층><해제사유발생일> </해제사유발생일><해제여부> </해제여부></item><item><거래금액>   209,000</거래금액><거래유형>중개거래</거래유형><건축년도>2008</건축년도><년>2022</년><도로명>올림픽로</도로명><도로명건물본번호코드>00135</도로명건물본번호코드><도로명건물부번호코드>00000</도로명건물부번호코드><도로명시군구코드>11710</도로명시군구코드><도로명일련번호코드>01</도로명일련번호코드><도로명지상지하코드>0</도로명지상지하코드><도로명코드>3123023</도로명코드><법정동> 잠실동</법정동><법정동본번코드>0022</법정동본번코드><법정동부번코드>0000</법정동부번코드><법정동시군구코드>11710</법정동시군구코드><법정동읍면동코드>10100</법정동읍면동코드><법정동지번코드>1</법정동지번코드><아파트>리센츠</아파트><월>11</월><일>10</일><일련번호>11710-6249</일련번호><전용면적>84.99</전용면적><중개사소재지>서울 송파구</중개사소재지><지번>22</지번><지역코드>11710</지역코드><층>14</층><해제사유발생일> </해제사유발생일><해제여부> </해제여부></item><item><거래금액>   159,500</거래금액><거래유형>중개거래</거래유형><건축년도>2008</건축년도><년>2022</년><도로명>올림픽로</도로명><도로명건물본번호코드>00099</도로명건물본번호코드><도로명건물부번호코드>00000</도로명건물부번호코드><도로명시군구코드>11710</도로명시군구코드><도로명일련번호코드>01</도로명일련번호코드><도로명지상지하코드>0</도로명지상지하코드><도로명코드>3123023</도로명코드><법정동> 잠실동</법정동><법정동본번코드>0019</법정동본번코드><법정동부번코드>0000</법정동부번코드><법정동시군구코드>11710</법정동시군구코드><법정동읍면동코드>10100</법정동읍면동코드><법정동지번코드>1</법정동지번코드><아파트>잠실엘스</아파트><월>11</월><일>10</일><일련번호>11710-6346</일련번호><전용면적>59.96</전용면적><중개사소재지>서울 강남구, 서울 송파구</중개사소재지><지번>19</지번><지역코드>11710</지역코드><층>2</층><해제사유발생일> </해제사유발생일><해제여부> </해제여부></item><item><거래금액>   185,000</거래금액><거래유형>중개거래</거래유형><건축년도>2007</건축년도><년>2022</년><도로명>잠실로</도로명><도로명건물본번호코드>00062</도로명건물본번호코드><도로명건물부번호코드>00000</도로명건물부번호코드><도로명시군구코드>11710</도로명시군구코드><도로명일련번호코드>01</도로명일련번호코드><도로명지상지하코드>0</도로명지상지하코드><도로명코드>3123015</도로명코드><법정동> 잠실동</법정동><법정동본번코드>0035</법정동본번코드><법정동부번코드>0000</법정동부번코드><법정동시군구코드>11710</법정동시군구코드><법정동읍면동코드>10100</법정동읍면동코드><법정동지번코드>1</법정동지번코드><아파트>트리지움</아파트><월>11</월><일>12</일><일련번호>11710-6028</일련번호><전용면적>84.83</전용면적><중개사소재지>서울 송파구</중개사소재지><지번>35</지번><지역코드>11710</지역코드><층>16</층><해제사유발생일> </해제사유발생일><해제여부> </해제여부></item><item><거래금액>   199,000</거래금액><거래유형>중개거래</거래유형><건축년도>2008</건축년도><년>2022</년><도로명>올림픽로</도로명><도로명건물본번호코드>00099</도로명건물본번호코드><도로명건물부번호코드>00000</도로명건물부번호코드><도로명시군구코드>11710</도로명시군구코드><도로명일련번호코드>01</도로명일련번호코드><도로명지상지하코드>0</도로명지상지하코드><도로명코드>3123023</도로명코드><법정동> 잠실동</법정동><법정동본번코드>0019</법정동본번코드><법정동부번코드>0000</법정동부번코드><법정동시군구코드>11710</법정동시군구코드><법정동읍면동코드>10100</법정동읍면동코드><법정동지번코드>1</법정동지번코드><아파트>잠실엘스</아파트><월>11</월><일>12</일><일련번호>11710-6346</일련번호><전용면적>84.97</전용면적><중개사소재지>서울 송파구</중개사소재지><지번>19</지번><지역코드>11710</지역코드><층>24</층><해제사유발생일> </해제사유발생일><해제여부> </해제여부></item><item><거래금액>   198,000</거래금액><거래유형>중개거래</거래유형><건축년도>2008</건축년도><년>2022</년><도로명>올림픽로</도로명><도로명건물본번호코드>00099</도로명건물본번호코드><도로명건물부번호코드>00000</도로명건물부번호코드><도로명시군구코드>11710</도로명시군구코드><도로명일련번호코드>01</도로명일련번호코드><도로명지상지하코드>0</도로명지상지하코드><도로명코드>3123023</도로명코드><법정동> 잠실동</법정동><법정동본번코드>0019</법정동본번코드><법정동부번코드>0000</법정동부번코드><법정동시군구코드>11710</법정동시군구코드><법정동읍면동코드>10100</법정동읍면동코드><법정동지번코드>1</법정동지번코드><아파트>잠실엘스</아파트><월>11</월><일>12</일><일련번호>11710-6346</일련번호><전용면적>84.8</전용면적><중개사소재지>서울 송파구</중개사소재지><지번>19</지번><지역코드>11710</지역코드><층>14</층><해제사유발생일> </해제사유발생일><해제여부> </해제여부></item><item><거래금액>   204,000</거래금액><거래유형>중개거래</거래유형><건축년도>2008</건축년도><년>2022</년><도로명>올림픽로</도로명><도로명건물본번호코드>00135</도로명건물본번호코드><도로명건물부번호코드>00000</도로명건물부번호코드><도로명시군구코드>11710</도로명시군구코드><도로명일련번호코드>01</도로명일련번호코드><도로명지상지하코드>0</도로명지상지하코드><도로명코드>3123023</도로명코드><법정동> 잠실동</법정동><법정동본번코드>0022</법정동본번코드><법정동부번코드>0000</법정동부번코드><법정동시군구코드>11710</법정동시군구코드><법정동읍면동코드>10100</법정동읍면동코드><법정동지번코드>1</법정동지번코드><아파트>리센츠</아파트><월>11</월><일>12</일><일련번호>11710-6249</일련번호><전용면적>84.99</전용면적><중개사소재지>서울 송파구</중개사소재지><지번>22</지번><지역코드>11710</지역코드><층>23</층><해제사유발생일> </해제사유발생일><해제여부> </해제여부></item><item><거래금액>   183,000</거래금액><거래유형>중개거래</거래유형><건축년도>2007</건축년도><년>2022</년><도로명>잠실로</도로명><도로명건물본번호코드>00062</도로명건물본번호코드><도로명건물부번호코드>00000</도로명건물부번호코드><도로명시군구코드>11710</도로명시군구코드><도로명일련번호코드>01</도로명일련번호코드><도로명지상지하코드>0</도로명지상지하코드><도로명코드>3123015</도로명코드><법정동> 잠실동</법정동><법정동본번코드>0035</법정동본번코드><법정동부번코드>0000</법정동부번코드><법정동시군구코드>11710</법정동시군구코드><법정동읍면동코드>10100</법정동읍면동코드><법정동지번코드>1</법정동지번코드><아파트>트리지움</아파트><월>11</월><일>14</일><일련번호>11710-6028</일련번호><전용면적>84.83</전용면적><중개사소재지>서울 송파구</중개사소재지><지번>35</지번><지역코드>11710</지역코드><층>5</층><해제사유발생일> </해제사유발생일><해제여부> </해제여부></item><item><거래금액>   190,000</거래금액><거래유형>중개거래</거래유형><건축년도>2008</건축년도><년>2022</년><도로명>올림픽로</도로명><도로명건물본번호코드>00099</도로명건물본번호코드><도로명건물부번호코드>00000</도로명건물부번호코드><도로명시군구코드>11710</도로명시군구코드><도로명일련번호코드>01</도로명일련번호코드><도로명지상지하코드>0</도로명지상지하코드><도로명코드>3123023</도로명코드><법정동> 잠실동</법정동><법정동본번코드>0019</법정동본번코드><법정동부번코드>0000</법정동부번코드><법정동시군구코드>11710</법정동시군구코드><법정동읍면동코드>10100</법정동읍면동코드><법정동지번코드>1</법정동지번코드><아파트>잠실엘스</아파트><월>11</월><일>14</일><일련번호>11710-6346</일련번호><전용면적>84.97</전용면적><중개사소재지>서울 송파구</중개사소재지><지번>19</지번><지역코드>11710</지역코드><층>7</층><해제사유발생일> </해제사유발생일><해제여부> </해제여부></item><item><거래금액>   197,500</거래금액><거래유형>중개거래</거래유형><건축년도>2008</건축년도><년>2022</년><도로명>올림픽로</도로명><도로명건물본번호코드>00135</도로명건물본번호코드><도로명건물부번호코드>00000</도로명건물부번호코드><도로명시군구코드>11710</도로명시군구코드><도로명일련번호코드>01</도로명일련번호코드><도로명지상지하코드>0</도로명지상지하코드><도로명코드>3123023</도로명코드><법정동> 잠실동</법정동><법정동본번코드>0022</법정동본번코드><법정동부번코드>0000</법정동부번코드><법정동시군구코드>11710</법정동시군구코드><법정동읍면동코드>10100</법정동읍면동코드><법정동지번코드>1</법정동지번코드><아파트>리센츠</아파트><월>11</월><일>14</일><일련번호>11710-6249</일련번호><전용면적>84.99</전용면적><중개사소재지>부산 해운대구, 서울 송파구</중개사소재지><지번>22</지번><지역코드>11710</지역코드><층>15</층><해제사유발생일> </해제사유발생일><해제여부> </해제여부></item><item><거래금액>   295,000</거래금액><거래유형>중개거래</거래유형><건축년도>2008</건축년도><년>2022</년><도로명>올림픽로</도로명><도로명건물본번호코드>00135</도로명건물본번호코드><도로명건물부번호코드>00000</도로명건물부번호코드><도로명시군구코드>11710</도로명시군구코드><도로명일련번호코드>01</도로명일련번호코드><도로명지상지하코드>0</도로명지상지하코드><도로명코드>3123023</도로명코드><법정동> 잠실동</법정동><법정동본번코드>0022</법정동본번코드><법정동부번코드>0000</법정동부번코드><법정동시군구코드>11710</법정동시군구코드><법정동읍면동코드>10100</법정동읍면동코드><법정동지번코드>1</법정동지번코드><아파트>리센츠</아파트><월>11</월><일>24</일><일련번호>11710-6249</일련번호><전용면적>124.22</전용면적><중개사소재지>서울 송파구</중개사소재지><지번>22</지번><지역코드>11710</지역코드><층>17</층><해제사유발생일> </해제사유발생일><해제여부> </해제여부></item><item><거래금액>   199,800</거래금액><거래유형>중개거래</거래유형><건축년도>1978</건축년도><년>2022</년><도로명>송파대로</도로명><도로명건물본번호코드>00567</도로명건물본번호코드><도로명건물부번호코드>00000</도로명건물부번호코드><도로명시군구코드>11710</도로명시군구코드><도로명일련번호코드>01</도로명일련번호코드><도로명지상지하코드>0</도로명지상지하코드><도로명코드>2005011</도로명코드><법정동> 잠실동</법정동><법정동본번코드>0027</법정동본번코드><법정동부번코드>0000</법정동부번코드><법정동시군구코드>11710</법정동시군구코드><법정동읍면동코드>10100</법정동읍면동코드><법정동지번코드>1</법정동지번코드><아파트>주공아파트 5단지</아파트><월>11</월><일>25</일><일련번호>11710-164</일련번호><전용면적>76.5</전용면적><중개사소재지>서울 송파구</중개사소재지><지번>27</지번><지역코드>11710</지역코드><층>13</층><해제사유발생일> </해제사유발생일><해제여부> </해제여부></item><item><거래금액>   193,000</거래금액><거래유형>중개거래</거래유형><건축년도>2008</건축년도><년>2022</년><도로명>올림픽로</도로명><도로명건물본번호코드>00099</도로명건물본번호코드><도로명건물부번호코드>00000</도로명건물부번호코드><도로명시군구코드>11710</도로명시군구코드><도로명일련번호코드>01</도로명일련번호코드><도로명지상지하코드>0</도로명지상지하코드><도로명코드>3123023</도로명코드><법정동> 잠실동</법정동><법정동본번코드>0019</법정동본번코드><법정동부번코드>0000</법정동부번코드><법정동시군구코드>11710</법정동시군구코드><법정동읍면동코드>10100</법정동읍면동코드><법정동지번코드>1</법정동지번코드><아파트>잠실엘스</아파트><월>11</월><일>25</일><일련번호>11710-6346</일련번호><전용면적>84.8</전용면적><중개사소재지>서울 송파구</중개사소재지><지번>19</지번><지역코드>11710</지역코드><층>18</층><해제사유발생일> </해제사유발생일><해제여부> </해제여부></item><item><거래금액>   178,200</거래금액><거래유형>중개거래</거래유형><건축년도>2006</건축년도><년>2022</년><도로명>잠실로</도로명><도로명건물본번호코드>00088</도로명건물본번호코드><도로명건물부번호코드>00000</도로명건물부번호코드><도로명시군구코드>11710</도로명시군구코드><도로명일련번호코드>01</도로명일련번호코드><도로명지상지하코드>0</도로명지상지하코드><도로명코드>3123015</도로명코드><법정동> 잠실동</법정동><법정동본번코드>0044</법정동본번코드><법정동부번코드>0000</법정동부번코드><법정동시군구코드>11710</법정동시군구코드><법정동읍면동코드>10100</법정동읍면동코드><법정동지번코드>1</법정동지번코드><아파트>레이크팰리스</아파트><월>11</월><일>25</일><일련번호>11710-5957</일련번호><전용면적>84.82</전용면적><중개사소재지>서울 송파구</중개사소재지><지번>44</지번><지역코드>11710</지역코드><층>24</층><해제사유발생일> </해제사유발생일><해제여부> </해제여부></item><item><거래금액>   179,000</거래금액><거래유형>중개거래</거래유형><건축년도>2007</건축년도><년>2022</년><도로명>잠실로</도로명><도로명건물본번호코드>00062</도로명건물본번호코드><도로명건물부번호코드>00000</도로명건물부번호코드><도로명시군구코드>11710</도로명시군구코드><도로명일련번호코드>01</도로명일련번호코드><도로명지상지하코드>0</도로명지상지하코드><도로명코드>3123015</도로명코드><법정동> 잠실동</법정동><법정동본번코드>0035</법정동본번코드><법정동부번코드>0000</법정동부번코드><법정동시군구코드>11710</법정동시군구코드><법정동읍면동코드>10100</법정동읍면동코드><법정동지번코드>1</법정동지번코드><아파트>트리지움</아파트><월>11</월><일>28</일><일련번호>11710-6028</일련번호><전용면적>84.95</전용면적><중개사소재지>서울 송파구</중개사소재지><지번>35</지번><지역코드>11710</지역코드><층>9</층><해제사유발생일> </해제사유발생일><해제여부> </해제여부></item><item><거래금액>   195,000</거래금액><거래유형>중개거래</거래유형><건축년도>2008</건축년도><년>2022</년><도로명>올림픽로</도로명><도로명건물본번호코드>00099</도로명건물본번호코드><도로명건물부번호코드>00000</도로명건물부번호코드><도로명시군구코드>11710</도로명시군구코드><도로명일련번호코드>01</도로명일련번호코드><도로명지상지하코드>0</도로명지상지하코드><도로명코드>3123023</도로명코드><법정동> 잠실동</법정동><법정동본번코드>0019</법정동본번코드><법정동부번코드>0000</법정동부번코드><법정동시군구코드>11710</법정동시군구코드><법정동읍면동코드>10100</법정동읍면동코드><법정동지번코드>1</법정동지번코드><아파트>잠실엘스</아파트><월>11</월><일>28</일><일련번호>11710-6346</일련번호><전용면적>84.8</전용면적><중개사소재지>서울 송파구</중개사소재지><지번>19</지번><지역코드>11710</지역코드><층>17</층><해제사유발생일> </해제사유발생일><해제여부> </해제여부></item><item><거래금액>   210,000</거래금액><거래유형>중개거래</거래유형><건축년도>2008</건축년도><년>2022</년><도로명>올림픽로</도로명><도로명건물본번호코드>00099</도로명건물본번호코드><도로명건물부번호코드>00000</도로명건물부번호코드><도로명시군구코드>11710</도로명시군구코드><도로명일련번호코드>01</도로명일련번호코드><도로명지상지하코드>0</도로명지상지하코드><도로명코드>3123023</도로명코드><법정동> 잠실동</법정동><법정동본번코드>0019</법정동본번코드><법정동부번코드>0000</법정동부번코드><법정동시군구코드>11710</법정동시군구코드><법정동읍면동코드>10100</법정동읍면동코드><법정동지번코드>1</법정동지번코드><아파트>잠실엘스</아파트><월>11</월><일>29</일><일련번호>11710-6346</일련번호><전용면적>84.8</전용면적><중개사소재지>서울 송파구</중개사소재지><지번>19</지번><지역코드>11710</지역코드><층>19</층><해제사유발생일> </해제사유발생일><해제여부> </해제여부></item><item><거래금액>   177,000</거래금액><거래유형>중개거래</거래유형><건축년도>2008</건축년도><년>2022</년><도로명>올림픽로</도로명><도로명건물본번호코드>00435</도로명건물본번호코드><도로명건물부번호코드>00000</도로명건물부번호코드><도로명시군구코드>11710</도로명시군구코드><도로명일련번호코드>02</도로명일련번호코드><도로명지상지하코드>0</도로명지상지하코드><도로명코드>3123023</도로명코드><법정동> 신천동</법정동><법정동본번코드>0017</법정동본번코드><법정동부번코드>0000</법정동부번코드><법정동시군구코드>11710</법정동시군구코드><법정동읍면동코드>10200</법정동읍면동코드><법정동지번코드>1</법정동지번코드><아파트>파크리오</아파트><월>11</월><일>1</일><일련번호>11710-6266</일련번호><전용면적>84.9</전용면적><중개사소재지>서울 송파구</중개사소재지><지번>17</지번><지역코드>11710</지역코드><층>29</층><해제사유발생일> </해제사유발생일><해제여부> </해제여부></item><item><거래금액>   148,000</거래금액><거래유형>중개거래</거래유형><건축년도>2008</건축년도><년>2022</년><도로명>올림픽로</도로명><도로명건물본번호코드>00435</도로명건물본번호코드><도로명건물부번호코드>00000</도로명건물부번호코드><도로명시군구코드>11710</도로명시군구코드><도로명일련번호코드>02</도로명일련번호코드><도로명지상지하코드>0</도로명지상지하코드><도로명코드>3123023</도로명코드><법정동> 신천동</법정동><법정동본번코드>0017</법정동본번코드><법정동부번코드>0000</법정동부번코드><법정동시군구코드>11710</법정동시군구코드><법정동읍면동코드>10200</법정동읍면동코드><법정동지번코드>1</법정동지번코드><아파트>파크리오</아파트><월>11</월><일>18</일><일련번호>11710-6266</일련번호><전용면적>59.95</전용면적><중개사소재지>서울 송파구</중개사소재지><지번>17</지번><지역코드>11710</지역코드><층>27</층><해제사유발생일> </해제사유발생일><해제여부> </해제여부></item><item><거래금액>   168,000</거래금액><거래유형>중개거래</거래유형><건축년도>2008</건축년도><년>2022</년><도로명>올림픽로</도로명><도로명건물본번호코드>00435</도로명건물본번호코드><도로명건물부번호코드>00000</도로명건물부번호코드><도로명시군구코드>11710</도로명시군구코드><도로명일련번호코드>02</도로명일련번호코드><도로명지상지하코드>0</도로명지상지하코드><도로명코드>3123023</도로명코드><법정동> 신천동</법정동><법정동본번코드>0017</법정동본번코드><법정동부번코드>0000</법정동부번코드><법정동시군구코드>11710</법정동시군구코드><법정동읍면동코드>10200</법정동읍면동코드><법정동지번코드>1</법정동지번코드><아파트>파크리오</아파트><월>11</월><일>25</일><일련번호>11710-6266</일련번호><전용면적>84.9</전용면적><중개사소재지>서울 송파구</중개사소재지><지번>17</지번><지역코드>11710</지역코드><층>21</층><해제사유발생일> </해제사유발생일><해제여부> </해제여부></item><item><거래금액>   167,000</거래금액><거래유형>중개거래</거래유형><건축년도>2008</건축년도><년>2022</년><도로명>올림픽로</도로명><도로명건물본번호코드>00435</도로명건물본번호코드><도로명건물부번호코드>00000</도로명건물부번호코드><도로명시군구코드>11710</도로명시군구코드><도로명일련번호코드>02</도로명일련번호코드><도로명지상지하코드>0</도로명지상지하코드><도로명코드>3123023</도로명코드><법정동> 신천동</법정동><법정동본번코드>0017</법정동본번코드><법정동부번코드>0000</법정동부번코드><법정동시군구코드>11710</법정동시군구코드><법정동읍면동코드>10200</법정동읍면동코드><법정동지번코드>1</법정동지번코드><아파트>파크리오</아파트><월>11</월><일>30</일><일련번호>11710-6266</일련번호><전용면적>84.9</전용면적><중개사소재지>서울 송파구</중개사소재지><지번>17</지번><지역코드>11710</지역코드><층>20</층><해제사유발생일> </해제사유발생일><해제여부> </해제여부></item><item><거래금액>    90,000</거래금액><거래유형>중개거래</거래유형><건축년도>2004</건축년도><년>2022</년><도로명>송파대로36길</도로명><도로명건물본번호코드>00037</도로명건물본번호코드><도로명건물부번호코드>00000</도로명건물부번호코드><도로명시군구코드>11710</도로명시군구코드><도로명일련번호코드>01</도로명일련번호코드><도로명지상지하코드>0</도로명지상지하코드><도로명코드>4169339</도로명코드><법정동> 송파동</법정동><법정동본번코드>0173</법정동본번코드><법정동부번코드>0012</법정동부번코드><법정동시군구코드>11710</법정동시군구코드><법정동읍면동코드>10400</법정동읍면동코드><법정동지번코드>1</법정동지번코드><아파트>홍익봄마을</아파트><월>11</월><일>21</일><일련번호>11710-279</일련번호><전용면적>82.7</전용면적><중개사소재지>서울 서초구, 서울 송파구</중개사소재지><지번>173-12</지번><지역코드>11710</지역코드><층>7</층><해제사유발생일> </해제사유발생일><해제여부> </해제여부></item><item><거래금액>    83,500</거래금액><거래유형>중개거래</거래유형><건축년도>2000</건축년도><년>2022</년><도로명>백제고분로</도로명><도로명건물본번호코드>00348</도로명건물본번호코드><도로명건물부번호코드>00000</도로명건물부번호코드><도로명시군구코드>11710</도로명시군구코드><도로명일련번호코드>03</도로명일련번호코드><도로명지상지하코드>0</도로명지상지하코드><도로명코드>3123006</도로명코드><법정동> 석촌동</법정동><법정동본번코드>0285</법정동본번코드><법정동부번코드>0000</법정동부번코드><법정동시군구코드>11710</법정동시군구코드><법정동읍면동코드>10500</법정동읍면동코드><법정동지번코드>1</법정동지번코드><아파트>잠실한솔</아파트><월>11</월><일>29</일><일련번호>11710-40</일련번호><전용면적>59.88</전용면적><중개사소재지>서울 은평구</중개사소재지><지번>285</지번><지역코드>11710</지역코드><층>11</층><해제사유발생일> </해제사유발생일><해제여부> </해제여부></item><item><거래금액>   180,500</거래금액><거래유형>중개거래</거래유형><건축년도>2018</건축년도><년>2022</년><도로명>송파대로</도로명><도로명건물본번호코드>00345</도로명건물본번호코드><도로명건물부번호코드>00000</도로명건물부번호코드><도로명시군구코드>11710</도로명시군구코드><도로명일련번호코드>00</도로명일련번호코드><도로명코드>2005011</도로명코드><법정동> 가락동</법정동><법정동본번코드>0913</법정동본번코드><법정동부번코드>0000</법정동부번코드><법정동시군구코드>11710</법정동시군구코드><법정동읍면동코드>10700</법정동읍면동코드><법정동지번코드>1</법정동지번코드><아파트>헬리오시티</아파트><월>11</월><일>2</일><일련번호>11710-8865</일련번호><전용면적>84.99</전용면적><중개사소재지>서울 송파구</중개사소재지><지번>913</지번><지역코드>11710</지역코드><층>22</층><해제사유발생일> </해제사유발생일><해제여부> </해제여부></item><item><거래금액>    27,500</거래금액><거래유형>중개거래</거래유형><건축년도>2004</건축년도><년>2022</년><도로명>송파대로30길</도로명><도로명건물본번호코드>00016</도로명건물본번호코드><도로명건물부번호코드>00000</도로명건물부번호코드><도로명시군구코드>11710</도로명시군구코드><도로명일련번호코드>01</도로명일련번호코드><도로명지상지하코드>0</도로명지상지하코드><도로명코드>4169334</도로명코드><법정동> 가락동</법정동><법정동본번코드>0098</법정동본번코드><법정동부번코드>0000</법정동부번코드><법정동시군구코드>11710</법정동시군구코드><법정동읍면동코드>10700</법정동읍면동코드><법정동지번코드>1</법정동지번코드><아파트>두산위브</아파트><월>11</월><일>3</일><일련번호>11710-300</일련번호><전용면적>31</전용면적><중개사소재지>서울 송파구</중개사소재지><지번>98</지번><지역코드>11710</지역코드><층>10</층><해제사유발생일> </해제사유발생일><해제여부> </해제여부></item><item><거래금액>   185,000</거래금액><거래유형>중개거래</거래유형><건축년도>2018</건축년도><년>2022</년><도로명>송파대로</도로명><도로명건물본번호코드>00345</도로명건물본번호코드><도로명건물부번호코드>00000</도로명건물부번호코드><도로명시군구코드>11710</도로명시군구코드><도로명일련번호코드>00</도로명일련번호코드><도로명코드>2005011</도로명코드><법정동> 가락동</법정동><법정동본번코드>0913</법정동본번코드><법정동부번코드>0000</법정동부번코드><법정동시군구코드>11710</법정동시군구코드><법정동읍면동코드>10700</법정동읍면동코드><법정동지번코드>1</법정동지번코드><아파트>헬리오시티</아파트><월>11</월><일>4</일><일련번호>11710-8865</일련번호><전용면적>84.98</전용면적><중개사소재지>서울 송파구</중개사소재지><지번>913</지번><지역코드>11710</지역코드><층>16</층><해제사유발생일> </해제사유발생일><해제여부> </해제여부></item><item><거래금액>   186,000</거래금액><거래유형>중개거래</거래유형><건축년도>2018</건축년도><년>2022</년><도로명>송파대로</도로명><도로명건물본번호코드>00345</도로명건물본번호코드><도로명건물부번호코드>00000</도로명건물부번호코드><도로명시군구코드>11710</도로명시군구코드><도로명일련번호코드>00</도로명일련번호코드><도로명코드>2005011</도로명코드><법정동> 가락동</법정동><법정동본번코드>0913</법정동본번코드><법정동부번코드>0000</법정동부번코드><법정동시군구코드>11710</법정동시군구코드><법정동읍면동코드>10700</법정동읍면동코드><법정동지번코드>1</법정동지번코드><아파트>헬리오시티</아파트><월>11</월><일>9</일><일련번호>11710-8865</일련번호><전용면적>84.98</전용면적><중개사소재지>서울 용산구</중개사소재지><지번>913</지번><지역코드>11710</지역코드><층>33</층><해제사유발생일> </해제사유발생일><해제여부> </해제여부></item><item><거래금액>   168,000</거래금액><거래유형>중개거래</거래유형><건축년도>2018</건축년도><년>2022</년><도로명>송파대로</도로명><도로명건물본번호코드>00345</도로명건물본번호코드><도로명건물부번호코드>00000</도로명건물부번호코드><도로명시군구코드>11710</도로명시군구코드><도로명일련번호코드>00</도로명일련번호코드><도로명코드>2005011</도로명코드><법정동> 가락동</법정동><법정동본번코드>0913</법정동본번코드><법정동부번코드>0000</법정동부번코드><법정동시군구코드>11710</법정동시군구코드><법정동읍면동코드>10700</법정동읍면동코드><법정동지번코드>1</법정동지번코드><아파트>헬리오시티</아파트><월>11</월><일>11</일><일련번호>11710-8865</일련번호><전용면적>84.99</전용면적><중개사소재지>서울 송파구</중개사소재지><지번>913</지번><지역코드>11710</지역코드><층>3</층><해제사유발생일> </해제사유발생일><해제여부> </해제여부></item><item><거래금액>   180,000</거래금액><거래유형>중개거래</거래유형><건축년도>2018</건축년도><년>2022</년><도로명>송파대로</도로명><도로명건물본번호코드>00345</도로명건물본번호코드><도로명건물부번호코드>00000</도로명건물부번호코드><도로명시군구코드>11710</도로명시군구코드><도로명일련번호코드>00</도로명일련번호코드><도로명코드>2005011</도로명코드><법정동> 가락동</법정동><법정동본번코드>0913</법정동본번코드><법정동부번코드>0000</법정동부번코드><법정동시군구코드>11710</법정동시군구코드><법정동읍면동코드>10700</법정동읍면동코드><법정동지번코드>1</법정동지번코드><아파트>헬리오시티</아파트><월>11</월><일>11</일><일련번호>11710-8865</일련번호><전용면적>84.99</전용면적><중개사소재지>서울 송파구</중개사소재지><지번>913</지번><지역코드>11710</지역코드><층>10</층><해제사유발생일> </해제사유발생일><해제여부> </해제여부></item><item><거래금액>   100,000</거래금액><거래유형>중개거래</거래유형><건축년도>1997</건축년도><년>2022</년><도로명>송파대로32길</도로명><도로명건물본번호코드>00015</도로명건물본번호코드><도로명건물부번호코드>00000</도로명건물부번호코드><도로명시군구코드>11710</도로명시군구코드><도로명일련번호코드>01</도로명일련번호코드><도로명지상지하코드>0</도로명지상지하코드><도로명코드>4169335</도로명코드><법정동> 가락동</법정동><법정동본번코드>0095</법정동본번코드><법정동부번코드>0001</법정동부번코드><법정동시군구코드>11710</법정동시군구코드><법정동읍면동코드>10700</법정동읍면동코드><법정동지번코드>1</법정동지번코드><아파트>가락금호아파트</아파트><월>11</월><일>12</일><일련번호>11710-49</일련번호><전용면적>59.91</전용면적><중개사소재지>서울 송파구</중개사소재지><지번>95-1</지번><지역코드>11710</지역코드><층>23</층><해제사유발생일> </해제사유발생일><해제여부> </해제여부></item><item><거래금액>   175,000</거래금액><거래유형>중개거래</거래유형><건축년도>2018</건축년도><년>2022</년><도로명>송파대로</도로명><도로명건물본번호코드>00345</도로명건물본번호코드><도로명건물부번호코드>00000</도로명건물부번호코드><도로명시군구코드>11710</도로명시군구코드><도로명일련번호코드>00</도로명일련번호코드><도로명코드>2005011</도로명코드><법정동> 가락동</법정동><법정동본번코드>0913</법정동본번코드><법정동부번코드>0000</법정동부번코드><법정동시군구코드>11710</법정동시군구코드><법정동읍면동코드>10700</법정동읍면동코드><법정동지번코드>1</법정동지번코드><아파트>헬리오시티</아파트><월>11</월><일>12</일><일련번호>11710-8865</일련번호><전용면적>84.98</전용면적><중개사소재지>서울 송파구</중개사소재지><지번>913</지번><지역코드>11710</지역코드><층>27</층><해제사유발생일> </해제사유발생일><해제여부> </해제여부></item><item><거래금액>    92,500</거래금액><거래유형>중개거래</거래유형><건축년도>2018</건축년도><년>2022</년><도로명>송파대로</도로명><도로명건물본번호코드>00345</도로명건물본번호코드><도로명건물부번호코드>00000</도로명건물부번호코드><도로명시군구코드>11710</도로명시군구코드><도로명일련번호코드>00</도로명일련번호코드><도로명코드>2005011</도로명코드><법정동> 가락동</법정동><법정동본번코드>0913</법정동본번코드><법정동부번코드>0000</법정동부번코드><법정동시군구코드>11710</법정동시군구코드><법정동읍면동코드>10700</법정동읍면동코드><법정동지번코드>1</법정동지번코드><아파트>헬리오시티</아파트><월>11</월><일>14</일><일련번호>11710-8865</일련번호><전용면적>39.1</전용면적><중개사소재지>서울 송파구</중개사소재지><지번>913</지번><지역코드>11710</지역코드><층>7</층><해제사유발생일> </해제사유발생일><해제여부> </해제여부></item><item><거래금액>   175,000</거래금액><거래유형>중개거래</거래유형><건축년도>2018</건축년도><년>2022</년><도로명>송파대로</도로명><도로명건물본번호코드>00345</도로명건물본번호코드><도로명건물부번호코드>00000</도로명건물부번호코드><도로명시군구코드>11710</도로명시군구코드><도로명일련번호코드>00</도로명일련번호코드><도로명코드>2005011</도로명코드><법정동> 가락동</법정동><법정동본번코드>0913</법정동본번코드><법정동부번코드>0000</법정동부번코드><법정동시군구코드>11710</법정동시군구코드><법정동읍면동코드>10700</법정동읍면동코드><법정동지번코드>1</법정동지번코드><아파트>헬리오시티</아파트><월>11</월><일>19</일><일련번호>11710-8865</일련번호><전용면적>84.98</전용면적><중개사소재지>서울 송파구</중개사소재지><지번>913</지번><지역코드>11710</지역코드><층>28</층><해제사유발생일> </해제사유발생일><해제여부> </해제여부></item><item><거래금액>   167,000</거래금액><거래유형>중개거래</거래유형><건축년도>2018</건축년도><년>2022</년><도로명>송파대로</도로명><도로명건물본번호코드>00345</도로명건물본번호코드><도로명건물부번호코드>00000</도로명건물부번호코드><도로명시군구코드>11710</도로명시군구코드><도로명일련번호코드>00</도로명일련번호코드><도로명코드>2005011</도로명코드><법정동> 가락동</법정동><법정동본번코드>0913</법정동본번코드><법정동부번코드>0000</법정동부번코드><법정동시군구코드>11710</법정동시군구코드><법정동읍면동코드>10700</법정동읍면동코드><법정동지번코드>1</법정동지번코드><아파트>헬리오시티</아파트><월>11</월><일>19</일><일련번호>11710-8865</일련번호><전용면적>84.96</전용면적><중개사소재지>서울 송파구</중개사소재지><지번>913</지번><지역코드>11710</지역코드><층>15</층><해제사유발생일> </해제사유발생일><해제여부> </해제여부></item><item><거래금액>   159,000</거래금액><거래유형>중개거래</거래유형><건축년도>2007</건축년도><년>2022</년><도로명>동남로</도로명><도로명건물본번호코드>00225</도로명건물본번호코드><도로명건물부번호코드>00000</도로명건물부번호코드><도로명시군구코드>11710</도로명시군구코드><도로명일련번호코드>01</도로명일련번호코드><도로명지상지하코드>0</도로명지상지하코드><도로명코드>3000034</도로명코드><법정동> 가락동</법정동><법정동본번코드>0165</법정동본번코드><법정동부번코드>0000</법정동부번코드><법정동시군구코드>11710</법정동시군구코드><법정동읍면동코드>10700</법정동읍면동코드><법정동지번코드>1</법정동지번코드><아파트>래미안파크팰리스</아파트><월>11</월><일>20</일><일련번호>11710-6150</일련번호><전용면적>114.756</전용면적><중개사소재지>서울 송파구</중개사소재지><지번>165</지번><지역코드>11710</지역코드><층>16</층><해제사유발생일> </해제사유발생일><해제여부> </해제여부></item><item><거래금액>   166,000</거래금액><거래유형>중개거래</거래유형><건축년도>2018</건축년도><년>2022</년><도로명>송파대로</도로명><도로명건물본번호코드>00345</도로명건물본번호코드><도로명건물부번호코드>00000</도로명건물부번호코드><도로명시군구코드>11710</도로명시군구코드><도로명일련번호코드>00</도로명일련번호코드><도로명코드>2005011</도로명코드><법정동> 가락동</법정동><법정동본번코드>0913</법정동본번코드><법정동부번코드>0000</법정동부번코드><법정동시군구코드>11710</법정동시군구코드><법정동읍면동코드>10700</법정동읍면동코드><법정동지번코드>1</법정동지번코드><아파트>헬리오시티</아파트><월>11</월><일>22</일><일련번호>11710-8865</일련번호><전용면적>84.98</전용면적><중개사소재지>서울 송파구</중개사소재지><지번>913</지번><지역코드>11710</지역코드><층>17</층><해제사유발생일> </해제사유발생일><해제여부> </해제여부></item><item><거래금액>   175,000</거래금액><거래유형>중개거래</거래유형><건축년도>2018</건축년도><년>2022</년><도로명>송파대로</도로명><도로명건물본번호코드>00345</도로명건물본번호코드><도로명건물부번호코드>00000</도로명건물부번호코드><도로명시군구코드>11710</도로명시군구코드><도로명일련번호코드>00</도로명일련번호코드><도로명코드>2005011</도로명코드><법정동> 가락동</법정동><법정동본번코드>0913</법정동본번코드><법정동부번코드>0000</법정동부번코드><법정동시군구코드>11710</법정동시군구코드><법정동읍면동코드>10700</법정동읍면동코드><법정동지번코드>1</법정동지번코드><아파트>헬리오시티</아파트><월>11</월><일>23</일><일련번호>11710-8865</일련번호><전용면적>84.98</전용면적><중개사소재지>서울 송파구</중개사소재지><지번>913</지번><지역코드>11710</지역코드><층>19</층><해제사유발생일> </해제사유발생일><해제여부> </해제여부></item><item><거래금액>   170,000</거래금액><거래유형>중개거래</거래유형><건축년도>2018</건축년도><년>2022</년><도로명>송파대로</도로명><도로명건물본번호코드>00345</도로명건물본번호코드><도로명건물부번호코드>00000</도로명건물부번호코드><도로명시군구코드>11710</도로명시군구코드><도로명일련번호코드>00</도로명일련번호코드><도로명코드>2005011</도로명코드><법정동> 가락동</법정동><법정동본번코드>0913</법정동본번코드><법정동부번코드>0000</법정동부번코드><법정동시군구코드>11710</법정동시군구코드><법정동읍면동코드>10700</법정동읍면동코드><법정동지번코드>1</법정동지번코드><아파트>헬리오시티</아파트><월>11</월><일>24</일><일련번호>11710-8865</일련번호><전용면적>84.98</전용면적><중개사소재지>서울 송파구</중개사소재지><지번>913</지번><지역코드>11710</지역코드><층>17</층><해제사유발생일> </해제사유발생일><해제여부> </해제여부></item><item><거래금액>   176,000</거래금액><거래유형>중개거래</거래유형><건축년도>2018</건축년도><년>2022</년><도로명>송파대로</도로명><도로명건물본번호코드>00345</도로명건물본번호코드><도로명건물부번호코드>00000</도로명건물부번호코드><도로명시군구코드>11710</도로명시군구코드><도로명일련번호코드>00</도로명일련번호코드><도로명코드>2005011</도로명코드><법정동> 가락동</법정동><법정동본번코드>0913</법정동본번코드><법정동부번코드>0000</법정동부번코드><법정동시군구코드>11710</법정동시군구코드><법정동읍면동코드>10700</법정동읍면동코드><법정동지번코드>1</법정동지번코드><아파트>헬리오시티</아파트><월>11</월><일>24</일><일련번호>11710-8865</일련번호><전용면적>84.99</전용면적><중개사소재지>서울 송파구</중개사소재지><지번>913</지번><지역코드>11710</지역코드><층>12</층><해제사유발생일> </해제사유발생일><해제여부> </해제여부></item><item><거래금액>   174,000</거래금액><거래유형>중개거래</거래유형><건축년도>1988</건축년도><년>2022</년><도로명>중대로</도로명><도로명건물본번호코드>00024</도로명건물본번호코드><도로명건물부번호코드>00000</도로명건물부번호코드><도로명시군구코드>11710</도로명시군구코드><도로명일련번호코드>02</도로명일련번호코드><도로명지상지하코드>0</도로명지상지하코드><도로명코드>3123016</도로명코드><법정동> 문정동</법정동><법정동본번코드>0150</법정동본번코드><법정동부번코드>0000</법정동부번코드><법정동시군구코드>11710</법정동시군구코드><법정동읍면동코드>10800</법정동읍면동코드><법정동지번코드>1</법정동지번코드><아파트>올림픽훼밀리타운</아파트><월>11</월><일>7</일><일련번호>11710-89</일련번호><전용면적>117.585</전용면적><중개사소재지>서울 송파구</중개사소재지><지번>150</지번><지역코드>11710</지역코드><층>4</층><해제사유발생일> </해제사유발생일><해제여부> </해제여부></item><item><거래금액>   175,000</거래금액><거래유형>중개거래</거래유형><건축년도>1988</건축년도><년>2022</년><도로명>중대로</도로명><도로명건물본번호코드>00024</도로명건물본번호코드><도로명건물부번호코드>00000</도로명건물부번호코드><도로명시군구코드>11710</도로명시군구코드><도로명일련번호코드>02</도로명일련번호코드><도로명지상지하코드>0</도로명지상지하코드><도로명코드>3123016</도로명코드><법정동> 문정동</법정동><법정동본번코드>0150</법정동본번코드><법정동부번코드>0000</법정동부번코드><법정동시군구코드>11710</법정동시군구코드><법정동읍면동코드>10800</법정동읍면동코드><법정동지번코드>1</법정동지번코드><아파트>올림픽훼밀리타운</아파트><월>11</월><일>12</일><일련번호>11710-89</일련번호><전용면적>117.585</전용면적><중개사소재지>서울 송파구</중개사소재지><지번>150</지번><지역코드>11710</지역코드><층>12</층><해제사유발생일> </해제사유발생일><해제여부> </해제여부></item><item><거래금액>    53,000</거래금액><거래유형>직거래</거래유형><건축년도>1989</건축년도><년>2022</년><도로명>송이로31길</도로명><도로명건물본번호코드>00056</도로명건물본번호코드><도로명건물부번호코드>00000</도로명건물부번호코드><도로명시군구코드>11710</도로명시군구코드><도로명일련번호코드>01</도로명일련번호코드><도로명지상지하코드>0</도로명지상지하코드><도로명코드>4169313</도로명코드><법정동> 문정동</법정동><법정동본번코드>0145</법정동본번코드><법정동부번코드>0000</법정동부번코드><법정동시군구코드>11710</법정동시군구코드><법정동읍면동코드>10800</법정동읍면동코드><법정동지번코드>1</법정동지번코드><아파트>문정시영</아파트><월>11</월><일>14</일><일련번호>11710-83</일련번호><전용면적>39.69</전용면적><중개사소재지> </중개사소재지><지번>145</지번><지역코드>11710</지역코드><층>9</층><해제사유발생일> </해제사유발생일><해제여부> </해제여부></item><item><거래금액>   129,000</거래금액><거래유형>중개거래</거래유형><건축년도>2016</건축년도><년>2022</년><도로명>송파대로</도로명><도로명건물본번호코드>00111</도로명건물본번호코드><도로명건물부번호코드>00000</도로명건물부번호코드><도로명시군구코드>11710</도로명시군구코드><도로명일련번호코드>06</도로명일련번호코드><도로명코드>2005011</도로명코드><법정동> 문정동</법정동><법정동본번코드>0618</법정동본번코드><법정동부번코드>0000</법정동부번코드><법정동시군구코드>11710</법정동시군구코드><법정동읍면동코드>10800</법정동읍면동코드><법정동지번코드>1</법정동지번코드><아파트>파크하비오</아파트><월>11</월><일>16</일><일련번호>11710-8245</일련번호><전용면적>84.9942</전용면적><중개사소재지>서울 송파구</중개사소재지><지번>618</지번><지역코드>11710</지역코드><층>17</층><해제사유발생일> </해제사유발생일><해제여부> </해제여부></item><item><거래금액>   141,000</거래금액><거래유형>중개거래</거래유형><건축년도>1988</건축년도><년>2022</년><도로명>중대로</도로명><도로명건물본번호코드>00024</도로명건물본번호코드><도로명건물부번호코드>00000</도로명건물부번호코드><도로명시군구코드>11710</도로명시군구코드><도로명일련번호코드>02</도로명일련번호코드><도로명지상지하코드>0</도로명지상지하코드><도로명코드>3123016</도로명코드><법정동> 문정동</법정동><법정동본번코드>0150</법정동본번코드><법정동부번코드>0000</법정동부번코드><법정동시군구코드>11710</법정동시군구코드><법정동읍면동코드>10800</법정동읍면동코드><법정동지번코드>1</법정동지번코드><아파트>올림픽훼밀리타운</아파트><월>11</월><일>30</일><일련번호>11710-89</일련번호><전용면적>84.705</전용면적><중개사소재지>서울 송파구</중개사소재지><지번>150</지번><지역코드>11710</지역코드><층>9</층><해제사유발생일> </해제사유발생일><해제여부> </해제여부></item><item><거래금액>    83,000</거래금액><거래유형>중개거래</거래유형><건축년도>2013</건축년도><년>2022</년><도로명>위례광장로</도로명><도로명건물본번호코드>00163</도로명건물본번호코드><도로명건물부번호코드>00000</도로명건물부번호코드><도로명시군구코드>11710</도로명시군구코드><도로명일련번호코드>01</도로명일련번호코드><도로명지상지하코드>0</도로명지상지하코드><도로명코드>3000238</도로명코드><법정동> 장지동</법정동><법정동본번코드>0879</법정동본번코드><법정동부번코드>0000</법정동부번코드><법정동시군구코드>11710</법정동시군구코드><법정동읍면동코드>10900</법정동읍면동코드><법정동지번코드>1</법정동지번코드><아파트>송파더센트레</아파트><월>11</월><일>2</일><일련번호>11710-7430</일련번호><전용면적>51.77</전용면적><중개사소재지>서울 강남구, 서울 송파구</중개사소재지><지번>879</지번><지역코드>11710</지역코드><층>13</층><해제사유발생일> </해제사유발생일><해제여부> </해제여부></item><item><거래금액>    85,000</거래금액><거래유형>중개거래</거래유형><건축년도>2013</건축년도><년>2022</년><도로명>위례광장로</도로명><도로명건물본번호코드>00121</도로명건물본번호코드><도로명건물부번호코드>00000</도로명건물부번호코드><도로명시군구코드>11710</도로명시군구코드><도로명일련번호코드>01</도로명일련번호코드><도로명지상지하코드>0</도로명지상지하코드><도로명코드>3000238</도로명코드><법정동> 장지동</법정동><법정동본번코드>0901</법정동본번코드><법정동부번코드>0000</법정동부번코드><법정동시군구코드>11710</법정동시군구코드><법정동읍면동코드>10900</법정동읍면동코드><법정동지번코드>1</법정동지번코드><아파트>위례24단지(꿈에그린)</아파트><월>11</월><일>16</일><일련번호>11710-7441</일련번호><전용면적>51.77</전용면적><중개사소재지>서울 송파구</중개사소재지><지번>901</지번><지역코드>11710</지역코드><층>5</층><해제사유발생일> </해제사유발생일><해제여부> </해제여부></item><item><거래금액>    88,000</거래금액><거래유형>중개거래</거래유형><건축년도>2013</건축년도><년>2022</년><도로명>위례광장로</도로명><도로명건물본번호코드>00121</도로명건물본번호코드><도로명건물부번호코드>00000</도로명건물부번호코드><도로명시군구코드>11710</도로명시군구코드><도로명일련번호코드>01</도로명일련번호코드><도로명지상지하코드>0</도로명지상지하코드><도로명코드>3000238</도로명코드><법정동> 장지동</법정동><법정동본번코드>0901</법정동본번코드><법정동부번코드>0000</법정동부번코드><법정동시군구코드>11710</법정동시군구코드><법정동읍면동코드>10900</법정동읍면동코드><법정동지번코드>1</법정동지번코드><아파트>위례24단지(꿈에그린)</아파트><월>11</월><일>22</일><일련번호>11710-7441</일련번호><전용면적>51.77</전용면적><중개사소재지>서울 송파구</중개사소재지><지번>901</지번><지역코드>11710</지역코드><층>10</층><해제사유발생일> </해제사유발생일><해제여부> </해제여부></item><item><거래금액>   100,000</거래금액><거래유형>중개거래</거래유형><건축년도>2008</건축년도><년>2022</년><도로명>충민로</도로명><도로명건물본번호코드>00152</도로명건물본번호코드><도로명건물부번호코드>00000</도로명건물부번호코드><도로명시군구코드>11710</도로명시군구코드><도로명일련번호코드>02</도로명일련번호코드><도로명지상지하코드>0</도로명지상지하코드><도로명코드>3123017</도로명코드><법정동> 장지동</법정동><법정동본번코드>0849</법정동본번코드><법정동부번코드>0000</법정동부번코드><법정동시군구코드>11710</법정동시군구코드><법정동읍면동코드>10900</법정동읍면동코드><법정동지번코드>1</법정동지번코드><아파트>송파파인타운3단지</아파트><월>11</월><일>27</일><일련번호>11710-6241</일련번호><전용면적>84.93</전용면적><중개사소재지>서울 송파구</중개사소재지><지번>849</지번><지역코드>11710</지역코드><층>8</층><해제사유발생일> </해제사유발생일><해제여부> </해제여부></item><item><거래금액>   108,000</거래금액><거래유형>중개거래</거래유형><건축년도>2001</건축년도><년>2022</년><도로명>위례성대로8길</도로명><도로명건물본번호코드>00028</도로명건물본번호코드><도로명건물부번호코드>00000</도로명건물부번호코드><도로명시군구코드>11710</도로명시군구코드><도로명일련번호코드>01</도로명일련번호코드><도로명지상지하코드>0</도로명지상지하코드><도로명코드>4169459</도로명코드><법정동> 방이동</법정동><법정동본번코드>0157</법정동본번코드><법정동부번코드>0000</법정동부번코드><법정동시군구코드>11710</법정동시군구코드><법정동읍면동코드>11100</법정동읍면동코드><법정동지번코드>1</법정동지번코드><아파트>방이금호어울림</아파트><월>11</월><일>23</일><일련번호>11710-93</일련번호><전용면적>84.3</전용면적><중개사소재지>서울 송파구</중개사소재지><지번>157</지번><지역코드>11710</지역코드><층>5</층><해제사유발생일> </해제사유발생일><해제여부> </해제여부></item><item><거래금액>    86,500</거래금액><거래유형>중개거래</거래유형><건축년도>2019</건축년도><년>2022</년><도로명>성내천로</도로명><도로명건물본번호코드>00103</도로명건물본번호코드><도로명건물부번호코드>00000</도로명건물부번호코드><도로명시군구코드>11710</도로명시군구코드><도로명일련번호코드>00</도로명일련번호코드><도로명코드>3123010</도로명코드><법정동> 오금동</법정동><법정동본번코드>0135</법정동본번코드><법정동부번코드>0000</법정동부번코드><법정동시군구코드>11710</법정동시군구코드><법정동읍면동코드>11200</법정동읍면동코드><법정동지번코드>1</법정동지번코드><아파트>송파두산위브</아파트><월>11</월><일>8</일><일련번호>11710-8878</일련번호><전용면적>59.9823</전용면적><중개사소재지>서울 송파구</중개사소재지><지번>135</지번><지역코드>11710</지역코드><층>14</층><해제사유발생일> </해제사유발생일><해제여부> </해제여부></item><item><거래금액>    52,000</거래금액><거래유형>중개거래</거래유형><건축년도>1997</건축년도><년>2022</년><도로명>양재대로72길</도로명><도로명건물본번호코드>00020</도로명건물본번호코드><도로명건물부번호코드>00000</도로명건물부번호코드><도로명시군구코드>11710</도로명시군구코드><도로명일련번호코드>01</도로명일련번호코드><도로명지상지하코드>0</도로명지상지하코드><도로명코드>4169373</도로명코드><법정동> 오금동</법정동><법정동본번코드>0011</법정동본번코드><법정동부번코드>0000</법정동부번코드><법정동시군구코드>11710</법정동시군구코드><법정동읍면동코드>11200</법정동읍면동코드><법정동지번코드>1</법정동지번코드><아파트>현대백조</아파트><월>11</월><일>10</일><일련번호>11710-131</일련번호><전용면적>31</전용면적><중개사소재지>서울 송파구</중개사소재지><지번>11</지번><지역코드>11710</지역코드><층>5</층><해제사유발생일> </해제사유발생일><해제여부> </해제여부></item></items><numOfRows>999</numOfRows><pageNo>1</pageNo><totalCount>51</totalCount></body></response>