<?xml version="1.0" encoding="UTF-8" standalone="yes"?><response><header><resultCode>00</resultCode><resultMsg>NORMAL SERVICE.</resultMsg></header><body><items><item><거래금액>   195,000</거래금액><거래유형>중개거래</거래유형><건축년도>2008</건축년도><년>2022</년><도로명>올림픽로</도로명><도로명건물본번호코드>00099</도로명건물본번호코드><도로명건물부번호코드>00000</도로명건물부번호코드><도로명시군구코드>11710</도로명시군구코드><도로명일련번호코드>01</도로명일련번호코드><도로명지상지하코드>0</도로명지상지하코드><도로명코드>3123023</도로명코드><법정동> 잠실동</법정동><법정동본번코드>0019</법정동본번코드><법정동부번코드>0000</법정동부번코드><법정동시군구코드>11710</법정동시군구코드><법정동읍면동코드>10100</법정동읍면동코드><법정동지번코드>1</법정동지번코드><아파트>잠실엘스</아파트><월>10</월><일>7</일><일련번호>11710-6346</일련번호><전용면적>84.8</전용면적><중개사소재지>서울 송파구</중개사소재지><지번>19</지번><지역코드>11710</지역코드><층>12</층><해제사유발생일> </해제사유발생일><해제여부> </해제여부></item><item><거래금액>    29,000</거래금액><거래유형>직거래</거래유형><건축년도>2021</건축년도><년>2022</년><도로명>백제고분로7길</도로명><도로명건물본번호코드>00041</도로명건물본번호코드><도로명건물부번호코드>00000</도로명건물부번호코드><도로명시군구코드>11710</도로명시군구코드><도로명일련번호코드>01</도로명일련번호코드><도로명지상지하코드>0</도로명지상지하코드><도로명코드>4169204</도로명코드><법정동> 잠실동</법정동><법정동본번코드>0183</법정동본번코드><법정동부번코드>0012</법정동부번코드><법정동시군구코드>11710</법정동시군구코드><법정동읍면동코드>10100</법정동읍면동코드><법정동지번코드>1</법정동지번코드><아파트>NS파인트리</아파트><월>10</월><일>7</일><일련번호>11710-9227</일련번호><전용면적>19.7</전용면적><중개사소재지> </중개사소재지><지번>183-12</지번><지역코드>11710</지역코드><층>15</층><해제사유발생일> </해제사유발생일><해제여부> </해제여부></item><item><거래금액>   195,000</거래금액><거래유형>중개거래</거래유형><건축년도>2007</건축년도><년>2022</년><도로명>잠실로</도로명><도로명건물본번호코드>00062</도로명건물본번호코드><도로명건물부번호코드>00000</도로명건물부번호코드><도로명시군구코드>11710</도로명시군구코드><도로명일련번호코드>01</도로명일련번호코드><도로명지상지하코드>0</도로명지상지하코드><도로명코드>3123015</도로명코드><법정동> 잠실동</법정동><법정동본번코드>0035</법정동본번코드><법정동부번코드>0000</법정동부번코드><법정동시군구코드>11710</법정동시군구코드><법정동읍면동코드>10100</법정동읍면동코드><법정동지번코드>1</법정동지번코드><아파트>트리지움</아파트><월>10</월><일>8</일><일련번호>11710-6028</일련번호><전용면적>84.83</전용면적><중개사소재지>서울 강남구, 서울 송파구</중개사소재지><지번>35</지번><지역코드>11710</지역코드><층>26</층><해제사유발생일> </해제사유발생일><해제여부> </해제여부></item><item><거래금액>   202,000</거래금액><거래유형>중개거래</거래유형><건축년도>2008</건축년도><년>2022</년><도로명>올림픽로</도로명><도로명건물본번호코드>00135</도로명건물본번호코드><도로명건물부번호코드>00000</도로명건물부번호코드><도로명시군구코드>11710</도로명시군구코드><도로명일련번호코드>01</도로명일련번호코드><도로명지상지하코드>0</도로명지상지하코드><도로명코드>3123023</도로명코드><법정동> 잠실동</법정동><법정동본번코드>0022</법정동본번코드><법정동부번코드>0000</법정동부번코드><법정동시군구코드>11710</법정동시군구코드><법정동읍면동코드>10100</법정동읍면동코드><법정동지번코드>1</법정동지번코드><아파트>리센츠</아파트><월>10</월><일>8</일><일련번호>11710-6249</일련번호><전용면적>84.99</전용면적><중개사소재지>서울 송파구</중개사소재지><지번>22</지번><지역코드>11710</지역코드><층>29</층><해제사유발생일> </해제사유발생일><해제여부> </해제여부></item><item><거래금액>   227,850</거래금액><거래유형>중개거래</거래유형><건축년도>1978</건축년도><년>2022</년><도로명>송파대로</도로명><도로명건물본번호코드>00567</도로명건물본번호코드><도로명건물부번호코드>00000</도로명건물부번호코드><도로명시군구코드>11710</도로명시군구코드><도로명일련번호코드>01</도로명일련번호코드><도로명지상지하코드>0</도로명지상지하코드><도로명코드>2005011</도로명코드><법정동> 잠실동</법정동><법정동본번코드>0027</법정동본번코드><법정동부번코드>0000</법정동부번코드><법정동시군구코드>11710</법정동시군구코드><법정동읍면동코드>10100</법정동읍면동코드><법정동지번코드>1</법정동지번코드><아파트>주공아파트 5단지</아파트><월>10</월><일>17</일><일련번호>11710-164</일련번호><전용면적>76.5</전용면적><중개사소재지>서울 송파구</중개사소재지><지번>27</지번><지역코드>11710</지역코드><층>8</층><해제사유발생일> </해제사유발생일><해제여부> </해제여부></item><item><거래금액>   244,100</거래금액><거래유형>중개거래</거래유형><건축년도>1978</건축년도><년>2022</년><도로명>송파대로</도로명><도로명건물본번호코드>00567</도로명건물본번호코드><도로명건물부번호코드>00000</도로명건물부번호코드><도로명시군구코드>11710</도로명시군구코드><도로명일련번호코드>01</도로명일련번호코드><도로명지상지하코드>0</도로명지상지하코드><도로명코드>2005011</도로명코드><법정동> 잠실동</법정동><법정동본번코드>0027</법정동본번코드><법정동부번코드>0000</법정동부번코드><법정동시군구코드>11710</법정동시군구코드><법정동읍면동코드>10100</법정동읍면동코드><법정동지번코드>1</법정동지번코드><아파트>주공아파트 5단지</아파트><월>10</월><일>18</일><일련번호>11710-164</일련번호><전용면적>81.75</전용면적><중개사소재지>서울 송파구</중개사소재지><지번>27</지번><지역코드>11710</지역코드><층>9</층><해제사유발생일> </해제사유발생일><해제여부> </해제여부></item><item><거래금액>   203,000</거래금액><거래유형>중개거래</거래유형><건축년도>2008</건축년도><년>2022</년><도로명>올림픽로</도로명><도로명건물본번호코드>00135</도로명건물본번호코드><도로명건물부번호코드>00000</도로명건물부번호코드><도로명시군구코드>11710</도로명시군구코드><도로명일련번호코드>01</도로명일련번호코드><도로명지상지하코드>0</도로명지상지하코드><도로명코드>3123023</도로명코드><법정동> 잠실동</법정동><법정동본번코드>0022</법정동본번코드><법정동부번코드>0000</법정동부번코드><법정동시군구코드>11710</법정동시군구코드><법정동읍면동코드>10100</법정동읍면동코드><법정동지번코드>1</법정동지번코드><아파트>리센츠</아파트><월>10</월><일>18</일><일련번호>11710-6249</일련번호><전용면적>84.99</전용면적><중개사소재지>서울 송파구</중개사소재지><지번>22</지번><지역코드>11710</지역코드><층>16</층><해제사유발생일> </해제사유발생일><해제여부> </해제여부></item><item><거래금액>   197,000</거래금액><거래유형>중개거래</거래유형><건축년도>2008</건축년도><년>2022</년><도로명>올림픽로</도로명><도로명건물본번호코드>00099</도로명건물본번호코드><도로명건물부번호코드>00000</도로명건물부번호코드><도로명시군구코드>11710</도로명시군구코드><도로명일련번호코드>01</도로명일련번호코드><도로명지상지하코드>0</도로명지상지하코드><도로명코드>3123023</도로명코드><법정동> 잠실동</법정동><법정동본번코드>0019</법정동본번코드><법정동부번코드>0000</법정동부번코드><법정동시군구코드>11710</법정동시군구코드><법정동읍면동코드>10100</법정동읍면동코드><법정동지번코드>1</법정동지번코드><아파트>잠실엘스</아파트><월>10</월><일>19</일><일련번호>11710-6346</일련번호><전용면적>84.8</전용면적><중개사소재지>경기 성남중원구, 서울 송파구</중개사소재지><지번>19</지번><지역코드>11710</지역코드><층>10</층><해제사유발생일> </해제사유발생일><해제여부> </해제여부></item><item><거래금액>   190,000</거래금액><거래유형>중개거래</거래유형><건축년도>2008</건축년도><년>2022</년><도로명>올림픽로</도로명><도로명건물본번호코드>00099</도로명건물본번호코드><도로명건물부번호코드>00000</도로명건물부번호코드><도로명시군구코드>11710</도로명시군구코드><도로명일련번호코드>01</도로명일련번호코드><도로명지상지하코드>0</도로명지상지하코드><도로명코드>3123023</도로명코드><법정동> 잠실동</법정동><법정동본번코드>0019</법정동본번코드><법정동부번코드>0000</법정동부번코드><법정동시군구코드>11710</법정동시군구코드><법정동읍면동코드>10100</법정동읍면동코드><법정동지번코드>1</법정동지번코드><아파트>잠실엘스</아파트><월>10</월><일>19</일><일련번호>11710-6346</일련번호><전용면적>84.8</전용면적><중개사소재지>서울 송파구</중개사소재지><지번>19</지번><지역코드>11710</지역코드><층>1</층><해제사유발생일> </해제사유발생일><해제여부> </해제여부></item><item><거래금액>   200,000</거래금액><거래유형>중개거래</거래유형><건축년도>2008</건축년도><년>2022</년><도로명>올림픽로</도로명><도로명건물본번호코드>00099</도로명건물본번호코드><도로명건물부번호코드>00000</도로명건물부번호코드><도로명시군구코드>11710</도로명시군구코드><도로명일련번호코드>01</도로명일련번호코드><도로명지상지하코드>0</도로명지상지하코드><도로명코드>3123023</도로명코드><법정동> 잠실동</법정동><법정동본번코드>0019</법정동본번코드><법정동부번코드>0000</법정동부번코드><법정동시군구코드>11710</법정동시군구코드><법정동읍면동코드>10100</법정동읍면동코드><법정동지번코드>1</법정동지번코드><아파트>잠실엘스</아파트><월>10</월><일>21</일><일련번호>11710-6346</일련번호><전용면적>84.88</전용면적><중개사소재지>서울 송파구</중개사소재지><지번>19</지번><지역코드>11710</지역코드><층>4</층><해제사유발생일> </해제사유발생일><해제여부> </해제여부></item><item><거래금액>   179,500</거래금액><거래유형>중개거래</거래유형><건축년도>2006</건축년도><년>2022</년><도로명>잠실로</도로명><도로명건물본번호코드>00088</도로명건물본번호코드><도로명건물부번호코드>00000</도로명건물부번호코드><도로명시군구코드>11710</도로명시군구코드><도로명일련번호코드>01</도로명일련번호코드><도로명지상지하코드>0</도로명지상지하코드><도로명코드>3123015</도로명코드><법정동> 잠실동</법정동><법정동본번코드>0044</법정동본번코드><법정동부번코드>0000</법정동부번코드><법정동시군구코드>11710</법정동시군구코드><법정동읍면동코드>10100</법정동읍면동코드><법정동지번코드>1</법정동지번코드><아파트>레이크팰리스</아파트><월>10</월><일>26</일><일련번호>11710-5957</일련번호><전용면적>84.82</전용면적><중개사소재지>서울 송파구</중개사소재지><지번>44</지번><지역코드>11710</지역코드><층>18</층><해제사유발생일> </해제사유발생일><해제여부> </해제여부></item><item><거래금액>   197,500</거래금액><거래유형>중개거래</거래유형><건축년도>2008</건축년도><년>2022</년><도로명>올림픽로</도로명><도로명건물본번호코드>00135</도로명건물본번호코드><도로명건물부번호코드>00000</도로명건물부번호코드><도로명시군구코드>11710</도로명시군구코드><도로명일련번호코드>01</도로명일련번호코드><도로명지상지하코드>0</도로명지상지하코드><도로명코드>3123023</도로명코드><법정동> 잠실동</법정동><법정동본번코드>0022</법정동본번코드><법정동부번코드>0000</법정동부번코드><법정동시군구코드>11710</법정동시군구코드><법정동읍면동코드>10100</법정동읍면동코드><법정동지번코드>1</법정동지번코드><아파트>리센츠</아파트><월>10</월><일>26</일><일련번호>11710-6249</일련번호><전용면적>84.99</전용면적><중개사소재지>서울 강서구, 서울 송파구</중개사소재지><지번>22</지번><지역코드>11710</지역코드><층>20</층><해제사유발생일> </해제사유발생일><해제여부> </해제여부></item><item><거래금액>   180,000</거래금액><거래유형>중개거래</거래유형><건축년도>2007</건축년도><년>2022</년><도로명>잠실로</도로명><도로명건물본번호코드>00062</도로명건물본번호코드><도로명건물부번호코드>00000</도로명건물부번호코드><도로명시군구코드>11710</도로명시군구코드><도로명일련번호코드>01</도로명일련번호코드><도로명지상지하코드>0</도로명지상지하코드><도로명코드>3123015</도로명코드><법정동> 잠실동</법정동><법정동본번코드>0035</법정동본번코드><법정동부번코드>0000</법정동부번코드><법정동시군구코드>11710</법정동시군구코드><법정동읍면동코드>10100</법정동읍면동코드><법정동지번코드>1</법정동지번코드><아파트>트리지움</아파트><월>10</월><일>28</일><일련번호>11710-6028</일련번호><전용면적>84.95</전용면적><중개사소재지>서울 송파구</중개사소재지><지번>35</지번><지역코드>11710</지역코드><층>12</층><해제사유발생일> </해제사유발생일><해제여부> </해제여부></item><item><거래금액>   285,000</거래금액><거래유형>중개거래</거래유형><건축년도>2007</건축년도><년>2022</년><도로명>잠실로</도로명><도로명건물본번호코드>00062</도로명건물본번호코드><도로명건물부번호코드>00000</도로명건물부번호코드><도로명시군구코드>11710</도로명시군구코드><도로명일련번호코드>01</도로명일련번호코드><도로명지상지하코드>0</도로명지상지하코드><도로명코드>3123015</도로명코드><법정동> 잠실동</법정동><법정동본번코드>0035</법정동본번코드><법정동부번코드>0000</법정동부번코드><법정동시군구코드>11710</법정동시군구코드><법정동읍면동코드>10100</법정동읍면동코드><법정동지번코드>1</법정동지번코드><아파트>트리지움</아파트><월>10</월><일>28</일><일련번호>11710-6028</일련번호><전용면적>149.45</전용면적><중개사소재지>서울 송파구</중개사소재지><지번>35</지번><지역코드>11710</지역코드><층>24</층><해제사유발생일> </해제사유발생일><해제여부> </해제여부></item><item><거래금액>   232,500</거래금액><거래유형>중개거래</거래유형><건축년도>2007</건축년도><년>2022</년><도로명>잠실로</도로명><도로명건물본번호코드>00062</도로명건물본번호코드><도로명건물부번호코드>00000</도로명건물부번호코드><도로명시군구코드>11710</도로명시군구코드><도로명일련번호코드>01</도로명일련번호코드><도로명지상지하코드>0</도로명지상지하코드><도로명코드>3123015</도로명코드><법정동> 잠실동</법정동><법정동본번코드>0035</법정동본번코드><법정동부번코드>0000</법정동부번코드><법정동시군구코드>11710</법정동시군구코드><법정동읍면동코드>10100</법정동읍면동코드><법정동지번코드>1</법정동지번코드><아파트>트리지움</아파트><월>10</월><일>28</일><일련번호>11710-6028</일련번호><전용면적>114.7</전용면적><중개사소재지>서울 송파구</중개사소재지><지번>35</지번><지역코드>11710</지역코드><층>12</층><해제사유발생일> </해제사유발생일><해제여부> </해제여부></item><item><거래금액>   190,850</거래금액><거래유형>중개거래</거래유형><건축년도>1978</건축년도><년>2022</년><도로명>송파대로</도로명><도로명건물본번호코드>00567</도로명건물본번호코드><도로명건물부번호코드>00000</도로명건물부번호코드><도로명시군구코드>11710</도로명시군구코드><도로명일련번호코드>01</도로명일련번호코드><도로명지상지하코드>0</도로명지상지하코드><도로명코드>2005011</도로명코드><법정동> 잠실동</법정동><법정동본번코드>0027</법정동본번코드><법정동부번코드>0000</법정동부번코드><법정동시군구코드>11710</법정동시군구코드><법정동읍면동코드>10100</법정동읍면동코드><법정동지번코드>1</법정동지번코드><아파트>주공아파트 5단지</아파트><월>10</월><일>29</일><일련번호>11710-164</일련번호><전용면적>76.5</전용면적><중개사소재지>서울 송파구</중개사소재지><지번>27</지번><지역코드>11710</지역코드><층>1</층><해제사유발생일> </해제사유발생일><해제여부> </해제여부></item><item><거래금액>   250,000</거래금액><거래유형>중개거래</거래유형><건축년도>2008</건축년도><년>2022</년><도로명>올림픽로</도로명><도로명건물본번호코드>00435</도로명건물본번호코드><도로명건물부번호코드>00000</도로명건물부번호코드><도로명시군구코드>11710</도로명시군구코드><도로명일련번호코드>02</도로명일련번호코드><도로명지상지하코드>0</도로명지상지하코드><도로명코드>3123023</도로명코드><법정동> 신천동</법정동><법정동본번코드>0017</법정동본번코드><법정동부번코드>0000</법정동부번코드><법정동시군구코드>11710</법정동시군구코드><법정동읍면동코드>10200</법정동읍면동코드><법정동지번코드>1</법정동지번코드><아파트>파크리오</아파트><월>10</월><일>4</일><일련번호>11710-6266</일련번호><전용면적>144.77</전용면적><중개사소재지>서울 송파구</중개사소재지><지번>17</지번><지역코드>11710</지역코드><층>23</층><해제사유발생일> </해제사유발생일><해제여부> </해제여부></item><item><거래금액>   177,000</거래금액><거래유형>중개거래</거래유형><건축년도>2008</건축년도><년>2022</년><도로명>올림픽로</도로명><도로명건물본번호코드>00435</도로명건물본번호코드><도로명건물부번호코드>00000</도로명건물부번호코드><도로명시군구코드>11710</도로명시군구코드><도로명일련번호코드>02</도로명일련번호코드><도로명지상지하코드>0</도로명지상지하코드><도로명코드>3123023</도로명코드><법정동> 신천동</법정동><법정동본번코드>0017</법정동본번코드><법정동부번코드>0000</법정동부번코드><법정동시군구코드>11710</법정동시군구코드><법정동읍면동코드>10200</법정동읍면동코드><법정동지번코드>1</법정동지번코드><아파트>파크리오</아파트><월>10</월><일>15</일><일련번호>11710-6266</일련번호><전용면적>84.9</전용면적><중개사소재지>서울 서초구, 서울 송파구</중개사소재지><지번>17</지번><지역코드>11710</지역코드><층>25</층><해제사유발생일> </해제사유발생일><해제여부> </해제여부></item><item><거래금액>    93,000</거래금액><거래유형>중개거래</거래유형><건축년도>2008</건축년도><년>2022</년><도로명>올림픽로</도로명><도로명건물본번호코드>00435</도로명건물본번호코드><도로명건물부번호코드>00000</도로명건물부번호코드><도로명시군구코드>11710</도로명시군구코드><도로명일련번호코드>02</도로명일련번호코드><도로명지상지하코드>0</도로명지상지하코드><도로명코드>3123023</도로명코드><법정동> 신천동</법정동><법정동본번코드>0017</법정동본번코드><법정동부번코드>0000</법정동부번코드><법정동시군구코드>11710</법정동시군구코드><법정동읍면동코드>10200</법정동읍면동코드><법정동지번코드>1</법정동지번코드><아파트>파크리오</아파트><월>10</월><일>28</일><일련번호>11710-6266</일련번호><전용면적>35.24</전용면적><중개사소재지>서울 송파구</중개사소재지><지번>17</지번><지역코드>11710</지역코드><층>8</층><해제사유발생일> </해제사유발생일><해제여부> </해제여부></item><item><거래금액>    60,000</거래금액><거래유형>중개거래</거래유형><건축년도>1986</건축년도><년>2022</년><도로명>풍성로14길</도로명><도로명건물본번호코드>00019</도로명건물본번호코드><도로명건물부번호코드>00000</도로명건물부번호코드><도로명시군구코드>11710</도로명시군구코드><도로명일련번호코드>01</도로명일련번호코드><도로명지상지하코드>0</도로명지상지하코드><도로명코드>4169500</도로명코드><법정동> 풍납동</법정동><법정동본번코드>0251</법정동본번코드><법정동부번코드>0002</법정동부번코드><법정동시군구코드>11710</법정동시군구코드><법정동읍면동코드>10300</법정동읍면동코드><법정동지번코드>1</법정동지번코드><아파트>토성현대</아파트><월>10</월><일>3</일><일련번호>11710-16</일련번호><전용면적>57.24</전용면적><중개사소재지>서울 송파구</중개사소재지><지번>251-2</지번><지역코드>11710</지역코드><층>1</층><해제사유발생일> </해제사유발생일><해제여부> </해제여부></item><item><거래금액>   110,000</거래금액><거래유형>중개거래</거래유형><건축년도>1994</건축년도><년>2022</년><도로명>올림픽로47길</도로명><도로명건물본번호코드>00009</도로명건물본번호코드><도로명건물부번호코드>00000</도로명건물부번호코드><도로명시군구코드>11710</도로명시군구코드><도로명일련번호코드>01</도로명일련번호코드><도로명지상지하코드>0</도로명지상지하코드><도로명코드>4169437</도로명코드><법정동> 풍납동</법정동><법정동본번코드>0401</법정동본번코드><법정동부번코드>0001</법정동부번코드><법정동시군구코드>11710</법정동시군구코드><법정동읍면동코드>10300</법정동읍면동코드><법정동지번코드>1</법정동지번코드><아파트>쌍용</아파트><월>10</월><일>8</일><일련번호>11710-12</일련번호><전용면적>84.86</전용면적><중개사소재지>서울 송파구</중개사소재지><지번>401-1</지번><지역코드>11710</지역코드><층>17</층><해제사유발생일> </해제사유발생일><해제여부> </해제여부></item><item><거래금액>    23,500</거래금액><거래유형>중개거래</거래유형><건축년도>2015</건축년도><년>2022</년><도로명>석촌호수로</도로명><도로명건물본번호코드>00210</도로명건물본번호코드><도로명건물부번호코드>00000</도로명건물부번호코드><도로명시군구코드>11710</도로명시군구코드><도로명일련번호코드>01</도로명일련번호코드><도로명지상지하코드>0</도로명지상지하코드><도로명코드>3123009</도로명코드><법정동> 석촌동</법정동><법정동본번코드>0024</법정동본번코드><법정동부번코드>0003</법정동부번코드><법정동시군구코드>11710</법정동시군구코드><법정동읍면동코드>10500</법정동읍면동코드><법정동지번코드>1</법정동지번코드><아파트>석촌호수효성해링턴타워</아파트><월>10</월><일>12</일><일련번호>11710-7855</일련번호><전용면적>15.8307</전용면적><중개사소재지>서울 송파구</중개사소재지><지번>24-3</지번><지역코드>11710</지역코드><층>10</층><해제사유발생일> </해제사유발생일><해제여부> </해제여부></item><item><거래금액>   109,000</거래금액><거래유형>중개거래</거래유형><건축년도>1997</건축년도><년>2022</년><도로명>동남로</도로명><도로명건물본번호코드>00193</도로명건물본번호코드><도로명건물부번호코드>00000</도로명건물부번호코드><도로명시군구코드>11710</도로명시군구코드><도로명일련번호코드>01</도로명일련번호코드><도로명지상지하코드>0</도로명지상지하코드><도로명코드>3000034</도로명코드><법정동> 가락동</법정동><법정동본번코드>0140</법정동본번코드><법정동부번코드>0000</법정동부번코드><법정동시군구코드>11710</법정동시군구코드><법정동읍면동코드>10700</법정동읍면동코드><법정동지번코드>1</법정동지번코드><아파트>가락(1차)쌍용아파트</아파트><월>10</월><일>1</일><일련번호>11710-59</일련번호><전용면적>59.92</전용면적><중개사소재지>서울 송파구</중개사소재지><지번>140</지번><지역코드>11710</지역코드><층>24</층><해제사유발생일> </해제사유발생일><해제여부> </해제여부></item><item><거래금액>    86,000</거래금액><거래유형>중개거래</거래유형><건축년도>1986</건축년도><년>2022</년><도로명>송파대로32길</도로명><도로명건물본번호코드>00008</도로명건물본번호코드><도로명건물부번호코드>00000</도로명건물부번호코드><도로명시군구코드>11710</도로명시군구코드><도로명일련번호코드>01</도로명일련번호코드><도로명지상지하코드>0</도로명지상지하코드><도로명코드>4169335</도로명코드><법정동> 가락동</법정동><법정동본번코드>0096</법정동본번코드><법정동부번코드>0001</법정동부번코드><법정동시군구코드>11710</법정동시군구코드><법정동읍면동코드>10700</법정동읍면동코드><법정동지번코드>1</법정동지번코드><아파트>우성</아파트><월>10</월><일>5</일><일련번호>11710-61</일련번호><전용면적>43.79</전용면적><중개사소재지>서울 송파구</중개사소재지><지번>96-1</지번><지역코드>11710</지역코드><층>7</층><해제사유발생일> </해제사유발생일><해제여부> </해제여부></item><item><거래금액>   262,000</거래금액><거래유형>중개거래</거래유형><건축년도>2018</건축년도><년>2022</년><도로명>송파대로</도로명><도로명건물본번호코드>00345</도로명건물본번호코드><도로명건물부번호코드>00000</도로명건물부번호코드><도로명시군구코드>11710</도로명시군구코드><도로명일련번호코드>00</도로명일련번호코드><도로명코드>2005011</도로명코드><법정동> 가락동</법정동><법정동본번코드>0913</법정동본번코드><법정동부번코드>0000</법정동부번코드><법정동시군구코드>11710</법정동시군구코드><법정동읍면동코드>10700</법정동읍면동코드><법정동지번코드>1</법정동지번코드><아파트>헬리오시티</아파트><월>10</월><일>6</일><일련번호>11710-8865</일련번호><전용면적>110.44</전용면적><중개사소재지>서울 송파구</중개사소재지><지번>913</지번><지역코드>11710</지역코드><층>8</층><해제사유발생일> </해제사유발생일><해제여부> </해제여부></item><item><거래금액>   178,500</거래금액><거래유형>중개거래</거래유형><건축년도>2018</건축년도><년>2022</년><도로명>송파대로</도로명><도로명건물본번호코드>00345</도로명건물본번호코드><도로명건물부번호코드>00000</도로명건물부번호코드><도로명시군구코드>11710</도로명시군구코드><도로명일련번호코드>00</도로명일련번호코드><도로명코드>2005011</도로명코드><법정동> 가락동</법정동><법정동본번코드>0913</법정동본번코드><법정동부번코드>0000</법정동부번코드><법정동시군구코드>11710</법정동시군구코드><법정동읍면동코드>10700</법정동읍면동코드><법정동지번코드>1</법정동지번코드><아파트>헬리오시티</아파트><월>10</월><일>16</일><일련번호>11710-8865</일련번호><전용면적>84.99</전용면적><중개사소재지>서울 송파구</중개사소재지><지번>913</지번><지역코드>11710</지역코드><층>5</층><해제사유발생일> </해제사유발생일><해제여부> </해제여부></item><item><거래금액>   179,500</거래금액><거래유형>중개거래</거래유형><건축년도>2018</건축년도><년>2022</년><도로명>송파대로</도로명><도로명건물본번호코드>00345</도로명건물본번호코드><도로명건물부번호코드>00000</도로명건물부번호코드><도로명시군구코드>11710</도로명시군구코드><도로명일련번호코드>00</도로명일련번호코드><도로명코드>2005011</도로명코드><법정동> 가락동</법정동><법정동본번코드>0913</법정동본번코드><법정동부번코드>0000</법정동부번코드><법정동시군구코드>11710</법정동시군구코드><법정동읍면동코드>10700</법정동읍면동코드><법정동지번코드>1</법정동지번코드><아파트>헬리오시티</아파트><월>10</월><일>24</일><일련번호>11710-8865</일련번호><전용면적>84.99</전용면적><중개사소재지>서울 송파구</중개사소재지><지번>913</지번><지역코드>11710</지역코드><층>6</층><해제사유발생일> </해제사유발생일><해제여부> </해제여부></item><item><거래금액>   101,000</거래금액><거래유형>중개거래</거래유형><건축년도>1997</건축년도><년>2022</년><도로명>동남로</도로명><도로명건물본번호코드>00193</도로명건물본번호코드><도로명건물부번호코드>00000</도로명건물부번호코드><도로명시군구코드>11710</도로명시군구코드><도로명일련번호코드>01</도로명일련번호코드><도로명지상지하코드>0</도로명지상지하코드><도로명코드>3000034</도로명코드><법정동> 가락동</법정동><법정동본번코드>0140</법정동본번코드><법정동부번코드>0000</법정동부번코드><법정동시군구코드>11710</법정동시군구코드><법정동읍면동코드>10700</법정동읍면동코드><법정동지번코드>1</법정동지번코드><아파트>가락(1차)쌍용아파트</아파트><월>10</월><일>25</일><일련번호>11710-59</일련번호><전용면적>59.92</전용면적><중개사소재지>서울 송파구</중개사소재지><지번>140</지번><지역코드>11710</지역코드><층>4</층><해제사유발생일> </해제사유발생일><해제여부> </해제여부></item><item><거래금액>   180,000</거래금액><거래유형>중개거래</거래유형><건축년도>2018</건축년도><년>2022</년><도로명>송파대로</도로명><도로명건물본번호코드>00345</도로명건물본번호코드><도로명건물부번호코드>00000</도로명건물부번호코드><도로명시군구코드>11710</도로명시군구코드><도로명일련번호코드>00</도로명일련번호코드><도로명코드>2005011</도로명코드><법정동> 가락동</법정동><법정동본번코드>0913</법정동본번코드><법정동부번코드>0000</법정동부번코드><법정동시군구코드>11710</법정동시군구코드><법정동읍면동코드>10700</법정동읍면동코드><법정동지번코드>1</법정동지번코드><아파트>헬리오시티</아파트><월>10</월><일>29</일><일련번호>11710-8865</일련번호><전용면적>84.98</전용면적><중개사소재지>서울 송파구</중개사소재지><지번>913</지번><지역코드>11710</지역코드><층>8</층><해제사유발생일> </해제사유발생일><해제여부> </해제여부></item><item><거래금액>   186,500</거래금액><거래유형>중개거래</거래유형><건축년도>2018</건축년도><년>2022</년><도로명>송파대로</도로명><도로명건물본번호코드>00345</도로명건물본번호코드><도로명건물부번호코드>00000</도로명건물부번호코드><도로명시군구코드>11710</도로명시군구코드><도로명일련번호코드>00</도로명일련번호코드><도로명코드>2005011</도로명코드><법정동> 가락동</법정동><법정동본번코드>0913</법정동본번코드><법정동부번코드>0000</법정동부번코드><법정동시군구코드>11710</법정동시군구코드><법정동읍면동코드>10700</법정동읍면동코드><법정동지번코드>1</법정동지번코드><아파트>헬리오시티</아파트><월>10</월><일>31</일><일련번호>11710-8865</일련번호><전용면적>84.95</전용면적><중개사소재지>서울 송파구</중개사소재지><지번>913</지번><지역코드>11710</지역코드><층>12</층><해제사유발생일> </해제사유발생일><해제여부> </해제여부></item><item><거래금액>   150,000</거래금액><거래유형>중개거래</거래유형><건축년도>1988</건축년도><년>2022</년><도로명>중대로</도로명><도로명건물본번호코드>00024</도로명건물본번호코드><도로명건물부번호코드>00000</도로명건물부번호코드><도로명시군구코드>11710</도로명시군구코드><도로명일련번호코드>02</도로명일련번호코드><도로명지상지하코드>0</도로명지상지하코드><도로명코드>3123016</도로명코드><법정동> 문정동</법정동><법정동본번코드>0150</법정동본번코드><법정동부번코드>0000</법정동부번코드><법정동시군구코드>11710</법정동시군구코드><법정동읍면동코드>10800</법정동읍면동코드><법정동지번코드>1</법정동지번코드><아파트>올림픽훼밀리타운</아파트><월>10</월><일>1</일><일련번호>11710-89</일련번호><전용면적>84.705</전용면적><중개사소재지>서울 송파구</중개사소재지><지번>150</지번><지역코드>11710</지역코드><층>13</층><해제사유발생일> </해제사유발생일><해제여부> </해제여부></item><item><거래금액>   150,000</거래금액><거래유형>직거래</거래유형><건축년도>2004</건축년도><년>2022</년><도로명>문정로</도로명><도로명건물본번호코드>00083</도로명건물본번호코드><도로명건물부번호코드>00000</도로명건물부번호코드><도로명시군구코드>11710</도로명시군구코드><도로명일련번호코드>02</도로명일련번호코드><도로명지상지하코드>0</도로명지상지하코드><도로명코드>3123005</도로명코드><법정동> 문정동</법정동><법정동본번코드>0001</법정동본번코드><법정동부번코드>0000</법정동부번코드><법정동시군구코드>11710</법정동시군구코드><법정동읍면동코드>10800</법정동읍면동코드><법정동지번코드>1</법정동지번코드><아파트>문정래미안</아파트><월>10</월><일>12</일><일련번호>11710-282</일련번호><전용면적>120.97</전용면적><중개사소재지> </중개사소재지><지번>1</지번><지역코드>11710</지역코드><층>5</층><해제사유발생일> </해제사유발생일><해제여부> </해제여부></item><item><거래금액>   200,000</거래금액><거래유형>중개거래</거래유형><건축년도>1988</건축년도><년>2022</년><도로명>중대로</도로명><도로명건물본번호코드>00024</도로명건물본번호코드><도로명건물부번호코드>00000</도로명건물부번호코드><도로명시군구코드>11710</도로명시군구코드><도로명일련번호코드>02</도로명일련번호코드><도로명지상지하코드>0</도로명지상지하코드><도로명코드>3123016</도로명코드><법정동> 문정동</법정동><법정동본번코드>0150</법정동본번코드><법정동부번코드>0000</법정동부번코드><법정동시군구코드>11710</법정동시군구코드><법정동읍면동코드>10800</법정동읍면동코드><법정동지번코드>1</법정동지번코드><아파트>올림픽훼밀리타운</아파트><월>10</월><일>22</일><일련번호>11710-89</일련번호><전용면적>136.325</전용면적><중개사소재지>서울 송파구</중개사소재지><지번>150</지번><지역코드>11710</지역코드><층>1</층><해제사유발생일> </해제사유발생일><해제여부> </해제여부></item><item><거래금액>   150,000</거래금액><거래유형>중개거래</거래유형><건축년도>1988</건축년도><년>2022</년><도로명>중대로</도로명><도로명건물본번호코드>00024</도로명건물본번호코드><도로명건물부번호코드>00000</도로명건물부번호코드><도로명시군구코드>11710</도로명시군구코드><도로명일련번호코드>02</도로명일련번호코드><도로명지상지하코드>0</도로명지상지하코드><도로명코드>3123016</도로명코드><법정동> 문정동</법정동><법정동본번코드>0150</법정동본번코드><법정동부번코드>0000</법정동부번코드><법정동시군구코드>11710</법정동시군구코드><법정동읍면동코드>10800</법정동읍면동코드><법정동지번코드>1</법정동지번코드><아파트>올림픽훼밀리타운</아파트><월>10</월><일>22</일><일련번호>11710-89</일련번호><전용면적>84.705</전용면적><중개사소재지>서울 송파구</중개사소재지><지번>150</지번><지역코드>11710</지역코드><층>11</층><해제사유발생일> </해제사유발생일><해제여부> </해제여부></item><item><거래금액>   105,000</거래금액><거래유형>중개거래</거래유형><건축년도>2013</건축년도><년>2022</년><도로명>위례광장로</도로명><도로명건물본번호코드>00121</도로명건물본번호코드><도로명건물부번호코드>00000</도로명건물부번호코드><도로명시군구코드>11710</도로명시군구코드><도로명일련번호코드>01</도로명일련번호코드><도로명지상지하코드>0</도로명지상지하코드><도로명코드>3000238</도로명코드><법정동> 장지동</법정동><법정동본번코드>0901</법정동본번코드><법정동부번코드>0000</법정동부번코드><법정동시군구코드>11710</법정동시군구코드><법정동읍면동코드>10900</법정동읍면동코드><법정동지번코드>1</법정동지번코드><아파트>위례24단지(꿈에그린)</아파트><월>10</월><일>11</일><일련번호>11710-7441</일련번호><전용면적>51.82</전용면적><중개사소재지>경기 성남수정구</중개사소재지><지번>901</지번><지역코드>11710</지역코드><층>7</층><해제사유발생일> </해제사유발생일><해제여부> </해제여부></item><item><거래금액>   187,000</거래금액><거래유형>중개거래</거래유형><건축년도>1988</건축년도><년>2022</년><도로명>양재대로</도로명><도로명건물본번호코드>01218</도로명건물본번호코드><도로명건물부번호코드>00000</도로명건물부번호코드><도로명시군구코드>11710</도로명시군구코드><도로명일련번호코드>02</도로명일련번호코드><도로명지상지하코드>0</도로명지상지하코드><도로명코드>2000006</도로명코드><법정동> 방이동</법정동><법정동본번코드>0089</법정동본번코드><법정동부번코드>0000</법정동부번코드><법정동시군구코드>11710</법정동시군구코드><법정동읍면동코드>11100</법정동읍면동코드><법정동지번코드>1</법정동지번코드><아파트>올림픽선수기자촌2단지</아파트><월>10</월><일>8</일><일련번호>11710-5715</일련번호><전용면적>83.06</전용면적><중개사소재지>서울 송파구</중개사소재지><지번>89</지번><지역코드>11710</지역코드><층>24</층><해제사유발생일> </해제사유발생일><해제여부> </해제여부></item><item><거래금액>    35,400</거래금액><거래유형>직거래</거래유형><건축년도>2020</건축년도><년>2022</년><도로명>위례성대로2길</도로명><도로명건물본번호코드>00013</도로명건물본번호코드><도로명건물부번호코드>00000</도로명건물부번호코드><도로명시군구코드>11710</도로명시군구코드><도로명일련번호코드>00</도로명일련번호코드><도로명지상지하코드>0</도로명지상지하코드><도로명코드>4169456</도로명코드><법정동> 방이동</법정동><법정동본번코드>0048</법정동본번코드><법정동부번코드>0003</법정동부번코드><법정동시군구코드>11710</법정동시군구코드><법정동읍면동코드>11100</법정동읍면동코드><법정동지번코드>1</법정동지번코드><아파트>더원센트럴</아파트><월>10</월><일>14</일><일련번호>11710-9055</일련번호><전용면적>29.09</전용면적><중개사소재지> </중개사소재지><지번>48-3</지번><지역코드>11710</지역코드><층>14</층><해제사유발생일> </해제사유발생일><해제여부> </해제여부></item><item><거래금액>   200,000</거래금액><거래유형>중개거래</거래유형><건축년도>1988</건축년도><년>2022</년><도로명>양재대로</도로명><도로명건물본번호코드>01218</도로명건물본번호코드><도로명건물부번호코드>00000</도로명건물부번호코드><도로명시군구코드>11710</도로명시군구코드><도로명일련번호코드>02</도로명일련번호코드><도로명지상지하코드>0</도로명지상지하코드><도로명코드>2000006</도로명코드><법정동> 방이동</법정동><법정동본번코드>0089</법정동본번코드><법정동부번코드>0000</법정동부번코드><법정동시군구코드>11710</법정동시군구코드><법정동읍면동코드>11100</법정동읍면동코드><법정동지번코드>1</법정동지번코드><아파트>올림픽선수기자촌1단지</아파트><월>10</월><일>19</일><일련번호>11710-5714</일련번호><전용면적>100.82</전용면적><중개사소재지>서울 송파구</중개사소재지><지번>89</지번><지역코드>11710</지역코드><층>4</층><해제사유발생일> </해제사유발생일><해제여부> </해제여부></item><item><거래금액>   140,000</거래금액><거래유형>중개거래</거래유형><건축년도>2005</건축년도><년>2022</년><도로명>중대로</도로명><도로명건물본번호코드>00293</도로명건물본번호코드><도로명건물부번호코드>00000</도로명건물부번호코드><도로명시군구코드>11710</도로명시군구코드><도로명일련번호코드>03</도로명일련번호코드><도로명지상지하코드>0</도로명지상지하코드><도로명코드>3123016</도로명코드><법정동> 오금동</법정동><법정동본번코드>0030</법정동본번코드><법정동부번코드>0002</법정동부번코드><법정동시군구코드>11710</법정동시군구코드><법정동읍면동코드>11200</법정동읍면동코드><법정동지번코드>1</법정동지번코드><아파트>쌍용스위닷홈(201동)</아파트><월>10</월><일>4</일><일련번호>11710-5677</일련번호><전용면적>143.82</전용면적><중개사소재지>경기 하남시</중개사소재지><지번>30-2</지번><지역코드>11710</지역코드><층>12</층><해제사유발생일> </해제사유발생일><해제여부> </해제여부></item><item><거래금액>   100,000</거래금액><거래유형>중개거래</거래유형><건축년도>2003</건축년도><년>2022</년><도로명>성내천로</도로명><도로명건물본번호코드>00036</도로명건물본번호코드><도로명건물부번호코드>00000</도로명건물부번호코드><도로명시군구코드>11710</도로명시군구코드><도로명일련번호코드>01</도로명일련번호코드><도로명지상지하코드>0</도로명지상지하코드><도로명코드>3123010</도로명코드><법정동> 오금동</법정동><법정동본번코드>0075</법정동본번코드><법정동부번코드>0000</법정동부번코드><법정동시군구코드>11710</법정동시군구코드><법정동읍면동코드>11200</법정동읍면동코드><법정동지번코드>1</법정동지번코드><아파트>다성이즈빌클래식</아파트><월>10</월><일>10</일><일련번호>11710-198</일련번호><전용면적>167.4</전용면적><중개사소재지>서울 송파구</중개사소재지><지번>75</지번><지역코드>11710</지역코드><층>7</층><해제사유발생일> </해제사유발생일><해제여부> </해제여부></item><item><거래금액>    53,000</거래금액><거래유형>중개거래</거래유형><건축년도>1998</건축년도><년>2022</년><도로명>마천로</도로명><도로명건물본번호코드>00204</도로명건물본번호코드><도로명건물부번호코드>00000</도로명건물부번호코드><도로명시군구코드>11710</도로명시군구코드><도로명일련번호코드>02</도로명일련번호코드><도로명지상지하코드>0</도로명지상지하코드><도로명코드>3123004</도로명코드><법정동> 오금동</법정동><법정동본번코드>0133</법정동본번코드><법정동부번코드>0016</법정동부번코드><법정동시군구코드>11710</법정동시군구코드><법정동읍면동코드>11200</법정동읍면동코드><법정동지번코드>1</법정동지번코드><아파트>영풍</아파트><월>10</월><일>19</일><일련번호>11710-126</일련번호><전용면적>59.76</전용면적><중개사소재지>서울 강동구, 서울 마포구</중개사소재지><지번>133-16</지번><지역코드>11710</지역코드><층>10</층><해제사유발생일> </해제사유발생일><해제여부> </해제여부></item><item><거래금액>   159,000</거래금액><거래유형>중개거래</거래유형><건축년도>1984</건축년도><년>2022</년><도로명>오금로35길</도로명><도로명건물본번호코드>00017</도로명건물본번호코드><도로명건물부번호코드>00000</도로명건물부번호코드><도로명시군구코드>11710</도로명시군구코드><도로명일련번호코드>01</도로명일련번호코드><도로명지상지하코드>0</도로명지상지하코드><도로명코드>4169393</도로명코드><법정동> 오금동</법정동><법정동본번코드>0043</법정동본번코드><법정동부번코드>0000</법정동부번코드><법정동시군구코드>11710</법정동시군구코드><법정동읍면동코드>11200</법정동읍면동코드><법정동지번코드>1</법정동지번코드><아파트>현대(2-4차)</아파트><월>10</월><일>29</일><일련번호>11710-130</일련번호><전용면적>130.93</전용면적><중개사소재지>서울 송파구</중개사소재지><지번>43</지번><지역코드>11710</지역코드><층>7</층><해제사유발생일> </해제사유발생일><해제여부> </해제여부></item><item><거래금액>   148,000</거래금액><거래유형>중개거래</거래유형><건축년도>2021</건축년도><년>2022</년><도로명일련번호코드>00</도로명일련번호코드><도로명지상지하코드>0</도로명지상지하코드><법정동> 거여동</법정동><법정동본번코드>0696</법정동본번코드><법정동부번코드>0000</법정동부번코드><법정동시군구코드>11710</법정동시군구코드><법정동읍면동코드>11300</법정동읍면동코드><법정동지번코드>1</법정동지번코드><아파트>e편한세상송파파크센트럴</아파트><월>10</월><일>7</일><일련번호>11710-9109</일련번호><전용면적>113.18</전용면적><중개사소재지>서울 강남구</중개사소재지><지번>696</지번><지역코드>11710</지역코드><층>22</층><해제사유발생일> </해제사유발생일><해제여부> </해제여부></item><item><거래금액>    62,000</거래금액><거래유형>중개거래</거래유형><건축년도>1997</건축년도><년>2022</년><도로명>양산로8길</도로명><도로명건물본번호코드>00008</도로명건물본번호코드><도로명건물부번호코드>00000</도로명건물부번호코드><도로명시군구코드>11710</도로명시군구코드><도로명일련번호코드>01</도로명일련번호코드><도로명지상지하코드>0</도로명지상지하코드><도로명코드>4169365</도로명코드><법정동> 거여동</법정동><법정동본번코드>0290</법정동본번코드><법정동부번코드>0000</법정동부번코드><법정동시군구코드>11710</법정동시군구코드><법정동읍면동코드>11300</법정동읍면동코드><법정동지번코드>1</법정동지번코드><아파트>거여1단지</아파트><월>10</월><일>21</일><일련번호>11710-133</일련번호><전용면적>39.6</전용면적><중개사소재지>서울 송파구</중개사소재지><지번>290</지번><지역코드>11710</지역코드><층>5</층><해제사유발생일> </해제사유발생일><해제여부> </해제여부></item><item><거래금액>    46,000</거래금액><거래유형>중개거래</거래유형><건축년도>2000</건축년도><년>2022</년><도로명>거마로15길</도로명><도로명건물본번호코드>00012</도로명건물본번호코드><도로명건물부번호코드>00000</도로명건물부번호코드><도로명시군구코드>11710</도로명시군구코드><도로명일련번호코드>01</도로명일련번호코드><도로명지상지하코드>0</도로명지상지하코드><도로명코드>4169038</도로명코드><법정동> 거여동</법정동><법정동본번코드>0129</법정동본번코드><법정동부번코드>0000</법정동부번코드><법정동시군구코드>11710</법정동시군구코드><법정동읍면동코드>11300</법정동읍면동코드><법정동지번코드>1</법정동지번코드><아파트>성동레인보우</아파트><월>10</월><일>26</일><일련번호>11710-141</일련번호><전용면적>59.99</전용면적><중개사소재지>서울 송파구</중개사소재지><지번>129</지번><지역코드>11710</지역코드><층>1</층><해제사유발생일> </해제사유발생일><해제여부> </해제여부></item></items><numOfRows>999</numOfRows><pageNo>1</pageNo><totalCount>45</totalCount></body></response>