<?xml version="1.0" encoding="UTF-8" standalone="yes"?><response><header><resultCode>00</resultCode><resultMsg>NORMAL SERVICE.</resultMsg></header><body><items><item><거래금액>   197,500</거래금액><거래유형>중개거래</거래유형><건축년도>1987</건축년도><년>2023</년><도로명>목동서로</도로명><도로명건물본번호코드>00400</도로명건물본번호코드><도로명건물부번호코드>00000</도로명건물부번호코드><도로명시군구코드>11470</도로명시군구코드><도로명일련번호코드>01</도로명일련번호코드><도로명지상지하코드>0</도로명지상지하코드><도로명코드>3114003</도로명코드><법정동> 신정동</법정동><법정동본번코드>0311</법정동본번코드><법정동부번코드>0000</법정동부번코드><법정동시군구코드>11470</법정동시군구코드><법정동읍면동코드>10100</법정동읍면동코드><법정동지번코드>1</법정동지번코드><아파트>목동신시가지10</아파트><월>1</월><일>3</일><일련번호>11470-119</일련번호><전용면적>127.21</전용면적><중개사소재지>서울 양천구</중개사소재지><지번>311</지번><지역코드>11470</지역코드><층>8</층><해제사유발생일> </해제사유발생일><해제여부> </해제여부></item><item><거래금액>   110,000</거래금액><거래유형>중개거래</거래유형><건축년도>1987</건축년도><년>2023</년><도로명>목동동로</도로명><도로명건물본번호코드>00130</도로명건물본번호코드><도로명건물부번호코드>00000</도로명건물부번호코드><도로명시군구코드>11470</도로명시군구코드><도로명일련번호코드>01</도로명일련번호코드><도로명지상지하코드>0</도로명지상지하코드><도로명코드>3114001</도로명코드><법정동> 신정동</법정동><법정동본번코드>0329</법정동본번코드><법정동부번코드>0000</법정동부번코드><법정동시군구코드>11470</법정동시군구코드><법정동읍면동코드>10100</법정동읍면동코드><법정동지번코드>1</법정동지번코드><아파트>목동신시가지14</아파트><월>1</월><일>6</일><일련번호>11470-123</일련번호><전용면적>74.19</전용면적><중개사소재지>경기 의왕시, 서울 양천구</중개사소재지><지번>329</지번><지역코드>11470</지역코드><층>7</층><해제사유발생일> </해제사유발생일><해제여부> </해제여부></item><item><거래금액>   102,000</거래금액><거래유형>중개거래</거래유형><건축년도>1987</건축년도><년>2023</년><도로명>목동동로</도로명><도로명건물본번호코드>00130</도로명건물본번호코드><도로명건물부번호코드>00000</도로명건물부번호코드><도로명시군구코드>11470</도로명시군구코드><도로명일련번호코드>01</도로명일련번호코드><도로명지상지하코드>0</도로명지상지하코드><도로명코드>3114001</도로명코드><법정동> 신정동</법정동><법정동본번코드>0329</법정동본번코드><법정동부번코드>0000</법정동부번코드><법정동시군구코드>11470</법정동시군구코드><법정동읍면동코드>10100</법정동읍면동코드><법정동지번코드>1</법정동지번코드><아파트>목동신시가지14</아파트><월>1</월><일>9</일><일련번호>11470-123</일련번호><전용면적>74.19</전용면적><중개사소재지>서울 양천구</중개사소재지><지번>329</지번><지역코드>11470</지역코드><층>15</층><해제사유발생일> </해제사유발생일><해제여부> </해제여부></item><item><거래금액>   174,000</거래금액><거래유형>중개거래</거래유형><건축년도>1987</건축년도><년>2023</년><도로명>목동서로</도로명><도로명건물본번호코드>00400</도로명건물본번호코드><도로명건물부번호코드>00000</도로명건물부번호코드><도로명시군구코드>11470</도로명시군구코드><도로명일련번호코드>01</도로명일련번호코드><도로명지상지하코드>0</도로명지상지하코드><도로명코드>3114003</도로명코드><법정동> 신정동</법정동><법정동본번코드>0311</법정동본번코드><법정동부번코드>0000</법정동부번코드><법정동시군구코드>11470</법정동시군구코드><법정동읍면동코드>10100</법정동읍면동코드><법정동지번코드>1</법정동지번코드><아파트>목동신시가지10</아파트><월>1</월><일>13</일><일련번호>11470-119</일련번호><전용면적>105.58</전용면적><중개사소재지>서울 양천구</중개사소재지><지번>311</지번><지역코드>11470</지역코드><층>10</층><해제사유발생일> </해제사유발생일><해제여부> </해제여부></item><item><거래금액>   127,500</거래금액><거래유형>중개거래</거래유형><건축년도>2021</건축년도><년>2023</년><도로명>중앙로43길</도로명><도로명건물본번호코드>00014</도로명건물본번호코드><도로명건물부번호코드>00000</도로명건물부번호코드><도로명시군구코드>11470</도로명시군구코드><도로명일련번호코드>01</도로명일련번호코드><도로명코드>4142380</도로명코드><법정동> 신정동</법정동><법정동본번코드>1326</법정동본번코드><법정동부번코드>0000</법정동부번코드><법정동시군구코드>11470</법정동시군구코드><법정동읍면동코드>10100</법정동읍면동코드><법정동지번코드>1</법정동지번코드><아파트>래미안목동아델리체(1326)</아파트><월>1</월><일>13</일><일련번호>11470-5691</일련번호><전용면적>84.95</전용면적><중개사소재지>서울 양천구</중개사소재지><지번>1326</지번><지역코드>11470</지역코드><층>10</층><해제사유발생일> </해제사유발생일><해제여부> </해제여부></item><item><거래금액>    54,000</거래금액><거래유형>중개거래</거래유형><건축년도>2001</건축년도><년>2023</년><도로명>신정로11길</도로명><도로명건물본번호코드>00063</도로명건물본번호코드><도로명건물부번호코드>00000</도로명건물부번호코드><도로명시군구코드>11470</도로명시군구코드><도로명일련번호코드>01</도로명일련번호코드><도로명지상지하코드>0</도로명지상지하코드><도로명코드>4142256</도로명코드><법정동> 신정동</법정동><법정동본번코드>1283</법정동본번코드><법정동부번코드>0000</법정동부번코드><법정동시군구코드>11470</법정동시군구코드><법정동읍면동코드>10100</법정동읍면동코드><법정동지번코드>1</법정동지번코드><아파트>푸른마을3</아파트><월>1</월><일>14</일><일련번호>11470-151</일련번호><전용면적>59.91</전용면적><중개사소재지>서울 양천구</중개사소재지><지번>1283</지번><지역코드>11470</지역코드><층>11</층><해제사유발생일> </해제사유발생일><해제여부> </해제여부></item><item><거래금액>    95,000</거래금액><거래유형>중개거래</거래유형><건축년도>1987</건축년도><년>2023</년><도로명>목동동로</도로명><도로명건물본번호코드>00100</도로명건물본번호코드><도로명건물부번호코드>00000</도로명건물부번호코드><도로명시군구코드>11470</도로명시군구코드><도로명일련번호코드>01</도로명일련번호코드><도로명지상지하코드>0</도로명지상지하코드><도로명코드>3114001</도로명코드><법정동> 신정동</법정동><법정동본번코드>0327</법정동본번코드><법정동부번코드>0000</법정동부번코드><법정동시군구코드>11470</법정동시군구코드><법정동읍면동코드>10100</법정동읍면동코드><법정동지번코드>1</법정동지번코드><아파트>목동신시가지13</아파트><월>1</월><일>16</일><일련번호>11470-122</일련번호><전용면적>53.9</전용면적><중개사소재지>서울 양천구</중개사소재지><지번>327</지번><지역코드>11470</지역코드><층>13</층><해제사유발생일> </해제사유발생일><해제여부> </해제여부></item><item><거래금액>   126,000</거래금액><거래유형>중개거래</거래유형><건축년도>2021</건축년도><년>2023</년><도로명>중앙로43길</도로명><도로명건물본번호코드>00014</도로명건물본번호코드><도로명건물부번호코드>00000</도로명건물부번호코드><도로명시군구코드>11470</도로명시군구코드><도로명일련번호코드>01</도로명일련번호코드><도로명코드>4142380</도로명코드><법정동> 신정동</법정동><법정동본번코드>1326</법정동본번코드><법정동부번코드>0000</법정동부번코드><법정동시군구코드>11470</법정동시군구코드><법정동읍면동코드>10100</법정동읍면동코드><법정동지번코드>1</법정동지번코드><아파트>래미안목동아델리체(1326)</아파트><월>1</월><일>16</일><일련번호>11470-5691</일련번호><전용면적>84.95</전용면적><중개사소재지>서울 양천구</중개사소재지><지번>1326</지번><지역코드>11470</지역코드><층>10</층><해제사유발생일> </해제사유발생일><해제여부> </해제여부></item><item><거래금액>   107,000</거래금액><거래유형>중개거래</거래유형><건축년도>1987</건축년도><년>2023</년><도로명>목동동로</도로명><도로명건물본번호코드>00130</도로명건물본번호코드><도로명건물부번호코드>00000</도로명건물부번호코드><도로명시군구코드>11470</도로명시군구코드><도로명일련번호코드>01</도로명일련번호코드><도로명지상지하코드>0</도로명지상지하코드><도로명코드>3114001</도로명코드><법정동> 신정동</법정동><법정동본번코드>0329</법정동본번코드><법정동부번코드>0000</법정동부번코드><법정동시군구코드>11470</법정동시군구코드><법정동읍면동코드>10100</법정동읍면동코드><법정동지번코드>1</법정동지번코드><아파트>목동신시가지14</아파트><월>1</월><일>16</일><일련번호>11470-123</일련번호><전용면적>74.19</전용면적><중개사소재지>서울 양천구</중개사소재지><지번>329</지번><지역코드>11470</지역코드><층>10</층><해제사유발생일> </해제사유발생일><해제여부> </해제여부></item><item><거래금액>   149,000</거래금액><거래유형>중개거래</거래유형><건축년도>1987</건축년도><년>2023</년><도로명>목동동로</도로명><도로명건물본번호코드>00130</도로명건물본번호코드><도로명건물부번호코드>00000</도로명건물부번호코드><도로명시군구코드>11470</도로명시군구코드><도로명일련번호코드>01</도로명일련번호코드><도로명지상지하코드>0</도로명지상지하코드><도로명코드>3114001</도로명코드><법정동> 신정동</법정동><법정동본번코드>0329</법정동본번코드><법정동부번코드>0000</법정동부번코드><법정동시군구코드>11470</법정동시군구코드><법정동읍면동코드>10100</법정동읍면동코드><법정동지번코드>1</법정동지번코드><아파트>목동신시가지14</아파트><월>1</월><일>17</일><일련번호>11470-123</일련번호><전용면적>92.07</전용면적><중개사소재지>서울 양천구</중개사소재지><지번>329</지번><지역코드>11470</지역코드><층>1</층><해제사유발생일> </해제사유발생일><해제여부> </해제여부></item><item><거래금액>   124,000</거래금액><거래유형>중개거래</거래유형><건축년도>2021</건축년도><년>2023</년><도로명>중앙로43길</도로명><도로명건물본번호코드>00014</도로명건물본번호코드><도로명건물부번호코드>00000</도로명건물부번호코드><도로명시군구코드>11470</도로명시군구코드><도로명일련번호코드>01</도로명일련번호코드><도로명코드>4142380</도로명코드><법정동> 신정동</법정동><법정동본번코드>1326</법정동본번코드><법정동부번코드>0000</법정동부번코드><법정동시군구코드>11470</법정동시군구코드><법정동읍면동코드>10100</법정동읍면동코드><법정동지번코드>1</법정동지번코드><아파트>래미안목동아델리체(1326)</아파트><월>1</월><일>17</일><일련번호>11470-5691</일련번호><전용면적>84.94</전용면적><중개사소재지>서울 양천구</중개사소재지><지번>1326</지번><지역코드>11470</지역코드><층>22</층><해제사유발생일> </해제사유발생일><해제여부> </해제여부></item><item><거래금액>   129,000</거래금액><거래유형>중개거래</거래유형><건축년도>2002</건축년도><년>2023</년><도로명>목동동로</도로명><도로명건물본번호코드>00180</도로명건물본번호코드><도로명건물부번호코드>00000</도로명건물부번호코드><도로명시군구코드>11470</도로명시군구코드><도로명일련번호코드>01</도로명일련번호코드><도로명지상지하코드>0</도로명지상지하코드><도로명코드>3114001</도로명코드><법정동> 신정동</법정동><법정동본번코드>1296</법정동본번코드><법정동부번코드>0000</법정동부번코드><법정동시군구코드>11470</법정동시군구코드><법정동읍면동코드>10100</법정동읍면동코드><법정동지번코드>1</법정동지번코드><아파트>아이파크</아파트><월>1</월><일>17</일><일련번호>11470-157</일련번호><전용면적>84.88</전용면적><중개사소재지>서울 양천구</중개사소재지><지번>1296</지번><지역코드>11470</지역코드><층>3</층><해제사유발생일> </해제사유발생일><해제여부> </해제여부></item><item><거래금액>   183,000</거래금액><거래유형>중개거래</거래유형><건축년도>1987</건축년도><년>2023</년><도로명>목동동로</도로명><도로명건물본번호코드>00100</도로명건물본번호코드><도로명건물부번호코드>00000</도로명건물부번호코드><도로명시군구코드>11470</도로명시군구코드><도로명일련번호코드>01</도로명일련번호코드><도로명지상지하코드>0</도로명지상지하코드><도로명코드>3114001</도로명코드><법정동> 신정동</법정동><법정동본번코드>0327</법정동본번코드><법정동부번코드>0000</법정동부번코드><법정동시군구코드>11470</법정동시군구코드><법정동읍면동코드>10100</법정동읍면동코드><법정동지번코드>1</법정동지번코드><아파트>목동신시가지13</아파트><월>1</월><일>19</일><일련번호>11470-122</일련번호><전용면적>122.3</전용면적><중개사소재지>서울 양천구</중개사소재지><지번>327</지번><지역코드>11470</지역코드><층>2</층><해제사유발생일> </해제사유발생일><해제여부> </해제여부></item><item><거래금액>   127,000</거래금액><거래유형>중개거래</거래유형><건축년도>1987</건축년도><년>2023</년><도로명>목동서로</도로명><도로명건물본번호코드>00280</도로명건물본번호코드><도로명건물부번호코드>00000</도로명건물부번호코드><도로명시군구코드>11470</도로명시군구코드><도로명일련번호코드>01</도로명일련번호코드><도로명지상지하코드>0</도로명지상지하코드><도로명코드>3114003</도로명코드><법정동> 신정동</법정동><법정동본번코드>0314</법정동본번코드><법정동부번코드>0000</법정동부번코드><법정동시군구코드>11470</법정동시군구코드><법정동읍면동코드>10100</법정동읍면동코드><법정동지번코드>1</법정동지번코드><아파트>목동신시가지8</아파트><월>1</월><일>25</일><일련번호>11470-124</일련번호><전용면적>71.77</전용면적><중개사소재지>서울 양천구</중개사소재지><지번>314</지번><지역코드>11470</지역코드><층>2</층><해제사유발생일> </해제사유발생일><해제여부> </해제여부></item><item><거래금액>   140,000</거래금액><거래유형>중개거래</거래유형><건축년도>1987</건축년도><년>2023</년><도로명>목동동로</도로명><도로명건물본번호코드>00130</도로명건물본번호코드><도로명건물부번호코드>00000</도로명건물부번호코드><도로명시군구코드>11470</도로명시군구코드><도로명일련번호코드>01</도로명일련번호코드><도로명지상지하코드>0</도로명지상지하코드><도로명코드>3114001</도로명코드><법정동> 신정동</법정동><법정동본번코드>0329</법정동본번코드><법정동부번코드>0000</법정동부번코드><법정동시군구코드>11470</법정동시군구코드><법정동읍면동코드>10100</법정동읍면동코드><법정동지번코드>1</법정동지번코드><아파트>목동신시가지14</아파트><월>1</월><일>27</일><일련번호>11470-123</일련번호><전용면적>83.31</전용면적><중개사소재지>서울 양천구</중개사소재지><지번>329</지번><지역코드>11470</지역코드><층>8</층><해제사유발생일> </해제사유발생일><해제여부> </해제여부></item><item><거래금액>   125,000</거래금액><거래유형>중개거래</거래유형><건축년도>1988</건축년도><년>2023</년><도로명>목동동로</도로명><도로명건물본번호코드>00050</도로명건물본번호코드><도로명건물부번호코드>00000</도로명건물부번호코드><도로명시군구코드>11470</도로명시군구코드><도로명일련번호코드>01</도로명일련번호코드><도로명지상지하코드>0</도로명지상지하코드><도로명코드>3114001</도로명코드><법정동> 신정동</법정동><법정동본번코드>0326</법정동본번코드><법정동부번코드>0000</법정동부번코드><법정동시군구코드>11470</법정동시군구코드><법정동읍면동코드>10100</법정동읍면동코드><법정동지번코드>1</법정동지번코드><아파트>목동신시가지12</아파트><월>1</월><일>28</일><일련번호>11470-121</일련번호><전용면적>71.64</전용면적><중개사소재지>서울 양천구</중개사소재지><지번>326</지번><지역코드>11470</지역코드><층>12</층><해제사유발생일> </해제사유발생일><해제여부> </해제여부></item><item><거래금액>   112,000</거래금액><거래유형>중개거래</거래유형><건축년도>1987</건축년도><년>2023</년><도로명>목동동로</도로명><도로명건물본번호코드>00130</도로명건물본번호코드><도로명건물부번호코드>00000</도로명건물부번호코드><도로명시군구코드>11470</도로명시군구코드><도로명일련번호코드>01</도로명일련번호코드><도로명지상지하코드>0</도로명지상지하코드><도로명코드>3114001</도로명코드><법정동> 신정동</법정동><법정동본번코드>0329</법정동본번코드><법정동부번코드>0000</법정동부번코드><법정동시군구코드>11470</법정동시군구코드><법정동읍면동코드>10100</법정동읍면동코드><법정동지번코드>1</법정동지번코드><아파트>목동신시가지14</아파트><월>1</월><일>28</일><일련번호>11470-123</일련번호><전용면적>71.4</전용면적><중개사소재지>서울 양천구</중개사소재지><지번>329</지번><지역코드>11470</지역코드><층>14</층><해제사유발생일> </해제사유발생일><해제여부> </해제여부></item><item><거래금액>    95,000</거래금액><거래유형>중개거래</거래유형><건축년도>1987</건축년도><년>2023</년><도로명>목동동로</도로명><도로명건물본번호코드>00100</도로명건물본번호코드><도로명건물부번호코드>00000</도로명건물부번호코드><도로명시군구코드>11470</도로명시군구코드><도로명일련번호코드>01</도로명일련번호코드><도로명지상지하코드>0</도로명지상지하코드><도로명코드>3114001</도로명코드><법정동> 신정동</법정동><법정동본번코드>0327</법정동본번코드><법정동부번코드>0000</법정동부번코드><법정동시군구코드>11470</법정동시군구코드><법정동읍면동코드>10100</법정동읍면동코드><법정동지번코드>1</법정동지번코드><아파트>목동신시가지13</아파트><월>1</월><일>29</일><일련번호>11470-122</일련번호><전용면적>53.9</전용면적><중개사소재지>서울 양천구</중개사소재지><지번>327</지번><지역코드>11470</지역코드><층>11</층><해제사유발생일> </해제사유발생일><해제여부> </해제여부></item><item><거래금액>    93,000</거래금액><거래유형>중개거래</거래유형><건축년도>1988</건축년도><년>2023</년><도로명>목동동로</도로명><도로명건물본번호코드>00050</도로명건물본번호코드><도로명건물부번호코드>00000</도로명건물부번호코드><도로명시군구코드>11470</도로명시군구코드><도로명일련번호코드>01</도로명일련번호코드><도로명지상지하코드>0</도로명지상지하코드><도로명코드>3114001</도로명코드><법정동> 신정동</법정동><법정동본번코드>0326</법정동본번코드><법정동부번코드>0000</법정동부번코드><법정동시군구코드>11470</법정동시군구코드><법정동읍면동코드>10100</법정동읍면동코드><법정동지번코드>1</법정동지번코드><아파트>목동신시가지12</아파트><월>1</월><일>31</일><일련번호>11470-121</일련번호><전용면적>56.76</전용면적><중개사소재지>서울 양천구</중개사소재지><지번>326</지번><지역코드>11470</지역코드><층>2</층><해제사유발생일> </해제사유발생일><해제여부> </해제여부></item><item><거래금액>   115,000</거래금액><거래유형>중개거래</거래유형><건축년도>2005</건축년도><년>2023</년><도로명>목동중앙본로</도로명><도로명건물본번호코드>00085</도로명건물본번호코드><도로명건물부번호코드>00000</도로명건물부번호코드><도로명시군구코드>11470</도로명시군구코드><도로명일련번호코드>01</도로명일련번호코드><도로명지상지하코드>0</도로명지상지하코드><도로명코드>3114006</도로명코드><법정동> 목동</법정동><법정동본번코드>0953</법정동본번코드><법정동부번코드>0000</법정동부번코드><법정동시군구코드>11470</법정동시군구코드><법정동읍면동코드>10200</법정동읍면동코드><법정동지번코드>1</법정동지번코드><아파트>목동두산위브</아파트><월>1</월><일>4</일><일련번호>11470-3936</일련번호><전용면적>112.209</전용면적><중개사소재지>서울 양천구</중개사소재지><지번>953</지번><지역코드>11470</지역코드><층>7</층><해제사유발생일> </해제사유발생일><해제여부> </해제여부></item><item><거래금액>   116,500</거래금액><거래유형>중개거래</거래유형><건축년도>1997</건축년도><년>2023</년><도로명>목동서로2길</도로명><도로명건물본번호코드>00022</도로명건물본번호코드><도로명건물부번호코드>00000</도로명건물부번호코드><도로명시군구코드>11470</도로명시군구코드><도로명일련번호코드>01</도로명일련번호코드><도로명지상지하코드>0</도로명지상지하코드><도로명코드>4142122</도로명코드><법정동> 목동</법정동><법정동본번코드>0929</법정동본번코드><법정동부번코드>0000</법정동부번코드><법정동시군구코드>11470</법정동시군구코드><법정동읍면동코드>10200</법정동읍면동코드><법정동지번코드>1</법정동지번코드><아파트>목동청구한신아파트</아파트><월>1</월><일>6</일><일련번호>11470-46</일련번호><전용면적>84.77</전용면적><중개사소재지>서울 양천구</중개사소재지><지번>929</지번><지역코드>11470</지역코드><층>4</층><해제사유발생일> </해제사유발생일><해제여부> </해제여부></item><item><거래금액>   108,000</거래금액><거래유형>중개거래</거래유형><건축년도>1992</건축년도><년>2023</년><도로명>목동중앙로</도로명><도로명건물본번호코드>00143</도로명건물본번호코드><도로명건물부번호코드>00000</도로명건물부번호코드><도로명시군구코드>11470</도로명시군구코드><도로명일련번호코드>01</도로명일련번호코드><도로명지상지하코드>0</도로명지상지하코드><도로명코드>3114005</도로명코드><법정동> 목동</법정동><법정동본번코드>0200</법정동본번코드><법정동부번코드>0000</법정동부번코드><법정동시군구코드>11470</법정동시군구코드><법정동읍면동코드>10200</법정동읍면동코드><법정동지번코드>1</법정동지번코드><아파트>우성</아파트><월>1</월><일>7</일><일련번호>11470-41</일련번호><전용면적>84.63</전용면적><중개사소재지>서울 양천구</중개사소재지><지번>200</지번><지역코드>11470</지역코드><층>3</층><해제사유발생일> </해제사유발생일><해제여부> </해제여부></item><item><거래금액>   120,000</거래금액><거래유형>중개거래</거래유형><건축년도>1997</건축년도><년>2023</년><도로명>목동서로2길</도로명><도로명건물본번호코드>00022</도로명건물본번호코드><도로명건물부번호코드>00000</도로명건물부번호코드><도로명시군구코드>11470</도로명시군구코드><도로명일련번호코드>01</도로명일련번호코드><도로명지상지하코드>0</도로명지상지하코드><도로명코드>4142122</도로명코드><법정동> 목동</법정동><법정동본번코드>0929</법정동본번코드><법정동부번코드>0000</법정동부번코드><법정동시군구코드>11470</법정동시군구코드><법정동읍면동코드>10200</법정동읍면동코드><법정동지번코드>1</법정동지번코드><아파트>목동청구한신아파트</아파트><월>1</월><일>13</일><일련번호>11470-46</일련번호><전용면적>84.76</전용면적><중개사소재지>서울 양천구</중개사소재지><지번>929</지번><지역코드>11470</지역코드><층>8</층><해제사유발생일> </해제사유발생일><해제여부> </해제여부></item><item><거래금액>   248,000</거래금액><거래유형>중개거래</거래유형><건축년도>2006</건축년도><년>2023</년><도로명>오목로</도로명><도로명건물본번호코드>00300</도로명건물본번호코드><도로명건물부번호코드>00000</도로명건물부번호코드><도로명시군구코드>11470</도로명시군구코드><도로명일련번호코드>02</도로명일련번호코드><도로명지상지하코드>0</도로명지상지하코드><도로명코드>3114014</도로명코드><법정동> 목동</법정동><법정동본번코드>0961</법정동본번코드><법정동부번코드>0000</법정동부번코드><법정동시군구코드>11470</법정동시군구코드><법정동읍면동코드>10200</법정동읍면동코드><법정동지번코드>1</법정동지번코드><아파트>하이페리온2</아파트><월>1</월><일>15</일><일련번호>11470-4045</일련번호><전용면적>155.586</전용면적><중개사소재지>서울 강서구, 서울 양천구</중개사소재지><지번>961</지번><지역코드>11470</지역코드><층>32</층><해제사유발생일> </해제사유발생일><해제여부> </해제여부></item><item><거래금액>   120,000</거래금액><거래유형>중개거래</거래유형><건축년도>1997</건축년도><년>2023</년><도로명>목동서로2길</도로명><도로명건물본번호코드>00022</도로명건물본번호코드><도로명건물부번호코드>00000</도로명건물부번호코드><도로명시군구코드>11470</도로명시군구코드><도로명일련번호코드>01</도로명일련번호코드><도로명지상지하코드>0</도로명지상지하코드><도로명코드>4142122</도로명코드><법정동> 목동</법정동><법정동본번코드>0929</법정동본번코드><법정동부번코드>0000</법정동부번코드><법정동시군구코드>11470</법정동시군구코드><법정동읍면동코드>10200</법정동읍면동코드><법정동지번코드>1</법정동지번코드><아파트>목동청구한신아파트</아파트><월>1</월><일>17</일><일련번호>11470-46</일련번호><전용면적>84.77</전용면적><중개사소재지>서울 양천구</중개사소재지><지번>929</지번><지역코드>11470</지역코드><층>3</층><해제사유발생일> </해제사유발생일><해제여부> </해제여부></item><item><거래금액>    54,000</거래금액><거래유형>중개거래</거래유형><건축년도>2000</건축년도><년>2023</년><도로명>목동중앙남로</도로명><도로명건물본번호코드>00100</도로명건물본번호코드><도로명건물부번호코드>00000</도로명건물부번호코드><도로명시군구코드>11470</도로명시군구코드><도로명일련번호코드>01</도로명일련번호코드><도로명지상지하코드>0</도로명지상지하코드><도로명코드>3114004</도로명코드><법정동> 목동</법정동><법정동본번코드>0709</법정동본번코드><법정동부번코드>0002</법정동부번코드><법정동시군구코드>11470</법정동시군구코드><법정동읍면동코드>10200</법정동읍면동코드><법정동지번코드>1</법정동지번코드><아파트>성원2</아파트><월>1</월><일>21</일><일련번호>11470-35</일련번호><전용면적>59.9</전용면적><중개사소재지>서울 양천구</중개사소재지><지번>709-2</지번><지역코드>11470</지역코드><층>7</층><해제사유발생일> </해제사유발생일><해제여부> </해제여부></item><item><거래금액>   130,000</거래금액><거래유형>직거래</거래유형><건축년도>1986</건축년도><년>2023</년><도로명>목동로</도로명><도로명건물본번호코드>00186</도로명건물본번호코드><도로명건물부번호코드>00000</도로명건물부번호코드><도로명시군구코드>11470</도로명시군구코드><도로명일련번호코드>00</도로명일련번호코드><도로명코드>3114002</도로명코드><법정동> 목동</법정동><법정동본번코드>0925</법정동본번코드><법정동부번코드>0000</법정동부번코드><법정동시군구코드>11470</법정동시군구코드><법정동읍면동코드>10200</법정동읍면동코드><법정동지번코드>1</법정동지번코드><아파트>목동신시가지7</아파트><월>1</월><일>30</일><일련번호>11470-23</일련번호><전용면적>66.6</전용면적><중개사소재지> </중개사소재지><지번>925</지번><지역코드>11470</지역코드><층>8</층><해제사유발생일> </해제사유발생일><해제여부> </해제여부></item><item><거래금액>    43,000</거래금액><거래유형>중개거래</거래유형><건축년도>2019</건축년도><년>2023</년><도로명>목동중앙북로</도로명><도로명건물본번호코드>00068</도로명건물본번호코드><도로명건물부번호코드>00000</도로명건물부번호코드><도로명시군구코드>11470</도로명시군구코드><도로명일련번호코드>00</도로명일련번호코드><도로명지상지하코드>0</도로명지상지하코드><도로명코드>3114007</도로명코드><법정동> 목동</법정동><법정동본번코드>0966</법정동본번코드><법정동부번코드>0000</법정동부번코드><법정동시군구코드>11470</법정동시군구코드><법정동읍면동코드>10200</법정동읍면동코드><법정동지번코드>1</법정동지번코드><아파트>목동에버하임</아파트><월>1</월><일>30</일><일련번호>11470-5595</일련번호><전용면적>41.06</전용면적><중개사소재지>서울 강서구, 서울 영등포구</중개사소재지><지번>966</지번><지역코드>11470</지역코드><층>5</층><해제사유발생일> </해제사유발생일><해제여부> </해제여부></item><item><거래금액>   147,000</거래금액><거래유형>중개거래</거래유형><건축년도>2003</건축년도><년>2023</년><도로명>목동동로</도로명><도로명건물본번호코드>00270</도로명건물본번호코드><도로명건물부번호코드>00000</도로명건물부번호코드><도로명시군구코드>11470</도로명시군구코드><도로명일련번호코드>02</도로명일련번호코드><도로명지상지하코드>0</도로명지상지하코드><도로명코드>3114001</도로명코드><법정동> 목동</법정동><법정동본번코드>0947</법정동본번코드><법정동부번코드>0000</법정동부번코드><법정동시군구코드>11470</법정동시군구코드><법정동읍면동코드>10200</법정동읍면동코드><법정동지번코드>1</법정동지번코드><아파트>월드메르디앙3</아파트><월>1</월><일>30</일><일련번호>11470-193</일련번호><전용면적>101.97</전용면적><중개사소재지>서울 양천구</중개사소재지><지번>947</지번><지역코드>11470</지역코드><층>3</층><해제사유발생일> </해제사유발생일><해제여부> </해제여부></item><item><거래금액>   119,000</거래금액><거래유형>중개거래</거래유형><건축년도>1997</건축년도><년>2023</년><도로명>목동서로2길</도로명><도로명건물본번호코드>00022</도로명건물본번호코드><도로명건물부번호코드>00000</도로명건물부번호코드><도로명시군구코드>11470</도로명시군구코드><도로명일련번호코드>01</도로명일련번호코드><도로명지상지하코드>0</도로명지상지하코드><도로명코드>4142122</도로명코드><법정동> 목동</법정동><법정동본번코드>0929</법정동본번코드><법정동부번코드>0000</법정동부번코드><법정동시군구코드>11470</법정동시군구코드><법정동읍면동코드>10200</법정동읍면동코드><법정동지번코드>1</법정동지번코드><아파트>목동청구한신아파트</아파트><월>1</월><일>31</일><일련번호>11470-46</일련번호><전용면적>84.77</전용면적><중개사소재지>서울 양천구</중개사소재지><지번>929</지번><지역코드>11470</지역코드><층>4</층><해제사유발생일> </해제사유발생일><해제여부> </해제여부></item><item><거래금액>    82,400</거래금액><거래유형>중개거래</거래유형><건축년도>2020</건축년도><년>2023</년><도로명>남부순환로83길</도로명><도로명건물본번호코드>00017</도로명건물본번호코드><도로명건물부번호코드>00000</도로명건물부번호코드><도로명시군구코드>11470</도로명시군구코드><도로명일련번호코드>01</도로명일련번호코드><도로명코드>4142070</도로명코드><법정동> 신월동</법정동><법정동본번코드>1075</법정동본번코드><법정동부번코드>0000</법정동부번코드><법정동시군구코드>11470</법정동시군구코드><법정동읍면동코드>10300</법정동읍면동코드><법정동지번코드>1</법정동지번코드><아파트>목동센트럴아이파크위브1단지</아파트><월>1</월><일>7</일><일련번호>11470-5627</일련번호><전용면적>84.98</전용면적><중개사소재지>서울 양천구</중개사소재지><지번>1075</지번><지역코드>11470</지역코드><층>3</층><해제사유발생일> </해제사유발생일><해제여부> </해제여부></item><item><거래금액>    87,000</거래금액><거래유형>중개거래</거래유형><건축년도>2020</건축년도><년>2023</년><도로명>남부순환로83길</도로명><도로명건물본번호코드>00018</도로명건물본번호코드><도로명건물부번호코드>00000</도로명건물부번호코드><도로명시군구코드>11470</도로명시군구코드><도로명일련번호코드>01</도로명일련번호코드><도로명코드>4142070</도로명코드><법정동> 신월동</법정동><법정동본번코드>1076</법정동본번코드><법정동부번코드>0000</법정동부번코드><법정동시군구코드>11470</법정동시군구코드><법정동읍면동코드>10300</법정동읍면동코드><법정동지번코드>1</법정동지번코드><아파트>목동센트럴아이파크위브2단지</아파트><월>1</월><일>7</일><일련번호>11470-5628</일련번호><전용면적>84.98</전용면적><중개사소재지>서울 양천구</중개사소재지><지번>1076</지번><지역코드>11470</지역코드><층>15</층><해제사유발생일> </해제사유발생일><해제여부> </해제여부></item><item><거래금액>    80,000</거래금액><거래유형>중개거래</거래유형><건축년도>2020</건축년도><년>2023</년><도로명>남부순환로83길</도로명><도로명건물본번호코드>00017</도로명건물본번호코드><도로명건물부번호코드>00000</도로명건물부번호코드><도로명시군구코드>11470</도로명시군구코드><도로명일련번호코드>01</도로명일련번호코드><도로명코드>4142070</도로명코드><법정동> 신월동</법정동><법정동본번코드>1075</법정동본번코드><법정동부번코드>0000</법정동부번코드><법정동시군구코드>11470</법정동시군구코드><법정동읍면동코드>10300</법정동읍면동코드><법정동지번코드>1</법정동지번코드><아파트>목동센트럴아이파크위브1단지</아파트><월>1</월><일>9</일><일련번호>11470-5627</일련번호><전용면적>84.97</전용면적><중개사소재지>서울 양천구, 서울 영등포구</중개사소재지><지번>1075</지번><지역코드>11470</지역코드><층>2</층><해제사유발생일> </해제사유발생일><해제여부> </해제여부></item><item><거래금액>    67,000</거래금액><거래유형>직거래</거래유형><건축년도>2020</건축년도><년>2023</년><도로명>남부순환로83길</도로명><도로명건물본번호코드>00048</도로명건물본번호코드><도로명건물부번호코드>00000</도로명건물부번호코드><도로명시군구코드>11470</도로명시군구코드><도로명일련번호코드>01</도로명일련번호코드><도로명코드>4142070</도로명코드><법정동> 신월동</법정동><법정동본번코드>1077</법정동본번코드><법정동부번코드>0000</법정동부번코드><법정동시군구코드>11470</법정동시군구코드><법정동읍면동코드>10300</법정동읍면동코드><법정동지번코드>1</법정동지번코드><아파트>목동센트럴아이파크위브3단지</아파트><월>1</월><일>10</일><일련번호>11470-5629</일련번호><전용면적>84.98</전용면적><중개사소재지> </중개사소재지><지번>1077</지번><지역코드>11470</지역코드><층>5</층><해제사유발생일> </해제사유발생일><해제여부> </해제여부></item><item><거래금액>    40,000</거래금액><거래유형>직거래</거래유형><건축년도>1987</건축년도><년>2023</년><도로명>지양로15길</도로명><도로명건물본번호코드>00020</도로명건물본번호코드><도로명건물부번호코드>00000</도로명건물부번호코드><도로명시군구코드>11470</도로명시군구코드><도로명일련번호코드>01</도로명일련번호코드><도로명지상지하코드>0</도로명지상지하코드><도로명코드>4142397</도로명코드><법정동> 신월동</법정동><법정동본번코드>0350</법정동본번코드><법정동부번코드>0002</법정동부번코드><법정동시군구코드>11470</법정동시군구코드><법정동읍면동코드>10300</법정동읍면동코드><법정동지번코드>1</법정동지번코드><아파트>신안파크</아파트><월>1</월><일>11</일><일련번호>11470-86</일련번호><전용면적>60.2</전용면적><중개사소재지> </중개사소재지><지번>350-2</지번><지역코드>11470</지역코드><층>5</층><해제사유발생일> </해제사유발생일><해제여부> </해제여부></item><item><거래금액>    88,000</거래금액><거래유형>중개거래</거래유형><건축년도>2020</건축년도><년>2023</년><도로명>남부순환로83길</도로명><도로명건물본번호코드>00017</도로명건물본번호코드><도로명건물부번호코드>00000</도로명건물부번호코드><도로명시군구코드>11470</도로명시군구코드><도로명일련번호코드>01</도로명일련번호코드><도로명코드>4142070</도로명코드><법정동> 신월동</법정동><법정동본번코드>1075</법정동본번코드><법정동부번코드>0000</법정동부번코드><법정동시군구코드>11470</법정동시군구코드><법정동읍면동코드>10300</법정동읍면동코드><법정동지번코드>1</법정동지번코드><아파트>목동센트럴아이파크위브1단지</아파트><월>1</월><일>11</일><일련번호>11470-5627</일련번호><전용면적>84.97</전용면적><중개사소재지>서울 강서구, 서울 양천구</중개사소재지><지번>1075</지번><지역코드>11470</지역코드><층>6</층><해제사유발생일> </해제사유발생일><해제여부> </해제여부></item><item><거래금액>    66,000</거래금액><거래유형>중개거래</거래유형><건축년도>2007</건축년도><년>2023</년><도로명>오목로</도로명><도로명건물본번호코드>00076</도로명건물본번호코드><도로명건물부번호코드>00002</도로명건물부번호코드><도로명시군구코드>11470</도로명시군구코드><도로명일련번호코드>00</도로명일련번호코드><도로명지상지하코드>0</도로명지상지하코드><도로명코드>3114014</도로명코드><법정동> 신월동</법정동><법정동본번코드>1049</법정동본번코드><법정동부번코드>0000</법정동부번코드><법정동시군구코드>11470</법정동시군구코드><법정동읍면동코드>10300</법정동읍면동코드><법정동지번코드>1</법정동지번코드><아파트>장수마을2단지동원데쟈뷰</아파트><월>1</월><일>14</일><일련번호>11470-4186</일련번호><전용면적>84.01</전용면적><중개사소재지>서울 금천구, 서울 양천구</중개사소재지><지번>1049</지번><지역코드>11470</지역코드><층>15</층><해제사유발생일> </해제사유발생일><해제여부> </해제여부></item><item><거래금액>    50,000</거래금액><거래유형>직거래</거래유형><건축년도>1988</건축년도><년>2023</년><도로명>신월로</도로명><도로명건물본번호코드>00099</도로명건물본번호코드><도로명건물부번호코드>00000</도로명건물부번호코드><도로명시군구코드>11470</도로명시군구코드><도로명일련번호코드>02</도로명일련번호코드><도로명지상지하코드>0</도로명지상지하코드><도로명코드>3114010</도로명코드><법정동> 신월동</법정동><법정동본번코드>0987</법정동본번코드><법정동부번코드>0001</법정동부번코드><법정동시군구코드>11470</법정동시군구코드><법정동읍면동코드>10300</법정동읍면동코드><법정동지번코드>1</법정동지번코드><아파트>신월시영</아파트><월>1</월><일>15</일><일련번호>11470-83</일련번호><전용면적>43.2</전용면적><중개사소재지> </중개사소재지><지번>987-1</지번><지역코드>11470</지역코드><층>7</층><해제사유발생일> </해제사유발생일><해제여부> </해제여부></item><item><거래금액>    76,000</거래금액><거래유형>중개거래</거래유형><건축년도>2020</건축년도><년>2023</년><도로명>남부순환로83길</도로명><도로명건물본번호코드>00017</도로명건물본번호코드><도로명건물부번호코드>00000</도로명건물부번호코드><도로명시군구코드>11470</도로명시군구코드><도로명일련번호코드>01</도로명일련번호코드><도로명코드>4142070</도로명코드><법정동> 신월동</법정동><법정동본번코드>1075</법정동본번코드><법정동부번코드>0000</법정동부번코드><법정동시군구코드>11470</법정동시군구코드><법정동읍면동코드>10300</법정동읍면동코드><법정동지번코드>1</법정동지번코드><아파트>목동센트럴아이파크위브1단지</아파트><월>1</월><일>17</일><일련번호>11470-5627</일련번호><전용면적>59.88</전용면적><중개사소재지>서울 양천구</중개사소재지><지번>1075</지번><지역코드>11470</지역코드><층>14</층><해제사유발생일> </해제사유발생일><해제여부> </해제여부></item><item><거래금액>    61,000</거래금액><거래유형>중개거래</거래유형><건축년도>1988</건축년도><년>2023</년><도로명>신월로</도로명><도로명건물본번호코드>00099</도로명건물본번호코드><도로명건물부번호코드>00000</도로명건물부번호코드><도로명시군구코드>11470</도로명시군구코드><도로명일련번호코드>02</도로명일련번호코드><도로명지상지하코드>0</도로명지상지하코드><도로명코드>3114010</도로명코드><법정동> 신월동</법정동><법정동본번코드>0987</법정동본번코드><법정동부번코드>0001</법정동부번코드><법정동시군구코드>11470</법정동시군구코드><법정동읍면동코드>10300</법정동읍면동코드><법정동지번코드>1</법정동지번코드><아파트>신월시영</아파트><월>1</월><일>19</일><일련번호>11470-83</일련번호><전용면적>59.49</전용면적><중개사소재지>서울 서초구, 서울 양천구</중개사소재지><지번>987-1</지번><지역코드>11470</지역코드><층>5</층><해제사유발생일> </해제사유발생일><해제여부> </해제여부></item><item><거래금액>    94,000</거래금액><거래유형>중개거래</거래유형><건축년도>2020</건축년도><년>2023</년><도로명>남부순환로83길</도로명><도로명건물본번호코드>00047</도로명건물본번호코드><도로명건물부번호코드>00000</도로명건물부번호코드><도로명시군구코드>11470</도로명시군구코드><도로명일련번호코드>01</도로명일련번호코드><도로명코드>4142070</도로명코드><법정동> 신월동</법정동><법정동본번코드>1078</법정동본번코드><법정동부번코드>0000</법정동부번코드><법정동시군구코드>11470</법정동시군구코드><법정동읍면동코드>10300</법정동읍면동코드><법정동지번코드>1</법정동지번코드><아파트>목동센트럴아이파크위브4단지</아파트><월>1</월><일>19</일><일련번호>11470-5630</일련번호><전용면적>84.97</전용면적><중개사소재지>경기 부천시, 서울 양천구</중개사소재지><지번>1078</지번><지역코드>11470</지역코드><층>18</층><해제사유발생일> </해제사유발생일><해제여부> </해제여부></item><item><거래금액>    93,000</거래금액><거래유형>중개거래</거래유형><건축년도>2020</건축년도><년>2023</년><도로명>남부순환로83길</도로명><도로명건물본번호코드>00017</도로명건물본번호코드><도로명건물부번호코드>00000</도로명건물부번호코드><도로명시군구코드>11470</도로명시군구코드><도로명일련번호코드>01</도로명일련번호코드><도로명코드>4142070</도로명코드><법정동> 신월동</법정동><법정동본번코드>1075</법정동본번코드><법정동부번코드>0000</법정동부번코드><법정동시군구코드>11470</법정동시군구코드><법정동읍면동코드>10300</법정동읍면동코드><법정동지번코드>1</법정동지번코드><아파트>목동센트럴아이파크위브1단지</아파트><월>1</월><일>19</일><일련번호>11470-5627</일련번호><전용면적>84.98</전용면적><중개사소재지>서울 양천구</중개사소재지><지번>1075</지번><지역코드>11470</지역코드><층>19</층><해제사유발생일> </해제사유발생일><해제여부> </해제여부></item><item><거래금액>    62,500</거래금액><거래유형>중개거래</거래유형><건축년도>2006</건축년도><년>2023</년><도로명>월정로9길</도로명><도로명건물본번호코드>00020</도로명건물본번호코드><도로명건물부번호코드>00000</도로명건물부번호코드><도로명시군구코드>11470</도로명시군구코드><도로명일련번호코드>01</도로명일련번호코드><도로명지상지하코드>0</도로명지상지하코드><도로명코드>4142333</도로명코드><법정동> 신월동</법정동><법정동본번코드>1027</법정동본번코드><법정동부번코드>0000</법정동부번코드><법정동시군구코드>11470</법정동시군구코드><법정동읍면동코드>10300</법정동읍면동코드><법정동지번코드>1</법정동지번코드><아파트>양천벽산블루밍2단지</아파트><월>1</월><일>19</일><일련번호>11470-4025</일련번호><전용면적>59.98</전용면적><중개사소재지>서울 양천구</중개사소재지><지번>1027</지번><지역코드>11470</지역코드><층>13</층><해제사유발생일> </해제사유발생일><해제여부> </해제여부></item><item><거래금액>    61,000</거래금액><거래유형>중개거래</거래유형><건축년도>1988</건축년도><년>2023</년><도로명>신월로</도로명><도로명건물본번호코드>00099</도로명건물본번호코드><도로명건물부번호코드>00000</도로명건물부번호코드><도로명시군구코드>11470</도로명시군구코드><도로명일련번호코드>02</도로명일련번호코드><도로명지상지하코드>0</도로명지상지하코드><도로명코드>3114010</도로명코드><법정동> 신월동</법정동><법정동본번코드>0987</법정동본번코드><법정동부번코드>0001</법정동부번코드><법정동시군구코드>11470</법정동시군구코드><법정동읍면동코드>10300</법정동읍면동코드><법정동지번코드>1</법정동지번코드><아파트>신월시영</아파트><월>1</월><일>19</일><일련번호>11470-83</일련번호><전용면적>59.49</전용면적><중개사소재지>서울 양천구</중개사소재지><지번>987-1</지번><지역코드>11470</지역코드><층>11</층><해제사유발생일> </해제사유발생일><해제여부> </해제여부></item><item><거래금액>    50,000</거래금액><거래유형>중개거래</거래유형><건축년도>2004</건축년도><년>2023</년><도로명>화곡로4길</도로명><도로명건물본번호코드>00011</도로명건물본번호코드><도로명건물부번호코드>00000</도로명건물부번호코드><도로명시군구코드>11470</도로명시군구코드><도로명일련번호코드>01</도로명일련번호코드><도로명지상지하코드>0</도로명지상지하코드><도로명코드>4142418</도로명코드><법정동> 신월동</법정동><법정동본번코드>1025</법정동본번코드><법정동부번코드>0000</법정동부번코드><법정동시군구코드>11470</법정동시군구코드><법정동읍면동코드>10300</법정동읍면동코드><법정동지번코드>1</법정동지번코드><아파트>탑건진선미</아파트><월>1</월><일>19</일><일련번호>11470-330</일련번호><전용면적>83.15</전용면적><중개사소재지>서울 양천구</중개사소재지><지번>1025</지번><지역코드>11470</지역코드><층>2</층><해제사유발생일> </해제사유발생일><해제여부> </해제여부></item><item><거래금액>    79,000</거래금액><거래유형>중개거래</거래유형><건축년도>2020</건축년도><년>2023</년><도로명>남부순환로83길</도로명><도로명건물본번호코드>00047</도로명건물본번호코드><도로명건물부번호코드>00000</도로명건물부번호코드><도로명시군구코드>11470</도로명시군구코드><도로명일련번호코드>01</도로명일련번호코드><도로명코드>4142070</도로명코드><법정동> 신월동</법정동><법정동본번코드>1078</법정동본번코드><법정동부번코드>0000</법정동부번코드><법정동시군구코드>11470</법정동시군구코드><법정동읍면동코드>10300</법정동읍면동코드><법정동지번코드>1</법정동지번코드><아파트>목동센트럴아이파크위브4단지</아파트><월>1</월><일>24</일><일련번호>11470-5630</일련번호><전용면적>59.68</전용면적><중개사소재지>서울 양천구</중개사소재지><지번>1078</지번><지역코드>11470</지역코드><층>10</층><해제사유발생일> </해제사유발생일><해제여부> </해제여부></item><item><거래금액>    90,500</거래금액><거래유형>중개거래</거래유형><건축년도>2020</건축년도><년>2023</년><도로명>남부순환로83길</도로명><도로명건물본번호코드>00047</도로명건물본번호코드><도로명건물부번호코드>00000</도로명건물부번호코드><도로명시군구코드>11470</도로명시군구코드><도로명일련번호코드>01</도로명일련번호코드><도로명코드>4142070</도로명코드><법정동> 신월동</법정동><법정동본번코드>1078</법정동본번코드><법정동부번코드>0000</법정동부번코드><법정동시군구코드>11470</법정동시군구코드><법정동읍면동코드>10300</법정동읍면동코드><법정동지번코드>1</법정동지번코드><아파트>목동센트럴아이파크위브4단지</아파트><월>1</월><일>24</일><일련번호>11470-5630</일련번호><전용면적>84.98</전용면적><중개사소재지>서울 양천구</중개사소재지><지번>1078</지번><지역코드>11470</지역코드><층>18</층><해제사유발생일> </해제사유발생일><해제여부> </해제여부></item><item><거래금액>    93,000</거래금액><거래유형>중개거래</거래유형><건축년도>2020</건축년도><년>2023</년><도로명>남부순환로83길</도로명><도로명건물본번호코드>00018</도로명건물본번호코드><도로명건물부번호코드>00000</도로명건물부번호코드><도로명시군구코드>11470</도로명시군구코드><도로명일련번호코드>01</도로명일련번호코드><도로명코드>4142070</도로명코드><법정동> 신월동</법정동><법정동본번코드>1076</법정동본번코드><법정동부번코드>0000</법정동부번코드><법정동시군구코드>11470</법정동시군구코드><법정동읍면동코드>10300</법정동읍면동코드><법정동지번코드>1</법정동지번코드><아파트>목동센트럴아이파크위브2단지</아파트><월>1</월><일>25</일><일련번호>11470-5628</일련번호><전용면적>84.97</전용면적><중개사소재지>서울 양천구</중개사소재지><지번>1076</지번><지역코드>11470</지역코드><층>9</층><해제사유발생일> </해제사유발생일><해제여부> </해제여부></item><item><거래금액>    92,000</거래금액><거래유형>중개거래</거래유형><건축년도>2020</건축년도><년>2023</년><도로명>남부순환로83길</도로명><도로명건물본번호코드>00017</도로명건물본번호코드><도로명건물부번호코드>00000</도로명건물부번호코드><도로명시군구코드>11470</도로명시군구코드><도로명일련번호코드>01</도로명일련번호코드><도로명코드>4142070</도로명코드><법정동> 신월동</법정동><법정동본번코드>1075</법정동본번코드><법정동부번코드>0000</법정동부번코드><법정동시군구코드>11470</법정동시군구코드><법정동읍면동코드>10300</법정동읍면동코드><법정동지번코드>1</법정동지번코드><아파트>목동센트럴아이파크위브1단지</아파트><월>1</월><일>28</일><일련번호>11470-5627</일련번호><전용면적>84.97</전용면적><중개사소재지>서울 양천구</중개사소재지><지번>1075</지번><지역코드>11470</지역코드><층>8</층><해제사유발생일> </해제사유발생일><해제여부> </해제여부></item><item><거래금액>    73,000</거래금액><거래유형>중개거래</거래유형><건축년도>2020</건축년도><년>2023</년><도로명>남부순환로83길</도로명><도로명건물본번호코드>00047</도로명건물본번호코드><도로명건물부번호코드>00000</도로명건물부번호코드><도로명시군구코드>11470</도로명시군구코드><도로명일련번호코드>01</도로명일련번호코드><도로명코드>4142070</도로명코드><법정동> 신월동</법정동><법정동본번코드>1078</법정동본번코드><법정동부번코드>0000</법정동부번코드><법정동시군구코드>11470</법정동시군구코드><법정동읍면동코드>10300</법정동읍면동코드><법정동지번코드>1</법정동지번코드><아파트>목동센트럴아이파크위브4단지</아파트><월>1</월><일>28</일><일련번호>11470-5630</일련번호><전용면적>59.68</전용면적><중개사소재지>서울 양천구</중개사소재지><지번>1078</지번><지역코드>11470</지역코드><층>9</층><해제사유발생일> </해제사유발생일><해제여부> </해제여부></item><item><거래금액>    90,000</거래금액><거래유형>중개거래</거래유형><건축년도>2020</건축년도><년>2023</년><도로명>남부순환로83길</도로명><도로명건물본번호코드>00048</도로명건물본번호코드><도로명건물부번호코드>00000</도로명건물부번호코드><도로명시군구코드>11470</도로명시군구코드><도로명일련번호코드>01</도로명일련번호코드><도로명코드>4142070</도로명코드><법정동> 신월동</법정동><법정동본번코드>1077</법정동본번코드><법정동부번코드>0000</법정동부번코드><법정동시군구코드>11470</법정동시군구코드><법정동읍면동코드>10300</법정동읍면동코드><법정동지번코드>1</법정동지번코드><아파트>목동센트럴아이파크위브3단지</아파트><월>1</월><일>28</일><일련번호>11470-5629</일련번호><전용면적>84.98</전용면적><중개사소재지>서울 양천구</중개사소재지><지번>1077</지번><지역코드>11470</지역코드><층>12</층><해제사유발생일> </해제사유발생일><해제여부> </해제여부></item><item><거래금액>    71,000</거래금액><거래유형>중개거래</거래유형><건축년도>2020</건축년도><년>2023</년><도로명>남부순환로83길</도로명><도로명건물본번호코드>00018</도로명건물본번호코드><도로명건물부번호코드>00000</도로명건물부번호코드><도로명시군구코드>11470</도로명시군구코드><도로명일련번호코드>01</도로명일련번호코드><도로명코드>4142070</도로명코드><법정동> 신월동</법정동><법정동본번코드>1076</법정동본번코드><법정동부번코드>0000</법정동부번코드><법정동시군구코드>11470</법정동시군구코드><법정동읍면동코드>10300</법정동읍면동코드><법정동지번코드>1</법정동지번코드><아파트>목동센트럴아이파크위브2단지</아파트><월>1</월><일>28</일><일련번호>11470-5628</일련번호><전용면적>59.68</전용면적><중개사소재지>서울 양천구</중개사소재지><지번>1076</지번><지역코드>11470</지역코드><층>2</층><해제사유발생일> </해제사유발생일><해제여부> </해제여부></item><item><거래금액>    88,000</거래금액><거래유형>중개거래</거래유형><건축년도>2020</건축년도><년>2023</년><도로명>남부순환로83길</도로명><도로명건물본번호코드>00017</도로명건물본번호코드><도로명건물부번호코드>00000</도로명건물부번호코드><도로명시군구코드>11470</도로명시군구코드><도로명일련번호코드>01</도로명일련번호코드><도로명코드>4142070</도로명코드><법정동> 신월동</법정동><법정동본번코드>1075</법정동본번코드><법정동부번코드>0000</법정동부번코드><법정동시군구코드>11470</법정동시군구코드><법정동읍면동코드>10300</법정동읍면동코드><법정동지번코드>1</법정동지번코드><아파트>목동센트럴아이파크위브1단지</아파트><월>1</월><일>28</일><일련번호>11470-5627</일련번호><전용면적>84.97</전용면적><중개사소재지>서울 양천구</중개사소재지><지번>1075</지번><지역코드>11470</지역코드><층>14</층><해제사유발생일> </해제사유발생일><해제여부> </해제여부></item><item><거래금액>    75,500</거래금액><거래유형>중개거래</거래유형><건축년도>2020</건축년도><년>2023</년><도로명>남부순환로83길</도로명><도로명건물본번호코드>00018</도로명건물본번호코드><도로명건물부번호코드>00000</도로명건물부번호코드><도로명시군구코드>11470</도로명시군구코드><도로명일련번호코드>01</도로명일련번호코드><도로명코드>4142070</도로명코드><법정동> 신월동</법정동><법정동본번코드>1076</법정동본번코드><법정동부번코드>0000</법정동부번코드><법정동시군구코드>11470</법정동시군구코드><법정동읍면동코드>10300</법정동읍면동코드><법정동지번코드>1</법정동지번코드><아파트>목동센트럴아이파크위브2단지</아파트><월>1</월><일>29</일><일련번호>11470-5628</일련번호><전용면적>59.97</전용면적><중개사소재지>경기 부천시, 서울 양천구</중개사소재지><지번>1076</지번><지역코드>11470</지역코드><층>6</층><해제사유발생일> </해제사유발생일><해제여부> </해제여부></item><item><거래금액>    33,000</거래금액><거래유형>중개거래</거래유형><건축년도>2005</건축년도><년>2023</년><도로명>가로공원로</도로명><도로명건물본번호코드>00078</도로명건물본번호코드><도로명건물부번호코드>00000</도로명건물부번호코드><도로명시군구코드>11470</도로명시군구코드><도로명일련번호코드>01</도로명일련번호코드><도로명지상지하코드>0</도로명지상지하코드><도로명코드>3000009</도로명코드><법정동> 신월동</법정동><법정동본번코드>0151</법정동본번코드><법정동부번코드>0006</법정동부번코드><법정동시군구코드>11470</법정동시군구코드><법정동읍면동코드>10300</법정동읍면동코드><법정동지번코드>1</법정동지번코드><아파트>빛여울</아파트><월>1</월><일>30</일><일련번호>11470-3940</일련번호><전용면적>74.79</전용면적><중개사소재지>서울 강서구</중개사소재지><지번>151-6</지번><지역코드>11470</지역코드><층>2</층><해제사유발생일> </해제사유발생일><해제여부> </해제여부></item><item><거래금액>    73,000</거래금액><거래유형>중개거래</거래유형><건축년도>2020</건축년도><년>2023</년><도로명>남부순환로83길</도로명><도로명건물본번호코드>00048</도로명건물본번호코드><도로명건물부번호코드>00000</도로명건물부번호코드><도로명시군구코드>11470</도로명시군구코드><도로명일련번호코드>01</도로명일련번호코드><도로명코드>4142070</도로명코드><법정동> 신월동</법정동><법정동본번코드>1077</법정동본번코드><법정동부번코드>0000</법정동부번코드><법정동시군구코드>11470</법정동시군구코드><법정동읍면동코드>10300</법정동읍면동코드><법정동지번코드>1</법정동지번코드><아파트>목동센트럴아이파크위브3단지</아파트><월>1</월><일>30</일><일련번호>11470-5629</일련번호><전용면적>59.97</전용면적><중개사소재지>서울 양천구</중개사소재지><지번>1077</지번><지역코드>11470</지역코드><층>17</층><해제사유발생일> </해제사유발생일><해제여부> </해제여부></item></items><numOfRows>999</numOfRows><pageNo>1</pageNo><totalCount>56</totalCount></body></response>