<?xml version="1.0" encoding="UTF-8" standalone="yes"?><response><header><resultCode>00</resultCode><resultMsg>NORMAL SERVICE.</resultMsg></header><body><items><item><거래금액>   180,000</거래금액><거래유형>중개거래</거래유형><건축년도>1987</건축년도><년>2022</년><도로명>목동동로</도로명><도로명건물본번호코드>00100</도로명건물본번호코드><도로명건물부번호코드>00000</도로명건물부번호코드><도로명시군구코드>11470</도로명시군구코드><도로명일련번호코드>01</도로명일련번호코드><도로명지상지하코드>0</도로명지상지하코드><도로명코드>3114001</도로명코드><법정동> 신정동</법정동><법정동본번코드>0327</법정동본번코드><법정동부번코드>0000</법정동부번코드><법정동시군구코드>11470</법정동시군구코드><법정동읍면동코드>10100</법정동읍면동코드><법정동지번코드>1</법정동지번코드><아파트>목동신시가지13</아파트><월>12</월><일>3</일><일련번호>11470-122</일련번호><전용면적>122.3</전용면적><중개사소재지>서울 양천구</중개사소재지><지번>327</지번><지역코드>11470</지역코드><층>8</층><해제사유발생일> </해제사유발생일><해제여부> </해제여부></item><item><거래금액>   214,500</거래금액><거래유형>중개거래</거래유형><건축년도>1987</건축년도><년>2022</년><도로명>목동서로</도로명><도로명건물본번호코드>00400</도로명건물본번호코드><도로명건물부번호코드>00000</도로명건물부번호코드><도로명시군구코드>11470</도로명시군구코드><도로명일련번호코드>01</도로명일련번호코드><도로명지상지하코드>0</도로명지상지하코드><도로명코드>3114003</도로명코드><법정동> 신정동</법정동><법정동본번코드>0311</법정동본번코드><법정동부번코드>0000</법정동부번코드><법정동시군구코드>11470</법정동시군구코드><법정동읍면동코드>10100</법정동읍면동코드><법정동지번코드>1</법정동지번코드><아파트>목동신시가지10</아파트><월>12</월><일>7</일><일련번호>11470-119</일련번호><전용면적>156.24</전용면적><중개사소재지>서울 양천구</중개사소재지><지번>311</지번><지역코드>11470</지역코드><층>13</층><해제사유발생일> </해제사유발생일><해제여부> </해제여부></item><item><거래금액>   174,000</거래금액><거래유형>중개거래</거래유형><건축년도>1987</건축년도><년>2022</년><도로명>목동서로</도로명><도로명건물본번호코드>00400</도로명건물본번호코드><도로명건물부번호코드>00000</도로명건물부번호코드><도로명시군구코드>11470</도로명시군구코드><도로명일련번호코드>01</도로명일련번호코드><도로명지상지하코드>0</도로명지상지하코드><도로명코드>3114003</도로명코드><법정동> 신정동</법정동><법정동본번코드>0311</법정동본번코드><법정동부번코드>0000</법정동부번코드><법정동시군구코드>11470</법정동시군구코드><법정동읍면동코드>10100</법정동읍면동코드><법정동지번코드>1</법정동지번코드><아파트>목동신시가지10</아파트><월>12</월><일>7</일><일련번호>11470-119</일련번호><전용면적>105.58</전용면적><중개사소재지>서울 양천구</중개사소재지><지번>311</지번><지역코드>11470</지역코드><층>10</층><해제사유발생일>23.01.17</해제사유발생일><해제여부>O</해제여부></item><item><거래금액>   103,000</거래금액><거래유형>중개거래</거래유형><건축년도>1987</건축년도><년>2022</년><도로명>목동동로</도로명><도로명건물본번호코드>00130</도로명건물본번호코드><도로명건물부번호코드>00000</도로명건물부번호코드><도로명시군구코드>11470</도로명시군구코드><도로명일련번호코드>01</도로명일련번호코드><도로명지상지하코드>0</도로명지상지하코드><도로명코드>3114001</도로명코드><법정동> 신정동</법정동><법정동본번코드>0329</법정동본번코드><법정동부번코드>0000</법정동부번코드><법정동시군구코드>11470</법정동시군구코드><법정동읍면동코드>10100</법정동읍면동코드><법정동지번코드>1</법정동지번코드><아파트>목동신시가지14</아파트><월>12</월><일>12</일><일련번호>11470-123</일련번호><전용면적>55.02</전용면적><중개사소재지>서울 양천구</중개사소재지><지번>329</지번><지역코드>11470</지역코드><층>1</층><해제사유발생일> </해제사유발생일><해제여부> </해제여부></item><item><거래금액>    94,000</거래금액><거래유형>중개거래</거래유형><건축년도>1988</건축년도><년>2022</년><도로명>목동동로</도로명><도로명건물본번호코드>00010</도로명건물본번호코드><도로명건물부번호코드>00000</도로명건물부번호코드><도로명시군구코드>11470</도로명시군구코드><도로명일련번호코드>01</도로명일련번호코드><도로명지상지하코드>0</도로명지상지하코드><도로명코드>3114001</도로명코드><법정동> 신정동</법정동><법정동본번코드>0325</법정동본번코드><법정동부번코드>0000</법정동부번코드><법정동시군구코드>11470</법정동시군구코드><법정동읍면동코드>10100</법정동읍면동코드><법정동지번코드>1</법정동지번코드><아파트>목동신시가지11</아파트><월>12</월><일>16</일><일련번호>11470-120</일련번호><전용면적>51.48</전용면적><중개사소재지>서울 양천구</중개사소재지><지번>325</지번><지역코드>11470</지역코드><층>7</층><해제사유발생일> </해제사유발생일><해제여부> </해제여부></item><item><거래금액>   116,000</거래금액><거래유형>중개거래</거래유형><건축년도>2002</건축년도><년>2022</년><도로명>목동동로</도로명><도로명건물본번호코드>00190</도로명건물본번호코드><도로명건물부번호코드>00000</도로명건물부번호코드><도로명시군구코드>11470</도로명시군구코드><도로명일련번호코드>01</도로명일련번호코드><도로명지상지하코드>0</도로명지상지하코드><도로명코드>3114001</도로명코드><법정동> 신정동</법정동><법정동본번코드>1297</법정동본번코드><법정동부번코드>0000</법정동부번코드><법정동시군구코드>11470</법정동시군구코드><법정동읍면동코드>10100</법정동읍면동코드><법정동지번코드>1</법정동지번코드><아파트>길훈로즈빌</아파트><월>12</월><일>16</일><일련번호>11470-156</일련번호><전용면적>84.95</전용면적><중개사소재지>서울 양천구</중개사소재지><지번>1297</지번><지역코드>11470</지역코드><층>14</층><해제사유발생일>22.12.19</해제사유발생일><해제여부>O</해제여부></item><item><거래금액>    42,000</거래금액><거래유형>직거래</거래유형><건축년도>2000</건축년도><년>2022</년><도로명>신정로</도로명><도로명건물본번호코드>00170</도로명건물본번호코드><도로명건물부번호코드>00000</도로명건물부번호코드><도로명시군구코드>11470</도로명시군구코드><도로명일련번호코드>01</도로명일련번호코드><도로명지상지하코드>0</도로명지상지하코드><도로명코드>3005066</도로명코드><법정동> 신정동</법정동><법정동본번코드>0743</법정동본번코드><법정동부번코드>0002</법정동부번코드><법정동시군구코드>11470</법정동시군구코드><법정동읍면동코드>10100</법정동읍면동코드><법정동지번코드>1</법정동지번코드><아파트>신정6현대</아파트><월>12</월><일>19</일><일련번호>11470-136</일련번호><전용면적>59.4</전용면적><중개사소재지> </중개사소재지><지번>743-2</지번><지역코드>11470</지역코드><층>18</층><해제사유발생일> </해제사유발생일><해제여부> </해제여부></item><item><거래금액>   116,000</거래금액><거래유형>중개거래</거래유형><건축년도>2002</건축년도><년>2022</년><도로명>목동동로</도로명><도로명건물본번호코드>00190</도로명건물본번호코드><도로명건물부번호코드>00000</도로명건물부번호코드><도로명시군구코드>11470</도로명시군구코드><도로명일련번호코드>01</도로명일련번호코드><도로명지상지하코드>0</도로명지상지하코드><도로명코드>3114001</도로명코드><법정동> 신정동</법정동><법정동본번코드>1297</법정동본번코드><법정동부번코드>0000</법정동부번코드><법정동시군구코드>11470</법정동시군구코드><법정동읍면동코드>10100</법정동읍면동코드><법정동지번코드>1</법정동지번코드><아파트>길훈로즈빌</아파트><월>12</월><일>19</일><일련번호>11470-156</일련번호><전용면적>84.95</전용면적><중개사소재지>서울 양천구</중개사소재지><지번>1297</지번><지역코드>11470</지역코드><층>14</층><해제사유발생일> </해제사유발생일><해제여부> </해제여부></item><item><거래금액>    94,000</거래금액><거래유형>중개거래</거래유형><건축년도>1987</건축년도><년>2022</년><도로명>목동동로</도로명><도로명건물본번호코드>00100</도로명건물본번호코드><도로명건물부번호코드>00000</도로명건물부번호코드><도로명시군구코드>11470</도로명시군구코드><도로명일련번호코드>01</도로명일련번호코드><도로명지상지하코드>0</도로명지상지하코드><도로명코드>3114001</도로명코드><법정동> 신정동</법정동><법정동본번코드>0327</법정동본번코드><법정동부번코드>0000</법정동부번코드><법정동시군구코드>11470</법정동시군구코드><법정동읍면동코드>10100</법정동읍면동코드><법정동지번코드>1</법정동지번코드><아파트>목동신시가지13</아파트><월>12</월><일>21</일><일련번호>11470-122</일련번호><전용면적>53.9</전용면적><중개사소재지>서울 양천구</중개사소재지><지번>327</지번><지역코드>11470</지역코드><층>5</층><해제사유발생일> </해제사유발생일><해제여부> </해제여부></item><item><거래금액>   123,000</거래금액><거래유형>직거래</거래유형><건축년도>1987</건축년도><년>2022</년><도로명>목동동로</도로명><도로명건물본번호코드>00130</도로명건물본번호코드><도로명건물부번호코드>00000</도로명건물부번호코드><도로명시군구코드>11470</도로명시군구코드><도로명일련번호코드>01</도로명일련번호코드><도로명지상지하코드>0</도로명지상지하코드><도로명코드>3114001</도로명코드><법정동> 신정동</법정동><법정동본번코드>0329</법정동본번코드><법정동부번코드>0000</법정동부번코드><법정동시군구코드>11470</법정동시군구코드><법정동읍면동코드>10100</법정동읍면동코드><법정동지번코드>1</법정동지번코드><아파트>목동신시가지14</아파트><월>12</월><일>21</일><일련번호>11470-123</일련번호><전용면적>108.28</전용면적><중개사소재지> </중개사소재지><지번>329</지번><지역코드>11470</지역코드><층>14</층><해제사유발생일> </해제사유발생일><해제여부> </해제여부></item><item><거래금액>   120,000</거래금액><거래유형>중개거래</거래유형><건축년도>1987</건축년도><년>2022</년><도로명>목동동로</도로명><도로명건물본번호코드>00100</도로명건물본번호코드><도로명건물부번호코드>00000</도로명건물부번호코드><도로명시군구코드>11470</도로명시군구코드><도로명일련번호코드>01</도로명일련번호코드><도로명지상지하코드>0</도로명지상지하코드><도로명코드>3114001</도로명코드><법정동> 신정동</법정동><법정동본번코드>0327</법정동본번코드><법정동부번코드>0000</법정동부번코드><법정동시군구코드>11470</법정동시군구코드><법정동읍면동코드>10100</법정동읍면동코드><법정동지번코드>1</법정동지번코드><아파트>목동신시가지13</아파트><월>12</월><일>22</일><일련번호>11470-122</일련번호><전용면적>70.73</전용면적><중개사소재지>서울 양천구</중개사소재지><지번>327</지번><지역코드>11470</지역코드><층>5</층><해제사유발생일> </해제사유발생일><해제여부> </해제여부></item><item><거래금액>    26,000</거래금액><거래유형>중개거래</거래유형><건축년도>2013</건축년도><년>2022</년><도로명>은행정로7길</도로명><도로명건물본번호코드>00039</도로명건물본번호코드><도로명건물부번호코드>00001</도로명건물부번호코드><도로명시군구코드>11470</도로명시군구코드><도로명일련번호코드>01</도로명일련번호코드><도로명지상지하코드>0</도로명지상지하코드><도로명코드>4142350</도로명코드><법정동> 신정동</법정동><법정동본번코드>0976</법정동본번코드><법정동부번코드>0003</법정동부번코드><법정동시군구코드>11470</법정동시군구코드><법정동읍면동코드>10100</법정동읍면동코드><법정동지번코드>1</법정동지번코드><아파트>성재세인트</아파트><월>12</월><일>26</일><일련번호>11470-4889</일련번호><전용면적>32.63</전용면적><중개사소재지>서울 양천구</중개사소재지><지번>976-3</지번><지역코드>11470</지역코드><층>4</층><해제사유발생일> </해제사유발생일><해제여부> </해제여부></item><item><거래금액>    93,000</거래금액><거래유형>중개거래</거래유형><건축년도>1988</건축년도><년>2022</년><도로명>목동동로</도로명><도로명건물본번호코드>00010</도로명건물본번호코드><도로명건물부번호코드>00000</도로명건물부번호코드><도로명시군구코드>11470</도로명시군구코드><도로명일련번호코드>01</도로명일련번호코드><도로명지상지하코드>0</도로명지상지하코드><도로명코드>3114001</도로명코드><법정동> 신정동</법정동><법정동본번코드>0325</법정동본번코드><법정동부번코드>0000</법정동부번코드><법정동시군구코드>11470</법정동시군구코드><법정동읍면동코드>10100</법정동읍면동코드><법정동지번코드>1</법정동지번코드><아파트>목동신시가지11</아파트><월>12</월><일>29</일><일련번호>11470-120</일련번호><전용면적>51.48</전용면적><중개사소재지>서울 양천구</중개사소재지><지번>325</지번><지역코드>11470</지역코드><층>2</층><해제사유발생일> </해제사유발생일><해제여부> </해제여부></item><item><거래금액>   156,000</거래금액><거래유형>중개거래</거래유형><건축년도>1987</건축년도><년>2022</년><도로명>목동서로</도로명><도로명건물본번호코드>00340</도로명건물본번호코드><도로명건물부번호코드>00000</도로명건물부번호코드><도로명시군구코드>11470</도로명시군구코드><도로명일련번호코드>01</도로명일련번호코드><도로명지상지하코드>0</도로명지상지하코드><도로명코드>3114003</도로명코드><법정동> 신정동</법정동><법정동본번코드>0312</법정동본번코드><법정동부번코드>0000</법정동부번코드><법정동시군구코드>11470</법정동시군구코드><법정동읍면동코드>10100</법정동읍면동코드><법정동지번코드>1</법정동지번코드><아파트>목동신시가지9</아파트><월>12</월><일>29</일><일련번호>11470-125</일련번호><전용면적>100.33</전용면적><중개사소재지>서울 양천구</중개사소재지><지번>312</지번><지역코드>11470</지역코드><층>5</층><해제사유발생일> </해제사유발생일><해제여부> </해제여부></item><item><거래금액>    51,000</거래금액><거래유형>직거래</거래유형><건축년도>2009</건축년도><년>2022</년><도로명>목동중앙북로</도로명><도로명건물본번호코드>00108</도로명건물본번호코드><도로명건물부번호코드>00000</도로명건물부번호코드><도로명시군구코드>11470</도로명시군구코드><도로명일련번호코드>01</도로명일련번호코드><도로명지상지하코드>0</도로명지상지하코드><도로명코드>3114007</도로명코드><법정동> 목동</법정동><법정동본번코드>0524</법정동본번코드><법정동부번코드>0000</법정동부번코드><법정동시군구코드>11470</법정동시군구코드><법정동읍면동코드>10200</법정동읍면동코드><법정동지번코드>1</법정동지번코드><아파트>엘리시아</아파트><월>12</월><일>8</일><일련번호>11470-4405</일련번호><전용면적>62.14</전용면적><중개사소재지> </중개사소재지><지번>524</지번><지역코드>11470</지역코드><층>6</층><해제사유발생일> </해제사유발생일><해제여부> </해제여부></item><item><거래금액>    65,000</거래금액><거래유형>중개거래</거래유형><건축년도>2000</건축년도><년>2022</년><도로명>목동중앙남로</도로명><도로명건물본번호코드>00100</도로명건물본번호코드><도로명건물부번호코드>00000</도로명건물부번호코드><도로명시군구코드>11470</도로명시군구코드><도로명일련번호코드>01</도로명일련번호코드><도로명지상지하코드>0</도로명지상지하코드><도로명코드>3114004</도로명코드><법정동> 목동</법정동><법정동본번코드>0709</법정동본번코드><법정동부번코드>0002</법정동부번코드><법정동시군구코드>11470</법정동시군구코드><법정동읍면동코드>10200</법정동읍면동코드><법정동지번코드>1</법정동지번코드><아파트>성원2</아파트><월>12</월><일>10</일><일련번호>11470-35</일련번호><전용면적>79.21</전용면적><중개사소재지>서울 양천구</중개사소재지><지번>709-2</지번><지역코드>11470</지역코드><층>3</층><해제사유발생일> </해제사유발생일><해제여부> </해제여부></item><item><거래금액>   169,000</거래금액><거래유형>중개거래</거래유형><건축년도>2000</건축년도><년>2022</년><도로명>목동동로</도로명><도로명건물본번호코드>00401</도로명건물본번호코드><도로명건물부번호코드>00000</도로명건물부번호코드><도로명시군구코드>11470</도로명시군구코드><도로명일련번호코드>02</도로명일련번호코드><도로명지상지하코드>0</도로명지상지하코드><도로명코드>3114001</도로명코드><법정동> 목동</법정동><법정동본번코드>0908</법정동본번코드><법정동부번코드>0028</법정동부번코드><법정동시군구코드>11470</법정동시군구코드><법정동읍면동코드>10200</법정동읍면동코드><법정동지번코드>1</법정동지번코드><아파트>부영2</아파트><월>12</월><일>14</일><일련번호>11470-29</일련번호><전용면적>141.7</전용면적><중개사소재지>서울 양천구</중개사소재지><지번>908-28</지번><지역코드>11470</지역코드><층>18</층><해제사유발생일> </해제사유발생일><해제여부> </해제여부></item><item><거래금액>    59,500</거래금액><거래유형>중개거래</거래유형><건축년도>2005</건축년도><년>2022</년><도로명>목동중앙북로16길</도로명><도로명건물본번호코드>00071</도로명건물본번호코드><도로명건물부번호코드>00000</도로명건물부번호코드><도로명시군구코드>11470</도로명시군구코드><도로명일련번호코드>01</도로명일련번호코드><도로명지상지하코드>0</도로명지상지하코드><도로명코드>4142185</도로명코드><법정동> 목동</법정동><법정동본번코드>0541</법정동본번코드><법정동부번코드>0000</법정동부번코드><법정동시군구코드>11470</법정동시군구코드><법정동읍면동코드>10200</법정동읍면동코드><법정동지번코드>1</법정동지번코드><아파트>수산팰리스</아파트><월>12</월><일>15</일><일련번호>11470-342</일련번호><전용면적>84.98</전용면적><중개사소재지>서울 양천구</중개사소재지><지번>541</지번><지역코드>11470</지역코드><층>5</층><해제사유발생일> </해제사유발생일><해제여부> </해제여부></item><item><거래금액>    43,500</거래금액><거래유형>중개거래</거래유형><건축년도>2019</건축년도><년>2022</년><도로명>목동중앙북로</도로명><도로명건물본번호코드>00068</도로명건물본번호코드><도로명건물부번호코드>00000</도로명건물부번호코드><도로명시군구코드>11470</도로명시군구코드><도로명일련번호코드>00</도로명일련번호코드><도로명지상지하코드>0</도로명지상지하코드><도로명코드>3114007</도로명코드><법정동> 목동</법정동><법정동본번코드>0966</법정동본번코드><법정동부번코드>0000</법정동부번코드><법정동시군구코드>11470</법정동시군구코드><법정동읍면동코드>10200</법정동읍면동코드><법정동지번코드>1</법정동지번코드><아파트>목동에버하임</아파트><월>12</월><일>16</일><일련번호>11470-5595</일련번호><전용면적>41.06</전용면적><중개사소재지>서울 양천구</중개사소재지><지번>966</지번><지역코드>11470</지역코드><층>9</층><해제사유발생일> </해제사유발생일><해제여부> </해제여부></item><item><거래금액>   118,000</거래금액><거래유형>중개거래</거래유형><건축년도>1986</건축년도><년>2022</년><도로명>목동동로</도로명><도로명건물본번호코드>00430</도로명건물본번호코드><도로명건물부번호코드>00000</도로명건물부번호코드><도로명시군구코드>11470</도로명시군구코드><도로명일련번호코드>02</도로명일련번호코드><도로명지상지하코드>0</도로명지상지하코드><도로명코드>3114001</도로명코드><법정동> 목동</법정동><법정동본번코드>0911</법정동본번코드><법정동부번코드>0000</법정동부번코드><법정동시군구코드>11470</법정동시군구코드><법정동읍면동코드>10200</법정동읍면동코드><법정동지번코드>1</법정동지번코드><아파트>목동신시가지6</아파트><월>12</월><일>17</일><일련번호>11470-22</일련번호><전용면적>47.94</전용면적><중개사소재지>서울 양천구</중개사소재지><지번>911</지번><지역코드>11470</지역코드><층>11</층><해제사유발생일> </해제사유발생일><해제여부> </해제여부></item><item><거래금액>   119,500</거래금액><거래유형>중개거래</거래유형><건축년도>1997</건축년도><년>2022</년><도로명>목동서로2길</도로명><도로명건물본번호코드>00022</도로명건물본번호코드><도로명건물부번호코드>00000</도로명건물부번호코드><도로명시군구코드>11470</도로명시군구코드><도로명일련번호코드>01</도로명일련번호코드><도로명지상지하코드>0</도로명지상지하코드><도로명코드>4142122</도로명코드><법정동> 목동</법정동><법정동본번코드>0929</법정동본번코드><법정동부번코드>0000</법정동부번코드><법정동시군구코드>11470</법정동시군구코드><법정동읍면동코드>10200</법정동읍면동코드><법정동지번코드>1</법정동지번코드><아파트>목동청구한신아파트</아파트><월>12</월><일>24</일><일련번호>11470-46</일련번호><전용면적>84.76</전용면적><중개사소재지>서울 송파구, 서울 양천구</중개사소재지><지번>929</지번><지역코드>11470</지역코드><층>11</층><해제사유발생일> </해제사유발생일><해제여부> </해제여부></item><item><거래금액>   114,000</거래금액><거래유형>중개거래</거래유형><건축년도>1986</건축년도><년>2022</년><도로명>목동동로</도로명><도로명건물본번호코드>00430</도로명건물본번호코드><도로명건물부번호코드>00000</도로명건물부번호코드><도로명시군구코드>11470</도로명시군구코드><도로명일련번호코드>02</도로명일련번호코드><도로명지상지하코드>0</도로명지상지하코드><도로명코드>3114001</도로명코드><법정동> 목동</법정동><법정동본번코드>0911</법정동본번코드><법정동부번코드>0000</법정동부번코드><법정동시군구코드>11470</법정동시군구코드><법정동읍면동코드>10200</법정동읍면동코드><법정동지번코드>1</법정동지번코드><아파트>목동신시가지6</아파트><월>12</월><일>27</일><일련번호>11470-22</일련번호><전용면적>47.94</전용면적><중개사소재지>서울 양천구</중개사소재지><지번>911</지번><지역코드>11470</지역코드><층>12</층><해제사유발생일> </해제사유발생일><해제여부> </해제여부></item><item><거래금액>    37,000</거래금액><거래유형>중개거래</거래유형><건축년도>1996</건축년도><년>2022</년><도로명>목동중앙남로9길</도로명><도로명건물본번호코드>00025</도로명건물본번호코드><도로명건물부번호코드>00000</도로명건물부번호코드><도로명시군구코드>11470</도로명시군구코드><도로명일련번호코드>01</도로명일련번호코드><도로명지상지하코드>0</도로명지상지하코드><도로명코드>4142145</도로명코드><법정동> 목동</법정동><법정동본번코드>0729</법정동본번코드><법정동부번코드>0005</법정동부번코드><법정동시군구코드>11470</법정동시군구코드><법정동읍면동코드>10200</법정동읍면동코드><법정동지번코드>1</법정동지번코드><아파트>동도(729-5)</아파트><월>12</월><일>31</일><일련번호>11470-11</일련번호><전용면적>64.02</전용면적><중개사소재지>서울 양천구</중개사소재지><지번>729-5</지번><지역코드>11470</지역코드><층>5</층><해제사유발생일> </해제사유발생일><해제여부> </해제여부></item><item><거래금액>    40,000</거래금액><거래유형>중개거래</거래유형><건축년도>1999</건축년도><년>2022</년><도로명>월정로</도로명><도로명건물본번호코드>00021</도로명건물본번호코드><도로명건물부번호코드>00000</도로명건물부번호코드><도로명시군구코드>11470</도로명시군구코드><도로명일련번호코드>01</도로명일련번호코드><도로명지상지하코드>0</도로명지상지하코드><도로명코드>3005067</도로명코드><법정동> 신월동</법정동><법정동본번코드>0514</법정동본번코드><법정동부번코드>0003</법정동부번코드><법정동시군구코드>11470</법정동시군구코드><법정동읍면동코드>10300</법정동읍면동코드><법정동지번코드>1</법정동지번코드><아파트>해태</아파트><월>12</월><일>2</일><일련번호>11470-101</일련번호><전용면적>59.91</전용면적><중개사소재지>서울 양천구</중개사소재지><지번>514-3</지번><지역코드>11470</지역코드><층>9</층><해제사유발생일> </해제사유발생일><해제여부> </해제여부></item><item><거래금액>    36,000</거래금액><거래유형>직거래</거래유형><건축년도>1987</건축년도><년>2022</년><도로명>지양로</도로명><도로명건물본번호코드>00101</도로명건물본번호코드><도로명건물부번호코드>00000</도로명건물부번호코드><도로명시군구코드>11470</도로명시군구코드><도로명일련번호코드>01</도로명일련번호코드><도로명지상지하코드>0</도로명지상지하코드><도로명코드>3114013</도로명코드><법정동> 신월동</법정동><법정동본번코드>0341</법정동본번코드><법정동부번코드>0001</법정동부번코드><법정동시군구코드>11470</법정동시군구코드><법정동읍면동코드>10300</법정동읍면동코드><법정동지번코드>1</법정동지번코드><아파트>길훈</아파트><월>12</월><일>12</일><일련번호>11470-67</일련번호><전용면적>42.57</전용면적><중개사소재지> </중개사소재지><지번>341-1</지번><지역코드>11470</지역코드><층>2</층><해제사유발생일> </해제사유발생일><해제여부> </해제여부></item><item><거래금액>    87,000</거래금액><거래유형>중개거래</거래유형><건축년도>2020</건축년도><년>2022</년><도로명>남부순환로83길</도로명><도로명건물본번호코드>00048</도로명건물본번호코드><도로명건물부번호코드>00000</도로명건물부번호코드><도로명시군구코드>11470</도로명시군구코드><도로명일련번호코드>01</도로명일련번호코드><도로명코드>4142070</도로명코드><법정동> 신월동</법정동><법정동본번코드>1077</법정동본번코드><법정동부번코드>0000</법정동부번코드><법정동시군구코드>11470</법정동시군구코드><법정동읍면동코드>10300</법정동읍면동코드><법정동지번코드>1</법정동지번코드><아파트>목동센트럴아이파크위브3단지</아파트><월>12</월><일>12</일><일련번호>11470-5629</일련번호><전용면적>84.98</전용면적><중개사소재지>서울 양천구</중개사소재지><지번>1077</지번><지역코드>11470</지역코드><층>9</층><해제사유발생일> </해제사유발생일><해제여부> </해제여부></item><item><거래금액>    45,000</거래금액><거래유형>중개거래</거래유형><건축년도>2004</건축년도><년>2022</년><도로명>화곡로3길</도로명><도로명건물본번호코드>00034</도로명건물본번호코드><도로명건물부번호코드>00000</도로명건물부번호코드><도로명시군구코드>11470</도로명시군구코드><도로명일련번호코드>01</도로명일련번호코드><도로명지상지하코드>0</도로명지상지하코드><도로명코드>4142417</도로명코드><법정동> 신월동</법정동><법정동본번코드>1031</법정동본번코드><법정동부번코드>0000</법정동부번코드><법정동시군구코드>11470</법정동시군구코드><법정동읍면동코드>10300</법정동읍면동코드><법정동지번코드>1</법정동지번코드><아파트>신도브래뉴2차</아파트><월>12</월><일>16</일><일련번호>11470-334</일련번호><전용면적>107.04</전용면적><중개사소재지>서울 양천구</중개사소재지><지번>1031</지번><지역코드>11470</지역코드><층>8</층><해제사유발생일> </해제사유발생일><해제여부> </해제여부></item><item><거래금액>    35,000</거래금액><거래유형>직거래</거래유형><건축년도>1987</건축년도><년>2022</년><도로명>지양로</도로명><도로명건물본번호코드>00101</도로명건물본번호코드><도로명건물부번호코드>00000</도로명건물부번호코드><도로명시군구코드>11470</도로명시군구코드><도로명일련번호코드>01</도로명일련번호코드><도로명지상지하코드>0</도로명지상지하코드><도로명코드>3114013</도로명코드><법정동> 신월동</법정동><법정동본번코드>0341</법정동본번코드><법정동부번코드>0001</법정동부번코드><법정동시군구코드>11470</법정동시군구코드><법정동읍면동코드>10300</법정동읍면동코드><법정동지번코드>1</법정동지번코드><아파트>길훈</아파트><월>12</월><일>22</일><일련번호>11470-67</일련번호><전용면적>49.77</전용면적><중개사소재지> </중개사소재지><지번>341-1</지번><지역코드>11470</지역코드><층>1</층><해제사유발생일> </해제사유발생일><해제여부> </해제여부></item><item><거래금액>    86,000</거래금액><거래유형>중개거래</거래유형><건축년도>2020</건축년도><년>2022</년><도로명>남부순환로83길</도로명><도로명건물본번호코드>00018</도로명건물본번호코드><도로명건물부번호코드>00000</도로명건물부번호코드><도로명시군구코드>11470</도로명시군구코드><도로명일련번호코드>01</도로명일련번호코드><도로명코드>4142070</도로명코드><법정동> 신월동</법정동><법정동본번코드>1076</법정동본번코드><법정동부번코드>0000</법정동부번코드><법정동시군구코드>11470</법정동시군구코드><법정동읍면동코드>10300</법정동읍면동코드><법정동지번코드>1</법정동지번코드><아파트>목동센트럴아이파크위브2단지</아파트><월>12</월><일>24</일><일련번호>11470-5628</일련번호><전용면적>84.97</전용면적><중개사소재지>서울 양천구</중개사소재지><지번>1076</지번><지역코드>11470</지역코드><층>13</층><해제사유발생일> </해제사유발생일><해제여부> </해제여부></item><item><거래금액>    34,800</거래금액><거래유형>중개거래</거래유형><건축년도>2014</건축년도><년>2022</년><도로명>오목로9길</도로명><도로명건물본번호코드>00011</도로명건물본번호코드><도로명건물부번호코드>00000</도로명건물부번호코드><도로명시군구코드>11470</도로명시군구코드><도로명일련번호코드>01</도로명일련번호코드><도로명지상지하코드>0</도로명지상지하코드><도로명코드>4142310</도로명코드><법정동> 신월동</법정동><법정동본번코드>1069</법정동본번코드><법정동부번코드>0000</법정동부번코드><법정동시군구코드>11470</법정동시군구코드><법정동읍면동코드>10300</법정동읍면동코드><법정동지번코드>1</법정동지번코드><아파트>동서</아파트><월>12</월><일>29</일><일련번호>11470-4958</일련번호><전용면적>76.82</전용면적><중개사소재지>서울 양천구</중개사소재지><지번>1069</지번><지역코드>11470</지역코드><층>6</층><해제사유발생일> </해제사유발생일><해제여부> </해제여부></item></items><numOfRows>999</numOfRows><pageNo>1</pageNo><totalCount>30</totalCount></body></response>