<?xml version="1.0" encoding="UTF-8" standalone="yes"?><response><header><resultCode>00</resultCode><resultMsg>NORMAL SERVICE.</resultMsg></header><body><items><item><거래금액>   172,000</거래금액><거래유형>중개거래</거래유형><건축년도>1987</건축년도><년>2022</년><도로명>목동서로</도로명><도로명건물본번호코드>00400</도로명건물본번호코드><도로명건물부번호코드>00000</도로명건물부번호코드><도로명시군구코드>11470</도로명시군구코드><도로명일련번호코드>01</도로명일련번호코드><도로명지상지하코드>0</도로명지상지하코드><도로명코드>3114003</도로명코드><법정동> 신정동</법정동><법정동본번코드>0311</법정동본번코드><법정동부번코드>0000</법정동부번코드><법정동시군구코드>11470</법정동시군구코드><법정동읍면동코드>10100</법정동읍면동코드><법정동지번코드>1</법정동지번코드><아파트>목동신시가지10</아파트><월>11</월><일>9</일><일련번호>11470-119</일련번호><전용면적>105.58</전용면적><중개사소재지>서울 양천구</중개사소재지><지번>311</지번><지역코드>11470</지역코드><층>2</층><해제사유발생일>22.11.19</해제사유발생일><해제여부>O</해제여부></item><item><거래금액>    88,000</거래금액><거래유형>중개거래</거래유형><건축년도>1996</건축년도><년>2022</년><도로명>목동동로12길</도로명><도로명건물본번호코드>00038</도로명건물본번호코드><도로명건물부번호코드>00000</도로명건물부번호코드><도로명시군구코드>11470</도로명시군구코드><도로명일련번호코드>00</도로명일련번호코드><도로명지상지하코드>0</도로명지상지하코드><도로명코드>4142097</도로명코드><법정동> 신정동</법정동><법정동본번코드>0118</법정동본번코드><법정동부번코드>0019</법정동부번코드><법정동시군구코드>11470</법정동시군구코드><법정동읍면동코드>10100</법정동읍면동코드><법정동지번코드>1</법정동지번코드><아파트>목동그린빌라트</아파트><월>11</월><일>15</일><일련번호>11470-208</일련번호><전용면적>119.92</전용면적><중개사소재지>서울 양천구</중개사소재지><지번>118-19</지번><지역코드>11470</지역코드><층>6</층><해제사유발생일> </해제사유발생일><해제여부> </해제여부></item><item><거래금액>   176,000</거래금액><거래유형>중개거래</거래유형><건축년도>1987</건축년도><년>2022</년><도로명>목동서로</도로명><도로명건물본번호코드>00400</도로명건물본번호코드><도로명건물부번호코드>00000</도로명건물부번호코드><도로명시군구코드>11470</도로명시군구코드><도로명일련번호코드>01</도로명일련번호코드><도로명지상지하코드>0</도로명지상지하코드><도로명코드>3114003</도로명코드><법정동> 신정동</법정동><법정동본번코드>0311</법정동본번코드><법정동부번코드>0000</법정동부번코드><법정동시군구코드>11470</법정동시군구코드><법정동읍면동코드>10100</법정동읍면동코드><법정동지번코드>1</법정동지번코드><아파트>목동신시가지10</아파트><월>11</월><일>18</일><일련번호>11470-119</일련번호><전용면적>105.58</전용면적><중개사소재지>서울 양천구</중개사소재지><지번>311</지번><지역코드>11470</지역코드><층>9</층><해제사유발생일> </해제사유발생일><해제여부> </해제여부></item><item><거래금액>   135,000</거래금액><거래유형>중개거래</거래유형><건축년도>1987</건축년도><년>2022</년><도로명>목동서로</도로명><도로명건물본번호코드>00400</도로명건물본번호코드><도로명건물부번호코드>00000</도로명건물부번호코드><도로명시군구코드>11470</도로명시군구코드><도로명일련번호코드>01</도로명일련번호코드><도로명지상지하코드>0</도로명지상지하코드><도로명코드>3114003</도로명코드><법정동> 신정동</법정동><법정동본번코드>0311</법정동본번코드><법정동부번코드>0000</법정동부번코드><법정동시군구코드>11470</법정동시군구코드><법정동읍면동코드>10100</법정동읍면동코드><법정동지번코드>1</법정동지번코드><아파트>목동신시가지10</아파트><월>11</월><일>18</일><일련번호>11470-119</일련번호><전용면적>70.2</전용면적><중개사소재지>서울 양천구</중개사소재지><지번>311</지번><지역코드>11470</지역코드><층>10</층><해제사유발생일> </해제사유발생일><해제여부> </해제여부></item><item><거래금액>    75,000</거래금액><거래유형>직거래</거래유형><건축년도>2002</건축년도><년>2022</년><도로명>신정로7길</도로명><도로명건물본번호코드>00060</도로명건물본번호코드><도로명건물부번호코드>00007</도로명건물부번호코드><도로명시군구코드>11470</도로명시군구코드><도로명일련번호코드>01</도로명일련번호코드><도로명지상지하코드>0</도로명지상지하코드><도로명코드>4142262</도로명코드><법정동> 신정동</법정동><법정동본번코드>1285</법정동본번코드><법정동부번코드>0000</법정동부번코드><법정동시군구코드>11470</법정동시군구코드><법정동읍면동코드>10100</법정동읍면동코드><법정동지번코드>1</법정동지번코드><아파트>푸른마을4</아파트><월>11</월><일>21</일><일련번호>11470-170</일련번호><전용면적>84.88</전용면적><중개사소재지> </중개사소재지><지번>1285</지번><지역코드>11470</지역코드><층>8</층><해제사유발생일> </해제사유발생일><해제여부> </해제여부></item><item><거래금액>   125,000</거래금액><거래유형>중개거래</거래유형><건축년도>1988</건축년도><년>2022</년><도로명>목동동로</도로명><도로명건물본번호코드>00010</도로명건물본번호코드><도로명건물부번호코드>00000</도로명건물부번호코드><도로명시군구코드>11470</도로명시군구코드><도로명일련번호코드>01</도로명일련번호코드><도로명지상지하코드>0</도로명지상지하코드><도로명코드>3114001</도로명코드><법정동> 신정동</법정동><법정동본번코드>0325</법정동본번코드><법정동부번코드>0000</법정동부번코드><법정동시군구코드>11470</법정동시군구코드><법정동읍면동코드>10100</법정동읍면동코드><법정동지번코드>1</법정동지번코드><아파트>목동신시가지11</아파트><월>11</월><일>24</일><일련번호>11470-120</일련번호><전용면적>66.24</전용면적><중개사소재지>서울 양천구</중개사소재지><지번>325</지번><지역코드>11470</지역코드><층>4</층><해제사유발생일> </해제사유발생일><해제여부> </해제여부></item><item><거래금액>   101,000</거래금액><거래유형>중개거래</거래유형><건축년도>1987</건축년도><년>2022</년><도로명>목동서로</도로명><도로명건물본번호코드>00400</도로명건물본번호코드><도로명건물부번호코드>00000</도로명건물부번호코드><도로명시군구코드>11470</도로명시군구코드><도로명일련번호코드>01</도로명일련번호코드><도로명지상지하코드>0</도로명지상지하코드><도로명코드>3114003</도로명코드><법정동> 신정동</법정동><법정동본번코드>0311</법정동본번코드><법정동부번코드>0000</법정동부번코드><법정동시군구코드>11470</법정동시군구코드><법정동읍면동코드>10100</법정동읍면동코드><법정동지번코드>1</법정동지번코드><아파트>목동신시가지10</아파트><월>11</월><일>26</일><일련번호>11470-119</일련번호><전용면적>53.82</전용면적><중개사소재지>서울 양천구</중개사소재지><지번>311</지번><지역코드>11470</지역코드><층>8</층><해제사유발생일> </해제사유발생일><해제여부> </해제여부></item><item><거래금액>    85,000</거래금액><거래유형>중개거래</거래유형><건축년도>1988</건축년도><년>2022</년><도로명>목동동로</도로명><도로명건물본번호코드>00010</도로명건물본번호코드><도로명건물부번호코드>00000</도로명건물부번호코드><도로명시군구코드>11470</도로명시군구코드><도로명일련번호코드>01</도로명일련번호코드><도로명지상지하코드>0</도로명지상지하코드><도로명코드>3114001</도로명코드><법정동> 신정동</법정동><법정동본번코드>0325</법정동본번코드><법정동부번코드>0000</법정동부번코드><법정동시군구코드>11470</법정동시군구코드><법정동읍면동코드>10100</법정동읍면동코드><법정동지번코드>1</법정동지번코드><아파트>목동신시가지11</아파트><월>11</월><일>29</일><일련번호>11470-120</일련번호><전용면적>51.48</전용면적><중개사소재지>서울 양천구</중개사소재지><지번>325</지번><지역코드>11470</지역코드><층>14</층><해제사유발생일> </해제사유발생일><해제여부> </해제여부></item><item><거래금액>   110,000</거래금액><거래유형>중개거래</거래유형><건축년도>1985</건축년도><년>2022</년><도로명>목동서로</도로명><도로명건물본번호코드>00038</도로명건물본번호코드><도로명건물부번호코드>00000</도로명건물부번호코드><도로명시군구코드>11470</도로명시군구코드><도로명일련번호코드>02</도로명일련번호코드><도로명지상지하코드>0</도로명지상지하코드><도로명코드>3114003</도로명코드><법정동> 목동</법정동><법정동본번코드>0901</법정동본번코드><법정동부번코드>0000</법정동부번코드><법정동시군구코드>11470</법정동시군구코드><법정동읍면동코드>10200</법정동읍면동코드><법정동지번코드>1</법정동지번코드><아파트>목동신시가지1</아파트><월>11</월><일>5</일><일련번호>11470-17</일련번호><전용면적>47.52</전용면적><중개사소재지>서울 양천구</중개사소재지><지번>901</지번><지역코드>11470</지역코드><층>10</층><해제사유발생일> </해제사유발생일><해제여부> </해제여부></item><item><거래금액>    80,000</거래금액><거래유형>중개거래</거래유형><건축년도>2003</건축년도><년>2022</년><도로명>목동중앙본로1길</도로명><도로명건물본번호코드>00005</도로명건물본번호코드><도로명건물부번호코드>00000</도로명건물부번호코드><도로명시군구코드>11470</도로명시군구코드><도로명일련번호코드>01</도로명일련번호코드><도로명지상지하코드>0</도로명지상지하코드><도로명코드>4142163</도로명코드><법정동> 목동</법정동><법정동본번코드>0948</법정동본번코드><법정동부번코드>0000</법정동부번코드><법정동시군구코드>11470</법정동시군구코드><법정동읍면동코드>10200</법정동읍면동코드><법정동지번코드>1</법정동지번코드><아파트>월드메르디앙2</아파트><월>11</월><일>12</일><일련번호>11470-195</일련번호><전용면적>84.3</전용면적><중개사소재지>서울 양천구</중개사소재지><지번>948</지번><지역코드>11470</지역코드><층>10</층><해제사유발생일> </해제사유발생일><해제여부> </해제여부></item><item><거래금액>    43,000</거래금액><거래유형>중개거래</거래유형><건축년도>2004</건축년도><년>2022</년><도로명>가로공원로64길</도로명><도로명건물본번호코드>00013</도로명건물본번호코드><도로명건물부번호코드>00000</도로명건물부번호코드><도로명시군구코드>11470</도로명시군구코드><도로명일련번호코드>01</도로명일련번호코드><도로명지상지하코드>0</도로명지상지하코드><도로명코드>4142007</도로명코드><법정동> 신월동</법정동><법정동본번코드>0166</법정동본번코드><법정동부번코드>0027</법정동부번코드><법정동시군구코드>11470</법정동시군구코드><법정동읍면동코드>10300</법정동읍면동코드><법정동지번코드>1</법정동지번코드><아파트>훼미리주상복합</아파트><월>11</월><일>3</일><일련번호>11470-196</일련번호><전용면적>100.3</전용면적><중개사소재지>서울 양천구</중개사소재지><지번>166-27</지번><지역코드>11470</지역코드><층>6</층><해제사유발생일> </해제사유발생일><해제여부> </해제여부></item><item><거래금액>    20,800</거래금액><거래유형>중개거래</거래유형><건축년도>1994</건축년도><년>2022</년><도로명>월정로11길</도로명><도로명건물본번호코드>00009</도로명건물본번호코드><도로명건물부번호코드>00000</도로명건물부번호코드><도로명시군구코드>11470</도로명시군구코드><도로명일련번호코드>01</도로명일련번호코드><도로명지상지하코드>0</도로명지상지하코드><도로명코드>4142312</도로명코드><법정동> 신월동</법정동><법정동본번코드>0413</법정동본번코드><법정동부번코드>0003</법정동부번코드><법정동시군구코드>11470</법정동시군구코드><법정동읍면동코드>10300</법정동읍면동코드><법정동지번코드>1</법정동지번코드><아파트>에이원</아파트><월>11</월><일>4</일><일련번호>11470-354</일련번호><전용면적>51.15</전용면적><중개사소재지>서울 양천구</중개사소재지><지번>413-3</지번><지역코드>11470</지역코드><층>6</층><해제사유발생일> </해제사유발생일><해제여부> </해제여부></item><item><거래금액>    65,000</거래금액><거래유형>중개거래</거래유형><건축년도>2006</건축년도><년>2022</년><도로명>월정로9길</도로명><도로명건물본번호코드>00017</도로명건물본번호코드><도로명건물부번호코드>00000</도로명건물부번호코드><도로명시군구코드>11470</도로명시군구코드><도로명일련번호코드>01</도로명일련번호코드><도로명지상지하코드>0</도로명지상지하코드><도로명코드>4142333</도로명코드><법정동> 신월동</법정동><법정동본번코드>1026</법정동본번코드><법정동부번코드>0000</법정동부번코드><법정동시군구코드>11470</법정동시군구코드><법정동읍면동코드>10300</법정동읍면동코드><법정동지번코드>1</법정동지번코드><아파트>양천벽산블루밍1단지</아파트><월>11</월><일>12</일><일련번호>11470-4024</일련번호><전용면적>84.77</전용면적><중개사소재지>서울 양천구</중개사소재지><지번>1026</지번><지역코드>11470</지역코드><층>1</층><해제사유발생일> </해제사유발생일><해제여부> </해제여부></item><item><거래금액>    67,000</거래금액><거래유형>중개거래</거래유형><건축년도>2020</건축년도><년>2022</년><도로명>남부순환로83길</도로명><도로명건물본번호코드>00048</도로명건물본번호코드><도로명건물부번호코드>00000</도로명건물부번호코드><도로명시군구코드>11470</도로명시군구코드><도로명일련번호코드>01</도로명일련번호코드><도로명코드>4142070</도로명코드><법정동> 신월동</법정동><법정동본번코드>1077</법정동본번코드><법정동부번코드>0000</법정동부번코드><법정동시군구코드>11470</법정동시군구코드><법정동읍면동코드>10300</법정동읍면동코드><법정동지번코드>1</법정동지번코드><아파트>목동센트럴아이파크위브3단지</아파트><월>11</월><일>18</일><일련번호>11470-5629</일련번호><전용면적>52.85</전용면적><중개사소재지>서울 양천구</중개사소재지><지번>1077</지번><지역코드>11470</지역코드><층>8</층><해제사유발생일> </해제사유발생일><해제여부> </해제여부></item><item><거래금액>    92,250</거래금액><거래유형>중개거래</거래유형><건축년도>2020</건축년도><년>2022</년><도로명>남부순환로83길</도로명><도로명건물본번호코드>00047</도로명건물본번호코드><도로명건물부번호코드>00000</도로명건물부번호코드><도로명시군구코드>11470</도로명시군구코드><도로명일련번호코드>01</도로명일련번호코드><도로명코드>4142070</도로명코드><법정동> 신월동</법정동><법정동본번코드>1078</법정동본번코드><법정동부번코드>0000</법정동부번코드><법정동시군구코드>11470</법정동시군구코드><법정동읍면동코드>10300</법정동읍면동코드><법정동지번코드>1</법정동지번코드><아파트>목동센트럴아이파크위브4단지</아파트><월>11</월><일>19</일><일련번호>11470-5630</일련번호><전용면적>84.98</전용면적><중개사소재지>서울 양천구</중개사소재지><지번>1078</지번><지역코드>11470</지역코드><층>16</층><해제사유발생일> </해제사유발생일><해제여부> </해제여부></item><item><거래금액>    92,500</거래금액><거래유형>중개거래</거래유형><건축년도>2020</건축년도><년>2022</년><도로명>남부순환로83길</도로명><도로명건물본번호코드>00018</도로명건물본번호코드><도로명건물부번호코드>00000</도로명건물부번호코드><도로명시군구코드>11470</도로명시군구코드><도로명일련번호코드>01</도로명일련번호코드><도로명코드>4142070</도로명코드><법정동> 신월동</법정동><법정동본번코드>1076</법정동본번코드><법정동부번코드>0000</법정동부번코드><법정동시군구코드>11470</법정동시군구코드><법정동읍면동코드>10300</법정동읍면동코드><법정동지번코드>1</법정동지번코드><아파트>목동센트럴아이파크위브2단지</아파트><월>11</월><일>20</일><일련번호>11470-5628</일련번호><전용면적>84.97</전용면적><중개사소재지>서울 양천구</중개사소재지><지번>1076</지번><지역코드>11470</지역코드><층>10</층><해제사유발생일> </해제사유발생일><해제여부> </해제여부></item><item><거래금액>    40,000</거래금액><거래유형>중개거래</거래유형><건축년도>2002</건축년도><년>2022</년><도로명>중앙로57길</도로명><도로명건물본번호코드>00035</도로명건물본번호코드><도로명건물부번호코드>00000</도로명건물부번호코드><도로명시군구코드>11470</도로명시군구코드><도로명일련번호코드>01</도로명일련번호코드><도로명지상지하코드>0</도로명지상지하코드><도로명코드>4142392</도로명코드><법정동> 신월동</법정동><법정동본번코드>0458</법정동본번코드><법정동부번코드>0001</법정동부번코드><법정동시군구코드>11470</법정동시군구코드><법정동읍면동코드>10300</법정동읍면동코드><법정동지번코드>1</법정동지번코드><아파트>새롬</아파트><월>11</월><일>21</일><일련번호>11470-78</일련번호><전용면적>84.83</전용면적><중개사소재지>서울 양천구</중개사소재지><지번>458-1</지번><지역코드>11470</지역코드><층>1</층><해제사유발생일> </해제사유발생일><해제여부> </해제여부></item><item><거래금액>    50,000</거래금액><거래유형>중개거래</거래유형><건축년도>2003</건축년도><년>2022</년><도로명>남부순환로67길</도로명><도로명건물본번호코드>00015</도로명건물본번호코드><도로명건물부번호코드>00000</도로명건물부번호코드><도로명시군구코드>11470</도로명시군구코드><도로명일련번호코드>01</도로명일련번호코드><도로명지상지하코드>0</도로명지상지하코드><도로명코드>4142058</도로명코드><법정동> 신월동</법정동><법정동본번코드>0416</법정동본번코드><법정동부번코드>0001</법정동부번코드><법정동시군구코드>11470</법정동시군구코드><법정동읍면동코드>10300</법정동읍면동코드><법정동지번코드>1</법정동지번코드><아파트>보람쉬움1</아파트><월>11</월><일>21</일><일련번호>11470-194</일련번호><전용면적>58.15</전용면적><중개사소재지>서울 양천구</중개사소재지><지번>416-1</지번><지역코드>11470</지역코드><층>13</층><해제사유발생일> </해제사유발생일><해제여부> </해제여부></item><item><거래금액>    41,000</거래금액><거래유형>중개거래</거래유형><건축년도>2002</건축년도><년>2022</년><도로명>남부순환로</도로명><도로명건물본번호코드>00569</도로명건물본번호코드><도로명건물부번호코드>00000</도로명건물부번호코드><도로명시군구코드>11470</도로명시군구코드><도로명일련번호코드>02</도로명일련번호코드><도로명지상지하코드>0</도로명지상지하코드><도로명코드>2000003</도로명코드><법정동> 신월동</법정동><법정동본번코드>0547</법정동본번코드><법정동부번코드>0005</법정동부번코드><법정동시군구코드>11470</법정동시군구코드><법정동읍면동코드>10300</법정동읍면동코드><법정동지번코드>1</법정동지번코드><아파트>세아쎄닛빌</아파트><월>11</월><일>22</일><일련번호>11470-313</일련번호><전용면적>66.9</전용면적><중개사소재지>서울 양천구</중개사소재지><지번>547-5</지번><지역코드>11470</지역코드><층>9</층><해제사유발생일> </해제사유발생일><해제여부> </해제여부></item><item><거래금액>    89,500</거래금액><거래유형>중개거래</거래유형><건축년도>2020</건축년도><년>2022</년><도로명>남부순환로83길</도로명><도로명건물본번호코드>00017</도로명건물본번호코드><도로명건물부번호코드>00000</도로명건물부번호코드><도로명시군구코드>11470</도로명시군구코드><도로명일련번호코드>01</도로명일련번호코드><도로명코드>4142070</도로명코드><법정동> 신월동</법정동><법정동본번코드>1075</법정동본번코드><법정동부번코드>0000</법정동부번코드><법정동시군구코드>11470</법정동시군구코드><법정동읍면동코드>10300</법정동읍면동코드><법정동지번코드>1</법정동지번코드><아파트>목동센트럴아이파크위브1단지</아파트><월>11</월><일>24</일><일련번호>11470-5627</일련번호><전용면적>84.97</전용면적><중개사소재지>서울 양천구</중개사소재지><지번>1075</지번><지역코드>11470</지역코드><층>6</층><해제사유발생일> </해제사유발생일><해제여부> </해제여부></item></items><numOfRows>999</numOfRows><pageNo>1</pageNo><totalCount>20</totalCount></body></response>