<?xml version="1.0" encoding="UTF-8" standalone="yes"?><response><header><resultCode>00</resultCode><resultMsg>NORMAL SERVICE.</resultMsg></header><body><items><item><거래금액>    95,000</거래금액><거래유형>중개거래</거래유형><건축년도>2002</건축년도><년>2022</년><도로명>도신로29길</도로명><도로명건물본번호코드>00028</도로명건물본번호코드><도로명건물부번호코드>00000</도로명건물부번호코드><도로명시군구코드>11560</도로명시군구코드><도로명일련번호코드>01</도로명일련번호코드><도로명지상지하코드>0</도로명지상지하코드><도로명코드>4154317</도로명코드><법정동> 영등포동</법정동><법정동본번코드>0647</법정동본번코드><법정동부번코드>0000</법정동부번코드><법정동시군구코드>11560</법정동시군구코드><법정동읍면동코드>10100</법정동읍면동코드><법정동지번코드>1</법정동지번코드><아파트>영등포푸르지오</아파트><월>10</월><일>8</일><일련번호>11560-2</일련번호><전용면적>84.908</전용면적><중개사소재지>서울 영등포구</중개사소재지><지번>647</지번><지역코드>11560</지역코드><층>6</층><해제사유발생일> </해제사유발생일><해제여부> </해제여부></item><item><거래금액>   105,000</거래금액><거래유형>중개거래</거래유형><건축년도>2002</건축년도><년>2022</년><도로명>도신로29길</도로명><도로명건물본번호코드>00028</도로명건물본번호코드><도로명건물부번호코드>00000</도로명건물부번호코드><도로명시군구코드>11560</도로명시군구코드><도로명일련번호코드>01</도로명일련번호코드><도로명지상지하코드>0</도로명지상지하코드><도로명코드>4154317</도로명코드><법정동> 영등포동</법정동><법정동본번코드>0647</법정동본번코드><법정동부번코드>0000</법정동부번코드><법정동시군구코드>11560</법정동시군구코드><법정동읍면동코드>10100</법정동읍면동코드><법정동지번코드>1</법정동지번코드><아파트>영등포푸르지오</아파트><월>10</월><일>31</일><일련번호>11560-2</일련번호><전용면적>84.84</전용면적><중개사소재지>서울 양천구</중개사소재지><지번>647</지번><지역코드>11560</지역코드><층>23</층><해제사유발생일> </해제사유발생일><해제여부> </해제여부></item><item><거래금액>    13,500</거래금액><거래유형>직거래</거래유형><건축년도>2011</건축년도><년>2022</년><도로명>경인로114가길</도로명><도로명건물본번호코드>00014</도로명건물본번호코드><도로명건물부번호코드>00000</도로명건물부번호코드><도로명시군구코드>11560</도로명시군구코드><도로명일련번호코드>01</도로명일련번호코드><도로명지상지하코드>0</도로명지상지하코드><도로명코드>4154043</도로명코드><법정동> 영등포동1가</법정동><법정동본번코드>0144</법정동본번코드><법정동부번코드>0000</법정동부번코드><법정동시군구코드>11560</법정동시군구코드><법정동읍면동코드>10200</법정동읍면동코드><법정동지번코드>1</법정동지번코드><아파트>헤렌어반</아파트><월>10</월><일>7</일><일련번호>11560-1518</일련번호><전용면적>13.331</전용면적><중개사소재지> </중개사소재지><지번>144</지번><지역코드>11560</지역코드><층>3</층><해제사유발생일> </해제사유발생일><해제여부> </해제여부></item><item><거래금액>    15,000</거래금액><거래유형>중개거래</거래유형><건축년도>2011</건축년도><년>2022</년><도로명>경인로114가길</도로명><도로명건물본번호코드>00014</도로명건물본번호코드><도로명건물부번호코드>00000</도로명건물부번호코드><도로명시군구코드>11560</도로명시군구코드><도로명일련번호코드>01</도로명일련번호코드><도로명지상지하코드>0</도로명지상지하코드><도로명코드>4154043</도로명코드><법정동> 영등포동1가</법정동><법정동본번코드>0144</법정동본번코드><법정동부번코드>0000</법정동부번코드><법정동시군구코드>11560</법정동시군구코드><법정동읍면동코드>10200</법정동읍면동코드><법정동지번코드>1</법정동지번코드><아파트>헤렌어반</아파트><월>10</월><일>7</일><일련번호>11560-1518</일련번호><전용면적>18.516</전용면적><중개사소재지>서울 영등포구</중개사소재지><지번>144</지번><지역코드>11560</지역코드><층>7</층><해제사유발생일> </해제사유발생일><해제여부> </해제여부></item><item><거래금액>    14,000</거래금액><거래유형>직거래</거래유형><건축년도>2011</건축년도><년>2022</년><도로명>경인로114가길</도로명><도로명건물본번호코드>00014</도로명건물본번호코드><도로명건물부번호코드>00000</도로명건물부번호코드><도로명시군구코드>11560</도로명시군구코드><도로명일련번호코드>01</도로명일련번호코드><도로명지상지하코드>0</도로명지상지하코드><도로명코드>4154043</도로명코드><법정동> 영등포동1가</법정동><법정동본번코드>0144</법정동본번코드><법정동부번코드>0000</법정동부번코드><법정동시군구코드>11560</법정동시군구코드><법정동읍면동코드>10200</법정동읍면동코드><법정동지번코드>1</법정동지번코드><아파트>헤렌어반</아파트><월>10</월><일>7</일><일련번호>11560-1518</일련번호><전용면적>13.331</전용면적><중개사소재지> </중개사소재지><지번>144</지번><지역코드>11560</지역코드><층>4</층><해제사유발생일> </해제사유발생일><해제여부> </해제여부></item><item><거래금액>    21,500</거래금액><거래유형>중개거래</거래유형><건축년도>2020</건축년도><년>2022</년><도로명>경인로</도로명><도로명건물본번호코드>00900</도로명건물본번호코드><도로명건물부번호코드>00000</도로명건물부번호코드><도로명시군구코드>11560</도로명시군구코드><도로명일련번호코드>00</도로명일련번호코드><도로명코드>3000028</도로명코드><법정동> 영등포동1가</법정동><법정동본번코드>0094</법정동본번코드><법정동부번코드>0002</법정동부번코드><법정동시군구코드>11560</법정동시군구코드><법정동읍면동코드>10200</법정동읍면동코드><법정동지번코드>1</법정동지번코드><아파트>여의도더리브스타일</아파트><월>10</월><일>18</일><일련번호>11560-2153</일련번호><전용면적>14.8376</전용면적><중개사소재지>인천 서구</중개사소재지><지번>94-2</지번><지역코드>11560</지역코드><층>4</층><해제사유발생일> </해제사유발생일><해제여부> </해제여부></item><item><거래금액>    13,500</거래금액><거래유형>직거래</거래유형><건축년도>2013</건축년도><년>2022</년><도로명>국회대로54길</도로명><도로명건물본번호코드>00065</도로명건물본번호코드><도로명건물부번호코드>00000</도로명건물부번호코드><도로명시군구코드>11560</도로명시군구코드><도로명일련번호코드>01</도로명일련번호코드><도로명지상지하코드>0</도로명지상지하코드><도로명코드>4154084</도로명코드><법정동> 영등포동2가</법정동><법정동본번코드>0028</법정동본번코드><법정동부번코드>0117</법정동부번코드><법정동시군구코드>11560</법정동시군구코드><법정동읍면동코드>10300</법정동읍면동코드><법정동지번코드>1</법정동지번코드><아파트>이지리움S</아파트><월>10</월><일>3</일><일련번호>11560-1581</일련번호><전용면적>13.35</전용면적><중개사소재지> </중개사소재지><지번>28-117</지번><지역코드>11560</지역코드><층>13</층><해제사유발생일> </해제사유발생일><해제여부> </해제여부></item><item><거래금액>    16,000</거래금액><거래유형>중개거래</거래유형><건축년도>2017</건축년도><년>2022</년><도로명>버드나루로7길</도로명><도로명건물본번호코드>00003</도로명건물본번호코드><도로명건물부번호코드>00000</도로명건물부번호코드><도로명시군구코드>11560</도로명시군구코드><도로명일련번호코드>00</도로명일련번호코드><도로명지상지하코드>0</도로명지상지하코드><도로명코드>4154428</도로명코드><법정동> 영등포동2가</법정동><법정동본번코드>0094</법정동본번코드><법정동부번코드>0129</법정동부번코드><법정동시군구코드>11560</법정동시군구코드><법정동읍면동코드>10300</법정동읍면동코드><법정동지번코드>1</법정동지번코드><아파트>경동미르웰여의도</아파트><월>10</월><일>14</일><일련번호>11560-1957</일련번호><전용면적>14.03</전용면적><중개사소재지>서울 강서구</중개사소재지><지번>94-129</지번><지역코드>11560</지역코드><층>5</층><해제사유발생일> </해제사유발생일><해제여부> </해제여부></item><item><거래금액>    12,950</거래금액><거래유형>중개거래</거래유형><건축년도>2012</건축년도><년>2022</년><도로명>문래로</도로명><도로명건물본번호코드>00191</도로명건물본번호코드><도로명건물부번호코드>00000</도로명건물부번호코드><도로명시군구코드>11560</도로명시군구코드><도로명일련번호코드>01</도로명일련번호코드><도로명지상지하코드>0</도로명지상지하코드><도로명코드>3118008</도로명코드><법정동> 영등포동4가</법정동><법정동본번코드>0103</법정동본번코드><법정동부번코드>0000</법정동부번코드><법정동시군구코드>11560</법정동시군구코드><법정동읍면동코드>10500</법정동읍면동코드><법정동지번코드>1</법정동지번코드><아파트>영등포그랑그루</아파트><월>10</월><일>31</일><일련번호>11560-1562</일련번호><전용면적>12.1</전용면적><중개사소재지>서울 영등포구</중개사소재지><지번>103</지번><지역코드>11560</지역코드><층>6</층><해제사유발생일> </해제사유발생일><해제여부> </해제여부></item><item><거래금액>   119,000</거래금액><거래유형>중개거래</거래유형><건축년도>2017</건축년도><년>2022</년><도로명>국회대로54길</도로명><도로명건물본번호코드>00010</도로명건물본번호코드><도로명건물부번호코드>00000</도로명건물부번호코드><도로명시군구코드>11560</도로명시군구코드><도로명일련번호코드>00</도로명일련번호코드><도로명코드>4154084</도로명코드><법정동> 영등포동7가</법정동><법정동본번코드>0203</법정동본번코드><법정동부번코드>0000</법정동부번코드><법정동시군구코드>11560</법정동시군구코드><법정동읍면동코드>10800</법정동읍면동코드><법정동지번코드>1</법정동지번코드><아파트>아크로타워스퀘어</아파트><월>10</월><일>15</일><일련번호>11560-1955</일련번호><전용면적>59.91</전용면적><중개사소재지>서울 영등포구</중개사소재지><지번>203</지번><지역코드>11560</지역코드><층>14</층><해제사유발생일> </해제사유발생일><해제여부> </해제여부></item><item><거래금액>    12,800</거래금액><거래유형>중개거래</거래유형><건축년도>2012</건축년도><년>2022</년><도로명>버드나루로</도로명><도로명건물본번호코드>00085</도로명건물본번호코드><도로명건물부번호코드>00000</도로명건물부번호코드><도로명시군구코드>11560</도로명시군구코드><도로명일련번호코드>02</도로명일련번호코드><도로명지상지하코드>0</도로명지상지하코드><도로명코드>3118010</도로명코드><법정동> 영등포동7가</법정동><법정동본번코드>0094</법정동본번코드><법정동부번코드>0051</법정동부번코드><법정동시군구코드>11560</법정동시군구코드><법정동읍면동코드>10800</법정동읍면동코드><법정동지번코드>1</법정동지번코드><아파트>훼미리하우스117</아파트><월>10</월><일>31</일><일련번호>11560-1530</일련번호><전용면적>16.98</전용면적><중개사소재지>서울 영등포구</중개사소재지><지번>94-51</지번><지역코드>11560</지역코드><층>8</층><해제사유발생일> </해제사유발생일><해제여부> </해제여부></item><item><거래금액>   335,000</거래금액><거래유형>중개거래</거래유형><건축년도>1976</건축년도><년>2022</년><도로명>여의나루로</도로명><도로명건물본번호코드>00121</도로명건물본번호코드><도로명건물부번호코드>00000</도로명건물부번호코드><도로명시군구코드>11560</도로명시군구코드><도로명일련번호코드>01</도로명일련번호코드><도로명지상지하코드>0</도로명지상지하코드><도로명코드>3118019</도로명코드><법정동> 여의도동</법정동><법정동본번코드>0021</법정동본번코드><법정동부번코드>0001</법정동부번코드><법정동시군구코드>11560</법정동시군구코드><법정동읍면동코드>11000</법정동읍면동코드><법정동지번코드>1</법정동지번코드><아파트>서울</아파트><월>10</월><일>14</일><일련번호>11560-17</일련번호><전용면적>139.31</전용면적><중개사소재지>서울 영등포구</중개사소재지><지번>21-1</지번><지역코드>11560</지역코드><층>3</층><해제사유발생일> </해제사유발생일><해제여부> </해제여부></item><item><거래금액>   138,000</거래금액><거래유형>중개거래</거래유형><건축년도>2001</건축년도><년>2022</년><도로명>당산로42길</도로명><도로명건물본번호코드>00007</도로명건물본번호코드><도로명건물부번호코드>00000</도로명건물부번호코드><도로명시군구코드>11560</도로명시군구코드><도로명일련번호코드>02</도로명일련번호코드><도로명지상지하코드>0</도로명지상지하코드><도로명코드>4154121</도로명코드><법정동> 당산동5가</법정동><법정동본번코드>0013</법정동본번코드><법정동부번코드>0000</법정동부번코드><법정동시군구코드>11560</법정동시군구코드><법정동읍면동코드>11500</법정동읍면동코드><법정동지번코드>1</법정동지번코드><아파트>당산효성타운2차</아파트><월>10</월><일>1</일><일련번호>11560-42</일련번호><전용면적>84.38</전용면적><중개사소재지>서울 영등포구</중개사소재지><지번>13</지번><지역코드>11560</지역코드><층>15</층><해제사유발생일> </해제사유발생일><해제여부> </해제여부></item><item><거래금액>    28,500</거래금액><거래유형>중개거래</거래유형><건축년도>2005</건축년도><년>2022</년><도로명>당산로</도로명><도로명건물본번호코드>00222</도로명건물본번호코드><도로명건물부번호코드>00000</도로명건물부번호코드><도로명시군구코드>11560</도로명시군구코드><도로명일련번호코드>05</도로명일련번호코드><도로명지상지하코드>0</도로명지상지하코드><도로명코드>3118004</도로명코드><법정동> 당산동5가</법정동><법정동본번코드>0011</법정동본번코드><법정동부번코드>0033</법정동부번코드><법정동시군구코드>11560</법정동시군구코드><법정동읍면동코드>11500</법정동읍면동코드><법정동지번코드>1</법정동지번코드><아파트>당산디오빌</아파트><월>10</월><일>29</일><일련번호>11560-165</일련번호><전용면적>29.23</전용면적><중개사소재지>서울 영등포구</중개사소재지><지번>11-33</지번><지역코드>11560</지역코드><층>7</층><해제사유발생일>22.12.09</해제사유발생일><해제여부>O</해제여부></item><item><거래금액>   137,500</거래금액><거래유형>중개거래</거래유형><건축년도>1995</건축년도><년>2022</년><도로명>당산로54길</도로명><도로명건물본번호코드>00011</도로명건물본번호코드><도로명건물부번호코드>00000</도로명건물부번호코드><도로명시군구코드>11560</도로명시군구코드><도로명일련번호코드>02</도로명일련번호코드><도로명지상지하코드>0</도로명지상지하코드><도로명코드>4154134</도로명코드><법정동> 당산동</법정동><법정동본번코드>0374</법정동본번코드><법정동부번코드>0000</법정동부번코드><법정동시군구코드>11560</법정동시군구코드><법정동읍면동코드>11700</법정동읍면동코드><법정동지번코드>1</법정동지번코드><아파트>래미안당산1차</아파트><월>10</월><일>14</일><일련번호>11560-49</일련번호><전용면적>114.79</전용면적><중개사소재지>서울 영등포구</중개사소재지><지번>374</지번><지역코드>11560</지역코드><층>10</층><해제사유발생일> </해제사유발생일><해제여부> </해제여부></item><item><거래금액>    70,000</거래금액><거래유형>중개거래</거래유형><건축년도>2000</건축년도><년>2022</년><도로명>양평로17길</도로명><도로명건물본번호코드>00009</도로명건물본번호코드><도로명건물부번호코드>00000</도로명건물부번호코드><도로명시군구코드>11560</도로명시군구코드><도로명일련번호코드>01</도로명일련번호코드><도로명지상지하코드>0</도로명지상지하코드><도로명코드>4154608</도로명코드><법정동> 양평동4가</법정동><법정동본번코드>0051</법정동본번코드><법정동부번코드>0001</법정동부번코드><법정동시군구코드>11560</법정동시군구코드><법정동읍면동코드>12800</법정동읍면동코드><법정동지번코드>1</법정동지번코드><아파트>경남아너스빌</아파트><월>10</월><일>9</일><일련번호>11560-93</일련번호><전용면적>59.84</전용면적><중개사소재지>서울 영등포구</중개사소재지><지번>51-1</지번><지역코드>11560</지역코드><층>15</층><해제사유발생일> </해제사유발생일><해제여부> </해제여부></item><item><거래금액>    14,500</거래금액><거래유형>직거래</거래유형><건축년도>2012</건축년도><년>2022</년><도로명>여의대방로61길</도로명><도로명건물본번호코드>00050</도로명건물본번호코드><도로명건물부번호코드>00000</도로명건물부번호코드><도로명시군구코드>11560</도로명시군구코드><도로명일련번호코드>01</도로명일련번호코드><도로명지상지하코드>0</도로명지상지하코드><도로명코드>4154683</도로명코드><법정동> 신길동</법정동><법정동본번코드>4942</법정동본번코드><법정동부번코드>0000</법정동부번코드><법정동시군구코드>11560</법정동시군구코드><법정동읍면동코드>13200</법정동읍면동코드><법정동지번코드>1</법정동지번코드><아파트>여의도리버뷰</아파트><월>10</월><일>12</일><일련번호>11560-1574</일련번호><전용면적>12.96</전용면적><중개사소재지> </중개사소재지><지번>4942</지번><지역코드>11560</지역코드><층>6</층><해제사유발생일> </해제사유발생일><해제여부> </해제여부></item><item><거래금액>   112,000</거래금액><거래유형>중개거래</거래유형><건축년도>2019</건축년도><년>2022</년><도로명>가마산로</도로명><도로명건물본번호코드>00426</도로명건물본번호코드><도로명건물부번호코드>00000</도로명건물부번호코드><도로명시군구코드>11560</도로명시군구코드><도로명일련번호코드>01</도로명일련번호코드><도로명지상지하코드>0</도로명지상지하코드><도로명코드>3000023</도로명코드><법정동> 신길동</법정동><법정동본번코드>4955</법정동본번코드><법정동부번코드>0000</법정동부번코드><법정동시군구코드>11560</법정동시군구코드><법정동읍면동코드>13200</법정동읍면동코드><법정동지번코드>1</법정동지번코드><아파트>신길센트럴아이파크</아파트><월>10</월><일>13</일><일련번호>11560-2071</일련번호><전용면적>84.98</전용면적><중개사소재지>서울 영등포구</중개사소재지><지번>4955</지번><지역코드>11560</지역코드><층>2</층><해제사유발생일> </해제사유발생일><해제여부> </해제여부></item><item><거래금액>   140,000</거래금액><거래유형>중개거래</거래유형><건축년도>2019</건축년도><년>2022</년><도로명>가마산로</도로명><도로명건물본번호코드>00426</도로명건물본번호코드><도로명건물부번호코드>00000</도로명건물부번호코드><도로명시군구코드>11560</도로명시군구코드><도로명일련번호코드>01</도로명일련번호코드><도로명지상지하코드>0</도로명지상지하코드><도로명코드>3000023</도로명코드><법정동> 신길동</법정동><법정동본번코드>4955</법정동본번코드><법정동부번코드>0000</법정동부번코드><법정동시군구코드>11560</법정동시군구코드><법정동읍면동코드>13200</법정동읍면동코드><법정동지번코드>1</법정동지번코드><아파트>신길센트럴아이파크</아파트><월>10</월><일>21</일><일련번호>11560-2071</일련번호><전용면적>84.98</전용면적><중개사소재지>서울 영등포구</중개사소재지><지번>4955</지번><지역코드>11560</지역코드><층>13</층><해제사유발생일>23.01.04</해제사유발생일><해제여부>O</해제여부></item><item><거래금액>   138,000</거래금액><거래유형>중개거래</거래유형><건축년도>2021</건축년도><년>2022</년><도로명>신길로29길</도로명><도로명건물본번호코드>00017</도로명건물본번호코드><도로명건물부번호코드>00000</도로명건물부번호코드><도로명시군구코드>11560</도로명시군구코드><도로명일련번호코드>01</도로명일련번호코드><도로명지상지하코드>0</도로명지상지하코드><도로명코드>4154509</도로명코드><법정동> 신길동</법정동><법정동본번코드>4964</법정동본번코드><법정동부번코드>0000</법정동부번코드><법정동시군구코드>11560</법정동시군구코드><법정동읍면동코드>13200</법정동읍면동코드><법정동지번코드>1</법정동지번코드><아파트>신길센트럴자이아파트</아파트><월>10</월><일>22</일><일련번호>11560-2118</일련번호><전용면적>84.98</전용면적><중개사소재지>경기 안양만안구, 서울 영등포구</중개사소재지><지번>4964</지번><지역코드>11560</지역코드><층>9</층><해제사유발생일> </해제사유발생일><해제여부> </해제여부></item><item><거래금액>     8,800</거래금액><거래유형>중개거래</거래유형><건축년도>2013</건축년도><년>2022</년><도로명>대림로29길</도로명><도로명건물본번호코드>00013</도로명건물본번호코드><도로명건물부번호코드>00000</도로명건물부번호코드><도로명시군구코드>11560</도로명시군구코드><도로명일련번호코드>01</도로명일련번호코드><도로명지상지하코드>0</도로명지상지하코드><도로명코드>4154157</도로명코드><법정동> 대림동</법정동><법정동본번코드>0717</법정동본번코드><법정동부번코드>0000</법정동부번코드><법정동시군구코드>11560</법정동시군구코드><법정동읍면동코드>13300</법정동읍면동코드><법정동지번코드>1</법정동지번코드><아파트>쌍용플래티넘S</아파트><월>10</월><일>6</일><일련번호>11560-1602</일련번호><전용면적>18.24</전용면적><중개사소재지>서울 영등포구</중개사소재지><지번>717</지번><지역코드>11560</지역코드><층>11</층><해제사유발생일> </해제사유발생일><해제여부> </해제여부></item><item><거래금액>    15,000</거래금액><거래유형>중개거래</거래유형><건축년도>2018</건축년도><년>2022</년><도로명>도림천로19길</도로명><도로명건물본번호코드>00011</도로명건물본번호코드><도로명건물부번호코드>00000</도로명건물부번호코드><도로명시군구코드>11560</도로명시군구코드><도로명일련번호코드>00</도로명일련번호코드><도로명지상지하코드>0</도로명지상지하코드><도로명코드>4154300</도로명코드><법정동> 대림동</법정동><법정동본번코드>1101</법정동본번코드><법정동부번코드>0007</법정동부번코드><법정동시군구코드>11560</법정동시군구코드><법정동읍면동코드>13300</법정동읍면동코드><법정동지번코드>1</법정동지번코드><아파트>G밸리소홈</아파트><월>10</월><일>6</일><일련번호>11560-2043</일련번호><전용면적>16.1</전용면적><중개사소재지>서울 구로구</중개사소재지><지번>1101-7</지번><지역코드>11560</지역코드><층>12</층><해제사유발생일> </해제사유발생일><해제여부> </해제여부></item><item><거래금액>    10,200</거래금액><거래유형>중개거래</거래유형><건축년도>2012</건축년도><년>2022</년><도로명>도림천로19길</도로명><도로명건물본번호코드>00012</도로명건물본번호코드><도로명건물부번호코드>00000</도로명건물부번호코드><도로명시군구코드>11560</도로명시군구코드><도로명일련번호코드>01</도로명일련번호코드><도로명지상지하코드>0</도로명지상지하코드><도로명코드>4154300</도로명코드><법정동> 대림동</법정동><법정동본번코드>1101</법정동본번코드><법정동부번코드>0001</법정동부번코드><법정동시군구코드>11560</법정동시군구코드><법정동읍면동코드>13300</법정동읍면동코드><법정동지번코드>1</법정동지번코드><아파트>(1101-1)</아파트><월>10</월><일>8</일><일련번호>11560-1546</일련번호><전용면적>13.9</전용면적><중개사소재지>서울 영등포구</중개사소재지><지번>1101-1</지번><지역코드>11560</지역코드><층>7</층><해제사유발생일> </해제사유발생일><해제여부> </해제여부></item><item><거래금액>     7,600</거래금액><거래유형>중개거래</거래유형><건축년도>2013</건축년도><년>2022</년><도로명>대림로29길</도로명><도로명건물본번호코드>00013</도로명건물본번호코드><도로명건물부번호코드>00000</도로명건물부번호코드><도로명시군구코드>11560</도로명시군구코드><도로명일련번호코드>01</도로명일련번호코드><도로명지상지하코드>0</도로명지상지하코드><도로명코드>4154157</도로명코드><법정동> 대림동</법정동><법정동본번코드>0717</법정동본번코드><법정동부번코드>0000</법정동부번코드><법정동시군구코드>11560</법정동시군구코드><법정동읍면동코드>13300</법정동읍면동코드><법정동지번코드>1</법정동지번코드><아파트>쌍용플래티넘S</아파트><월>10</월><일>11</일><일련번호>11560-1602</일련번호><전용면적>18.24</전용면적><중개사소재지>서울 영등포구</중개사소재지><지번>717</지번><지역코드>11560</지역코드><층>3</층><해제사유발생일> </해제사유발생일><해제여부> </해제여부></item><item><거래금액>    59,000</거래금액><거래유형>중개거래</거래유형><건축년도>1987</건축년도><년>2022</년><도로명>가마산로</도로명><도로명건물본번호코드>00312</도로명건물본번호코드><도로명건물부번호코드>00000</도로명건물부번호코드><도로명시군구코드>11560</도로명시군구코드><도로명일련번호코드>02</도로명일련번호코드><도로명지상지하코드>0</도로명지상지하코드><도로명코드>3000023</도로명코드><법정동> 대림동</법정동><법정동본번코드>0777</법정동본번코드><법정동부번코드>0001</법정동부번코드><법정동시군구코드>11560</법정동시군구코드><법정동읍면동코드>13300</법정동읍면동코드><법정동지번코드>1</법정동지번코드><아파트>신동아</아파트><월>10</월><일>12</일><일련번호>11560-125</일련번호><전용면적>53.37</전용면적><중개사소재지>서울 관악구, 서울 영등포구</중개사소재지><지번>777-1</지번><지역코드>11560</지역코드><층>5</층><해제사유발생일> </해제사유발생일><해제여부> </해제여부></item><item><거래금액>    11,000</거래금액><거래유형>중개거래</거래유형><건축년도>2012</건축년도><년>2022</년><도로명>도림천로19길</도로명><도로명건물본번호코드>00012</도로명건물본번호코드><도로명건물부번호코드>00000</도로명건물부번호코드><도로명시군구코드>11560</도로명시군구코드><도로명일련번호코드>01</도로명일련번호코드><도로명지상지하코드>0</도로명지상지하코드><도로명코드>4154300</도로명코드><법정동> 대림동</법정동><법정동본번코드>1101</법정동본번코드><법정동부번코드>0001</법정동부번코드><법정동시군구코드>11560</법정동시군구코드><법정동읍면동코드>13300</법정동읍면동코드><법정동지번코드>1</법정동지번코드><아파트>(1101-1)</아파트><월>10</월><일>15</일><일련번호>11560-1546</일련번호><전용면적>13.9</전용면적><중개사소재지>서울 영등포구</중개사소재지><지번>1101-1</지번><지역코드>11560</지역코드><층>8</층><해제사유발생일> </해제사유발생일><해제여부> </해제여부></item><item><거래금액>    14,000</거래금액><거래유형>중개거래</거래유형><건축년도>2018</건축년도><년>2022</년><도로명>도림천로19길</도로명><도로명건물본번호코드>00011</도로명건물본번호코드><도로명건물부번호코드>00000</도로명건물부번호코드><도로명시군구코드>11560</도로명시군구코드><도로명일련번호코드>00</도로명일련번호코드><도로명지상지하코드>0</도로명지상지하코드><도로명코드>4154300</도로명코드><법정동> 대림동</법정동><법정동본번코드>1101</법정동본번코드><법정동부번코드>0007</법정동부번코드><법정동시군구코드>11560</법정동시군구코드><법정동읍면동코드>13300</법정동읍면동코드><법정동지번코드>1</법정동지번코드><아파트>G밸리소홈</아파트><월>10</월><일>24</일><일련번호>11560-2043</일련번호><전용면적>16.1</전용면적><중개사소재지>서울 영등포구</중개사소재지><지번>1101-7</지번><지역코드>11560</지역코드><층>9</층><해제사유발생일> </해제사유발생일><해제여부> </해제여부></item><item><거래금액>    53,000</거래금액><거래유형>중개거래</거래유형><건축년도>2011</건축년도><년>2022</년><도로명>가마산로</도로명><도로명건물본번호코드>00315</도로명건물본번호코드><도로명건물부번호코드>00000</도로명건물부번호코드><도로명시군구코드>11560</도로명시군구코드><도로명일련번호코드>02</도로명일련번호코드><도로명지상지하코드>0</도로명지상지하코드><도로명코드>3000023</도로명코드><법정동> 대림동</법정동><법정동본번코드>0778</법정동본번코드><법정동부번코드>0043</법정동부번코드><법정동시군구코드>11560</법정동시군구코드><법정동읍면동코드>13300</법정동읍면동코드><법정동지번코드>1</법정동지번코드><아파트>종인아네스트</아파트><월>10</월><일>25</일><일련번호>11560-1483</일련번호><전용면적>75.8</전용면적><중개사소재지>경기 안양동안구, 서울 구로구</중개사소재지><지번>778-43</지번><지역코드>11560</지역코드><층>6</층><해제사유발생일> </해제사유발생일><해제여부> </해제여부></item><item><거래금액>    16,000</거래금액><거래유형>직거래</거래유형><건축년도>2018</건축년도><년>2022</년><도로명>도림천로19길</도로명><도로명건물본번호코드>00011</도로명건물본번호코드><도로명건물부번호코드>00000</도로명건물부번호코드><도로명시군구코드>11560</도로명시군구코드><도로명일련번호코드>00</도로명일련번호코드><도로명지상지하코드>0</도로명지상지하코드><도로명코드>4154300</도로명코드><법정동> 대림동</법정동><법정동본번코드>1101</법정동본번코드><법정동부번코드>0007</법정동부번코드><법정동시군구코드>11560</법정동시군구코드><법정동읍면동코드>13300</법정동읍면동코드><법정동지번코드>1</법정동지번코드><아파트>G밸리소홈</아파트><월>10</월><일>25</일><일련번호>11560-2043</일련번호><전용면적>16.1</전용면적><중개사소재지> </중개사소재지><지번>1101-7</지번><지역코드>11560</지역코드><층>14</층><해제사유발생일> </해제사유발생일><해제여부> </해제여부></item><item><거래금액>     7,600</거래금액><거래유형>중개거래</거래유형><건축년도>2013</건축년도><년>2022</년><도로명>대림로29길</도로명><도로명건물본번호코드>00013</도로명건물본번호코드><도로명건물부번호코드>00000</도로명건물부번호코드><도로명시군구코드>11560</도로명시군구코드><도로명일련번호코드>01</도로명일련번호코드><도로명지상지하코드>0</도로명지상지하코드><도로명코드>4154157</도로명코드><법정동> 대림동</법정동><법정동본번코드>0717</법정동본번코드><법정동부번코드>0000</법정동부번코드><법정동시군구코드>11560</법정동시군구코드><법정동읍면동코드>13300</법정동읍면동코드><법정동지번코드>1</법정동지번코드><아파트>쌍용플래티넘S</아파트><월>10</월><일>28</일><일련번호>11560-1602</일련번호><전용면적>18.24</전용면적><중개사소재지>서울 영등포구</중개사소재지><지번>717</지번><지역코드>11560</지역코드><층>2</층><해제사유발생일> </해제사유발생일><해제여부> </해제여부></item><item><거래금액>    75,000</거래금액><거래유형>중개거래</거래유형><건축년도>1992</건축년도><년>2022</년><도로명>도신로4길</도로명><도로명건물본번호코드>00014</도로명건물본번호코드><도로명건물부번호코드>00000</도로명건물부번호코드><도로명시군구코드>11560</도로명시군구코드><도로명일련번호코드>01</도로명일련번호코드><도로명지상지하코드>0</도로명지상지하코드><도로명코드>4154337</도로명코드><법정동> 대림동</법정동><법정동본번코드>0785</법정동본번코드><법정동부번코드>0001</법정동부번코드><법정동시군구코드>11560</법정동시군구코드><법정동읍면동코드>13300</법정동읍면동코드><법정동지번코드>1</법정동지번코드><아파트>현대1</아파트><월>10</월><일>29</일><일련번호>11560-132</일련번호><전용면적>84.75</전용면적><중개사소재지>서울 영등포구</중개사소재지><지번>785-1</지번><지역코드>11560</지역코드><층>14</층><해제사유발생일> </해제사유발생일><해제여부> </해제여부></item></items><numOfRows>999</numOfRows><pageNo>1</pageNo><totalCount>31</totalCount></body></response>