<?xml version="1.0" encoding="UTF-8" standalone="yes"?><response><header><resultCode>00</resultCode><resultMsg>NORMAL SERVICE.</resultMsg></header><body><items><item><거래금액>   118,500</거래금액><거래유형>중개거래</거래유형><건축년도>2002</건축년도><년>2022</년><도로명>도신로29길</도로명><도로명건물본번호코드>00028</도로명건물본번호코드><도로명건물부번호코드>00000</도로명건물부번호코드><도로명시군구코드>11560</도로명시군구코드><도로명일련번호코드>01</도로명일련번호코드><도로명지상지하코드>0</도로명지상지하코드><도로명코드>4154317</도로명코드><법정동> 영등포동</법정동><법정동본번코드>0647</법정동본번코드><법정동부번코드>0000</법정동부번코드><법정동시군구코드>11560</법정동시군구코드><법정동읍면동코드>10100</법정동읍면동코드><법정동지번코드>1</법정동지번코드><아파트>영등포푸르지오</아파트><월>9</월><일>1</일><일련번호>11560-2</일련번호><전용면적>79.777</전용면적><중개사소재지>서울 영등포구</중개사소재지><지번>647</지번><지역코드>11560</지역코드><층>18</층><해제사유발생일> </해제사유발생일><해제여부> </해제여부></item><item><거래금액>    20,000</거래금액><거래유형>중개거래</거래유형><건축년도>2020</건축년도><년>2022</년><도로명>경인로</도로명><도로명건물본번호코드>00900</도로명건물본번호코드><도로명건물부번호코드>00000</도로명건물부번호코드><도로명시군구코드>11560</도로명시군구코드><도로명일련번호코드>00</도로명일련번호코드><도로명코드>3000028</도로명코드><법정동> 영등포동1가</법정동><법정동본번코드>0094</법정동본번코드><법정동부번코드>0002</법정동부번코드><법정동시군구코드>11560</법정동시군구코드><법정동읍면동코드>10200</법정동읍면동코드><법정동지번코드>1</법정동지번코드><아파트>여의도더리브스타일</아파트><월>9</월><일>7</일><일련번호>11560-2153</일련번호><전용면적>14.8376</전용면적><중개사소재지>서울 영등포구</중개사소재지><지번>94-2</지번><지역코드>11560</지역코드><층>5</층><해제사유발생일> </해제사유발생일><해제여부> </해제여부></item><item><거래금액>    13,300</거래금액><거래유형>중개거래</거래유형><건축년도>2013</건축년도><년>2022</년><도로명>경인로</도로명><도로명건물본번호코드>00882</도로명건물본번호코드><도로명건물부번호코드>00000</도로명건물부번호코드><도로명시군구코드>11560</도로명시군구코드><도로명일련번호코드>02</도로명일련번호코드><도로명지상지하코드>0</도로명지상지하코드><도로명코드>3000028</도로명코드><법정동> 영등포동1가</법정동><법정동본번코드>0113</법정동본번코드><법정동부번코드>0001</법정동부번코드><법정동시군구코드>11560</법정동시군구코드><법정동읍면동코드>10200</법정동읍면동코드><법정동지번코드>1</법정동지번코드><아파트>여의도씨티아이</아파트><월>9</월><일>15</일><일련번호>11560-1637</일련번호><전용면적>12.89</전용면적><중개사소재지>서울 마포구</중개사소재지><지번>113-1</지번><지역코드>11560</지역코드><층>16</층><해제사유발생일>22.09.15</해제사유발생일><해제여부>O</해제여부></item><item><거래금액>    14,500</거래금액><거래유형>직거래</거래유형><건축년도>2012</건축년도><년>2022</년><도로명>경인로114길</도로명><도로명건물본번호코드>00062</도로명건물본번호코드><도로명건물부번호코드>00000</도로명건물부번호코드><도로명시군구코드>11560</도로명시군구코드><도로명일련번호코드>01</도로명일련번호코드><도로명지상지하코드>0</도로명지상지하코드><도로명코드>4154044</도로명코드><법정동> 영등포동1가</법정동><법정동본번코드>0145</법정동본번코드><법정동부번코드>0000</법정동부번코드><법정동시군구코드>11560</법정동시군구코드><법정동읍면동코드>10200</법정동읍면동코드><법정동지번코드>1</법정동지번코드><아파트>내이처해밀</아파트><월>9</월><일>22</일><일련번호>11560-1549</일련번호><전용면적>14.24</전용면적><중개사소재지> </중개사소재지><지번>145</지번><지역코드>11560</지역코드><층>5</층><해제사유발생일> </해제사유발생일><해제여부> </해제여부></item><item><거래금액>    10,000</거래금액><거래유형>직거래</거래유형><건축년도>2013</건축년도><년>2022</년><도로명>국회대로54길</도로명><도로명건물본번호코드>00065</도로명건물본번호코드><도로명건물부번호코드>00000</도로명건물부번호코드><도로명시군구코드>11560</도로명시군구코드><도로명일련번호코드>01</도로명일련번호코드><도로명지상지하코드>0</도로명지상지하코드><도로명코드>4154084</도로명코드><법정동> 영등포동2가</법정동><법정동본번코드>0028</법정동본번코드><법정동부번코드>0117</법정동부번코드><법정동시군구코드>11560</법정동시군구코드><법정동읍면동코드>10300</법정동읍면동코드><법정동지번코드>1</법정동지번코드><아파트>이지리움S</아파트><월>9</월><일>28</일><일련번호>11560-1581</일련번호><전용면적>13.35</전용면적><중개사소재지> </중개사소재지><지번>28-117</지번><지역코드>11560</지역코드><층>9</층><해제사유발생일> </해제사유발생일><해제여부> </해제여부></item><item><거래금액>    13,500</거래금액><거래유형>중개거래</거래유형><건축년도>2014</건축년도><년>2022</년><도로명>영중로6길</도로명><도로명건물본번호코드>00012</도로명건물본번호코드><도로명건물부번호코드>00000</도로명건물부번호코드><도로명시군구코드>11560</도로명시군구코드><도로명일련번호코드>01</도로명일련번호코드><도로명지상지하코드>0</도로명지상지하코드><도로명코드>4154816</도로명코드><법정동> 영등포동3가</법정동><법정동본번코드>0019</법정동본번코드><법정동부번코드>0002</법정동부번코드><법정동시군구코드>11560</법정동시군구코드><법정동읍면동코드>10400</법정동읍면동코드><법정동지번코드>1</법정동지번코드><아파트>포레스트힐시티</아파트><월>9</월><일>28</일><일련번호>11560-1680</일련번호><전용면적>13.53</전용면적><중개사소재지>서울 영등포구</중개사소재지><지번>19-2</지번><지역코드>11560</지역코드><층>3</층><해제사유발생일> </해제사유발생일><해제여부> </해제여부></item><item><거래금액>    14,000</거래금액><거래유형>중개거래</거래유형><건축년도>2012</건축년도><년>2022</년><도로명>문래로</도로명><도로명건물본번호코드>00191</도로명건물본번호코드><도로명건물부번호코드>00000</도로명건물부번호코드><도로명시군구코드>11560</도로명시군구코드><도로명일련번호코드>01</도로명일련번호코드><도로명지상지하코드>0</도로명지상지하코드><도로명코드>3118008</도로명코드><법정동> 영등포동4가</법정동><법정동본번코드>0103</법정동본번코드><법정동부번코드>0000</법정동부번코드><법정동시군구코드>11560</법정동시군구코드><법정동읍면동코드>10500</법정동읍면동코드><법정동지번코드>1</법정동지번코드><아파트>영등포그랑그루</아파트><월>9</월><일>7</일><일련번호>11560-1562</일련번호><전용면적>12.1</전용면적><중개사소재지>서울 영등포구</중개사소재지><지번>103</지번><지역코드>11560</지역코드><층>12</층><해제사유발생일> </해제사유발생일><해제여부> </해제여부></item><item><거래금액>    15,500</거래금액><거래유형>직거래</거래유형><건축년도>2012</건축년도><년>2022</년><도로명>버드나루로</도로명><도로명건물본번호코드>00085</도로명건물본번호코드><도로명건물부번호코드>00000</도로명건물부번호코드><도로명시군구코드>11560</도로명시군구코드><도로명일련번호코드>02</도로명일련번호코드><도로명지상지하코드>0</도로명지상지하코드><도로명코드>3118010</도로명코드><법정동> 영등포동7가</법정동><법정동본번코드>0094</법정동본번코드><법정동부번코드>0051</법정동부번코드><법정동시군구코드>11560</법정동시군구코드><법정동읍면동코드>10800</법정동읍면동코드><법정동지번코드>1</법정동지번코드><아파트>훼미리하우스117</아파트><월>9</월><일>2</일><일련번호>11560-1530</일련번호><전용면적>16.98</전용면적><중개사소재지> </중개사소재지><지번>94-51</지번><지역코드>11560</지역코드><층>3</층><해제사유발생일> </해제사유발생일><해제여부> </해제여부></item><item><거래금액>   230,000</거래금액><거래유형>중개거래</거래유형><건축년도>1978</건축년도><년>2022</년><도로명>여의나루로</도로명><도로명건물본번호코드>00007</도로명건물본번호코드><도로명건물부번호코드>00000</도로명건물부번호코드><도로명시군구코드>11560</도로명시군구코드><도로명일련번호코드>01</도로명일련번호코드><도로명지상지하코드>0</도로명지상지하코드><도로명코드>3118019</도로명코드><법정동> 여의도동</법정동><법정동본번코드>0028</법정동본번코드><법정동부번코드>0000</법정동부번코드><법정동시군구코드>11560</법정동시군구코드><법정동읍면동코드>11000</법정동읍면동코드><법정동지번코드>1</법정동지번코드><아파트>광장</아파트><월>9</월><일>20</일><일련번호>11560-9</일련번호><전용면적>116.53</전용면적><중개사소재지>서울 영등포구</중개사소재지><지번>28</지번><지역코드>11560</지역코드><층>5</층><해제사유발생일> </해제사유발생일><해제여부> </해제여부></item><item><거래금액>   400,000</거래금액><거래유형>중개거래</거래유형><건축년도>1976</건축년도><년>2022</년><도로명>여의나루로</도로명><도로명건물본번호코드>00121</도로명건물본번호코드><도로명건물부번호코드>00000</도로명건물부번호코드><도로명시군구코드>11560</도로명시군구코드><도로명일련번호코드>01</도로명일련번호코드><도로명지상지하코드>0</도로명지상지하코드><도로명코드>3118019</도로명코드><법정동> 여의도동</법정동><법정동본번코드>0021</법정동본번코드><법정동부번코드>0001</법정동부번코드><법정동시군구코드>11560</법정동시군구코드><법정동읍면동코드>11000</법정동읍면동코드><법정동지번코드>1</법정동지번코드><아파트>서울</아파트><월>9</월><일>22</일><일련번호>11560-17</일련번호><전용면적>139.31</전용면적><중개사소재지>서울 영등포구</중개사소재지><지번>21-1</지번><지역코드>11560</지역코드><층>3</층><해제사유발생일> </해제사유발생일><해제여부> </해제여부></item><item><거래금액>   101,500</거래금액><거래유형>중개거래</거래유형><건축년도>1986</건축년도><년>2022</년><도로명>영신로</도로명><도로명건물본번호코드>00193</도로명건물본번호코드><도로명건물부번호코드>00000</도로명건물부번호코드><도로명시군구코드>11560</도로명시군구코드><도로명일련번호코드>07</도로명일련번호코드><도로명지상지하코드>0</도로명지상지하코드><도로명코드>3118023</도로명코드><법정동> 당산동3가</법정동><법정동본번코드>0002</법정동본번코드><법정동부번코드>0006</법정동부번코드><법정동시군구코드>11560</법정동시군구코드><법정동읍면동코드>11300</법정동읍면동코드><법정동지번코드>1</법정동지번코드><아파트>당산한양</아파트><월>9</월><일>24</일><일련번호>11560-34</일련번호><전용면적>84.93</전용면적><중개사소재지>서울 영등포구</중개사소재지><지번>2-6</지번><지역코드>11560</지역코드><층>13</층><해제사유발생일> </해제사유발생일><해제여부> </해제여부></item><item><거래금액>    74,965</거래금액><거래유형>직거래</거래유형><건축년도>1983</건축년도><년>2022</년><도로명>국회대로29길</도로명><도로명건물본번호코드>00013</도로명건물본번호코드><도로명건물부번호코드>00000</도로명건물부번호코드><도로명시군구코드>11560</도로명시군구코드><도로명일련번호코드>01</도로명일련번호코드><도로명지상지하코드>0</도로명지상지하코드><도로명코드>4154070</도로명코드><법정동> 당산동4가</법정동><법정동본번코드>0091</법정동본번코드><법정동부번코드>0000</법정동부번코드><법정동시군구코드>11560</법정동시군구코드><법정동읍면동코드>11400</법정동읍면동코드><법정동지번코드>1</법정동지번코드><아파트>유원제일</아파트><월>9</월><일>14</일><일련번호>11560-36</일련번호><전용면적>51.48</전용면적><중개사소재지> </중개사소재지><지번>91</지번><지역코드>11560</지역코드><층>7</층><해제사유발생일> </해제사유발생일><해제여부> </해제여부></item><item><거래금액>    37,500</거래금액><거래유형>중개거래</거래유형><건축년도>2005</건축년도><년>2022</년><도로명>당산로</도로명><도로명건물본번호코드>00222</도로명건물본번호코드><도로명건물부번호코드>00000</도로명건물부번호코드><도로명시군구코드>11560</도로명시군구코드><도로명일련번호코드>05</도로명일련번호코드><도로명지상지하코드>0</도로명지상지하코드><도로명코드>3118004</도로명코드><법정동> 당산동5가</법정동><법정동본번코드>0011</법정동본번코드><법정동부번코드>0033</법정동부번코드><법정동시군구코드>11560</법정동시군구코드><법정동읍면동코드>11500</법정동읍면동코드><법정동지번코드>1</법정동지번코드><아파트>당산디오빌</아파트><월>9</월><일>29</일><일련번호>11560-165</일련번호><전용면적>29.23</전용면적><중개사소재지>서울 영등포구</중개사소재지><지번>11-33</지번><지역코드>11560</지역코드><층>9</층><해제사유발생일> </해제사유발생일><해제여부> </해제여부></item><item><거래금액>   170,000</거래금액><거래유형>직거래</거래유형><건축년도>2003</건축년도><년>2022</년><도로명>문래로</도로명><도로명건물본번호코드>00082</도로명건물본번호코드><도로명건물부번호코드>00000</도로명건물부번호코드><도로명시군구코드>11560</도로명시군구코드><도로명일련번호코드>02</도로명일련번호코드><도로명지상지하코드>0</도로명지상지하코드><도로명코드>3118008</도로명코드><법정동> 문래동3가</법정동><법정동본번코드>0094</법정동본번코드><법정동부번코드>0000</법정동부번코드><법정동시군구코드>11560</법정동시군구코드><법정동읍면동코드>12100</법정동읍면동코드><법정동지번코드>1</법정동지번코드><아파트>문래힐스테이트</아파트><월>9</월><일>20</일><일련번호>11560-137</일련번호><전용면적>137.82</전용면적><중개사소재지> </중개사소재지><지번>94</지번><지역코드>11560</지역코드><층>14</층><해제사유발생일> </해제사유발생일><해제여부> </해제여부></item><item><거래금액>   129,000</거래금액><거래유형>중개거래</거래유형><건축년도>2001</건축년도><년>2022</년><도로명>당산로4길</도로명><도로명건물본번호코드>00012</도로명건물본번호코드><도로명건물부번호코드>00000</도로명건물부번호코드><도로명시군구코드>11560</도로명시군구코드><도로명일련번호코드>01</도로명일련번호코드><도로명지상지하코드>0</도로명지상지하코드><도로명코드>4154129</도로명코드><법정동> 문래동3가</법정동><법정동본번코드>0054</법정동본번코드><법정동부번코드>0000</법정동부번코드><법정동시군구코드>11560</법정동시군구코드><법정동읍면동코드>12100</법정동읍면동코드><법정동지번코드>1</법정동지번코드><아파트>문래자이</아파트><월>9</월><일>21</일><일련번호>11560-60</일련번호><전용면적>84.98</전용면적><중개사소재지>서울 영등포구</중개사소재지><지번>54</지번><지역코드>11560</지역코드><층>1</층><해제사유발생일> </해제사유발생일><해제여부> </해제여부></item><item><거래금액>   110,000</거래금액><거래유형>직거래</거래유형><건축년도>1996</건축년도><년>2022</년><도로명>양평로24길</도로명><도로명건물본번호코드>00009</도로명건물본번호코드><도로명건물부번호코드>00000</도로명건물부번호코드><도로명시군구코드>11560</도로명시군구코드><도로명일련번호코드>01</도로명일련번호코드><도로명지상지하코드>0</도로명지상지하코드><도로명코드>4154625</도로명코드><법정동> 양평동5가</법정동><법정동본번코드>0076</법정동본번코드><법정동부번코드>0000</법정동부번코드><법정동시군구코드>11560</법정동시군구코드><법정동읍면동코드>12900</법정동읍면동코드><법정동지번코드>1</법정동지번코드><아파트>양평한신</아파트><월>9</월><일>13</일><일련번호>11560-98</일련번호><전용면적>84.87</전용면적><중개사소재지> </중개사소재지><지번>76</지번><지역코드>11560</지역코드><층>12</층><해제사유발생일> </해제사유발생일><해제여부> </해제여부></item><item><거래금액>    10,300</거래금액><거래유형>중개거래</거래유형><건축년도>2013</건축년도><년>2022</년><도로명>가마산로</도로명><도로명건물본번호코드>00468</도로명건물본번호코드><도로명건물부번호코드>00000</도로명건물부번호코드><도로명시군구코드>11560</도로명시군구코드><도로명일련번호코드>01</도로명일련번호코드><도로명지상지하코드>0</도로명지상지하코드><도로명코드>3000023</도로명코드><법정동> 신길동</법정동><법정동본번코드>0261</법정동본번코드><법정동부번코드>0022</법정동부번코드><법정동시군구코드>11560</법정동시군구코드><법정동읍면동코드>13200</법정동읍면동코드><법정동지번코드>1</법정동지번코드><아파트>신길레전드힐스</아파트><월>9</월><일>2</일><일련번호>11560-1609</일련번호><전용면적>13.74</전용면적><중개사소재지>서울 영등포구</중개사소재지><지번>261-22</지번><지역코드>11560</지역코드><층>15</층><해제사유발생일> </해제사유발생일><해제여부> </해제여부></item><item><거래금액>   130,200</거래금액><거래유형>직거래</거래유형><건축년도>2020</건축년도><년>2022</년><도로명>여의대방로35가길</도로명><도로명건물본번호코드>00019</도로명건물본번호코드><도로명건물부번호코드>00000</도로명건물부번호코드><도로명시군구코드>11560</도로명시군구코드><도로명일련번호코드>01</도로명일련번호코드><도로명지상지하코드>0</도로명지상지하코드><도로명코드>4154657</도로명코드><법정동> 신길동</법정동><법정동본번코드>4958</법정동본번코드><법정동부번코드>0000</법정동부번코드><법정동시군구코드>11560</법정동시군구코드><법정동읍면동코드>13200</법정동읍면동코드><법정동지번코드>1</법정동지번코드><아파트>보라매에스케이뷰</아파트><월>9</월><일>2</일><일련번호>11560-2113</일련번호><전용면적>84.98</전용면적><중개사소재지> </중개사소재지><지번>4958</지번><지역코드>11560</지역코드><층>14</층><해제사유발생일> </해제사유발생일><해제여부> </해제여부></item><item><거래금액>   150,000</거래금액><거래유형>직거래</거래유형><건축년도>2017</건축년도><년>2022</년><도로명>신풍로</도로명><도로명건물본번호코드>00077</도로명건물본번호코드><도로명건물부번호코드>00000</도로명건물부번호코드><도로명시군구코드>11560</도로명시군구코드><도로명일련번호코드>00</도로명일련번호코드><도로명지상지하코드>0</도로명지상지하코드><도로명코드>3118015</도로명코드><법정동> 신길동</법정동><법정동본번코드>4950</법정동본번코드><법정동부번코드>0000</법정동부번코드><법정동시군구코드>11560</법정동시군구코드><법정동읍면동코드>13200</법정동읍면동코드><법정동지번코드>1</법정동지번코드><아파트>래미안에스티움</아파트><월>9</월><일>6</일><일련번호>11560-2006</일련번호><전용면적>84.97</전용면적><중개사소재지> </중개사소재지><지번>4950</지번><지역코드>11560</지역코드><층>27</층><해제사유발생일> </해제사유발생일><해제여부> </해제여부></item><item><거래금액>    11,000</거래금액><거래유형>중개거래</거래유형><건축년도>2012</건축년도><년>2022</년><도로명>여의대방로61길</도로명><도로명건물본번호코드>00050</도로명건물본번호코드><도로명건물부번호코드>00000</도로명건물부번호코드><도로명시군구코드>11560</도로명시군구코드><도로명일련번호코드>01</도로명일련번호코드><도로명지상지하코드>0</도로명지상지하코드><도로명코드>4154683</도로명코드><법정동> 신길동</법정동><법정동본번코드>4942</법정동본번코드><법정동부번코드>0000</법정동부번코드><법정동시군구코드>11560</법정동시군구코드><법정동읍면동코드>13200</법정동읍면동코드><법정동지번코드>1</법정동지번코드><아파트>여의도리버뷰</아파트><월>9</월><일>14</일><일련번호>11560-1574</일련번호><전용면적>12.96</전용면적><중개사소재지>서울 구로구, 서울 영등포구</중개사소재지><지번>4942</지번><지역코드>11560</지역코드><층>2</층><해제사유발생일> </해제사유발생일><해제여부> </해제여부></item><item><거래금액>    13,000</거래금액><거래유형>직거래</거래유형><건축년도>2013</건축년도><년>2022</년><도로명>영등포로</도로명><도로명건물본번호코드>00390</도로명건물본번호코드><도로명건물부번호코드>00000</도로명건물부번호코드><도로명시군구코드>11560</도로명시군구코드><도로명일련번호코드>10</도로명일련번호코드><도로명지상지하코드>0</도로명지상지하코드><도로명코드>3118022</도로명코드><법정동> 신길동</법정동><법정동본번코드>0065</법정동본번코드><법정동부번코드>0021</법정동부번코드><법정동시군구코드>11560</법정동시군구코드><법정동읍면동코드>13200</법정동읍면동코드><법정동지번코드>1</법정동지번코드><아파트>프리가</아파트><월>9</월><일>15</일><일련번호>11560-1639</일련번호><전용면적>16.09</전용면적><중개사소재지> </중개사소재지><지번>65-21</지번><지역코드>11560</지역코드><층>13</층><해제사유발생일> </해제사유발생일><해제여부> </해제여부></item><item><거래금액>    84,500</거래금액><거래유형>중개거래</거래유형><건축년도>1992</건축년도><년>2022</년><도로명>도신로4길</도로명><도로명건물본번호코드>00006</도로명건물본번호코드><도로명건물부번호코드>00000</도로명건물부번호코드><도로명시군구코드>11560</도로명시군구코드><도로명일련번호코드>00</도로명일련번호코드><도로명지상지하코드>0</도로명지상지하코드><도로명코드>4154337</도로명코드><법정동> 대림동</법정동><법정동본번코드>0785</법정동본번코드><법정동부번코드>0000</법정동부번코드><법정동시군구코드>11560</법정동시군구코드><법정동읍면동코드>13300</법정동읍면동코드><법정동지번코드>1</법정동지번코드><아파트>현대2</아파트><월>9</월><일>15</일><일련번호>11560-128</일련번호><전용면적>84.74</전용면적><중개사소재지>서울 영등포구</중개사소재지><지번>785</지번><지역코드>11560</지역코드><층>13</층><해제사유발생일> </해제사유발생일><해제여부> </해제여부></item><item><거래금액>    11,000</거래금액><거래유형>중개거래</거래유형><건축년도>2012</건축년도><년>2022</년><도로명>도림천로19길</도로명><도로명건물본번호코드>00012</도로명건물본번호코드><도로명건물부번호코드>00000</도로명건물부번호코드><도로명시군구코드>11560</도로명시군구코드><도로명일련번호코드>01</도로명일련번호코드><도로명지상지하코드>0</도로명지상지하코드><도로명코드>4154300</도로명코드><법정동> 대림동</법정동><법정동본번코드>1101</법정동본번코드><법정동부번코드>0001</법정동부번코드><법정동시군구코드>11560</법정동시군구코드><법정동읍면동코드>13300</법정동읍면동코드><법정동지번코드>1</법정동지번코드><아파트>(1101-1)</아파트><월>9</월><일>17</일><일련번호>11560-1546</일련번호><전용면적>14.46</전용면적><중개사소재지>서울 영등포구</중개사소재지><지번>1101-1</지번><지역코드>11560</지역코드><층>3</층><해제사유발생일> </해제사유발생일><해제여부> </해제여부></item><item><거래금액>    14,500</거래금액><거래유형>중개거래</거래유형><건축년도>2018</건축년도><년>2022</년><도로명>도림천로19길</도로명><도로명건물본번호코드>00011</도로명건물본번호코드><도로명건물부번호코드>00000</도로명건물부번호코드><도로명시군구코드>11560</도로명시군구코드><도로명일련번호코드>00</도로명일련번호코드><도로명지상지하코드>0</도로명지상지하코드><도로명코드>4154300</도로명코드><법정동> 대림동</법정동><법정동본번코드>1101</법정동본번코드><법정동부번코드>0007</법정동부번코드><법정동시군구코드>11560</법정동시군구코드><법정동읍면동코드>13300</법정동읍면동코드><법정동지번코드>1</법정동지번코드><아파트>G밸리소홈</아파트><월>9</월><일>17</일><일련번호>11560-2043</일련번호><전용면적>16.1</전용면적><중개사소재지>인천 서구</중개사소재지><지번>1101-7</지번><지역코드>11560</지역코드><층>7</층><해제사유발생일> </해제사유발생일><해제여부> </해제여부></item><item><거래금액>    12,000</거래금액><거래유형>직거래</거래유형><건축년도>2012</건축년도><년>2022</년><도로명>도림천로19길</도로명><도로명건물본번호코드>00012</도로명건물본번호코드><도로명건물부번호코드>00000</도로명건물부번호코드><도로명시군구코드>11560</도로명시군구코드><도로명일련번호코드>01</도로명일련번호코드><도로명지상지하코드>0</도로명지상지하코드><도로명코드>4154300</도로명코드><법정동> 대림동</법정동><법정동본번코드>1101</법정동본번코드><법정동부번코드>0001</법정동부번코드><법정동시군구코드>11560</법정동시군구코드><법정동읍면동코드>13300</법정동읍면동코드><법정동지번코드>1</법정동지번코드><아파트>(1101-1)</아파트><월>9</월><일>19</일><일련번호>11560-1546</일련번호><전용면적>14.46</전용면적><중개사소재지> </중개사소재지><지번>1101-1</지번><지역코드>11560</지역코드><층>8</층><해제사유발생일> </해제사유발생일><해제여부> </해제여부></item><item><거래금액>   110,000</거래금액><거래유형>중개거래</거래유형><건축년도>1998</건축년도><년>2022</년><도로명>도영로</도로명><도로명건물본번호코드>00002</도로명건물본번호코드><도로명건물부번호코드>00005</도로명건물부번호코드><도로명시군구코드>11560</도로명시군구코드><도로명일련번호코드>02</도로명일련번호코드><도로명지상지하코드>0</도로명지상지하코드><도로명코드>3118007</도로명코드><법정동> 대림동</법정동><법정동본번코드>0607</법정동본번코드><법정동부번코드>0001</법정동부번코드><법정동시군구코드>11560</법정동시군구코드><법정동읍면동코드>13300</법정동읍면동코드><법정동지번코드>1</법정동지번코드><아파트>코오롱</아파트><월>9</월><일>24</일><일련번호>11560-127</일련번호><전용면적>134.91</전용면적><중개사소재지>서울 영등포구</중개사소재지><지번>607-1</지번><지역코드>11560</지역코드><층>4</층><해제사유발생일> </해제사유발생일><해제여부> </해제여부></item><item><거래금액>    11,000</거래금액><거래유형>중개거래</거래유형><건축년도>2012</건축년도><년>2022</년><도로명>도림천로19길</도로명><도로명건물본번호코드>00012</도로명건물본번호코드><도로명건물부번호코드>00000</도로명건물부번호코드><도로명시군구코드>11560</도로명시군구코드><도로명일련번호코드>01</도로명일련번호코드><도로명지상지하코드>0</도로명지상지하코드><도로명코드>4154300</도로명코드><법정동> 대림동</법정동><법정동본번코드>1101</법정동본번코드><법정동부번코드>0001</법정동부번코드><법정동시군구코드>11560</법정동시군구코드><법정동읍면동코드>13300</법정동읍면동코드><법정동지번코드>1</법정동지번코드><아파트>(1101-1)</아파트><월>9</월><일>27</일><일련번호>11560-1546</일련번호><전용면적>13.9</전용면적><중개사소재지>서울 영등포구</중개사소재지><지번>1101-1</지번><지역코드>11560</지역코드><층>3</층><해제사유발생일> </해제사유발생일><해제여부> </해제여부></item><item><거래금액>     7,600</거래금액><거래유형>중개거래</거래유형><건축년도>2013</건축년도><년>2022</년><도로명>대림로29길</도로명><도로명건물본번호코드>00013</도로명건물본번호코드><도로명건물부번호코드>00000</도로명건물부번호코드><도로명시군구코드>11560</도로명시군구코드><도로명일련번호코드>01</도로명일련번호코드><도로명지상지하코드>0</도로명지상지하코드><도로명코드>4154157</도로명코드><법정동> 대림동</법정동><법정동본번코드>0717</법정동본번코드><법정동부번코드>0000</법정동부번코드><법정동시군구코드>11560</법정동시군구코드><법정동읍면동코드>13300</법정동읍면동코드><법정동지번코드>1</법정동지번코드><아파트>쌍용플래티넘S</아파트><월>9</월><일>27</일><일련번호>11560-1602</일련번호><전용면적>18.24</전용면적><중개사소재지>서울 영등포구</중개사소재지><지번>717</지번><지역코드>11560</지역코드><층>3</층><해제사유발생일> </해제사유발생일><해제여부> </해제여부></item><item><거래금액>     7,600</거래금액><거래유형>중개거래</거래유형><건축년도>2013</건축년도><년>2022</년><도로명>대림로29길</도로명><도로명건물본번호코드>00013</도로명건물본번호코드><도로명건물부번호코드>00000</도로명건물부번호코드><도로명시군구코드>11560</도로명시군구코드><도로명일련번호코드>01</도로명일련번호코드><도로명지상지하코드>0</도로명지상지하코드><도로명코드>4154157</도로명코드><법정동> 대림동</법정동><법정동본번코드>0717</법정동본번코드><법정동부번코드>0000</법정동부번코드><법정동시군구코드>11560</법정동시군구코드><법정동읍면동코드>13300</법정동읍면동코드><법정동지번코드>1</법정동지번코드><아파트>쌍용플래티넘S</아파트><월>9</월><일>27</일><일련번호>11560-1602</일련번호><전용면적>18.24</전용면적><중개사소재지>서울 영등포구</중개사소재지><지번>717</지번><지역코드>11560</지역코드><층>3</층><해제사유발생일> </해제사유발생일><해제여부> </해제여부></item><item><거래금액>     7,600</거래금액><거래유형>중개거래</거래유형><건축년도>2013</건축년도><년>2022</년><도로명>대림로29길</도로명><도로명건물본번호코드>00013</도로명건물본번호코드><도로명건물부번호코드>00000</도로명건물부번호코드><도로명시군구코드>11560</도로명시군구코드><도로명일련번호코드>01</도로명일련번호코드><도로명지상지하코드>0</도로명지상지하코드><도로명코드>4154157</도로명코드><법정동> 대림동</법정동><법정동본번코드>0717</법정동본번코드><법정동부번코드>0000</법정동부번코드><법정동시군구코드>11560</법정동시군구코드><법정동읍면동코드>13300</법정동읍면동코드><법정동지번코드>1</법정동지번코드><아파트>쌍용플래티넘S</아파트><월>9</월><일>27</일><일련번호>11560-1602</일련번호><전용면적>18.24</전용면적><중개사소재지>서울 영등포구</중개사소재지><지번>717</지번><지역코드>11560</지역코드><층>3</층><해제사유발생일> </해제사유발생일><해제여부> </해제여부></item><item><거래금액>     7,600</거래금액><거래유형>중개거래</거래유형><건축년도>2013</건축년도><년>2022</년><도로명>대림로29길</도로명><도로명건물본번호코드>00013</도로명건물본번호코드><도로명건물부번호코드>00000</도로명건물부번호코드><도로명시군구코드>11560</도로명시군구코드><도로명일련번호코드>01</도로명일련번호코드><도로명지상지하코드>0</도로명지상지하코드><도로명코드>4154157</도로명코드><법정동> 대림동</법정동><법정동본번코드>0717</법정동본번코드><법정동부번코드>0000</법정동부번코드><법정동시군구코드>11560</법정동시군구코드><법정동읍면동코드>13300</법정동읍면동코드><법정동지번코드>1</법정동지번코드><아파트>쌍용플래티넘S</아파트><월>9</월><일>27</일><일련번호>11560-1602</일련번호><전용면적>18.24</전용면적><중개사소재지>서울 영등포구</중개사소재지><지번>717</지번><지역코드>11560</지역코드><층>3</층><해제사유발생일> </해제사유발생일><해제여부> </해제여부></item><item><거래금액>     7,600</거래금액><거래유형>중개거래</거래유형><건축년도>2013</건축년도><년>2022</년><도로명>대림로29길</도로명><도로명건물본번호코드>00013</도로명건물본번호코드><도로명건물부번호코드>00000</도로명건물부번호코드><도로명시군구코드>11560</도로명시군구코드><도로명일련번호코드>01</도로명일련번호코드><도로명지상지하코드>0</도로명지상지하코드><도로명코드>4154157</도로명코드><법정동> 대림동</법정동><법정동본번코드>0717</법정동본번코드><법정동부번코드>0000</법정동부번코드><법정동시군구코드>11560</법정동시군구코드><법정동읍면동코드>13300</법정동읍면동코드><법정동지번코드>1</법정동지번코드><아파트>쌍용플래티넘S</아파트><월>9</월><일>27</일><일련번호>11560-1602</일련번호><전용면적>18.24</전용면적><중개사소재지>서울 영등포구</중개사소재지><지번>717</지번><지역코드>11560</지역코드><층>3</층><해제사유발생일> </해제사유발생일><해제여부> </해제여부></item><item><거래금액>     7,600</거래금액><거래유형>중개거래</거래유형><건축년도>2013</건축년도><년>2022</년><도로명>대림로29길</도로명><도로명건물본번호코드>00013</도로명건물본번호코드><도로명건물부번호코드>00000</도로명건물부번호코드><도로명시군구코드>11560</도로명시군구코드><도로명일련번호코드>01</도로명일련번호코드><도로명지상지하코드>0</도로명지상지하코드><도로명코드>4154157</도로명코드><법정동> 대림동</법정동><법정동본번코드>0717</법정동본번코드><법정동부번코드>0000</법정동부번코드><법정동시군구코드>11560</법정동시군구코드><법정동읍면동코드>13300</법정동읍면동코드><법정동지번코드>1</법정동지번코드><아파트>쌍용플래티넘S</아파트><월>9</월><일>27</일><일련번호>11560-1602</일련번호><전용면적>18.24</전용면적><중개사소재지>서울 영등포구</중개사소재지><지번>717</지번><지역코드>11560</지역코드><층>3</층><해제사유발생일> </해제사유발생일><해제여부> </해제여부></item><item><거래금액>     7,600</거래금액><거래유형>중개거래</거래유형><건축년도>2013</건축년도><년>2022</년><도로명>대림로29길</도로명><도로명건물본번호코드>00013</도로명건물본번호코드><도로명건물부번호코드>00000</도로명건물부번호코드><도로명시군구코드>11560</도로명시군구코드><도로명일련번호코드>01</도로명일련번호코드><도로명지상지하코드>0</도로명지상지하코드><도로명코드>4154157</도로명코드><법정동> 대림동</법정동><법정동본번코드>0717</법정동본번코드><법정동부번코드>0000</법정동부번코드><법정동시군구코드>11560</법정동시군구코드><법정동읍면동코드>13300</법정동읍면동코드><법정동지번코드>1</법정동지번코드><아파트>쌍용플래티넘S</아파트><월>9</월><일>27</일><일련번호>11560-1602</일련번호><전용면적>18.24</전용면적><중개사소재지>서울 영등포구</중개사소재지><지번>717</지번><지역코드>11560</지역코드><층>3</층><해제사유발생일> </해제사유발생일><해제여부> </해제여부></item><item><거래금액>     7,600</거래금액><거래유형>중개거래</거래유형><건축년도>2013</건축년도><년>2022</년><도로명>대림로29길</도로명><도로명건물본번호코드>00013</도로명건물본번호코드><도로명건물부번호코드>00000</도로명건물부번호코드><도로명시군구코드>11560</도로명시군구코드><도로명일련번호코드>01</도로명일련번호코드><도로명지상지하코드>0</도로명지상지하코드><도로명코드>4154157</도로명코드><법정동> 대림동</법정동><법정동본번코드>0717</법정동본번코드><법정동부번코드>0000</법정동부번코드><법정동시군구코드>11560</법정동시군구코드><법정동읍면동코드>13300</법정동읍면동코드><법정동지번코드>1</법정동지번코드><아파트>쌍용플래티넘S</아파트><월>9</월><일>27</일><일련번호>11560-1602</일련번호><전용면적>18.24</전용면적><중개사소재지>서울 영등포구</중개사소재지><지번>717</지번><지역코드>11560</지역코드><층>2</층><해제사유발생일> </해제사유발생일><해제여부> </해제여부></item><item><거래금액>     7,600</거래금액><거래유형>중개거래</거래유형><건축년도>2013</건축년도><년>2022</년><도로명>대림로29길</도로명><도로명건물본번호코드>00013</도로명건물본번호코드><도로명건물부번호코드>00000</도로명건물부번호코드><도로명시군구코드>11560</도로명시군구코드><도로명일련번호코드>01</도로명일련번호코드><도로명지상지하코드>0</도로명지상지하코드><도로명코드>4154157</도로명코드><법정동> 대림동</법정동><법정동본번코드>0717</법정동본번코드><법정동부번코드>0000</법정동부번코드><법정동시군구코드>11560</법정동시군구코드><법정동읍면동코드>13300</법정동읍면동코드><법정동지번코드>1</법정동지번코드><아파트>쌍용플래티넘S</아파트><월>9</월><일>27</일><일련번호>11560-1602</일련번호><전용면적>18.24</전용면적><중개사소재지>서울 영등포구</중개사소재지><지번>717</지번><지역코드>11560</지역코드><층>2</층><해제사유발생일> </해제사유발생일><해제여부> </해제여부></item><item><거래금액>     7,600</거래금액><거래유형>중개거래</거래유형><건축년도>2013</건축년도><년>2022</년><도로명>대림로29길</도로명><도로명건물본번호코드>00013</도로명건물본번호코드><도로명건물부번호코드>00000</도로명건물부번호코드><도로명시군구코드>11560</도로명시군구코드><도로명일련번호코드>01</도로명일련번호코드><도로명지상지하코드>0</도로명지상지하코드><도로명코드>4154157</도로명코드><법정동> 대림동</법정동><법정동본번코드>0717</법정동본번코드><법정동부번코드>0000</법정동부번코드><법정동시군구코드>11560</법정동시군구코드><법정동읍면동코드>13300</법정동읍면동코드><법정동지번코드>1</법정동지번코드><아파트>쌍용플래티넘S</아파트><월>9</월><일>27</일><일련번호>11560-1602</일련번호><전용면적>18.24</전용면적><중개사소재지>서울 영등포구</중개사소재지><지번>717</지번><지역코드>11560</지역코드><층>2</층><해제사유발생일> </해제사유발생일><해제여부> </해제여부></item><item><거래금액>     7,600</거래금액><거래유형>중개거래</거래유형><건축년도>2013</건축년도><년>2022</년><도로명>대림로29길</도로명><도로명건물본번호코드>00013</도로명건물본번호코드><도로명건물부번호코드>00000</도로명건물부번호코드><도로명시군구코드>11560</도로명시군구코드><도로명일련번호코드>01</도로명일련번호코드><도로명지상지하코드>0</도로명지상지하코드><도로명코드>4154157</도로명코드><법정동> 대림동</법정동><법정동본번코드>0717</법정동본번코드><법정동부번코드>0000</법정동부번코드><법정동시군구코드>11560</법정동시군구코드><법정동읍면동코드>13300</법정동읍면동코드><법정동지번코드>1</법정동지번코드><아파트>쌍용플래티넘S</아파트><월>9</월><일>27</일><일련번호>11560-1602</일련번호><전용면적>18.24</전용면적><중개사소재지>서울 영등포구</중개사소재지><지번>717</지번><지역코드>11560</지역코드><층>2</층><해제사유발생일> </해제사유발생일><해제여부> </해제여부></item><item><거래금액>     7,600</거래금액><거래유형>중개거래</거래유형><건축년도>2013</건축년도><년>2022</년><도로명>대림로29길</도로명><도로명건물본번호코드>00013</도로명건물본번호코드><도로명건물부번호코드>00000</도로명건물부번호코드><도로명시군구코드>11560</도로명시군구코드><도로명일련번호코드>01</도로명일련번호코드><도로명지상지하코드>0</도로명지상지하코드><도로명코드>4154157</도로명코드><법정동> 대림동</법정동><법정동본번코드>0717</법정동본번코드><법정동부번코드>0000</법정동부번코드><법정동시군구코드>11560</법정동시군구코드><법정동읍면동코드>13300</법정동읍면동코드><법정동지번코드>1</법정동지번코드><아파트>쌍용플래티넘S</아파트><월>9</월><일>27</일><일련번호>11560-1602</일련번호><전용면적>18.24</전용면적><중개사소재지>서울 영등포구</중개사소재지><지번>717</지번><지역코드>11560</지역코드><층>2</층><해제사유발생일> </해제사유발생일><해제여부> </해제여부></item><item><거래금액>     7,600</거래금액><거래유형>중개거래</거래유형><건축년도>2013</건축년도><년>2022</년><도로명>대림로29길</도로명><도로명건물본번호코드>00013</도로명건물본번호코드><도로명건물부번호코드>00000</도로명건물부번호코드><도로명시군구코드>11560</도로명시군구코드><도로명일련번호코드>01</도로명일련번호코드><도로명지상지하코드>0</도로명지상지하코드><도로명코드>4154157</도로명코드><법정동> 대림동</법정동><법정동본번코드>0717</법정동본번코드><법정동부번코드>0000</법정동부번코드><법정동시군구코드>11560</법정동시군구코드><법정동읍면동코드>13300</법정동읍면동코드><법정동지번코드>1</법정동지번코드><아파트>쌍용플래티넘S</아파트><월>9</월><일>27</일><일련번호>11560-1602</일련번호><전용면적>18.24</전용면적><중개사소재지>서울 영등포구</중개사소재지><지번>717</지번><지역코드>11560</지역코드><층>2</층><해제사유발생일>22.10.28</해제사유발생일><해제여부>O</해제여부></item><item><거래금액>     7,600</거래금액><거래유형>중개거래</거래유형><건축년도>2013</건축년도><년>2022</년><도로명>대림로29길</도로명><도로명건물본번호코드>00013</도로명건물본번호코드><도로명건물부번호코드>00000</도로명건물부번호코드><도로명시군구코드>11560</도로명시군구코드><도로명일련번호코드>01</도로명일련번호코드><도로명지상지하코드>0</도로명지상지하코드><도로명코드>4154157</도로명코드><법정동> 대림동</법정동><법정동본번코드>0717</법정동본번코드><법정동부번코드>0000</법정동부번코드><법정동시군구코드>11560</법정동시군구코드><법정동읍면동코드>13300</법정동읍면동코드><법정동지번코드>1</법정동지번코드><아파트>쌍용플래티넘S</아파트><월>9</월><일>27</일><일련번호>11560-1602</일련번호><전용면적>18.24</전용면적><중개사소재지>서울 영등포구</중개사소재지><지번>717</지번><지역코드>11560</지역코드><층>2</층><해제사유발생일> </해제사유발생일><해제여부> </해제여부></item><item><거래금액>     7,600</거래금액><거래유형>중개거래</거래유형><건축년도>2013</건축년도><년>2022</년><도로명>대림로29길</도로명><도로명건물본번호코드>00013</도로명건물본번호코드><도로명건물부번호코드>00000</도로명건물부번호코드><도로명시군구코드>11560</도로명시군구코드><도로명일련번호코드>01</도로명일련번호코드><도로명지상지하코드>0</도로명지상지하코드><도로명코드>4154157</도로명코드><법정동> 대림동</법정동><법정동본번코드>0717</법정동본번코드><법정동부번코드>0000</법정동부번코드><법정동시군구코드>11560</법정동시군구코드><법정동읍면동코드>13300</법정동읍면동코드><법정동지번코드>1</법정동지번코드><아파트>쌍용플래티넘S</아파트><월>9</월><일>27</일><일련번호>11560-1602</일련번호><전용면적>18.24</전용면적><중개사소재지>서울 영등포구</중개사소재지><지번>717</지번><지역코드>11560</지역코드><층>2</층><해제사유발생일> </해제사유발생일><해제여부> </해제여부></item><item><거래금액>     7,600</거래금액><거래유형>중개거래</거래유형><건축년도>2013</건축년도><년>2022</년><도로명>대림로29길</도로명><도로명건물본번호코드>00013</도로명건물본번호코드><도로명건물부번호코드>00000</도로명건물부번호코드><도로명시군구코드>11560</도로명시군구코드><도로명일련번호코드>01</도로명일련번호코드><도로명지상지하코드>0</도로명지상지하코드><도로명코드>4154157</도로명코드><법정동> 대림동</법정동><법정동본번코드>0717</법정동본번코드><법정동부번코드>0000</법정동부번코드><법정동시군구코드>11560</법정동시군구코드><법정동읍면동코드>13300</법정동읍면동코드><법정동지번코드>1</법정동지번코드><아파트>쌍용플래티넘S</아파트><월>9</월><일>27</일><일련번호>11560-1602</일련번호><전용면적>18.24</전용면적><중개사소재지>서울 영등포구</중개사소재지><지번>717</지번><지역코드>11560</지역코드><층>2</층><해제사유발생일> </해제사유발생일><해제여부> </해제여부></item><item><거래금액>     7,600</거래금액><거래유형>중개거래</거래유형><건축년도>2013</건축년도><년>2022</년><도로명>대림로29길</도로명><도로명건물본번호코드>00013</도로명건물본번호코드><도로명건물부번호코드>00000</도로명건물부번호코드><도로명시군구코드>11560</도로명시군구코드><도로명일련번호코드>01</도로명일련번호코드><도로명지상지하코드>0</도로명지상지하코드><도로명코드>4154157</도로명코드><법정동> 대림동</법정동><법정동본번코드>0717</법정동본번코드><법정동부번코드>0000</법정동부번코드><법정동시군구코드>11560</법정동시군구코드><법정동읍면동코드>13300</법정동읍면동코드><법정동지번코드>1</법정동지번코드><아파트>쌍용플래티넘S</아파트><월>9</월><일>27</일><일련번호>11560-1602</일련번호><전용면적>18.24</전용면적><중개사소재지>서울 영등포구</중개사소재지><지번>717</지번><지역코드>11560</지역코드><층>2</층><해제사유발생일> </해제사유발생일><해제여부> </해제여부></item><item><거래금액>     7,600</거래금액><거래유형>중개거래</거래유형><건축년도>2013</건축년도><년>2022</년><도로명>대림로29길</도로명><도로명건물본번호코드>00013</도로명건물본번호코드><도로명건물부번호코드>00000</도로명건물부번호코드><도로명시군구코드>11560</도로명시군구코드><도로명일련번호코드>01</도로명일련번호코드><도로명지상지하코드>0</도로명지상지하코드><도로명코드>4154157</도로명코드><법정동> 대림동</법정동><법정동본번코드>0717</법정동본번코드><법정동부번코드>0000</법정동부번코드><법정동시군구코드>11560</법정동시군구코드><법정동읍면동코드>13300</법정동읍면동코드><법정동지번코드>1</법정동지번코드><아파트>쌍용플래티넘S</아파트><월>9</월><일>27</일><일련번호>11560-1602</일련번호><전용면적>18.24</전용면적><중개사소재지>서울 영등포구</중개사소재지><지번>717</지번><지역코드>11560</지역코드><층>2</층><해제사유발생일> </해제사유발생일><해제여부> </해제여부></item><item><거래금액>     7,600</거래금액><거래유형>중개거래</거래유형><건축년도>2013</건축년도><년>2022</년><도로명>대림로29길</도로명><도로명건물본번호코드>00013</도로명건물본번호코드><도로명건물부번호코드>00000</도로명건물부번호코드><도로명시군구코드>11560</도로명시군구코드><도로명일련번호코드>01</도로명일련번호코드><도로명지상지하코드>0</도로명지상지하코드><도로명코드>4154157</도로명코드><법정동> 대림동</법정동><법정동본번코드>0717</법정동본번코드><법정동부번코드>0000</법정동부번코드><법정동시군구코드>11560</법정동시군구코드><법정동읍면동코드>13300</법정동읍면동코드><법정동지번코드>1</법정동지번코드><아파트>쌍용플래티넘S</아파트><월>9</월><일>27</일><일련번호>11560-1602</일련번호><전용면적>18.24</전용면적><중개사소재지>서울 영등포구</중개사소재지><지번>717</지번><지역코드>11560</지역코드><층>2</층><해제사유발생일> </해제사유발생일><해제여부> </해제여부></item><item><거래금액>     7,600</거래금액><거래유형>중개거래</거래유형><건축년도>2013</건축년도><년>2022</년><도로명>대림로29길</도로명><도로명건물본번호코드>00013</도로명건물본번호코드><도로명건물부번호코드>00000</도로명건물부번호코드><도로명시군구코드>11560</도로명시군구코드><도로명일련번호코드>01</도로명일련번호코드><도로명지상지하코드>0</도로명지상지하코드><도로명코드>4154157</도로명코드><법정동> 대림동</법정동><법정동본번코드>0717</법정동본번코드><법정동부번코드>0000</법정동부번코드><법정동시군구코드>11560</법정동시군구코드><법정동읍면동코드>13300</법정동읍면동코드><법정동지번코드>1</법정동지번코드><아파트>쌍용플래티넘S</아파트><월>9</월><일>28</일><일련번호>11560-1602</일련번호><전용면적>18.24</전용면적><중개사소재지>서울 영등포구</중개사소재지><지번>717</지번><지역코드>11560</지역코드><층>2</층><해제사유발생일> </해제사유발생일><해제여부> </해제여부></item><item><거래금액>     6,700</거래금액><거래유형>중개거래</거래유형><건축년도>2013</건축년도><년>2022</년><도로명>대림로29길</도로명><도로명건물본번호코드>00013</도로명건물본번호코드><도로명건물부번호코드>00000</도로명건물부번호코드><도로명시군구코드>11560</도로명시군구코드><도로명일련번호코드>01</도로명일련번호코드><도로명지상지하코드>0</도로명지상지하코드><도로명코드>4154157</도로명코드><법정동> 대림동</법정동><법정동본번코드>0717</법정동본번코드><법정동부번코드>0000</법정동부번코드><법정동시군구코드>11560</법정동시군구코드><법정동읍면동코드>13300</법정동읍면동코드><법정동지번코드>1</법정동지번코드><아파트>쌍용플래티넘S</아파트><월>9</월><일>28</일><일련번호>11560-1602</일련번호><전용면적>17.48</전용면적><중개사소재지>서울 영등포구</중개사소재지><지번>717</지번><지역코드>11560</지역코드><층>7</층><해제사유발생일> </해제사유발생일><해제여부> </해제여부></item><item><거래금액>     6,700</거래금액><거래유형>중개거래</거래유형><건축년도>2013</건축년도><년>2022</년><도로명>대림로29길</도로명><도로명건물본번호코드>00013</도로명건물본번호코드><도로명건물부번호코드>00000</도로명건물부번호코드><도로명시군구코드>11560</도로명시군구코드><도로명일련번호코드>01</도로명일련번호코드><도로명지상지하코드>0</도로명지상지하코드><도로명코드>4154157</도로명코드><법정동> 대림동</법정동><법정동본번코드>0717</법정동본번코드><법정동부번코드>0000</법정동부번코드><법정동시군구코드>11560</법정동시군구코드><법정동읍면동코드>13300</법정동읍면동코드><법정동지번코드>1</법정동지번코드><아파트>쌍용플래티넘S</아파트><월>9</월><일>28</일><일련번호>11560-1602</일련번호><전용면적>18.24</전용면적><중개사소재지>서울 영등포구</중개사소재지><지번>717</지번><지역코드>11560</지역코드><층>6</층><해제사유발생일> </해제사유발생일><해제여부> </해제여부></item><item><거래금액>     6,700</거래금액><거래유형>중개거래</거래유형><건축년도>2013</건축년도><년>2022</년><도로명>대림로29길</도로명><도로명건물본번호코드>00013</도로명건물본번호코드><도로명건물부번호코드>00000</도로명건물부번호코드><도로명시군구코드>11560</도로명시군구코드><도로명일련번호코드>01</도로명일련번호코드><도로명지상지하코드>0</도로명지상지하코드><도로명코드>4154157</도로명코드><법정동> 대림동</법정동><법정동본번코드>0717</법정동본번코드><법정동부번코드>0000</법정동부번코드><법정동시군구코드>11560</법정동시군구코드><법정동읍면동코드>13300</법정동읍면동코드><법정동지번코드>1</법정동지번코드><아파트>쌍용플래티넘S</아파트><월>9</월><일>28</일><일련번호>11560-1602</일련번호><전용면적>18.24</전용면적><중개사소재지>서울 영등포구</중개사소재지><지번>717</지번><지역코드>11560</지역코드><층>6</층><해제사유발생일> </해제사유발생일><해제여부> </해제여부></item><item><거래금액>     7,600</거래금액><거래유형>중개거래</거래유형><건축년도>2013</건축년도><년>2022</년><도로명>대림로29길</도로명><도로명건물본번호코드>00013</도로명건물본번호코드><도로명건물부번호코드>00000</도로명건물부번호코드><도로명시군구코드>11560</도로명시군구코드><도로명일련번호코드>01</도로명일련번호코드><도로명지상지하코드>0</도로명지상지하코드><도로명코드>4154157</도로명코드><법정동> 대림동</법정동><법정동본번코드>0717</법정동본번코드><법정동부번코드>0000</법정동부번코드><법정동시군구코드>11560</법정동시군구코드><법정동읍면동코드>13300</법정동읍면동코드><법정동지번코드>1</법정동지번코드><아파트>쌍용플래티넘S</아파트><월>9</월><일>28</일><일련번호>11560-1602</일련번호><전용면적>18.24</전용면적><중개사소재지>서울 영등포구</중개사소재지><지번>717</지번><지역코드>11560</지역코드><층>2</층><해제사유발생일> </해제사유발생일><해제여부> </해제여부></item><item><거래금액>     7,600</거래금액><거래유형>중개거래</거래유형><건축년도>2013</건축년도><년>2022</년><도로명>대림로29길</도로명><도로명건물본번호코드>00013</도로명건물본번호코드><도로명건물부번호코드>00000</도로명건물부번호코드><도로명시군구코드>11560</도로명시군구코드><도로명일련번호코드>01</도로명일련번호코드><도로명지상지하코드>0</도로명지상지하코드><도로명코드>4154157</도로명코드><법정동> 대림동</법정동><법정동본번코드>0717</법정동본번코드><법정동부번코드>0000</법정동부번코드><법정동시군구코드>11560</법정동시군구코드><법정동읍면동코드>13300</법정동읍면동코드><법정동지번코드>1</법정동지번코드><아파트>쌍용플래티넘S</아파트><월>9</월><일>28</일><일련번호>11560-1602</일련번호><전용면적>18.24</전용면적><중개사소재지>서울 영등포구</중개사소재지><지번>717</지번><지역코드>11560</지역코드><층>2</층><해제사유발생일> </해제사유발생일><해제여부> </해제여부></item><item><거래금액>     7,600</거래금액><거래유형>중개거래</거래유형><건축년도>2013</건축년도><년>2022</년><도로명>대림로29길</도로명><도로명건물본번호코드>00013</도로명건물본번호코드><도로명건물부번호코드>00000</도로명건물부번호코드><도로명시군구코드>11560</도로명시군구코드><도로명일련번호코드>01</도로명일련번호코드><도로명지상지하코드>0</도로명지상지하코드><도로명코드>4154157</도로명코드><법정동> 대림동</법정동><법정동본번코드>0717</법정동본번코드><법정동부번코드>0000</법정동부번코드><법정동시군구코드>11560</법정동시군구코드><법정동읍면동코드>13300</법정동읍면동코드><법정동지번코드>1</법정동지번코드><아파트>쌍용플래티넘S</아파트><월>9</월><일>28</일><일련번호>11560-1602</일련번호><전용면적>18.24</전용면적><중개사소재지>서울 영등포구</중개사소재지><지번>717</지번><지역코드>11560</지역코드><층>2</층><해제사유발생일> </해제사유발생일><해제여부> </해제여부></item><item><거래금액>     7,600</거래금액><거래유형>중개거래</거래유형><건축년도>2013</건축년도><년>2022</년><도로명>대림로29길</도로명><도로명건물본번호코드>00013</도로명건물본번호코드><도로명건물부번호코드>00000</도로명건물부번호코드><도로명시군구코드>11560</도로명시군구코드><도로명일련번호코드>01</도로명일련번호코드><도로명지상지하코드>0</도로명지상지하코드><도로명코드>4154157</도로명코드><법정동> 대림동</법정동><법정동본번코드>0717</법정동본번코드><법정동부번코드>0000</법정동부번코드><법정동시군구코드>11560</법정동시군구코드><법정동읍면동코드>13300</법정동읍면동코드><법정동지번코드>1</법정동지번코드><아파트>쌍용플래티넘S</아파트><월>9</월><일>28</일><일련번호>11560-1602</일련번호><전용면적>18.24</전용면적><중개사소재지>서울 영등포구</중개사소재지><지번>717</지번><지역코드>11560</지역코드><층>2</층><해제사유발생일> </해제사유발생일><해제여부> </해제여부></item><item><거래금액>     7,600</거래금액><거래유형>중개거래</거래유형><건축년도>2013</건축년도><년>2022</년><도로명>대림로29길</도로명><도로명건물본번호코드>00013</도로명건물본번호코드><도로명건물부번호코드>00000</도로명건물부번호코드><도로명시군구코드>11560</도로명시군구코드><도로명일련번호코드>01</도로명일련번호코드><도로명지상지하코드>0</도로명지상지하코드><도로명코드>4154157</도로명코드><법정동> 대림동</법정동><법정동본번코드>0717</법정동본번코드><법정동부번코드>0000</법정동부번코드><법정동시군구코드>11560</법정동시군구코드><법정동읍면동코드>13300</법정동읍면동코드><법정동지번코드>1</법정동지번코드><아파트>쌍용플래티넘S</아파트><월>9</월><일>28</일><일련번호>11560-1602</일련번호><전용면적>18.24</전용면적><중개사소재지>서울 영등포구</중개사소재지><지번>717</지번><지역코드>11560</지역코드><층>2</층><해제사유발생일> </해제사유발생일><해제여부> </해제여부></item><item><거래금액>     7,600</거래금액><거래유형>중개거래</거래유형><건축년도>2013</건축년도><년>2022</년><도로명>대림로29길</도로명><도로명건물본번호코드>00013</도로명건물본번호코드><도로명건물부번호코드>00000</도로명건물부번호코드><도로명시군구코드>11560</도로명시군구코드><도로명일련번호코드>01</도로명일련번호코드><도로명지상지하코드>0</도로명지상지하코드><도로명코드>4154157</도로명코드><법정동> 대림동</법정동><법정동본번코드>0717</법정동본번코드><법정동부번코드>0000</법정동부번코드><법정동시군구코드>11560</법정동시군구코드><법정동읍면동코드>13300</법정동읍면동코드><법정동지번코드>1</법정동지번코드><아파트>쌍용플래티넘S</아파트><월>9</월><일>28</일><일련번호>11560-1602</일련번호><전용면적>18.24</전용면적><중개사소재지>서울 영등포구</중개사소재지><지번>717</지번><지역코드>11560</지역코드><층>2</층><해제사유발생일> </해제사유발생일><해제여부> </해제여부></item><item><거래금액>     7,600</거래금액><거래유형>중개거래</거래유형><건축년도>2013</건축년도><년>2022</년><도로명>대림로29길</도로명><도로명건물본번호코드>00013</도로명건물본번호코드><도로명건물부번호코드>00000</도로명건물부번호코드><도로명시군구코드>11560</도로명시군구코드><도로명일련번호코드>01</도로명일련번호코드><도로명지상지하코드>0</도로명지상지하코드><도로명코드>4154157</도로명코드><법정동> 대림동</법정동><법정동본번코드>0717</법정동본번코드><법정동부번코드>0000</법정동부번코드><법정동시군구코드>11560</법정동시군구코드><법정동읍면동코드>13300</법정동읍면동코드><법정동지번코드>1</법정동지번코드><아파트>쌍용플래티넘S</아파트><월>9</월><일>28</일><일련번호>11560-1602</일련번호><전용면적>18.24</전용면적><중개사소재지>서울 영등포구</중개사소재지><지번>717</지번><지역코드>11560</지역코드><층>2</층><해제사유발생일> </해제사유발생일><해제여부> </해제여부></item><item><거래금액>     7,600</거래금액><거래유형>중개거래</거래유형><건축년도>2013</건축년도><년>2022</년><도로명>대림로29길</도로명><도로명건물본번호코드>00013</도로명건물본번호코드><도로명건물부번호코드>00000</도로명건물부번호코드><도로명시군구코드>11560</도로명시군구코드><도로명일련번호코드>01</도로명일련번호코드><도로명지상지하코드>0</도로명지상지하코드><도로명코드>4154157</도로명코드><법정동> 대림동</법정동><법정동본번코드>0717</법정동본번코드><법정동부번코드>0000</법정동부번코드><법정동시군구코드>11560</법정동시군구코드><법정동읍면동코드>13300</법정동읍면동코드><법정동지번코드>1</법정동지번코드><아파트>쌍용플래티넘S</아파트><월>9</월><일>28</일><일련번호>11560-1602</일련번호><전용면적>18.24</전용면적><중개사소재지>서울 영등포구</중개사소재지><지번>717</지번><지역코드>11560</지역코드><층>3</층><해제사유발생일> </해제사유발생일><해제여부> </해제여부></item><item><거래금액>     7,600</거래금액><거래유형>중개거래</거래유형><건축년도>2013</건축년도><년>2022</년><도로명>대림로29길</도로명><도로명건물본번호코드>00013</도로명건물본번호코드><도로명건물부번호코드>00000</도로명건물부번호코드><도로명시군구코드>11560</도로명시군구코드><도로명일련번호코드>01</도로명일련번호코드><도로명지상지하코드>0</도로명지상지하코드><도로명코드>4154157</도로명코드><법정동> 대림동</법정동><법정동본번코드>0717</법정동본번코드><법정동부번코드>0000</법정동부번코드><법정동시군구코드>11560</법정동시군구코드><법정동읍면동코드>13300</법정동읍면동코드><법정동지번코드>1</법정동지번코드><아파트>쌍용플래티넘S</아파트><월>9</월><일>28</일><일련번호>11560-1602</일련번호><전용면적>18.24</전용면적><중개사소재지>서울 영등포구</중개사소재지><지번>717</지번><지역코드>11560</지역코드><층>3</층><해제사유발생일> </해제사유발생일><해제여부> </해제여부></item><item><거래금액>     7,600</거래금액><거래유형>중개거래</거래유형><건축년도>2013</건축년도><년>2022</년><도로명>대림로29길</도로명><도로명건물본번호코드>00013</도로명건물본번호코드><도로명건물부번호코드>00000</도로명건물부번호코드><도로명시군구코드>11560</도로명시군구코드><도로명일련번호코드>01</도로명일련번호코드><도로명지상지하코드>0</도로명지상지하코드><도로명코드>4154157</도로명코드><법정동> 대림동</법정동><법정동본번코드>0717</법정동본번코드><법정동부번코드>0000</법정동부번코드><법정동시군구코드>11560</법정동시군구코드><법정동읍면동코드>13300</법정동읍면동코드><법정동지번코드>1</법정동지번코드><아파트>쌍용플래티넘S</아파트><월>9</월><일>28</일><일련번호>11560-1602</일련번호><전용면적>18.24</전용면적><중개사소재지>서울 영등포구</중개사소재지><지번>717</지번><지역코드>11560</지역코드><층>3</층><해제사유발생일>22.10.21</해제사유발생일><해제여부>O</해제여부></item><item><거래금액>     7,600</거래금액><거래유형>중개거래</거래유형><건축년도>2013</건축년도><년>2022</년><도로명>대림로29길</도로명><도로명건물본번호코드>00013</도로명건물본번호코드><도로명건물부번호코드>00000</도로명건물부번호코드><도로명시군구코드>11560</도로명시군구코드><도로명일련번호코드>01</도로명일련번호코드><도로명지상지하코드>0</도로명지상지하코드><도로명코드>4154157</도로명코드><법정동> 대림동</법정동><법정동본번코드>0717</법정동본번코드><법정동부번코드>0000</법정동부번코드><법정동시군구코드>11560</법정동시군구코드><법정동읍면동코드>13300</법정동읍면동코드><법정동지번코드>1</법정동지번코드><아파트>쌍용플래티넘S</아파트><월>9</월><일>28</일><일련번호>11560-1602</일련번호><전용면적>18.24</전용면적><중개사소재지>서울 영등포구</중개사소재지><지번>717</지번><지역코드>11560</지역코드><층>3</층><해제사유발생일>22.11.02</해제사유발생일><해제여부>O</해제여부></item><item><거래금액>     7,600</거래금액><거래유형>중개거래</거래유형><건축년도>2013</건축년도><년>2022</년><도로명>대림로29길</도로명><도로명건물본번호코드>00013</도로명건물본번호코드><도로명건물부번호코드>00000</도로명건물부번호코드><도로명시군구코드>11560</도로명시군구코드><도로명일련번호코드>01</도로명일련번호코드><도로명지상지하코드>0</도로명지상지하코드><도로명코드>4154157</도로명코드><법정동> 대림동</법정동><법정동본번코드>0717</법정동본번코드><법정동부번코드>0000</법정동부번코드><법정동시군구코드>11560</법정동시군구코드><법정동읍면동코드>13300</법정동읍면동코드><법정동지번코드>1</법정동지번코드><아파트>쌍용플래티넘S</아파트><월>9</월><일>28</일><일련번호>11560-1602</일련번호><전용면적>18.24</전용면적><중개사소재지>서울 영등포구</중개사소재지><지번>717</지번><지역코드>11560</지역코드><층>3</층><해제사유발생일> </해제사유발생일><해제여부> </해제여부></item><item><거래금액>     7,600</거래금액><거래유형>중개거래</거래유형><건축년도>2013</건축년도><년>2022</년><도로명>대림로29길</도로명><도로명건물본번호코드>00013</도로명건물본번호코드><도로명건물부번호코드>00000</도로명건물부번호코드><도로명시군구코드>11560</도로명시군구코드><도로명일련번호코드>01</도로명일련번호코드><도로명지상지하코드>0</도로명지상지하코드><도로명코드>4154157</도로명코드><법정동> 대림동</법정동><법정동본번코드>0717</법정동본번코드><법정동부번코드>0000</법정동부번코드><법정동시군구코드>11560</법정동시군구코드><법정동읍면동코드>13300</법정동읍면동코드><법정동지번코드>1</법정동지번코드><아파트>쌍용플래티넘S</아파트><월>9</월><일>28</일><일련번호>11560-1602</일련번호><전용면적>18.24</전용면적><중개사소재지>서울 영등포구</중개사소재지><지번>717</지번><지역코드>11560</지역코드><층>3</층><해제사유발생일> </해제사유발생일><해제여부> </해제여부></item><item><거래금액>     7,600</거래금액><거래유형>중개거래</거래유형><건축년도>2013</건축년도><년>2022</년><도로명>대림로29길</도로명><도로명건물본번호코드>00013</도로명건물본번호코드><도로명건물부번호코드>00000</도로명건물부번호코드><도로명시군구코드>11560</도로명시군구코드><도로명일련번호코드>01</도로명일련번호코드><도로명지상지하코드>0</도로명지상지하코드><도로명코드>4154157</도로명코드><법정동> 대림동</법정동><법정동본번코드>0717</법정동본번코드><법정동부번코드>0000</법정동부번코드><법정동시군구코드>11560</법정동시군구코드><법정동읍면동코드>13300</법정동읍면동코드><법정동지번코드>1</법정동지번코드><아파트>쌍용플래티넘S</아파트><월>9</월><일>28</일><일련번호>11560-1602</일련번호><전용면적>18.24</전용면적><중개사소재지>서울 영등포구</중개사소재지><지번>717</지번><지역코드>11560</지역코드><층>3</층><해제사유발생일> </해제사유발생일><해제여부> </해제여부></item><item><거래금액>     7,600</거래금액><거래유형>중개거래</거래유형><건축년도>2013</건축년도><년>2022</년><도로명>대림로29길</도로명><도로명건물본번호코드>00013</도로명건물본번호코드><도로명건물부번호코드>00000</도로명건물부번호코드><도로명시군구코드>11560</도로명시군구코드><도로명일련번호코드>01</도로명일련번호코드><도로명지상지하코드>0</도로명지상지하코드><도로명코드>4154157</도로명코드><법정동> 대림동</법정동><법정동본번코드>0717</법정동본번코드><법정동부번코드>0000</법정동부번코드><법정동시군구코드>11560</법정동시군구코드><법정동읍면동코드>13300</법정동읍면동코드><법정동지번코드>1</법정동지번코드><아파트>쌍용플래티넘S</아파트><월>9</월><일>28</일><일련번호>11560-1602</일련번호><전용면적>18.24</전용면적><중개사소재지>서울 영등포구</중개사소재지><지번>717</지번><지역코드>11560</지역코드><층>4</층><해제사유발생일> </해제사유발생일><해제여부> </해제여부></item><item><거래금액>     7,600</거래금액><거래유형>중개거래</거래유형><건축년도>2013</건축년도><년>2022</년><도로명>대림로29길</도로명><도로명건물본번호코드>00013</도로명건물본번호코드><도로명건물부번호코드>00000</도로명건물부번호코드><도로명시군구코드>11560</도로명시군구코드><도로명일련번호코드>01</도로명일련번호코드><도로명지상지하코드>0</도로명지상지하코드><도로명코드>4154157</도로명코드><법정동> 대림동</법정동><법정동본번코드>0717</법정동본번코드><법정동부번코드>0000</법정동부번코드><법정동시군구코드>11560</법정동시군구코드><법정동읍면동코드>13300</법정동읍면동코드><법정동지번코드>1</법정동지번코드><아파트>쌍용플래티넘S</아파트><월>9</월><일>29</일><일련번호>11560-1602</일련번호><전용면적>18.24</전용면적><중개사소재지>서울 영등포구</중개사소재지><지번>717</지번><지역코드>11560</지역코드><층>4</층><해제사유발생일> </해제사유발생일><해제여부> </해제여부></item><item><거래금액>     6,700</거래금액><거래유형>중개거래</거래유형><건축년도>2013</건축년도><년>2022</년><도로명>대림로29길</도로명><도로명건물본번호코드>00013</도로명건물본번호코드><도로명건물부번호코드>00000</도로명건물부번호코드><도로명시군구코드>11560</도로명시군구코드><도로명일련번호코드>01</도로명일련번호코드><도로명지상지하코드>0</도로명지상지하코드><도로명코드>4154157</도로명코드><법정동> 대림동</법정동><법정동본번코드>0717</법정동본번코드><법정동부번코드>0000</법정동부번코드><법정동시군구코드>11560</법정동시군구코드><법정동읍면동코드>13300</법정동읍면동코드><법정동지번코드>1</법정동지번코드><아파트>쌍용플래티넘S</아파트><월>9</월><일>29</일><일련번호>11560-1602</일련번호><전용면적>18.24</전용면적><중개사소재지>서울 영등포구</중개사소재지><지번>717</지번><지역코드>11560</지역코드><층>6</층><해제사유발생일> </해제사유발생일><해제여부> </해제여부></item><item><거래금액>     6,700</거래금액><거래유형>중개거래</거래유형><건축년도>2013</건축년도><년>2022</년><도로명>대림로29길</도로명><도로명건물본번호코드>00013</도로명건물본번호코드><도로명건물부번호코드>00000</도로명건물부번호코드><도로명시군구코드>11560</도로명시군구코드><도로명일련번호코드>01</도로명일련번호코드><도로명지상지하코드>0</도로명지상지하코드><도로명코드>4154157</도로명코드><법정동> 대림동</법정동><법정동본번코드>0717</법정동본번코드><법정동부번코드>0000</법정동부번코드><법정동시군구코드>11560</법정동시군구코드><법정동읍면동코드>13300</법정동읍면동코드><법정동지번코드>1</법정동지번코드><아파트>쌍용플래티넘S</아파트><월>9</월><일>29</일><일련번호>11560-1602</일련번호><전용면적>17.48</전용면적><중개사소재지>서울 영등포구</중개사소재지><지번>717</지번><지역코드>11560</지역코드><층>7</층><해제사유발생일> </해제사유발생일><해제여부> </해제여부></item><item><거래금액>     6,700</거래금액><거래유형>중개거래</거래유형><건축년도>2013</건축년도><년>2022</년><도로명>대림로29길</도로명><도로명건물본번호코드>00013</도로명건물본번호코드><도로명건물부번호코드>00000</도로명건물부번호코드><도로명시군구코드>11560</도로명시군구코드><도로명일련번호코드>01</도로명일련번호코드><도로명지상지하코드>0</도로명지상지하코드><도로명코드>4154157</도로명코드><법정동> 대림동</법정동><법정동본번코드>0717</법정동본번코드><법정동부번코드>0000</법정동부번코드><법정동시군구코드>11560</법정동시군구코드><법정동읍면동코드>13300</법정동읍면동코드><법정동지번코드>1</법정동지번코드><아파트>쌍용플래티넘S</아파트><월>9</월><일>29</일><일련번호>11560-1602</일련번호><전용면적>17.48</전용면적><중개사소재지>서울 영등포구</중개사소재지><지번>717</지번><지역코드>11560</지역코드><층>7</층><해제사유발생일> </해제사유발생일><해제여부> </해제여부></item><item><거래금액>     6,700</거래금액><거래유형>중개거래</거래유형><건축년도>2013</건축년도><년>2022</년><도로명>대림로29길</도로명><도로명건물본번호코드>00013</도로명건물본번호코드><도로명건물부번호코드>00000</도로명건물부번호코드><도로명시군구코드>11560</도로명시군구코드><도로명일련번호코드>01</도로명일련번호코드><도로명지상지하코드>0</도로명지상지하코드><도로명코드>4154157</도로명코드><법정동> 대림동</법정동><법정동본번코드>0717</법정동본번코드><법정동부번코드>0000</법정동부번코드><법정동시군구코드>11560</법정동시군구코드><법정동읍면동코드>13300</법정동읍면동코드><법정동지번코드>1</법정동지번코드><아파트>쌍용플래티넘S</아파트><월>9</월><일>29</일><일련번호>11560-1602</일련번호><전용면적>17.48</전용면적><중개사소재지>서울 영등포구</중개사소재지><지번>717</지번><지역코드>11560</지역코드><층>7</층><해제사유발생일> </해제사유발생일><해제여부> </해제여부></item><item><거래금액>     6,700</거래금액><거래유형>중개거래</거래유형><건축년도>2013</건축년도><년>2022</년><도로명>대림로29길</도로명><도로명건물본번호코드>00013</도로명건물본번호코드><도로명건물부번호코드>00000</도로명건물부번호코드><도로명시군구코드>11560</도로명시군구코드><도로명일련번호코드>01</도로명일련번호코드><도로명지상지하코드>0</도로명지상지하코드><도로명코드>4154157</도로명코드><법정동> 대림동</법정동><법정동본번코드>0717</법정동본번코드><법정동부번코드>0000</법정동부번코드><법정동시군구코드>11560</법정동시군구코드><법정동읍면동코드>13300</법정동읍면동코드><법정동지번코드>1</법정동지번코드><아파트>쌍용플래티넘S</아파트><월>9</월><일>29</일><일련번호>11560-1602</일련번호><전용면적>17.48</전용면적><중개사소재지>서울 영등포구</중개사소재지><지번>717</지번><지역코드>11560</지역코드><층>7</층><해제사유발생일> </해제사유발생일><해제여부> </해제여부></item><item><거래금액>     6,700</거래금액><거래유형>중개거래</거래유형><건축년도>2013</건축년도><년>2022</년><도로명>대림로29길</도로명><도로명건물본번호코드>00013</도로명건물본번호코드><도로명건물부번호코드>00000</도로명건물부번호코드><도로명시군구코드>11560</도로명시군구코드><도로명일련번호코드>01</도로명일련번호코드><도로명지상지하코드>0</도로명지상지하코드><도로명코드>4154157</도로명코드><법정동> 대림동</법정동><법정동본번코드>0717</법정동본번코드><법정동부번코드>0000</법정동부번코드><법정동시군구코드>11560</법정동시군구코드><법정동읍면동코드>13300</법정동읍면동코드><법정동지번코드>1</법정동지번코드><아파트>쌍용플래티넘S</아파트><월>9</월><일>29</일><일련번호>11560-1602</일련번호><전용면적>17.48</전용면적><중개사소재지>서울 영등포구</중개사소재지><지번>717</지번><지역코드>11560</지역코드><층>7</층><해제사유발생일> </해제사유발생일><해제여부> </해제여부></item><item><거래금액>     6,700</거래금액><거래유형>중개거래</거래유형><건축년도>2013</건축년도><년>2022</년><도로명>대림로29길</도로명><도로명건물본번호코드>00013</도로명건물본번호코드><도로명건물부번호코드>00000</도로명건물부번호코드><도로명시군구코드>11560</도로명시군구코드><도로명일련번호코드>01</도로명일련번호코드><도로명지상지하코드>0</도로명지상지하코드><도로명코드>4154157</도로명코드><법정동> 대림동</법정동><법정동본번코드>0717</법정동본번코드><법정동부번코드>0000</법정동부번코드><법정동시군구코드>11560</법정동시군구코드><법정동읍면동코드>13300</법정동읍면동코드><법정동지번코드>1</법정동지번코드><아파트>쌍용플래티넘S</아파트><월>9</월><일>29</일><일련번호>11560-1602</일련번호><전용면적>18.24</전용면적><중개사소재지>서울 영등포구</중개사소재지><지번>717</지번><지역코드>11560</지역코드><층>8</층><해제사유발생일> </해제사유발생일><해제여부> </해제여부></item></items><numOfRows>999</numOfRows><pageNo>1</pageNo><totalCount>73</totalCount></body></response>