<?xml version="1.0" encoding="UTF-8" standalone="yes"?><response><header><resultCode>00</resultCode><resultMsg>NORMAL SERVICE.</resultMsg></header><body><items><item><거래금액>    65,000</거래금액><거래유형>중개거래</거래유형><건축년도>2002</건축년도><년>2023</년><도로명>영등포로62길</도로명><도로명건물본번호코드>00042</도로명건물본번호코드><도로명건물부번호코드>00000</도로명건물부번호코드><도로명시군구코드>11560</도로명시군구코드><도로명일련번호코드>01</도로명일련번호코드><도로명지상지하코드>0</도로명지상지하코드><도로명코드>4154735</도로명코드><법정동> 영등포동</법정동><법정동본번코드>0648</법정동본번코드><법정동부번코드>0000</법정동부번코드><법정동시군구코드>11560</법정동시군구코드><법정동읍면동코드>10100</법정동읍면동코드><법정동지번코드>1</법정동지번코드><아파트>순영웰라이빌</아파트><월>1</월><일>13</일><일련번호>11560-3</일련번호><전용면적>84.88</전용면적><중개사소재지>서울 영등포구</중개사소재지><지번>648</지번><지역코드>11560</지역코드><층>14</층><해제사유발생일> </해제사유발생일><해제여부> </해제여부></item><item><거래금액>    13,500</거래금액><거래유형>중개거래</거래유형><건축년도>2013</건축년도><년>2023</년><도로명>경인로</도로명><도로명건물본번호코드>00882</도로명건물본번호코드><도로명건물부번호코드>00000</도로명건물부번호코드><도로명시군구코드>11560</도로명시군구코드><도로명일련번호코드>02</도로명일련번호코드><도로명지상지하코드>0</도로명지상지하코드><도로명코드>3000028</도로명코드><법정동> 영등포동1가</법정동><법정동본번코드>0113</법정동본번코드><법정동부번코드>0001</법정동부번코드><법정동시군구코드>11560</법정동시군구코드><법정동읍면동코드>10200</법정동읍면동코드><법정동지번코드>1</법정동지번코드><아파트>여의도씨티아이</아파트><월>1</월><일>4</일><일련번호>11560-1637</일련번호><전용면적>12.59</전용면적><중개사소재지>서울 영등포구</중개사소재지><지번>113-1</지번><지역코드>11560</지역코드><층>15</층><해제사유발생일> </해제사유발생일><해제여부> </해제여부></item><item><거래금액>    13,400</거래금액><거래유형>중개거래</거래유형><건축년도>2013</건축년도><년>2023</년><도로명>경인로</도로명><도로명건물본번호코드>00882</도로명건물본번호코드><도로명건물부번호코드>00000</도로명건물부번호코드><도로명시군구코드>11560</도로명시군구코드><도로명일련번호코드>02</도로명일련번호코드><도로명지상지하코드>0</도로명지상지하코드><도로명코드>3000028</도로명코드><법정동> 영등포동1가</법정동><법정동본번코드>0113</법정동본번코드><법정동부번코드>0001</법정동부번코드><법정동시군구코드>11560</법정동시군구코드><법정동읍면동코드>10200</법정동읍면동코드><법정동지번코드>1</법정동지번코드><아파트>여의도씨티아이</아파트><월>1</월><일>4</일><일련번호>11560-1637</일련번호><전용면적>12.89</전용면적><중개사소재지>서울 마포구</중개사소재지><지번>113-1</지번><지역코드>11560</지역코드><층>16</층><해제사유발생일> </해제사유발생일><해제여부> </해제여부></item><item><거래금액>    13,250</거래금액><거래유형>중개거래</거래유형><건축년도>2013</건축년도><년>2023</년><도로명>경인로</도로명><도로명건물본번호코드>00882</도로명건물본번호코드><도로명건물부번호코드>00000</도로명건물부번호코드><도로명시군구코드>11560</도로명시군구코드><도로명일련번호코드>02</도로명일련번호코드><도로명지상지하코드>0</도로명지상지하코드><도로명코드>3000028</도로명코드><법정동> 영등포동1가</법정동><법정동본번코드>0113</법정동본번코드><법정동부번코드>0001</법정동부번코드><법정동시군구코드>11560</법정동시군구코드><법정동읍면동코드>10200</법정동읍면동코드><법정동지번코드>1</법정동지번코드><아파트>여의도씨티아이</아파트><월>1</월><일>4</일><일련번호>11560-1637</일련번호><전용면적>12.59</전용면적><중개사소재지>서울 영등포구</중개사소재지><지번>113-1</지번><지역코드>11560</지역코드><층>16</층><해제사유발생일> </해제사유발생일><해제여부> </해제여부></item><item><거래금액>    13,300</거래금액><거래유형>중개거래</거래유형><건축년도>2013</건축년도><년>2023</년><도로명>경인로112길</도로명><도로명건물본번호코드>00004</도로명건물본번호코드><도로명건물부번호코드>00007</도로명건물부번호코드><도로명시군구코드>11560</도로명시군구코드><도로명일련번호코드>01</도로명일련번호코드><도로명지상지하코드>0</도로명지상지하코드><도로명코드>4154042</도로명코드><법정동> 영등포동1가</법정동><법정동본번코드>0075</법정동본번코드><법정동부번코드>0004</법정동부번코드><법정동시군구코드>11560</법정동시군구코드><법정동읍면동코드>10200</법정동읍면동코드><법정동지번코드>1</법정동지번코드><아파트>스테이72여의도</아파트><월>1</월><일>7</일><일련번호>11560-1607</일련번호><전용면적>12.4</전용면적><중개사소재지>서울 관악구</중개사소재지><지번>75-4</지번><지역코드>11560</지역코드><층>11</층><해제사유발생일> </해제사유발생일><해제여부> </해제여부></item><item><거래금액>    36,000</거래금액><거래유형>중개거래</거래유형><건축년도>2022</건축년도><년>2023</년><도로명>버드나루로</도로명><도로명건물본번호코드>00005</도로명건물본번호코드><도로명건물부번호코드>00000</도로명건물부번호코드><도로명시군구코드>11560</도로명시군구코드><도로명일련번호코드>00</도로명일련번호코드><도로명지상지하코드>0</도로명지상지하코드><도로명코드>3118010</도로명코드><법정동> 영등포동2가</법정동><법정동본번코드>0139</법정동본번코드><법정동부번코드>0000</법정동부번코드><법정동시군구코드>11560</법정동시군구코드><법정동읍면동코드>10300</법정동읍면동코드><법정동지번코드>1</법정동지번코드><아파트>여의도리미티오148</아파트><월>1</월><일>13</일><일련번호>11560-2270</일련번호><전용면적>23.8902</전용면적><중개사소재지>서울 강남구</중개사소재지><지번>139</지번><지역코드>11560</지역코드><층>18</층><해제사유발생일> </해제사유발생일><해제여부> </해제여부></item><item><거래금액>    95,000</거래금액><거래유형>중개거래</거래유형><건축년도>2020</건축년도><년>2023</년><도로명>국회대로50길</도로명><도로명건물본번호코드>00020</도로명건물본번호코드><도로명건물부번호코드>00000</도로명건물부번호코드><도로명시군구코드>11560</도로명시군구코드><도로명일련번호코드>00</도로명일련번호코드><도로명지상지하코드>0</도로명지상지하코드><도로명코드>4154080</도로명코드><법정동> 영등포동7가</법정동><법정동본번코드>0208</법정동본번코드><법정동부번코드>0000</법정동부번코드><법정동시군구코드>11560</법정동시군구코드><법정동읍면동코드>10800</법정동읍면동코드><법정동지번코드>1</법정동지번코드><아파트>포레나영등포센트럴</아파트><월>1</월><일>11</일><일련번호>11560-2164</일련번호><전용면적>59.8976</전용면적><중개사소재지>서울 영등포구</중개사소재지><지번>208</지번><지역코드>11560</지역코드><층>11</층><해제사유발생일> </해제사유발생일><해제여부> </해제여부></item><item><거래금액>    13,300</거래금액><거래유형>중개거래</거래유형><건축년도>2012</건축년도><년>2023</년><도로명>버드나루로</도로명><도로명건물본번호코드>00085</도로명건물본번호코드><도로명건물부번호코드>00000</도로명건물부번호코드><도로명시군구코드>11560</도로명시군구코드><도로명일련번호코드>02</도로명일련번호코드><도로명지상지하코드>0</도로명지상지하코드><도로명코드>3118010</도로명코드><법정동> 영등포동7가</법정동><법정동본번코드>0094</법정동본번코드><법정동부번코드>0051</법정동부번코드><법정동시군구코드>11560</법정동시군구코드><법정동읍면동코드>10800</법정동읍면동코드><법정동지번코드>1</법정동지번코드><아파트>훼미리하우스117</아파트><월>1</월><일>14</일><일련번호>11560-1530</일련번호><전용면적>16.98</전용면적><중개사소재지>서울 영등포구</중개사소재지><지번>94-51</지번><지역코드>11560</지역코드><층>9</층><해제사유발생일> </해제사유발생일><해제여부> </해제여부></item><item><거래금액>    95,000</거래금액><거래유형>중개거래</거래유형><건축년도>2020</건축년도><년>2023</년><도로명>국회대로50길</도로명><도로명건물본번호코드>00020</도로명건물본번호코드><도로명건물부번호코드>00000</도로명건물부번호코드><도로명시군구코드>11560</도로명시군구코드><도로명일련번호코드>00</도로명일련번호코드><도로명지상지하코드>0</도로명지상지하코드><도로명코드>4154080</도로명코드><법정동> 영등포동7가</법정동><법정동본번코드>0208</법정동본번코드><법정동부번코드>0000</법정동부번코드><법정동시군구코드>11560</법정동시군구코드><법정동읍면동코드>10800</법정동읍면동코드><법정동지번코드>1</법정동지번코드><아파트>포레나영등포센트럴</아파트><월>1</월><일>17</일><일련번호>11560-2164</일련번호><전용면적>59.8976</전용면적><중개사소재지>서울 영등포구</중개사소재지><지번>208</지번><지역코드>11560</지역코드><층>11</층><해제사유발생일>23.02.27</해제사유발생일><해제여부>O</해제여부></item><item><거래금액>   225,000</거래금액><거래유형>중개거래</거래유형><건축년도>1978</건축년도><년>2023</년><도로명>여의나루로</도로명><도로명건물본번호코드>00007</도로명건물본번호코드><도로명건물부번호코드>00000</도로명건물부번호코드><도로명시군구코드>11560</도로명시군구코드><도로명일련번호코드>01</도로명일련번호코드><도로명지상지하코드>0</도로명지상지하코드><도로명코드>3118019</도로명코드><법정동> 여의도동</법정동><법정동본번코드>0028</법정동본번코드><법정동부번코드>0000</법정동부번코드><법정동시군구코드>11560</법정동시군구코드><법정동읍면동코드>11000</법정동읍면동코드><법정동지번코드>1</법정동지번코드><아파트>광장</아파트><월>1</월><일>5</일><일련번호>11560-9</일련번호><전용면적>141.75</전용면적><중개사소재지>서울 영등포구</중개사소재지><지번>28</지번><지역코드>11560</지역코드><층>1</층><해제사유발생일> </해제사유발생일><해제여부> </해제여부></item><item><거래금액>   150,000</거래금액><거래유형>중개거래</거래유형><건축년도>1971</건축년도><년>2023</년><도로명>63로</도로명><도로명건물본번호코드>00045</도로명건물본번호코드><도로명건물부번호코드>00000</도로명건물부번호코드><도로명시군구코드>11560</도로명시군구코드><도로명일련번호코드>01</도로명일련번호코드><도로명지상지하코드>0</도로명지상지하코드><도로명코드>3118001</도로명코드><법정동> 여의도동</법정동><법정동본번코드>0050</법정동본번코드><법정동부번코드>0000</법정동부번코드><법정동시군구코드>11560</법정동시군구코드><법정동읍면동코드>11000</법정동읍면동코드><법정동지번코드>1</법정동지번코드><아파트>시범</아파트><월>1</월><일>9</일><일련번호>11560-20</일련번호><전용면적>79.24</전용면적><중개사소재지>서울 영등포구</중개사소재지><지번>50</지번><지역코드>11560</지역코드><층>8</층><해제사유발생일> </해제사유발생일><해제여부> </해제여부></item><item><거래금액>   180,000</거래금액><거래유형>중개거래</거래유형><건축년도>2005</건축년도><년>2023</년><도로명>국제금융로</도로명><도로명건물본번호코드>00086</도로명건물본번호코드><도로명건물부번호코드>00000</도로명건물부번호코드><도로명시군구코드>11560</도로명시군구코드><도로명일련번호코드>01</도로명일련번호코드><도로명지상지하코드>0</도로명지상지하코드><도로명코드>3118002</도로명코드><법정동> 여의도동</법정동><법정동본번코드>0043</법정동본번코드><법정동부번코드>0004</법정동부번코드><법정동시군구코드>11560</법정동시군구코드><법정동읍면동코드>11000</법정동읍면동코드><법정동지번코드>1</법정동지번코드><아파트>롯데캐슬아이비</아파트><월>1</월><일>9</일><일련번호>11560-1247</일련번호><전용면적>150.8</전용면적><중개사소재지>서울 영등포구</중개사소재지><지번>43-4</지번><지역코드>11560</지역코드><층>11</층><해제사유발생일> </해제사유발생일><해제여부> </해제여부></item><item><거래금액>   200,000</거래금액><거래유형>중개거래</거래유형><건축년도>1975</건축년도><년>2023</년><도로명>국제금융로7길</도로명><도로명건물본번호코드>00027</도로명건물본번호코드><도로명건물부번호코드>00000</도로명건물부번호코드><도로명시군구코드>11560</도로명시군구코드><도로명일련번호코드>01</도로명일련번호코드><도로명지상지하코드>0</도로명지상지하코드><도로명코드>4154066</도로명코드><법정동> 여의도동</법정동><법정동본번코드>0030</법정동본번코드><법정동부번코드>0002</법정동부번코드><법정동시군구코드>11560</법정동시군구코드><법정동읍면동코드>11000</법정동읍면동코드><법정동지번코드>1</법정동지번코드><아파트>삼부</아파트><월>1</월><일>10</일><일련번호>11560-15</일련번호><전용면적>106.38</전용면적><중개사소재지>서울 영등포구</중개사소재지><지번>30-2</지번><지역코드>11560</지역코드><층>2</층><해제사유발생일> </해제사유발생일><해제여부> </해제여부></item><item><거래금액>   180,000</거래금액><거래유형>중개거래</거래유형><건축년도>1978</건축년도><년>2023</년><도로명>의사당대로</도로명><도로명건물본번호코드>00110</도로명건물본번호코드><도로명건물부번호코드>00000</도로명건물부번호코드><도로명시군구코드>11560</도로명시군구코드><도로명일련번호코드>01</도로명일련번호코드><도로명지상지하코드>0</도로명지상지하코드><도로명코드>2118002</도로명코드><법정동> 여의도동</법정동><법정동본번코드>0037</법정동본번코드><법정동부번코드>0000</법정동부번코드><법정동시군구코드>11560</법정동시군구코드><법정동읍면동코드>11000</법정동읍면동코드><법정동지번코드>1</법정동지번코드><아파트>미성</아파트><월>1</월><일>11</일><일련번호>11560-13</일련번호><전용면적>101.29</전용면적><중개사소재지>서울 영등포구</중개사소재지><지번>37</지번><지역코드>11560</지역코드><층>9</층><해제사유발생일> </해제사유발생일><해제여부> </해제여부></item><item><거래금액>   180,000</거래금액><거래유형>중개거래</거래유형><건축년도>1978</건축년도><년>2023</년><도로명>의사당대로</도로명><도로명건물본번호코드>00110</도로명건물본번호코드><도로명건물부번호코드>00000</도로명건물부번호코드><도로명시군구코드>11560</도로명시군구코드><도로명일련번호코드>01</도로명일련번호코드><도로명지상지하코드>0</도로명지상지하코드><도로명코드>2118002</도로명코드><법정동> 여의도동</법정동><법정동본번코드>0037</법정동본번코드><법정동부번코드>0000</법정동부번코드><법정동시군구코드>11560</법정동시군구코드><법정동읍면동코드>11000</법정동읍면동코드><법정동지번코드>1</법정동지번코드><아파트>미성</아파트><월>1</월><일>11</일><일련번호>11560-13</일련번호><전용면적>101.29</전용면적><중개사소재지>서울 영등포구</중개사소재지><지번>37</지번><지역코드>11560</지역코드><층>9</층><해제사유발생일>23.01.20</해제사유발생일><해제여부>O</해제여부></item><item><거래금액>   204,000</거래금액><거래유형>중개거래</거래유형><건축년도>1971</건축년도><년>2023</년><도로명>63로</도로명><도로명건물본번호코드>00045</도로명건물본번호코드><도로명건물부번호코드>00000</도로명건물부번호코드><도로명시군구코드>11560</도로명시군구코드><도로명일련번호코드>01</도로명일련번호코드><도로명지상지하코드>0</도로명지상지하코드><도로명코드>3118001</도로명코드><법정동> 여의도동</법정동><법정동본번코드>0050</법정동본번코드><법정동부번코드>0000</법정동부번코드><법정동시군구코드>11560</법정동시군구코드><법정동읍면동코드>11000</법정동읍면동코드><법정동지번코드>1</법정동지번코드><아파트>시범</아파트><월>1</월><일>19</일><일련번호>11560-20</일련번호><전용면적>118.12</전용면적><중개사소재지>서울 영등포구</중개사소재지><지번>50</지번><지역코드>11560</지역코드><층>3</층><해제사유발생일> </해제사유발생일><해제여부> </해제여부></item><item><거래금액>   160,000</거래금액><거래유형>중개거래</거래유형><건축년도>1971</건축년도><년>2023</년><도로명>63로</도로명><도로명건물본번호코드>00045</도로명건물본번호코드><도로명건물부번호코드>00000</도로명건물부번호코드><도로명시군구코드>11560</도로명시군구코드><도로명일련번호코드>01</도로명일련번호코드><도로명지상지하코드>0</도로명지상지하코드><도로명코드>3118001</도로명코드><법정동> 여의도동</법정동><법정동본번코드>0050</법정동본번코드><법정동부번코드>0000</법정동부번코드><법정동시군구코드>11560</법정동시군구코드><법정동읍면동코드>11000</법정동읍면동코드><법정동지번코드>1</법정동지번코드><아파트>시범</아파트><월>1</월><일>26</일><일련번호>11560-20</일련번호><전용면적>79.24</전용면적><중개사소재지>서울 영등포구</중개사소재지><지번>50</지번><지역코드>11560</지역코드><층>4</층><해제사유발생일> </해제사유발생일><해제여부> </해제여부></item><item><거래금액>   280,000</거래금액><거래유형>중개거래</거래유형><건축년도>1975</건축년도><년>2023</년><도로명>국제금융로</도로명><도로명건물본번호코드>00079</도로명건물본번호코드><도로명건물부번호코드>00000</도로명건물부번호코드><도로명시군구코드>11560</도로명시군구코드><도로명일련번호코드>01</도로명일련번호코드><도로명지상지하코드>0</도로명지상지하코드><도로명코드>3118002</도로명코드><법정동> 여의도동</법정동><법정동본번코드>0042</법정동본번코드><법정동부번코드>0000</법정동부번코드><법정동시군구코드>11560</법정동시군구코드><법정동읍면동코드>11000</법정동읍면동코드><법정동지번코드>1</법정동지번코드><아파트>한양</아파트><월>1</월><일>28</일><일련번호>11560-26</일련번호><전용면적>193.03</전용면적><중개사소재지>서울 영등포구</중개사소재지><지번>42</지번><지역코드>11560</지역코드><층>7</층><해제사유발생일> </해제사유발생일><해제여부> </해제여부></item><item><거래금액>   100,000</거래금액><거래유형>중개거래</거래유형><건축년도>1994</건축년도><년>2023</년><도로명>당산로</도로명><도로명건물본번호코드>00095</도로명건물본번호코드><도로명건물부번호코드>00000</도로명건물부번호코드><도로명시군구코드>11560</도로명시군구코드><도로명일련번호코드>02</도로명일련번호코드><도로명지상지하코드>0</도로명지상지하코드><도로명코드>3118004</도로명코드><법정동> 당산동2가</법정동><법정동본번코드>0164</법정동본번코드><법정동부번코드>0000</법정동부번코드><법정동시군구코드>11560</법정동시군구코드><법정동읍면동코드>11200</법정동읍면동코드><법정동지번코드>1</법정동지번코드><아파트>당산2가현대홈타운</아파트><월>1</월><일>21</일><일련번호>11560-31</일련번호><전용면적>82.77</전용면적><중개사소재지>서울 영등포구</중개사소재지><지번>164</지번><지역코드>11560</지역코드><층>15</층><해제사유발생일> </해제사유발생일><해제여부> </해제여부></item><item><거래금액>    97,000</거래금액><거래유형>중개거래</거래유형><건축년도>1994</건축년도><년>2023</년><도로명>당산로</도로명><도로명건물본번호코드>00095</도로명건물본번호코드><도로명건물부번호코드>00000</도로명건물부번호코드><도로명시군구코드>11560</도로명시군구코드><도로명일련번호코드>02</도로명일련번호코드><도로명지상지하코드>0</도로명지상지하코드><도로명코드>3118004</도로명코드><법정동> 당산동2가</법정동><법정동본번코드>0164</법정동본번코드><법정동부번코드>0000</법정동부번코드><법정동시군구코드>11560</법정동시군구코드><법정동읍면동코드>11200</법정동읍면동코드><법정동지번코드>1</법정동지번코드><아파트>당산2가현대홈타운</아파트><월>1</월><일>28</일><일련번호>11560-31</일련번호><전용면적>82.77</전용면적><중개사소재지>서울 영등포구</중개사소재지><지번>164</지번><지역코드>11560</지역코드><층>18</층><해제사유발생일> </해제사유발생일><해제여부> </해제여부></item><item><거래금액>    56,500</거래금액><거래유형>중개거래</거래유형><건축년도>1999</건축년도><년>2023</년><도로명>영등포로</도로명><도로명건물본번호코드>00106</도로명건물본번호코드><도로명건물부번호코드>00000</도로명건물부번호코드><도로명시군구코드>11560</도로명시군구코드><도로명일련번호코드>07</도로명일련번호코드><도로명지상지하코드>0</도로명지상지하코드><도로명코드>3118022</도로명코드><법정동> 당산동2가</법정동><법정동본번코드>0016</법정동본번코드><법정동부번코드>0001</법정동부번코드><법정동시군구코드>11560</법정동시군구코드><법정동읍면동코드>11200</법정동읍면동코드><법정동지번코드>1</법정동지번코드><아파트>당산대우</아파트><월>1</월><일>30</일><일련번호>11560-152</일련번호><전용면적>45.55</전용면적><중개사소재지>서울 영등포구</중개사소재지><지번>16-1</지번><지역코드>11560</지역코드><층>21</층><해제사유발생일> </해제사유발생일><해제여부> </해제여부></item><item><거래금액>    67,500</거래금액><거래유형>중개거래</거래유형><건축년도>2014</건축년도><년>2023</년><도로명>양산로25길</도로명><도로명건물본번호코드>00008</도로명건물본번호코드><도로명건물부번호코드>00000</도로명건물부번호코드><도로명시군구코드>11560</도로명시군구코드><도로명일련번호코드>01</도로명일련번호코드><도로명지상지하코드>0</도로명지상지하코드><도로명코드>4154594</도로명코드><법정동> 당산동3가</법정동><법정동본번코드>0566</법정동본번코드><법정동부번코드>0000</법정동부번코드><법정동시군구코드>11560</법정동시군구코드><법정동읍면동코드>11300</법정동읍면동코드><법정동지번코드>1</법정동지번코드><아파트>당산계룡리슈빌2단지</아파트><월>1</월><일>13</일><일련번호>11560-1681</일련번호><전용면적>42.47</전용면적><중개사소재지>서울 영등포구</중개사소재지><지번>566</지번><지역코드>11560</지역코드><층>12</층><해제사유발생일> </해제사유발생일><해제여부> </해제여부></item><item><거래금액>    85,000</거래금액><거래유형>중개거래</거래유형><건축년도>1988</건축년도><년>2023</년><도로명>당산로41길</도로명><도로명건물본번호코드>00023</도로명건물본번호코드><도로명건물부번호코드>00000</도로명건물부번호코드><도로명시군구코드>11560</도로명시군구코드><도로명일련번호코드>01</도로명일련번호코드><도로명지상지하코드>0</도로명지상지하코드><도로명코드>4154119</도로명코드><법정동> 당산동4가</법정동><법정동본번코드>0088</법정동본번코드><법정동부번코드>0000</법정동부번코드><법정동시군구코드>11560</법정동시군구코드><법정동읍면동코드>11400</법정동읍면동코드><법정동지번코드>1</법정동지번코드><아파트>당산현대3차</아파트><월>1</월><일>16</일><일련번호>11560-38</일련번호><전용면적>59.26</전용면적><중개사소재지>서울 서초구, 서울 영등포구</중개사소재지><지번>88</지번><지역코드>11560</지역코드><층>7</층><해제사유발생일> </해제사유발생일><해제여부> </해제여부></item><item><거래금액>    88,000</거래금액><거래유형>중개거래</거래유형><건축년도>2000</건축년도><년>2023</년><도로명>당산로42길</도로명><도로명건물본번호코드>00016</도로명건물본번호코드><도로명건물부번호코드>00000</도로명건물부번호코드><도로명시군구코드>11560</도로명시군구코드><도로명일련번호코드>01</도로명일련번호코드><도로명지상지하코드>0</도로명지상지하코드><도로명코드>4154121</도로명코드><법정동> 당산동4가</법정동><법정동본번코드>0030</법정동본번코드><법정동부번코드>0001</법정동부번코드><법정동시군구코드>11560</법정동시군구코드><법정동읍면동코드>11400</법정동읍면동코드><법정동지번코드>1</법정동지번코드><아파트>당산현대5차</아파트><월>1</월><일>28</일><일련번호>11560-40</일련번호><전용면적>59.37</전용면적><중개사소재지>서울 영등포구</중개사소재지><지번>30-1</지번><지역코드>11560</지역코드><층>3</층><해제사유발생일> </해제사유발생일><해제여부> </해제여부></item><item><거래금액>    80,000</거래금액><거래유형>중개거래</거래유형><건축년도>1995</건축년도><년>2023</년><도로명>당산로54길</도로명><도로명건물본번호코드>00011</도로명건물본번호코드><도로명건물부번호코드>00000</도로명건물부번호코드><도로명시군구코드>11560</도로명시군구코드><도로명일련번호코드>02</도로명일련번호코드><도로명지상지하코드>0</도로명지상지하코드><도로명코드>4154134</도로명코드><법정동> 당산동</법정동><법정동본번코드>0374</법정동본번코드><법정동부번코드>0000</법정동부번코드><법정동시군구코드>11560</법정동시군구코드><법정동읍면동코드>11700</법정동읍면동코드><법정동지번코드>1</법정동지번코드><아파트>래미안당산1차</아파트><월>1</월><일>16</일><일련번호>11560-49</일련번호><전용면적>59.97</전용면적><중개사소재지>서울 영등포구</중개사소재지><지번>374</지번><지역코드>11560</지역코드><층>8</층><해제사유발생일> </해제사유발생일><해제여부> </해제여부></item><item><거래금액>    48,000</거래금액><거래유형>중개거래</거래유형><건축년도>2015</건축년도><년>2023</년><도로명>영등포로20길</도로명><도로명건물본번호코드>00020</도로명건물본번호코드><도로명건물부번호코드>00000</도로명건물부번호코드><도로명시군구코드>11560</도로명시군구코드><도로명일련번호코드>01</도로명일련번호코드><도로명지상지하코드>0</도로명지상지하코드><도로명코드>4154703</도로명코드><법정동> 문래동3가</법정동><법정동본번코드>0099</법정동본번코드><법정동부번코드>0000</법정동부번코드><법정동시군구코드>11560</법정동시군구코드><법정동읍면동코드>12100</법정동읍면동코드><법정동지번코드>1</법정동지번코드><아파트>예지팰리스77차</아파트><월>1</월><일>7</일><일련번호>11560-1762</일련번호><전용면적>52.96</전용면적><중개사소재지>서울 광진구, 서울 영등포구</중개사소재지><지번>99</지번><지역코드>11560</지역코드><층>11</층><해제사유발생일> </해제사유발생일><해제여부> </해제여부></item><item><거래금액>   110,000</거래금액><거래유형>중개거래</거래유형><건축년도>2001</건축년도><년>2023</년><도로명>당산로4길</도로명><도로명건물본번호코드>00012</도로명건물본번호코드><도로명건물부번호코드>00000</도로명건물부번호코드><도로명시군구코드>11560</도로명시군구코드><도로명일련번호코드>01</도로명일련번호코드><도로명지상지하코드>0</도로명지상지하코드><도로명코드>4154129</도로명코드><법정동> 문래동3가</법정동><법정동본번코드>0054</법정동본번코드><법정동부번코드>0000</법정동부번코드><법정동시군구코드>11560</법정동시군구코드><법정동읍면동코드>12100</법정동읍면동코드><법정동지번코드>1</법정동지번코드><아파트>문래자이</아파트><월>1</월><일>29</일><일련번호>11560-60</일련번호><전용면적>84.98</전용면적><중개사소재지>서울 영등포구</중개사소재지><지번>54</지번><지역코드>11560</지역코드><층>1</층><해제사유발생일> </해제사유발생일><해제여부> </해제여부></item><item><거래금액>    77,000</거래금액><거래유형>중개거래</거래유형><건축년도>1998</건축년도><년>2023</년><도로명>영등포로3길</도로명><도로명건물본번호코드>00009</도로명건물본번호코드><도로명건물부번호코드>00000</도로명건물부번호코드><도로명시군구코드>11560</도로명시군구코드><도로명일련번호코드>01</도로명일련번호코드><도로명지상지하코드>0</도로명지상지하코드><도로명코드>4154719</도로명코드><법정동> 양평동2가</법정동><법정동본번코드>0038</법정동본번코드><법정동부번코드>0001</법정동부번코드><법정동시군구코드>11560</법정동시군구코드><법정동읍면동코드>12600</법정동읍면동코드><법정동지번코드>1</법정동지번코드><아파트>삼성래미안</아파트><월>1</월><일>29</일><일련번호>11560-84</일련번호><전용면적>59.4</전용면적><중개사소재지>서울 구로구, 서울 영등포구</중개사소재지><지번>38-1</지번><지역코드>11560</지역코드><층>17</층><해제사유발생일> </해제사유발생일><해제여부> </해제여부></item><item><거래금액>    72,000</거래금액><거래유형>중개거래</거래유형><건축년도>1996</건축년도><년>2023</년><도로명>양평로24길</도로명><도로명건물본번호코드>00009</도로명건물본번호코드><도로명건물부번호코드>00000</도로명건물부번호코드><도로명시군구코드>11560</도로명시군구코드><도로명일련번호코드>01</도로명일련번호코드><도로명지상지하코드>0</도로명지상지하코드><도로명코드>4154625</도로명코드><법정동> 양평동5가</법정동><법정동본번코드>0076</법정동본번코드><법정동부번코드>0000</법정동부번코드><법정동시군구코드>11560</법정동시군구코드><법정동읍면동코드>12900</법정동읍면동코드><법정동지번코드>1</법정동지번코드><아파트>양평한신</아파트><월>1</월><일>29</일><일련번호>11560-98</일련번호><전용면적>59.94</전용면적><중개사소재지>경기 수원영통구, 서울 영등포구</중개사소재지><지번>76</지번><지역코드>11560</지역코드><층>8</층><해제사유발생일> </해제사유발생일><해제여부> </해제여부></item><item><거래금액>    80,000</거래금액><거래유형>중개거래</거래유형><건축년도>2000</건축년도><년>2023</년><도로명>양평로30가길</도로명><도로명건물본번호코드>00015</도로명건물본번호코드><도로명건물부번호코드>00000</도로명건물부번호코드><도로명시군구코드>11560</도로명시군구코드><도로명일련번호코드>01</도로명일련번호코드><도로명지상지하코드>0</도로명지상지하코드><도로명코드>4154636</도로명코드><법정동> 양평동6가</법정동><법정동본번코드>0100</법정동본번코드><법정동부번코드>0000</법정동부번코드><법정동시군구코드>11560</법정동시군구코드><법정동읍면동코드>13000</법정동읍면동코드><법정동지번코드>1</법정동지번코드><아파트>동양</아파트><월>1</월><일>12</일><일련번호>11560-99</일련번호><전용면적>84.85</전용면적><중개사소재지>서울 영등포구</중개사소재지><지번>100</지번><지역코드>11560</지역코드><층>8</층><해제사유발생일> </해제사유발생일><해제여부> </해제여부></item><item><거래금액>    86,000</거래금액><거래유형>중개거래</거래유형><건축년도>2005</건축년도><년>2023</년><도로명>여의대방로</도로명><도로명건물본번호코드>00025</도로명건물본번호코드><도로명건물부번호코드>00000</도로명건물부번호코드><도로명시군구코드>11560</도로명시군구코드><도로명일련번호코드>02</도로명일련번호코드><도로명지상지하코드>0</도로명지상지하코드><도로명코드>3118028</도로명코드><법정동> 신길동</법정동><법정동본번코드>4780</법정동본번코드><법정동부번코드>0000</법정동부번코드><법정동시군구코드>11560</법정동시군구코드><법정동읍면동코드>13200</법정동읍면동코드><법정동지번코드>1</법정동지번코드><아파트>보라매경남아너스빌</아파트><월>1</월><일>7</일><일련번호>11560-1233</일련번호><전용면적>84.79</전용면적><중개사소재지>서울 동작구, 서울 영등포구</중개사소재지><지번>4780</지번><지역코드>11560</지역코드><층>6</층><해제사유발생일>23.03.06</해제사유발생일><해제여부>O</해제여부></item><item><거래금액>    97,000</거래금액><거래유형>중개거래</거래유형><건축년도>2017</건축년도><년>2023</년><도로명>신풍로</도로명><도로명건물본번호코드>00077</도로명건물본번호코드><도로명건물부번호코드>00000</도로명건물부번호코드><도로명시군구코드>11560</도로명시군구코드><도로명일련번호코드>00</도로명일련번호코드><도로명지상지하코드>0</도로명지상지하코드><도로명코드>3118015</도로명코드><법정동> 신길동</법정동><법정동본번코드>4950</법정동본번코드><법정동부번코드>0000</법정동부번코드><법정동시군구코드>11560</법정동시군구코드><법정동읍면동코드>13200</법정동읍면동코드><법정동지번코드>1</법정동지번코드><아파트>래미안에스티움</아파트><월>1</월><일>7</일><일련번호>11560-2006</일련번호><전용면적>59.95</전용면적><중개사소재지>서울 영등포구</중개사소재지><지번>4950</지번><지역코드>11560</지역코드><층>7</층><해제사유발생일> </해제사유발생일><해제여부> </해제여부></item><item><거래금액>   119,000</거래금액><거래유형>중개거래</거래유형><건축년도>2017</건축년도><년>2023</년><도로명>신풍로</도로명><도로명건물본번호코드>00077</도로명건물본번호코드><도로명건물부번호코드>00000</도로명건물부번호코드><도로명시군구코드>11560</도로명시군구코드><도로명일련번호코드>00</도로명일련번호코드><도로명지상지하코드>0</도로명지상지하코드><도로명코드>3118015</도로명코드><법정동> 신길동</법정동><법정동본번코드>4950</법정동본번코드><법정동부번코드>0000</법정동부번코드><법정동시군구코드>11560</법정동시군구코드><법정동읍면동코드>13200</법정동읍면동코드><법정동지번코드>1</법정동지번코드><아파트>래미안에스티움</아파트><월>1</월><일>7</일><일련번호>11560-2006</일련번호><전용면적>84.93</전용면적><중개사소재지>서울 영등포구</중개사소재지><지번>4950</지번><지역코드>11560</지역코드><층>13</층><해제사유발생일> </해제사유발생일><해제여부> </해제여부></item><item><거래금액>    90,000</거래금액><거래유형>중개거래</거래유형><건축년도>2019</건축년도><년>2023</년><도로명>가마산로</도로명><도로명건물본번호코드>00426</도로명건물본번호코드><도로명건물부번호코드>00000</도로명건물부번호코드><도로명시군구코드>11560</도로명시군구코드><도로명일련번호코드>01</도로명일련번호코드><도로명지상지하코드>0</도로명지상지하코드><도로명코드>3000023</도로명코드><법정동> 신길동</법정동><법정동본번코드>4955</법정동본번코드><법정동부번코드>0000</법정동부번코드><법정동시군구코드>11560</법정동시군구코드><법정동읍면동코드>13200</법정동읍면동코드><법정동지번코드>1</법정동지번코드><아파트>신길센트럴아이파크</아파트><월>1</월><일>7</일><일련번호>11560-2071</일련번호><전용면적>59.97</전용면적><중개사소재지>서울 영등포구</중개사소재지><지번>4955</지번><지역코드>11560</지역코드><층>20</층><해제사유발생일> </해제사유발생일><해제여부> </해제여부></item><item><거래금액>    86,000</거래금액><거래유형>중개거래</거래유형><건축년도>2005</건축년도><년>2023</년><도로명>여의대방로</도로명><도로명건물본번호코드>00025</도로명건물본번호코드><도로명건물부번호코드>00000</도로명건물부번호코드><도로명시군구코드>11560</도로명시군구코드><도로명일련번호코드>02</도로명일련번호코드><도로명지상지하코드>0</도로명지상지하코드><도로명코드>3118028</도로명코드><법정동> 신길동</법정동><법정동본번코드>4780</법정동본번코드><법정동부번코드>0000</법정동부번코드><법정동시군구코드>11560</법정동시군구코드><법정동읍면동코드>13200</법정동읍면동코드><법정동지번코드>1</법정동지번코드><아파트>보라매경남아너스빌</아파트><월>1</월><일>7</일><일련번호>11560-1233</일련번호><전용면적>84.79</전용면적><중개사소재지>서울 동작구, 서울 영등포구</중개사소재지><지번>4780</지번><지역코드>11560</지역코드><층>6</층><해제사유발생일> </해제사유발생일><해제여부> </해제여부></item><item><거래금액>    93,000</거래금액><거래유형>중개거래</거래유형><건축년도>2020</건축년도><년>2023</년><도로명>신길로28길</도로명><도로명건물본번호코드>00009</도로명건물본번호코드><도로명건물부번호코드>00000</도로명건물부번호코드><도로명시군구코드>11560</도로명시군구코드><도로명일련번호코드>01</도로명일련번호코드><도로명지상지하코드>0</도로명지상지하코드><도로명코드>4154504</도로명코드><법정동> 신길동</법정동><법정동본번코드>4969</법정동본번코드><법정동부번코드>0000</법정동부번코드><법정동시군구코드>11560</법정동시군구코드><법정동읍면동코드>13200</법정동읍면동코드><법정동지번코드>1</법정동지번코드><아파트>힐스테이트클래시안</아파트><월>1</월><일>9</일><일련번호>11560-2151</일련번호><전용면적>59.91</전용면적><중개사소재지>서울 영등포구</중개사소재지><지번>4969</지번><지역코드>11560</지역코드><층>7</층><해제사유발생일> </해제사유발생일><해제여부> </해제여부></item><item><거래금액>   118,000</거래금액><거래유형>중개거래</거래유형><건축년도>2017</건축년도><년>2023</년><도로명>신풍로</도로명><도로명건물본번호코드>00077</도로명건물본번호코드><도로명건물부번호코드>00000</도로명건물부번호코드><도로명시군구코드>11560</도로명시군구코드><도로명일련번호코드>00</도로명일련번호코드><도로명지상지하코드>0</도로명지상지하코드><도로명코드>3118015</도로명코드><법정동> 신길동</법정동><법정동본번코드>4950</법정동본번코드><법정동부번코드>0000</법정동부번코드><법정동시군구코드>11560</법정동시군구코드><법정동읍면동코드>13200</법정동읍면동코드><법정동지번코드>1</법정동지번코드><아파트>래미안에스티움</아파트><월>1</월><일>9</일><일련번호>11560-2006</일련번호><전용면적>84.92</전용면적><중개사소재지>서울 영등포구</중개사소재지><지번>4950</지번><지역코드>11560</지역코드><층>8</층><해제사유발생일> </해제사유발생일><해제여부> </해제여부></item><item><거래금액>    87,500</거래금액><거래유형>중개거래</거래유형><건축년도>2019</건축년도><년>2023</년><도로명>가마산로</도로명><도로명건물본번호코드>00426</도로명건물본번호코드><도로명건물부번호코드>00000</도로명건물부번호코드><도로명시군구코드>11560</도로명시군구코드><도로명일련번호코드>01</도로명일련번호코드><도로명지상지하코드>0</도로명지상지하코드><도로명코드>3000023</도로명코드><법정동> 신길동</법정동><법정동본번코드>4955</법정동본번코드><법정동부번코드>0000</법정동부번코드><법정동시군구코드>11560</법정동시군구코드><법정동읍면동코드>13200</법정동읍면동코드><법정동지번코드>1</법정동지번코드><아파트>신길센트럴아이파크</아파트><월>1</월><일>9</일><일련번호>11560-2071</일련번호><전용면적>59.97</전용면적><중개사소재지>서울 영등포구</중개사소재지><지번>4955</지번><지역코드>11560</지역코드><층>10</층><해제사유발생일> </해제사유발생일><해제여부> </해제여부></item><item><거래금액>    82,000</거래금액><거래유형>중개거래</거래유형><건축년도>2001</건축년도><년>2023</년><도로명>가마산로79길</도로명><도로명건물본번호코드>00007</도로명건물본번호코드><도로명건물부번호코드>00000</도로명건물부번호코드><도로명시군구코드>11560</도로명시군구코드><도로명일련번호코드>00</도로명일련번호코드><도로명코드>4154031</도로명코드><법정동> 신길동</법정동><법정동본번코드>4934</법정동본번코드><법정동부번코드>0000</법정동부번코드><법정동시군구코드>11560</법정동시군구코드><법정동읍면동코드>13200</법정동읍면동코드><법정동지번코드>1</법정동지번코드><아파트>삼성래미안</아파트><월>1</월><일>11</일><일련번호>11560-107</일련번호><전용면적>84.91</전용면적><중개사소재지>서울 영등포구</중개사소재지><지번>4934</지번><지역코드>11560</지역코드><층>8</층><해제사유발생일> </해제사유발생일><해제여부> </해제여부></item><item><거래금액>   110,000</거래금액><거래유형>중개거래</거래유형><건축년도>2019</건축년도><년>2023</년><도로명>가마산로</도로명><도로명건물본번호코드>00426</도로명건물본번호코드><도로명건물부번호코드>00000</도로명건물부번호코드><도로명시군구코드>11560</도로명시군구코드><도로명일련번호코드>01</도로명일련번호코드><도로명지상지하코드>0</도로명지상지하코드><도로명코드>3000023</도로명코드><법정동> 신길동</법정동><법정동본번코드>4955</법정동본번코드><법정동부번코드>0000</법정동부번코드><법정동시군구코드>11560</법정동시군구코드><법정동읍면동코드>13200</법정동읍면동코드><법정동지번코드>1</법정동지번코드><아파트>신길센트럴아이파크</아파트><월>1</월><일>13</일><일련번호>11560-2071</일련번호><전용면적>84.98</전용면적><중개사소재지>서울 영등포구</중개사소재지><지번>4955</지번><지역코드>11560</지역코드><층>13</층><해제사유발생일> </해제사유발생일><해제여부> </해제여부></item><item><거래금액>    90,000</거래금액><거래유형>중개거래</거래유형><건축년도>2022</건축년도><년>2023</년><도로명>신길로28길</도로명><도로명건물본번호코드>00025</도로명건물본번호코드><도로명건물부번호코드>00000</도로명건물부번호코드><도로명시군구코드>11560</도로명시군구코드><도로명일련번호코드>01</도로명일련번호코드><도로명지상지하코드>0</도로명지상지하코드><도로명코드>4154504</도로명코드><법정동> 신길동</법정동><법정동본번코드>4967</법정동본번코드><법정동부번코드>0000</법정동부번코드><법정동시군구코드>11560</법정동시군구코드><법정동읍면동코드>13200</법정동읍면동코드><법정동지번코드>1</법정동지번코드><아파트>신길파크자이</아파트><월>1</월><일>14</일><일련번호>11560-2171</일련번호><전용면적>59.95</전용면적><중개사소재지>서울 영등포구</중개사소재지><지번>4967</지번><지역코드>11560</지역코드><층>20</층><해제사유발생일> </해제사유발생일><해제여부> </해제여부></item><item><거래금액>    90,000</거래금액><거래유형>중개거래</거래유형><건축년도>2020</건축년도><년>2023</년><도로명>신길로28길</도로명><도로명건물본번호코드>00009</도로명건물본번호코드><도로명건물부번호코드>00000</도로명건물부번호코드><도로명시군구코드>11560</도로명시군구코드><도로명일련번호코드>01</도로명일련번호코드><도로명지상지하코드>0</도로명지상지하코드><도로명코드>4154504</도로명코드><법정동> 신길동</법정동><법정동본번코드>4969</법정동본번코드><법정동부번코드>0000</법정동부번코드><법정동시군구코드>11560</법정동시군구코드><법정동읍면동코드>13200</법정동읍면동코드><법정동지번코드>1</법정동지번코드><아파트>힐스테이트클래시안</아파트><월>1</월><일>15</일><일련번호>11560-2151</일련번호><전용면적>59.87</전용면적><중개사소재지>서울 영등포구</중개사소재지><지번>4969</지번><지역코드>11560</지역코드><층>2</층><해제사유발생일> </해제사유발생일><해제여부> </해제여부></item><item><거래금액>    90,000</거래금액><거래유형>중개거래</거래유형><건축년도>1997</건축년도><년>2023</년><도로명>여의대방로43나길</도로명><도로명건물본번호코드>00025</도로명건물본번호코드><도로명건물부번호코드>00000</도로명건물부번호코드><도로명시군구코드>11560</도로명시군구코드><도로명일련번호코드>01</도로명일련번호코드><도로명지상지하코드>0</도로명지상지하코드><도로명코드>4154664</도로명코드><법정동> 신길동</법정동><법정동본번코드>0897</법정동본번코드><법정동부번코드>0001</법정동부번코드><법정동시군구코드>11560</법정동시군구코드><법정동읍면동코드>13200</법정동읍면동코드><법정동지번코드>1</법정동지번코드><아파트>삼환</아파트><월>1</월><일>18</일><일련번호>11560-108</일련번호><전용면적>59.53</전용면적><중개사소재지>서울 동작구</중개사소재지><지번>897-1</지번><지역코드>11560</지역코드><층>22</층><해제사유발생일> </해제사유발생일><해제여부> </해제여부></item><item><거래금액>   123,000</거래금액><거래유형>중개거래</거래유형><건축년도>2017</건축년도><년>2023</년><도로명>신풍로</도로명><도로명건물본번호코드>00077</도로명건물본번호코드><도로명건물부번호코드>00000</도로명건물부번호코드><도로명시군구코드>11560</도로명시군구코드><도로명일련번호코드>00</도로명일련번호코드><도로명지상지하코드>0</도로명지상지하코드><도로명코드>3118015</도로명코드><법정동> 신길동</법정동><법정동본번코드>4950</법정동본번코드><법정동부번코드>0000</법정동부번코드><법정동시군구코드>11560</법정동시군구코드><법정동읍면동코드>13200</법정동읍면동코드><법정동지번코드>1</법정동지번코드><아파트>래미안에스티움</아파트><월>1</월><일>18</일><일련번호>11560-2006</일련번호><전용면적>84.97</전용면적><중개사소재지>서울 영등포구</중개사소재지><지번>4950</지번><지역코드>11560</지역코드><층>5</층><해제사유발생일> </해제사유발생일><해제여부> </해제여부></item><item><거래금액>    80,000</거래금액><거래유형>중개거래</거래유형><건축년도>1986</건축년도><년>2023</년><도로명>도신로</도로명><도로명건물본번호코드>00068</도로명건물본번호코드><도로명건물부번호코드>00000</도로명건물부번호코드><도로명시군구코드>11560</도로명시군구코드><도로명일련번호코드>02</도로명일련번호코드><도로명지상지하코드>0</도로명지상지하코드><도로명코드>3118006</도로명코드><법정동> 신길동</법정동><법정동본번코드>0365</법정동본번코드><법정동부번코드>0000</법정동부번코드><법정동시군구코드>11560</법정동시군구코드><법정동읍면동코드>13200</법정동읍면동코드><법정동지번코드>1</법정동지번코드><아파트>우성1</아파트><월>1</월><일>20</일><일련번호>11560-111</일련번호><전용면적>64.4</전용면적><중개사소재지>서울 동작구, 서울 영등포구</중개사소재지><지번>365</지번><지역코드>11560</지역코드><층>7</층><해제사유발생일> </해제사유발생일><해제여부> </해제여부></item><item><거래금액>   120,000</거래금액><거래유형>중개거래</거래유형><건축년도>2017</건축년도><년>2023</년><도로명>신풍로</도로명><도로명건물본번호코드>00077</도로명건물본번호코드><도로명건물부번호코드>00000</도로명건물부번호코드><도로명시군구코드>11560</도로명시군구코드><도로명일련번호코드>00</도로명일련번호코드><도로명지상지하코드>0</도로명지상지하코드><도로명코드>3118015</도로명코드><법정동> 신길동</법정동><법정동본번코드>4950</법정동본번코드><법정동부번코드>0000</법정동부번코드><법정동시군구코드>11560</법정동시군구코드><법정동읍면동코드>13200</법정동읍면동코드><법정동지번코드>1</법정동지번코드><아파트>래미안에스티움</아파트><월>1</월><일>20</일><일련번호>11560-2006</일련번호><전용면적>84.97</전용면적><중개사소재지>서울 구로구</중개사소재지><지번>4950</지번><지역코드>11560</지역코드><층>13</층><해제사유발생일> </해제사유발생일><해제여부> </해제여부></item><item><거래금액>   115,000</거래금액><거래유형>중개거래</거래유형><건축년도>2020</건축년도><년>2023</년><도로명>신길로28길</도로명><도로명건물본번호코드>00009</도로명건물본번호코드><도로명건물부번호코드>00000</도로명건물부번호코드><도로명시군구코드>11560</도로명시군구코드><도로명일련번호코드>01</도로명일련번호코드><도로명지상지하코드>0</도로명지상지하코드><도로명코드>4154504</도로명코드><법정동> 신길동</법정동><법정동본번코드>4969</법정동본번코드><법정동부번코드>0000</법정동부번코드><법정동시군구코드>11560</법정동시군구코드><법정동읍면동코드>13200</법정동읍면동코드><법정동지번코드>1</법정동지번코드><아파트>힐스테이트클래시안</아파트><월>1</월><일>26</일><일련번호>11560-2151</일련번호><전용면적>84.99</전용면적><중개사소재지>서울 영등포구</중개사소재지><지번>4969</지번><지역코드>11560</지역코드><층>6</층><해제사유발생일> </해제사유발생일><해제여부> </해제여부></item><item><거래금액>    96,500</거래금액><거래유형>중개거래</거래유형><건축년도>2021</건축년도><년>2023</년><도로명>신길로29길</도로명><도로명건물본번호코드>00017</도로명건물본번호코드><도로명건물부번호코드>00000</도로명건물부번호코드><도로명시군구코드>11560</도로명시군구코드><도로명일련번호코드>01</도로명일련번호코드><도로명지상지하코드>0</도로명지상지하코드><도로명코드>4154509</도로명코드><법정동> 신길동</법정동><법정동본번코드>4964</법정동본번코드><법정동부번코드>0000</법정동부번코드><법정동시군구코드>11560</법정동시군구코드><법정동읍면동코드>13200</법정동읍면동코드><법정동지번코드>1</법정동지번코드><아파트>신길센트럴자이아파트</아파트><월>1</월><일>26</일><일련번호>11560-2118</일련번호><전용면적>59.98</전용면적><중개사소재지>서울 영등포구</중개사소재지><지번>4964</지번><지역코드>11560</지역코드><층>5</층><해제사유발생일> </해제사유발생일><해제여부> </해제여부></item><item><거래금액>    78,000</거래금액><거래유형>중개거래</거래유형><건축년도>1986</건축년도><년>2023</년><도로명>도신로</도로명><도로명건물본번호코드>00068</도로명건물본번호코드><도로명건물부번호코드>00000</도로명건물부번호코드><도로명시군구코드>11560</도로명시군구코드><도로명일련번호코드>02</도로명일련번호코드><도로명지상지하코드>0</도로명지상지하코드><도로명코드>3118006</도로명코드><법정동> 신길동</법정동><법정동본번코드>0365</법정동본번코드><법정동부번코드>0000</법정동부번코드><법정동시군구코드>11560</법정동시군구코드><법정동읍면동코드>13200</법정동읍면동코드><법정동지번코드>1</법정동지번코드><아파트>우성1</아파트><월>1</월><일>31</일><일련번호>11560-111</일련번호><전용면적>49.64</전용면적><중개사소재지>서울 영등포구</중개사소재지><지번>365</지번><지역코드>11560</지역코드><층>13</층><해제사유발생일> </해제사유발생일><해제여부> </해제여부></item><item><거래금액>    12,000</거래금액><거래유형>중개거래</거래유형><건축년도>2012</건축년도><년>2023</년><도로명>여의대방로61길</도로명><도로명건물본번호코드>00050</도로명건물본번호코드><도로명건물부번호코드>00000</도로명건물부번호코드><도로명시군구코드>11560</도로명시군구코드><도로명일련번호코드>01</도로명일련번호코드><도로명지상지하코드>0</도로명지상지하코드><도로명코드>4154683</도로명코드><법정동> 신길동</법정동><법정동본번코드>4942</법정동본번코드><법정동부번코드>0000</법정동부번코드><법정동시군구코드>11560</법정동시군구코드><법정동읍면동코드>13200</법정동읍면동코드><법정동지번코드>1</법정동지번코드><아파트>여의도리버뷰</아파트><월>1</월><일>31</일><일련번호>11560-1574</일련번호><전용면적>12.96</전용면적><중개사소재지>서울 영등포구</중개사소재지><지번>4942</지번><지역코드>11560</지역코드><층>6</층><해제사유발생일> </해제사유발생일><해제여부> </해제여부></item><item><거래금액>    10,500</거래금액><거래유형>중개거래</거래유형><건축년도>2012</건축년도><년>2023</년><도로명>도림천로19길</도로명><도로명건물본번호코드>00012</도로명건물본번호코드><도로명건물부번호코드>00000</도로명건물부번호코드><도로명시군구코드>11560</도로명시군구코드><도로명일련번호코드>01</도로명일련번호코드><도로명지상지하코드>0</도로명지상지하코드><도로명코드>4154300</도로명코드><법정동> 대림동</법정동><법정동본번코드>1101</법정동본번코드><법정동부번코드>0001</법정동부번코드><법정동시군구코드>11560</법정동시군구코드><법정동읍면동코드>13300</법정동읍면동코드><법정동지번코드>1</법정동지번코드><아파트>(1101-1)</아파트><월>1</월><일>2</일><일련번호>11560-1546</일련번호><전용면적>14.81</전용면적><중개사소재지>서울 영등포구</중개사소재지><지번>1101-1</지번><지역코드>11560</지역코드><층>7</층><해제사유발생일> </해제사유발생일><해제여부> </해제여부></item><item><거래금액>     9,500</거래금액><거래유형>중개거래</거래유형><건축년도>2013</건축년도><년>2023</년><도로명>대림로29길</도로명><도로명건물본번호코드>00013</도로명건물본번호코드><도로명건물부번호코드>00000</도로명건물부번호코드><도로명시군구코드>11560</도로명시군구코드><도로명일련번호코드>01</도로명일련번호코드><도로명지상지하코드>0</도로명지상지하코드><도로명코드>4154157</도로명코드><법정동> 대림동</법정동><법정동본번코드>0717</법정동본번코드><법정동부번코드>0000</법정동부번코드><법정동시군구코드>11560</법정동시군구코드><법정동읍면동코드>13300</법정동읍면동코드><법정동지번코드>1</법정동지번코드><아파트>쌍용플래티넘S</아파트><월>1</월><일>7</일><일련번호>11560-1602</일련번호><전용면적>18.24</전용면적><중개사소재지>서울 영등포구</중개사소재지><지번>717</지번><지역코드>11560</지역코드><층>6</층><해제사유발생일> </해제사유발생일><해제여부> </해제여부></item><item><거래금액>    11,500</거래금액><거래유형>중개거래</거래유형><건축년도>2012</건축년도><년>2023</년><도로명>도림천로19길</도로명><도로명건물본번호코드>00012</도로명건물본번호코드><도로명건물부번호코드>00000</도로명건물부번호코드><도로명시군구코드>11560</도로명시군구코드><도로명일련번호코드>01</도로명일련번호코드><도로명지상지하코드>0</도로명지상지하코드><도로명코드>4154300</도로명코드><법정동> 대림동</법정동><법정동본번코드>1101</법정동본번코드><법정동부번코드>0001</법정동부번코드><법정동시군구코드>11560</법정동시군구코드><법정동읍면동코드>13300</법정동읍면동코드><법정동지번코드>1</법정동지번코드><아파트>(1101-1)</아파트><월>1</월><일>10</일><일련번호>11560-1546</일련번호><전용면적>14.46</전용면적><중개사소재지>서울 영등포구</중개사소재지><지번>1101-1</지번><지역코드>11560</지역코드><층>5</층><해제사유발생일> </해제사유발생일><해제여부> </해제여부></item><item><거래금액>    53,000</거래금액><거래유형>중개거래</거래유형><건축년도>1987</건축년도><년>2023</년><도로명>가마산로</도로명><도로명건물본번호코드>00312</도로명건물본번호코드><도로명건물부번호코드>00000</도로명건물부번호코드><도로명시군구코드>11560</도로명시군구코드><도로명일련번호코드>02</도로명일련번호코드><도로명지상지하코드>0</도로명지상지하코드><도로명코드>3000023</도로명코드><법정동> 대림동</법정동><법정동본번코드>0777</법정동본번코드><법정동부번코드>0001</법정동부번코드><법정동시군구코드>11560</법정동시군구코드><법정동읍면동코드>13300</법정동읍면동코드><법정동지번코드>1</법정동지번코드><아파트>신동아</아파트><월>1</월><일>11</일><일련번호>11560-125</일련번호><전용면적>84.85</전용면적><중개사소재지>서울 영등포구</중개사소재지><지번>777-1</지번><지역코드>11560</지역코드><층>15</층><해제사유발생일> </해제사유발생일><해제여부> </해제여부></item><item><거래금액>    23,500</거래금액><거래유형>중개거래</거래유형><건축년도>1989</건축년도><년>2023</년><도로명>대림로34다길</도로명><도로명건물본번호코드>00014</도로명건물본번호코드><도로명건물부번호코드>00000</도로명건물부번호코드><도로명시군구코드>11560</도로명시군구코드><도로명일련번호코드>01</도로명일련번호코드><도로명지상지하코드>0</도로명지상지하코드><도로명코드>4154169</도로명코드><법정동> 대림동</법정동><법정동본번코드>0687</법정동본번코드><법정동부번코드>0001</법정동부번코드><법정동시군구코드>11560</법정동시군구코드><법정동읍면동코드>13300</법정동읍면동코드><법정동지번코드>1</법정동지번코드><아파트>성락</아파트><월>1</월><일>13</일><일련번호>11560-123</일련번호><전용면적>38.24</전용면적><중개사소재지>서울 영등포구</중개사소재지><지번>687-1</지번><지역코드>11560</지역코드><층>8</층><해제사유발생일> </해제사유발생일><해제여부> </해제여부></item><item><거래금액>    11,400</거래금액><거래유형>중개거래</거래유형><건축년도>2012</건축년도><년>2023</년><도로명>도림천로19길</도로명><도로명건물본번호코드>00012</도로명건물본번호코드><도로명건물부번호코드>00000</도로명건물부번호코드><도로명시군구코드>11560</도로명시군구코드><도로명일련번호코드>01</도로명일련번호코드><도로명지상지하코드>0</도로명지상지하코드><도로명코드>4154300</도로명코드><법정동> 대림동</법정동><법정동본번코드>1101</법정동본번코드><법정동부번코드>0001</법정동부번코드><법정동시군구코드>11560</법정동시군구코드><법정동읍면동코드>13300</법정동읍면동코드><법정동지번코드>1</법정동지번코드><아파트>(1101-1)</아파트><월>1</월><일>14</일><일련번호>11560-1546</일련번호><전용면적>14.81</전용면적><중개사소재지>서울 영등포구</중개사소재지><지번>1101-1</지번><지역코드>11560</지역코드><층>5</층><해제사유발생일> </해제사유발생일><해제여부> </해제여부></item><item><거래금액>    63,000</거래금액><거래유형>중개거래</거래유형><건축년도>1998</건축년도><년>2023</년><도로명>도영로</도로명><도로명건물본번호코드>00002</도로명건물본번호코드><도로명건물부번호코드>00005</도로명건물부번호코드><도로명시군구코드>11560</도로명시군구코드><도로명일련번호코드>02</도로명일련번호코드><도로명지상지하코드>0</도로명지상지하코드><도로명코드>3118007</도로명코드><법정동> 대림동</법정동><법정동본번코드>0607</법정동본번코드><법정동부번코드>0001</법정동부번코드><법정동시군구코드>11560</법정동시군구코드><법정동읍면동코드>13300</법정동읍면동코드><법정동지번코드>1</법정동지번코드><아파트>코오롱</아파트><월>1</월><일>25</일><일련번호>11560-127</일련번호><전용면적>59.94</전용면적><중개사소재지>서울 영등포구</중개사소재지><지번>607-1</지번><지역코드>11560</지역코드><층>2</층><해제사유발생일> </해제사유발생일><해제여부> </해제여부></item><item><거래금액>    69,400</거래금액><거래유형>중개거래</거래유형><건축년도>1998</건축년도><년>2023</년><도로명>도영로</도로명><도로명건물본번호코드>00002</도로명건물본번호코드><도로명건물부번호코드>00005</도로명건물부번호코드><도로명시군구코드>11560</도로명시군구코드><도로명일련번호코드>02</도로명일련번호코드><도로명지상지하코드>0</도로명지상지하코드><도로명코드>3118007</도로명코드><법정동> 대림동</법정동><법정동본번코드>0607</법정동본번코드><법정동부번코드>0001</법정동부번코드><법정동시군구코드>11560</법정동시군구코드><법정동읍면동코드>13300</법정동읍면동코드><법정동지번코드>1</법정동지번코드><아파트>코오롱</아파트><월>1</월><일>25</일><일련번호>11560-127</일련번호><전용면적>59.94</전용면적><중개사소재지>서울 구로구, 서울 영등포구</중개사소재지><지번>607-1</지번><지역코드>11560</지역코드><층>22</층><해제사유발생일> </해제사유발생일><해제여부> </해제여부></item></items><numOfRows>999</numOfRows><pageNo>1</pageNo><totalCount>58</totalCount></body></response>