<?xml version="1.0" encoding="UTF-8" standalone="yes"?><response><header><resultCode>00</resultCode><resultMsg>NORMAL SERVICE.</resultMsg></header><body><items><item><거래금액>    60,000</거래금액><거래유형>중개거래</거래유형><건축년도>1982</건축년도><년>2022</년><도로명>신흥로2길</도로명><도로명건물본번호코드>00058</도로명건물본번호코드><도로명건물부번호코드>00000</도로명건물부번호코드><도로명시군구코드>11170</도로명시군구코드><도로명일련번호코드>01</도로명일련번호코드><도로명지상지하코드>0</도로명지상지하코드><도로명코드>4106202</도로명코드><법정동> 용산동2가</법정동><법정동본번코드>0047</법정동본번코드><법정동부번코드>0005</법정동부번코드><법정동시군구코드>11170</법정동시군구코드><법정동읍면동코드>10200</법정동읍면동코드><법정동지번코드>1</법정동지번코드><아파트>용암한신</아파트><월>11</월><일>24</일><일련번호>11170-6</일련번호><전용면적>72.66</전용면적><중개사소재지>서울 중구</중개사소재지><지번>47-5</지번><지역코드>11170</지역코드><층>5</층><해제사유발생일> </해제사유발생일><해제여부> </해제여부></item><item><거래금액>    16,500</거래금액><거래유형>중개거래</거래유형><건축년도>2012</건축년도><년>2022</년><도로명>백범로90길</도로명><도로명건물본번호코드>00038</도로명건물본번호코드><도로명건물부번호코드>00000</도로명건물부번호코드><도로명시군구코드>11170</도로명시군구코드><도로명일련번호코드>01</도로명일련번호코드><도로명지상지하코드>0</도로명지상지하코드><도로명코드>4106102</도로명코드><법정동> 문배동</법정동><법정동본번코드>0024</법정동본번코드><법정동부번코드>0008</법정동부번코드><법정동시군구코드>11170</법정동시군구코드><법정동읍면동코드>12200</법정동읍면동코드><법정동지번코드>1</법정동지번코드><아파트>프라임펠리스</아파트><월>11</월><일>15</일><일련번호>11170-2906</일련번호><전용면적>13.69</전용면적><중개사소재지>서울 용산구</중개사소재지><지번>24-8</지번><지역코드>11170</지역코드><층>18</층><해제사유발생일> </해제사유발생일><해제여부> </해제여부></item><item><거래금액>    16,500</거래금액><거래유형>중개거래</거래유형><건축년도>2012</건축년도><년>2022</년><도로명>백범로90길</도로명><도로명건물본번호코드>00038</도로명건물본번호코드><도로명건물부번호코드>00000</도로명건물부번호코드><도로명시군구코드>11170</도로명시군구코드><도로명일련번호코드>01</도로명일련번호코드><도로명지상지하코드>0</도로명지상지하코드><도로명코드>4106102</도로명코드><법정동> 문배동</법정동><법정동본번코드>0024</법정동본번코드><법정동부번코드>0008</법정동부번코드><법정동시군구코드>11170</법정동시군구코드><법정동읍면동코드>12200</법정동읍면동코드><법정동지번코드>1</법정동지번코드><아파트>프라임펠리스</아파트><월>11</월><일>19</일><일련번호>11170-2906</일련번호><전용면적>13.69</전용면적><중개사소재지>서울 용산구</중개사소재지><지번>24-8</지번><지역코드>11170</지역코드><층>14</층><해제사유발생일> </해제사유발생일><해제여부> </해제여부></item><item><거래금액>    15,500</거래금액><거래유형>중개거래</거래유형><건축년도>2012</건축년도><년>2022</년><도로명>백범로90길</도로명><도로명건물본번호코드>00038</도로명건물본번호코드><도로명건물부번호코드>00000</도로명건물부번호코드><도로명시군구코드>11170</도로명시군구코드><도로명일련번호코드>01</도로명일련번호코드><도로명지상지하코드>0</도로명지상지하코드><도로명코드>4106102</도로명코드><법정동> 문배동</법정동><법정동본번코드>0024</법정동본번코드><법정동부번코드>0008</법정동부번코드><법정동시군구코드>11170</법정동시군구코드><법정동읍면동코드>12200</법정동읍면동코드><법정동지번코드>1</법정동지번코드><아파트>프라임펠리스</아파트><월>11</월><일>25</일><일련번호>11170-2906</일련번호><전용면적>13.69</전용면적><중개사소재지>서울 용산구</중개사소재지><지번>24-8</지번><지역코드>11170</지역코드><층>17</층><해제사유발생일>23.02.01</해제사유발생일><해제여부>O</해제여부></item><item><거래금액>   160,000</거래금액><거래유형>중개거래</거래유형><건축년도>2005</건축년도><년>2022</년><도로명>한강대로</도로명><도로명건물본번호코드>00205</도로명건물본번호코드><도로명건물부번호코드>00000</도로명건물부번호코드><도로명시군구코드>11170</도로명시군구코드><도로명일련번호코드>04</도로명일련번호코드><도로명지상지하코드>0</도로명지상지하코드><도로명코드>2005005</도로명코드><법정동> 한강로1가</법정동><법정동본번코드>0050</법정동본번코드><법정동부번코드>0001</법정동부번코드><법정동시군구코드>11170</법정동시군구코드><법정동읍면동코드>12400</법정동읍면동코드><법정동지번코드>1</법정동지번코드><아파트>용산파크자이</아파트><월>11</월><일>7</일><일련번호>11170-2307</일련번호><전용면적>99.85</전용면적><중개사소재지>서울 강남구</중개사소재지><지번>50-1</지번><지역코드>11170</지역코드><층>6</층><해제사유발생일> </해제사유발생일><해제여부> </해제여부></item><item><거래금액>    36,500</거래금액><거래유형>중개거래</거래유형><건축년도>2004</건축년도><년>2022</년><도로명>한강대로43길</도로명><도로명건물본번호코드>00013</도로명건물본번호코드><도로명건물부번호코드>00000</도로명건물부번호코드><도로명시군구코드>11170</도로명시군구코드><도로명일련번호코드>01</도로명일련번호코드><도로명지상지하코드>0</도로명지상지하코드><도로명코드>4106432</도로명코드><법정동> 한강로2가</법정동><법정동본번코드>0002</법정동본번코드><법정동부번코드>0011</법정동부번코드><법정동시군구코드>11170</법정동시군구코드><법정동읍면동코드>12500</법정동읍면동코드><법정동지번코드>1</법정동지번코드><아파트>한강로대우아이빌</아파트><월>11</월><일>27</일><일련번호>11170-202</일련번호><전용면적>28.22</전용면적><중개사소재지>서울 강남구, 서울 용산구</중개사소재지><지번>2-11</지번><지역코드>11170</지역코드><층>15</층><해제사유발생일> </해제사유발생일><해제여부> </해제여부></item><item><거래금액>   290,000</거래금액><거래유형>중개거래</거래유형><건축년도>2020</건축년도><년>2022</년><도로명>서빙고로</도로명><도로명건물본번호코드>00017</도로명건물본번호코드><도로명건물부번호코드>00000</도로명건물부번호코드><도로명시군구코드>11170</도로명시군구코드><도로명일련번호코드>00</도로명일련번호코드><도로명코드>3102004</도로명코드><법정동> 한강로3가</법정동><법정동본번코드>0098</법정동본번코드><법정동부번코드>0000</법정동부번코드><법정동시군구코드>11170</법정동시군구코드><법정동읍면동코드>12800</법정동읍면동코드><법정동지번코드>1</법정동지번코드><아파트>센트럴파크</아파트><월>11</월><일>7</일><일련번호>11170-3299</일련번호><전용면적>102.8617</전용면적><중개사소재지>서울 용산구</중개사소재지><지번>98</지번><지역코드>11170</지역코드><층>27</층><해제사유발생일> </해제사유발생일><해제여부> </해제여부></item><item><거래금액>    99,000</거래금액><거래유형>중개거래</거래유형><건축년도>1999</건축년도><년>2022</년><도로명>이촌로</도로명><도로명건물본번호코드>00100</도로명건물본번호코드><도로명건물부번호코드>00008</도로명건물부번호코드><도로명시군구코드>11170</도로명시군구코드><도로명일련번호코드>02</도로명일련번호코드><도로명지상지하코드>0</도로명지상지하코드><도로명코드>3102008</도로명코드><법정동> 이촌동</법정동><법정동본번코드>0411</법정동본번코드><법정동부번코드>0000</법정동부번코드><법정동시군구코드>11170</법정동시군구코드><법정동읍면동코드>12900</법정동읍면동코드><법정동지번코드>1</법정동지번코드><아파트>동아그린</아파트><월>11</월><일>8</일><일련번호>11170-41</일련번호><전용면적>43.02</전용면적><중개사소재지>서울 용산구</중개사소재지><지번>411</지번><지역코드>11170</지역코드><층>12</층><해제사유발생일> </해제사유발생일><해제여부> </해제여부></item><item><거래금액>   200,000</거래금액><거래유형>중개거래</거래유형><건축년도>1999</건축년도><년>2022</년><도로명>이촌로87길</도로명><도로명건물본번호코드>00021</도로명건물본번호코드><도로명건물부번호코드>00000</도로명건물부번호코드><도로명시군구코드>11170</도로명시군구코드><도로명일련번호코드>01</도로명일련번호코드><도로명코드>4106296</도로명코드><법정동> 이촌동</법정동><법정동본번코드>0412</법정동본번코드><법정동부번코드>0000</법정동부번코드><법정동시군구코드>11170</법정동시군구코드><법정동읍면동코드>12900</법정동읍면동코드><법정동지번코드>1</법정동지번코드><아파트>이촌코오롱(A)</아파트><월>11</월><일>18</일><일련번호>11170-55</일련번호><전용면적>114.69</전용면적><중개사소재지>서울 용산구</중개사소재지><지번>412</지번><지역코드>11170</지역코드><층>6</층><해제사유발생일> </해제사유발생일><해제여부> </해제여부></item><item><거래금액>   375,000</거래금액><거래유형>중개거래</거래유형><건축년도>2002</건축년도><년>2022</년><도로명>이촌로88길</도로명><도로명건물본번호코드>00030</도로명건물본번호코드><도로명건물부번호코드>00000</도로명건물부번호코드><도로명시군구코드>11170</도로명시군구코드><도로명일련번호코드>01</도로명일련번호코드><도로명지상지하코드>0</도로명지상지하코드><도로명코드>4106297</도로명코드><법정동> 이촌동</법정동><법정동본번코드>0426</법정동본번코드><법정동부번코드>0000</법정동부번코드><법정동시군구코드>11170</법정동시군구코드><법정동읍면동코드>12900</법정동읍면동코드><법정동지번코드>1</법정동지번코드><아파트>이촌동삼성리버스위트</아파트><월>11</월><일>23</일><일련번호>11170-71</일련번호><전용면적>180.82</전용면적><중개사소재지>서울 용산구</중개사소재지><지번>426</지번><지역코드>11170</지역코드><층>5</층><해제사유발생일> </해제사유발생일><해제여부> </해제여부></item><item><거래금액>   945,000</거래금액><거래유형>중개거래</거래유형><건축년도>2019</건축년도><년>2022</년><도로명>한남대로</도로명><도로명건물본번호코드>00091</도로명건물본번호코드><도로명건물부번호코드>00000</도로명건물부번호코드><도로명시군구코드>11170</도로명시군구코드><도로명일련번호코드>00</도로명일련번호코드><도로명지상지하코드>0</도로명지상지하코드><도로명코드>2102003</도로명코드><법정동> 한남동</법정동><법정동본번코드>0829</법정동본번코드><법정동부번코드>0000</법정동부번코드><법정동시군구코드>11170</법정동시군구코드><법정동읍면동코드>13100</법정동읍면동코드><법정동지번코드>1</법정동지번코드><아파트>나인원한남</아파트><월>11</월><일>7</일><일련번호>11170-3240</일련번호><전용면적>206.8953</전용면적><중개사소재지>서울 용산구</중개사소재지><지번>829</지번><지역코드>11170</지역코드><층>8</층><해제사유발생일> </해제사유발생일><해제여부> </해제여부></item><item><거래금액>   169,000</거래금액><거래유형>중개거래</거래유형><건축년도>1976</건축년도><년>2022</년><도로명>우사단로10길</도로명><도로명건물본번호코드>00039</도로명건물본번호코드><도로명건물부번호코드>00096</도로명건물부번호코드><도로명시군구코드>11170</도로명시군구코드><도로명일련번호코드>02</도로명일련번호코드><도로명지상지하코드>0</도로명지상지하코드><도로명코드>4106215</도로명코드><법정동> 한남동</법정동><법정동본번코드>0732</법정동본번코드><법정동부번코드>0019</법정동부번코드><법정동시군구코드>11170</법정동시군구코드><법정동읍면동코드>13100</법정동읍면동코드><법정동지번코드>1</법정동지번코드><아파트>장미1</아파트><월>11</월><일>8</일><일련번호>11170-188</일련번호><전용면적>77.39</전용면적><중개사소재지>서울 용산구</중개사소재지><지번>732-19</지번><지역코드>11170</지역코드><층>1</층><해제사유발생일> </해제사유발생일><해제여부> </해제여부></item><item><거래금액>   176,000</거래금액><거래유형>중개거래</거래유형><건축년도>1976</건축년도><년>2022</년><도로명>우사단로10길</도로명><도로명건물본번호코드>00039</도로명건물본번호코드><도로명건물부번호코드>00096</도로명건물부번호코드><도로명시군구코드>11170</도로명시군구코드><도로명일련번호코드>02</도로명일련번호코드><도로명지상지하코드>0</도로명지상지하코드><도로명코드>4106215</도로명코드><법정동> 한남동</법정동><법정동본번코드>0732</법정동본번코드><법정동부번코드>0019</법정동부번코드><법정동시군구코드>11170</법정동시군구코드><법정동읍면동코드>13100</법정동읍면동코드><법정동지번코드>1</법정동지번코드><아파트>장미1</아파트><월>11</월><일>17</일><일련번호>11170-188</일련번호><전용면적>74.38</전용면적><중개사소재지>서울 용산구</중개사소재지><지번>732-19</지번><지역코드>11170</지역코드><층>3</층><해제사유발생일>22.12.08</해제사유발생일><해제여부>O</해제여부></item><item><거래금액>   176,000</거래금액><거래유형>중개거래</거래유형><건축년도>1976</건축년도><년>2022</년><도로명>우사단로10길</도로명><도로명건물본번호코드>00039</도로명건물본번호코드><도로명건물부번호코드>00096</도로명건물부번호코드><도로명시군구코드>11170</도로명시군구코드><도로명일련번호코드>02</도로명일련번호코드><도로명지상지하코드>0</도로명지상지하코드><도로명코드>4106215</도로명코드><법정동> 한남동</법정동><법정동본번코드>0732</법정동본번코드><법정동부번코드>0019</법정동부번코드><법정동시군구코드>11170</법정동시군구코드><법정동읍면동코드>13100</법정동읍면동코드><법정동지번코드>1</법정동지번코드><아파트>장미1</아파트><월>11</월><일>17</일><일련번호>11170-188</일련번호><전용면적>74.38</전용면적><중개사소재지>서울 용산구</중개사소재지><지번>732-19</지번><지역코드>11170</지역코드><층>3</층><해제사유발생일> </해제사유발생일><해제여부> </해제여부></item><item><거래금액>   149,150</거래금액><거래유형>중개거래</거래유형><건축년도>1973</건축년도><년>2022</년><도로명>보광로</도로명><도로명건물본번호코드>00040</도로명건물본번호코드><도로명건물부번호코드>00000</도로명건물부번호코드><도로명시군구코드>11170</도로명시군구코드><도로명일련번호코드>02</도로명일련번호코드><도로명지상지하코드>0</도로명지상지하코드><도로명코드>3102003</도로명코드><법정동> 보광동</법정동><법정동본번코드>0260</법정동본번코드><법정동부번코드>0006</법정동부번코드><법정동시군구코드>11170</법정동시군구코드><법정동읍면동코드>13600</법정동읍면동코드><법정동지번코드>1</법정동지번코드><아파트>주미</아파트><월>11</월><일>5</일><일련번호>11170-135</일련번호><전용면적>79.21</전용면적><중개사소재지>서울 용산구</중개사소재지><지번>260-6</지번><지역코드>11170</지역코드><층>7</층><해제사유발생일> </해제사유발생일><해제여부> </해제여부></item><item><거래금액>   143,000</거래금액><거래유형>중개거래</거래유형><건축년도>1973</건축년도><년>2022</년><도로명>보광로</도로명><도로명건물본번호코드>00040</도로명건물본번호코드><도로명건물부번호코드>00000</도로명건물부번호코드><도로명시군구코드>11170</도로명시군구코드><도로명일련번호코드>02</도로명일련번호코드><도로명지상지하코드>0</도로명지상지하코드><도로명코드>3102003</도로명코드><법정동> 보광동</법정동><법정동본번코드>0260</법정동본번코드><법정동부번코드>0006</법정동부번코드><법정동시군구코드>11170</법정동시군구코드><법정동읍면동코드>13600</법정동읍면동코드><법정동지번코드>1</법정동지번코드><아파트>주미</아파트><월>11</월><일>29</일><일련번호>11170-135</일련번호><전용면적>69.39</전용면적><중개사소재지>서울 용산구</중개사소재지><지번>260-6</지번><지역코드>11170</지역코드><층>9</층><해제사유발생일> </해제사유발생일><해제여부> </해제여부></item></items><numOfRows>999</numOfRows><pageNo>1</pageNo><totalCount>16</totalCount></body></response>