<?xml version="1.0" encoding="UTF-8" standalone="yes"?><response><header><resultCode>00</resultCode><resultMsg>NORMAL SERVICE.</resultMsg></header><body><items><item><거래금액>   110,000</거래금액><거래유형>중개거래</거래유형><건축년도>1980</건축년도><년>2022</년><도로명>후암로</도로명><도로명건물본번호코드>00071</도로명건물본번호코드><도로명건물부번호코드>00001</도로명건물부번호코드><도로명시군구코드>11170</도로명시군구코드><도로명일련번호코드>01</도로명일련번호코드><도로명지상지하코드>0</도로명지상지하코드><도로명코드>3101024</도로명코드><법정동> 후암동</법정동><법정동본번코드>0423</법정동본번코드><법정동부번코드>0001</법정동부번코드><법정동시군구코드>11170</법정동시군구코드><법정동읍면동코드>10100</법정동읍면동코드><법정동지번코드>1</법정동지번코드><아파트>후암미주</아파트><월>9</월><일>1</일><일련번호>11170-4</일련번호><전용면적>62.28</전용면적><중개사소재지>서울 용산구</중개사소재지><지번>423-1</지번><지역코드>11170</지역코드><층>6</층><해제사유발생일> </해제사유발생일><해제여부> </해제여부></item><item><거래금액>    99,000</거래금액><거래유형>중개거래</거래유형><건축년도>2006</건축년도><년>2022</년><도로명>백범로</도로명><도로명건물본번호코드>00250</도로명건물본번호코드><도로명건물부번호코드>00000</도로명건물부번호코드><도로명시군구코드>11170</도로명시군구코드><도로명일련번호코드>03</도로명일련번호코드><도로명지상지하코드>0</도로명지상지하코드><도로명코드>3005016</도로명코드><법정동> 효창동</법정동><법정동본번코드>0268</법정동본번코드><법정동부번코드>0000</법정동부번코드><법정동시군구코드>11170</법정동시군구코드><법정동읍면동코드>11900</법정동읍면동코드><법정동지번코드>1</법정동지번코드><아파트>세양청마루</아파트><월>9</월><일>17</일><일련번호>11170-2327</일련번호><전용면적>84.18</전용면적><중개사소재지>서울 용산구</중개사소재지><지번>268</지번><지역코드>11170</지역코드><층>15</층><해제사유발생일> </해제사유발생일><해제여부> </해제여부></item><item><거래금액>    12,000</거래금액><거래유형>직거래</거래유형><건축년도>1983</건축년도><년>2022</년><도로명>새창로12길</도로명><도로명건물본번호코드>00011</도로명건물본번호코드><도로명건물부번호코드>00015</도로명건물부번호코드><도로명시군구코드>11170</도로명시군구코드><도로명일련번호코드>02</도로명일련번호코드><도로명지상지하코드>0</도로명지상지하코드><도로명코드>4106131</도로명코드><법정동> 도원동</법정동><법정동본번코드>0003</법정동본번코드><법정동부번코드>0007</법정동부번코드><법정동시군구코드>11170</법정동시군구코드><법정동읍면동코드>12000</법정동읍면동코드><법정동지번코드>1</법정동지번코드><아파트>도원</아파트><월>9</월><일>28</일><일련번호>11170-26</일련번호><전용면적>34.8</전용면적><중개사소재지> </중개사소재지><지번>3-7</지번><지역코드>11170</지역코드><층>1</층><해제사유발생일> </해제사유발생일><해제여부> </해제여부></item><item><거래금액>    19,000</거래금액><거래유형>중개거래</거래유형><건축년도>2013</건축년도><년>2022</년><도로명>백범로90길</도로명><도로명건물본번호코드>00012</도로명건물본번호코드><도로명건물부번호코드>00000</도로명건물부번호코드><도로명시군구코드>11170</도로명시군구코드><도로명일련번호코드>01</도로명일련번호코드><도로명지상지하코드>0</도로명지상지하코드><도로명코드>4106102</도로명코드><법정동> 문배동</법정동><법정동본번코드>0024</법정동본번코드><법정동부번코드>0004</법정동부번코드><법정동시군구코드>11170</법정동시군구코드><법정동읍면동코드>12200</법정동읍면동코드><법정동지번코드>1</법정동지번코드><아파트>용산큐브</아파트><월>9</월><일>18</일><일련번호>11170-2913</일련번호><전용면적>13.01</전용면적><중개사소재지>서울 용산구</중개사소재지><지번>24-4</지번><지역코드>11170</지역코드><층>14</층><해제사유발생일> </해제사유발생일><해제여부> </해제여부></item><item><거래금액>    94,900</거래금액><거래유형>중개거래</거래유형><건축년도>2007</건축년도><년>2022</년><도로명>청파로20길</도로명><도로명건물본번호코드>00009</도로명건물본번호코드><도로명건물부번호코드>00000</도로명건물부번호코드><도로명시군구코드>11170</도로명시군구코드><도로명일련번호코드>01</도로명일련번호코드><도로명지상지하코드>0</도로명지상지하코드><도로명코드>4106354</도로명코드><법정동> 한강로2가</법정동><법정동본번코드>0002</법정동본번코드><법정동부번코드>0185</법정동부번코드><법정동시군구코드>11170</법정동시군구코드><법정동읍면동코드>12500</법정동읍면동코드><법정동지번코드>1</법정동지번코드><아파트>용산아이피아대주피오레</아파트><월>9</월><일>2</일><일련번호>11170-2438</일련번호><전용면적>84.6</전용면적><중개사소재지>서울 용산구</중개사소재지><지번>2-185</지번><지역코드>11170</지역코드><층>13</층><해제사유발생일> </해제사유발생일><해제여부> </해제여부></item><item><거래금액>    80,000</거래금액><거래유형>중개거래</거래유형><건축년도>1974</건축년도><년>2022</년><도로명>청파로</도로명><도로명건물본번호코드>00083</도로명건물본번호코드><도로명건물부번호코드>00000</도로명건물부번호코드><도로명시군구코드>11170</도로명시군구코드><도로명일련번호코드>10</도로명일련번호코드><도로명지상지하코드>0</도로명지상지하코드><도로명코드>3101023</도로명코드><법정동> 한강로3가</법정동><법정동본번코드>0016</법정동본번코드><법정동부번코드>0020</법정동부번코드><법정동시군구코드>11170</법정동시군구코드><법정동읍면동코드>12800</법정동읍면동코드><법정동지번코드>1</법정동지번코드><아파트>원효전자상가</아파트><월>9</월><일>23</일><일련번호>11170-169</일련번호><전용면적>55.77</전용면적><중개사소재지>서울 용산구</중개사소재지><지번>16-20</지번><지역코드>11170</지역코드><층>2</층><해제사유발생일> </해제사유발생일><해제여부> </해제여부></item><item><거래금액>   245,000</거래금액><거래유형>중개거래</거래유형><건축년도>2007</건축년도><년>2022</년><도로명>서빙고로</도로명><도로명건물본번호코드>00035</도로명건물본번호코드><도로명건물부번호코드>00000</도로명건물부번호코드><도로명시군구코드>11170</도로명시군구코드><도로명일련번호코드>03</도로명일련번호코드><도로명지상지하코드>0</도로명지상지하코드><도로명코드>3102004</도로명코드><법정동> 한강로3가</법정동><법정동본번코드>0063</법정동본번코드><법정동부번코드>0389</법정동부번코드><법정동시군구코드>11170</법정동시군구코드><법정동읍면동코드>12800</법정동읍면동코드><법정동지번코드>1</법정동지번코드><아파트>용산시티파크(1단지)</아파트><월>9</월><일>26</일><일련번호>11170-2522</일련번호><전용면적>114.17</전용면적><중개사소재지>서울 용산구</중개사소재지><지번>63-389</지번><지역코드>11170</지역코드><층>19</층><해제사유발생일> </해제사유발생일><해제여부> </해제여부></item><item><거래금액>   177,000</거래금액><거래유형>중개거래</거래유형><건축년도>1998</건축년도><년>2022</년><도로명>이촌로65가길</도로명><도로명건물본번호코드>00051</도로명건물본번호코드><도로명건물부번호코드>00000</도로명건물부번호코드><도로명시군구코드>11170</도로명시군구코드><도로명일련번호코드>01</도로명일련번호코드><도로명지상지하코드>0</도로명지상지하코드><도로명코드>4106287</도로명코드><법정동> 이촌동</법정동><법정동본번코드>0404</법정동본번코드><법정동부번코드>0000</법정동부번코드><법정동시군구코드>11170</법정동시군구코드><법정동읍면동코드>12900</법정동읍면동코드><법정동지번코드>1</법정동지번코드><아파트>한가람</아파트><월>9</월><일>2</일><일련번호>11170-66</일련번호><전용면적>59.88</전용면적><중개사소재지>서울 용산구</중개사소재지><지번>404</지번><지역코드>11170</지역코드><층>17</층><해제사유발생일> </해제사유발생일><해제여부> </해제여부></item><item><거래금액>   177,200</거래금액><거래유형>직거래</거래유형><건축년도>1979</건축년도><년>2022</년><도로명>이촌로</도로명><도로명건물본번호코드>00260</도로명건물본번호코드><도로명건물부번호코드>00000</도로명건물부번호코드><도로명시군구코드>11170</도로명시군구코드><도로명일련번호코드>02</도로명일련번호코드><도로명지상지하코드>0</도로명지상지하코드><도로명코드>3102008</도로명코드><법정동> 이촌동</법정동><법정동본번코드>0300</법정동본번코드><법정동부번코드>0301</법정동부번코드><법정동시군구코드>11170</법정동시군구코드><법정동읍면동코드>12900</법정동읍면동코드><법정동지번코드>1</법정동지번코드><아파트>삼익</아파트><월>9</월><일>15</일><일련번호>11170-49</일련번호><전용면적>104.86</전용면적><중개사소재지> </중개사소재지><지번>300-301</지번><지역코드>11170</지역코드><층>3</층><해제사유발생일> </해제사유발생일><해제여부> </해제여부></item><item><거래금액>   250,000</거래금액><거래유형>중개거래</거래유형><건축년도>1982</건축년도><년>2022</년><도로명>장문로</도로명><도로명건물본번호코드>00027</도로명건물본번호코드><도로명건물부번호코드>00000</도로명건물부번호코드><도로명시군구코드>11170</도로명시군구코드><도로명일련번호코드>01</도로명일련번호코드><도로명지상지하코드>0</도로명지상지하코드><도로명코드>3102011</도로명코드><법정동> 이태원동</법정동><법정동본번코드>0022</법정동본번코드><법정동부번코드>0002</법정동부번코드><법정동시군구코드>11170</법정동시군구코드><법정동읍면동코드>13000</법정동읍면동코드><법정동지번코드>1</법정동지번코드><아파트>청화1</아파트><월>9</월><일>2</일><일련번호>11170-77</일련번호><전용면적>142.71</전용면적><중개사소재지>서울 용산구</중개사소재지><지번>22-2</지번><지역코드>11170</지역코드><층>11</층><해제사유발생일> </해제사유발생일><해제여부> </해제여부></item><item><거래금액>   200,000</거래금액><거래유형>중개거래</거래유형><건축년도>1982</건축년도><년>2022</년><도로명>장문로</도로명><도로명건물본번호코드>00027</도로명건물본번호코드><도로명건물부번호코드>00000</도로명건물부번호코드><도로명시군구코드>11170</도로명시군구코드><도로명일련번호코드>01</도로명일련번호코드><도로명지상지하코드>0</도로명지상지하코드><도로명코드>3102011</도로명코드><법정동> 이태원동</법정동><법정동본번코드>0022</법정동본번코드><법정동부번코드>0002</법정동부번코드><법정동시군구코드>11170</법정동시군구코드><법정동읍면동코드>13000</법정동읍면동코드><법정동지번코드>1</법정동지번코드><아파트>청화1</아파트><월>9</월><일>9</일><일련번호>11170-77</일련번호><전용면적>104.69</전용면적><중개사소재지>서울 용산구</중개사소재지><지번>22-2</지번><지역코드>11170</지역코드><층>8</층><해제사유발생일> </해제사유발생일><해제여부> </해제여부></item><item><거래금액>   290,000</거래금액><거래유형>중개거래</거래유형><건축년도>2008</건축년도><년>2022</년><도로명>이태원로27나길</도로명><도로명건물본번호코드>00040</도로명건물본번호코드><도로명건물부번호코드>00000</도로명건물부번호코드><도로명시군구코드>11170</도로명시군구코드><도로명일련번호코드>01</도로명일련번호코드><도로명지상지하코드>0</도로명지상지하코드><도로명코드>4106310</도로명코드><법정동> 이태원동</법정동><법정동본번코드>0124</법정동본번코드><법정동부번코드>0001</법정동부번코드><법정동시군구코드>11170</법정동시군구코드><법정동읍면동코드>13000</법정동읍면동코드><법정동지번코드>1</법정동지번코드><아파트>준아트빌</아파트><월>9</월><일>13</일><일련번호>11170-2627</일련번호><전용면적>227.84</전용면적><중개사소재지>서울 용산구</중개사소재지><지번>124-1</지번><지역코드>11170</지역코드><층>10</층><해제사유발생일> </해제사유발생일><해제여부> </해제여부></item></items><numOfRows>999</numOfRows><pageNo>1</pageNo><totalCount>12</totalCount></body></response>