<?xml version="1.0" encoding="UTF-8" standalone="yes"?><response><header><resultCode>00</resultCode><resultMsg>NORMAL SERVICE.</resultMsg></header><body><items><item><거래금액>   105,000</거래금액><거래유형>중개거래</거래유형><건축년도>1980</건축년도><년>2022</년><도로명>후암로</도로명><도로명건물본번호코드>00071</도로명건물본번호코드><도로명건물부번호코드>00001</도로명건물부번호코드><도로명시군구코드>11170</도로명시군구코드><도로명일련번호코드>01</도로명일련번호코드><도로명지상지하코드>0</도로명지상지하코드><도로명코드>3101024</도로명코드><법정동> 후암동</법정동><법정동본번코드>0423</법정동본번코드><법정동부번코드>0001</법정동부번코드><법정동시군구코드>11170</법정동시군구코드><법정동읍면동코드>10100</법정동읍면동코드><법정동지번코드>1</법정동지번코드><아파트>후암미주</아파트><월>12</월><일>10</일><일련번호>11170-4</일련번호><전용면적>62.78</전용면적><중개사소재지>서울 용산구</중개사소재지><지번>423-1</지번><지역코드>11170</지역코드><층>5</층><해제사유발생일> </해제사유발생일><해제여부> </해제여부></item><item><거래금액>    90,000</거래금액><거래유형>중개거래</거래유형><건축년도>2001</건축년도><년>2022</년><도로명>새창로8길</도로명><도로명건물본번호코드>00157</도로명건물본번호코드><도로명건물부번호코드>00000</도로명건물부번호코드><도로명시군구코드>11170</도로명시군구코드><도로명일련번호코드>01</도로명일련번호코드><도로명지상지하코드>0</도로명지상지하코드><도로명코드>4106144</도로명코드><법정동> 산천동</법정동><법정동본번코드>0204</법정동본번코드><법정동부번코드>0000</법정동부번코드><법정동시군구코드>11170</법정동시군구코드><법정동읍면동코드>11500</법정동읍면동코드><법정동지번코드>1</법정동지번코드><아파트>한강타운</아파트><월>12</월><일>10</일><일련번호>11170-139</일련번호><전용면적>59.69</전용면적><중개사소재지>서울 마포구</중개사소재지><지번>204</지번><지역코드>11170</지역코드><층>12</층><해제사유발생일> </해제사유발생일><해제여부> </해제여부></item><item><거래금액>   130,000</거래금액><거래유형>중개거래</거래유형><건축년도>1999</건축년도><년>2022</년><도로명>원효로</도로명><도로명건물본번호코드>00040</도로명건물본번호코드><도로명건물부번호코드>00000</도로명건물부번호코드><도로명시군구코드>11170</도로명시군구코드><도로명일련번호코드>05</도로명일련번호코드><도로명지상지하코드>0</도로명지상지하코드><도로명코드>3102007</도로명코드><법정동> 원효로4가</법정동><법정동본번코드>0178</법정동본번코드><법정동부번코드>0000</법정동부번코드><법정동시군구코드>11170</법정동시군구코드><법정동읍면동코드>11800</법정동읍면동코드><법정동지번코드>1</법정동지번코드><아파트>강변삼성스위트</아파트><월>12</월><일>29</일><일련번호>11170-13</일련번호><전용면적>59.94</전용면적><중개사소재지>서울 용산구</중개사소재지><지번>178</지번><지역코드>11170</지역코드><층>15</층><해제사유발생일> </해제사유발생일><해제여부> </해제여부></item><item><거래금액>   134,000</거래금액><거래유형>중개거래</거래유형><건축년도>2007</건축년도><년>2022</년><도로명>백범로90다길</도로명><도로명건물본번호코드>00012</도로명건물본번호코드><도로명건물부번호코드>00000</도로명건물부번호코드><도로명시군구코드>11170</도로명시군구코드><도로명일련번호코드>01</도로명일련번호코드><도로명지상지하코드>0</도로명지상지하코드><도로명코드>4106104</도로명코드><법정동> 문배동</법정동><법정동본번코드>0024</법정동본번코드><법정동부번코드>0006</법정동부번코드><법정동시군구코드>11170</법정동시군구코드><법정동읍면동코드>12200</법정동읍면동코드><법정동지번코드>1</법정동지번코드><아파트>CJ나인파크</아파트><월>12</월><일>6</일><일련번호>11170-2497</일련번호><전용면적>97.24</전용면적><중개사소재지>서울 용산구</중개사소재지><지번>24-6</지번><지역코드>11170</지역코드><층>4</층><해제사유발생일> </해제사유발생일><해제여부> </해제여부></item><item><거래금액>   156,000</거래금액><거래유형>중개거래</거래유형><건축년도>2005</건축년도><년>2022</년><도로명>한강대로</도로명><도로명건물본번호코드>00205</도로명건물본번호코드><도로명건물부번호코드>00000</도로명건물부번호코드><도로명시군구코드>11170</도로명시군구코드><도로명일련번호코드>04</도로명일련번호코드><도로명지상지하코드>0</도로명지상지하코드><도로명코드>2005005</도로명코드><법정동> 한강로1가</법정동><법정동본번코드>0050</법정동본번코드><법정동부번코드>0001</법정동부번코드><법정동시군구코드>11170</법정동시군구코드><법정동읍면동코드>12400</법정동읍면동코드><법정동지번코드>1</법정동지번코드><아파트>용산파크자이</아파트><월>12</월><일>22</일><일련번호>11170-2307</일련번호><전용면적>123.12</전용면적><중개사소재지>서울 용산구</중개사소재지><지번>50-1</지번><지역코드>11170</지역코드><층>8</층><해제사유발생일> </해제사유발생일><해제여부> </해제여부></item><item><거래금액>   350,000</거래금액><거래유형>중개거래</거래유형><건축년도>2017</건축년도><년>2022</년><도로명>한강대로</도로명><도로명건물본번호코드>00095</도로명건물본번호코드><도로명건물부번호코드>00000</도로명건물부번호코드><도로명시군구코드>11170</도로명시군구코드><도로명일련번호코드>00</도로명일련번호코드><도로명코드>2005005</도로명코드><법정동> 한강로2가</법정동><법정동본번코드>0422</법정동본번코드><법정동부번코드>0000</법정동부번코드><법정동시군구코드>11170</법정동시군구코드><법정동읍면동코드>12500</법정동읍면동코드><법정동지번코드>1</법정동지번코드><아파트>래미안용산더센트럴</아파트><월>12</월><일>13</일><일련번호>11170-3122</일련번호><전용면적>135.27</전용면적><중개사소재지>서울 용산구</중개사소재지><지번>422</지번><지역코드>11170</지역코드><층>37</층><해제사유발생일> </해제사유발생일><해제여부> </해제여부></item><item><거래금액>   210,000</거래금액><거래유형>중개거래</거래유형><건축년도>2001</건축년도><년>2022</년><도로명>이촌로</도로명><도로명건물본번호코드>00174</도로명건물본번호코드><도로명건물부번호코드>00000</도로명건물부번호코드><도로명시군구코드>11170</도로명시군구코드><도로명일련번호코드>02</도로명일련번호코드><도로명지상지하코드>0</도로명지상지하코드><도로명코드>3102008</도로명코드><법정동> 이촌동</법정동><법정동본번코드>0418</법정동본번코드><법정동부번코드>0000</법정동부번코드><법정동시군구코드>11170</법정동시군구코드><법정동읍면동코드>12900</법정동읍면동코드><법정동지번코드>1</법정동지번코드><아파트>동부센트레빌</아파트><월>12</월><일>14</일><일련번호>11170-40</일련번호><전용면적>100.92</전용면적><중개사소재지>서울 용산구</중개사소재지><지번>418</지번><지역코드>11170</지역코드><층>19</층><해제사유발생일> </해제사유발생일><해제여부> </해제여부></item><item><거래금액>   215,000</거래금액><거래유형>중개거래</거래유형><건축년도>1998</건축년도><년>2022</년><도로명>이촌로87길</도로명><도로명건물본번호코드>00013</도로명건물본번호코드><도로명건물부번호코드>00000</도로명건물부번호코드><도로명시군구코드>11170</도로명시군구코드><도로명일련번호코드>01</도로명일련번호코드><도로명코드>4106296</도로명코드><법정동> 이촌동</법정동><법정동본번코드>0402</법정동본번코드><법정동부번코드>0000</법정동부번코드><법정동시군구코드>11170</법정동시군구코드><법정동읍면동코드>12900</법정동읍면동코드><법정동지번코드>1</법정동지번코드><아파트>강촌</아파트><월>12</월><일>30</일><일련번호>11170-35</일련번호><전용면적>114.595</전용면적><중개사소재지>경기 성남분당구</중개사소재지><지번>402</지번><지역코드>11170</지역코드><층>15</층><해제사유발생일> </해제사유발생일><해제여부> </해제여부></item><item><거래금액>   169,000</거래금액><거래유형>중개거래</거래유형><건축년도>1976</건축년도><년>2022</년><도로명>우사단로10길</도로명><도로명건물본번호코드>00039</도로명건물본번호코드><도로명건물부번호코드>00096</도로명건물부번호코드><도로명시군구코드>11170</도로명시군구코드><도로명일련번호코드>02</도로명일련번호코드><도로명지상지하코드>0</도로명지상지하코드><도로명코드>4106215</도로명코드><법정동> 한남동</법정동><법정동본번코드>0732</법정동본번코드><법정동부번코드>0019</법정동부번코드><법정동시군구코드>11170</법정동시군구코드><법정동읍면동코드>13100</법정동읍면동코드><법정동지번코드>1</법정동지번코드><아파트>장미1</아파트><월>12</월><일>15</일><일련번호>11170-188</일련번호><전용면적>66.28</전용면적><중개사소재지>서울 용산구</중개사소재지><지번>732-19</지번><지역코드>11170</지역코드><층>4</층><해제사유발생일> </해제사유발생일><해제여부> </해제여부></item><item><거래금액>   100,000</거래금액><거래유형>중개거래</거래유형><건축년도>2000</건축년도><년>2022</년><도로명>보광로5길</도로명><도로명건물본번호코드>00040</도로명건물본번호코드><도로명건물부번호코드>00000</도로명건물부번호코드><도로명시군구코드>11170</도로명시군구코드><도로명일련번호코드>01</도로명일련번호코드><도로명지상지하코드>0</도로명지상지하코드><도로명코드>4106128</도로명코드><법정동> 보광동</법정동><법정동본번코드>0151</법정동본번코드><법정동부번코드>0000</법정동부번코드><법정동시군구코드>11170</법정동시군구코드><법정동읍면동코드>13600</법정동읍면동코드><법정동지번코드>1</법정동지번코드><아파트>리버빌(삼성)</아파트><월>12</월><일>29</일><일련번호>11170-133</일련번호><전용면적>59.7</전용면적><중개사소재지>서울 용산구</중개사소재지><지번>151</지번><지역코드>11170</지역코드><층>4</층><해제사유발생일> </해제사유발생일><해제여부> </해제여부></item></items><numOfRows>999</numOfRows><pageNo>1</pageNo><totalCount>10</totalCount></body></response>