<?xml version="1.0" encoding="UTF-8" standalone="yes"?><response><header><resultCode>00</resultCode><resultMsg>NORMAL SERVICE.</resultMsg></header><body><items><item><거래금액>   107,000</거래금액><거래유형>중개거래</거래유형><건축년도>1980</건축년도><년>2022</년><도로명>후암로</도로명><도로명건물본번호코드>00071</도로명건물본번호코드><도로명건물부번호코드>00001</도로명건물부번호코드><도로명시군구코드>11170</도로명시군구코드><도로명일련번호코드>01</도로명일련번호코드><도로명지상지하코드>0</도로명지상지하코드><도로명코드>3101024</도로명코드><법정동> 후암동</법정동><법정동본번코드>0423</법정동본번코드><법정동부번코드>0001</법정동부번코드><법정동시군구코드>11170</법정동시군구코드><법정동읍면동코드>10100</법정동읍면동코드><법정동지번코드>1</법정동지번코드><아파트>후암미주</아파트><월>10</월><일>22</일><일련번호>11170-4</일련번호><전용면적>63.44</전용면적><중개사소재지>서울 용산구</중개사소재지><지번>423-1</지번><지역코드>11170</지역코드><층>2</층><해제사유발생일> </해제사유발생일><해제여부> </해제여부></item><item><거래금액>    49,500</거래금액><거래유형>중개거래</거래유형><건축년도>2003</건축년도><년>2022</년><도로명>효창원로76길</도로명><도로명건물본번호코드>00007</도로명건물본번호코드><도로명건물부번호코드>00000</도로명건물부번호코드><도로명시군구코드>11170</도로명시군구코드><도로명일련번호코드>01</도로명일련번호코드><도로명지상지하코드>0</도로명지상지하코드><도로명코드>4106554</도로명코드><법정동> 청파동3가</법정동><법정동본번코드>0132</법정동본번코드><법정동부번코드>0050</법정동부번코드><법정동시군구코드>11170</법정동시군구코드><법정동읍면동코드>11100</법정동읍면동코드><법정동지번코드>1</법정동지번코드><아파트>한울글로리A</아파트><월>10</월><일>5</일><일련번호>11170-151</일련번호><전용면적>65.3</전용면적><중개사소재지>서울 용산구</중개사소재지><지번>132-50</지번><지역코드>11170</지역코드><층>2</층><해제사유발생일> </해제사유발생일><해제여부> </해제여부></item><item><거래금액>    18,000</거래금액><거래유형>중개거래</거래유형><건축년도>2013</건축년도><년>2022</년><도로명>백범로90길</도로명><도로명건물본번호코드>00012</도로명건물본번호코드><도로명건물부번호코드>00000</도로명건물부번호코드><도로명시군구코드>11170</도로명시군구코드><도로명일련번호코드>01</도로명일련번호코드><도로명지상지하코드>0</도로명지상지하코드><도로명코드>4106102</도로명코드><법정동> 문배동</법정동><법정동본번코드>0024</법정동본번코드><법정동부번코드>0004</법정동부번코드><법정동시군구코드>11170</법정동시군구코드><법정동읍면동코드>12200</법정동읍면동코드><법정동지번코드>1</법정동지번코드><아파트>용산큐브</아파트><월>10</월><일>18</일><일련번호>11170-2913</일련번호><전용면적>13.01</전용면적><중개사소재지>서울 용산구</중개사소재지><지번>24-4</지번><지역코드>11170</지역코드><층>17</층><해제사유발생일> </해제사유발생일><해제여부> </해제여부></item><item><거래금액>   160,000</거래금액><거래유형>중개거래</거래유형><건축년도>2005</건축년도><년>2022</년><도로명>한강대로</도로명><도로명건물본번호코드>00205</도로명건물본번호코드><도로명건물부번호코드>00000</도로명건물부번호코드><도로명시군구코드>11170</도로명시군구코드><도로명일련번호코드>04</도로명일련번호코드><도로명지상지하코드>0</도로명지상지하코드><도로명코드>2005005</도로명코드><법정동> 한강로1가</법정동><법정동본번코드>0050</법정동본번코드><법정동부번코드>0001</법정동부번코드><법정동시군구코드>11170</법정동시군구코드><법정동읍면동코드>12400</법정동읍면동코드><법정동지번코드>1</법정동지번코드><아파트>용산파크자이</아파트><월>10</월><일>31</일><일련번호>11170-2307</일련번호><전용면적>99.85</전용면적><중개사소재지>서울 강남구</중개사소재지><지번>50-1</지번><지역코드>11170</지역코드><층>6</층><해제사유발생일>22.11.04</해제사유발생일><해제여부>O</해제여부></item><item><거래금액>   320,000</거래금액><거래유형>중개거래</거래유형><건축년도>2002</건축년도><년>2022</년><도로명>이촌로88길</도로명><도로명건물본번호코드>00030</도로명건물본번호코드><도로명건물부번호코드>00000</도로명건물부번호코드><도로명시군구코드>11170</도로명시군구코드><도로명일련번호코드>01</도로명일련번호코드><도로명지상지하코드>0</도로명지상지하코드><도로명코드>4106297</도로명코드><법정동> 이촌동</법정동><법정동본번코드>0426</법정동본번코드><법정동부번코드>0000</법정동부번코드><법정동시군구코드>11170</법정동시군구코드><법정동읍면동코드>12900</법정동읍면동코드><법정동지번코드>1</법정동지번코드><아파트>이촌동삼성리버스위트</아파트><월>10</월><일>9</일><일련번호>11170-71</일련번호><전용면적>137.37</전용면적><중개사소재지>서울 용산구</중개사소재지><지번>426</지번><지역코드>11170</지역코드><층>6</층><해제사유발생일> </해제사유발생일><해제여부> </해제여부></item><item><거래금액>   180,000</거래금액><거래유형>중개거래</거래유형><건축년도>2000</건축년도><년>2022</년><도로명>이촌로65가길</도로명><도로명건물본번호코드>00003</도로명건물본번호코드><도로명건물부번호코드>00000</도로명건물부번호코드><도로명시군구코드>11170</도로명시군구코드><도로명일련번호코드>00</도로명일련번호코드><도로명코드>4106287</도로명코드><법정동> 이촌동</법정동><법정동본번코드>0415</법정동본번코드><법정동부번코드>0000</법정동부번코드><법정동시군구코드>11170</법정동시군구코드><법정동읍면동코드>12900</법정동읍면동코드><법정동지번코드>1</법정동지번코드><아파트>한강(대우)</아파트><월>10</월><일>29</일><일련번호>11170-67</일련번호><전용면적>84.98</전용면적><중개사소재지>경기 광주시, 서울 용산구</중개사소재지><지번>415</지번><지역코드>11170</지역코드><층>8</층><해제사유발생일> </해제사유발생일><해제여부> </해제여부></item><item><거래금액>   355,000</거래금액><거래유형>중개거래</거래유형><건축년도>2002</건축년도><년>2022</년><도로명>서빙고로</도로명><도로명건물본번호코드>00413</도로명건물본번호코드><도로명건물부번호코드>00000</도로명건물부번호코드><도로명시군구코드>11170</도로명시군구코드><도로명일련번호코드>04</도로명일련번호코드><도로명지상지하코드>0</도로명지상지하코드><도로명코드>3102004</도로명코드><법정동> 한남동</법정동><법정동본번코드>0805</법정동본번코드><법정동부번코드>0000</법정동부번코드><법정동시군구코드>11170</법정동시군구코드><법정동읍면동코드>13100</법정동읍면동코드><법정동지번코드>1</법정동지번코드><아파트>현대하이페리온</아파트><월>10</월><일>5</일><일련번호>11170-120</일련번호><전용면적>197.22</전용면적><중개사소재지>서울 용산구, 서울 중구</중개사소재지><지번>805</지번><지역코드>11170</지역코드><층>12</층><해제사유발생일> </해제사유발생일><해제여부> </해제여부></item><item><거래금액>   120,000</거래금액><거래유형>직거래</거래유형><건축년도>1970</건축년도><년>2022</년><도로명>독서당로34길</도로명><도로명건물본번호코드>00022</도로명건물본번호코드><도로명건물부번호코드>00000</도로명건물부번호코드><도로명시군구코드>11170</도로명시군구코드><도로명일련번호코드>00</도로명일련번호코드><도로명코드>4106047</도로명코드><법정동> 한남동</법정동><법정동본번코드>0001</법정동본번코드><법정동부번코드>0349</법정동부번코드><법정동시군구코드>11170</법정동시군구코드><법정동읍면동코드>13100</법정동읍면동코드><법정동지번코드>1</법정동지번코드><아파트>시범</아파트><월>10</월><일>7</일><일련번호>11170-93</일련번호><전용면적>59.5</전용면적><중개사소재지> </중개사소재지><지번>1-349</지번><지역코드>11170</지역코드><층>5</층><해제사유발생일> </해제사유발생일><해제여부> </해제여부></item><item><거래금액>    53,000</거래금액><거래유형>중개거래</거래유형><건축년도>1974</건축년도><년>2022</년><도로명>독서당로</도로명><도로명건물본번호코드>00073</도로명건물본번호코드><도로명건물부번호코드>00004</도로명건물부번호코드><도로명시군구코드>11170</도로명시군구코드><도로명일련번호코드>01</도로명일련번호코드><도로명지상지하코드>0</도로명지상지하코드><도로명코드>3005014</도로명코드><법정동> 한남동</법정동><법정동본번코드>0029</법정동본번코드><법정동부번코드>0004</법정동부번코드><법정동시군구코드>11170</법정동시군구코드><법정동읍면동코드>13100</법정동읍면동코드><법정동지번코드>1</법정동지번코드><아파트>한성1</아파트><월>10</월><일>11</일><일련번호>11170-114</일련번호><전용면적>48.69</전용면적><중개사소재지>서울 용산구</중개사소재지><지번>29-4</지번><지역코드>11170</지역코드><층>1</층><해제사유발생일> </해제사유발생일><해제여부> </해제여부></item></items><numOfRows>999</numOfRows><pageNo>1</pageNo><totalCount>9</totalCount></body></response>