<?xml version="1.0" encoding="UTF-8" standalone="yes"?><response><header><resultCode>00</resultCode><resultMsg>NORMAL SERVICE.</resultMsg></header><body><items><item><거래금액>   105,000</거래금액><거래유형>중개거래</거래유형><건축년도>1980</건축년도><년>2023</년><도로명>후암로</도로명><도로명건물본번호코드>00071</도로명건물본번호코드><도로명건물부번호코드>00001</도로명건물부번호코드><도로명시군구코드>11170</도로명시군구코드><도로명일련번호코드>01</도로명일련번호코드><도로명지상지하코드>0</도로명지상지하코드><도로명코드>3101024</도로명코드><법정동> 후암동</법정동><법정동본번코드>0423</법정동본번코드><법정동부번코드>0001</법정동부번코드><법정동시군구코드>11170</법정동시군구코드><법정동읍면동코드>10100</법정동읍면동코드><법정동지번코드>1</법정동지번코드><아파트>후암미주</아파트><월>1</월><일>26</일><일련번호>11170-4</일련번호><전용면적>63.44</전용면적><중개사소재지>서울 용산구</중개사소재지><지번>423-1</지번><지역코드>11170</지역코드><층>4</층><해제사유발생일> </해제사유발생일><해제여부> </해제여부></item><item><거래금액>    85,000</거래금액><거래유형>중개거래</거래유형><건축년도>2004</건축년도><년>2023</년><도로명>후암로28마길</도로명><도로명건물본번호코드>00002</도로명건물본번호코드><도로명건물부번호코드>00000</도로명건물부번호코드><도로명시군구코드>11170</도로명시군구코드><도로명일련번호코드>01</도로명일련번호코드><도로명지상지하코드>0</도로명지상지하코드><도로명코드>4106583</도로명코드><법정동> 후암동</법정동><법정동본번코드>0302</법정동본번코드><법정동부번코드>0000</법정동부번코드><법정동시군구코드>11170</법정동시군구코드><법정동읍면동코드>10100</법정동읍면동코드><법정동지번코드>1</법정동지번코드><아파트>신주에지앙</아파트><월>1</월><일>30</일><일련번호>11170-258</일련번호><전용면적>106.83</전용면적><중개사소재지>서울 용산구</중개사소재지><지번>302</지번><지역코드>11170</지역코드><층>4</층><해제사유발생일> </해제사유발생일><해제여부> </해제여부></item><item><거래금액>   152,500</거래금액><거래유형>중개거래</거래유형><건축년도>2014</건축년도><년>2023</년><도로명>원효로90길</도로명><도로명건물본번호코드>00011</도로명건물본번호코드><도로명건물부번호코드>00000</도로명건물부번호코드><도로명시군구코드>11170</도로명시군구코드><도로명일련번호코드>01</도로명일련번호코드><도로명지상지하코드>0</도로명지상지하코드><도로명코드>4106264</도로명코드><법정동> 원효로1가</법정동><법정동본번코드>0041</법정동본번코드><법정동부번코드>0000</법정동부번코드><법정동시군구코드>11170</법정동시군구코드><법정동읍면동코드>11200</법정동읍면동코드><법정동지번코드>1</법정동지번코드><아파트>용산더프라임</아파트><월>1</월><일>14</일><일련번호>11170-2960</일련번호><전용면적>84.976</전용면적><중개사소재지>서울 마포구, 서울 용산구</중개사소재지><지번>41</지번><지역코드>11170</지역코드><층>11</층><해제사유발생일> </해제사유발생일><해제여부> </해제여부></item><item><거래금액>    90,000</거래금액><거래유형>중개거래</거래유형><건축년도>1971</건축년도><년>2023</년><도로명>원효로25길</도로명><도로명건물본번호코드>00013</도로명건물본번호코드><도로명건물부번호코드>00000</도로명건물부번호코드><도로명시군구코드>11170</도로명시군구코드><도로명일련번호코드>01</도로명일련번호코드><도로명지상지하코드>0</도로명지상지하코드><도로명코드>4106236</도로명코드><법정동> 원효로4가</법정동><법정동본번코드>0109</법정동본번코드><법정동부번코드>0004</법정동부번코드><법정동시군구코드>11170</법정동시군구코드><법정동읍면동코드>11800</법정동읍면동코드><법정동지번코드>1</법정동지번코드><아파트>풍전</아파트><월>1</월><일>20</일><일련번호>11170-15</일련번호><전용면적>81.72</전용면적><중개사소재지>서울 용산구</중개사소재지><지번>109-4</지번><지역코드>11170</지역코드><층>2</층><해제사유발생일>23.02.28</해제사유발생일><해제여부>O</해제여부></item><item><거래금액>    35,000</거래금액><거래유형>중개거래</거래유형><건축년도>1971</건축년도><년>2023</년><도로명>새창로12길</도로명><도로명건물본번호코드>00011</도로명건물본번호코드><도로명건물부번호코드>00007</도로명건물부번호코드><도로명시군구코드>11170</도로명시군구코드><도로명일련번호코드>02</도로명일련번호코드><도로명지상지하코드>0</도로명지상지하코드><도로명코드>4106131</도로명코드><법정동> 도원동</법정동><법정동본번코드>0003</법정동본번코드><법정동부번코드>0004</법정동부번코드><법정동시군구코드>11170</법정동시군구코드><법정동읍면동코드>12000</법정동읍면동코드><법정동지번코드>1</법정동지번코드><아파트>제일1</아파트><월>1</월><일>11</일><일련번호>11170-28</일련번호><전용면적>45.26</전용면적><중개사소재지>서울 용산구</중개사소재지><지번>3-4</지번><지역코드>11170</지역코드><층>3</층><해제사유발생일> </해제사유발생일><해제여부> </해제여부></item><item><거래금액>   121,600</거래금액><거래유형>중개거래</거래유형><건축년도>2005</건축년도><년>2023</년><도로명>백범로90길</도로명><도로명건물본번호코드>00074</도로명건물본번호코드><도로명건물부번호코드>00000</도로명건물부번호코드><도로명시군구코드>11170</도로명시군구코드><도로명일련번호코드>01</도로명일련번호코드><도로명지상지하코드>0</도로명지상지하코드><도로명코드>4106102</도로명코드><법정동> 문배동</법정동><법정동본번코드>0011</법정동본번코드><법정동부번코드>0014</법정동부번코드><법정동시군구코드>11170</법정동시군구코드><법정동읍면동코드>12200</법정동읍면동코드><법정동지번코드>1</법정동지번코드><아파트>이안용산1차(101동)</아파트><월>1</월><일>26</일><일련번호>11170-2305</일련번호><전용면적>107.53</전용면적><중개사소재지>경기 과천시</중개사소재지><지번>11-14</지번><지역코드>11170</지역코드><층>3</층><해제사유발생일> </해제사유발생일><해제여부> </해제여부></item><item><거래금액>   120,000</거래금액><거래유형>중개거래</거래유형><건축년도>2004</건축년도><년>2023</년><도로명>백범로</도로명><도로명건물본번호코드>00346</도로명건물본번호코드><도로명건물부번호코드>00000</도로명건물부번호코드><도로명시군구코드>11170</도로명시군구코드><도로명일련번호코드>05</도로명일련번호코드><도로명지상지하코드>0</도로명지상지하코드><도로명코드>3005016</도로명코드><법정동> 문배동</법정동><법정동본번코드>0017</법정동본번코드><법정동부번코드>0001</법정동부번코드><법정동시군구코드>11170</법정동시군구코드><법정동읍면동코드>12200</법정동읍면동코드><법정동지번코드>1</법정동지번코드><아파트>지오베르크</아파트><월>1</월><일>31</일><일련번호>11170-191</일련번호><전용면적>84.99</전용면적><중개사소재지>서울 용산구</중개사소재지><지번>17-1</지번><지역코드>11170</지역코드><층>13</층><해제사유발생일> </해제사유발생일><해제여부> </해제여부></item><item><거래금액>   370,000</거래금액><거래유형>중개거래</거래유형><건축년도>2020</건축년도><년>2023</년><도로명>서빙고로</도로명><도로명건물본번호코드>00017</도로명건물본번호코드><도로명건물부번호코드>00000</도로명건물부번호코드><도로명시군구코드>11170</도로명시군구코드><도로명일련번호코드>00</도로명일련번호코드><도로명코드>3102004</도로명코드><법정동> 한강로3가</법정동><법정동본번코드>0098</법정동본번코드><법정동부번코드>0000</법정동부번코드><법정동시군구코드>11170</법정동시군구코드><법정동읍면동코드>12800</법정동읍면동코드><법정동지번코드>1</법정동지번코드><아파트>센트럴파크</아파트><월>1</월><일>10</일><일련번호>11170-3299</일련번호><전용면적>135.3849</전용면적><중개사소재지>서울 용산구</중개사소재지><지번>98</지번><지역코드>11170</지역코드><층>9</층><해제사유발생일> </해제사유발생일><해제여부> </해제여부></item><item><거래금액>   340,000</거래금액><거래유형>중개거래</거래유형><건축년도>2007</건축년도><년>2023</년><도로명>서빙고로</도로명><도로명건물본번호코드>00035</도로명건물본번호코드><도로명건물부번호코드>00000</도로명건물부번호코드><도로명시군구코드>11170</도로명시군구코드><도로명일련번호코드>03</도로명일련번호코드><도로명지상지하코드>0</도로명지상지하코드><도로명코드>3102004</도로명코드><법정동> 한강로3가</법정동><법정동본번코드>0063</법정동본번코드><법정동부번코드>0389</법정동부번코드><법정동시군구코드>11170</법정동시군구코드><법정동읍면동코드>12800</법정동읍면동코드><법정동지번코드>1</법정동지번코드><아파트>용산시티파크(1단지)</아파트><월>1</월><일>18</일><일련번호>11170-2522</일련번호><전용면적>143.36</전용면적><중개사소재지>서울 용산구</중개사소재지><지번>63-389</지번><지역코드>11170</지역코드><층>22</층><해제사유발생일> </해제사유발생일><해제여부> </해제여부></item><item><거래금액>   176,000</거래금액><거래유형>중개거래</거래유형><건축년도>1998</건축년도><년>2023</년><도로명>이촌로65길</도로명><도로명건물본번호코드>00008</도로명건물본번호코드><도로명건물부번호코드>00000</도로명건물부번호코드><도로명시군구코드>11170</도로명시군구코드><도로명일련번호코드>01</도로명일련번호코드><도로명지상지하코드>0</도로명지상지하코드><도로명코드>4106288</도로명코드><법정동> 이촌동</법정동><법정동본번코드>0404</법정동본번코드><법정동부번코드>0000</법정동부번코드><법정동시군구코드>11170</법정동시군구코드><법정동읍면동코드>12900</법정동읍면동코드><법정동지번코드>1</법정동지번코드><아파트>한가람</아파트><월>1</월><일>20</일><일련번호>11170-66</일련번호><전용면적>84.89</전용면적><중개사소재지>서울 용산구</중개사소재지><지번>404</지번><지역코드>11170</지역코드><층>8</층><해제사유발생일> </해제사유발생일><해제여부> </해제여부></item><item><거래금액>   131,000</거래금액><거래유형>중개거래</거래유형><건축년도>1999</건축년도><년>2023</년><도로명>이촌로87길</도로명><도로명건물본번호코드>00021</도로명건물본번호코드><도로명건물부번호코드>00000</도로명건물부번호코드><도로명시군구코드>11170</도로명시군구코드><도로명일련번호코드>01</도로명일련번호코드><도로명코드>4106296</도로명코드><법정동> 이촌동</법정동><법정동본번코드>0412</법정동본번코드><법정동부번코드>0000</법정동부번코드><법정동시군구코드>11170</법정동시군구코드><법정동읍면동코드>12900</법정동읍면동코드><법정동지번코드>1</법정동지번코드><아파트>이촌코오롱(A)</아파트><월>1</월><일>26</일><일련번호>11170-55</일련번호><전용면적>59.82</전용면적><중개사소재지>서울 용산구</중개사소재지><지번>412</지번><지역코드>11170</지역코드><층>7</층><해제사유발생일> </해제사유발생일><해제여부> </해제여부></item><item><거래금액>   178,000</거래금액><거래유형>중개거래</거래유형><건축년도>1976</건축년도><년>2023</년><도로명>우사단로10길</도로명><도로명건물본번호코드>00039</도로명건물본번호코드><도로명건물부번호코드>00096</도로명건물부번호코드><도로명시군구코드>11170</도로명시군구코드><도로명일련번호코드>02</도로명일련번호코드><도로명지상지하코드>0</도로명지상지하코드><도로명코드>4106215</도로명코드><법정동> 한남동</법정동><법정동본번코드>0732</법정동본번코드><법정동부번코드>0019</법정동부번코드><법정동시군구코드>11170</법정동시군구코드><법정동읍면동코드>13100</법정동읍면동코드><법정동지번코드>1</법정동지번코드><아파트>장미1</아파트><월>1</월><일>12</일><일련번호>11170-188</일련번호><전용면적>78.01</전용면적><중개사소재지>서울 용산구</중개사소재지><지번>732-19</지번><지역코드>11170</지역코드><층>5</층><해제사유발생일> </해제사유발생일><해제여부> </해제여부></item><item><거래금액>   430,000</거래금액><거래유형>중개거래</거래유형><건축년도>2003</건축년도><년>2023</년><도로명>유엔빌리지길</도로명><도로명건물본번호코드>00200</도로명건물본번호코드><도로명건물부번호코드>00016</도로명건물부번호코드><도로명시군구코드>11170</도로명시군구코드><도로명일련번호코드>01</도로명일련번호코드><도로명지상지하코드>0</도로명지상지하코드><도로명코드>4106272</도로명코드><법정동> 한남동</법정동><법정동본번코드>0001</법정동본번코드><법정동부번코드>0044</법정동부번코드><법정동시군구코드>11170</법정동시군구코드><법정동읍면동코드>13100</법정동읍면동코드><법정동지번코드>1</법정동지번코드><아파트>힐탑트레져1동</아파트><월>1</월><일>25</일><일련번호>11170-148</일련번호><전용면적>224.21</전용면적><중개사소재지>서울 용산구</중개사소재지><지번>1-44</지번><지역코드>11170</지역코드><층>3</층><해제사유발생일> </해제사유발생일><해제여부> </해제여부></item><item><거래금액>   140,000</거래금액><거래유형>중개거래</거래유형><건축년도>2000</건축년도><년>2023</년><도로명>보광로5길</도로명><도로명건물본번호코드>00040</도로명건물본번호코드><도로명건물부번호코드>00000</도로명건물부번호코드><도로명시군구코드>11170</도로명시군구코드><도로명일련번호코드>01</도로명일련번호코드><도로명지상지하코드>0</도로명지상지하코드><도로명코드>4106128</도로명코드><법정동> 보광동</법정동><법정동본번코드>0151</법정동본번코드><법정동부번코드>0000</법정동부번코드><법정동시군구코드>11170</법정동시군구코드><법정동읍면동코드>13600</법정동읍면동코드><법정동지번코드>1</법정동지번코드><아파트>리버빌(삼성)</아파트><월>1</월><일>14</일><일련번호>11170-133</일련번호><전용면적>84.74</전용면적><중개사소재지>서울 용산구</중개사소재지><지번>151</지번><지역코드>11170</지역코드><층>15</층><해제사유발생일> </해제사유발생일><해제여부> </해제여부></item></items><numOfRows>999</numOfRows><pageNo>1</pageNo><totalCount>14</totalCount></body></response>