<?xml version="1.0" encoding="UTF-8" standalone="yes"?><response><header><resultCode>00</resultCode><resultMsg>NORMAL SERVICE.</resultMsg></header><body><items><item><거래금액>    40,500</거래금액><거래유형>중개거래</거래유형><건축년도>2004</건축년도><년>2022</년><도로명>노해로44길</도로명><도로명건물본번호코드>00048</도로명건물본번호코드><도로명건물부번호코드>00000</도로명건물부번호코드><도로명시군구코드>11320</도로명시군구코드><도로명일련번호코드>01</도로명일련번호코드><도로명지상지하코드>0</도로명지상지하코드><도로명코드>4127009</도로명코드><법정동> 쌍문동</법정동><법정동본번코드>0315</법정동본번코드><법정동부번코드>0048</법정동부번코드><법정동시군구코드>11320</법정동시군구코드><법정동읍면동코드>10500</법정동읍면동코드><법정동지번코드>1</법정동지번코드><아파트>하루방</아파트><월>10</월><일>16</일><일련번호>11320-133</일련번호><전용면적>80.25</전용면적><중개사소재지>인천 부평구</중개사소재지><지번>315-48</지번><지역코드>11320</지역코드><층>2</층><해제사유발생일> </해제사유발생일><해제여부> </해제여부></item><item><거래금액>    60,000</거래금액><거래유형>중개거래</거래유형><건축년도>1993</건축년도><년>2022</년><도로명>해등로25길</도로명><도로명건물본번호코드>00041</도로명건물본번호코드><도로명건물부번호코드>00000</도로명건물부번호코드><도로명시군구코드>11320</도로명시군구코드><도로명일련번호코드>01</도로명일련번호코드><도로명지상지하코드>0</도로명지상지하코드><도로명코드>4127317</도로명코드><법정동> 쌍문동</법정동><법정동본번코드>0158</법정동본번코드><법정동부번코드>0000</법정동부번코드><법정동시군구코드>11320</법정동시군구코드><법정동읍면동코드>10500</법정동읍면동코드><법정동지번코드>1</법정동지번코드><아파트>한양7</아파트><월>10</월><일>19</일><일련번호>11320-26</일련번호><전용면적>84.86</전용면적><중개사소재지>서울 종로구</중개사소재지><지번>158</지번><지역코드>11320</지역코드><층>15</층><해제사유발생일> </해제사유발생일><해제여부> </해제여부></item><item><거래금액>    50,000</거래금액><거래유형>중개거래</거래유형><건축년도>1988</건축년도><년>2022</년><도로명>해등로</도로명><도로명건물본번호코드>00231</도로명건물본번호코드><도로명건물부번호코드>00000</도로명건물부번호코드><도로명시군구코드>11320</도로명시군구코드><도로명일련번호코드>01</도로명일련번호코드><도로명지상지하코드>0</도로명지상지하코드><도로명코드>3109003</도로명코드><법정동> 쌍문동</법정동><법정동본번코드>0059</법정동본번코드><법정동부번코드>0000</법정동부번코드><법정동시군구코드>11320</법정동시군구코드><법정동읍면동코드>10500</법정동읍면동코드><법정동지번코드>1</법정동지번코드><아파트>한양2</아파트><월>10</월><일>20</일><일련번호>11320-21</일련번호><전용면적>76.92</전용면적><중개사소재지>서울 도봉구</중개사소재지><지번>59</지번><지역코드>11320</지역코드><층>6</층><해제사유발생일> </해제사유발생일><해제여부> </해제여부></item><item><거래금액>    24,800</거래금액><거래유형>중개거래</거래유형><건축년도>1988</건축년도><년>2022</년><도로명>해등로</도로명><도로명건물본번호코드>00231</도로명건물본번호코드><도로명건물부번호코드>00000</도로명건물부번호코드><도로명시군구코드>11320</도로명시군구코드><도로명일련번호코드>01</도로명일련번호코드><도로명지상지하코드>0</도로명지상지하코드><도로명코드>3109003</도로명코드><법정동> 쌍문동</법정동><법정동본번코드>0059</법정동본번코드><법정동부번코드>0000</법정동부번코드><법정동시군구코드>11320</법정동시군구코드><법정동읍면동코드>10500</법정동읍면동코드><법정동지번코드>1</법정동지번코드><아파트>한양2</아파트><월>10</월><일>27</일><일련번호>11320-21</일련번호><전용면적>35.1</전용면적><중개사소재지>서울 도봉구</중개사소재지><지번>59</지번><지역코드>11320</지역코드><층>9</층><해제사유발생일> </해제사유발생일><해제여부> </해제여부></item><item><거래금액>    13,500</거래금액><거래유형>중개거래</거래유형><건축년도>2018</건축년도><년>2022</년><도로명>도봉로150다길</도로명><도로명건물본번호코드>00028</도로명건물본번호코드><도로명건물부번호코드>00000</도로명건물부번호코드><도로명시군구코드>11320</도로명시군구코드><도로명일련번호코드>00</도로명일련번호코드><도로명지상지하코드>0</도로명지상지하코드><도로명코드>4127145</도로명코드><법정동> 방학동</법정동><법정동본번코드>0717</법정동본번코드><법정동부번코드>0002</법정동부번코드><법정동시군구코드>11320</법정동시군구코드><법정동읍면동코드>10600</법정동읍면동코드><법정동지번코드>1</법정동지번코드><아파트>방학지음재힐스</아파트><월>10</월><일>14</일><일련번호>11320-3496</일련번호><전용면적>14.86</전용면적><중개사소재지>서울 도봉구</중개사소재지><지번>717-2</지번><지역코드>11320</지역코드><층>11</층><해제사유발생일> </해제사유발생일><해제여부> </해제여부></item><item><거래금액>    47,000</거래금액><거래유형>중개거래</거래유형><건축년도>1986</건축년도><년>2022</년><도로명>방학로</도로명><도로명건물본번호코드>00193</도로명건물본번호코드><도로명건물부번호코드>00000</도로명건물부번호코드><도로명시군구코드>11320</도로명시군구코드><도로명일련번호코드>00</도로명일련번호코드><도로명지상지하코드>0</도로명지상지하코드><도로명코드>3005048</도로명코드><법정동> 방학동</법정동><법정동본번코드>0271</법정동본번코드><법정동부번코드>0001</법정동부번코드><법정동시군구코드>11320</법정동시군구코드><법정동읍면동코드>10600</법정동읍면동코드><법정동지번코드>1</법정동지번코드><아파트>신동아아파트1</아파트><월>10</월><일>17</일><일련번호>11320-42</일련번호><전용면적>70.62</전용면적><중개사소재지>서울 노원구, 서울 도봉구</중개사소재지><지번>271-1</지번><지역코드>11320</지역코드><층>10</층><해제사유발생일> </해제사유발생일><해제여부> </해제여부></item><item><거래금액>    34,700</거래금액><거래유형>중개거래</거래유형><건축년도>1991</건축년도><년>2022</년><도로명>방학로11길</도로명><도로명건물본번호코드>00036</도로명건물본번호코드><도로명건물부번호코드>00000</도로명건물부번호코드><도로명시군구코드>11320</도로명시군구코드><도로명일련번호코드>02</도로명일련번호코드><도로명지상지하코드>0</도로명지상지하코드><도로명코드>4127214</도로명코드><법정동> 방학동</법정동><법정동본번코드>0275</법정동본번코드><법정동부번코드>0000</법정동부번코드><법정동시군구코드>11320</법정동시군구코드><법정동읍면동코드>10600</법정동읍면동코드><법정동지번코드>1</법정동지번코드><아파트>벽산아파트1</아파트><월>10</월><일>19</일><일련번호>11320-38</일련번호><전용면적>52.36</전용면적><중개사소재지>서울 도봉구</중개사소재지><지번>275</지번><지역코드>11320</지역코드><층>10</층><해제사유발생일> </해제사유발생일><해제여부> </해제여부></item><item><거래금액>     9,000</거래금액><거래유형>중개거래</거래유형><건축년도>2013</건축년도><년>2022</년><도로명>도봉로150가길</도로명><도로명건물본번호코드>00027</도로명건물본번호코드><도로명건물부번호코드>00000</도로명건물부번호코드><도로명시군구코드>11320</도로명시군구코드><도로명일련번호코드>01</도로명일련번호코드><도로명지상지하코드>0</도로명지상지하코드><도로명코드>4127142</도로명코드><법정동> 방학동</법정동><법정동본번코드>0705</법정동본번코드><법정동부번코드>0017</법정동부번코드><법정동시군구코드>11320</법정동시군구코드><법정동읍면동코드>10600</법정동읍면동코드><법정동지번코드>1</법정동지번코드><아파트>퍼스티안</아파트><월>10</월><일>25</일><일련번호>11320-2945</일련번호><전용면적>13.6794</전용면적><중개사소재지>서울 도봉구</중개사소재지><지번>705-17</지번><지역코드>11320</지역코드><층>5</층><해제사유발생일> </해제사유발생일><해제여부> </해제여부></item><item><거래금액>     9,500</거래금액><거래유형>중개거래</거래유형><건축년도>2013</건축년도><년>2022</년><도로명>마들로11가길</도로명><도로명건물본번호코드>00006</도로명건물본번호코드><도로명건물부번호코드>00025</도로명건물부번호코드><도로명시군구코드>11320</도로명시군구코드><도로명일련번호코드>01</도로명일련번호코드><도로명지상지하코드>0</도로명지상지하코드><도로명코드>4127200</도로명코드><법정동> 창동</법정동><법정동본번코드>0007</법정동본번코드><법정동부번코드>0000</법정동부번코드><법정동시군구코드>11320</법정동시군구코드><법정동읍면동코드>10700</법정동읍면동코드><법정동지번코드>1</법정동지번코드><아파트>월가타워</아파트><월>10</월><일>1</일><일련번호>11320-3007</일련번호><전용면적>13.09</전용면적><중개사소재지>서울 도봉구</중개사소재지><지번>7</지번><지역코드>11320</지역코드><층>13</층><해제사유발생일> </해제사유발생일><해제여부> </해제여부></item><item><거래금액>    66,000</거래금액><거래유형>중개거래</거래유형><건축년도>1988</건축년도><년>2022</년><도로명>노해로70길</도로명><도로명건물본번호코드>00019</도로명건물본번호코드><도로명건물부번호코드>00000</도로명건물부번호코드><도로명시군구코드>11320</도로명시군구코드><도로명일련번호코드>01</도로명일련번호코드><도로명지상지하코드>0</도로명지상지하코드><도로명코드>4127033</도로명코드><법정동> 창동</법정동><법정동본번코드>0027</법정동본번코드><법정동부번코드>0000</법정동부번코드><법정동시군구코드>11320</법정동시군구코드><법정동읍면동코드>10700</법정동읍면동코드><법정동지번코드>1</법정동지번코드><아파트>주공19단지(창동리버타운)</아파트><월>10</월><일>4</일><일련번호>11320-101</일련번호><전용면적>60.5</전용면적><중개사소재지>서울 도봉구</중개사소재지><지번>27</지번><지역코드>11320</지역코드><층>5</층><해제사유발생일> </해제사유발생일><해제여부> </해제여부></item><item><거래금액>    47,000</거래금액><거래유형>중개거래</거래유형><건축년도>1991</건축년도><년>2022</년><도로명>덕릉로</도로명><도로명건물본번호코드>00350</도로명건물본번호코드><도로명건물부번호코드>00000</도로명건물부번호코드><도로명시군구코드>11320</도로명시군구코드><도로명일련번호코드>01</도로명일련번호코드><도로명지상지하코드>0</도로명지상지하코드><도로명코드>3000004</도로명코드><법정동> 창동</법정동><법정동본번코드>0373</법정동본번코드><법정동부번코드>0000</법정동부번코드><법정동시군구코드>11320</법정동시군구코드><법정동읍면동코드>10700</법정동읍면동코드><법정동지번코드>1</법정동지번코드><아파트>창동주공4단지</아파트><월>10</월><일>6</일><일련번호>11320-99</일련번호><전용면적>49.94</전용면적><중개사소재지>서울 도봉구</중개사소재지><지번>373</지번><지역코드>11320</지역코드><층>8</층><해제사유발생일> </해제사유발생일><해제여부> </해제여부></item><item><거래금액>    44,000</거래금액><거래유형>직거래</거래유형><건축년도>1990</건축년도><년>2022</년><도로명>해등로12길</도로명><도로명건물본번호코드>00044</도로명건물본번호코드><도로명건물부번호코드>00000</도로명건물부번호코드><도로명시군구코드>11320</도로명시군구코드><도로명일련번호코드>01</도로명일련번호코드><도로명지상지하코드>0</도로명지상지하코드><도로명코드>4127310</도로명코드><법정동> 창동</법정동><법정동본번코드>0316</법정동본번코드><법정동부번코드>0000</법정동부번코드><법정동시군구코드>11320</법정동시군구코드><법정동읍면동코드>10700</법정동읍면동코드><법정동지번코드>1</법정동지번코드><아파트>창동주공2단지</아파트><월>10</월><일>11</일><일련번호>11320-97</일련번호><전용면적>45.55</전용면적><중개사소재지> </중개사소재지><지번>316</지번><지역코드>11320</지역코드><층>6</층><해제사유발생일> </해제사유발생일><해제여부> </해제여부></item><item><거래금액>   147,000</거래금액><거래유형>중개거래</거래유형><건축년도>2004</건축년도><년>2022</년><도로명>도봉로136길</도로명><도로명건물본번호코드>00028</도로명건물본번호코드><도로명건물부번호코드>00000</도로명건물부번호코드><도로명시군구코드>11320</도로명시군구코드><도로명일련번호코드>01</도로명일련번호코드><도로명지상지하코드>0</도로명지상지하코드><도로명코드>4127128</도로명코드><법정동> 창동</법정동><법정동본번코드>0825</법정동본번코드><법정동부번코드>0000</법정동부번코드><법정동시군구코드>11320</법정동시군구코드><법정동읍면동코드>10700</법정동읍면동코드><법정동지번코드>1</법정동지번코드><아파트>북한산아이파크5차</아파트><월>10</월><일>15</일><일련번호>11320-149</일련번호><전용면적>165.1717</전용면적><중개사소재지>경기 동두천시, 서울 도봉구</중개사소재지><지번>825</지번><지역코드>11320</지역코드><층>12</층><해제사유발생일> </해제사유발생일><해제여부> </해제여부></item><item><거래금액>    42,000</거래금액><거래유형>중개거래</거래유형><건축년도>1991</건축년도><년>2022</년><도로명>덕릉로</도로명><도로명건물본번호코드>00350</도로명건물본번호코드><도로명건물부번호코드>00000</도로명건물부번호코드><도로명시군구코드>11320</도로명시군구코드><도로명일련번호코드>01</도로명일련번호코드><도로명지상지하코드>0</도로명지상지하코드><도로명코드>3000004</도로명코드><법정동> 창동</법정동><법정동본번코드>0373</법정동본번코드><법정동부번코드>0000</법정동부번코드><법정동시군구코드>11320</법정동시군구코드><법정동읍면동코드>10700</법정동읍면동코드><법정동지번코드>1</법정동지번코드><아파트>창동주공4단지</아파트><월>10</월><일>16</일><일련번호>11320-99</일련번호><전용면적>41.3</전용면적><중개사소재지>서울 도봉구</중개사소재지><지번>373</지번><지역코드>11320</지역코드><층>11</층><해제사유발생일> </해제사유발생일><해제여부> </해제여부></item><item><거래금액>    31,500</거래금액><거래유형>중개거래</거래유형><건축년도>1989</건축년도><년>2022</년><도로명>덕릉로66길</도로명><도로명건물본번호코드>00017</도로명건물본번호코드><도로명건물부번호코드>00000</도로명건물부번호코드><도로명시군구코드>11320</도로명시군구코드><도로명일련번호코드>01</도로명일련번호코드><도로명지상지하코드>0</도로명지상지하코드><도로명코드>4127067</도로명코드><법정동> 창동</법정동><법정동본번코드>0038</법정동본번코드><법정동부번코드>0000</법정동부번코드><법정동시군구코드>11320</법정동시군구코드><법정동읍면동코드>10700</법정동읍면동코드><법정동지번코드>1</법정동지번코드><아파트>주공17단지</아파트><월>10</월><일>26</일><일련번호>11320-100</일련번호><전용면적>36.16</전용면적><중개사소재지>서울 도봉구</중개사소재지><지번>38</지번><지역코드>11320</지역코드><층>15</층><해제사유발생일> </해제사유발생일><해제여부> </해제여부></item><item><거래금액>    54,500</거래금액><거래유형>중개거래</거래유형><건축년도>1995</건축년도><년>2022</년><도로명>마들로</도로명><도로명건물본번호코드>00859</도로명건물본번호코드><도로명건물부번호코드>00019</도로명건물부번호코드><도로명시군구코드>11320</도로명시군구코드><도로명일련번호코드>03</도로명일련번호코드><도로명지상지하코드>0</도로명지상지하코드><도로명코드>3109006</도로명코드><법정동> 도봉동</법정동><법정동본번코드>0030</법정동본번코드><법정동부번코드>0001</법정동부번코드><법정동시군구코드>11320</법정동시군구코드><법정동읍면동코드>10800</법정동읍면동코드><법정동지번코드>1</법정동지번코드><아파트>한신</아파트><월>10</월><일>6</일><일련번호>11320-86</일련번호><전용면적>84.94</전용면적><중개사소재지>서울 노원구, 서울 도봉구</중개사소재지><지번>30-1</지번><지역코드>11320</지역코드><층>8</층><해제사유발생일> </해제사유발생일><해제여부> </해제여부></item><item><거래금액>    54,200</거래금액><거래유형>중개거래</거래유형><건축년도>1995</건축년도><년>2022</년><도로명>마들로</도로명><도로명건물본번호코드>00859</도로명건물본번호코드><도로명건물부번호코드>00019</도로명건물부번호코드><도로명시군구코드>11320</도로명시군구코드><도로명일련번호코드>03</도로명일련번호코드><도로명지상지하코드>0</도로명지상지하코드><도로명코드>3109006</도로명코드><법정동> 도봉동</법정동><법정동본번코드>0030</법정동본번코드><법정동부번코드>0001</법정동부번코드><법정동시군구코드>11320</법정동시군구코드><법정동읍면동코드>10800</법정동읍면동코드><법정동지번코드>1</법정동지번코드><아파트>한신</아파트><월>10</월><일>24</일><일련번호>11320-86</일련번호><전용면적>84.94</전용면적><중개사소재지>서울 노원구, 서울 도봉구</중개사소재지><지번>30-1</지번><지역코드>11320</지역코드><층>1</층><해제사유발생일> </해제사유발생일><해제여부> </해제여부></item></items><numOfRows>999</numOfRows><pageNo>1</pageNo><totalCount>17</totalCount></body></response>