<?xml version="1.0" encoding="UTF-8" standalone="yes"?><response><header><resultCode>00</resultCode><resultMsg>NORMAL SERVICE.</resultMsg></header><body><items><item><거래금액>    54,000</거래금액><거래유형>중개거래</거래유형><건축년도>1990</건축년도><년>2022</년><도로명>해등로</도로명><도로명건물본번호코드>00242</도로명건물본번호코드><도로명건물부번호코드>00012</도로명건물부번호코드><도로명시군구코드>11320</도로명시군구코드><도로명일련번호코드>01</도로명일련번호코드><도로명지상지하코드>0</도로명지상지하코드><도로명코드>3109003</도로명코드><법정동> 쌍문동</법정동><법정동본번코드>0054</법정동본번코드><법정동부번코드>0000</법정동부번코드><법정동시군구코드>11320</법정동시군구코드><법정동읍면동코드>10500</법정동읍면동코드><법정동지번코드>1</법정동지번코드><아파트>현대1</아파트><월>9</월><일>2</일><일련번호>11320-27</일련번호><전용면적>70.3</전용면적><중개사소재지>서울 도봉구</중개사소재지><지번>54</지번><지역코드>11320</지역코드><층>12</층><해제사유발생일> </해제사유발생일><해제여부> </해제여부></item><item><거래금액>    68,000</거래금액><거래유형>중개거래</거래유형><건축년도>2006</건축년도><년>2022</년><도로명>노해로40길</도로명><도로명건물본번호코드>00071</도로명건물본번호코드><도로명건물부번호코드>00000</도로명건물부번호코드><도로명시군구코드>11320</도로명시군구코드><도로명일련번호코드>01</도로명일련번호코드><도로명지상지하코드>0</도로명지상지하코드><도로명코드>4127004</도로명코드><법정동> 쌍문동</법정동><법정동본번코드>0729</법정동본번코드><법정동부번코드>0000</법정동부번코드><법정동시군구코드>11320</법정동시군구코드><법정동읍면동코드>10500</법정동읍면동코드><법정동지번코드>1</법정동지번코드><아파트>브라운스톤쌍문</아파트><월>9</월><일>6</일><일련번호>11320-2399</일련번호><전용면적>74.8</전용면적><중개사소재지>서울 도봉구</중개사소재지><지번>729</지번><지역코드>11320</지역코드><층>2</층><해제사유발생일> </해제사유발생일><해제여부> </해제여부></item><item><거래금액>    29,000</거래금액><거래유형>직거래</거래유형><건축년도>2004</건축년도><년>2022</년><도로명>도봉로133길</도로명><도로명건물본번호코드>00014</도로명건물본번호코드><도로명건물부번호코드>00000</도로명건물부번호코드><도로명시군구코드>11320</도로명시군구코드><도로명일련번호코드>01</도로명일련번호코드><도로명지상지하코드>0</도로명지상지하코드><도로명코드>4127124</도로명코드><법정동> 쌍문동</법정동><법정동본번코드>0574</법정동본번코드><법정동부번코드>0000</법정동부번코드><법정동시군구코드>11320</법정동시군구코드><법정동읍면동코드>10500</법정동읍면동코드><법정동지번코드>1</법정동지번코드><아파트>성원하이츠A동</아파트><월>9</월><일>22</일><일련번호>11320-288</일련번호><전용면적>72.65</전용면적><중개사소재지> </중개사소재지><지번>574</지번><지역코드>11320</지역코드><층>4</층><해제사유발생일> </해제사유발생일><해제여부> </해제여부></item><item><거래금액>    55,000</거래금액><거래유형>중개거래</거래유형><건축년도>1991</건축년도><년>2022</년><도로명>해등로</도로명><도로명건물본번호코드>00241</도로명건물본번호코드><도로명건물부번호코드>00014</도로명건물부번호코드><도로명시군구코드>11320</도로명시군구코드><도로명일련번호코드>01</도로명일련번호코드><도로명지상지하코드>0</도로명지상지하코드><도로명코드>3109003</도로명코드><법정동> 쌍문동</법정동><법정동본번코드>0069</법정동본번코드><법정동부번코드>0001</법정동부번코드><법정동시군구코드>11320</법정동시군구코드><법정동읍면동코드>10500</법정동읍면동코드><법정동지번코드>2</법정동지번코드><아파트>금호2</아파트><월>9</월><일>23</일><일련번호>11320-4</일련번호><전용면적>84.46</전용면적><중개사소재지>서울 도봉구</중개사소재지><지번>산69-1</지번><지역코드>11320</지역코드><층>9</층><해제사유발생일> </해제사유발생일><해제여부> </해제여부></item><item><거래금액>    37,500</거래금액><거래유형>중개거래</거래유형><건축년도>2002</건축년도><년>2022</년><도로명>해등로17길</도로명><도로명건물본번호코드>00010</도로명건물본번호코드><도로명건물부번호코드>00005</도로명건물부번호코드><도로명시군구코드>11320</도로명시군구코드><도로명일련번호코드>01</도로명일련번호코드><도로명지상지하코드>0</도로명지상지하코드><도로명코드>4127316</도로명코드><법정동> 쌍문동</법정동><법정동본번코드>0642</법정동본번코드><법정동부번코드>0000</법정동부번코드><법정동시군구코드>11320</법정동시군구코드><법정동읍면동코드>10500</법정동읍면동코드><법정동지번코드>1</법정동지번코드><아파트>동순미</아파트><월>9</월><일>29</일><일련번호>11320-138</일련번호><전용면적>88.74</전용면적><중개사소재지>서울 도봉구, 서울 성북구</중개사소재지><지번>642</지번><지역코드>11320</지역코드><층>5</층><해제사유발생일> </해제사유발생일><해제여부> </해제여부></item><item><거래금액>    55,000</거래금액><거래유형>중개거래</거래유형><건축년도>1988</건축년도><년>2022</년><도로명>도당로</도로명><도로명건물본번호코드>00037</도로명건물본번호코드><도로명건물부번호코드>00000</도로명건물부번호코드><도로명시군구코드>11320</도로명시군구코드><도로명일련번호코드>02</도로명일련번호코드><도로명지상지하코드>0</도로명지상지하코드><도로명코드>3109001</도로명코드><법정동> 방학동</법정동><법정동본번코드>0274</법정동본번코드><법정동부번코드>0000</법정동부번코드><법정동시군구코드>11320</법정동시군구코드><법정동읍면동코드>10600</법정동읍면동코드><법정동지번코드>1</법정동지번코드><아파트>삼익세라믹아파트</아파트><월>9</월><일>2</일><일련번호>11320-39</일련번호><전용면적>74.105</전용면적><중개사소재지>서울 도봉구</중개사소재지><지번>274</지번><지역코드>11320</지역코드><층>12</층><해제사유발생일> </해제사유발생일><해제여부> </해제여부></item><item><거래금액>    60,000</거래금액><거래유형>중개거래</거래유형><건축년도>1994</건축년도><년>2022</년><도로명>시루봉로</도로명><도로명건물본번호코드>00071</도로명건물본번호코드><도로명건물부번호코드>00000</도로명건물부번호코드><도로명시군구코드>11320</도로명시군구코드><도로명일련번호코드>02</도로명일련번호코드><도로명지상지하코드>0</도로명지상지하코드><도로명코드>3109002</도로명코드><법정동> 방학동</법정동><법정동본번코드>0734</법정동본번코드><법정동부번코드>0000</법정동부번코드><법정동시군구코드>11320</법정동시군구코드><법정동읍면동코드>10600</법정동읍면동코드><법정동지번코드>1</법정동지번코드><아파트>청구아파트</아파트><월>9</월><일>2</일><일련번호>11320-47</일련번호><전용면적>84.97</전용면적><중개사소재지>서울 도봉구</중개사소재지><지번>734</지번><지역코드>11320</지역코드><층>15</층><해제사유발생일> </해제사유발생일><해제여부> </해제여부></item><item><거래금액>    14,500</거래금액><거래유형>중개거래</거래유형><건축년도>2003</건축년도><년>2022</년><도로명>방학로8길</도로명><도로명건물본번호코드>00029</도로명건물본번호코드><도로명건물부번호코드>00000</도로명건물부번호코드><도로명시군구코드>11320</도로명시군구코드><도로명일련번호코드>01</도로명일련번호코드><도로명지상지하코드>0</도로명지상지하코드><도로명코드>4127228</도로명코드><법정동> 방학동</법정동><법정동본번코드>0695</법정동본번코드><법정동부번코드>0010</법정동부번코드><법정동시군구코드>11320</법정동시군구코드><법정동읍면동코드>10600</법정동읍면동코드><법정동지번코드>1</법정동지번코드><아파트>신주아파트(A동)</아파트><월>9</월><일>6</일><일련번호>11320-117</일련번호><전용면적>36.46</전용면적><중개사소재지>서울 서초구</중개사소재지><지번>695-10</지번><지역코드>11320</지역코드><층>6</층><해제사유발생일>22.11.22</해제사유발생일><해제여부>O</해제여부></item><item><거래금액>    11,500</거래금액><거래유형>중개거래</거래유형><건축년도>2013</건축년도><년>2022</년><도로명>도봉로150가길</도로명><도로명건물본번호코드>00027</도로명건물본번호코드><도로명건물부번호코드>00000</도로명건물부번호코드><도로명시군구코드>11320</도로명시군구코드><도로명일련번호코드>01</도로명일련번호코드><도로명지상지하코드>0</도로명지상지하코드><도로명코드>4127142</도로명코드><법정동> 방학동</법정동><법정동본번코드>0705</법정동본번코드><법정동부번코드>0017</법정동부번코드><법정동시군구코드>11320</법정동시군구코드><법정동읍면동코드>10600</법정동읍면동코드><법정동지번코드>1</법정동지번코드><아파트>퍼스티안</아파트><월>9</월><일>16</일><일련번호>11320-2945</일련번호><전용면적>13.6794</전용면적><중개사소재지>서울 도봉구</중개사소재지><지번>705-17</지번><지역코드>11320</지역코드><층>12</층><해제사유발생일> </해제사유발생일><해제여부> </해제여부></item><item><거래금액>    45,000</거래금액><거래유형>중개거래</거래유형><건축년도>1986</건축년도><년>2022</년><도로명>시루봉로</도로명><도로명건물본번호코드>00107</도로명건물본번호코드><도로명건물부번호코드>00000</도로명건물부번호코드><도로명시군구코드>11320</도로명시군구코드><도로명일련번호코드>02</도로명일련번호코드><도로명지상지하코드>0</도로명지상지하코드><도로명코드>3109002</도로명코드><법정동> 방학동</법정동><법정동본번코드>0271</법정동본번코드><법정동부번코드>0001</법정동부번코드><법정동시군구코드>11320</법정동시군구코드><법정동읍면동코드>10600</법정동읍면동코드><법정동지번코드>1</법정동지번코드><아파트>신동아아파트1</아파트><월>9</월><일>17</일><일련번호>11320-42</일련번호><전용면적>53.16</전용면적><중개사소재지>서울 도봉구</중개사소재지><지번>271-1</지번><지역코드>11320</지역코드><층>11</층><해제사유발생일> </해제사유발생일><해제여부> </해제여부></item><item><거래금액>    19,500</거래금액><거래유형>중개거래</거래유형><건축년도>2003</건축년도><년>2022</년><도로명>방학로8길</도로명><도로명건물본번호코드>00031</도로명건물본번호코드><도로명건물부번호코드>00000</도로명건물부번호코드><도로명시군구코드>11320</도로명시군구코드><도로명일련번호코드>01</도로명일련번호코드><도로명지상지하코드>0</도로명지상지하코드><도로명코드>4127228</도로명코드><법정동> 방학동</법정동><법정동본번코드>0695</법정동본번코드><법정동부번코드>0021</법정동부번코드><법정동시군구코드>11320</법정동시군구코드><법정동읍면동코드>10600</법정동읍면동코드><법정동지번코드>1</법정동지번코드><아파트>신주아파트B</아파트><월>9</월><일>19</일><일련번호>11320-144</일련번호><전용면적>46.72</전용면적><중개사소재지>서울 도봉구</중개사소재지><지번>695-21</지번><지역코드>11320</지역코드><층>5</층><해제사유발생일> </해제사유발생일><해제여부> </해제여부></item><item><거래금액>     9,700</거래금액><거래유형>중개거래</거래유형><건축년도>2013</건축년도><년>2022</년><도로명>도봉로150가길</도로명><도로명건물본번호코드>00027</도로명건물본번호코드><도로명건물부번호코드>00000</도로명건물부번호코드><도로명시군구코드>11320</도로명시군구코드><도로명일련번호코드>01</도로명일련번호코드><도로명지상지하코드>0</도로명지상지하코드><도로명코드>4127142</도로명코드><법정동> 방학동</법정동><법정동본번코드>0705</법정동본번코드><법정동부번코드>0017</법정동부번코드><법정동시군구코드>11320</법정동시군구코드><법정동읍면동코드>10600</법정동읍면동코드><법정동지번코드>1</법정동지번코드><아파트>퍼스티안</아파트><월>9</월><일>20</일><일련번호>11320-2945</일련번호><전용면적>13.6794</전용면적><중개사소재지>서울 도봉구</중개사소재지><지번>705-17</지번><지역코드>11320</지역코드><층>12</층><해제사유발생일> </해제사유발생일><해제여부> </해제여부></item><item><거래금액>    41,000</거래금액><거래유형>중개거래</거래유형><건축년도>1992</건축년도><년>2022</년><도로명>해등로</도로명><도로명건물본번호코드>00295</도로명건물본번호코드><도로명건물부번호코드>00000</도로명건물부번호코드><도로명시군구코드>11320</도로명시군구코드><도로명일련번호코드>00</도로명일련번호코드><도로명지상지하코드>0</도로명지상지하코드><도로명코드>3109003</도로명코드><법정동> 방학동</법정동><법정동본번코드>0507</법정동본번코드><법정동부번코드>0000</법정동부번코드><법정동시군구코드>11320</법정동시군구코드><법정동읍면동코드>10600</법정동읍면동코드><법정동지번코드>1</법정동지번코드><아파트>우성아파트1</아파트><월>9</월><일>26</일><일련번호>11320-45</일련번호><전용면적>51.91</전용면적><중개사소재지>서울 도봉구</중개사소재지><지번>507</지번><지역코드>11320</지역코드><층>4</층><해제사유발생일> </해제사유발생일><해제여부> </해제여부></item><item><거래금액>    82,000</거래금액><거래유형>중개거래</거래유형><건축년도>2003</건축년도><년>2022</년><도로명>마들로</도로명><도로명건물본번호코드>00657</도로명건물본번호코드><도로명건물부번호코드>00000</도로명건물부번호코드><도로명시군구코드>11320</도로명시군구코드><도로명일련번호코드>01</도로명일련번호코드><도로명지상지하코드>0</도로명지상지하코드><도로명코드>3109006</도로명코드><법정동> 방학동</법정동><법정동본번코드>0718</법정동본번코드><법정동부번코드>0007</법정동부번코드><법정동시군구코드>11320</법정동시군구코드><법정동읍면동코드>10600</법정동읍면동코드><법정동지번코드>1</법정동지번코드><아파트>이에스에이아파트1</아파트><월>9</월><일>28</일><일련번호>11320-106</일련번호><전용면적>84.98</전용면적><중개사소재지>서울 도봉구</중개사소재지><지번>718-7</지번><지역코드>11320</지역코드><층>11</층><해제사유발생일> </해제사유발생일><해제여부> </해제여부></item><item><거래금액>    95,000</거래금액><거래유형>중개거래</거래유형><건축년도>2003</건축년도><년>2022</년><도로명>마들로</도로명><도로명건물본번호코드>00657</도로명건물본번호코드><도로명건물부번호코드>00000</도로명건물부번호코드><도로명시군구코드>11320</도로명시군구코드><도로명일련번호코드>01</도로명일련번호코드><도로명지상지하코드>0</도로명지상지하코드><도로명코드>3109006</도로명코드><법정동> 방학동</법정동><법정동본번코드>0718</법정동본번코드><법정동부번코드>0007</법정동부번코드><법정동시군구코드>11320</법정동시군구코드><법정동읍면동코드>10600</법정동읍면동코드><법정동지번코드>1</법정동지번코드><아파트>이에스에이아파트1</아파트><월>9</월><일>28</일><일련번호>11320-106</일련번호><전용면적>124.66</전용면적><중개사소재지>서울 도봉구</중개사소재지><지번>718-7</지번><지역코드>11320</지역코드><층>8</층><해제사유발생일> </해제사유발생일><해제여부> </해제여부></item><item><거래금액>    40,000</거래금액><거래유형>중개거래</거래유형><건축년도>1986</건축년도><년>2022</년><도로명>방학로</도로명><도로명건물본번호코드>00193</도로명건물본번호코드><도로명건물부번호코드>00000</도로명건물부번호코드><도로명시군구코드>11320</도로명시군구코드><도로명일련번호코드>01</도로명일련번호코드><도로명지상지하코드>0</도로명지상지하코드><도로명코드>3005048</도로명코드><법정동> 방학동</법정동><법정동본번코드>0271</법정동본번코드><법정동부번코드>0001</법정동부번코드><법정동시군구코드>11320</법정동시군구코드><법정동읍면동코드>10600</법정동읍면동코드><법정동지번코드>1</법정동지번코드><아파트>신동아아파트1</아파트><월>9</월><일>30</일><일련번호>11320-42</일련번호><전용면적>53.16</전용면적><중개사소재지>서울 도봉구</중개사소재지><지번>271-1</지번><지역코드>11320</지역코드><층>7</층><해제사유발생일> </해제사유발생일><해제여부> </해제여부></item><item><거래금액>    35,000</거래금액><거래유형>중개거래</거래유형><건축년도>1991</건축년도><년>2022</년><도로명>덕릉로</도로명><도로명건물본번호코드>00349</도로명건물본번호코드><도로명건물부번호코드>00000</도로명건물부번호코드><도로명시군구코드>11320</도로명시군구코드><도로명일련번호코드>01</도로명일련번호코드><도로명지상지하코드>0</도로명지상지하코드><도로명코드>3000004</도로명코드><법정동> 창동</법정동><법정동본번코드>0373</법정동본번코드><법정동부번코드>0000</법정동부번코드><법정동시군구코드>11320</법정동시군구코드><법정동읍면동코드>10700</법정동읍면동코드><법정동지번코드>1</법정동지번코드><아파트>창동주공4단지</아파트><월>9</월><일>3</일><일련번호>11320-99</일련번호><전용면적>36.16</전용면적><중개사소재지>서울 도봉구</중개사소재지><지번>373</지번><지역코드>11320</지역코드><층>4</층><해제사유발생일> </해제사유발생일><해제여부> </해제여부></item><item><거래금액>    85,500</거래금액><거래유형>중개거래</거래유형><건축년도>2003</건축년도><년>2022</년><도로명>도봉로110다길</도로명><도로명건물본번호코드>00051</도로명건물본번호코드><도로명건물부번호코드>00000</도로명건물부번호코드><도로명시군구코드>11320</도로명시군구코드><도로명일련번호코드>01</도로명일련번호코드><도로명지상지하코드>0</도로명지상지하코드><도로명코드>4127101</도로명코드><법정동> 창동</법정동><법정동본번코드>0819</법정동본번코드><법정동부번코드>0000</법정동부번코드><법정동시군구코드>11320</법정동시군구코드><법정동읍면동코드>10700</법정동읍면동코드><법정동지번코드>1</법정동지번코드><아파트>태영데시앙</아파트><월>9</월><일>14</일><일련번호>11320-112</일련번호><전용면적>84.995</전용면적><중개사소재지>서울 도봉구</중개사소재지><지번>819</지번><지역코드>11320</지역코드><층>11</층><해제사유발생일> </해제사유발생일><해제여부> </해제여부></item><item><거래금액>    45,000</거래금액><거래유형>중개거래</거래유형><건축년도>1991</건축년도><년>2022</년><도로명>덕릉로</도로명><도로명건물본번호코드>00349</도로명건물본번호코드><도로명건물부번호코드>00000</도로명건물부번호코드><도로명시군구코드>11320</도로명시군구코드><도로명일련번호코드>01</도로명일련번호코드><도로명지상지하코드>0</도로명지상지하코드><도로명코드>3000004</도로명코드><법정동> 창동</법정동><법정동본번코드>0373</법정동본번코드><법정동부번코드>0000</법정동부번코드><법정동시군구코드>11320</법정동시군구코드><법정동읍면동코드>10700</법정동읍면동코드><법정동지번코드>1</법정동지번코드><아파트>창동주공4단지</아파트><월>9</월><일>17</일><일련번호>11320-99</일련번호><전용면적>41.3</전용면적><중개사소재지>서울 도봉구</중개사소재지><지번>373</지번><지역코드>11320</지역코드><층>4</층><해제사유발생일> </해제사유발생일><해제여부> </해제여부></item><item><거래금액>    95,000</거래금액><거래유형>중개거래</거래유형><건축년도>1992</건축년도><년>2022</년><도로명>노해로66길</도로명><도로명건물본번호코드>00021</도로명건물본번호코드><도로명건물부번호코드>00000</도로명건물부번호코드><도로명시군구코드>11320</도로명시군구코드><도로명일련번호코드>01</도로명일련번호코드><도로명지상지하코드>0</도로명지상지하코드><도로명코드>4127029</도로명코드><법정동> 창동</법정동><법정동본번코드>0045</법정동본번코드><법정동부번코드>0000</법정동부번코드><법정동시군구코드>11320</법정동시군구코드><법정동읍면동코드>10700</법정동읍면동코드><법정동지번코드>1</법정동지번코드><아파트>삼성래미안</아파트><월>9</월><일>24</일><일련번호>11320-58</일련번호><전용면적>84.87</전용면적><중개사소재지>서울 도봉구</중개사소재지><지번>45</지번><지역코드>11320</지역코드><층>17</층><해제사유발생일> </해제사유발생일><해제여부> </해제여부></item><item><거래금액>    46,000</거래금액><거래유형>중개거래</거래유형><건축년도>1990</건축년도><년>2022</년><도로명>해등로12길</도로명><도로명건물본번호코드>00044</도로명건물본번호코드><도로명건물부번호코드>00000</도로명건물부번호코드><도로명시군구코드>11320</도로명시군구코드><도로명일련번호코드>01</도로명일련번호코드><도로명지상지하코드>0</도로명지상지하코드><도로명코드>4127310</도로명코드><법정동> 창동</법정동><법정동본번코드>0316</법정동본번코드><법정동부번코드>0000</법정동부번코드><법정동시군구코드>11320</법정동시군구코드><법정동읍면동코드>10700</법정동읍면동코드><법정동지번코드>1</법정동지번코드><아파트>창동주공2단지</아파트><월>9</월><일>25</일><일련번호>11320-97</일련번호><전용면적>36.16</전용면적><중개사소재지>서울 도봉구</중개사소재지><지번>316</지번><지역코드>11320</지역코드><층>14</층><해제사유발생일> </해제사유발생일><해제여부> </해제여부></item><item><거래금액>    81,900</거래금액><거래유형>중개거래</거래유형><건축년도>1988</건축년도><년>2022</년><도로명>노해로70길</도로명><도로명건물본번호코드>00019</도로명건물본번호코드><도로명건물부번호코드>00000</도로명건물부번호코드><도로명시군구코드>11320</도로명시군구코드><도로명일련번호코드>01</도로명일련번호코드><도로명지상지하코드>0</도로명지상지하코드><도로명코드>4127033</도로명코드><법정동> 창동</법정동><법정동본번코드>0027</법정동본번코드><법정동부번코드>0000</법정동부번코드><법정동시군구코드>11320</법정동시군구코드><법정동읍면동코드>10700</법정동읍면동코드><법정동지번코드>1</법정동지번코드><아파트>주공19단지(창동리버타운)</아파트><월>9</월><일>26</일><일련번호>11320-101</일련번호><전용면적>68.86</전용면적><중개사소재지>서울 동대문구</중개사소재지><지번>27</지번><지역코드>11320</지역코드><층>13</층><해제사유발생일> </해제사유발생일><해제여부> </해제여부></item><item><거래금액>    43,000</거래금액><거래유형>중개거래</거래유형><건축년도>1990</건축년도><년>2022</년><도로명>해등로12길</도로명><도로명건물본번호코드>00044</도로명건물본번호코드><도로명건물부번호코드>00000</도로명건물부번호코드><도로명시군구코드>11320</도로명시군구코드><도로명일련번호코드>01</도로명일련번호코드><도로명지상지하코드>0</도로명지상지하코드><도로명코드>4127310</도로명코드><법정동> 창동</법정동><법정동본번코드>0316</법정동본번코드><법정동부번코드>0000</법정동부번코드><법정동시군구코드>11320</법정동시군구코드><법정동읍면동코드>10700</법정동읍면동코드><법정동지번코드>1</법정동지번코드><아파트>창동주공2단지</아파트><월>9</월><일>27</일><일련번호>11320-97</일련번호><전용면적>45.9</전용면적><중개사소재지>서울 도봉구</중개사소재지><지번>316</지번><지역코드>11320</지역코드><층>1</층><해제사유발생일> </해제사유발생일><해제여부> </해제여부></item><item><거래금액>    60,000</거래금액><거래유형>중개거래</거래유형><건축년도>1995</건축년도><년>2022</년><도로명>마들로</도로명><도로명건물본번호코드>00859</도로명건물본번호코드><도로명건물부번호코드>00019</도로명건물부번호코드><도로명시군구코드>11320</도로명시군구코드><도로명일련번호코드>03</도로명일련번호코드><도로명지상지하코드>0</도로명지상지하코드><도로명코드>3109006</도로명코드><법정동> 도봉동</법정동><법정동본번코드>0030</법정동본번코드><법정동부번코드>0001</법정동부번코드><법정동시군구코드>11320</법정동시군구코드><법정동읍면동코드>10800</법정동읍면동코드><법정동지번코드>1</법정동지번코드><아파트>한신</아파트><월>9</월><일>2</일><일련번호>11320-86</일련번호><전용면적>84.94</전용면적><중개사소재지>서울 도봉구</중개사소재지><지번>30-1</지번><지역코드>11320</지역코드><층>16</층><해제사유발생일> </해제사유발생일><해제여부> </해제여부></item><item><거래금액>    44,000</거래금액><거래유형>중개거래</거래유형><건축년도>1996</건축년도><년>2022</년><도로명>마들로</도로명><도로명건물본번호코드>00684</도로명건물본번호코드><도로명건물부번호코드>00019</도로명건물부번호코드><도로명시군구코드>11320</도로명시군구코드><도로명일련번호코드>00</도로명일련번호코드><도로명코드>3109006</도로명코드><법정동> 도봉동</법정동><법정동본번코드>0641</법정동본번코드><법정동부번코드>0000</법정동부번코드><법정동시군구코드>11320</법정동시군구코드><법정동읍면동코드>10800</법정동읍면동코드><법정동지번코드>1</법정동지번코드><아파트>서원</아파트><월>9</월><일>8</일><일련번호>11320-83</일련번호><전용면적>49.77</전용면적><중개사소재지>서울 도봉구</중개사소재지><지번>641</지번><지역코드>11320</지역코드><층>6</층><해제사유발생일> </해제사유발생일><해제여부> </해제여부></item><item><거래금액>    63,500</거래금액><거래유형>중개거래</거래유형><건축년도>1995</건축년도><년>2022</년><도로명>마들로</도로명><도로명건물본번호코드>00859</도로명건물본번호코드><도로명건물부번호코드>00019</도로명건물부번호코드><도로명시군구코드>11320</도로명시군구코드><도로명일련번호코드>03</도로명일련번호코드><도로명지상지하코드>0</도로명지상지하코드><도로명코드>3109006</도로명코드><법정동> 도봉동</법정동><법정동본번코드>0030</법정동본번코드><법정동부번코드>0001</법정동부번코드><법정동시군구코드>11320</법정동시군구코드><법정동읍면동코드>10800</법정동읍면동코드><법정동지번코드>1</법정동지번코드><아파트>한신</아파트><월>9</월><일>19</일><일련번호>11320-86</일련번호><전용면적>84.94</전용면적><중개사소재지>서울 도봉구</중개사소재지><지번>30-1</지번><지역코드>11320</지역코드><층>12</층><해제사유발생일> </해제사유발생일><해제여부> </해제여부></item><item><거래금액>    62,500</거래금액><거래유형>중개거래</거래유형><건축년도>2002</건축년도><년>2022</년><도로명>마들로</도로명><도로명건물본번호코드>00891</도로명건물본번호코드><도로명건물부번호코드>00000</도로명건물부번호코드><도로명시군구코드>11320</도로명시군구코드><도로명일련번호코드>03</도로명일련번호코드><도로명지상지하코드>0</도로명지상지하코드><도로명코드>3109006</도로명코드><법정동> 도봉동</법정동><법정동본번코드>0644</법정동본번코드><법정동부번코드>0000</법정동부번코드><법정동시군구코드>11320</법정동시군구코드><법정동읍면동코드>10800</법정동읍면동코드><법정동지번코드>1</법정동지번코드><아파트>도봉파크빌3</아파트><월>9</월><일>19</일><일련번호>11320-115</일련번호><전용면적>84.354</전용면적><중개사소재지>서울 도봉구</중개사소재지><지번>644</지번><지역코드>11320</지역코드><층>7</층><해제사유발생일> </해제사유발생일><해제여부> </해제여부></item><item><거래금액>    60,000</거래금액><거래유형>중개거래</거래유형><건축년도>1995</건축년도><년>2022</년><도로명>마들로</도로명><도로명건물본번호코드>00859</도로명건물본번호코드><도로명건물부번호코드>00019</도로명건물부번호코드><도로명시군구코드>11320</도로명시군구코드><도로명일련번호코드>03</도로명일련번호코드><도로명지상지하코드>0</도로명지상지하코드><도로명코드>3109006</도로명코드><법정동> 도봉동</법정동><법정동본번코드>0030</법정동본번코드><법정동부번코드>0001</법정동부번코드><법정동시군구코드>11320</법정동시군구코드><법정동읍면동코드>10800</법정동읍면동코드><법정동지번코드>1</법정동지번코드><아파트>한신</아파트><월>9</월><일>21</일><일련번호>11320-86</일련번호><전용면적>84.94</전용면적><중개사소재지>서울 도봉구</중개사소재지><지번>30-1</지번><지역코드>11320</지역코드><층>13</층><해제사유발생일> </해제사유발생일><해제여부> </해제여부></item></items><numOfRows>999</numOfRows><pageNo>1</pageNo><totalCount>28</totalCount></body></response>