<?xml version="1.0" encoding="UTF-8" standalone="yes"?><response><header><resultCode>00</resultCode><resultMsg>NORMAL SERVICE.</resultMsg></header><body><items><item><거래금액>    27,000</거래금액><거래유형>중개거래</거래유형><건축년도>1988</건축년도><년>2022</년><도로명>해등로</도로명><도로명건물본번호코드>00231</도로명건물본번호코드><도로명건물부번호코드>00000</도로명건물부번호코드><도로명시군구코드>11320</도로명시군구코드><도로명일련번호코드>01</도로명일련번호코드><도로명지상지하코드>0</도로명지상지하코드><도로명코드>3109003</도로명코드><법정동> 쌍문동</법정동><법정동본번코드>0059</법정동본번코드><법정동부번코드>0000</법정동부번코드><법정동시군구코드>11320</법정동시군구코드><법정동읍면동코드>10500</법정동읍면동코드><법정동지번코드>1</법정동지번코드><아파트>한양2</아파트><월>11</월><일>3</일><일련번호>11320-21</일련번호><전용면적>28.71</전용면적><중개사소재지>서울 도봉구</중개사소재지><지번>59</지번><지역코드>11320</지역코드><층>14</층><해제사유발생일> </해제사유발생일><해제여부> </해제여부></item><item><거래금액>    35,000</거래금액><거래유형>직거래</거래유형><건축년도>2004</건축년도><년>2022</년><도로명>도봉로133길</도로명><도로명건물본번호코드>00014</도로명건물본번호코드><도로명건물부번호코드>00000</도로명건물부번호코드><도로명시군구코드>11320</도로명시군구코드><도로명일련번호코드>01</도로명일련번호코드><도로명지상지하코드>0</도로명지상지하코드><도로명코드>4127124</도로명코드><법정동> 쌍문동</법정동><법정동본번코드>0574</법정동본번코드><법정동부번코드>0000</법정동부번코드><법정동시군구코드>11320</법정동시군구코드><법정동읍면동코드>10500</법정동읍면동코드><법정동지번코드>1</법정동지번코드><아파트>성원하이츠A동</아파트><월>11</월><일>14</일><일련번호>11320-288</일련번호><전용면적>71.22</전용면적><중개사소재지> </중개사소재지><지번>574</지번><지역코드>11320</지역코드><층>4</층><해제사유발생일> </해제사유발생일><해제여부> </해제여부></item><item><거래금액>    18,000</거래금액><거래유형>중개거래</거래유형><건축년도>2018</건축년도><년>2022</년><도로명>도봉로150다길</도로명><도로명건물본번호코드>00028</도로명건물본번호코드><도로명건물부번호코드>00000</도로명건물부번호코드><도로명시군구코드>11320</도로명시군구코드><도로명일련번호코드>00</도로명일련번호코드><도로명지상지하코드>0</도로명지상지하코드><도로명코드>4127145</도로명코드><법정동> 방학동</법정동><법정동본번코드>0717</법정동본번코드><법정동부번코드>0002</법정동부번코드><법정동시군구코드>11320</법정동시군구코드><법정동읍면동코드>10600</법정동읍면동코드><법정동지번코드>1</법정동지번코드><아파트>방학지음재힐스</아파트><월>11</월><일>1</일><일련번호>11320-3496</일련번호><전용면적>21.51</전용면적><중개사소재지>서울 도봉구</중개사소재지><지번>717-2</지번><지역코드>11320</지역코드><층>4</층><해제사유발생일> </해제사유발생일><해제여부> </해제여부></item><item><거래금액>    49,800</거래금액><거래유형>중개거래</거래유형><건축년도>1993</건축년도><년>2022</년><도로명>해등로</도로명><도로명건물본번호코드>00307</도로명건물본번호코드><도로명건물부번호코드>00000</도로명건물부번호코드><도로명시군구코드>11320</도로명시군구코드><도로명일련번호코드>02</도로명일련번호코드><도로명지상지하코드>0</도로명지상지하코드><도로명코드>3109003</도로명코드><법정동> 방학동</법정동><법정동본번코드>0508</법정동본번코드><법정동부번코드>0000</법정동부번코드><법정동시군구코드>11320</법정동시군구코드><법정동읍면동코드>10600</법정동읍면동코드><법정동지번코드>1</법정동지번코드><아파트>우성아파트2</아파트><월>11</월><일>8</일><일련번호>11320-46</일련번호><전용면적>84.98</전용면적><중개사소재지>서울 도봉구</중개사소재지><지번>508</지번><지역코드>11320</지역코드><층>8</층><해제사유발생일> </해제사유발생일><해제여부> </해제여부></item><item><거래금액>    49,800</거래금액><거래유형>중개거래</거래유형><건축년도>1993</건축년도><년>2022</년><도로명>해등로</도로명><도로명건물본번호코드>00307</도로명건물본번호코드><도로명건물부번호코드>00000</도로명건물부번호코드><도로명시군구코드>11320</도로명시군구코드><도로명일련번호코드>02</도로명일련번호코드><도로명지상지하코드>0</도로명지상지하코드><도로명코드>3109003</도로명코드><법정동> 방학동</법정동><법정동본번코드>0508</법정동본번코드><법정동부번코드>0000</법정동부번코드><법정동시군구코드>11320</법정동시군구코드><법정동읍면동코드>10600</법정동읍면동코드><법정동지번코드>1</법정동지번코드><아파트>우성아파트2</아파트><월>11</월><일>8</일><일련번호>11320-46</일련번호><전용면적>84.98</전용면적><중개사소재지>서울 도봉구</중개사소재지><지번>508</지번><지역코드>11320</지역코드><층>8</층><해제사유발생일>23.01.26</해제사유발생일><해제여부>O</해제여부></item><item><거래금액>    35,000</거래금액><거래유형>중개거래</거래유형><건축년도>2016</건축년도><년>2022</년><도로명>도당로15길</도로명><도로명건물본번호코드>00036</도로명건물본번호코드><도로명건물부번호코드>00000</도로명건물부번호코드><도로명시군구코드>11320</도로명시군구코드><도로명일련번호코드>01</도로명일련번호코드><도로명지상지하코드>0</도로명지상지하코드><도로명코드>4127077</도로명코드><법정동> 방학동</법정동><법정동본번코드>0636</법정동본번코드><법정동부번코드>0000</법정동부번코드><법정동시군구코드>11320</법정동시군구코드><법정동읍면동코드>10600</법정동읍면동코드><법정동지번코드>1</법정동지번코드><아파트>송학휴스테이</아파트><월>11</월><일>12</일><일련번호>11320-3414</일련번호><전용면적>55.539</전용면적><중개사소재지>서울 도봉구</중개사소재지><지번>636</지번><지역코드>11320</지역코드><층>4</층><해제사유발생일> </해제사유발생일><해제여부> </해제여부></item><item><거래금액>    42,000</거래금액><거래유형>중개거래</거래유형><건축년도>1992</건축년도><년>2022</년><도로명>해등로</도로명><도로명건물본번호코드>00295</도로명건물본번호코드><도로명건물부번호코드>00000</도로명건물부번호코드><도로명시군구코드>11320</도로명시군구코드><도로명일련번호코드>00</도로명일련번호코드><도로명지상지하코드>0</도로명지상지하코드><도로명코드>3109003</도로명코드><법정동> 방학동</법정동><법정동본번코드>0507</법정동본번코드><법정동부번코드>0000</법정동부번코드><법정동시군구코드>11320</법정동시군구코드><법정동읍면동코드>10600</법정동읍면동코드><법정동지번코드>1</법정동지번코드><아파트>우성아파트1</아파트><월>11</월><일>17</일><일련번호>11320-45</일련번호><전용면적>51.91</전용면적><중개사소재지>서울 강북구</중개사소재지><지번>507</지번><지역코드>11320</지역코드><층>11</층><해제사유발생일> </해제사유발생일><해제여부> </해제여부></item><item><거래금액>     9,500</거래금액><거래유형>중개거래</거래유형><건축년도>2013</건축년도><년>2022</년><도로명>도봉로150가길</도로명><도로명건물본번호코드>00027</도로명건물본번호코드><도로명건물부번호코드>00000</도로명건물부번호코드><도로명시군구코드>11320</도로명시군구코드><도로명일련번호코드>01</도로명일련번호코드><도로명지상지하코드>0</도로명지상지하코드><도로명코드>4127142</도로명코드><법정동> 방학동</법정동><법정동본번코드>0705</법정동본번코드><법정동부번코드>0017</법정동부번코드><법정동시군구코드>11320</법정동시군구코드><법정동읍면동코드>10600</법정동읍면동코드><법정동지번코드>1</법정동지번코드><아파트>퍼스티안</아파트><월>11</월><일>17</일><일련번호>11320-2945</일련번호><전용면적>13.6794</전용면적><중개사소재지>서울 도봉구</중개사소재지><지번>705-17</지번><지역코드>11320</지역코드><층>7</층><해제사유발생일> </해제사유발생일><해제여부> </해제여부></item><item><거래금액>    43,000</거래금액><거래유형>중개거래</거래유형><건축년도>1992</건축년도><년>2022</년><도로명>해등로</도로명><도로명건물본번호코드>00295</도로명건물본번호코드><도로명건물부번호코드>00000</도로명건물부번호코드><도로명시군구코드>11320</도로명시군구코드><도로명일련번호코드>00</도로명일련번호코드><도로명지상지하코드>0</도로명지상지하코드><도로명코드>3109003</도로명코드><법정동> 방학동</법정동><법정동본번코드>0507</법정동본번코드><법정동부번코드>0000</법정동부번코드><법정동시군구코드>11320</법정동시군구코드><법정동읍면동코드>10600</법정동읍면동코드><법정동지번코드>1</법정동지번코드><아파트>우성아파트1</아파트><월>11</월><일>18</일><일련번호>11320-45</일련번호><전용면적>72.87</전용면적><중개사소재지>서울 도봉구</중개사소재지><지번>507</지번><지역코드>11320</지역코드><층>12</층><해제사유발생일> </해제사유발생일><해제여부> </해제여부></item><item><거래금액>    32,000</거래금액><거래유형>중개거래</거래유형><건축년도>1991</건축년도><년>2022</년><도로명>방학로11길</도로명><도로명건물본번호코드>00036</도로명건물본번호코드><도로명건물부번호코드>00000</도로명건물부번호코드><도로명시군구코드>11320</도로명시군구코드><도로명일련번호코드>02</도로명일련번호코드><도로명지상지하코드>0</도로명지상지하코드><도로명코드>4127214</도로명코드><법정동> 방학동</법정동><법정동본번코드>0275</법정동본번코드><법정동부번코드>0000</법정동부번코드><법정동시군구코드>11320</법정동시군구코드><법정동읍면동코드>10600</법정동읍면동코드><법정동지번코드>1</법정동지번코드><아파트>벽산아파트1</아파트><월>11</월><일>19</일><일련번호>11320-38</일련번호><전용면적>52.36</전용면적><중개사소재지>서울 도봉구</중개사소재지><지번>275</지번><지역코드>11320</지역코드><층>7</층><해제사유발생일> </해제사유발생일><해제여부> </해제여부></item><item><거래금액>    86,000</거래금액><거래유형>중개거래</거래유형><건축년도>2001</건축년도><년>2022</년><도로명>마들로</도로명><도로명건물본번호코드>00616</도로명건물본번호코드><도로명건물부번호코드>00000</도로명건물부번호코드><도로명시군구코드>11320</도로명시군구코드><도로명일련번호코드>01</도로명일련번호코드><도로명지상지하코드>0</도로명지상지하코드><도로명코드>3109006</도로명코드><법정동> 방학동</법정동><법정동본번코드>0720</법정동본번코드><법정동부번코드>0001</법정동부번코드><법정동시군구코드>11320</법정동시군구코드><법정동읍면동코드>10600</법정동읍면동코드><법정동지번코드>1</법정동지번코드><아파트>대상타운현대아파트</아파트><월>11</월><일>23</일><일련번호>11320-36</일련번호><전용면적>84.78</전용면적><중개사소재지>서울 도봉구</중개사소재지><지번>720-1</지번><지역코드>11320</지역코드><층>10</층><해제사유발생일>23.03.07</해제사유발생일><해제여부>O</해제여부></item><item><거래금액>    50,000</거래금액><거래유형>중개거래</거래유형><건축년도>1986</건축년도><년>2022</년><도로명>방학로</도로명><도로명건물본번호코드>00193</도로명건물본번호코드><도로명건물부번호코드>00000</도로명건물부번호코드><도로명시군구코드>11320</도로명시군구코드><도로명일련번호코드>00</도로명일련번호코드><도로명지상지하코드>0</도로명지상지하코드><도로명코드>3005048</도로명코드><법정동> 방학동</법정동><법정동본번코드>0271</법정동본번코드><법정동부번코드>0001</법정동부번코드><법정동시군구코드>11320</법정동시군구코드><법정동읍면동코드>10600</법정동읍면동코드><법정동지번코드>1</법정동지번코드><아파트>신동아아파트1</아파트><월>11</월><일>24</일><일련번호>11320-42</일련번호><전용면적>70.62</전용면적><중개사소재지>서울 도봉구</중개사소재지><지번>271-1</지번><지역코드>11320</지역코드><층>10</층><해제사유발생일> </해제사유발생일><해제여부> </해제여부></item><item><거래금액>    55,500</거래금액><거래유형>중개거래</거래유형><건축년도>2001</건축년도><년>2022</년><도로명>마들로</도로명><도로명건물본번호코드>00616</도로명건물본번호코드><도로명건물부번호코드>00000</도로명건물부번호코드><도로명시군구코드>11320</도로명시군구코드><도로명일련번호코드>01</도로명일련번호코드><도로명지상지하코드>0</도로명지상지하코드><도로명코드>3109006</도로명코드><법정동> 방학동</법정동><법정동본번코드>0720</법정동본번코드><법정동부번코드>0001</법정동부번코드><법정동시군구코드>11320</법정동시군구코드><법정동읍면동코드>10600</법정동읍면동코드><법정동지번코드>1</법정동지번코드><아파트>대상타운현대아파트</아파트><월>11</월><일>28</일><일련번호>11320-36</일련번호><전용면적>60</전용면적><중개사소재지>서울 도봉구</중개사소재지><지번>720-1</지번><지역코드>11320</지역코드><층>11</층><해제사유발생일> </해제사유발생일><해제여부> </해제여부></item><item><거래금액>    42,000</거래금액><거래유형>직거래</거래유형><건축년도>1994</건축년도><년>2022</년><도로명>시루봉로</도로명><도로명건물본번호코드>00071</도로명건물본번호코드><도로명건물부번호코드>00000</도로명건물부번호코드><도로명시군구코드>11320</도로명시군구코드><도로명일련번호코드>02</도로명일련번호코드><도로명지상지하코드>0</도로명지상지하코드><도로명코드>3109002</도로명코드><법정동> 방학동</법정동><법정동본번코드>0734</법정동본번코드><법정동부번코드>0000</법정동부번코드><법정동시군구코드>11320</법정동시군구코드><법정동읍면동코드>10600</법정동읍면동코드><법정동지번코드>1</법정동지번코드><아파트>청구아파트</아파트><월>11</월><일>28</일><일련번호>11320-47</일련번호><전용면적>84.97</전용면적><중개사소재지> </중개사소재지><지번>734</지번><지역코드>11320</지역코드><층>3</층><해제사유발생일> </해제사유발생일><해제여부> </해제여부></item><item><거래금액>    82,000</거래금액><거래유형>중개거래</거래유형><건축년도>2002</건축년도><년>2022</년><도로명>도봉로150길</도로명><도로명건물본번호코드>00042</도로명건물본번호코드><도로명건물부번호코드>00000</도로명건물부번호코드><도로명시군구코드>11320</도로명시군구코드><도로명일련번호코드>01</도로명일련번호코드><도로명지상지하코드>0</도로명지상지하코드><도로명코드>4127143</도로명코드><법정동> 방학동</법정동><법정동본번코드>0715</법정동본번코드><법정동부번코드>0012</법정동부번코드><법정동시군구코드>11320</법정동시군구코드><법정동읍면동코드>10600</법정동읍면동코드><법정동지번코드>1</법정동지번코드><아파트>방학동삼성래미안2</아파트><월>11</월><일>29</일><일련번호>11320-48</일련번호><전용면적>84.937</전용면적><중개사소재지>서울 도봉구</중개사소재지><지번>715-12</지번><지역코드>11320</지역코드><층>16</층><해제사유발생일> </해제사유발생일><해제여부> </해제여부></item><item><거래금액>   108,000</거래금액><거래유형>중개거래</거래유형><건축년도>2004</건축년도><년>2022</년><도로명>도봉로136길</도로명><도로명건물본번호코드>00028</도로명건물본번호코드><도로명건물부번호코드>00000</도로명건물부번호코드><도로명시군구코드>11320</도로명시군구코드><도로명일련번호코드>01</도로명일련번호코드><도로명지상지하코드>0</도로명지상지하코드><도로명코드>4127128</도로명코드><법정동> 창동</법정동><법정동본번코드>0825</법정동본번코드><법정동부번코드>0000</법정동부번코드><법정동시군구코드>11320</법정동시군구코드><법정동읍면동코드>10700</법정동읍면동코드><법정동지번코드>1</법정동지번코드><아파트>북한산아이파크5차</아파트><월>11</월><일>8</일><일련번호>11320-149</일련번호><전용면적>119.1731</전용면적><중개사소재지>서울 도봉구</중개사소재지><지번>825</지번><지역코드>11320</지역코드><층>10</층><해제사유발생일> </해제사유발생일><해제여부> </해제여부></item><item><거래금액>    54,700</거래금액><거래유형>중개거래</거래유형><건축년도>1987</건축년도><년>2022</년><도로명>해등로</도로명><도로명건물본번호코드>00118</도로명건물본번호코드><도로명건물부번호코드>00000</도로명건물부번호코드><도로명시군구코드>11320</도로명시군구코드><도로명일련번호코드>03</도로명일련번호코드><도로명지상지하코드>0</도로명지상지하코드><도로명코드>3109003</도로명코드><법정동> 창동</법정동><법정동본번코드>0299</법정동본번코드><법정동부번코드>0000</법정동부번코드><법정동시군구코드>11320</법정동시군구코드><법정동읍면동코드>10700</법정동읍면동코드><법정동지번코드>1</법정동지번코드><아파트>상아1차아파트</아파트><월>11</월><일>9</일><일련번호>11320-59</일련번호><전용면적>69.03</전용면적><중개사소재지>서울 도봉구</중개사소재지><지번>299</지번><지역코드>11320</지역코드><층>11</층><해제사유발생일> </해제사유발생일><해제여부> </해제여부></item><item><거래금액>   106,200</거래금액><거래유형>중개거래</거래유형><건축년도>2004</건축년도><년>2022</년><도로명>도봉로136길</도로명><도로명건물본번호코드>00028</도로명건물본번호코드><도로명건물부번호코드>00000</도로명건물부번호코드><도로명시군구코드>11320</도로명시군구코드><도로명일련번호코드>01</도로명일련번호코드><도로명지상지하코드>0</도로명지상지하코드><도로명코드>4127128</도로명코드><법정동> 창동</법정동><법정동본번코드>0825</법정동본번코드><법정동부번코드>0000</법정동부번코드><법정동시군구코드>11320</법정동시군구코드><법정동읍면동코드>10700</법정동읍면동코드><법정동지번코드>1</법정동지번코드><아파트>북한산아이파크5차</아파트><월>11</월><일>10</일><일련번호>11320-149</일련번호><전용면적>101.9176</전용면적><중개사소재지>서울 도봉구</중개사소재지><지번>825</지번><지역코드>11320</지역코드><층>7</층><해제사유발생일> </해제사유발생일><해제여부> </해제여부></item><item><거래금액>    40,000</거래금액><거래유형>직거래</거래유형><건축년도>1990</건축년도><년>2022</년><도로명>해등로12길</도로명><도로명건물본번호코드>00044</도로명건물본번호코드><도로명건물부번호코드>00000</도로명건물부번호코드><도로명시군구코드>11320</도로명시군구코드><도로명일련번호코드>01</도로명일련번호코드><도로명지상지하코드>0</도로명지상지하코드><도로명코드>4127310</도로명코드><법정동> 창동</법정동><법정동본번코드>0316</법정동본번코드><법정동부번코드>0000</법정동부번코드><법정동시군구코드>11320</법정동시군구코드><법정동읍면동코드>10700</법정동읍면동코드><법정동지번코드>1</법정동지번코드><아파트>창동주공2단지</아파트><월>11</월><일>18</일><일련번호>11320-97</일련번호><전용면적>41.3</전용면적><중개사소재지> </중개사소재지><지번>316</지번><지역코드>11320</지역코드><층>9</층><해제사유발생일> </해제사유발생일><해제여부> </해제여부></item><item><거래금액>    33,200</거래금액><거래유형>중개거래</거래유형><건축년도>1991</건축년도><년>2022</년><도로명>덕릉로</도로명><도로명건물본번호코드>00349</도로명건물본번호코드><도로명건물부번호코드>00000</도로명건물부번호코드><도로명시군구코드>11320</도로명시군구코드><도로명일련번호코드>01</도로명일련번호코드><도로명지상지하코드>0</도로명지상지하코드><도로명코드>3000004</도로명코드><법정동> 창동</법정동><법정동본번코드>0373</법정동본번코드><법정동부번코드>0000</법정동부번코드><법정동시군구코드>11320</법정동시군구코드><법정동읍면동코드>10700</법정동읍면동코드><법정동지번코드>1</법정동지번코드><아파트>창동주공4단지</아파트><월>11</월><일>18</일><일련번호>11320-99</일련번호><전용면적>41.3</전용면적><중개사소재지>서울 도봉구</중개사소재지><지번>373</지번><지역코드>11320</지역코드><층>1</층><해제사유발생일> </해제사유발생일><해제여부> </해제여부></item><item><거래금액>    55,000</거래금액><거래유형>중개거래</거래유형><건축년도>1990</건축년도><년>2022</년><도로명>해등로</도로명><도로명건물본번호코드>00050</도로명건물본번호코드><도로명건물부번호코드>00000</도로명건물부번호코드><도로명시군구코드>11320</도로명시군구코드><도로명일련번호코드>03</도로명일련번호코드><도로명지상지하코드>0</도로명지상지하코드><도로명코드>3109003</도로명코드><법정동> 창동</법정동><법정동본번코드>0347</법정동본번코드><법정동부번코드>0000</법정동부번코드><법정동시군구코드>11320</법정동시군구코드><법정동읍면동코드>10700</법정동읍면동코드><법정동지번코드>1</법정동지번코드><아파트>창동주공3단지(해등마을)</아파트><월>11</월><일>18</일><일련번호>11320-98</일련번호><전용면적>49.94</전용면적><중개사소재지>서울 도봉구, 서울 성북구</중개사소재지><지번>347</지번><지역코드>11320</지역코드><층>4</층><해제사유발생일> </해제사유발생일><해제여부> </해제여부></item><item><거래금액>    52,000</거래금액><거래유형>중개거래</거래유형><건축년도>1990</건축년도><년>2022</년><도로명>해등로</도로명><도로명건물본번호코드>00050</도로명건물본번호코드><도로명건물부번호코드>00000</도로명건물부번호코드><도로명시군구코드>11320</도로명시군구코드><도로명일련번호코드>03</도로명일련번호코드><도로명지상지하코드>0</도로명지상지하코드><도로명코드>3109003</도로명코드><법정동> 창동</법정동><법정동본번코드>0347</법정동본번코드><법정동부번코드>0000</법정동부번코드><법정동시군구코드>11320</법정동시군구코드><법정동읍면동코드>10700</법정동읍면동코드><법정동지번코드>1</법정동지번코드><아파트>창동주공3단지(해등마을)</아파트><월>11</월><일>21</일><일련번호>11320-98</일련번호><전용면적>49.94</전용면적><중개사소재지>서울 도봉구</중개사소재지><지번>347</지번><지역코드>11320</지역코드><층>4</층><해제사유발생일> </해제사유발생일><해제여부> </해제여부></item><item><거래금액>    45,000</거래금액><거래유형>중개거래</거래유형><건축년도>1990</건축년도><년>2022</년><도로명>해등로</도로명><도로명건물본번호코드>00050</도로명건물본번호코드><도로명건물부번호코드>00000</도로명건물부번호코드><도로명시군구코드>11320</도로명시군구코드><도로명일련번호코드>03</도로명일련번호코드><도로명지상지하코드>0</도로명지상지하코드><도로명코드>3109003</도로명코드><법정동> 창동</법정동><법정동본번코드>0347</법정동본번코드><법정동부번코드>0000</법정동부번코드><법정동시군구코드>11320</법정동시군구코드><법정동읍면동코드>10700</법정동읍면동코드><법정동지번코드>1</법정동지번코드><아파트>창동주공3단지(해등마을)</아파트><월>11</월><일>24</일><일련번호>11320-98</일련번호><전용면적>41.3</전용면적><중개사소재지>서울 도봉구</중개사소재지><지번>347</지번><지역코드>11320</지역코드><층>1</층><해제사유발생일> </해제사유발생일><해제여부> </해제여부></item><item><거래금액>    55,000</거래금액><거래유형>중개거래</거래유형><건축년도>2002</건축년도><년>2022</년><도로명>우이천로20길</도로명><도로명건물본번호코드>00007</도로명건물본번호코드><도로명건물부번호코드>00000</도로명건물부번호코드><도로명시군구코드>11320</도로명시군구코드><도로명일련번호코드>01</도로명일련번호코드><도로명지상지하코드>0</도로명지상지하코드><도로명코드>4127273</도로명코드><법정동> 창동</법정동><법정동본번코드>0635</법정동본번코드><법정동부번코드>0042</법정동부번코드><법정동시군구코드>11320</법정동시군구코드><법정동읍면동코드>10700</법정동읍면동코드><법정동지번코드>1</법정동지번코드><아파트>LIG건영캐스빌</아파트><월>11</월><일>25</일><일련번호>11320-74</일련번호><전용면적>80.1498</전용면적><중개사소재지>서울 도봉구</중개사소재지><지번>635-42</지번><지역코드>11320</지역코드><층>1</층><해제사유발생일> </해제사유발생일><해제여부> </해제여부></item><item><거래금액>    65,000</거래금액><거래유형>중개거래</거래유형><건축년도>2009</건축년도><년>2022</년><도로명>마들로</도로명><도로명건물본번호코드>00579</도로명건물본번호코드><도로명건물부번호코드>00019</도로명건물부번호코드><도로명시군구코드>11320</도로명시군구코드><도로명일련번호코드>02</도로명일련번호코드><도로명지상지하코드>0</도로명지상지하코드><도로명코드>3109006</도로명코드><법정동> 창동</법정동><법정동본번코드>0827</법정동본번코드><법정동부번코드>0000</법정동부번코드><법정동시군구코드>11320</법정동시군구코드><법정동읍면동코드>10700</법정동읍면동코드><법정동지번코드>1</법정동지번코드><아파트>동도센트리움</아파트><월>11</월><일>25</일><일련번호>11320-2644</일련번호><전용면적>79.389</전용면적><중개사소재지>서울 마포구</중개사소재지><지번>827</지번><지역코드>11320</지역코드><층>8</층><해제사유발생일> </해제사유발생일><해제여부> </해제여부></item><item><거래금액>    41,000</거래금액><거래유형>중개거래</거래유형><건축년도>1990</건축년도><년>2022</년><도로명>해등로</도로명><도로명건물본번호코드>00113</도로명건물본번호코드><도로명건물부번호코드>00000</도로명건물부번호코드><도로명시군구코드>11320</도로명시군구코드><도로명일련번호코드>03</도로명일련번호코드><도로명지상지하코드>0</도로명지상지하코드><도로명코드>3109003</도로명코드><법정동> 창동</법정동><법정동본번코드>0305</법정동본번코드><법정동부번코드>0000</법정동부번코드><법정동시군구코드>11320</법정동시군구코드><법정동읍면동코드>10700</법정동읍면동코드><법정동지번코드>1</법정동지번코드><아파트>창동주공1단지</아파트><월>11</월><일>26</일><일련번호>11320-96</일련번호><전용면적>41.3</전용면적><중개사소재지>서울 도봉구</중개사소재지><지번>305</지번><지역코드>11320</지역코드><층>7</층><해제사유발생일> </해제사유발생일><해제여부> </해제여부></item><item><거래금액>    56,500</거래금액><거래유형>중개거래</거래유형><건축년도>1997</건축년도><년>2022</년><도로명>노해로69길</도로명><도로명건물본번호코드>00103</도로명건물본번호코드><도로명건물부번호코드>00000</도로명건물부번호코드><도로명시군구코드>11320</도로명시군구코드><도로명일련번호코드>01</도로명일련번호코드><도로명지상지하코드>0</도로명지상지하코드><도로명코드>4127032</도로명코드><법정동> 창동</법정동><법정동본번코드>0808</법정동본번코드><법정동부번코드>0000</법정동부번코드><법정동시군구코드>11320</법정동시군구코드><법정동읍면동코드>10700</법정동읍면동코드><법정동지번코드>1</법정동지번코드><아파트>동아청솔</아파트><월>11</월><일>27</일><일련번호>11320-57</일련번호><전용면적>59.96</전용면적><중개사소재지>서울 도봉구</중개사소재지><지번>808</지번><지역코드>11320</지역코드><층>5</층><해제사유발생일> </해제사유발생일><해제여부> </해제여부></item><item><거래금액>    45,500</거래금액><거래유형>중개거래</거래유형><건축년도>1995</건축년도><년>2022</년><도로명>마들로</도로명><도로명건물본번호코드>00859</도로명건물본번호코드><도로명건물부번호코드>00019</도로명건물부번호코드><도로명시군구코드>11320</도로명시군구코드><도로명일련번호코드>03</도로명일련번호코드><도로명지상지하코드>0</도로명지상지하코드><도로명코드>3109006</도로명코드><법정동> 도봉동</법정동><법정동본번코드>0030</법정동본번코드><법정동부번코드>0001</법정동부번코드><법정동시군구코드>11320</법정동시군구코드><법정동읍면동코드>10800</법정동읍면동코드><법정동지번코드>1</법정동지번코드><아파트>한신</아파트><월>11</월><일>15</일><일련번호>11320-86</일련번호><전용면적>84.94</전용면적><중개사소재지>서울 노원구, 서울 도봉구</중개사소재지><지번>30-1</지번><지역코드>11320</지역코드><층>5</층><해제사유발생일> </해제사유발생일><해제여부> </해제여부></item><item><거래금액>    49,000</거래금액><거래유형>중개거래</거래유형><건축년도>1991</건축년도><년>2022</년><도로명>도봉로180길</도로명><도로명건물본번호코드>00077</도로명건물본번호코드><도로명건물부번호코드>00000</도로명건물부번호코드><도로명시군구코드>11320</도로명시군구코드><도로명일련번호코드>00</도로명일련번호코드><도로명지상지하코드>0</도로명지상지하코드><도로명코드>4127183</도로명코드><법정동> 도봉동</법정동><법정동본번코드>0081</법정동본번코드><법정동부번코드>0001</법정동부번코드><법정동시군구코드>11320</법정동시군구코드><법정동읍면동코드>10800</법정동읍면동코드><법정동지번코드>1</법정동지번코드><아파트>극동</아파트><월>11</월><일>16</일><일련번호>11320-77</일련번호><전용면적>84.83</전용면적><중개사소재지>서울 노원구</중개사소재지><지번>81-1</지번><지역코드>11320</지역코드><층>4</층><해제사유발생일> </해제사유발생일><해제여부> </해제여부></item><item><거래금액>    56,500</거래금액><거래유형>중개거래</거래유형><건축년도>1990</건축년도><년>2022</년><도로명>도봉로180길</도로명><도로명건물본번호코드>00050</도로명건물본번호코드><도로명건물부번호코드>00000</도로명건물부번호코드><도로명시군구코드>11320</도로명시군구코드><도로명일련번호코드>01</도로명일련번호코드><도로명지상지하코드>0</도로명지상지하코드><도로명코드>4127183</도로명코드><법정동> 도봉동</법정동><법정동본번코드>0083</법정동본번코드><법정동부번코드>0000</법정동부번코드><법정동시군구코드>11320</법정동시군구코드><법정동읍면동코드>10800</법정동읍면동코드><법정동지번코드>1</법정동지번코드><아파트>유원도봉</아파트><월>11</월><일>26</일><일련번호>11320-85</일련번호><전용면적>84.93</전용면적><중개사소재지>서울 도봉구</중개사소재지><지번>83</지번><지역코드>11320</지역코드><층>11</층><해제사유발생일> </해제사유발생일><해제여부> </해제여부></item></items><numOfRows>999</numOfRows><pageNo>1</pageNo><totalCount>30</totalCount></body></response>