<?xml version="1.0" encoding="UTF-8" standalone="yes"?><response><header><resultCode>00</resultCode><resultMsg>NORMAL SERVICE.</resultMsg></header><body><items><item><거래금액>    76,600</거래금액><거래유형>중개거래</거래유형><건축년도>2009</건축년도><년>2022</년><도로명>정릉천동로</도로명><도로명건물본번호코드>00016</도로명건물본번호코드><도로명건물부번호코드>00000</도로명건물부번호코드><도로명시군구코드>11230</도로명시군구코드><도로명일련번호코드>01</도로명일련번호코드><도로명지상지하코드>0</도로명지상지하코드><도로명코드>3105014</도로명코드><법정동> 용두동</법정동><법정동본번코드>0791</법정동본번코드><법정동부번코드>0000</법정동부번코드><법정동시군구코드>11230</법정동시군구코드><법정동읍면동코드>10200</법정동읍면동코드><법정동지번코드>1</법정동지번코드><아파트>용두두산위브</아파트><월>12</월><일>17</일><일련번호>11230-2164</일련번호><전용면적>59.99</전용면적><중개사소재지>서울 동대문구</중개사소재지><지번>791</지번><지역코드>11230</지역코드><층>13</층><해제사유발생일> </해제사유발생일><해제여부> </해제여부></item><item><거래금액>    75,000</거래금액><거래유형>중개거래</거래유형><건축년도>2011</건축년도><년>2022</년><도로명>정릉천동로</도로명><도로명건물본번호코드>00036</도로명건물본번호코드><도로명건물부번호코드>00000</도로명건물부번호코드><도로명시군구코드>11230</도로명시군구코드><도로명일련번호코드>01</도로명일련번호코드><도로명지상지하코드>0</도로명지상지하코드><도로명코드>3105014</도로명코드><법정동> 용두동</법정동><법정동본번코드>0792</법정동본번코드><법정동부번코드>0000</법정동부번코드><법정동시군구코드>11230</법정동시군구코드><법정동읍면동코드>10200</법정동읍면동코드><법정동지번코드>1</법정동지번코드><아파트>래미안 허브리츠</아파트><월>12</월><일>23</일><일련번호>11230-2198</일련번호><전용면적>59.9</전용면적><중개사소재지>서울 동대문구</중개사소재지><지번>792</지번><지역코드>11230</지역코드><층>4</층><해제사유발생일> </해제사유발생일><해제여부> </해제여부></item><item><거래금액>    80,000</거래금액><거래유형>중개거래</거래유형><건축년도>2011</건축년도><년>2022</년><도로명>정릉천동로</도로명><도로명건물본번호코드>00036</도로명건물본번호코드><도로명건물부번호코드>00000</도로명건물부번호코드><도로명시군구코드>11230</도로명시군구코드><도로명일련번호코드>01</도로명일련번호코드><도로명지상지하코드>0</도로명지상지하코드><도로명코드>3105014</도로명코드><법정동> 용두동</법정동><법정동본번코드>0792</법정동본번코드><법정동부번코드>0000</법정동부번코드><법정동시군구코드>11230</법정동시군구코드><법정동읍면동코드>10200</법정동읍면동코드><법정동지번코드>1</법정동지번코드><아파트>래미안 허브리츠</아파트><월>12</월><일>31</일><일련번호>11230-2198</일련번호><전용면적>59.98</전용면적><중개사소재지>서울 동대문구</중개사소재지><지번>792</지번><지역코드>11230</지역코드><층>12</층><해제사유발생일> </해제사유발생일><해제여부> </해제여부></item><item><거래금액>    97,000</거래금액><거래유형>중개거래</거래유형><건축년도>2011</건축년도><년>2022</년><도로명>정릉천동로</도로명><도로명건물본번호코드>00036</도로명건물본번호코드><도로명건물부번호코드>00000</도로명건물부번호코드><도로명시군구코드>11230</도로명시군구코드><도로명일련번호코드>01</도로명일련번호코드><도로명지상지하코드>0</도로명지상지하코드><도로명코드>3105014</도로명코드><법정동> 용두동</법정동><법정동본번코드>0792</법정동본번코드><법정동부번코드>0000</법정동부번코드><법정동시군구코드>11230</법정동시군구코드><법정동읍면동코드>10200</법정동읍면동코드><법정동지번코드>1</법정동지번코드><아파트>래미안 허브리츠</아파트><월>12</월><일>31</일><일련번호>11230-2198</일련번호><전용면적>84.97</전용면적><중개사소재지>서울 동대문구</중개사소재지><지번>792</지번><지역코드>11230</지역코드><층>12</층><해제사유발생일> </해제사유발생일><해제여부> </해제여부></item><item><거래금액>   105,000</거래금액><거래유형>중개거래</거래유형><건축년도>2014</건축년도><년>2022</년><도로명>사가정로</도로명><도로명건물본번호코드>00065</도로명건물본번호코드><도로명건물부번호코드>00000</도로명건물부번호코드><도로명시군구코드>11230</도로명시군구코드><도로명일련번호코드>01</도로명일련번호코드><도로명지상지하코드>0</도로명지상지하코드><도로명코드>3005034</도로명코드><법정동> 전농동</법정동><법정동본번코드>0690</법정동본번코드><법정동부번코드>0000</법정동부번코드><법정동시군구코드>11230</법정동시군구코드><법정동읍면동코드>10400</법정동읍면동코드><법정동지번코드>1</법정동지번코드><아파트>래미안크레시티</아파트><월>12</월><일>6</일><일련번호>11230-2578</일련번호><전용면적>84.96</전용면적><중개사소재지>서울 동대문구</중개사소재지><지번>690</지번><지역코드>11230</지역코드><층>6</층><해제사유발생일> </해제사유발생일><해제여부> </해제여부></item><item><거래금액>   105,000</거래금액><거래유형>중개거래</거래유형><건축년도>2014</건축년도><년>2022</년><도로명>사가정로</도로명><도로명건물본번호코드>00065</도로명건물본번호코드><도로명건물부번호코드>00000</도로명건물부번호코드><도로명시군구코드>11230</도로명시군구코드><도로명일련번호코드>01</도로명일련번호코드><도로명지상지하코드>0</도로명지상지하코드><도로명코드>3005034</도로명코드><법정동> 전농동</법정동><법정동본번코드>0690</법정동본번코드><법정동부번코드>0000</법정동부번코드><법정동시군구코드>11230</법정동시군구코드><법정동읍면동코드>10400</법정동읍면동코드><법정동지번코드>1</법정동지번코드><아파트>래미안크레시티</아파트><월>12</월><일>9</일><일련번호>11230-2578</일련번호><전용면적>84.96</전용면적><중개사소재지>서울 동대문구</중개사소재지><지번>690</지번><지역코드>11230</지역코드><층>9</층><해제사유발생일> </해제사유발생일><해제여부> </해제여부></item><item><거래금액>   110,000</거래금액><거래유형>중개거래</거래유형><건축년도>2014</건축년도><년>2022</년><도로명>사가정로</도로명><도로명건물본번호코드>00065</도로명건물본번호코드><도로명건물부번호코드>00000</도로명건물부번호코드><도로명시군구코드>11230</도로명시군구코드><도로명일련번호코드>01</도로명일련번호코드><도로명지상지하코드>0</도로명지상지하코드><도로명코드>3005034</도로명코드><법정동> 전농동</법정동><법정동본번코드>0690</법정동본번코드><법정동부번코드>0000</법정동부번코드><법정동시군구코드>11230</법정동시군구코드><법정동읍면동코드>10400</법정동읍면동코드><법정동지번코드>1</법정동지번코드><아파트>래미안크레시티</아파트><월>12</월><일>25</일><일련번호>11230-2578</일련번호><전용면적>84.96</전용면적><중개사소재지>서울 동대문구</중개사소재지><지번>690</지번><지역코드>11230</지역코드><층>11</층><해제사유발생일> </해제사유발생일><해제여부> </해제여부></item><item><거래금액>    93,000</거래금액><거래유형>중개거래</거래유형><건축년도>2014</건축년도><년>2022</년><도로명>답십리로</도로명><도로명건물본번호코드>00130</도로명건물본번호코드><도로명건물부번호코드>00000</도로명건물부번호코드><도로명시군구코드>11230</도로명시군구코드><도로명일련번호코드>03</도로명일련번호코드><도로명지상지하코드>0</도로명지상지하코드><도로명코드>3005025</도로명코드><법정동> 답십리동</법정동><법정동본번코드>1003</법정동본번코드><법정동부번코드>0000</법정동부번코드><법정동시군구코드>11230</법정동시군구코드><법정동읍면동코드>10500</법정동읍면동코드><법정동지번코드>1</법정동지번코드><아파트>래미안위브</아파트><월>12</월><일>2</일><일련번호>11230-2587</일련번호><전용면적>84.98</전용면적><중개사소재지>서울 동대문구</중개사소재지><지번>1003</지번><지역코드>11230</지역코드><층>7</층><해제사유발생일> </해제사유발생일><해제여부> </해제여부></item><item><거래금액>    97,000</거래금액><거래유형>중개거래</거래유형><건축년도>2014</건축년도><년>2022</년><도로명>답십리로</도로명><도로명건물본번호코드>00130</도로명건물본번호코드><도로명건물부번호코드>00000</도로명건물부번호코드><도로명시군구코드>11230</도로명시군구코드><도로명일련번호코드>03</도로명일련번호코드><도로명지상지하코드>0</도로명지상지하코드><도로명코드>3005025</도로명코드><법정동> 답십리동</법정동><법정동본번코드>1003</법정동본번코드><법정동부번코드>0000</법정동부번코드><법정동시군구코드>11230</법정동시군구코드><법정동읍면동코드>10500</법정동읍면동코드><법정동지번코드>1</법정동지번코드><아파트>래미안위브</아파트><월>12</월><일>2</일><일련번호>11230-2587</일련번호><전용면적>84.98</전용면적><중개사소재지>서울 동대문구</중개사소재지><지번>1003</지번><지역코드>11230</지역코드><층>4</층><해제사유발생일> </해제사유발생일><해제여부> </해제여부></item><item><거래금액>   102,000</거래금액><거래유형>중개거래</거래유형><건축년도>2014</건축년도><년>2022</년><도로명>답십리로</도로명><도로명건물본번호코드>00130</도로명건물본번호코드><도로명건물부번호코드>00000</도로명건물부번호코드><도로명시군구코드>11230</도로명시군구코드><도로명일련번호코드>03</도로명일련번호코드><도로명지상지하코드>0</도로명지상지하코드><도로명코드>3005025</도로명코드><법정동> 답십리동</법정동><법정동본번코드>1003</법정동본번코드><법정동부번코드>0000</법정동부번코드><법정동시군구코드>11230</법정동시군구코드><법정동읍면동코드>10500</법정동읍면동코드><법정동지번코드>1</법정동지번코드><아파트>래미안위브</아파트><월>12</월><일>4</일><일련번호>11230-2587</일련번호><전용면적>84.98</전용면적><중개사소재지>서울 동대문구</중개사소재지><지번>1003</지번><지역코드>11230</지역코드><층>20</층><해제사유발생일> </해제사유발생일><해제여부> </해제여부></item><item><거래금액>    99,000</거래금액><거래유형>중개거래</거래유형><건축년도>2014</건축년도><년>2022</년><도로명>답십리로</도로명><도로명건물본번호코드>00130</도로명건물본번호코드><도로명건물부번호코드>00000</도로명건물부번호코드><도로명시군구코드>11230</도로명시군구코드><도로명일련번호코드>03</도로명일련번호코드><도로명지상지하코드>0</도로명지상지하코드><도로명코드>3005025</도로명코드><법정동> 답십리동</법정동><법정동본번코드>1003</법정동본번코드><법정동부번코드>0000</법정동부번코드><법정동시군구코드>11230</법정동시군구코드><법정동읍면동코드>10500</법정동읍면동코드><법정동지번코드>1</법정동지번코드><아파트>래미안위브</아파트><월>12</월><일>10</일><일련번호>11230-2587</일련번호><전용면적>84.99</전용면적><중개사소재지>서울 동대문구</중개사소재지><지번>1003</지번><지역코드>11230</지역코드><층>11</층><해제사유발생일> </해제사유발생일><해제여부> </해제여부></item><item><거래금액>   110,000</거래금액><거래유형>중개거래</거래유형><건축년도>2018</건축년도><년>2022</년><도로명>천호대로55길</도로명><도로명건물본번호코드>00011</도로명건물본번호코드><도로명건물부번호코드>00000</도로명건물부번호코드><도로명시군구코드>11230</도로명시군구코드><도로명일련번호코드>01</도로명일련번호코드><도로명지상지하코드>0</도로명지상지하코드><도로명코드>4115548</도로명코드><법정동> 답십리동</법정동><법정동본번코드>1009</법정동본번코드><법정동부번코드>0000</법정동부번코드><법정동시군구코드>11230</법정동시군구코드><법정동읍면동코드>10500</법정동읍면동코드><법정동지번코드>1</법정동지번코드><아파트>힐스테이트청계</아파트><월>12</월><일>12</일><일련번호>11230-2823</일련번호><전용면적>84.9</전용면적><중개사소재지>서울 동대문구</중개사소재지><지번>1009</지번><지역코드>11230</지역코드><층>18</층><해제사유발생일> </해제사유발생일><해제여부> </해제여부></item><item><거래금액>    77,000</거래금액><거래유형>직거래</거래유형><건축년도>2018</건축년도><년>2022</년><도로명>천호대로55길</도로명><도로명건물본번호코드>00011</도로명건물본번호코드><도로명건물부번호코드>00000</도로명건물부번호코드><도로명시군구코드>11230</도로명시군구코드><도로명일련번호코드>01</도로명일련번호코드><도로명지상지하코드>0</도로명지상지하코드><도로명코드>4115548</도로명코드><법정동> 답십리동</법정동><법정동본번코드>1009</법정동본번코드><법정동부번코드>0000</법정동부번코드><법정동시군구코드>11230</법정동시군구코드><법정동읍면동코드>10500</법정동읍면동코드><법정동지번코드>1</법정동지번코드><아파트>힐스테이트청계</아파트><월>12</월><일>14</일><일련번호>11230-2823</일련번호><전용면적>84.85</전용면적><중개사소재지> </중개사소재지><지번>1009</지번><지역코드>11230</지역코드><층>3</층><해제사유발생일> </해제사유발생일><해제여부> </해제여부></item><item><거래금액>    10,500</거래금액><거래유형>중개거래</거래유형><건축년도>2013</건축년도><년>2022</년><도로명>전농로</도로명><도로명건물본번호코드>00016</도로명건물본번호코드><도로명건물부번호코드>00000</도로명건물부번호코드><도로명시군구코드>11230</도로명시군구코드><도로명일련번호코드>02</도로명일련번호코드><도로명지상지하코드>0</도로명지상지하코드><도로명코드>3105013</도로명코드><법정동> 답십리동</법정동><법정동본번코드>0488</법정동본번코드><법정동부번코드>0018</법정동부번코드><법정동시군구코드>11230</법정동시군구코드><법정동읍면동코드>10500</법정동읍면동코드><법정동지번코드>1</법정동지번코드><아파트>센시티16</아파트><월>12</월><일>16</일><일련번호>11230-2370</일련번호><전용면적>14.244</전용면적><중개사소재지>서울 동대문구</중개사소재지><지번>488-18</지번><지역코드>11230</지역코드><층>15</층><해제사유발생일> </해제사유발생일><해제여부> </해제여부></item><item><거래금액>    74,000</거래금액><거래유형>중개거래</거래유형><건축년도>2019</건축년도><년>2022</년><도로명>답십리로56길</도로명><도로명건물본번호코드>00105</도로명건물본번호코드><도로명건물부번호코드>00000</도로명건물부번호코드><도로명시군구코드>11230</도로명시군구코드><도로명일련번호코드>00</도로명일련번호코드><도로명코드>4115090</도로명코드><법정동> 답십리동</법정동><법정동본번코드>1014</법정동본번코드><법정동부번코드>0000</법정동부번코드><법정동시군구코드>11230</법정동시군구코드><법정동읍면동코드>10500</법정동읍면동코드><법정동지번코드>1</법정동지번코드><아파트>답십리파크자이</아파트><월>12</월><일>23</일><일련번호>11230-2868</일련번호><전용면적>49.54</전용면적><중개사소재지>서울 동대문구</중개사소재지><지번>1014</지번><지역코드>11230</지역코드><층>17</층><해제사유발생일> </해제사유발생일><해제여부> </해제여부></item><item><거래금액>   103,000</거래금액><거래유형>중개거래</거래유형><건축년도>2019</건축년도><년>2022</년><도로명>답십리로</도로명><도로명건물본번호코드>00141</도로명건물본번호코드><도로명건물부번호코드>00000</도로명건물부번호코드><도로명시군구코드>11230</도로명시군구코드><도로명일련번호코드>01</도로명일련번호코드><도로명코드>3005025</도로명코드><법정동> 답십리동</법정동><법정동본번코드>1013</법정동본번코드><법정동부번코드>0000</법정동부번코드><법정동시군구코드>11230</법정동시군구코드><법정동읍면동코드>10500</법정동읍면동코드><법정동지번코드>1</법정동지번코드><아파트>래미안미드카운티</아파트><월>12</월><일>23</일><일련번호>11230-2802</일련번호><전용면적>84.97</전용면적><중개사소재지>서울 동대문구</중개사소재지><지번>1013</지번><지역코드>11230</지역코드><층>12</층><해제사유발생일> </해제사유발생일><해제여부> </해제여부></item><item><거래금액>    78,000</거래금액><거래유형>중개거래</거래유형><건축년도>2010</건축년도><년>2022</년><도로명>서울시립대로</도로명><도로명건물본번호코드>00014</도로명건물본번호코드><도로명건물부번호코드>00000</도로명건물부번호코드><도로명시군구코드>11230</도로명시군구코드><도로명일련번호코드>02</도로명일련번호코드><도로명지상지하코드>0</도로명지상지하코드><도로명코드>3105004</도로명코드><법정동> 답십리동</법정동><법정동본번코드>1002</법정동본번코드><법정동부번코드>0000</법정동부번코드><법정동시군구코드>11230</법정동시군구코드><법정동읍면동코드>10500</법정동읍면동코드><법정동지번코드>1</법정동지번코드><아파트>청계한신휴플러스</아파트><월>12</월><일>29</일><일련번호>11230-2208</일련번호><전용면적>59.74</전용면적><중개사소재지>서울 동대문구</중개사소재지><지번>1002</지번><지역코드>11230</지역코드><층>14</층><해제사유발생일> </해제사유발생일><해제여부> </해제여부></item><item><거래금액>    93,000</거래금액><거래유형>중개거래</거래유형><건축년도>2003</건축년도><년>2022</년><도로명>장한로14길</도로명><도로명건물본번호코드>00081</도로명건물본번호코드><도로명건물부번호코드>00000</도로명건물부번호코드><도로명시군구코드>11230</도로명시군구코드><도로명일련번호코드>01</도로명일련번호코드><도로명지상지하코드>0</도로명지상지하코드><도로명코드>4115391</도로명코드><법정동> 장안동</법정동><법정동본번코드>0354</법정동본번코드><법정동부번코드>0002</법정동부번코드><법정동시군구코드>11230</법정동시군구코드><법정동읍면동코드>10600</법정동읍면동코드><법정동지번코드>1</법정동지번코드><아파트>래미안장안</아파트><월>12</월><일>11</일><일련번호>11230-70</일련번호><전용면적>115.681</전용면적><중개사소재지>서울 동대문구</중개사소재지><지번>354-2</지번><지역코드>11230</지역코드><층>12</층><해제사유발생일> </해제사유발생일><해제여부> </해제여부></item><item><거래금액>    60,000</거래금액><거래유형>중개거래</거래유형><건축년도>1996</건축년도><년>2022</년><도로명>사가정로</도로명><도로명건물본번호코드>00245</도로명건물본번호코드><도로명건물부번호코드>00003</도로명건물부번호코드><도로명시군구코드>11230</도로명시군구코드><도로명일련번호코드>03</도로명일련번호코드><도로명지상지하코드>0</도로명지상지하코드><도로명코드>3005034</도로명코드><법정동> 장안동</법정동><법정동본번코드>0555</법정동본번코드><법정동부번코드>0001</법정동부번코드><법정동시군구코드>11230</법정동시군구코드><법정동읍면동코드>10600</법정동읍면동코드><법정동지번코드>1</법정동지번코드><아파트>한신아파트</아파트><월>12</월><일>16</일><일련번호>11230-35</일련번호><전용면적>84.9</전용면적><중개사소재지>서울 동대문구</중개사소재지><지번>555-1</지번><지역코드>11230</지역코드><층>15</층><해제사유발생일> </해제사유발생일><해제여부> </해제여부></item><item><거래금액>    96,000</거래금액><거래유형>중개거래</거래유형><건축년도>2003</건축년도><년>2022</년><도로명>장한로14길</도로명><도로명건물본번호코드>00081</도로명건물본번호코드><도로명건물부번호코드>00000</도로명건물부번호코드><도로명시군구코드>11230</도로명시군구코드><도로명일련번호코드>01</도로명일련번호코드><도로명지상지하코드>0</도로명지상지하코드><도로명코드>4115391</도로명코드><법정동> 장안동</법정동><법정동본번코드>0354</법정동본번코드><법정동부번코드>0002</법정동부번코드><법정동시군구코드>11230</법정동시군구코드><법정동읍면동코드>10600</법정동읍면동코드><법정동지번코드>1</법정동지번코드><아파트>래미안장안</아파트><월>12</월><일>19</일><일련번호>11230-70</일련번호><전용면적>115.681</전용면적><중개사소재지>서울 동대문구</중개사소재지><지번>354-2</지번><지역코드>11230</지역코드><층>12</층><해제사유발생일>22.12.25</해제사유발생일><해제여부>O</해제여부></item><item><거래금액>    86,000</거래금액><거래유형>중개거래</거래유형><건축년도>2007</건축년도><년>2022</년><도로명>장안벚꽃로</도로명><도로명건물본번호코드>00167</도로명건물본번호코드><도로명건물부번호코드>00000</도로명건물부번호코드><도로명시군구코드>11230</도로명시군구코드><도로명일련번호코드>01</도로명일련번호코드><도로명지상지하코드>0</도로명지상지하코드><도로명코드>3105011</도로명코드><법정동> 장안동</법정동><법정동본번코드>0329</법정동본번코드><법정동부번코드>0003</법정동부번코드><법정동시군구코드>11230</법정동시군구코드><법정동읍면동코드>10600</법정동읍면동코드><법정동지번코드>1</법정동지번코드><아파트>래미안장안2차</아파트><월>12</월><일>20</일><일련번호>11230-129</일련번호><전용면적>81.05</전용면적><중개사소재지>서울 동대문구</중개사소재지><지번>329-3</지번><지역코드>11230</지역코드><층>6</층><해제사유발생일> </해제사유발생일><해제여부> </해제여부></item><item><거래금액>    74,500</거래금액><거래유형>중개거래</거래유형><건축년도>2003</건축년도><년>2022</년><도로명>장안벚꽃로</도로명><도로명건물본번호코드>00107</도로명건물본번호코드><도로명건물부번호코드>00000</도로명건물부번호코드><도로명시군구코드>11230</도로명시군구코드><도로명일련번호코드>01</도로명일련번호코드><도로명지상지하코드>0</도로명지상지하코드><도로명코드>3105011</도로명코드><법정동> 장안동</법정동><법정동본번코드>0336</법정동본번코드><법정동부번코드>0000</법정동부번코드><법정동시군구코드>11230</법정동시군구코드><법정동읍면동코드>10600</법정동읍면동코드><법정동지번코드>1</법정동지번코드><아파트>장안현대홈타운(336)</아파트><월>12</월><일>22</일><일련번호>11230-81</일련번호><전용면적>84.87</전용면적><중개사소재지>서울 동대문구</중개사소재지><지번>336</지번><지역코드>11230</지역코드><층>10</층><해제사유발생일> </해제사유발생일><해제여부> </해제여부></item><item><거래금액>   122,500</거래금액><거래유형>직거래</거래유형><건축년도>2003</건축년도><년>2022</년><도로명>장안벚꽃로</도로명><도로명건물본번호코드>00107</도로명건물본번호코드><도로명건물부번호코드>00000</도로명건물부번호코드><도로명시군구코드>11230</도로명시군구코드><도로명일련번호코드>01</도로명일련번호코드><도로명지상지하코드>0</도로명지상지하코드><도로명코드>3105011</도로명코드><법정동> 장안동</법정동><법정동본번코드>0336</법정동본번코드><법정동부번코드>0000</법정동부번코드><법정동시군구코드>11230</법정동시군구코드><법정동읍면동코드>10600</법정동읍면동코드><법정동지번코드>1</법정동지번코드><아파트>장안현대홈타운(336)</아파트><월>12</월><일>22</일><일련번호>11230-81</일련번호><전용면적>112.78</전용면적><중개사소재지> </중개사소재지><지번>336</지번><지역코드>11230</지역코드><층>19</층><해제사유발생일> </해제사유발생일><해제여부> </해제여부></item><item><거래금액>    21,500</거래금액><거래유형>중개거래</거래유형><건축년도>2013</건축년도><년>2022</년><도로명>이문로</도로명><도로명건물본번호코드>00037</도로명건물본번호코드><도로명건물부번호코드>00000</도로명건물부번호코드><도로명시군구코드>11230</도로명시군구코드><도로명일련번호코드>01</도로명일련번호코드><도로명지상지하코드>0</도로명지상지하코드><도로명코드>3105010</도로명코드><법정동> 회기동</법정동><법정동본번코드>0346</법정동본번코드><법정동부번코드>0018</법정동부번코드><법정동시군구코드>11230</법정동시군구코드><법정동읍면동코드>10800</법정동읍면동코드><법정동지번코드>1</법정동지번코드><아파트>베라체캠퍼스</아파트><월>12</월><일>2</일><일련번호>11230-2350</일련번호><전용면적>24.011</전용면적><중개사소재지>서울 동대문구</중개사소재지><지번>346-18</지번><지역코드>11230</지역코드><층>8</층><해제사유발생일> </해제사유발생일><해제여부> </해제여부></item><item><거래금액>    45,000</거래금액><거래유형>중개거래</거래유형><건축년도>1985</건축년도><년>2022</년><도로명>겸재로</도로명><도로명건물본번호코드>00024</도로명건물본번호코드><도로명건물부번호코드>00000</도로명건물부번호코드><도로명시군구코드>11230</도로명시군구코드><도로명일련번호코드>01</도로명일련번호코드><도로명지상지하코드>0</도로명지상지하코드><도로명코드>3005029</도로명코드><법정동> 휘경동</법정동><법정동본번코드>0049</법정동본번코드><법정동부번코드>0005</법정동부번코드><법정동시군구코드>11230</법정동시군구코드><법정동읍면동코드>10900</법정동읍면동코드><법정동지번코드>1</법정동지번코드><아파트>서울가든</아파트><월>12</월><일>7</일><일련번호>11230-51</일련번호><전용면적>85.6</전용면적><중개사소재지>서울 동대문구</중개사소재지><지번>49-5</지번><지역코드>11230</지역코드><층>1</층><해제사유발생일> </해제사유발생일><해제여부> </해제여부></item><item><거래금액>    32,800</거래금액><거래유형>직거래</거래유형><건축년도>2001</건축년도><년>2022</년><도로명>망우로12길</도로명><도로명건물본번호코드>00061</도로명건물본번호코드><도로명건물부번호코드>00000</도로명건물부번호코드><도로명시군구코드>11230</도로명시군구코드><도로명일련번호코드>01</도로명일련번호코드><도로명지상지하코드>0</도로명지상지하코드><도로명코드>4115111</도로명코드><법정동> 휘경동</법정동><법정동본번코드>0308</법정동본번코드><법정동부번코드>0110</법정동부번코드><법정동시군구코드>11230</법정동시군구코드><법정동읍면동코드>10900</법정동읍면동코드><법정동지번코드>1</법정동지번코드><아파트>동성</아파트><월>12</월><일>21</일><일련번호>11230-49</일련번호><전용면적>25.34</전용면적><중개사소재지> </중개사소재지><지번>308-110</지번><지역코드>11230</지역코드><층>6</층><해제사유발생일> </해제사유발생일><해제여부> </해제여부></item><item><거래금액>    50,000</거래금액><거래유형>중개거래</거래유형><건축년도>2000</건축년도><년>2022</년><도로명>한천로58길</도로명><도로명건물본번호코드>00107</도로명건물본번호코드><도로명건물부번호코드>00000</도로명건물부번호코드><도로명시군구코드>11230</도로명시군구코드><도로명일련번호코드>01</도로명일련번호코드><도로명지상지하코드>0</도로명지상지하코드><도로명코드>4115640</도로명코드><법정동> 이문동</법정동><법정동본번코드>0054</법정동본번코드><법정동부번코드>0000</법정동부번코드><법정동시군구코드>11230</법정동시군구코드><법정동읍면동코드>11000</법정동읍면동코드><법정동지번코드>1</법정동지번코드><아파트>현대</아파트><월>12</월><일>14</일><일련번호>11230-63</일련번호><전용면적>59.92</전용면적><중개사소재지>서울 동대문구</중개사소재지><지번>54</지번><지역코드>11230</지역코드><층>14</층><해제사유발생일> </해제사유발생일><해제여부> </해제여부></item><item><거래금액>    67,000</거래금액><거래유형>중개거래</거래유형><건축년도>2003</건축년도><년>2022</년><도로명>한천로63길</도로명><도로명건물본번호코드>00010</도로명건물본번호코드><도로명건물부번호코드>00000</도로명건물부번호코드><도로명시군구코드>11230</도로명시군구코드><도로명일련번호코드>01</도로명일련번호코드><도로명지상지하코드>0</도로명지상지하코드><도로명코드>4115643</도로명코드><법정동> 이문동</법정동><법정동본번코드>0225</법정동본번코드><법정동부번코드>0000</법정동부번코드><법정동시군구코드>11230</법정동시군구코드><법정동읍면동코드>11000</법정동읍면동코드><법정동지번코드>1</법정동지번코드><아파트>대림e-편한세상</아파트><월>12</월><일>23</일><일련번호>11230-65</일련번호><전용면적>59.958</전용면적><중개사소재지>서울 동대문구</중개사소재지><지번>225</지번><지역코드>11230</지역코드><층>8</층><해제사유발생일> </해제사유발생일><해제여부> </해제여부></item><item><거래금액>    76,500</거래금액><거래유형>중개거래</거래유형><건축년도>2003</건축년도><년>2022</년><도로명>한천로63길</도로명><도로명건물본번호코드>00010</도로명건물본번호코드><도로명건물부번호코드>00000</도로명건물부번호코드><도로명시군구코드>11230</도로명시군구코드><도로명일련번호코드>01</도로명일련번호코드><도로명지상지하코드>0</도로명지상지하코드><도로명코드>4115643</도로명코드><법정동> 이문동</법정동><법정동본번코드>0225</법정동본번코드><법정동부번코드>0000</법정동부번코드><법정동시군구코드>11230</법정동시군구코드><법정동읍면동코드>11000</법정동읍면동코드><법정동지번코드>1</법정동지번코드><아파트>대림e-편한세상</아파트><월>12</월><일>31</일><일련번호>11230-65</일련번호><전용면적>84.972</전용면적><중개사소재지>서울 동대문구</중개사소재지><지번>225</지번><지역코드>11230</지역코드><층>11</층><해제사유발생일> </해제사유발생일><해제여부> </해제여부></item></items><numOfRows>999</numOfRows><pageNo>1</pageNo><totalCount>29</totalCount></body></response>