<?xml version="1.0" encoding="UTF-8" standalone="yes"?><response><header><resultCode>00</resultCode><resultMsg>NORMAL SERVICE.</resultMsg></header><body><items><item><거래금액>    59,500</거래금액><거래유형>중개거래</거래유형><건축년도>1994</건축년도><년>2023</년><도로명>무학로26길</도로명><도로명건물본번호코드>00030</도로명건물본번호코드><도로명건물부번호코드>00000</도로명건물부번호코드><도로명시군구코드>11230</도로명시군구코드><도로명일련번호코드>01</도로명일련번호코드><도로명지상지하코드>0</도로명지상지하코드><도로명코드>4115147</도로명코드><법정동> 용두동</법정동><법정동본번코드>0779</법정동본번코드><법정동부번코드>0000</법정동부번코드><법정동시군구코드>11230</법정동시군구코드><법정동읍면동코드>10200</법정동읍면동코드><법정동지번코드>1</법정동지번코드><아파트>신동아</아파트><월>1</월><일>6</일><일련번호>11230-2</일련번호><전용면적>58.59</전용면적><중개사소재지>서울 동대문구</중개사소재지><지번>779</지번><지역코드>11230</지역코드><층>7</층><해제사유발생일> </해제사유발생일><해제여부> </해제여부></item><item><거래금액>    76,000</거래금액><거래유형>중개거래</거래유형><건축년도>2011</건축년도><년>2023</년><도로명>정릉천동로</도로명><도로명건물본번호코드>00036</도로명건물본번호코드><도로명건물부번호코드>00000</도로명건물부번호코드><도로명시군구코드>11230</도로명시군구코드><도로명일련번호코드>01</도로명일련번호코드><도로명지상지하코드>0</도로명지상지하코드><도로명코드>3105014</도로명코드><법정동> 용두동</법정동><법정동본번코드>0792</법정동본번코드><법정동부번코드>0000</법정동부번코드><법정동시군구코드>11230</법정동시군구코드><법정동읍면동코드>10200</법정동읍면동코드><법정동지번코드>1</법정동지번코드><아파트>래미안 허브리츠</아파트><월>1</월><일>10</일><일련번호>11230-2198</일련번호><전용면적>59.98</전용면적><중개사소재지>부산 해운대구, 서울 동대문구</중개사소재지><지번>792</지번><지역코드>11230</지역코드><층>4</층><해제사유발생일> </해제사유발생일><해제여부> </해제여부></item><item><거래금액>    83,000</거래금액><거래유형>중개거래</거래유형><건축년도>2022</건축년도><년>2023</년><도로명>한빛로</도로명><도로명건물본번호코드>00049</도로명건물본번호코드><도로명건물부번호코드>00000</도로명건물부번호코드><도로명시군구코드>11230</도로명시군구코드><도로명일련번호코드>00</도로명일련번호코드><도로명코드>3105017</도로명코드><법정동> 용두동</법정동><법정동본번코드>0753</법정동본번코드><법정동부번코드>0009</법정동부번코드><법정동시군구코드>11230</법정동시군구코드><법정동읍면동코드>10200</법정동읍면동코드><법정동지번코드>1</법정동지번코드><아파트>래미안엘리니티</아파트><월>1</월><일>10</일><일련번호>11230-3082</일련번호><전용면적>59.96</전용면적><중개사소재지>서울 동대문구</중개사소재지><지번>753-9</지번><지역코드>11230</지역코드><층>5</층><해제사유발생일> </해제사유발생일><해제여부> </해제여부></item><item><거래금액>    32,000</거래금액><거래유형>중개거래</거래유형><건축년도>2009</건축년도><년>2023</년><도로명>정릉천동로</도로명><도로명건물본번호코드>00058</도로명건물본번호코드><도로명건물부번호코드>00000</도로명건물부번호코드><도로명시군구코드>11230</도로명시군구코드><도로명일련번호코드>01</도로명일련번호코드><도로명지상지하코드>0</도로명지상지하코드><도로명코드>3105014</도로명코드><법정동> 용두동</법정동><법정동본번코드>0790</법정동본번코드><법정동부번코드>0000</법정동부번코드><법정동시군구코드>11230</법정동시군구코드><법정동읍면동코드>10200</법정동읍면동코드><법정동지번코드>1</법정동지번코드><아파트>롯데캐슬피렌체</아파트><월>1</월><일>14</일><일련번호>11230-2159</일련번호><전용면적>26.08</전용면적><중개사소재지>서울 동대문구</중개사소재지><지번>790</지번><지역코드>11230</지역코드><층>7</층><해제사유발생일> </해제사유발생일><해제여부> </해제여부></item><item><거래금액>    79,000</거래금액><거래유형>중개거래</거래유형><건축년도>2011</건축년도><년>2023</년><도로명>정릉천동로</도로명><도로명건물본번호코드>00036</도로명건물본번호코드><도로명건물부번호코드>00000</도로명건물부번호코드><도로명시군구코드>11230</도로명시군구코드><도로명일련번호코드>01</도로명일련번호코드><도로명지상지하코드>0</도로명지상지하코드><도로명코드>3105014</도로명코드><법정동> 용두동</법정동><법정동본번코드>0792</법정동본번코드><법정동부번코드>0000</법정동부번코드><법정동시군구코드>11230</법정동시군구코드><법정동읍면동코드>10200</법정동읍면동코드><법정동지번코드>1</법정동지번코드><아파트>래미안 허브리츠</아파트><월>1</월><일>14</일><일련번호>11230-2198</일련번호><전용면적>59.9</전용면적><중개사소재지>서울 동대문구</중개사소재지><지번>792</지번><지역코드>11230</지역코드><층>2</층><해제사유발생일> </해제사유발생일><해제여부> </해제여부></item><item><거래금액>    73,000</거래금액><거래유형>중개거래</거래유형><건축년도>2009</건축년도><년>2023</년><도로명>정릉천동로</도로명><도로명건물본번호코드>00016</도로명건물본번호코드><도로명건물부번호코드>00000</도로명건물부번호코드><도로명시군구코드>11230</도로명시군구코드><도로명일련번호코드>01</도로명일련번호코드><도로명지상지하코드>0</도로명지상지하코드><도로명코드>3105014</도로명코드><법정동> 용두동</법정동><법정동본번코드>0791</법정동본번코드><법정동부번코드>0000</법정동부번코드><법정동시군구코드>11230</법정동시군구코드><법정동읍면동코드>10200</법정동읍면동코드><법정동지번코드>1</법정동지번코드><아파트>용두두산위브</아파트><월>1</월><일>18</일><일련번호>11230-2164</일련번호><전용면적>59.99</전용면적><중개사소재지>서울 동대문구</중개사소재지><지번>791</지번><지역코드>11230</지역코드><층>15</층><해제사유발생일> </해제사유발생일><해제여부> </해제여부></item><item><거래금액>    75,000</거래금액><거래유형>중개거래</거래유형><건축년도>2009</건축년도><년>2023</년><도로명>정릉천동로</도로명><도로명건물본번호코드>00016</도로명건물본번호코드><도로명건물부번호코드>00000</도로명건물부번호코드><도로명시군구코드>11230</도로명시군구코드><도로명일련번호코드>01</도로명일련번호코드><도로명지상지하코드>0</도로명지상지하코드><도로명코드>3105014</도로명코드><법정동> 용두동</법정동><법정동본번코드>0791</법정동본번코드><법정동부번코드>0000</법정동부번코드><법정동시군구코드>11230</법정동시군구코드><법정동읍면동코드>10200</법정동읍면동코드><법정동지번코드>1</법정동지번코드><아파트>용두두산위브</아파트><월>1</월><일>19</일><일련번호>11230-2164</일련번호><전용면적>59.99</전용면적><중개사소재지>서울 동대문구</중개사소재지><지번>791</지번><지역코드>11230</지역코드><층>12</층><해제사유발생일> </해제사유발생일><해제여부> </해제여부></item><item><거래금액>    79,000</거래금액><거래유형>중개거래</거래유형><건축년도>2011</건축년도><년>2023</년><도로명>정릉천동로</도로명><도로명건물본번호코드>00036</도로명건물본번호코드><도로명건물부번호코드>00000</도로명건물부번호코드><도로명시군구코드>11230</도로명시군구코드><도로명일련번호코드>01</도로명일련번호코드><도로명지상지하코드>0</도로명지상지하코드><도로명코드>3105014</도로명코드><법정동> 용두동</법정동><법정동본번코드>0792</법정동본번코드><법정동부번코드>0000</법정동부번코드><법정동시군구코드>11230</법정동시군구코드><법정동읍면동코드>10200</법정동읍면동코드><법정동지번코드>1</법정동지번코드><아파트>래미안 허브리츠</아파트><월>1</월><일>19</일><일련번호>11230-2198</일련번호><전용면적>59.98</전용면적><중개사소재지>서울 동대문구</중개사소재지><지번>792</지번><지역코드>11230</지역코드><층>8</층><해제사유발생일> </해제사유발생일><해제여부> </해제여부></item><item><거래금액>    80,000</거래금액><거래유형>중개거래</거래유형><건축년도>2011</건축년도><년>2023</년><도로명>정릉천동로</도로명><도로명건물본번호코드>00036</도로명건물본번호코드><도로명건물부번호코드>00000</도로명건물부번호코드><도로명시군구코드>11230</도로명시군구코드><도로명일련번호코드>01</도로명일련번호코드><도로명지상지하코드>0</도로명지상지하코드><도로명코드>3105014</도로명코드><법정동> 용두동</법정동><법정동본번코드>0792</법정동본번코드><법정동부번코드>0000</법정동부번코드><법정동시군구코드>11230</법정동시군구코드><법정동읍면동코드>10200</법정동읍면동코드><법정동지번코드>1</법정동지번코드><아파트>래미안 허브리츠</아파트><월>1</월><일>25</일><일련번호>11230-2198</일련번호><전용면적>59.98</전용면적><중개사소재지>서울 동대문구</중개사소재지><지번>792</지번><지역코드>11230</지역코드><층>3</층><해제사유발생일> </해제사유발생일><해제여부> </해제여부></item><item><거래금액>   100,000</거래금액><거래유형>중개거래</거래유형><건축년도>2011</건축년도><년>2023</년><도로명>정릉천동로</도로명><도로명건물본번호코드>00036</도로명건물본번호코드><도로명건물부번호코드>00000</도로명건물부번호코드><도로명시군구코드>11230</도로명시군구코드><도로명일련번호코드>01</도로명일련번호코드><도로명지상지하코드>0</도로명지상지하코드><도로명코드>3105014</도로명코드><법정동> 용두동</법정동><법정동본번코드>0792</법정동본번코드><법정동부번코드>0000</법정동부번코드><법정동시군구코드>11230</법정동시군구코드><법정동읍면동코드>10200</법정동읍면동코드><법정동지번코드>1</법정동지번코드><아파트>래미안 허브리츠</아파트><월>1</월><일>28</일><일련번호>11230-2198</일련번호><전용면적>84.97</전용면적><중개사소재지>서울 동대문구</중개사소재지><지번>792</지번><지역코드>11230</지역코드><층>18</층><해제사유발생일> </해제사유발생일><해제여부> </해제여부></item><item><거래금액>    18,800</거래금액><거래유형>중개거래</거래유형><건축년도>2019</건축년도><년>2023</년><도로명>청계천로</도로명><도로명건물본번호코드>00461</도로명건물본번호코드><도로명건물부번호코드>00000</도로명건물부번호코드><도로명시군구코드>11230</도로명시군구코드><도로명일련번호코드>00</도로명일련번호코드><도로명지상지하코드>0</도로명지상지하코드><도로명코드>3100021</도로명코드><법정동> 용두동</법정동><법정동본번코드>0255</법정동본번코드><법정동부번코드>0049</법정동부번코드><법정동시군구코드>11230</법정동시군구코드><법정동읍면동코드>10200</법정동읍면동코드><법정동지번코드>1</법정동지번코드><아파트>청계한양아이클래스</아파트><월>1</월><일>28</일><일련번호>11230-2870</일련번호><전용면적>14.89</전용면적><중개사소재지>서울 마포구</중개사소재지><지번>255-49</지번><지역코드>11230</지역코드><층>20</층><해제사유발생일> </해제사유발생일><해제여부> </해제여부></item><item><거래금액>    41,500</거래금액><거래유형>중개거래</거래유형><건축년도>2016</건축년도><년>2023</년><도로명>왕산로</도로명><도로명건물본번호코드>00086</도로명건물본번호코드><도로명건물부번호코드>00000</도로명건물부번호코드><도로명시군구코드>11230</도로명시군구코드><도로명일련번호코드>00</도로명일련번호코드><도로명지상지하코드>0</도로명지상지하코드><도로명코드>3105008</도로명코드><법정동> 용두동</법정동><법정동본번코드>0104</법정동본번코드><법정동부번코드>0003</법정동부번코드><법정동시군구코드>11230</법정동시군구코드><법정동읍면동코드>10200</법정동읍면동코드><법정동지번코드>1</법정동지번코드><아파트>동대문푸르지오시티(도시형생활주택)</아파트><월>1</월><일>29</일><일련번호>11230-2647</일련번호><전용면적>30.11</전용면적><중개사소재지>서울 동대문구</중개사소재지><지번>104-3</지번><지역코드>11230</지역코드><층>21</층><해제사유발생일> </해제사유발생일><해제여부> </해제여부></item><item><거래금액>   100,000</거래금액><거래유형>중개거래</거래유형><건축년도>2011</건축년도><년>2023</년><도로명>정릉천동로</도로명><도로명건물본번호코드>00036</도로명건물본번호코드><도로명건물부번호코드>00000</도로명건물부번호코드><도로명시군구코드>11230</도로명시군구코드><도로명일련번호코드>01</도로명일련번호코드><도로명지상지하코드>0</도로명지상지하코드><도로명코드>3105014</도로명코드><법정동> 용두동</법정동><법정동본번코드>0792</법정동본번코드><법정동부번코드>0000</법정동부번코드><법정동시군구코드>11230</법정동시군구코드><법정동읍면동코드>10200</법정동읍면동코드><법정동지번코드>1</법정동지번코드><아파트>래미안 허브리츠</아파트><월>1</월><일>31</일><일련번호>11230-2198</일련번호><전용면적>84.97</전용면적><중개사소재지>서울 동대문구</중개사소재지><지번>792</지번><지역코드>11230</지역코드><층>12</층><해제사유발생일> </해제사유발생일><해제여부> </해제여부></item><item><거래금액>    89,000</거래금액><거래유형>중개거래</거래유형><건축년도>2015</건축년도><년>2023</년><도로명>한빛로</도로명><도로명건물본번호코드>00073</도로명건물본번호코드><도로명건물부번호코드>00000</도로명건물부번호코드><도로명시군구코드>11230</도로명시군구코드><도로명일련번호코드>01</도로명일련번호코드><도로명지상지하코드>0</도로명지상지하코드><도로명코드>3105017</도로명코드><법정동> 용두동</법정동><법정동본번코드>0794</법정동본번코드><법정동부번코드>0000</법정동부번코드><법정동시군구코드>11230</법정동시군구코드><법정동읍면동코드>10200</법정동읍면동코드><법정동지번코드>1</법정동지번코드><아파트>용두롯데캐슬리치</아파트><월>1</월><일>31</일><일련번호>11230-2518</일련번호><전용면적>84.5011</전용면적><중개사소재지>서울 동대문구</중개사소재지><지번>794</지번><지역코드>11230</지역코드><층>16</층><해제사유발생일> </해제사유발생일><해제여부> </해제여부></item><item><거래금액>    80,000</거래금액><거래유형>중개거래</거래유형><건축년도>2011</건축년도><년>2023</년><도로명>정릉천동로</도로명><도로명건물본번호코드>00036</도로명건물본번호코드><도로명건물부번호코드>00000</도로명건물부번호코드><도로명시군구코드>11230</도로명시군구코드><도로명일련번호코드>01</도로명일련번호코드><도로명지상지하코드>0</도로명지상지하코드><도로명코드>3105014</도로명코드><법정동> 용두동</법정동><법정동본번코드>0792</법정동본번코드><법정동부번코드>0000</법정동부번코드><법정동시군구코드>11230</법정동시군구코드><법정동읍면동코드>10200</법정동읍면동코드><법정동지번코드>1</법정동지번코드><아파트>래미안 허브리츠</아파트><월>1</월><일>31</일><일련번호>11230-2198</일련번호><전용면적>59.98</전용면적><중개사소재지>서울 동대문구</중개사소재지><지번>792</지번><지역코드>11230</지역코드><층>6</층><해제사유발생일> </해제사유발생일><해제여부> </해제여부></item><item><거래금액>   106,500</거래금액><거래유형>중개거래</거래유형><건축년도>2014</건축년도><년>2023</년><도로명>사가정로</도로명><도로명건물본번호코드>00065</도로명건물본번호코드><도로명건물부번호코드>00000</도로명건물부번호코드><도로명시군구코드>11230</도로명시군구코드><도로명일련번호코드>01</도로명일련번호코드><도로명지상지하코드>0</도로명지상지하코드><도로명코드>3005034</도로명코드><법정동> 전농동</법정동><법정동본번코드>0690</법정동본번코드><법정동부번코드>0000</법정동부번코드><법정동시군구코드>11230</법정동시군구코드><법정동읍면동코드>10400</법정동읍면동코드><법정동지번코드>1</법정동지번코드><아파트>래미안크레시티</아파트><월>1</월><일>17</일><일련번호>11230-2578</일련번호><전용면적>84.97</전용면적><중개사소재지>서울 동대문구</중개사소재지><지번>690</지번><지역코드>11230</지역코드><층>13</층><해제사유발생일> </해제사유발생일><해제여부> </해제여부></item><item><거래금액>    88,000</거래금액><거래유형>중개거래</거래유형><건축년도>2000</건축년도><년>2023</년><도로명>사가정로</도로명><도로명건물본번호코드>00148</도로명건물본번호코드><도로명건물부번호코드>00000</도로명건물부번호코드><도로명시군구코드>11230</도로명시군구코드><도로명일련번호코드>01</도로명일련번호코드><도로명지상지하코드>0</도로명지상지하코드><도로명코드>3005034</도로명코드><법정동> 전농동</법정동><법정동본번코드>0010</법정동본번코드><법정동부번코드>0000</법정동부번코드><법정동시군구코드>11230</법정동시군구코드><법정동읍면동코드>10400</법정동읍면동코드><법정동지번코드>1</법정동지번코드><아파트>전농SK</아파트><월>1</월><일>23</일><일련번호>11230-10</일련번호><전용면적>114.3</전용면적><중개사소재지>서울 동대문구</중개사소재지><지번>10</지번><지역코드>11230</지역코드><층>11</층><해제사유발생일> </해제사유발생일><해제여부> </해제여부></item><item><거래금액>    13,900</거래금액><거래유형>중개거래</거래유형><건축년도>2012</건축년도><년>2023</년><도로명>사가정로</도로명><도로명건물본번호코드>00006</도로명건물본번호코드><도로명건물부번호코드>00000</도로명건물부번호코드><도로명시군구코드>11230</도로명시군구코드><도로명일련번호코드>02</도로명일련번호코드><도로명지상지하코드>0</도로명지상지하코드><도로명코드>3005034</도로명코드><법정동> 답십리동</법정동><법정동본번코드>0498</법정동본번코드><법정동부번코드>0007</법정동부번코드><법정동시군구코드>11230</법정동시군구코드><법정동읍면동코드>10500</법정동읍면동코드><법정동지번코드>1</법정동지번코드><아파트>청계지웰</아파트><월>1</월><일>4</일><일련번호>11230-2311</일련번호><전용면적>19.525</전용면적><중개사소재지>서울 동대문구</중개사소재지><지번>498-7</지번><지역코드>11230</지역코드><층>13</층><해제사유발생일> </해제사유발생일><해제여부> </해제여부></item><item><거래금액>    95,000</거래금액><거래유형>중개거래</거래유형><건축년도>2014</건축년도><년>2023</년><도로명>답십리로</도로명><도로명건물본번호코드>00130</도로명건물본번호코드><도로명건물부번호코드>00000</도로명건물부번호코드><도로명시군구코드>11230</도로명시군구코드><도로명일련번호코드>03</도로명일련번호코드><도로명지상지하코드>0</도로명지상지하코드><도로명코드>3005025</도로명코드><법정동> 답십리동</법정동><법정동본번코드>1003</법정동본번코드><법정동부번코드>0000</법정동부번코드><법정동시군구코드>11230</법정동시군구코드><법정동읍면동코드>10500</법정동읍면동코드><법정동지번코드>1</법정동지번코드><아파트>래미안위브</아파트><월>1</월><일>4</일><일련번호>11230-2587</일련번호><전용면적>84.98</전용면적><중개사소재지>서울 동대문구</중개사소재지><지번>1003</지번><지역코드>11230</지역코드><층>15</층><해제사유발생일> </해제사유발생일><해제여부> </해제여부></item><item><거래금액>    98,000</거래금액><거래유형>중개거래</거래유형><건축년도>2014</건축년도><년>2023</년><도로명>답십리로</도로명><도로명건물본번호코드>00130</도로명건물본번호코드><도로명건물부번호코드>00000</도로명건물부번호코드><도로명시군구코드>11230</도로명시군구코드><도로명일련번호코드>03</도로명일련번호코드><도로명지상지하코드>0</도로명지상지하코드><도로명코드>3005025</도로명코드><법정동> 답십리동</법정동><법정동본번코드>1003</법정동본번코드><법정동부번코드>0000</법정동부번코드><법정동시군구코드>11230</법정동시군구코드><법정동읍면동코드>10500</법정동읍면동코드><법정동지번코드>1</법정동지번코드><아파트>래미안위브</아파트><월>1</월><일>5</일><일련번호>11230-2587</일련번호><전용면적>84.98</전용면적><중개사소재지>서울 동대문구</중개사소재지><지번>1003</지번><지역코드>11230</지역코드><층>1</층><해제사유발생일> </해제사유발생일><해제여부> </해제여부></item><item><거래금액>    94,000</거래금액><거래유형>중개거래</거래유형><건축년도>2014</건축년도><년>2023</년><도로명>답십리로</도로명><도로명건물본번호코드>00130</도로명건물본번호코드><도로명건물부번호코드>00000</도로명건물부번호코드><도로명시군구코드>11230</도로명시군구코드><도로명일련번호코드>03</도로명일련번호코드><도로명지상지하코드>0</도로명지상지하코드><도로명코드>3005025</도로명코드><법정동> 답십리동</법정동><법정동본번코드>1003</법정동본번코드><법정동부번코드>0000</법정동부번코드><법정동시군구코드>11230</법정동시군구코드><법정동읍면동코드>10500</법정동읍면동코드><법정동지번코드>1</법정동지번코드><아파트>래미안위브</아파트><월>1</월><일>5</일><일련번호>11230-2587</일련번호><전용면적>84.98</전용면적><중개사소재지>서울 동대문구</중개사소재지><지번>1003</지번><지역코드>11230</지역코드><층>6</층><해제사유발생일>23.03.22</해제사유발생일><해제여부>O</해제여부></item><item><거래금액>    10,000</거래금액><거래유형>중개거래</거래유형><건축년도>2013</건축년도><년>2023</년><도로명>전농로</도로명><도로명건물본번호코드>00016</도로명건물본번호코드><도로명건물부번호코드>00000</도로명건물부번호코드><도로명시군구코드>11230</도로명시군구코드><도로명일련번호코드>02</도로명일련번호코드><도로명지상지하코드>0</도로명지상지하코드><도로명코드>3105013</도로명코드><법정동> 답십리동</법정동><법정동본번코드>0488</법정동본번코드><법정동부번코드>0018</법정동부번코드><법정동시군구코드>11230</법정동시군구코드><법정동읍면동코드>10500</법정동읍면동코드><법정동지번코드>1</법정동지번코드><아파트>센시티16</아파트><월>1</월><일>9</일><일련번호>11230-2370</일련번호><전용면적>14.244</전용면적><중개사소재지>서울 동대문구</중개사소재지><지번>488-18</지번><지역코드>11230</지역코드><층>13</층><해제사유발생일>23.03.20</해제사유발생일><해제여부>O</해제여부></item><item><거래금액>    10,000</거래금액><거래유형>중개거래</거래유형><건축년도>2013</건축년도><년>2023</년><도로명>전농로</도로명><도로명건물본번호코드>00016</도로명건물본번호코드><도로명건물부번호코드>00000</도로명건물부번호코드><도로명시군구코드>11230</도로명시군구코드><도로명일련번호코드>02</도로명일련번호코드><도로명지상지하코드>0</도로명지상지하코드><도로명코드>3105013</도로명코드><법정동> 답십리동</법정동><법정동본번코드>0488</법정동본번코드><법정동부번코드>0018</법정동부번코드><법정동시군구코드>11230</법정동시군구코드><법정동읍면동코드>10500</법정동읍면동코드><법정동지번코드>1</법정동지번코드><아파트>센시티16</아파트><월>1</월><일>9</일><일련번호>11230-2370</일련번호><전용면적>14.244</전용면적><중개사소재지>서울 동대문구</중개사소재지><지번>488-18</지번><지역코드>11230</지역코드><층>13</층><해제사유발생일> </해제사유발생일><해제여부> </해제여부></item><item><거래금액>    75,200</거래금액><거래유형>중개거래</거래유형><건축년도>2007</건축년도><년>2023</년><도로명>황물로15길</도로명><도로명건물본번호코드>00025</도로명건물본번호코드><도로명건물부번호코드>00000</도로명건물부번호코드><도로명시군구코드>11230</도로명시군구코드><도로명일련번호코드>01</도로명일련번호코드><도로명지상지하코드>0</도로명지상지하코드><도로명코드>4115671</도로명코드><법정동> 답십리동</법정동><법정동본번코드>0998</법정동본번코드><법정동부번코드>0000</법정동부번코드><법정동시군구코드>11230</법정동시군구코드><법정동읍면동코드>10500</법정동읍면동코드><법정동지번코드>1</법정동지번코드><아파트>두산위브</아파트><월>1</월><일>10</일><일련번호>11230-2036</일련번호><전용면적>59.91</전용면적><중개사소재지>서울 동대문구</중개사소재지><지번>998</지번><지역코드>11230</지역코드><층>6</층><해제사유발생일> </해제사유발생일><해제여부> </해제여부></item><item><거래금액>    37,000</거래금액><거래유형>중개거래</거래유형><건축년도>2015</건축년도><년>2023</년><도로명>천호대로</도로명><도로명건물본번호코드>00257</도로명건물본번호코드><도로명건물부번호코드>00000</도로명건물부번호코드><도로명시군구코드>11230</도로명시군구코드><도로명일련번호코드>03</도로명일련번호코드><도로명지상지하코드>0</도로명지상지하코드><도로명코드>2000008</도로명코드><법정동> 답십리동</법정동><법정동본번코드>0497</법정동본번코드><법정동부번코드>0023</법정동부번코드><법정동시군구코드>11230</법정동시군구코드><법정동읍면동코드>10500</법정동읍면동코드><법정동지번코드>1</법정동지번코드><아파트>청계푸르지오시티</아파트><월>1</월><일>10</일><일련번호>11230-2510</일련번호><전용면적>30.42</전용면적><중개사소재지>서울 동대문구</중개사소재지><지번>497-23</지번><지역코드>11230</지역코드><층>6</층><해제사유발생일> </해제사유발생일><해제여부> </해제여부></item><item><거래금액>    14,000</거래금액><거래유형>중개거래</거래유형><건축년도>2015</건축년도><년>2023</년><도로명>천호대로</도로명><도로명건물본번호코드>00257</도로명건물본번호코드><도로명건물부번호코드>00000</도로명건물부번호코드><도로명시군구코드>11230</도로명시군구코드><도로명일련번호코드>03</도로명일련번호코드><도로명지상지하코드>0</도로명지상지하코드><도로명코드>2000008</도로명코드><법정동> 답십리동</법정동><법정동본번코드>0497</법정동본번코드><법정동부번코드>0023</법정동부번코드><법정동시군구코드>11230</법정동시군구코드><법정동읍면동코드>10500</법정동읍면동코드><법정동지번코드>1</법정동지번코드><아파트>청계푸르지오시티</아파트><월>1</월><일>12</일><일련번호>11230-2510</일련번호><전용면적>18.92</전용면적><중개사소재지>서울 동대문구</중개사소재지><지번>497-23</지번><지역코드>11230</지역코드><층>15</층><해제사유발생일> </해제사유발생일><해제여부> </해제여부></item><item><거래금액>    98,900</거래금액><거래유형>중개거래</거래유형><건축년도>2014</건축년도><년>2023</년><도로명>답십리로</도로명><도로명건물본번호코드>00130</도로명건물본번호코드><도로명건물부번호코드>00000</도로명건물부번호코드><도로명시군구코드>11230</도로명시군구코드><도로명일련번호코드>03</도로명일련번호코드><도로명지상지하코드>0</도로명지상지하코드><도로명코드>3005025</도로명코드><법정동> 답십리동</법정동><법정동본번코드>1003</법정동본번코드><법정동부번코드>0000</법정동부번코드><법정동시군구코드>11230</법정동시군구코드><법정동읍면동코드>10500</법정동읍면동코드><법정동지번코드>1</법정동지번코드><아파트>래미안위브</아파트><월>1</월><일>12</일><일련번호>11230-2587</일련번호><전용면적>84.98</전용면적><중개사소재지>서울 동대문구</중개사소재지><지번>1003</지번><지역코드>11230</지역코드><층>6</층><해제사유발생일> </해제사유발생일><해제여부> </해제여부></item><item><거래금액>    48,000</거래금액><거래유형>중개거래</거래유형><건축년도>1992</건축년도><년>2023</년><도로명>답십리로</도로명><도로명건물본번호코드>00210</도로명건물본번호코드><도로명건물부번호코드>00030</도로명건물부번호코드><도로명시군구코드>11230</도로명시군구코드><도로명일련번호코드>03</도로명일련번호코드><도로명지상지하코드>0</도로명지상지하코드><도로명코드>3005025</도로명코드><법정동> 답십리동</법정동><법정동본번코드>0042</법정동본번코드><법정동부번코드>0000</법정동부번코드><법정동시군구코드>11230</법정동시군구코드><법정동읍면동코드>10500</법정동읍면동코드><법정동지번코드>1</법정동지번코드><아파트>동답한신</아파트><월>1</월><일>13</일><일련번호>11230-19</일련번호><전용면적>59.22</전용면적><중개사소재지>서울 동대문구</중개사소재지><지번>42</지번><지역코드>11230</지역코드><층>4</층><해제사유발생일> </해제사유발생일><해제여부> </해제여부></item><item><거래금액>    57,000</거래금액><거래유형>중개거래</거래유형><건축년도>2001</건축년도><년>2023</년><도로명>한천로11길</도로명><도로명건물본번호코드>00010</도로명건물본번호코드><도로명건물부번호코드>00001</도로명건물부번호코드><도로명시군구코드>11230</도로명시군구코드><도로명일련번호코드>01</도로명일련번호코드><도로명지상지하코드>0</도로명지상지하코드><도로명코드>4115600</도로명코드><법정동> 답십리동</법정동><법정동본번코드>0010</법정동본번코드><법정동부번코드>0000</법정동부번코드><법정동시군구코드>11230</법정동시군구코드><법정동읍면동코드>10500</법정동읍면동코드><법정동지번코드>1</법정동지번코드><아파트>동아</아파트><월>1</월><일>14</일><일련번호>11230-21</일련번호><전용면적>59.88</전용면적><중개사소재지>서울 동대문구</중개사소재지><지번>10</지번><지역코드>11230</지역코드><층>11</층><해제사유발생일> </해제사유발생일><해제여부> </해제여부></item><item><거래금액>    97,000</거래금액><거래유형>중개거래</거래유형><건축년도>2014</건축년도><년>2023</년><도로명>답십리로</도로명><도로명건물본번호코드>00130</도로명건물본번호코드><도로명건물부번호코드>00000</도로명건물부번호코드><도로명시군구코드>11230</도로명시군구코드><도로명일련번호코드>03</도로명일련번호코드><도로명지상지하코드>0</도로명지상지하코드><도로명코드>3005025</도로명코드><법정동> 답십리동</법정동><법정동본번코드>1003</법정동본번코드><법정동부번코드>0000</법정동부번코드><법정동시군구코드>11230</법정동시군구코드><법정동읍면동코드>10500</법정동읍면동코드><법정동지번코드>1</법정동지번코드><아파트>래미안위브</아파트><월>1</월><일>14</일><일련번호>11230-2587</일련번호><전용면적>84.99</전용면적><중개사소재지>서울 동대문구</중개사소재지><지번>1003</지번><지역코드>11230</지역코드><층>1</층><해제사유발생일> </해제사유발생일><해제여부> </해제여부></item><item><거래금액>   104,000</거래금액><거래유형>중개거래</거래유형><건축년도>2014</건축년도><년>2023</년><도로명>답십리로</도로명><도로명건물본번호코드>00130</도로명건물본번호코드><도로명건물부번호코드>00000</도로명건물부번호코드><도로명시군구코드>11230</도로명시군구코드><도로명일련번호코드>03</도로명일련번호코드><도로명지상지하코드>0</도로명지상지하코드><도로명코드>3005025</도로명코드><법정동> 답십리동</법정동><법정동본번코드>1003</법정동본번코드><법정동부번코드>0000</법정동부번코드><법정동시군구코드>11230</법정동시군구코드><법정동읍면동코드>10500</법정동읍면동코드><법정동지번코드>1</법정동지번코드><아파트>래미안위브</아파트><월>1</월><일>14</일><일련번호>11230-2587</일련번호><전용면적>84.98</전용면적><중개사소재지>서울 동대문구</중개사소재지><지번>1003</지번><지역코드>11230</지역코드><층>12</층><해제사유발생일> </해제사유발생일><해제여부> </해제여부></item><item><거래금액>    13,500</거래금액><거래유형>중개거래</거래유형><건축년도>2015</건축년도><년>2023</년><도로명>천호대로</도로명><도로명건물본번호코드>00257</도로명건물본번호코드><도로명건물부번호코드>00000</도로명건물부번호코드><도로명시군구코드>11230</도로명시군구코드><도로명일련번호코드>03</도로명일련번호코드><도로명지상지하코드>0</도로명지상지하코드><도로명코드>2000008</도로명코드><법정동> 답십리동</법정동><법정동본번코드>0497</법정동본번코드><법정동부번코드>0023</법정동부번코드><법정동시군구코드>11230</법정동시군구코드><법정동읍면동코드>10500</법정동읍면동코드><법정동지번코드>1</법정동지번코드><아파트>청계푸르지오시티</아파트><월>1</월><일>14</일><일련번호>11230-2510</일련번호><전용면적>18.92</전용면적><중개사소재지>서울 동대문구</중개사소재지><지번>497-23</지번><지역코드>11230</지역코드><층>21</층><해제사유발생일> </해제사유발생일><해제여부> </해제여부></item><item><거래금액>    72,700</거래금액><거래유형>중개거래</거래유형><건축년도>2000</건축년도><년>2023</년><도로명>답십리로56길</도로명><도로명건물본번호코드>00021</도로명건물본번호코드><도로명건물부번호코드>00000</도로명건물부번호코드><도로명시군구코드>11230</도로명시군구코드><도로명일련번호코드>01</도로명일련번호코드><도로명지상지하코드>0</도로명지상지하코드><도로명코드>4115090</도로명코드><법정동> 답십리동</법정동><법정동본번코드>0990</법정동본번코드><법정동부번코드>0000</법정동부번코드><법정동시군구코드>11230</법정동시군구코드><법정동읍면동코드>10500</법정동읍면동코드><법정동지번코드>1</법정동지번코드><아파트>두산</아파트><월>1</월><일>15</일><일련번호>11230-22</일련번호><전용면적>84.83</전용면적><중개사소재지>서울 동대문구</중개사소재지><지번>990</지번><지역코드>11230</지역코드><층>3</층><해제사유발생일> </해제사유발생일><해제여부> </해제여부></item><item><거래금액>    13,000</거래금액><거래유형>중개거래</거래유형><건축년도>2015</건축년도><년>2023</년><도로명>천호대로</도로명><도로명건물본번호코드>00257</도로명건물본번호코드><도로명건물부번호코드>00000</도로명건물부번호코드><도로명시군구코드>11230</도로명시군구코드><도로명일련번호코드>03</도로명일련번호코드><도로명지상지하코드>0</도로명지상지하코드><도로명코드>2000008</도로명코드><법정동> 답십리동</법정동><법정동본번코드>0497</법정동본번코드><법정동부번코드>0023</법정동부번코드><법정동시군구코드>11230</법정동시군구코드><법정동읍면동코드>10500</법정동읍면동코드><법정동지번코드>1</법정동지번코드><아파트>청계푸르지오시티</아파트><월>1</월><일>16</일><일련번호>11230-2510</일련번호><전용면적>18.92</전용면적><중개사소재지>서울 동대문구</중개사소재지><지번>497-23</지번><지역코드>11230</지역코드><층>6</층><해제사유발생일> </해제사유발생일><해제여부> </해제여부></item><item><거래금액>    99,000</거래금액><거래유형>중개거래</거래유형><건축년도>2014</건축년도><년>2023</년><도로명>답십리로</도로명><도로명건물본번호코드>00130</도로명건물본번호코드><도로명건물부번호코드>00000</도로명건물부번호코드><도로명시군구코드>11230</도로명시군구코드><도로명일련번호코드>03</도로명일련번호코드><도로명지상지하코드>0</도로명지상지하코드><도로명코드>3005025</도로명코드><법정동> 답십리동</법정동><법정동본번코드>1003</법정동본번코드><법정동부번코드>0000</법정동부번코드><법정동시군구코드>11230</법정동시군구코드><법정동읍면동코드>10500</법정동읍면동코드><법정동지번코드>1</법정동지번코드><아파트>래미안위브</아파트><월>1</월><일>16</일><일련번호>11230-2587</일련번호><전용면적>84.98</전용면적><중개사소재지>서울 동대문구</중개사소재지><지번>1003</지번><지역코드>11230</지역코드><층>4</층><해제사유발생일> </해제사유발생일><해제여부> </해제여부></item><item><거래금액>     9,900</거래금액><거래유형>중개거래</거래유형><건축년도>2013</건축년도><년>2023</년><도로명>전농로</도로명><도로명건물본번호코드>00016</도로명건물본번호코드><도로명건물부번호코드>00000</도로명건물부번호코드><도로명시군구코드>11230</도로명시군구코드><도로명일련번호코드>02</도로명일련번호코드><도로명지상지하코드>0</도로명지상지하코드><도로명코드>3105013</도로명코드><법정동> 답십리동</법정동><법정동본번코드>0488</법정동본번코드><법정동부번코드>0018</법정동부번코드><법정동시군구코드>11230</법정동시군구코드><법정동읍면동코드>10500</법정동읍면동코드><법정동지번코드>1</법정동지번코드><아파트>센시티16</아파트><월>1</월><일>17</일><일련번호>11230-2370</일련번호><전용면적>14.244</전용면적><중개사소재지>서울 동대문구</중개사소재지><지번>488-18</지번><지역코드>11230</지역코드><층>11</층><해제사유발생일> </해제사유발생일><해제여부> </해제여부></item><item><거래금액>    57,000</거래금액><거래유형>중개거래</거래유형><건축년도>2020</건축년도><년>2023</년><도로명>전농로3길</도로명><도로명건물본번호코드>00020</도로명건물본번호코드><도로명건물부번호코드>00000</도로명건물부번호코드><도로명시군구코드>11230</도로명시군구코드><도로명일련번호코드>00</도로명일련번호코드><도로명지상지하코드>0</도로명지상지하코드><도로명코드>4115462</도로명코드><법정동> 답십리동</법정동><법정동본번코드>1015</법정동본번코드><법정동부번코드>0000</법정동부번코드><법정동시군구코드>11230</법정동시군구코드><법정동읍면동코드>10500</법정동읍면동코드><법정동지번코드>1</법정동지번코드><아파트>답십리엘림퍼스트</아파트><월>1</월><일>17</일><일련번호>11230-3004</일련번호><전용면적>52.7678</전용면적><중개사소재지>서울 동대문구</중개사소재지><지번>1015</지번><지역코드>11230</지역코드><층>8</층><해제사유발생일> </해제사유발생일><해제여부> </해제여부></item><item><거래금액>    60,000</거래금액><거래유형>중개거래</거래유형><건축년도>2000</건축년도><년>2023</년><도로명>답십리로56길</도로명><도로명건물본번호코드>00021</도로명건물본번호코드><도로명건물부번호코드>00000</도로명건물부번호코드><도로명시군구코드>11230</도로명시군구코드><도로명일련번호코드>01</도로명일련번호코드><도로명지상지하코드>0</도로명지상지하코드><도로명코드>4115090</도로명코드><법정동> 답십리동</법정동><법정동본번코드>0990</법정동본번코드><법정동부번코드>0000</법정동부번코드><법정동시군구코드>11230</법정동시군구코드><법정동읍면동코드>10500</법정동읍면동코드><법정동지번코드>1</법정동지번코드><아파트>두산</아파트><월>1</월><일>19</일><일련번호>11230-22</일련번호><전용면적>59.96</전용면적><중개사소재지>서울 동대문구</중개사소재지><지번>990</지번><지역코드>11230</지역코드><층>4</층><해제사유발생일> </해제사유발생일><해제여부> </해제여부></item><item><거래금액>   105,000</거래금액><거래유형>중개거래</거래유형><건축년도>2014</건축년도><년>2023</년><도로명>답십리로</도로명><도로명건물본번호코드>00130</도로명건물본번호코드><도로명건물부번호코드>00000</도로명건물부번호코드><도로명시군구코드>11230</도로명시군구코드><도로명일련번호코드>03</도로명일련번호코드><도로명지상지하코드>0</도로명지상지하코드><도로명코드>3005025</도로명코드><법정동> 답십리동</법정동><법정동본번코드>1003</법정동본번코드><법정동부번코드>0000</법정동부번코드><법정동시군구코드>11230</법정동시군구코드><법정동읍면동코드>10500</법정동읍면동코드><법정동지번코드>1</법정동지번코드><아파트>래미안위브</아파트><월>1</월><일>19</일><일련번호>11230-2587</일련번호><전용면적>84.99</전용면적><중개사소재지>서울 동대문구</중개사소재지><지번>1003</지번><지역코드>11230</지역코드><층>5</층><해제사유발생일> </해제사유발생일><해제여부> </해제여부></item><item><거래금액>    13,700</거래금액><거래유형>중개거래</거래유형><건축년도>2016</건축년도><년>2023</년><도로명>천호대로</도로명><도로명건물본번호코드>00289</도로명건물본번호코드><도로명건물부번호코드>00000</도로명건물부번호코드><도로명시군구코드>11230</도로명시군구코드><도로명일련번호코드>00</도로명일련번호코드><도로명코드>2000008</도로명코드><법정동> 답십리동</법정동><법정동본번코드>0494</법정동본번코드><법정동부번코드>0001</법정동부번코드><법정동시군구코드>11230</법정동시군구코드><법정동읍면동코드>10500</법정동읍면동코드><법정동지번코드>1</법정동지번코드><아파트>한일노벨리아</아파트><월>1</월><일>20</일><일련번호>11230-2691</일련번호><전용면적>14.76</전용면적><중개사소재지>서울 광진구, 서울 동대문구</중개사소재지><지번>494-1</지번><지역코드>11230</지역코드><층>13</층><해제사유발생일> </해제사유발생일><해제여부> </해제여부></item><item><거래금액>   105,000</거래금액><거래유형>중개거래</거래유형><건축년도>2014</건축년도><년>2023</년><도로명>답십리로</도로명><도로명건물본번호코드>00130</도로명건물본번호코드><도로명건물부번호코드>00000</도로명건물부번호코드><도로명시군구코드>11230</도로명시군구코드><도로명일련번호코드>03</도로명일련번호코드><도로명지상지하코드>0</도로명지상지하코드><도로명코드>3005025</도로명코드><법정동> 답십리동</법정동><법정동본번코드>1003</법정동본번코드><법정동부번코드>0000</법정동부번코드><법정동시군구코드>11230</법정동시군구코드><법정동읍면동코드>10500</법정동읍면동코드><법정동지번코드>1</법정동지번코드><아파트>래미안위브</아파트><월>1</월><일>21</일><일련번호>11230-2587</일련번호><전용면적>84.98</전용면적><중개사소재지>서울 동대문구</중개사소재지><지번>1003</지번><지역코드>11230</지역코드><층>14</층><해제사유발생일> </해제사유발생일><해제여부> </해제여부></item><item><거래금액>    80,000</거래금액><거래유형>중개거래</거래유형><건축년도>2019</건축년도><년>2023</년><도로명>답십리로</도로명><도로명건물본번호코드>00141</도로명건물본번호코드><도로명건물부번호코드>00000</도로명건물부번호코드><도로명시군구코드>11230</도로명시군구코드><도로명일련번호코드>01</도로명일련번호코드><도로명코드>3005025</도로명코드><법정동> 답십리동</법정동><법정동본번코드>1013</법정동본번코드><법정동부번코드>0000</법정동부번코드><법정동시군구코드>11230</법정동시군구코드><법정동읍면동코드>10500</법정동읍면동코드><법정동지번코드>1</법정동지번코드><아파트>래미안미드카운티</아파트><월>1</월><일>23</일><일련번호>11230-2802</일련번호><전용면적>75.01</전용면적><중개사소재지>서울 동대문구</중개사소재지><지번>1013</지번><지역코드>11230</지역코드><층>2</층><해제사유발생일> </해제사유발생일><해제여부> </해제여부></item><item><거래금액>    90,000</거래금액><거래유형>직거래</거래유형><건축년도>2014</건축년도><년>2023</년><도로명>답십리로</도로명><도로명건물본번호코드>00130</도로명건물본번호코드><도로명건물부번호코드>00000</도로명건물부번호코드><도로명시군구코드>11230</도로명시군구코드><도로명일련번호코드>03</도로명일련번호코드><도로명지상지하코드>0</도로명지상지하코드><도로명코드>3005025</도로명코드><법정동> 답십리동</법정동><법정동본번코드>1003</법정동본번코드><법정동부번코드>0000</법정동부번코드><법정동시군구코드>11230</법정동시군구코드><법정동읍면동코드>10500</법정동읍면동코드><법정동지번코드>1</법정동지번코드><아파트>래미안위브</아파트><월>1</월><일>27</일><일련번호>11230-2587</일련번호><전용면적>84.98</전용면적><중개사소재지> </중개사소재지><지번>1003</지번><지역코드>11230</지역코드><층>16</층><해제사유발생일> </해제사유발생일><해제여부> </해제여부></item><item><거래금액>    23,000</거래금액><거래유형>중개거래</거래유형><건축년도>2019</건축년도><년>2023</년><도로명>황물로</도로명><도로명건물본번호코드>00090</도로명건물본번호코드><도로명건물부번호코드>00000</도로명건물부번호코드><도로명시군구코드>11230</도로명시군구코드><도로명일련번호코드>00</도로명일련번호코드><도로명코드>3105019</도로명코드><법정동> 답십리동</법정동><법정동본번코드>0530</법정동본번코드><법정동부번코드>0004</법정동부번코드><법정동시군구코드>11230</법정동시군구코드><법정동읍면동코드>10500</법정동읍면동코드><법정동지번코드>1</법정동지번코드><아파트>보광타워</아파트><월>1</월><일>28</일><일련번호>11230-2897</일련번호><전용면적>24.27</전용면적><중개사소재지>서울 동대문구</중개사소재지><지번>530-4</지번><지역코드>11230</지역코드><층>12</층><해제사유발생일> </해제사유발생일><해제여부> </해제여부></item><item><거래금액>    79,000</거래금액><거래유형>중개거래</거래유형><건축년도>2018</건축년도><년>2023</년><도로명>천호대로55길</도로명><도로명건물본번호코드>00011</도로명건물본번호코드><도로명건물부번호코드>00000</도로명건물부번호코드><도로명시군구코드>11230</도로명시군구코드><도로명일련번호코드>01</도로명일련번호코드><도로명지상지하코드>0</도로명지상지하코드><도로명코드>4115548</도로명코드><법정동> 답십리동</법정동><법정동본번코드>1009</법정동본번코드><법정동부번코드>0000</법정동부번코드><법정동시군구코드>11230</법정동시군구코드><법정동읍면동코드>10500</법정동읍면동코드><법정동지번코드>1</법정동지번코드><아파트>힐스테이트청계</아파트><월>1</월><일>28</일><일련번호>11230-2823</일련번호><전용면적>48.98</전용면적><중개사소재지>서울 동대문구</중개사소재지><지번>1009</지번><지역코드>11230</지역코드><층>13</층><해제사유발생일> </해제사유발생일><해제여부> </해제여부></item><item><거래금액>   160,000</거래금액><거래유형>중개거래</거래유형><건축년도>2014</건축년도><년>2023</년><도로명>답십리로</도로명><도로명건물본번호코드>00130</도로명건물본번호코드><도로명건물부번호코드>00000</도로명건물부번호코드><도로명시군구코드>11230</도로명시군구코드><도로명일련번호코드>03</도로명일련번호코드><도로명지상지하코드>0</도로명지상지하코드><도로명코드>3005025</도로명코드><법정동> 답십리동</법정동><법정동본번코드>1003</법정동본번코드><법정동부번코드>0000</법정동부번코드><법정동시군구코드>11230</법정동시군구코드><법정동읍면동코드>10500</법정동읍면동코드><법정동지번코드>1</법정동지번코드><아파트>래미안위브</아파트><월>1</월><일>31</일><일련번호>11230-2587</일련번호><전용면적>140.62</전용면적><중개사소재지>서울 동대문구</중개사소재지><지번>1003</지번><지역코드>11230</지역코드><층>19</층><해제사유발생일> </해제사유발생일><해제여부> </해제여부></item><item><거래금액>    78,000</거래금액><거래유형>중개거래</거래유형><건축년도>2003</건축년도><년>2023</년><도로명>장안벚꽃로</도로명><도로명건물본번호코드>00107</도로명건물본번호코드><도로명건물부번호코드>00000</도로명건물부번호코드><도로명시군구코드>11230</도로명시군구코드><도로명일련번호코드>01</도로명일련번호코드><도로명지상지하코드>0</도로명지상지하코드><도로명코드>3105011</도로명코드><법정동> 장안동</법정동><법정동본번코드>0336</법정동본번코드><법정동부번코드>0000</법정동부번코드><법정동시군구코드>11230</법정동시군구코드><법정동읍면동코드>10600</법정동읍면동코드><법정동지번코드>1</법정동지번코드><아파트>장안현대홈타운(336)</아파트><월>1</월><일>4</일><일련번호>11230-81</일련번호><전용면적>84.87</전용면적><중개사소재지>서울 동대문구</중개사소재지><지번>336</지번><지역코드>11230</지역코드><층>16</층><해제사유발생일> </해제사유발생일><해제여부> </해제여부></item><item><거래금액>    77,000</거래금액><거래유형>중개거래</거래유형><건축년도>2003</건축년도><년>2023</년><도로명>장안벚꽃로</도로명><도로명건물본번호코드>00107</도로명건물본번호코드><도로명건물부번호코드>00000</도로명건물부번호코드><도로명시군구코드>11230</도로명시군구코드><도로명일련번호코드>01</도로명일련번호코드><도로명지상지하코드>0</도로명지상지하코드><도로명코드>3105011</도로명코드><법정동> 장안동</법정동><법정동본번코드>0336</법정동본번코드><법정동부번코드>0000</법정동부번코드><법정동시군구코드>11230</법정동시군구코드><법정동읍면동코드>10600</법정동읍면동코드><법정동지번코드>1</법정동지번코드><아파트>장안현대홈타운(336)</아파트><월>1</월><일>4</일><일련번호>11230-81</일련번호><전용면적>84.87</전용면적><중개사소재지>서울 동대문구</중개사소재지><지번>336</지번><지역코드>11230</지역코드><층>18</층><해제사유발생일> </해제사유발생일><해제여부> </해제여부></item><item><거래금액>    51,500</거래금액><거래유형>중개거래</거래유형><건축년도>2013</건축년도><년>2023</년><도로명>장한로20길</도로명><도로명건물본번호코드>00007</도로명건물본번호코드><도로명건물부번호코드>00000</도로명건물부번호코드><도로명시군구코드>11230</도로명시군구코드><도로명일련번호코드>01</도로명일련번호코드><도로명지상지하코드>0</도로명지상지하코드><도로명코드>4115395</도로명코드><법정동> 장안동</법정동><법정동본번코드>0365</법정동본번코드><법정동부번코드>0004</법정동부번코드><법정동시군구코드>11230</법정동시군구코드><법정동읍면동코드>10600</법정동읍면동코드><법정동지번코드>1</법정동지번코드><아파트>서희스타힐스</아파트><월>1</월><일>5</일><일련번호>11230-2240</일련번호><전용면적>80.53</전용면적><중개사소재지>서울 동대문구</중개사소재지><지번>365-4</지번><지역코드>11230</지역코드><층>13</층><해제사유발생일> </해제사유발생일><해제여부> </해제여부></item><item><거래금액>    47,000</거래금액><거래유형>중개거래</거래유형><건축년도>2017</건축년도><년>2023</년><도로명>장한로23길</도로명><도로명건물본번호코드>00011</도로명건물본번호코드><도로명건물부번호코드>00005</도로명건물부번호코드><도로명시군구코드>11230</도로명시군구코드><도로명일련번호코드>01</도로명일련번호코드><도로명지상지하코드>0</도로명지상지하코드><도로명코드>4115398</도로명코드><법정동> 장안동</법정동><법정동본번코드>0372</법정동본번코드><법정동부번코드>0008</법정동부번코드><법정동시군구코드>11230</법정동시군구코드><법정동읍면동코드>10600</법정동읍면동코드><법정동지번코드>1</법정동지번코드><아파트>청명에버아트3차</아파트><월>1</월><일>16</일><일련번호>11230-2723</일련번호><전용면적>52.96</전용면적><중개사소재지>서울 동대문구</중개사소재지><지번>372-8</지번><지역코드>11230</지역코드><층>12</층><해제사유발생일> </해제사유발생일><해제여부> </해제여부></item><item><거래금액>    47,000</거래금액><거래유형>중개거래</거래유형><건축년도>2017</건축년도><년>2023</년><도로명>장한로23길</도로명><도로명건물본번호코드>00011</도로명건물본번호코드><도로명건물부번호코드>00005</도로명건물부번호코드><도로명시군구코드>11230</도로명시군구코드><도로명일련번호코드>01</도로명일련번호코드><도로명지상지하코드>0</도로명지상지하코드><도로명코드>4115398</도로명코드><법정동> 장안동</법정동><법정동본번코드>0372</법정동본번코드><법정동부번코드>0008</법정동부번코드><법정동시군구코드>11230</법정동시군구코드><법정동읍면동코드>10600</법정동읍면동코드><법정동지번코드>1</법정동지번코드><아파트>청명에버아트3차</아파트><월>1</월><일>16</일><일련번호>11230-2723</일련번호><전용면적>52.96</전용면적><중개사소재지>서울 동대문구</중개사소재지><지번>372-8</지번><지역코드>11230</지역코드><층>13</층><해제사유발생일> </해제사유발생일><해제여부> </해제여부></item><item><거래금액>   150,000</거래금액><거래유형>중개거래</거래유형><건축년도>2007</건축년도><년>2023</년><도로명>장안벚꽃로1길</도로명><도로명건물본번호코드>00007</도로명건물본번호코드><도로명건물부번호코드>00000</도로명건물부번호코드><도로명시군구코드>11230</도로명시군구코드><도로명일련번호코드>01</도로명일련번호코드><도로명지상지하코드>0</도로명지상지하코드><도로명코드>4115741</도로명코드><법정동> 장안동</법정동><법정동본번코드>0329</법정동본번코드><법정동부번코드>0002</법정동부번코드><법정동시군구코드>11230</법정동시군구코드><법정동읍면동코드>10600</법정동읍면동코드><법정동지번코드>1</법정동지번코드><아파트>장안힐스테이트</아파트><월>1</월><일>17</일><일련번호>11230-2078</일련번호><전용면적>133.275</전용면적><중개사소재지>서울 동대문구</중개사소재지><지번>329-2</지번><지역코드>11230</지역코드><층>16</층><해제사유발생일> </해제사유발생일><해제여부> </해제여부></item><item><거래금액>    68,500</거래금액><거래유형>중개거래</거래유형><건축년도>2003</건축년도><년>2023</년><도로명>장안벚꽃로</도로명><도로명건물본번호코드>00107</도로명건물본번호코드><도로명건물부번호코드>00000</도로명건물부번호코드><도로명시군구코드>11230</도로명시군구코드><도로명일련번호코드>01</도로명일련번호코드><도로명지상지하코드>0</도로명지상지하코드><도로명코드>3105011</도로명코드><법정동> 장안동</법정동><법정동본번코드>0336</법정동본번코드><법정동부번코드>0000</법정동부번코드><법정동시군구코드>11230</법정동시군구코드><법정동읍면동코드>10600</법정동읍면동코드><법정동지번코드>1</법정동지번코드><아파트>장안현대홈타운(336)</아파트><월>1</월><일>18</일><일련번호>11230-81</일련번호><전용면적>58.42</전용면적><중개사소재지>서울 동대문구</중개사소재지><지번>336</지번><지역코드>11230</지역코드><층>24</층><해제사유발생일> </해제사유발생일><해제여부> </해제여부></item><item><거래금액>    67,000</거래금액><거래유형>중개거래</거래유형><건축년도>2003</건축년도><년>2023</년><도로명>장안벚꽃로</도로명><도로명건물본번호코드>00107</도로명건물본번호코드><도로명건물부번호코드>00000</도로명건물부번호코드><도로명시군구코드>11230</도로명시군구코드><도로명일련번호코드>01</도로명일련번호코드><도로명지상지하코드>0</도로명지상지하코드><도로명코드>3105011</도로명코드><법정동> 장안동</법정동><법정동본번코드>0336</법정동본번코드><법정동부번코드>0000</법정동부번코드><법정동시군구코드>11230</법정동시군구코드><법정동읍면동코드>10600</법정동읍면동코드><법정동지번코드>1</법정동지번코드><아파트>장안현대홈타운(336)</아파트><월>1</월><일>18</일><일련번호>11230-81</일련번호><전용면적>59.54</전용면적><중개사소재지>서울 동대문구</중개사소재지><지번>336</지번><지역코드>11230</지역코드><층>7</층><해제사유발생일> </해제사유발생일><해제여부> </해제여부></item><item><거래금액>    11,000</거래금액><거래유형>중개거래</거래유형><건축년도>2015</건축년도><년>2023</년><도로명>장한로</도로명><도로명건물본번호코드>00091</도로명건물본번호코드><도로명건물부번호코드>00000</도로명건물부번호코드><도로명시군구코드>11230</도로명시군구코드><도로명일련번호코드>01</도로명일련번호코드><도로명코드>3105012</도로명코드><법정동> 장안동</법정동><법정동본번코드>0373</법정동본번코드><법정동부번코드>0003</법정동부번코드><법정동시군구코드>11230</법정동시군구코드><법정동읍면동코드>10600</법정동읍면동코드><법정동지번코드>1</법정동지번코드><아파트>현대썬앤빌601</아파트><월>1</월><일>30</일><일련번호>11230-2556</일련번호><전용면적>18.35</전용면적><중개사소재지>서울 동대문구</중개사소재지><지번>373-3</지번><지역코드>11230</지역코드><층>14</층><해제사유발생일> </해제사유발생일><해제여부> </해제여부></item><item><거래금액>    83,000</거래금액><거래유형>중개거래</거래유형><건축년도>2003</건축년도><년>2023</년><도로명>장안벚꽃로</도로명><도로명건물본번호코드>00107</도로명건물본번호코드><도로명건물부번호코드>00000</도로명건물부번호코드><도로명시군구코드>11230</도로명시군구코드><도로명일련번호코드>01</도로명일련번호코드><도로명지상지하코드>0</도로명지상지하코드><도로명코드>3105011</도로명코드><법정동> 장안동</법정동><법정동본번코드>0336</법정동본번코드><법정동부번코드>0000</법정동부번코드><법정동시군구코드>11230</법정동시군구코드><법정동읍면동코드>10600</법정동읍면동코드><법정동지번코드>1</법정동지번코드><아파트>장안현대홈타운(336)</아파트><월>1</월><일>31</일><일련번호>11230-81</일련번호><전용면적>84.87</전용면적><중개사소재지>서울 동대문구</중개사소재지><지번>336</지번><지역코드>11230</지역코드><층>27</층><해제사유발생일> </해제사유발생일><해제여부> </해제여부></item><item><거래금액>    24,000</거래금액><거래유형>중개거래</거래유형><건축년도>2013</건축년도><년>2023</년><도로명>이문로</도로명><도로명건물본번호코드>00037</도로명건물본번호코드><도로명건물부번호코드>00000</도로명건물부번호코드><도로명시군구코드>11230</도로명시군구코드><도로명일련번호코드>01</도로명일련번호코드><도로명지상지하코드>0</도로명지상지하코드><도로명코드>3105010</도로명코드><법정동> 회기동</법정동><법정동본번코드>0346</법정동본번코드><법정동부번코드>0018</법정동부번코드><법정동시군구코드>11230</법정동시군구코드><법정동읍면동코드>10800</법정동읍면동코드><법정동지번코드>1</법정동지번코드><아파트>베라체캠퍼스</아파트><월>1</월><일>6</일><일련번호>11230-2350</일련번호><전용면적>24.011</전용면적><중개사소재지>서울 동대문구</중개사소재지><지번>346-18</지번><지역코드>11230</지역코드><층>8</층><해제사유발생일> </해제사유발생일><해제여부> </해제여부></item><item><거래금액>    24,000</거래금액><거래유형>중개거래</거래유형><건축년도>2013</건축년도><년>2023</년><도로명>이문로</도로명><도로명건물본번호코드>00037</도로명건물본번호코드><도로명건물부번호코드>00000</도로명건물부번호코드><도로명시군구코드>11230</도로명시군구코드><도로명일련번호코드>01</도로명일련번호코드><도로명지상지하코드>0</도로명지상지하코드><도로명코드>3105010</도로명코드><법정동> 회기동</법정동><법정동본번코드>0346</법정동본번코드><법정동부번코드>0018</법정동부번코드><법정동시군구코드>11230</법정동시군구코드><법정동읍면동코드>10800</법정동읍면동코드><법정동지번코드>1</법정동지번코드><아파트>베라체캠퍼스</아파트><월>1</월><일>15</일><일련번호>11230-2350</일련번호><전용면적>24.319</전용면적><중개사소재지>서울 동대문구</중개사소재지><지번>346-18</지번><지역코드>11230</지역코드><층>4</층><해제사유발생일> </해제사유발생일><해제여부> </해제여부></item><item><거래금액>    24,800</거래금액><거래유형>중개거래</거래유형><건축년도>2013</건축년도><년>2023</년><도로명>이문로</도로명><도로명건물본번호코드>00037</도로명건물본번호코드><도로명건물부번호코드>00000</도로명건물부번호코드><도로명시군구코드>11230</도로명시군구코드><도로명일련번호코드>01</도로명일련번호코드><도로명지상지하코드>0</도로명지상지하코드><도로명코드>3105010</도로명코드><법정동> 회기동</법정동><법정동본번코드>0346</법정동본번코드><법정동부번코드>0018</법정동부번코드><법정동시군구코드>11230</법정동시군구코드><법정동읍면동코드>10800</법정동읍면동코드><법정동지번코드>1</법정동지번코드><아파트>베라체캠퍼스</아파트><월>1</월><일>28</일><일련번호>11230-2350</일련번호><전용면적>24.319</전용면적><중개사소재지>서울 동대문구</중개사소재지><지번>346-18</지번><지역코드>11230</지역코드><층>14</층><해제사유발생일> </해제사유발생일><해제여부> </해제여부></item><item><거래금액>    24,000</거래금액><거래유형>중개거래</거래유형><건축년도>2013</건축년도><년>2023</년><도로명>이문로</도로명><도로명건물본번호코드>00037</도로명건물본번호코드><도로명건물부번호코드>00000</도로명건물부번호코드><도로명시군구코드>11230</도로명시군구코드><도로명일련번호코드>01</도로명일련번호코드><도로명지상지하코드>0</도로명지상지하코드><도로명코드>3105010</도로명코드><법정동> 회기동</법정동><법정동본번코드>0346</법정동본번코드><법정동부번코드>0018</법정동부번코드><법정동시군구코드>11230</법정동시군구코드><법정동읍면동코드>10800</법정동읍면동코드><법정동지번코드>1</법정동지번코드><아파트>베라체캠퍼스</아파트><월>1</월><일>30</일><일련번호>11230-2350</일련번호><전용면적>24.011</전용면적><중개사소재지>서울 동대문구</중개사소재지><지번>346-18</지번><지역코드>11230</지역코드><층>13</층><해제사유발생일> </해제사유발생일><해제여부> </해제여부></item><item><거래금액>    43,000</거래금액><거래유형>중개거래</거래유형><건축년도>2001</건축년도><년>2023</년><도로명>한천로</도로명><도로명건물본번호코드>00248</도로명건물본번호코드><도로명건물부번호코드>00000</도로명건물부번호코드><도로명시군구코드>11230</도로명시군구코드><도로명일련번호코드>04</도로명일련번호코드><도로명지상지하코드>0</도로명지상지하코드><도로명코드>3005038</도로명코드><법정동> 휘경동</법정동><법정동본번코드>0057</법정동본번코드><법정동부번코드>0000</법정동부번코드><법정동시군구코드>11230</법정동시군구코드><법정동읍면동코드>10900</법정동읍면동코드><법정동지번코드>1</법정동지번코드><아파트>주공2</아파트><월>1</월><일>2</일><일련번호>11230-64</일련번호><전용면적>39.98</전용면적><중개사소재지>서울 동대문구</중개사소재지><지번>57</지번><지역코드>11230</지역코드><층>5</층><해제사유발생일> </해제사유발생일><해제여부> </해제여부></item><item><거래금액>    43,500</거래금액><거래유형>중개거래</거래유형><건축년도>2001</건축년도><년>2023</년><도로명>한천로</도로명><도로명건물본번호코드>00248</도로명건물본번호코드><도로명건물부번호코드>00000</도로명건물부번호코드><도로명시군구코드>11230</도로명시군구코드><도로명일련번호코드>04</도로명일련번호코드><도로명지상지하코드>0</도로명지상지하코드><도로명코드>3005038</도로명코드><법정동> 휘경동</법정동><법정동본번코드>0057</법정동본번코드><법정동부번코드>0000</법정동부번코드><법정동시군구코드>11230</법정동시군구코드><법정동읍면동코드>10900</법정동읍면동코드><법정동지번코드>1</법정동지번코드><아파트>주공2</아파트><월>1</월><일>2</일><일련번호>11230-64</일련번호><전용면적>39.98</전용면적><중개사소재지>서울 동대문구</중개사소재지><지번>57</지번><지역코드>11230</지역코드><층>12</층><해제사유발생일> </해제사유발생일><해제여부> </해제여부></item><item><거래금액>    63,000</거래금액><거래유형>중개거래</거래유형><건축년도>2001</건축년도><년>2023</년><도로명>한천로</도로명><도로명건물본번호코드>00248</도로명건물본번호코드><도로명건물부번호코드>00000</도로명건물부번호코드><도로명시군구코드>11230</도로명시군구코드><도로명일련번호코드>04</도로명일련번호코드><도로명지상지하코드>0</도로명지상지하코드><도로명코드>3005038</도로명코드><법정동> 휘경동</법정동><법정동본번코드>0057</법정동본번코드><법정동부번코드>0000</법정동부번코드><법정동시군구코드>11230</법정동시군구코드><법정동읍면동코드>10900</법정동읍면동코드><법정동지번코드>1</법정동지번코드><아파트>주공2</아파트><월>1</월><일>6</일><일련번호>11230-64</일련번호><전용면적>59.13</전용면적><중개사소재지>서울 동대문구</중개사소재지><지번>57</지번><지역코드>11230</지역코드><층>21</층><해제사유발생일> </해제사유발생일><해제여부> </해제여부></item><item><거래금액>    44,000</거래금액><거래유형>중개거래</거래유형><건축년도>2001</건축년도><년>2023</년><도로명>한천로</도로명><도로명건물본번호코드>00248</도로명건물본번호코드><도로명건물부번호코드>00000</도로명건물부번호코드><도로명시군구코드>11230</도로명시군구코드><도로명일련번호코드>04</도로명일련번호코드><도로명지상지하코드>0</도로명지상지하코드><도로명코드>3005038</도로명코드><법정동> 휘경동</법정동><법정동본번코드>0057</법정동본번코드><법정동부번코드>0000</법정동부번코드><법정동시군구코드>11230</법정동시군구코드><법정동읍면동코드>10900</법정동읍면동코드><법정동지번코드>1</법정동지번코드><아파트>주공2</아파트><월>1</월><일>7</일><일련번호>11230-64</일련번호><전용면적>39.98</전용면적><중개사소재지>서울 동대문구</중개사소재지><지번>57</지번><지역코드>11230</지역코드><층>11</층><해제사유발생일> </해제사유발생일><해제여부> </해제여부></item><item><거래금액>    82,000</거래금액><거래유형>중개거래</거래유형><건축년도>2007</건축년도><년>2023</년><도로명>한천로</도로명><도로명건물본번호코드>00300</도로명건물본번호코드><도로명건물부번호코드>00000</도로명건물부번호코드><도로명시군구코드>11230</도로명시군구코드><도로명일련번호코드>04</도로명일련번호코드><도로명지상지하코드>0</도로명지상지하코드><도로명코드>3005038</도로명코드><법정동> 휘경동</법정동><법정동본번코드>0366</법정동본번코드><법정동부번코드>0000</법정동부번코드><법정동시군구코드>11230</법정동시군구코드><법정동읍면동코드>10900</법정동읍면동코드><법정동지번코드>1</법정동지번코드><아파트>동일스위트리버</아파트><월>1</월><일>7</일><일련번호>11230-2072</일련번호><전용면적>84.973</전용면적><중개사소재지>서울 동대문구</중개사소재지><지번>366</지번><지역코드>11230</지역코드><층>19</층><해제사유발생일> </해제사유발생일><해제여부> </해제여부></item><item><거래금액>    88,000</거래금액><거래유형>중개거래</거래유형><건축년도>2001</건축년도><년>2023</년><도로명>한천로</도로명><도로명건물본번호코드>00248</도로명건물본번호코드><도로명건물부번호코드>00000</도로명건물부번호코드><도로명시군구코드>11230</도로명시군구코드><도로명일련번호코드>04</도로명일련번호코드><도로명지상지하코드>0</도로명지상지하코드><도로명코드>3005038</도로명코드><법정동> 휘경동</법정동><법정동본번코드>0057</법정동본번코드><법정동부번코드>0000</법정동부번코드><법정동시군구코드>11230</법정동시군구코드><법정동읍면동코드>10900</법정동읍면동코드><법정동지번코드>1</법정동지번코드><아파트>주공1</아파트><월>1</월><일>8</일><일련번호>11230-53</일련번호><전용면적>114.96</전용면적><중개사소재지>서울 동대문구</중개사소재지><지번>57</지번><지역코드>11230</지역코드><층>19</층><해제사유발생일> </해제사유발생일><해제여부> </해제여부></item><item><거래금액>    70,500</거래금액><거래유형>중개거래</거래유형><건축년도>2001</건축년도><년>2023</년><도로명>한천로</도로명><도로명건물본번호코드>00248</도로명건물본번호코드><도로명건물부번호코드>00000</도로명건물부번호코드><도로명시군구코드>11230</도로명시군구코드><도로명일련번호코드>04</도로명일련번호코드><도로명지상지하코드>0</도로명지상지하코드><도로명코드>3005038</도로명코드><법정동> 휘경동</법정동><법정동본번코드>0057</법정동본번코드><법정동부번코드>0000</법정동부번코드><법정동시군구코드>11230</법정동시군구코드><법정동읍면동코드>10900</법정동읍면동코드><법정동지번코드>1</법정동지번코드><아파트>주공1</아파트><월>1</월><일>11</일><일련번호>11230-53</일련번호><전용면적>84.86</전용면적><중개사소재지>서울 동대문구</중개사소재지><지번>57</지번><지역코드>11230</지역코드><층>21</층><해제사유발생일> </해제사유발생일><해제여부> </해제여부></item><item><거래금액>    45,000</거래금액><거래유형>중개거래</거래유형><건축년도>2001</건축년도><년>2023</년><도로명>한천로</도로명><도로명건물본번호코드>00248</도로명건물본번호코드><도로명건물부번호코드>00000</도로명건물부번호코드><도로명시군구코드>11230</도로명시군구코드><도로명일련번호코드>04</도로명일련번호코드><도로명지상지하코드>0</도로명지상지하코드><도로명코드>3005038</도로명코드><법정동> 휘경동</법정동><법정동본번코드>0057</법정동본번코드><법정동부번코드>0000</법정동부번코드><법정동시군구코드>11230</법정동시군구코드><법정동읍면동코드>10900</법정동읍면동코드><법정동지번코드>1</법정동지번코드><아파트>주공2</아파트><월>1</월><일>14</일><일련번호>11230-64</일련번호><전용면적>39.98</전용면적><중개사소재지>서울 동대문구</중개사소재지><지번>57</지번><지역코드>11230</지역코드><층>14</층><해제사유발생일> </해제사유발생일><해제여부> </해제여부></item><item><거래금액>    65,000</거래금액><거래유형>중개거래</거래유형><건축년도>1992</건축년도><년>2023</년><도로명>서울시립대로29길</도로명><도로명건물본번호코드>00062</도로명건물본번호코드><도로명건물부번호코드>00000</도로명건물부번호코드><도로명시군구코드>11230</도로명시군구코드><도로명일련번호코드>02</도로명일련번호코드><도로명지상지하코드>0</도로명지상지하코드><도로명코드>4115199</도로명코드><법정동> 휘경동</법정동><법정동본번코드>0363</법정동본번코드><법정동부번코드>0000</법정동부번코드><법정동시군구코드>11230</법정동시군구코드><법정동읍면동코드>10900</법정동읍면동코드><법정동지번코드>1</법정동지번코드><아파트>현대</아파트><월>1</월><일>26</일><일련번호>11230-54</일련번호><전용면적>84.94</전용면적><중개사소재지>서울 강남구</중개사소재지><지번>363</지번><지역코드>11230</지역코드><층>8</층><해제사유발생일> </해제사유발생일><해제여부> </해제여부></item><item><거래금액>    95,000</거래금액><거래유형>중개거래</거래유형><건축년도>2019</건축년도><년>2023</년><도로명>휘경로</도로명><도로명건물본번호코드>00060</도로명건물본번호코드><도로명건물부번호코드>00000</도로명건물부번호코드><도로명시군구코드>11230</도로명시군구코드><도로명일련번호코드>01</도로명일련번호코드><도로명지상지하코드>0</도로명지상지하코드><도로명코드>3105021</도로명코드><법정동> 휘경동</법정동><법정동본번코드>0372</법정동본번코드><법정동부번코드>0000</법정동부번코드><법정동시군구코드>11230</법정동시군구코드><법정동읍면동코드>10900</법정동읍면동코드><법정동지번코드>1</법정동지번코드><아파트>휘경SK뷰</아파트><월>1</월><일>26</일><일련번호>11230-2908</일련번호><전용면적>84.31</전용면적><중개사소재지>서울 동대문구</중개사소재지><지번>372</지번><지역코드>11230</지역코드><층>7</층><해제사유발생일> </해제사유발생일><해제여부> </해제여부></item><item><거래금액>    73,000</거래금액><거래유형>중개거래</거래유형><건축년도>2001</건축년도><년>2023</년><도로명>한천로</도로명><도로명건물본번호코드>00248</도로명건물본번호코드><도로명건물부번호코드>00000</도로명건물부번호코드><도로명시군구코드>11230</도로명시군구코드><도로명일련번호코드>04</도로명일련번호코드><도로명지상지하코드>0</도로명지상지하코드><도로명코드>3005038</도로명코드><법정동> 휘경동</법정동><법정동본번코드>0057</법정동본번코드><법정동부번코드>0000</법정동부번코드><법정동시군구코드>11230</법정동시군구코드><법정동읍면동코드>10900</법정동읍면동코드><법정동지번코드>1</법정동지번코드><아파트>주공1</아파트><월>1</월><일>30</일><일련번호>11230-53</일련번호><전용면적>84.84</전용면적><중개사소재지>서울 동대문구</중개사소재지><지번>57</지번><지역코드>11230</지역코드><층>10</층><해제사유발생일> </해제사유발생일><해제여부> </해제여부></item><item><거래금액>    22,000</거래금액><거래유형>중개거래</거래유형><건축년도>2020</건축년도><년>2023</년><도로명>이문로</도로명><도로명건물본번호코드>00010</도로명건물본번호코드><도로명건물부번호코드>00000</도로명건물부번호코드><도로명시군구코드>11230</도로명시군구코드><도로명일련번호코드>00</도로명일련번호코드><도로명지상지하코드>0</도로명지상지하코드><도로명코드>3105010</도로명코드><법정동> 휘경동</법정동><법정동본번코드>0336</법정동본번코드><법정동부번코드>0032</법정동부번코드><법정동시군구코드>11230</법정동시군구코드><법정동읍면동코드>10900</법정동읍면동코드><법정동지번코드>1</법정동지번코드><아파트>캠퍼스드림오피스텔</아파트><월>1</월><일>31</일><일련번호>11230-2964</일련번호><전용면적>16.04</전용면적><중개사소재지>서울 동대문구</중개사소재지><지번>336-32</지번><지역코드>11230</지역코드><층>9</층><해제사유발생일> </해제사유발생일><해제여부> </해제여부></item><item><거래금액>    29,000</거래금액><거래유형>중개거래</거래유형><건축년도>2020</건축년도><년>2023</년><도로명>이문로</도로명><도로명건물본번호코드>00089</도로명건물본번호코드><도로명건물부번호코드>00000</도로명건물부번호코드><도로명시군구코드>11230</도로명시군구코드><도로명일련번호코드>00</도로명일련번호코드><도로명지상지하코드>0</도로명지상지하코드><도로명코드>3105010</도로명코드><법정동> 이문동</법정동><법정동본번코드>0327</법정동본번코드><법정동부번코드>0007</법정동부번코드><법정동시군구코드>11230</법정동시군구코드><법정동읍면동코드>11000</법정동읍면동코드><법정동지번코드>1</법정동지번코드><아파트>세진빌딩</아파트><월>1</월><일>2</일><일련번호>11230-2965</일련번호><전용면적>18.16</전용면적><중개사소재지>서울 동대문구</중개사소재지><지번>327-7</지번><지역코드>11230</지역코드><층>13</층><해제사유발생일> </해제사유발생일><해제여부> </해제여부></item><item><거래금액>    60,000</거래금액><거래유형>중개거래</거래유형><건축년도>2008</건축년도><년>2023</년><도로명>신이문로</도로명><도로명건물본번호코드>00009</도로명건물본번호코드><도로명건물부번호코드>00000</도로명건물부번호코드><도로명시군구코드>11230</도로명시군구코드><도로명일련번호코드>01</도로명일련번호코드><도로명지상지하코드>0</도로명지상지하코드><도로명코드>3105005</도로명코드><법정동> 이문동</법정동><법정동본번코드>0428</법정동본번코드><법정동부번코드>0000</법정동부번코드><법정동시군구코드>11230</법정동시군구코드><법정동읍면동코드>11000</법정동읍면동코드><법정동지번코드>1</법정동지번코드><아파트>신이문금호어울림</아파트><월>1</월><일>3</일><일련번호>11230-2126</일련번호><전용면적>84.84</전용면적><중개사소재지>서울 동대문구</중개사소재지><지번>428</지번><지역코드>11230</지역코드><층>2</층><해제사유발생일> </해제사유발생일><해제여부> </해제여부></item><item><거래금액>     7,800</거래금액><거래유형>중개거래</거래유형><건축년도>2013</건축년도><년>2023</년><도로명>이문로</도로명><도로명건물본번호코드>00199</도로명건물본번호코드><도로명건물부번호코드>00000</도로명건물부번호코드><도로명시군구코드>11230</도로명시군구코드><도로명일련번호코드>03</도로명일련번호코드><도로명지상지하코드>0</도로명지상지하코드><도로명코드>3105010</도로명코드><법정동> 이문동</법정동><법정동본번코드>0254</법정동본번코드><법정동부번코드>0040</법정동부번코드><법정동시군구코드>11230</법정동시군구코드><법정동읍면동코드>11000</법정동읍면동코드><법정동지번코드>1</법정동지번코드><아파트>주성아우라</아파트><월>1</월><일>5</일><일련번호>11230-2384</일련번호><전용면적>12.775</전용면적><중개사소재지>서울 동대문구</중개사소재지><지번>254-40</지번><지역코드>11230</지역코드><층>9</층><해제사유발생일> </해제사유발생일><해제여부> </해제여부></item><item><거래금액>    51,000</거래금액><거래유형>중개거래</거래유형><건축년도>2000</건축년도><년>2023</년><도로명>한천로58길</도로명><도로명건물본번호코드>00107</도로명건물본번호코드><도로명건물부번호코드>00000</도로명건물부번호코드><도로명시군구코드>11230</도로명시군구코드><도로명일련번호코드>01</도로명일련번호코드><도로명지상지하코드>0</도로명지상지하코드><도로명코드>4115640</도로명코드><법정동> 이문동</법정동><법정동본번코드>0054</법정동본번코드><법정동부번코드>0000</법정동부번코드><법정동시군구코드>11230</법정동시군구코드><법정동읍면동코드>11000</법정동읍면동코드><법정동지번코드>1</법정동지번코드><아파트>현대</아파트><월>1</월><일>6</일><일련번호>11230-63</일련번호><전용면적>59.92</전용면적><중개사소재지>서울 동대문구</중개사소재지><지번>54</지번><지역코드>11230</지역코드><층>20</층><해제사유발생일> </해제사유발생일><해제여부> </해제여부></item><item><거래금액>    76,000</거래금액><거래유형>중개거래</거래유형><건축년도>2003</건축년도><년>2023</년><도로명>한천로63길</도로명><도로명건물본번호코드>00010</도로명건물본번호코드><도로명건물부번호코드>00000</도로명건물부번호코드><도로명시군구코드>11230</도로명시군구코드><도로명일련번호코드>01</도로명일련번호코드><도로명지상지하코드>0</도로명지상지하코드><도로명코드>4115643</도로명코드><법정동> 이문동</법정동><법정동본번코드>0225</법정동본번코드><법정동부번코드>0000</법정동부번코드><법정동시군구코드>11230</법정동시군구코드><법정동읍면동코드>11000</법정동읍면동코드><법정동지번코드>1</법정동지번코드><아파트>대림e-편한세상</아파트><월>1</월><일>7</일><일련번호>11230-65</일련번호><전용면적>84.972</전용면적><중개사소재지>서울 동대문구</중개사소재지><지번>225</지번><지역코드>11230</지역코드><층>21</층><해제사유발생일> </해제사유발생일><해제여부> </해제여부></item><item><거래금액>    51,000</거래금액><거래유형>중개거래</거래유형><건축년도>2000</건축년도><년>2023</년><도로명>한천로58길</도로명><도로명건물본번호코드>00107</도로명건물본번호코드><도로명건물부번호코드>00000</도로명건물부번호코드><도로명시군구코드>11230</도로명시군구코드><도로명일련번호코드>01</도로명일련번호코드><도로명지상지하코드>0</도로명지상지하코드><도로명코드>4115640</도로명코드><법정동> 이문동</법정동><법정동본번코드>0054</법정동본번코드><법정동부번코드>0000</법정동부번코드><법정동시군구코드>11230</법정동시군구코드><법정동읍면동코드>11000</법정동읍면동코드><법정동지번코드>1</법정동지번코드><아파트>현대</아파트><월>1</월><일>12</일><일련번호>11230-63</일련번호><전용면적>59.92</전용면적><중개사소재지>서울 동대문구</중개사소재지><지번>54</지번><지역코드>11230</지역코드><층>19</층><해제사유발생일> </해제사유발생일><해제여부> </해제여부></item><item><거래금액>    62,000</거래금액><거래유형>중개거래</거래유형><건축년도>2000</건축년도><년>2023</년><도로명>한천로58길</도로명><도로명건물본번호코드>00047</도로명건물본번호코드><도로명건물부번호코드>00000</도로명건물부번호코드><도로명시군구코드>11230</도로명시군구코드><도로명일련번호코드>01</도로명일련번호코드><도로명지상지하코드>0</도로명지상지하코드><도로명코드>4115640</도로명코드><법정동> 이문동</법정동><법정동본번코드>0064</법정동본번코드><법정동부번코드>0000</법정동부번코드><법정동시군구코드>11230</법정동시군구코드><법정동읍면동코드>11000</법정동읍면동코드><법정동지번코드>1</법정동지번코드><아파트>쌍용</아파트><월>1</월><일>14</일><일련번호>11230-62</일련번호><전용면적>59.99</전용면적><중개사소재지>서울 동대문구</중개사소재지><지번>64</지번><지역코드>11230</지역코드><층>14</층><해제사유발생일> </해제사유발생일><해제여부> </해제여부></item><item><거래금액>    69,500</거래금액><거래유형>중개거래</거래유형><건축년도>2008</건축년도><년>2023</년><도로명>신이문로</도로명><도로명건물본번호코드>00009</도로명건물본번호코드><도로명건물부번호코드>00000</도로명건물부번호코드><도로명시군구코드>11230</도로명시군구코드><도로명일련번호코드>01</도로명일련번호코드><도로명지상지하코드>0</도로명지상지하코드><도로명코드>3105005</도로명코드><법정동> 이문동</법정동><법정동본번코드>0428</법정동본번코드><법정동부번코드>0000</법정동부번코드><법정동시군구코드>11230</법정동시군구코드><법정동읍면동코드>11000</법정동읍면동코드><법정동지번코드>1</법정동지번코드><아파트>신이문금호어울림</아파트><월>1</월><일>14</일><일련번호>11230-2126</일련번호><전용면적>84.84</전용면적><중개사소재지>서울 광진구, 서울 동대문구</중개사소재지><지번>428</지번><지역코드>11230</지역코드><층>4</층><해제사유발생일> </해제사유발생일><해제여부> </해제여부></item><item><거래금액>    62,000</거래금액><거래유형>중개거래</거래유형><건축년도>2000</건축년도><년>2023</년><도로명>한천로58길</도로명><도로명건물본번호코드>00047</도로명건물본번호코드><도로명건물부번호코드>00000</도로명건물부번호코드><도로명시군구코드>11230</도로명시군구코드><도로명일련번호코드>01</도로명일련번호코드><도로명지상지하코드>0</도로명지상지하코드><도로명코드>4115640</도로명코드><법정동> 이문동</법정동><법정동본번코드>0064</법정동본번코드><법정동부번코드>0000</법정동부번코드><법정동시군구코드>11230</법정동시군구코드><법정동읍면동코드>11000</법정동읍면동코드><법정동지번코드>1</법정동지번코드><아파트>쌍용</아파트><월>1</월><일>17</일><일련번호>11230-62</일련번호><전용면적>59.99</전용면적><중개사소재지>서울 동대문구</중개사소재지><지번>64</지번><지역코드>11230</지역코드><층>14</층><해제사유발생일> </해제사유발생일><해제여부> </해제여부></item><item><거래금액>    55,000</거래금액><거래유형>중개거래</거래유형><건축년도>2000</건축년도><년>2023</년><도로명>한천로58길</도로명><도로명건물본번호코드>00107</도로명건물본번호코드><도로명건물부번호코드>00000</도로명건물부번호코드><도로명시군구코드>11230</도로명시군구코드><도로명일련번호코드>01</도로명일련번호코드><도로명지상지하코드>0</도로명지상지하코드><도로명코드>4115640</도로명코드><법정동> 이문동</법정동><법정동본번코드>0054</법정동본번코드><법정동부번코드>0000</법정동부번코드><법정동시군구코드>11230</법정동시군구코드><법정동읍면동코드>11000</법정동읍면동코드><법정동지번코드>1</법정동지번코드><아파트>현대</아파트><월>1</월><일>25</일><일련번호>11230-63</일련번호><전용면적>59.92</전용면적><중개사소재지>서울 동대문구</중개사소재지><지번>54</지번><지역코드>11230</지역코드><층>17</층><해제사유발생일> </해제사유발생일><해제여부> </해제여부></item></items><numOfRows>999</numOfRows><pageNo>1</pageNo><totalCount>82</totalCount></body></response>