<?xml version="1.0" encoding="UTF-8" standalone="yes"?><response><header><resultCode>00</resultCode><resultMsg>NORMAL SERVICE.</resultMsg></header><body><items><item><거래금액>    13,500</거래금액><거래유형>중개거래</거래유형><건축년도>2014</건축년도><년>2022</년><도로명>도봉로</도로명><도로명건물본번호코드>00290</도로명건물본번호코드><도로명건물부번호코드>00000</도로명건물부번호코드><도로명시군구코드>11305</도로명시군구코드><도로명일련번호코드>01</도로명일련번호코드><도로명지상지하코드>0</도로명지상지하코드><도로명코드>3005039</도로명코드><법정동> 미아동</법정동><법정동본번코드>0160</법정동본번코드><법정동부번코드>0003</법정동부번코드><법정동시군구코드>11305</법정동시군구코드><법정동읍면동코드>10100</법정동읍면동코드><법정동지번코드>1</법정동지번코드><아파트>푸르지오시티</아파트><월>9</월><일>1</일><일련번호>11305-4711</일련번호><전용면적>18.6479</전용면적><중개사소재지>서울 강북구</중개사소재지><지번>160-3</지번><지역코드>11305</지역코드><층>17</층><해제사유발생일> </해제사유발생일><해제여부> </해제여부></item><item><거래금액>    66,000</거래금액><거래유형>중개거래</거래유형><건축년도>2003</건축년도><년>2022</년><도로명>삼양로19길</도로명><도로명건물본번호코드>00113</도로명건물본번호코드><도로명건물부번호코드>00000</도로명건물부번호코드><도로명시군구코드>11305</도로명시군구코드><도로명일련번호코드>01</도로명일련번호코드><도로명지상지하코드>0</도로명지상지하코드><도로명코드>4124223</도로명코드><법정동> 미아동</법정동><법정동본번코드>1357</법정동본번코드><법정동부번코드>0000</법정동부번코드><법정동시군구코드>11305</법정동시군구코드><법정동읍면동코드>10100</법정동읍면동코드><법정동지번코드>1</법정동지번코드><아파트>삼각산아이원</아파트><월>9</월><일>5</일><일련번호>11305-46</일련번호><전용면적>84.705</전용면적><중개사소재지>서울 강북구</중개사소재지><지번>1357</지번><지역코드>11305</지역코드><층>3</층><해제사유발생일> </해제사유발생일><해제여부> </해제여부></item><item><거래금액>    13,450</거래금액><거래유형>중개거래</거래유형><건축년도>2014</건축년도><년>2022</년><도로명>도봉로</도로명><도로명건물본번호코드>00290</도로명건물본번호코드><도로명건물부번호코드>00000</도로명건물부번호코드><도로명시군구코드>11305</도로명시군구코드><도로명일련번호코드>01</도로명일련번호코드><도로명지상지하코드>0</도로명지상지하코드><도로명코드>3005039</도로명코드><법정동> 미아동</법정동><법정동본번코드>0160</법정동본번코드><법정동부번코드>0003</법정동부번코드><법정동시군구코드>11305</법정동시군구코드><법정동읍면동코드>10100</법정동읍면동코드><법정동지번코드>1</법정동지번코드><아파트>푸르지오시티</아파트><월>9</월><일>15</일><일련번호>11305-4711</일련번호><전용면적>18.6479</전용면적><중개사소재지>서울 강북구</중개사소재지><지번>160-3</지번><지역코드>11305</지역코드><층>6</층><해제사유발생일> </해제사유발생일><해제여부> </해제여부></item><item><거래금액>    68,000</거래금액><거래유형>중개거래</거래유형><건축년도>2006</건축년도><년>2022</년><도로명>삼양로</도로명><도로명건물본번호코드>00256</도로명건물본번호코드><도로명건물부번호코드>00000</도로명건물부번호코드><도로명시군구코드>11305</도로명시군구코드><도로명일련번호코드>01</도로명일련번호코드><도로명지상지하코드>0</도로명지상지하코드><도로명코드>3005041</도로명코드><법정동> 미아동</법정동><법정동본번코드>0797</법정동본번코드><법정동부번코드>0000</법정동부번코드><법정동시군구코드>11305</법정동시군구코드><법정동읍면동코드>10100</법정동읍면동코드><법정동지번코드>1</법정동지번코드><아파트>미아1차래미안</아파트><월>9</월><일>16</일><일련번호>11305-3717</일련번호><전용면적>59.9</전용면적><중개사소재지>서울 강북구</중개사소재지><지번>797</지번><지역코드>11305</지역코드><층>7</층><해제사유발생일> </해제사유발생일><해제여부> </해제여부></item><item><거래금액>    97,000</거래금액><거래유형>직거래</거래유형><건축년도>2006</건축년도><년>2022</년><도로명>삼양로</도로명><도로명건물본번호코드>00256</도로명건물본번호코드><도로명건물부번호코드>00000</도로명건물부번호코드><도로명시군구코드>11305</도로명시군구코드><도로명일련번호코드>01</도로명일련번호코드><도로명지상지하코드>0</도로명지상지하코드><도로명코드>3005041</도로명코드><법정동> 미아동</법정동><법정동본번코드>0797</법정동본번코드><법정동부번코드>0000</법정동부번코드><법정동시군구코드>11305</법정동시군구코드><법정동읍면동코드>10100</법정동읍면동코드><법정동지번코드>1</법정동지번코드><아파트>미아1차래미안</아파트><월>9</월><일>16</일><일련번호>11305-3717</일련번호><전용면적>84.58</전용면적><중개사소재지> </중개사소재지><지번>797</지번><지역코드>11305</지역코드><층>7</층><해제사유발생일> </해제사유발생일><해제여부> </해제여부></item><item><거래금액>    60,000</거래금액><거래유형>중개거래</거래유형><건축년도>2004</건축년도><년>2022</년><도로명>솔샘로</도로명><도로명건물본번호코드>00174</도로명건물본번호코드><도로명건물부번호코드>00000</도로명건물부번호코드><도로명시군구코드>11305</도로명시군구코드><도로명일련번호코드>01</도로명일련번호코드><도로명지상지하코드>0</도로명지상지하코드><도로명코드>3005042</도로명코드><법정동> 미아동</법정동><법정동본번코드>1353</법정동본번코드><법정동부번코드>0000</법정동부번코드><법정동시군구코드>11305</법정동시군구코드><법정동읍면동코드>10100</법정동읍면동코드><법정동지번코드>1</법정동지번코드><아파트>에스케이북한산시티</아파트><월>9</월><일>17</일><일련번호>11305-6</일련번호><전용면적>59.98</전용면적><중개사소재지>서울 강북구</중개사소재지><지번>1353</지번><지역코드>11305</지역코드><층>14</층><해제사유발생일> </해제사유발생일><해제여부> </해제여부></item><item><거래금액>   117,000</거래금액><거래유형>중개거래</거래유형><건축년도>2017</건축년도><년>2022</년><도로명>오현로</도로명><도로명건물본번호코드>00056</도로명건물본번호코드><도로명건물부번호코드>00000</도로명건물부번호코드><도로명시군구코드>11305</도로명시군구코드><도로명일련번호코드>00</도로명일련번호코드><도로명코드>3108004</도로명코드><법정동> 미아동</법정동><법정동본번코드>0004</법정동본번코드><법정동부번코드>0000</법정동부번코드><법정동시군구코드>11305</법정동시군구코드><법정동읍면동코드>10100</법정동읍면동코드><법정동지번코드>1</법정동지번코드><아파트>꿈의숲롯데캐슬</아파트><월>9</월><일>20</일><일련번호>11305-5141</일련번호><전용면적>104.53</전용면적><중개사소재지>서울 강북구</중개사소재지><지번>4</지번><지역코드>11305</지역코드><층>11</층><해제사유발생일> </해제사유발생일><해제여부> </해제여부></item><item><거래금액>    45,000</거래금액><거래유형>중개거래</거래유형><건축년도>1999</건축년도><년>2022</년><도로명>한천로109길</도로명><도로명건물본번호코드>00083</도로명건물본번호코드><도로명건물부번호코드>00000</도로명건물부번호코드><도로명시군구코드>11305</도로명시군구코드><도로명일련번호코드>01</도로명일련번호코드><도로명지상지하코드>0</도로명지상지하코드><도로명코드>4124551</도로명코드><법정동> 번동</법정동><법정동본번코드>0136</법정동본번코드><법정동부번코드>0000</법정동부번코드><법정동시군구코드>11305</법정동시군구코드><법정동읍면동코드>10200</법정동읍면동코드><법정동지번코드>1</법정동지번코드><아파트>번동솔그린</아파트><월>9</월><일>21</일><일련번호>11305-21</일련번호><전용면적>59.82</전용면적><중개사소재지>서울 강북구</중개사소재지><지번>136</지번><지역코드>11305</지역코드><층>3</층><해제사유발생일> </해제사유발생일><해제여부> </해제여부></item><item><거래금액>    50,000</거래금액><거래유형>중개거래</거래유형><건축년도>2001</건축년도><년>2022</년><도로명>한천로159길</도로명><도로명건물본번호코드>00008</도로명건물본번호코드><도로명건물부번호코드>00000</도로명건물부번호코드><도로명시군구코드>11305</도로명시군구코드><도로명일련번호코드>01</도로명일련번호코드><도로명지상지하코드>0</도로명지상지하코드><도로명코드>4124582</도로명코드><법정동> 수유동</법정동><법정동본번코드>0730</법정동본번코드><법정동부번코드>0000</법정동부번코드><법정동시군구코드>11305</법정동시군구코드><법정동읍면동코드>10300</법정동읍면동코드><법정동지번코드>1</법정동지번코드><아파트>래미안수유</아파트><월>9</월><일>1</일><일련번호>11305-35</일련번호><전용면적>59.88</전용면적><중개사소재지>서울 도봉구</중개사소재지><지번>730</지번><지역코드>11305</지역코드><층>15</층><해제사유발생일> </해제사유발생일><해제여부> </해제여부></item><item><거래금액>    41,000</거래금액><거래유형>중개거래</거래유형><건축년도>2000</건축년도><년>2022</년><도로명>한천로</도로명><도로명건물본번호코드>01131</도로명건물본번호코드><도로명건물부번호코드>00000</도로명건물부번호코드><도로명시군구코드>11305</도로명시군구코드><도로명일련번호코드>02</도로명일련번호코드><도로명지상지하코드>0</도로명지상지하코드><도로명코드>3005038</도로명코드><법정동> 수유동</법정동><법정동본번코드>0729</법정동본번코드><법정동부번코드>0000</법정동부번코드><법정동시군구코드>11305</법정동시군구코드><법정동읍면동코드>10300</법정동읍면동코드><법정동지번코드>1</법정동지번코드><아파트>수유현대</아파트><월>9</월><일>7</일><일련번호>11305-38</일련번호><전용면적>59.67</전용면적><중개사소재지>서울 강북구</중개사소재지><지번>729</지번><지역코드>11305</지역코드><층>5</층><해제사유발생일> </해제사유발생일><해제여부> </해제여부></item><item><거래금액>    63,000</거래금액><거래유형>중개거래</거래유형><건축년도>2001</건축년도><년>2022</년><도로명>한천로159길</도로명><도로명건물본번호코드>00008</도로명건물본번호코드><도로명건물부번호코드>00000</도로명건물부번호코드><도로명시군구코드>11305</도로명시군구코드><도로명일련번호코드>01</도로명일련번호코드><도로명지상지하코드>0</도로명지상지하코드><도로명코드>4124582</도로명코드><법정동> 수유동</법정동><법정동본번코드>0730</법정동본번코드><법정동부번코드>0000</법정동부번코드><법정동시군구코드>11305</법정동시군구코드><법정동읍면동코드>10300</법정동읍면동코드><법정동지번코드>1</법정동지번코드><아파트>래미안수유</아파트><월>9</월><일>17</일><일련번호>11305-35</일련번호><전용면적>59.88</전용면적><중개사소재지>서울 강북구</중개사소재지><지번>730</지번><지역코드>11305</지역코드><층>5</층><해제사유발생일> </해제사유발생일><해제여부> </해제여부></item><item><거래금액>    67,500</거래금액><거래유형>중개거래</거래유형><건축년도>2005</건축년도><년>2022</년><도로명>노해로8길</도로명><도로명건물본번호코드>00022</도로명건물본번호코드><도로명건물부번호코드>00000</도로명건물부번호코드><도로명시군구코드>11305</도로명시군구코드><도로명일련번호코드>01</도로명일련번호코드><도로명지상지하코드>0</도로명지상지하코드><도로명코드>4124027</도로명코드><법정동> 수유동</법정동><법정동본번코드>0229</법정동본번코드><법정동부번코드>0049</법정동부번코드><법정동시군구코드>11305</법정동시군구코드><법정동읍면동코드>10300</법정동읍면동코드><법정동지번코드>1</법정동지번코드><아파트>경남아너스빌</아파트><월>9</월><일>26</일><일련번호>11305-3643</일련번호><전용면적>84.59</전용면적><중개사소재지>서울 강북구</중개사소재지><지번>229-49</지번><지역코드>11305</지역코드><층>10</층><해제사유발생일> </해제사유발생일><해제여부> </해제여부></item></items><numOfRows>999</numOfRows><pageNo>1</pageNo><totalCount>12</totalCount></body></response>