<?xml version="1.0" encoding="UTF-8" standalone="yes"?><response><header><resultCode>00</resultCode><resultMsg>NORMAL SERVICE.</resultMsg></header><body><items><item><거래금액>   110,000</거래금액><거래유형>중개거래</거래유형><건축년도>1986</건축년도><년>2022</년><도로명>고덕로</도로명><도로명건물본번호코드>00240</도로명건물본번호코드><도로명건물부번호코드>00000</도로명건물부번호코드><도로명시군구코드>11740</도로명시군구코드><도로명일련번호코드>01</도로명일련번호코드><도로명지상지하코드>0</도로명지상지하코드><도로명코드>3124001</도로명코드><법정동> 명일동</법정동><법정동본번코드>0044</법정동본번코드><법정동부번코드>0000</법정동부번코드><법정동시군구코드>11740</법정동시군구코드><법정동읍면동코드>10100</법정동읍면동코드><법정동지번코드>1</법정동지번코드><아파트>신동아</아파트><월>10</월><일>28</일><일련번호>11740-10</일련번호><전용면적>81.07</전용면적><중개사소재지>서울 강동구</중개사소재지><지번>44</지번><지역코드>11740</지역코드><층>13</층><해제사유발생일> </해제사유발생일><해제여부> </해제여부></item><item><거래금액>    85,000</거래금액><거래유형>중개거래</거래유형><건축년도>1999</건축년도><년>2022</년><도로명>상암로51길</도로명><도로명건물본번호코드>00061</도로명건물본번호코드><도로명건물부번호코드>00000</도로명건물부번호코드><도로명시군구코드>11740</도로명시군구코드><도로명일련번호코드>01</도로명일련번호코드><도로명지상지하코드>0</도로명지상지하코드><도로명코드>4172138</도로명코드><법정동> 명일동</법정동><법정동본번코드>0332</법정동본번코드><법정동부번코드>0000</법정동부번코드><법정동시군구코드>11740</법정동시군구코드><법정동읍면동코드>10100</법정동읍면동코드><법정동지번코드>1</법정동지번코드><아파트>명일지에스아파트</아파트><월>10</월><일>29</일><일련번호>11740-3</일련번호><전용면적>84.96</전용면적><중개사소재지>서울 강동구</중개사소재지><지번>332</지번><지역코드>11740</지역코드><층>5</층><해제사유발생일> </해제사유발생일><해제여부> </해제여부></item><item><거래금액>   165,000</거래금액><거래유형>중개거래</거래유형><건축년도>2019</건축년도><년>2022</년><도로명>고덕로</도로명><도로명건물본번호코드>00333</도로명건물본번호코드><도로명건물부번호코드>00000</도로명건물부번호코드><도로명시군구코드>11740</도로명시군구코드><도로명일련번호코드>02</도로명일련번호코드><도로명지상지하코드>0</도로명지상지하코드><도로명코드>3124001</도로명코드><법정동> 고덕동</법정동><법정동본번코드>0693</법정동본번코드><법정동부번코드>0000</법정동부번코드><법정동시군구코드>11740</법정동시군구코드><법정동읍면동코드>10200</법정동읍면동코드><법정동지번코드>1</법정동지번코드><아파트>고덕그라시움</아파트><월>10</월><일>8</일><일련번호>11740-4628</일련번호><전용면적>84.046</전용면적><중개사소재지>서울 강동구</중개사소재지><지번>693</지번><지역코드>11740</지역코드><층>6</층><해제사유발생일> </해제사유발생일><해제여부> </해제여부></item><item><거래금액>   120,000</거래금액><거래유형>중개거래</거래유형><건축년도>2019</건축년도><년>2022</년><도로명>고덕로</도로명><도로명건물본번호코드>00333</도로명건물본번호코드><도로명건물부번호코드>00000</도로명건물부번호코드><도로명시군구코드>11740</도로명시군구코드><도로명일련번호코드>02</도로명일련번호코드><도로명지상지하코드>0</도로명지상지하코드><도로명코드>3124001</도로명코드><법정동> 고덕동</법정동><법정동본번코드>0693</법정동본번코드><법정동부번코드>0000</법정동부번코드><법정동시군구코드>11740</법정동시군구코드><법정동읍면동코드>10200</법정동읍면동코드><법정동지번코드>1</법정동지번코드><아파트>고덕그라시움</아파트><월>10</월><일>15</일><일련번호>11740-4628</일련번호><전용면적>73.566</전용면적><중개사소재지>서울 강동구</중개사소재지><지번>693</지번><지역코드>11740</지역코드><층>6</층><해제사유발생일> </해제사유발생일><해제여부> </해제여부></item><item><거래금액>   118,500</거래금액><거래유형>중개거래</거래유형><건축년도>2019</건축년도><년>2022</년><도로명>고덕로</도로명><도로명건물본번호코드>00333</도로명건물본번호코드><도로명건물부번호코드>00000</도로명건물부번호코드><도로명시군구코드>11740</도로명시군구코드><도로명일련번호코드>02</도로명일련번호코드><도로명지상지하코드>0</도로명지상지하코드><도로명코드>3124001</도로명코드><법정동> 고덕동</법정동><법정동본번코드>0693</법정동본번코드><법정동부번코드>0000</법정동부번코드><법정동시군구코드>11740</법정동시군구코드><법정동읍면동코드>10200</법정동읍면동코드><법정동지번코드>1</법정동지번코드><아파트>고덕그라시움</아파트><월>10</월><일>16</일><일련번호>11740-4628</일련번호><전용면적>73.873</전용면적><중개사소재지>서울 강동구</중개사소재지><지번>693</지번><지역코드>11740</지역코드><층>3</층><해제사유발생일> </해제사유발생일><해제여부> </해제여부></item><item><거래금액>    88,000</거래금액><거래유형>중개거래</거래유형><건축년도>2020</건축년도><년>2022</년><도로명>고덕로</도로명><도로명건물본번호코드>00399</도로명건물본번호코드><도로명건물부번호코드>00000</도로명건물부번호코드><도로명시군구코드>11740</도로명시군구코드><도로명일련번호코드>00</도로명일련번호코드><도로명코드>3124001</도로명코드><법정동> 고덕동</법정동><법정동본번코드>0210</법정동본번코드><법정동부번코드>0001</법정동부번코드><법정동시군구코드>11740</법정동시군구코드><법정동읍면동코드>10200</법정동읍면동코드><법정동지번코드>1</법정동지번코드><아파트>고덕센트럴푸르지오</아파트><월>10</월><일>22</일><일련번호>11740-4735</일련번호><전용면적>59.09</전용면적><중개사소재지>서울 강동구</중개사소재지><지번>210-1</지번><지역코드>11740</지역코드><층>8</층><해제사유발생일> </해제사유발생일><해제여부> </해제여부></item><item><거래금액>   107,000</거래금액><거래유형>중개거래</거래유형><건축년도>2019</건축년도><년>2022</년><도로명>고덕로</도로명><도로명건물본번호코드>00333</도로명건물본번호코드><도로명건물부번호코드>00000</도로명건물부번호코드><도로명시군구코드>11740</도로명시군구코드><도로명일련번호코드>02</도로명일련번호코드><도로명지상지하코드>0</도로명지상지하코드><도로명코드>3124001</도로명코드><법정동> 고덕동</법정동><법정동본번코드>0693</법정동본번코드><법정동부번코드>0000</법정동부번코드><법정동시군구코드>11740</법정동시군구코드><법정동읍면동코드>10200</법정동읍면동코드><법정동지번코드>1</법정동지번코드><아파트>고덕그라시움</아파트><월>10</월><일>24</일><일련번호>11740-4628</일련번호><전용면적>59.785</전용면적><중개사소재지>서울 강동구</중개사소재지><지번>693</지번><지역코드>11740</지역코드><층>6</층><해제사유발생일> </해제사유발생일><해제여부> </해제여부></item><item><거래금액>    95,000</거래금액><거래유형>중개거래</거래유형><건축년도>2020</건축년도><년>2022</년><도로명>고덕로</도로명><도로명건물본번호코드>00399</도로명건물본번호코드><도로명건물부번호코드>00000</도로명건물부번호코드><도로명시군구코드>11740</도로명시군구코드><도로명일련번호코드>00</도로명일련번호코드><도로명코드>3124001</도로명코드><법정동> 고덕동</법정동><법정동본번코드>0210</법정동본번코드><법정동부번코드>0001</법정동부번코드><법정동시군구코드>11740</법정동시군구코드><법정동읍면동코드>10200</법정동읍면동코드><법정동지번코드>1</법정동지번코드><아파트>고덕센트럴푸르지오</아파트><월>10</월><일>27</일><일련번호>11740-4735</일련번호><전용면적>59.14</전용면적><중개사소재지>서울 강동구</중개사소재지><지번>210-1</지번><지역코드>11740</지역코드><층>26</층><해제사유발생일> </해제사유발생일><해제여부> </해제여부></item><item><거래금액>   138,000</거래금액><거래유형>중개거래</거래유형><건축년도>2019</건축년도><년>2022</년><도로명>고덕로</도로명><도로명건물본번호코드>00333</도로명건물본번호코드><도로명건물부번호코드>00000</도로명건물부번호코드><도로명시군구코드>11740</도로명시군구코드><도로명일련번호코드>02</도로명일련번호코드><도로명지상지하코드>0</도로명지상지하코드><도로명코드>3124001</도로명코드><법정동> 고덕동</법정동><법정동본번코드>0693</법정동본번코드><법정동부번코드>0000</법정동부번코드><법정동시군구코드>11740</법정동시군구코드><법정동읍면동코드>10200</법정동읍면동코드><법정동지번코드>1</법정동지번코드><아파트>고덕그라시움</아파트><월>10</월><일>29</일><일련번호>11740-4628</일련번호><전용면적>84.244</전용면적><중개사소재지>서울 강동구, 서울 송파구</중개사소재지><지번>693</지번><지역코드>11740</지역코드><층>14</층><해제사유발생일> </해제사유발생일><해제여부> </해제여부></item><item><거래금액>    88,000</거래금액><거래유형>중개거래</거래유형><건축년도>2020</건축년도><년>2022</년><도로명>고덕로</도로명><도로명건물본번호코드>00399</도로명건물본번호코드><도로명건물부번호코드>00000</도로명건물부번호코드><도로명시군구코드>11740</도로명시군구코드><도로명일련번호코드>00</도로명일련번호코드><도로명코드>3124001</도로명코드><법정동> 고덕동</법정동><법정동본번코드>0210</법정동본번코드><법정동부번코드>0001</법정동부번코드><법정동시군구코드>11740</법정동시군구코드><법정동읍면동코드>10200</법정동읍면동코드><법정동지번코드>1</법정동지번코드><아파트>고덕센트럴푸르지오</아파트><월>10</월><일>29</일><일련번호>11740-4735</일련번호><전용면적>59.14</전용면적><중개사소재지>서울 강동구</중개사소재지><지번>210-1</지번><지역코드>11740</지역코드><층>16</층><해제사유발생일> </해제사유발생일><해제여부> </해제여부></item><item><거래금액>   134,000</거래금액><거래유형>중개거래</거래유형><건축년도>2020</건축년도><년>2022</년><도로명>고덕로</도로명><도로명건물본번호코드>00360</도로명건물본번호코드><도로명건물부번호코드>00000</도로명건물부번호코드><도로명시군구코드>11740</도로명시군구코드><도로명일련번호코드>01</도로명일련번호코드><도로명코드>3124001</도로명코드><법정동> 상일동</법정동><법정동본번코드>0519</법정동본번코드><법정동부번코드>0000</법정동부번코드><법정동시군구코드>11740</법정동시군구코드><법정동읍면동코드>10300</법정동읍면동코드><법정동지번코드>1</법정동지번코드><아파트>고덕아르테온</아파트><월>10</월><일>6</일><일련번호>11740-4692</일련번호><전용면적>59.98</전용면적><중개사소재지>서울 강동구</중개사소재지><지번>519</지번><지역코드>11740</지역코드><층>14</층><해제사유발생일> </해제사유발생일><해제여부> </해제여부></item><item><거래금액>    95,000</거래금액><거래유형>중개거래</거래유형><건축년도>2019</건축년도><년>2022</년><도로명>상암로79길</도로명><도로명건물본번호코드>00088</도로명건물본번호코드><도로명건물부번호코드>00000</도로명건물부번호코드><도로명시군구코드>11740</도로명시군구코드><도로명일련번호코드>01</도로명일련번호코드><도로명코드>4172145</도로명코드><법정동> 상일동</법정동><법정동본번코드>0514</법정동본번코드><법정동부번코드>0000</법정동부번코드><법정동시군구코드>11740</법정동시군구코드><법정동읍면동코드>10300</법정동읍면동코드><법정동지번코드>1</법정동지번코드><아파트>고덕롯데캐슬베네루체</아파트><월>10</월><일>8</일><일련번호>11740-4672</일련번호><전용면적>59.981</전용면적><중개사소재지>서울 강동구</중개사소재지><지번>514</지번><지역코드>11740</지역코드><층>9</층><해제사유발생일> </해제사유발생일><해제여부> </해제여부></item><item><거래금액>   132,500</거래금액><거래유형>중개거래</거래유형><건축년도>2020</건축년도><년>2022</년><도로명>고덕로</도로명><도로명건물본번호코드>00360</도로명건물본번호코드><도로명건물부번호코드>00000</도로명건물부번호코드><도로명시군구코드>11740</도로명시군구코드><도로명일련번호코드>01</도로명일련번호코드><도로명코드>3124001</도로명코드><법정동> 상일동</법정동><법정동본번코드>0519</법정동본번코드><법정동부번코드>0000</법정동부번코드><법정동시군구코드>11740</법정동시군구코드><법정동읍면동코드>10300</법정동읍면동코드><법정동지번코드>1</법정동지번코드><아파트>고덕아르테온</아파트><월>10</월><일>17</일><일련번호>11740-4692</일련번호><전용면적>84.97</전용면적><중개사소재지>서울 강동구</중개사소재지><지번>519</지번><지역코드>11740</지역코드><층>11</층><해제사유발생일> </해제사유발생일><해제여부> </해제여부></item><item><거래금액>   127,500</거래금액><거래유형>중개거래</거래유형><건축년도>2019</건축년도><년>2022</년><도로명>고덕로80길</도로명><도로명건물본번호코드>00099</도로명건물본번호코드><도로명건물부번호코드>00000</도로명건물부번호코드><도로명시군구코드>11740</도로명시군구코드><도로명일련번호코드>01</도로명일련번호코드><도로명코드>4172034</도로명코드><법정동> 상일동</법정동><법정동본번코드>0513</법정동본번코드><법정동부번코드>0000</법정동부번코드><법정동시군구코드>11740</법정동시군구코드><법정동읍면동코드>10300</법정동읍면동코드><법정동지번코드>1</법정동지번코드><아파트>고덕센트럴IPARK</아파트><월>10</월><일>18</일><일련번호>11740-4675</일련번호><전용면적>84.97</전용면적><중개사소재지>서울 강동구</중개사소재지><지번>513</지번><지역코드>11740</지역코드><층>15</층><해제사유발생일> </해제사유발생일><해제여부> </해제여부></item><item><거래금액>    98,000</거래금액><거래유형>중개거래</거래유형><건축년도>2021</건축년도><년>2022</년><도로명>상일로</도로명><도로명건물본번호코드>00055</도로명건물본번호코드><도로명건물부번호코드>00000</도로명건물부번호코드><도로명시군구코드>11740</도로명시군구코드><도로명일련번호코드>01</도로명일련번호코드><도로명코드>3124004</도로명코드><법정동> 상일동</법정동><법정동본번코드>0521</법정동본번코드><법정동부번코드>0000</법정동부번코드><법정동시군구코드>11740</법정동시군구코드><법정동읍면동코드>10300</법정동읍면동코드><법정동지번코드>1</법정동지번코드><아파트>고덕자이</아파트><월>10</월><일>24</일><일련번호>11740-4799</일련번호><전용면적>59.9398</전용면적><중개사소재지>경기 하남시, 서울 강동구</중개사소재지><지번>521</지번><지역코드>11740</지역코드><층>22</층><해제사유발생일> </해제사유발생일><해제여부> </해제여부></item><item><거래금액>   105,000</거래금액><거래유형>중개거래</거래유형><건축년도>2020</건축년도><년>2022</년><도로명>고덕로</도로명><도로명건물본번호코드>00360</도로명건물본번호코드><도로명건물부번호코드>00000</도로명건물부번호코드><도로명시군구코드>11740</도로명시군구코드><도로명일련번호코드>01</도로명일련번호코드><도로명코드>3124001</도로명코드><법정동> 상일동</법정동><법정동본번코드>0519</법정동본번코드><법정동부번코드>0000</법정동부번코드><법정동시군구코드>11740</법정동시군구코드><법정동읍면동코드>10300</법정동읍면동코드><법정동지번코드>1</법정동지번코드><아파트>고덕아르테온</아파트><월>10</월><일>25</일><일련번호>11740-4692</일련번호><전용면적>59.98</전용면적><중개사소재지>서울 강동구</중개사소재지><지번>519</지번><지역코드>11740</지역코드><층>6</층><해제사유발생일> </해제사유발생일><해제여부> </해제여부></item><item><거래금액>    94,000</거래금액><거래유형>중개거래</거래유형><건축년도>2021</건축년도><년>2022</년><도로명>상일로</도로명><도로명건물본번호코드>00055</도로명건물본번호코드><도로명건물부번호코드>00000</도로명건물부번호코드><도로명시군구코드>11740</도로명시군구코드><도로명일련번호코드>01</도로명일련번호코드><도로명코드>3124004</도로명코드><법정동> 상일동</법정동><법정동본번코드>0521</법정동본번코드><법정동부번코드>0000</법정동부번코드><법정동시군구코드>11740</법정동시군구코드><법정동읍면동코드>10300</법정동읍면동코드><법정동지번코드>1</법정동지번코드><아파트>고덕자이</아파트><월>10</월><일>30</일><일련번호>11740-4799</일련번호><전용면적>59.7084</전용면적><중개사소재지>서울 강동구</중개사소재지><지번>521</지번><지역코드>11740</지역코드><층>8</층><해제사유발생일> </해제사유발생일><해제여부> </해제여부></item><item><거래금액>    62,000</거래금액><거래유형>중개거래</거래유형><건축년도>1998</건축년도><년>2022</년><도로명>천중로50길</도로명><도로명건물본번호코드>00048</도로명건물본번호코드><도로명건물부번호코드>00012</도로명건물부번호코드><도로명시군구코드>11740</도로명시군구코드><도로명일련번호코드>01</도로명일련번호코드><도로명지상지하코드>0</도로명지상지하코드><도로명코드>4172356</도로명코드><법정동> 길동</법정동><법정동본번코드>0365</법정동본번코드><법정동부번코드>0001</법정동부번코드><법정동시군구코드>11740</법정동시군구코드><법정동읍면동코드>10500</법정동읍면동코드><법정동지번코드>1</법정동지번코드><아파트>라인</아파트><월>10</월><일>13</일><일련번호>11740-45</일련번호><전용면적>59.94</전용면적><중개사소재지>서울 강동구</중개사소재지><지번>365-1</지번><지역코드>11740</지역코드><층>8</층><해제사유발생일> </해제사유발생일><해제여부> </해제여부></item><item><거래금액>    23,000</거래금액><거래유형>중개거래</거래유형><건축년도>2019</건축년도><년>2022</년><도로명>천호대로177길</도로명><도로명건물본번호코드>00040</도로명건물본번호코드><도로명건물부번호코드>00000</도로명건물부번호코드><도로명시군구코드>11740</도로명시군구코드><도로명일련번호코드>00</도로명일련번호코드><도로명지상지하코드>0</도로명지상지하코드><도로명코드>4172387</도로명코드><법정동> 길동</법정동><법정동본번코드>0413</법정동본번코드><법정동부번코드>0011</법정동부번코드><법정동시군구코드>11740</법정동시군구코드><법정동읍면동코드>10500</법정동읍면동코드><법정동지번코드>1</법정동지번코드><아파트>경지Arium</아파트><월>10</월><일>13</일><일련번호>11740-4576</일련번호><전용면적>14.33</전용면적><중개사소재지>서울 강동구</중개사소재지><지번>413-11</지번><지역코드>11740</지역코드><층>14</층><해제사유발생일> </해제사유발생일><해제여부> </해제여부></item><item><거래금액>    60,000</거래금액><거래유형>중개거래</거래유형><건축년도>2004</건축년도><년>2022</년><도로명>양재대로110길</도로명><도로명건물본번호코드>00028</도로명건물본번호코드><도로명건물부번호코드>00000</도로명건물부번호코드><도로명시군구코드>11740</도로명시군구코드><도로명일련번호코드>01</도로명일련번호코드><도로명지상지하코드>0</도로명지상지하코드><도로명코드>4172229</도로명코드><법정동> 길동</법정동><법정동본번코드>0242</법정동본번코드><법정동부번코드>0006</법정동부번코드><법정동시군구코드>11740</법정동시군구코드><법정동읍면동코드>10500</법정동읍면동코드><법정동지번코드>1</법정동지번코드><아파트>예전이룸1차</아파트><월>10</월><일>16</일><일련번호>11740-289</일련번호><전용면적>76.57</전용면적><중개사소재지>서울 강동구</중개사소재지><지번>242-6</지번><지역코드>11740</지역코드><층>6</층><해제사유발생일> </해제사유발생일><해제여부> </해제여부></item><item><거래금액>    90,000</거래금액><거래유형>중개거래</거래유형><건축년도>1994</건축년도><년>2022</년><도로명>천호대로193길</도로명><도로명건물본번호코드>00037</도로명건물본번호코드><도로명건물부번호코드>00000</도로명건물부번호코드><도로명시군구코드>11740</도로명시군구코드><도로명일련번호코드>01</도로명일련번호코드><도로명지상지하코드>0</도로명지상지하코드><도로명코드>4172395</도로명코드><법정동> 길동</법정동><법정동본번코드>0400</법정동본번코드><법정동부번코드>0000</법정동부번코드><법정동시군구코드>11740</법정동시군구코드><법정동읍면동코드>10500</법정동읍면동코드><법정동지번코드>1</법정동지번코드><아파트>길동우성</아파트><월>10</월><일>18</일><일련번호>11740-39</일련번호><전용면적>84.75</전용면적><중개사소재지>서울 강동구</중개사소재지><지번>400</지번><지역코드>11740</지역코드><층>10</층><해제사유발생일> </해제사유발생일><해제여부> </해제여부></item><item><거래금액>    12,700</거래금액><거래유형>직거래</거래유형><건축년도>2012</건축년도><년>2022</년><도로명>천중로42길</도로명><도로명건물본번호코드>00070</도로명건물본번호코드><도로명건물부번호코드>00000</도로명건물부번호코드><도로명시군구코드>11740</도로명시군구코드><도로명일련번호코드>01</도로명일련번호코드><도로명지상지하코드>0</도로명지상지하코드><도로명코드>4172350</도로명코드><법정동> 길동</법정동><법정동본번코드>0387</법정동본번코드><법정동부번코드>0005</법정동부번코드><법정동시군구코드>11740</법정동시군구코드><법정동읍면동코드>10500</법정동읍면동코드><법정동지번코드>1</법정동지번코드><아파트>청광플러스원(큐브1차)</아파트><월>10</월><일>24</일><일련번호>11740-3273</일련번호><전용면적>16.685</전용면적><중개사소재지> </중개사소재지><지번>387-5</지번><지역코드>11740</지역코드><층>9</층><해제사유발생일> </해제사유발생일><해제여부> </해제여부></item><item><거래금액>    65,000</거래금액><거래유형>중개거래</거래유형><건축년도>2005</건축년도><년>2022</년><도로명>천중로44길</도로명><도로명건물본번호코드>00075</도로명건물본번호코드><도로명건물부번호코드>00000</도로명건물부번호코드><도로명시군구코드>11740</도로명시군구코드><도로명일련번호코드>01</도로명일련번호코드><도로명지상지하코드>0</도로명지상지하코드><도로명코드>4172352</도로명코드><법정동> 길동</법정동><법정동본번코드>0389</법정동본번코드><법정동부번코드>0009</법정동부번코드><법정동시군구코드>11740</법정동시군구코드><법정동읍면동코드>10500</법정동읍면동코드><법정동지번코드>1</법정동지번코드><아파트>광남캐스빌(389-9)</아파트><월>10</월><일>25</일><일련번호>11740-423</일련번호><전용면적>68.46</전용면적><중개사소재지>서울 강동구</중개사소재지><지번>389-9</지번><지역코드>11740</지역코드><층>10</층><해제사유발생일> </해제사유발생일><해제여부> </해제여부></item><item><거래금액>    77,000</거래금액><거래유형>중개거래</거래유형><건축년도>2000</건축년도><년>2022</년><도로명>상암로</도로명><도로명건물본번호코드>00011</도로명건물본번호코드><도로명건물부번호코드>00000</도로명건물부번호코드><도로명시군구코드>11740</도로명시군구코드><도로명일련번호코드>03</도로명일련번호코드><도로명지상지하코드>0</도로명지상지하코드><도로명코드>3124003</도로명코드><법정동> 암사동</법정동><법정동본번코드>0509</법정동본번코드><법정동부번코드>0000</법정동부번코드><법정동시군구코드>11740</법정동시군구코드><법정동읍면동코드>10700</법정동읍면동코드><법정동지번코드>1</법정동지번코드><아파트>선사현대아파트</아파트><월>10</월><일>29</일><일련번호>11740-91</일련번호><전용면적>59.64</전용면적><중개사소재지>서울 강동구</중개사소재지><지번>509</지번><지역코드>11740</지역코드><층>21</층><해제사유발생일> </해제사유발생일><해제여부> </해제여부></item><item><거래금액>    50,000</거래금액><거래유형>중개거래</거래유형><건축년도>1999</건축년도><년>2022</년><도로명>강동대로51길</도로명><도로명건물본번호코드>00075</도로명건물본번호코드><도로명건물부번호코드>00000</도로명건물부번호코드><도로명시군구코드>11740</도로명시군구코드><도로명일련번호코드>01</도로명일련번호코드><도로명지상지하코드>0</도로명지상지하코드><도로명코드>4172002</도로명코드><법정동> 성내동</법정동><법정동본번코드>0434</법정동본번코드><법정동부번코드>0004</법정동부번코드><법정동시군구코드>11740</법정동시군구코드><법정동읍면동코드>10800</법정동읍면동코드><법정동지번코드>1</법정동지번코드><아파트>중명</아파트><월>10</월><일>6</일><일련번호>11740-136</일련번호><전용면적>89.4</전용면적><중개사소재지>서울 강동구</중개사소재지><지번>434-4</지번><지역코드>11740</지역코드><층>2</층><해제사유발생일> </해제사유발생일><해제여부> </해제여부></item><item><거래금액>    27,500</거래금액><거래유형>중개거래</거래유형><건축년도>2014</건축년도><년>2022</년><도로명>성내로8길</도로명><도로명건물본번호코드>00022</도로명건물본번호코드><도로명건물부번호코드>00000</도로명건물부번호코드><도로명시군구코드>11740</도로명시군구코드><도로명일련번호코드>01</도로명일련번호코드><도로명지상지하코드>0</도로명지상지하코드><도로명코드>4172174</도로명코드><법정동> 성내동</법정동><법정동본번코드>0551</법정동본번코드><법정동부번코드>0004</법정동부번코드><법정동시군구코드>11740</법정동시군구코드><법정동읍면동코드>10800</법정동읍면동코드><법정동지번코드>1</법정동지번코드><아파트>다성이즈빌</아파트><월>10</월><일>6</일><일련번호>11740-3481</일련번호><전용면적>35.11</전용면적><중개사소재지>서울 강동구</중개사소재지><지번>551-4</지번><지역코드>11740</지역코드><층>4</층><해제사유발생일> </해제사유발생일><해제여부> </해제여부></item><item><거래금액>    13,000</거래금액><거래유형>직거래</거래유형><건축년도>2014</건축년도><년>2022</년><도로명>천호대로176길</도로명><도로명건물본번호코드>00010</도로명건물본번호코드><도로명건물부번호코드>00010</도로명건물부번호코드><도로명시군구코드>11740</도로명시군구코드><도로명일련번호코드>01</도로명일련번호코드><도로명지상지하코드>0</도로명지상지하코드><도로명코드>4172386</도로명코드><법정동> 성내동</법정동><법정동본번코드>0244</법정동본번코드><법정동부번코드>0005</법정동부번코드><법정동시군구코드>11740</법정동시군구코드><법정동읍면동코드>10800</법정동읍면동코드><법정동지번코드>1</법정동지번코드><아파트>한양립스</아파트><월>10</월><일>24</일><일련번호>11740-3505</일련번호><전용면적>12.33</전용면적><중개사소재지> </중개사소재지><지번>244-5</지번><지역코드>11740</지역코드><층>7</층><해제사유발생일>22.10.24</해제사유발생일><해제여부>O</해제여부></item><item><거래금액>    40,000</거래금액><거래유형>중개거래</거래유형><건축년도>2004</건축년도><년>2022</년><도로명>천호대로</도로명><도로명건물본번호코드>01092</도로명건물본번호코드><도로명건물부번호코드>00000</도로명건물부번호코드><도로명시군구코드>11740</도로명시군구코드><도로명일련번호코드>04</도로명일련번호코드><도로명지상지하코드>0</도로명지상지하코드><도로명코드>2000008</도로명코드><법정동> 성내동</법정동><법정동본번코드>0194</법정동본번코드><법정동부번코드>0000</법정동부번코드><법정동시군구코드>11740</법정동시군구코드><법정동읍면동코드>10800</법정동읍면동코드><법정동지번코드>1</법정동지번코드><아파트>에스케이허브진</아파트><월>10</월><일>26</일><일련번호>11740-347</일련번호><전용면적>30.26</전용면적><중개사소재지>서울 강동구</중개사소재지><지번>194</지번><지역코드>11740</지역코드><층>13</층><해제사유발생일> </해제사유발생일><해제여부> </해제여부></item><item><거래금액>    20,500</거래금액><거래유형>중개거래</거래유형><건축년도>2004</건축년도><년>2022</년><도로명>올림픽로70길</도로명><도로명건물본번호코드>00061</도로명건물본번호코드><도로명건물부번호코드>00000</도로명건물부번호코드><도로명시군구코드>11740</도로명시군구코드><도로명일련번호코드>01</도로명일련번호코드><도로명지상지하코드>0</도로명지상지하코드><도로명코드>4172287</도로명코드><법정동> 천호동</법정동><법정동본번코드>0414</법정동본번코드><법정동부번코드>0000</법정동부번코드><법정동시군구코드>11740</법정동시군구코드><법정동읍면동코드>10900</법정동읍면동코드><법정동지번코드>1</법정동지번코드><아파트>두산위브센티움</아파트><월>10</월><일>7</일><일련번호>11740-343</일련번호><전용면적>39.17</전용면적><중개사소재지>서울 강동구</중개사소재지><지번>414</지번><지역코드>11740</지역코드><층>4</층><해제사유발생일> </해제사유발생일><해제여부> </해제여부></item><item><거래금액>    25,400</거래금액><거래유형>중개거래</거래유형><건축년도>2003</건축년도><년>2022</년><도로명>성안로25길</도로명><도로명건물본번호코드>00040</도로명건물본번호코드><도로명건물부번호코드>00000</도로명건물부번호코드><도로명시군구코드>11740</도로명시군구코드><도로명일련번호코드>01</도로명일련번호코드><도로명지상지하코드>0</도로명지상지하코드><도로명코드>4172177</도로명코드><법정동> 천호동</법정동><법정동본번코드>0170</법정동본번코드><법정동부번코드>0002</법정동부번코드><법정동시군구코드>11740</법정동시군구코드><법정동읍면동코드>10900</법정동읍면동코드><법정동지번코드>1</법정동지번코드><아파트>천호네스빌</아파트><월>10</월><일>10</일><일련번호>11740-207</일련번호><전용면적>39.15</전용면적><중개사소재지>서울 강동구</중개사소재지><지번>170-2</지번><지역코드>11740</지역코드><층>3</층><해제사유발생일> </해제사유발생일><해제여부> </해제여부></item><item><거래금액>    49,700</거래금액><거래유형>중개거래</거래유형><건축년도>1991</건축년도><년>2022</년><도로명>구천면로42길</도로명><도로명건물본번호코드>00016</도로명건물본번호코드><도로명건물부번호코드>00000</도로명건물부번호코드><도로명시군구코드>11740</도로명시군구코드><도로명일련번호코드>01</도로명일련번호코드><도로명지상지하코드>0</도로명지상지하코드><도로명코드>4172065</도로명코드><법정동> 천호동</법정동><법정동본번코드>0237</법정동본번코드><법정동부번코드>0000</법정동부번코드><법정동시군구코드>11740</법정동시군구코드><법정동읍면동코드>10900</법정동읍면동코드><법정동지번코드>1</법정동지번코드><아파트>한신아파트</아파트><월>10</월><일>15</일><일련번호>11740-183</일련번호><전용면적>57.84</전용면적><중개사소재지>서울 강동구</중개사소재지><지번>237</지번><지역코드>11740</지역코드><층>11</층><해제사유발생일> </해제사유발생일><해제여부> </해제여부></item><item><거래금액>    64,000</거래금액><거래유형>중개거래</거래유형><건축년도>2005</건축년도><년>2022</년><도로명>천중로35가길</도로명><도로명건물본번호코드>00015</도로명건물본번호코드><도로명건물부번호코드>00000</도로명건물부번호코드><도로명시군구코드>11740</도로명시군구코드><도로명일련번호코드>01</도로명일련번호코드><도로명지상지하코드>0</도로명지상지하코드><도로명코드>4172342</도로명코드><법정동> 천호동</법정동><법정동본번코드>0054</법정동본번코드><법정동부번코드>0013</법정동부번코드><법정동시군구코드>11740</법정동시군구코드><법정동읍면동코드>10900</법정동읍면동코드><법정동지번코드>1</법정동지번코드><아파트>골드하임(101동)</아파트><월>10</월><일>18</일><일련번호>11740-367</일련번호><전용면적>84.97</전용면적><중개사소재지>서울 강동구</중개사소재지><지번>54-13</지번><지역코드>11740</지역코드><층>3</층><해제사유발생일> </해제사유발생일><해제여부> </해제여부></item><item><거래금액>    60,500</거래금액><거래유형>중개거래</거래유형><건축년도>1997</건축년도><년>2022</년><도로명>구천면로</도로명><도로명건물본번호코드>00189</도로명건물본번호코드><도로명건물부번호코드>00000</도로명건물부번호코드><도로명시군구코드>11740</도로명시군구코드><도로명일련번호코드>04</도로명일련번호코드><도로명지상지하코드>0</도로명지상지하코드><도로명코드>3016054</도로명코드><법정동> 천호동</법정동><법정동본번코드>0563</법정동본번코드><법정동부번코드>0000</법정동부번코드><법정동시군구코드>11740</법정동시군구코드><법정동읍면동코드>10900</법정동읍면동코드><법정동지번코드>1</법정동지번코드><아파트>동아코아아파트</아파트><월>10</월><일>26</일><일련번호>11740-169</일련번호><전용면적>57.33</전용면적><중개사소재지>서울 강동구</중개사소재지><지번>563</지번><지역코드>11740</지역코드><층>19</층><해제사유발생일> </해제사유발생일><해제여부> </해제여부></item></items><numOfRows>999</numOfRows><pageNo>1</pageNo><totalCount>33</totalCount></body></response>