<?xml version="1.0" encoding="UTF-8" standalone="yes"?><response><header><resultCode>00</resultCode><resultMsg>NORMAL SERVICE.</resultMsg></header><body><items><item><거래금액>    11,500</거래금액><거래유형>중개거래</거래유형><건축년도>2014</건축년도><년>2022</년><도로명>디지털로12길</도로명><도로명건물본번호코드>00015</도로명건물본번호코드><도로명건물부번호코드>00000</도로명건물부번호코드><도로명시군구코드>11545</도로명시군구코드><도로명일련번호코드>01</도로명일련번호코드><도로명지상지하코드>0</도로명지상지하코드><도로명코드>4151194</도로명코드><법정동> 가산동</법정동><법정동본번코드>0140</법정동본번코드><법정동부번코드>0036</법정동부번코드><법정동시군구코드>11545</법정동시군구코드><법정동읍면동코드>10100</법정동읍면동코드><법정동지번코드>1</법정동지번코드><아파트>비즈트위트바이올렛5차</아파트><월>10</월><일>4</일><일련번호>11545-1957</일련번호><전용면적>12.19</전용면적><중개사소재지>서울 금천구</중개사소재지><지번>140-36</지번><지역코드>11545</지역코드><층>8</층><해제사유발생일> </해제사유발생일><해제여부> </해제여부></item><item><거래금액>    72,000</거래금액><거래유형>중개거래</거래유형><건축년도>2008</건축년도><년>2022</년><도로명>벚꽃로6길</도로명><도로명건물본번호코드>00003</도로명건물본번호코드><도로명건물부번호코드>00000</도로명건물부번호코드><도로명시군구코드>11545</도로명시군구코드><도로명일련번호코드>01</도로명일련번호코드><도로명지상지하코드>0</도로명지상지하코드><도로명코드>4151237</도로명코드><법정동> 독산동</법정동><법정동본번코드>1143</법정동본번코드><법정동부번코드>0000</법정동부번코드><법정동시군구코드>11545</법정동시군구코드><법정동읍면동코드>10200</법정동읍면동코드><법정동지번코드>1</법정동지번코드><아파트>이랜드해가든</아파트><월>10</월><일>7</일><일련번호>11545-1476</일련번호><전용면적>84.935</전용면적><중개사소재지>서울 금천구</중개사소재지><지번>1143</지번><지역코드>11545</지역코드><층>1</층><해제사유발생일> </해제사유발생일><해제여부> </해제여부></item><item><거래금액>    75,000</거래금액><거래유형>중개거래</거래유형><건축년도>2004</건축년도><년>2022</년><도로명>범안로</도로명><도로명건물본번호코드>01136</도로명건물본번호코드><도로명건물부번호코드>00000</도로명건물부번호코드><도로명시군구코드>11545</도로명시군구코드><도로명일련번호코드>02</도로명일련번호코드><도로명지상지하코드>0</도로명지상지하코드><도로명코드>3000027</도로명코드><법정동> 독산동</법정동><법정동본번코드>1140</법정동본번코드><법정동부번코드>0000</법정동부번코드><법정동시군구코드>11545</법정동시군구코드><법정동읍면동코드>10200</법정동읍면동코드><법정동지번코드>1</법정동지번코드><아파트>독산동중앙하이츠빌</아파트><월>10</월><일>8</일><일련번호>11545-108</일련번호><전용면적>84.8768</전용면적><중개사소재지>서울 금천구</중개사소재지><지번>1140</지번><지역코드>11545</지역코드><층>18</층><해제사유발생일> </해제사유발생일><해제여부> </해제여부></item><item><거래금액>    46,500</거래금액><거래유형>중개거래</거래유형><건축년도>2004</건축년도><년>2022</년><도로명>문성로3길</도로명><도로명건물본번호코드>00047</도로명건물본번호코드><도로명건물부번호코드>00000</도로명건물부번호코드><도로명시군구코드>11545</도로명시군구코드><도로명일련번호코드>01</도로명일련번호코드><도로명지상지하코드>0</도로명지상지하코드><도로명코드>4151199</도로명코드><법정동> 독산동</법정동><법정동본번코드>0883</법정동본번코드><법정동부번코드>0010</법정동부번코드><법정동시군구코드>11545</법정동시군구코드><법정동읍면동코드>10200</법정동읍면동코드><법정동지번코드>1</법정동지번코드><아파트>동은4차</아파트><월>10</월><일>12</일><일련번호>11545-152</일련번호><전용면적>85.58</전용면적><중개사소재지>서울 관악구</중개사소재지><지번>883-10</지번><지역코드>11545</지역코드><층>3</층><해제사유발생일> </해제사유발생일><해제여부> </해제여부></item><item><거래금액>    40,000</거래금액><거래유형>직거래</거래유형><건축년도>2006</건축년도><년>2022</년><도로명>남부순환로120길</도로명><도로명건물본번호코드>00023</도로명건물본번호코드><도로명건물부번호코드>00000</도로명건물부번호코드><도로명시군구코드>11545</도로명시군구코드><도로명일련번호코드>01</도로명일련번호코드><도로명지상지하코드>0</도로명지상지하코드><도로명코드>4151040</도로명코드><법정동> 독산동</법정동><법정동본번코드>0957</법정동본번코드><법정동부번코드>0000</법정동부번코드><법정동시군구코드>11545</법정동시군구코드><법정동읍면동코드>10200</법정동읍면동코드><법정동지번코드>1</법정동지번코드><아파트>푸른터</아파트><월>10</월><일>24</일><일련번호>11545-1435</일련번호><전용면적>81.56</전용면적><중개사소재지> </중개사소재지><지번>957</지번><지역코드>11545</지역코드><층>7</층><해제사유발생일> </해제사유발생일><해제여부> </해제여부></item><item><거래금액>    49,000</거래금액><거래유형>직거래</거래유형><건축년도>2002</건축년도><년>2022</년><도로명>벚꽃로</도로명><도로명건물본번호코드>00073</도로명건물본번호코드><도로명건물부번호코드>00000</도로명건물부번호코드><도로명시군구코드>11545</도로명시군구코드><도로명일련번호코드>02</도로명일련번호코드><도로명지상지하코드>0</도로명지상지하코드><도로명코드>3116013</도로명코드><법정동> 독산동</법정동><법정동본번코드>0711</법정동본번코드><법정동부번코드>0002</법정동부번코드><법정동시군구코드>11545</법정동시군구코드><법정동읍면동코드>10200</법정동읍면동코드><법정동지번코드>1</법정동지번코드><아파트>금천현대</아파트><월>10</월><일>28</일><일련번호>11545-23</일련번호><전용면적>84.83</전용면적><중개사소재지> </중개사소재지><지번>711-2</지번><지역코드>11545</지역코드><층>15</층><해제사유발생일> </해제사유발생일><해제여부> </해제여부></item><item><거래금액>    65,000</거래금액><거래유형>중개거래</거래유형><건축년도>2014</건축년도><년>2022</년><도로명>시흥대로</도로명><도로명건물본번호코드>00165</도로명건물본번호코드><도로명건물부번호코드>00000</도로명건물부번호코드><도로명시군구코드>11545</도로명시군구코드><도로명일련번호코드>02</도로명일련번호코드><도로명지상지하코드>0</도로명지상지하코드><도로명코드>2005010</도로명코드><법정동> 시흥동</법정동><법정동본번코드>1026</법정동본번코드><법정동부번코드>0000</법정동부번코드><법정동시군구코드>11545</법정동시군구코드><법정동읍면동코드>10300</법정동읍면동코드><법정동지번코드>1</법정동지번코드><아파트>남서울힐스테이트</아파트><월>10</월><일>5</일><일련번호>11545-1642</일련번호><전용면적>59.817</전용면적><중개사소재지>서울 금천구</중개사소재지><지번>1026</지번><지역코드>11545</지역코드><층>5</층><해제사유발생일> </해제사유발생일><해제여부> </해제여부></item><item><거래금액>    64,500</거래금액><거래유형>중개거래</거래유형><건축년도>1986</건축년도><년>2022</년><도로명>시흥대로51길</도로명><도로명건물본번호코드>00055</도로명건물본번호코드><도로명건물부번호코드>00000</도로명건물부번호코드><도로명시군구코드>11545</도로명시군구코드><도로명일련번호코드>01</도로명일련번호코드><도로명지상지하코드>0</도로명지상지하코드><도로명코드>4151316</도로명코드><법정동> 시흥동</법정동><법정동본번코드>0173</법정동본번코드><법정동부번코드>0008</법정동부번코드><법정동시군구코드>11545</법정동시군구코드><법정동읍면동코드>10300</법정동읍면동코드><법정동지번코드>2</법정동지번코드><아파트>성지</아파트><월>10</월><일>6</일><일련번호>11545-44</일련번호><전용면적>79.42</전용면적><중개사소재지>서울 금천구</중개사소재지><지번>산173-8</지번><지역코드>11545</지역코드><층>12</층><해제사유발생일>22.12.24</해제사유발생일><해제여부>O</해제여부></item><item><거래금액>    49,700</거래금액><거래유형>중개거래</거래유형><건축년도>2002</건축년도><년>2022</년><도로명>금하로</도로명><도로명건물본번호코드>00750</도로명건물본번호코드><도로명건물부번호코드>00000</도로명건물부번호코드><도로명시군구코드>11545</도로명시군구코드><도로명일련번호코드>01</도로명일련번호코드><도로명지상지하코드>0</도로명지상지하코드><도로명코드>3000024</도로명코드><법정동> 시흥동</법정동><법정동본번코드>1011</법정동본번코드><법정동부번코드>0000</법정동부번코드><법정동시군구코드>11545</법정동시군구코드><법정동읍면동코드>10300</법정동읍면동코드><법정동지번코드>1</법정동지번코드><아파트>우방</아파트><월>10</월><일>7</일><일련번호>11545-63</일련번호><전용면적>59.91</전용면적><중개사소재지>서울 금천구</중개사소재지><지번>1011</지번><지역코드>11545</지역코드><층>22</층><해제사유발생일> </해제사유발생일><해제여부> </해제여부></item><item><거래금액>    70,000</거래금액><거래유형>중개거래</거래유형><건축년도>1981</건축년도><년>2022</년><도로명>시흥대로47길</도로명><도로명건물본번호코드>00043</도로명건물본번호코드><도로명건물부번호코드>00000</도로명건물부번호코드><도로명시군구코드>11545</도로명시군구코드><도로명일련번호코드>01</도로명일련번호코드><도로명지상지하코드>0</도로명지상지하코드><도로명코드>4151312</도로명코드><법정동> 시흥동</법정동><법정동본번코드>1002</법정동본번코드><법정동부번코드>0001</법정동부번코드><법정동시군구코드>11545</법정동시군구코드><법정동읍면동코드>10300</법정동읍면동코드><법정동지번코드>1</법정동지번코드><아파트>럭키남서울아파트</아파트><월>10</월><일>25</일><일련번호>11545-36</일련번호><전용면적>49.75</전용면적><중개사소재지>서울 금천구</중개사소재지><지번>1002-1</지번><지역코드>11545</지역코드><층>10</층><해제사유발생일> </해제사유발생일><해제여부> </해제여부></item></items><numOfRows>999</numOfRows><pageNo>1</pageNo><totalCount>10</totalCount></body></response>