<?xml version="1.0" encoding="UTF-8" standalone="yes"?><response><header><resultCode>00</resultCode><resultMsg>NORMAL SERVICE.</resultMsg></header><body><items><item><거래금액>    95,000</거래금액><거래유형>중개거래</거래유형><건축년도>1998</건축년도><년>2023</년><도로명>가산로</도로명><도로명건물본번호코드>00099</도로명건물본번호코드><도로명건물부번호코드>00000</도로명건물부번호코드><도로명시군구코드>11545</도로명시군구코드><도로명일련번호코드>01</도로명일련번호코드><도로명지상지하코드>0</도로명지상지하코드><도로명코드>3117003</도로명코드><법정동> 가산동</법정동><법정동본번코드>0769</법정동본번코드><법정동부번코드>0000</법정동부번코드><법정동시군구코드>11545</법정동시군구코드><법정동읍면동코드>10100</법정동읍면동코드><법정동지번코드>1</법정동지번코드><아파트>두산</아파트><월>1</월><일>13</일><일련번호>11545-2</일련번호><전용면적>134.95</전용면적><중개사소재지>서울 금천구</중개사소재지><지번>769</지번><지역코드>11545</지역코드><층>24</층><해제사유발생일> </해제사유발생일><해제여부> </해제여부></item><item><거래금액>    41,000</거래금액><거래유형>중개거래</거래유형><건축년도>2020</건축년도><년>2023</년><도로명>독산로85길</도로명><도로명건물본번호코드>00036</도로명건물본번호코드><도로명건물부번호코드>00000</도로명건물부번호코드><도로명시군구코드>11545</도로명시군구코드><도로명일련번호코드>00</도로명일련번호코드><도로명지상지하코드>0</도로명지상지하코드><도로명코드>4151165</도로명코드><법정동> 독산동</법정동><법정동본번코드>0989</법정동본번코드><법정동부번코드>0000</법정동부번코드><법정동시군구코드>11545</법정동시군구코드><법정동읍면동코드>10200</법정동읍면동코드><법정동지번코드>1</법정동지번코드><아파트>독산오르페움타워</아파트><월>1</월><일>8</일><일련번호>11545-2652</일련번호><전용면적>40.074</전용면적><중개사소재지>인천 남동구</중개사소재지><지번>989</지번><지역코드>11545</지역코드><층>6</층><해제사유발생일>23.03.03</해제사유발생일><해제여부>O</해제여부></item><item><거래금액>    50,000</거래금액><거래유형>중개거래</거래유형><건축년도>1998</건축년도><년>2023</년><도로명>범안로15길</도로명><도로명건물본번호코드>00007</도로명건물본번호코드><도로명건물부번호코드>00000</도로명건물부번호코드><도로명시군구코드>11545</도로명시군구코드><도로명일련번호코드>01</도로명일련번호코드><도로명지상지하코드>0</도로명지상지하코드><도로명코드>4151209</도로명코드><법정동> 독산동</법정동><법정동본번코드>0332</법정동본번코드><법정동부번코드>0014</법정동부번코드><법정동시군구코드>11545</법정동시군구코드><법정동읍면동코드>10200</법정동읍면동코드><법정동지번코드>1</법정동지번코드><아파트>계룡아파트</아파트><월>1</월><일>17</일><일련번호>11545-5</일련번호><전용면적>59.34</전용면적><중개사소재지>서울 금천구</중개사소재지><지번>332-14</지번><지역코드>11545</지역코드><층>19</층><해제사유발생일> </해제사유발생일><해제여부> </해제여부></item><item><거래금액>    49,500</거래금액><거래유형>중개거래</거래유형><건축년도>2002</건축년도><년>2023</년><도로명>벚꽃로</도로명><도로명건물본번호코드>00073</도로명건물본번호코드><도로명건물부번호코드>00000</도로명건물부번호코드><도로명시군구코드>11545</도로명시군구코드><도로명일련번호코드>02</도로명일련번호코드><도로명지상지하코드>0</도로명지상지하코드><도로명코드>3116013</도로명코드><법정동> 독산동</법정동><법정동본번코드>0711</법정동본번코드><법정동부번코드>0002</법정동부번코드><법정동시군구코드>11545</법정동시군구코드><법정동읍면동코드>10200</법정동읍면동코드><법정동지번코드>1</법정동지번코드><아파트>금천현대</아파트><월>1</월><일>19</일><일련번호>11545-23</일련번호><전용면적>59.82</전용면적><중개사소재지>서울 강남구, 서울 금천구</중개사소재지><지번>711-2</지번><지역코드>11545</지역코드><층>1</층><해제사유발생일> </해제사유발생일><해제여부> </해제여부></item><item><거래금액>   100,000</거래금액><거래유형>중개거래</거래유형><건축년도>2016</건축년도><년>2023</년><도로명>벚꽃로</도로명><도로명건물본번호코드>00040</도로명건물본번호코드><도로명건물부번호코드>00000</도로명건물부번호코드><도로명시군구코드>11545</도로명시군구코드><도로명일련번호코드>00</도로명일련번호코드><도로명코드>3116013</도로명코드><법정동> 독산동</법정동><법정동본번코드>1147</법정동본번코드><법정동부번코드>0000</법정동부번코드><법정동시군구코드>11545</법정동시군구코드><법정동읍면동코드>10200</법정동읍면동코드><법정동지번코드>1</법정동지번코드><아파트>금천롯데캐슬골드파크1차</아파트><월>1</월><일>20</일><일련번호>11545-2262</일련번호><전용면적>84.8114</전용면적><중개사소재지>경기 광명시, 서울 금천구</중개사소재지><지번>1147</지번><지역코드>11545</지역코드><층>16</층><해제사유발생일> </해제사유발생일><해제여부> </해제여부></item><item><거래금액>    47,500</거래금액><거래유형>중개거래</거래유형><건축년도>1999</건축년도><년>2023</년><도로명>범안로17길</도로명><도로명건물본번호코드>00041</도로명건물본번호코드><도로명건물부번호코드>00000</도로명건물부번호코드><도로명시군구코드>11545</도로명시군구코드><도로명일련번호코드>01</도로명일련번호코드><도로명지상지하코드>0</도로명지상지하코드><도로명코드>4151211</도로명코드><법정동> 독산동</법정동><법정동본번코드>1136</법정동본번코드><법정동부번코드>0000</법정동부번코드><법정동시군구코드>11545</법정동시군구코드><법정동읍면동코드>10200</법정동읍면동코드><법정동지번코드>1</법정동지번코드><아파트>진도3차아파트</아파트><월>1</월><일>25</일><일련번호>11545-21</일련번호><전용면적>59.34</전용면적><중개사소재지>서울 금천구</중개사소재지><지번>1136</지번><지역코드>11545</지역코드><층>16</층><해제사유발생일> </해제사유발생일><해제여부> </해제여부></item><item><거래금액>    97,000</거래금액><거래유형>중개거래</거래유형><건축년도>2016</건축년도><년>2023</년><도로명>벚꽃로</도로명><도로명건물본번호코드>00040</도로명건물본번호코드><도로명건물부번호코드>00000</도로명건물부번호코드><도로명시군구코드>11545</도로명시군구코드><도로명일련번호코드>00</도로명일련번호코드><도로명코드>3116013</도로명코드><법정동> 독산동</법정동><법정동본번코드>1147</법정동본번코드><법정동부번코드>0000</법정동부번코드><법정동시군구코드>11545</법정동시군구코드><법정동읍면동코드>10200</법정동읍면동코드><법정동지번코드>1</법정동지번코드><아파트>금천롯데캐슬골드파크1차</아파트><월>1</월><일>27</일><일련번호>11545-2262</일련번호><전용면적>84.4623</전용면적><중개사소재지>서울 금천구</중개사소재지><지번>1147</지번><지역코드>11545</지역코드><층>24</층><해제사유발생일> </해제사유발생일><해제여부> </해제여부></item><item><거래금액>    75,000</거래금액><거래유형>중개거래</거래유형><건축년도>2018</건축년도><년>2023</년><도로명>시흥대로</도로명><도로명건물본번호코드>00291</도로명건물본번호코드><도로명건물부번호코드>00000</도로명건물부번호코드><도로명시군구코드>11545</도로명시군구코드><도로명일련번호코드>00</도로명일련번호코드><도로명코드>2005010</도로명코드><법정동> 독산동</법정동><법정동본번코드>1155</법정동본번코드><법정동부번코드>0000</법정동부번코드><법정동시군구코드>11545</법정동시군구코드><법정동읍면동코드>10200</법정동읍면동코드><법정동지번코드>1</법정동지번코드><아파트>금천롯데캐슬골드파크3차</아파트><월>1</월><일>30</일><일련번호>11545-2479</일련번호><전용면적>59.9662</전용면적><중개사소재지>서울 금천구</중개사소재지><지번>1155</지번><지역코드>11545</지역코드><층>13</층><해제사유발생일> </해제사유발생일><해제여부> </해제여부></item><item><거래금액>    59,000</거래금액><거래유형>중개거래</거래유형><건축년도>2002</건축년도><년>2023</년><도로명>금하로</도로명><도로명건물본번호코드>00750</도로명건물본번호코드><도로명건물부번호코드>00000</도로명건물부번호코드><도로명시군구코드>11545</도로명시군구코드><도로명일련번호코드>01</도로명일련번호코드><도로명지상지하코드>0</도로명지상지하코드><도로명코드>3000024</도로명코드><법정동> 시흥동</법정동><법정동본번코드>1011</법정동본번코드><법정동부번코드>0000</법정동부번코드><법정동시군구코드>11545</법정동시군구코드><법정동읍면동코드>10300</법정동읍면동코드><법정동지번코드>1</법정동지번코드><아파트>우방</아파트><월>1</월><일>3</일><일련번호>11545-63</일련번호><전용면적>84.84</전용면적><중개사소재지>서울 금천구, 서울 영등포구</중개사소재지><지번>1011</지번><지역코드>11545</지역코드><층>11</층><해제사유발생일> </해제사유발생일><해제여부> </해제여부></item><item><거래금액>    59,000</거래금액><거래유형>중개거래</거래유형><건축년도>2002</건축년도><년>2023</년><도로명>금하로</도로명><도로명건물본번호코드>00750</도로명건물본번호코드><도로명건물부번호코드>00000</도로명건물부번호코드><도로명시군구코드>11545</도로명시군구코드><도로명일련번호코드>01</도로명일련번호코드><도로명지상지하코드>0</도로명지상지하코드><도로명코드>3000024</도로명코드><법정동> 시흥동</법정동><법정동본번코드>1011</법정동본번코드><법정동부번코드>0000</법정동부번코드><법정동시군구코드>11545</법정동시군구코드><법정동읍면동코드>10300</법정동읍면동코드><법정동지번코드>1</법정동지번코드><아파트>우방</아파트><월>1</월><일>3</일><일련번호>11545-63</일련번호><전용면적>84.84</전용면적><중개사소재지>서울 금천구, 서울 영등포구</중개사소재지><지번>1011</지번><지역코드>11545</지역코드><층>11</층><해제사유발생일>23.01.19</해제사유발생일><해제여부>O</해제여부></item><item><거래금액>    80,000</거래금액><거래유형>중개거래</거래유형><건축년도>2014</건축년도><년>2023</년><도로명>시흥대로</도로명><도로명건물본번호코드>00165</도로명건물본번호코드><도로명건물부번호코드>00000</도로명건물부번호코드><도로명시군구코드>11545</도로명시군구코드><도로명일련번호코드>02</도로명일련번호코드><도로명지상지하코드>0</도로명지상지하코드><도로명코드>2005010</도로명코드><법정동> 시흥동</법정동><법정동본번코드>1026</법정동본번코드><법정동부번코드>0000</법정동부번코드><법정동시군구코드>11545</법정동시군구코드><법정동읍면동코드>10300</법정동읍면동코드><법정동지번코드>1</법정동지번코드><아파트>남서울힐스테이트</아파트><월>1</월><일>7</일><일련번호>11545-1642</일련번호><전용면적>84.786</전용면적><중개사소재지>서울 금천구</중개사소재지><지번>1026</지번><지역코드>11545</지역코드><층>22</층><해제사유발생일> </해제사유발생일><해제여부> </해제여부></item><item><거래금액>    65,000</거래금액><거래유형>직거래</거래유형><건축년도>2004</건축년도><년>2023</년><도로명>시흥대로77길</도로명><도로명건물본번호코드>00023</도로명건물본번호코드><도로명건물부번호코드>00000</도로명건물부번호코드><도로명시군구코드>11545</도로명시군구코드><도로명일련번호코드>01</도로명일련번호코드><도로명지상지하코드>0</도로명지상지하코드><도로명코드>4151341</도로명코드><법정동> 시흥동</법정동><법정동본번코드>1015</법정동본번코드><법정동부번코드>0000</법정동부번코드><법정동시군구코드>11545</법정동시군구코드><법정동읍면동코드>10300</법정동읍면동코드><법정동지번코드>1</법정동지번코드><아파트>시흥베르빌</아파트><월>1</월><일>11</일><일련번호>11545-112</일련번호><전용면적>84.94</전용면적><중개사소재지> </중개사소재지><지번>1015</지번><지역코드>11545</지역코드><층>11</층><해제사유발생일> </해제사유발생일><해제여부> </해제여부></item><item><거래금액>    53,500</거래금액><거래유형>중개거래</거래유형><건축년도>2000</건축년도><년>2023</년><도로명>금하로</도로명><도로명건물본번호코드>00793</도로명건물본번호코드><도로명건물부번호코드>00000</도로명건물부번호코드><도로명시군구코드>11545</도로명시군구코드><도로명일련번호코드>01</도로명일련번호코드><도로명지상지하코드>0</도로명지상지하코드><도로명코드>3000024</도로명코드><법정동> 시흥동</법정동><법정동본번코드>1010</법정동본번코드><법정동부번코드>0000</법정동부번코드><법정동시군구코드>11545</법정동시군구코드><법정동읍면동코드>10300</법정동읍면동코드><법정동지번코드>1</법정동지번코드><아파트>벽산</아파트><월>1</월><일>12</일><일련번호>11545-39</일련번호><전용면적>114.84</전용면적><중개사소재지>서울 금천구</중개사소재지><지번>1010</지번><지역코드>11545</지역코드><층>13</층><해제사유발생일> </해제사유발생일><해제여부> </해제여부></item><item><거래금액>    61,000</거래금액><거래유형>중개거래</거래유형><건축년도>1981</건축년도><년>2023</년><도로명>시흥대로47길</도로명><도로명건물본번호코드>00043</도로명건물본번호코드><도로명건물부번호코드>00000</도로명건물부번호코드><도로명시군구코드>11545</도로명시군구코드><도로명일련번호코드>01</도로명일련번호코드><도로명지상지하코드>0</도로명지상지하코드><도로명코드>4151312</도로명코드><법정동> 시흥동</법정동><법정동본번코드>1002</법정동본번코드><법정동부번코드>0001</법정동부번코드><법정동시군구코드>11545</법정동시군구코드><법정동읍면동코드>10300</법정동읍면동코드><법정동지번코드>1</법정동지번코드><아파트>럭키남서울아파트</아파트><월>1</월><일>13</일><일련번호>11545-36</일련번호><전용면적>49.75</전용면적><중개사소재지>경기 광주시, 서울 금천구</중개사소재지><지번>1002-1</지번><지역코드>11545</지역코드><층>6</층><해제사유발생일> </해제사유발생일><해제여부> </해제여부></item><item><거래금액>    53,000</거래금액><거래유형>중개거래</거래유형><건축년도>2004</건축년도><년>2023</년><도로명>금하로</도로명><도로명건물본번호코드>00816</도로명건물본번호코드><도로명건물부번호코드>00000</도로명건물부번호코드><도로명시군구코드>11545</도로명시군구코드><도로명일련번호코드>01</도로명일련번호코드><도로명지상지하코드>0</도로명지상지하코드><도로명코드>3000024</도로명코드><법정동> 시흥동</법정동><법정동본번코드>1013</법정동본번코드><법정동부번코드>0000</법정동부번코드><법정동시군구코드>11545</법정동시군구코드><법정동읍면동코드>10300</법정동읍면동코드><법정동지번코드>1</법정동지번코드><아파트>관악산벽산타운5</아파트><월>1</월><일>16</일><일련번호>11545-55</일련번호><전용면적>84.97</전용면적><중개사소재지>서울 금천구</중개사소재지><지번>1013</지번><지역코드>11545</지역코드><층>20</층><해제사유발생일> </해제사유발생일><해제여부> </해제여부></item></items><numOfRows>999</numOfRows><pageNo>1</pageNo><totalCount>15</totalCount></body></response>