<?xml version="1.0" encoding="UTF-8" standalone="yes"?><response><header><resultCode>00</resultCode><resultMsg>NORMAL SERVICE.</resultMsg></header><body><items><item><거래금액>   165,000</거래금액><거래유형>중개거래</거래유형><건축년도>2003</건축년도><년>2022</년><도로명>경인로65길</도로명><도로명건물본번호코드>00016</도로명건물본번호코드><도로명건물부번호코드>00015</도로명건물부번호코드><도로명시군구코드>11530</도로명시군구코드><도로명일련번호코드>01</도로명일련번호코드><도로명지상지하코드>0</도로명지상지하코드><도로명코드>4148117</도로명코드><법정동> 신도림동</법정동><법정동본번코드>0646</법정동본번코드><법정동부번코드>0000</법정동부번코드><법정동시군구코드>11530</법정동시군구코드><법정동읍면동코드>10100</법정동읍면동코드><법정동지번코드>1</법정동지번코드><아파트>대림e-편한세상4</아파트><월>10</월><일>18</일><일련번호>11530-163</일련번호><전용면적>117.74</전용면적><중개사소재지>서울 구로구</중개사소재지><지번>646</지번><지역코드>11530</지역코드><층>19</층><해제사유발생일> </해제사유발생일><해제여부> </해제여부></item><item><거래금액>    77,900</거래금액><거래유형>중개거래</거래유형><건축년도>1999</건축년도><년>2022</년><도로명>신도림로</도로명><도로명건물본번호코드>00016</도로명건물본번호코드><도로명건물부번호코드>00000</도로명건물부번호코드><도로명시군구코드>11530</도로명시군구코드><도로명일련번호코드>01</도로명일련번호코드><도로명지상지하코드>0</도로명지상지하코드><도로명코드>3116008</도로명코드><법정동> 신도림동</법정동><법정동본번코드>0642</법정동본번코드><법정동부번코드>0000</법정동부번코드><법정동시군구코드>11530</법정동시군구코드><법정동읍면동코드>10100</법정동읍면동코드><법정동지번코드>1</법정동지번코드><아파트>대림1</아파트><월>10</월><일>24</일><일련번호>11530-127</일련번호><전용면적>59.9</전용면적><중개사소재지>서울 구로구</중개사소재지><지번>642</지번><지역코드>11530</지역코드><층>14</층><해제사유발생일> </해제사유발생일><해제여부> </해제여부></item><item><거래금액>    44,500</거래금액><거래유형>중개거래</거래유형><건축년도>1998</건축년도><년>2022</년><도로명>도림로</도로명><도로명건물본번호코드>00059</도로명건물본번호코드><도로명건물부번호코드>00000</도로명건물부번호코드><도로명시군구코드>11530</도로명시군구코드><도로명일련번호코드>01</도로명일련번호코드><도로명지상지하코드>0</도로명지상지하코드><도로명코드>3116010</도로명코드><법정동> 구로동</법정동><법정동본번코드>1265</법정동본번코드><법정동부번코드>0000</법정동부번코드><법정동시군구코드>11530</법정동시군구코드><법정동읍면동코드>10200</법정동읍면동코드><법정동지번코드>1</법정동지번코드><아파트>구로두산</아파트><월>10</월><일>2</일><일련번호>11530-9</일련번호><전용면적>44.64</전용면적><중개사소재지>서울 구로구</중개사소재지><지번>1265</지번><지역코드>11530</지역코드><층>14</층><해제사유발생일> </해제사유발생일><해제여부> </해제여부></item><item><거래금액>    44,000</거래금액><거래유형>중개거래</거래유형><건축년도>1998</건축년도><년>2022</년><도로명>도림로</도로명><도로명건물본번호코드>00059</도로명건물본번호코드><도로명건물부번호코드>00000</도로명건물부번호코드><도로명시군구코드>11530</도로명시군구코드><도로명일련번호코드>01</도로명일련번호코드><도로명지상지하코드>0</도로명지상지하코드><도로명코드>3116010</도로명코드><법정동> 구로동</법정동><법정동본번코드>1265</법정동본번코드><법정동부번코드>0000</법정동부번코드><법정동시군구코드>11530</법정동시군구코드><법정동읍면동코드>10200</법정동읍면동코드><법정동지번코드>1</법정동지번코드><아파트>구로두산</아파트><월>10</월><일>3</일><일련번호>11530-9</일련번호><전용면적>44.64</전용면적><중개사소재지>서울 구로구</중개사소재지><지번>1265</지번><지역코드>11530</지역코드><층>7</층><해제사유발생일> </해제사유발생일><해제여부> </해제여부></item><item><거래금액>    31,000</거래금액><거래유형>중개거래</거래유형><건축년도>1996</건축년도><년>2022</년><도로명>구로동로20길</도로명><도로명건물본번호코드>00068</도로명건물본번호코드><도로명건물부번호코드>00002</도로명건물부번호코드><도로명시군구코드>11530</도로명시군구코드><도로명일련번호코드>00</도로명일련번호코드><도로명코드>4148207</도로명코드><법정동> 구로동</법정동><법정동본번코드>0771</법정동본번코드><법정동부번코드>0002</법정동부번코드><법정동시군구코드>11530</법정동시군구코드><법정동읍면동코드>10200</법정동읍면동코드><법정동지번코드>1</법정동지번코드><아파트>(771-2)</아파트><월>10</월><일>3</일><일련번호>11530-476</일련번호><전용면적>48.14</전용면적><중개사소재지>서울 구로구</중개사소재지><지번>771-2</지번><지역코드>11530</지역코드><층>5</층><해제사유발생일> </해제사유발생일><해제여부> </해제여부></item><item><거래금액>    95,000</거래금액><거래유형>중개거래</거래유형><건축년도>1994</건축년도><년>2022</년><도로명>새말로9길</도로명><도로명건물본번호코드>00045</도로명건물본번호코드><도로명건물부번호코드>00000</도로명건물부번호코드><도로명시군구코드>11530</도로명시군구코드><도로명일련번호코드>01</도로명일련번호코드><도로명지상지하코드>0</도로명지상지하코드><도로명코드>4148375</도로명코드><법정동> 구로동</법정동><법정동본번코드>0560</법정동본번코드><법정동부번코드>0000</법정동부번코드><법정동시군구코드>11530</법정동시군구코드><법정동읍면동코드>10200</법정동읍면동코드><법정동지번코드>1</법정동지번코드><아파트>신도림현대</아파트><월>10</월><일>5</일><일련번호>11530-18</일련번호><전용면적>80.01</전용면적><중개사소재지>서울 구로구</중개사소재지><지번>560</지번><지역코드>11530</지역코드><층>15</층><해제사유발생일> </해제사유발생일><해제여부> </해제여부></item><item><거래금액>    57,000</거래금액><거래유형>중개거래</거래유형><건축년도>2009</건축년도><년>2022</년><도로명>가마산로</도로명><도로명건물본번호코드>00286</도로명건물본번호코드><도로명건물부번호코드>00000</도로명건물부번호코드><도로명시군구코드>11530</도로명시군구코드><도로명일련번호코드>01</도로명일련번호코드><도로명지상지하코드>0</도로명지상지하코드><도로명코드>3000023</도로명코드><법정동> 구로동</법정동><법정동본번코드>0097</법정동본번코드><법정동부번코드>0005</법정동부번코드><법정동시군구코드>11530</법정동시군구코드><법정동읍면동코드>10200</법정동읍면동코드><법정동지번코드>1</법정동지번코드><아파트>SR친오애</아파트><월>10</월><일>6</일><일련번호>11530-3397</일련번호><전용면적>84.973</전용면적><중개사소재지>서울 구로구</중개사소재지><지번>97-5</지번><지역코드>11530</지역코드><층>9</층><해제사유발생일> </해제사유발생일><해제여부> </해제여부></item><item><거래금액>    30,500</거래금액><거래유형>중개거래</거래유형><건축년도>1996</건축년도><년>2022</년><도로명>도림로14길</도로명><도로명건물본번호코드>00011</도로명건물본번호코드><도로명건물부번호코드>00000</도로명건물부번호코드><도로명시군구코드>11530</도로명시군구코드><도로명일련번호코드>01</도로명일련번호코드><도로명지상지하코드>0</도로명지상지하코드><도로명코드>4148305</도로명코드><법정동> 구로동</법정동><법정동본번코드>0779</법정동본번코드><법정동부번코드>0024</법정동부번코드><법정동시군구코드>11530</법정동시군구코드><법정동읍면동코드>10200</법정동읍면동코드><법정동지번코드>1</법정동지번코드><아파트>대신빌라</아파트><월>10</월><일>7</일><일련번호>11530-486</일련번호><전용면적>57.3</전용면적><중개사소재지>서울 구로구</중개사소재지><지번>779-24</지번><지역코드>11530</지역코드><층>2</층><해제사유발생일> </해제사유발생일><해제여부> </해제여부></item><item><거래금액>    11,500</거래금액><거래유형>중개거래</거래유형><건축년도>2014</건축년도><년>2022</년><도로명>가마산로26길</도로명><도로명건물본번호코드>00005</도로명건물본번호코드><도로명건물부번호코드>00000</도로명건물부번호코드><도로명시군구코드>11530</도로명시군구코드><도로명일련번호코드>01</도로명일련번호코드><도로명지상지하코드>0</도로명지상지하코드><도로명코드>4148017</도로명코드><법정동> 구로동</법정동><법정동본번코드>0097</법정동본번코드><법정동부번코드>0000</법정동부번코드><법정동시군구코드>11530</법정동시군구코드><법정동읍면동코드>10200</법정동읍면동코드><법정동지번코드>1</법정동지번코드><아파트>로제리움2차</아파트><월>10</월><일>8</일><일련번호>11530-3762</일련번호><전용면적>14.04</전용면적><중개사소재지>서울 구로구</중개사소재지><지번>97</지번><지역코드>11530</지역코드><층>17</층><해제사유발생일> </해제사유발생일><해제여부> </해제여부></item><item><거래금액>    13,600</거래금액><거래유형>중개거래</거래유형><건축년도>2011</건축년도><년>2022</년><도로명>가마산로</도로명><도로명건물본번호코드>00284</도로명건물본번호코드><도로명건물부번호코드>00000</도로명건물부번호코드><도로명시군구코드>11530</도로명시군구코드><도로명일련번호코드>01</도로명일련번호코드><도로명지상지하코드>0</도로명지상지하코드><도로명코드>3000023</도로명코드><법정동> 구로동</법정동><법정동본번코드>0097</법정동본번코드><법정동부번코드>0004</법정동부번코드><법정동시군구코드>11530</법정동시군구코드><법정동읍면동코드>10200</법정동읍면동코드><법정동지번코드>1</법정동지번코드><아파트>하나세인스톤2차</아파트><월>10</월><일>11</일><일련번호>11530-3536</일련번호><전용면적>19.33</전용면적><중개사소재지>서울 구로구</중개사소재지><지번>97-4</지번><지역코드>11530</지역코드><층>12</층><해제사유발생일> </해제사유발생일><해제여부> </해제여부></item><item><거래금액>    11,500</거래금액><거래유형>중개거래</거래유형><건축년도>2014</건축년도><년>2022</년><도로명>가마산로26길</도로명><도로명건물본번호코드>00005</도로명건물본번호코드><도로명건물부번호코드>00000</도로명건물부번호코드><도로명시군구코드>11530</도로명시군구코드><도로명일련번호코드>01</도로명일련번호코드><도로명지상지하코드>0</도로명지상지하코드><도로명코드>4148017</도로명코드><법정동> 구로동</법정동><법정동본번코드>0097</법정동본번코드><법정동부번코드>0000</법정동부번코드><법정동시군구코드>11530</법정동시군구코드><법정동읍면동코드>10200</법정동읍면동코드><법정동지번코드>1</법정동지번코드><아파트>로제리움2차</아파트><월>10</월><일>11</일><일련번호>11530-3762</일련번호><전용면적>14.04</전용면적><중개사소재지>서울 구로구</중개사소재지><지번>97</지번><지역코드>11530</지역코드><층>15</층><해제사유발생일> </해제사유발생일><해제여부> </해제여부></item><item><거래금액>    11,300</거래금액><거래유형>중개거래</거래유형><건축년도>2014</건축년도><년>2022</년><도로명>가마산로26길</도로명><도로명건물본번호코드>00005</도로명건물본번호코드><도로명건물부번호코드>00000</도로명건물부번호코드><도로명시군구코드>11530</도로명시군구코드><도로명일련번호코드>01</도로명일련번호코드><도로명지상지하코드>0</도로명지상지하코드><도로명코드>4148017</도로명코드><법정동> 구로동</법정동><법정동본번코드>0097</법정동본번코드><법정동부번코드>0000</법정동부번코드><법정동시군구코드>11530</법정동시군구코드><법정동읍면동코드>10200</법정동읍면동코드><법정동지번코드>1</법정동지번코드><아파트>로제리움2차</아파트><월>10</월><일>12</일><일련번호>11530-3762</일련번호><전용면적>14.04</전용면적><중개사소재지>서울 구로구</중개사소재지><지번>97</지번><지역코드>11530</지역코드><층>18</층><해제사유발생일> </해제사유발생일><해제여부> </해제여부></item><item><거래금액>    70,000</거래금액><거래유형>중개거래</거래유형><건축년도>1998</건축년도><년>2022</년><도로명>도림로22길</도로명><도로명건물본번호코드>00008</도로명건물본번호코드><도로명건물부번호코드>00000</도로명건물부번호코드><도로명시군구코드>11530</도로명시군구코드><도로명일련번호코드>01</도로명일련번호코드><도로명지상지하코드>0</도로명지상지하코드><도로명코드>4148310</도로명코드><법정동> 구로동</법정동><법정동본번코드>1260</법정동본번코드><법정동부번코드>0000</법정동부번코드><법정동시군구코드>11530</법정동시군구코드><법정동읍면동코드>10200</법정동읍면동코드><법정동지번코드>1</법정동지번코드><아파트>이화우성</아파트><월>10</월><일>14</일><일련번호>11530-27</일련번호><전용면적>84.98</전용면적><중개사소재지>서울 구로구</중개사소재지><지번>1260</지번><지역코드>11530</지역코드><층>8</층><해제사유발생일> </해제사유발생일><해제여부> </해제여부></item><item><거래금액>    98,000</거래금액><거래유형>중개거래</거래유형><건축년도>2004</건축년도><년>2022</년><도로명>디지털로31길</도로명><도로명건물본번호코드>00090</도로명건물본번호코드><도로명건물부번호코드>00000</도로명건물부번호코드><도로명시군구코드>11530</도로명시군구코드><도로명일련번호코드>01</도로명일련번호코드><도로명지상지하코드>0</도로명지상지하코드><도로명코드>4148335</도로명코드><법정동> 구로동</법정동><법정동본번코드>0256</법정동본번코드><법정동부번코드>0001</법정동부번코드><법정동시군구코드>11530</법정동시군구코드><법정동읍면동코드>10200</법정동읍면동코드><법정동지번코드>1</법정동지번코드><아파트>삼성래미안</아파트><월>10</월><일>15</일><일련번호>11530-171</일련번호><전용면적>110.188</전용면적><중개사소재지>서울 구로구</중개사소재지><지번>256-1</지번><지역코드>11530</지역코드><층>11</층><해제사유발생일> </해제사유발생일><해제여부> </해제여부></item><item><거래금액>    11,300</거래금액><거래유형>중개거래</거래유형><건축년도>2012</건축년도><년>2022</년><도로명>공원로</도로명><도로명건물본번호코드>00015</도로명건물본번호코드><도로명건물부번호코드>00012</도로명건물부번호코드><도로명시군구코드>11530</도로명시군구코드><도로명일련번호코드>01</도로명일련번호코드><도로명지상지하코드>0</도로명지상지하코드><도로명코드>3116004</도로명코드><법정동> 구로동</법정동><법정동본번코드>0107</법정동본번코드><법정동부번코드>0004</법정동부번코드><법정동시군구코드>11530</법정동시군구코드><법정동읍면동코드>10200</법정동읍면동코드><법정동지번코드>1</법정동지번코드><아파트>비즈트위트블루</아파트><월>10</월><일>17</일><일련번호>11530-3660</일련번호><전용면적>16.04</전용면적><중개사소재지>서울 구로구</중개사소재지><지번>107-4</지번><지역코드>11530</지역코드><층>5</층><해제사유발생일> </해제사유발생일><해제여부> </해제여부></item><item><거래금액>    80,000</거래금액><거래유형>중개거래</거래유형><건축년도>2007</건축년도><년>2022</년><도로명>구로중앙로</도로명><도로명건물본번호코드>00134</도로명건물본번호코드><도로명건물부번호코드>00000</도로명건물부번호코드><도로명시군구코드>11530</도로명시군구코드><도로명일련번호코드>02</도로명일련번호코드><도로명지상지하코드>0</도로명지상지하코드><도로명코드>3116005</도로명코드><법정동> 구로동</법정동><법정동본번코드>0501</법정동본번코드><법정동부번코드>0000</법정동부번코드><법정동시군구코드>11530</법정동시군구코드><법정동읍면동코드>10200</법정동읍면동코드><법정동지번코드>1</법정동지번코드><아파트>신구로자이</아파트><월>10</월><일>18</일><일련번호>11530-3269</일련번호><전용면적>84.94</전용면적><중개사소재지>서울 구로구</중개사소재지><지번>501</지번><지역코드>11530</지역코드><층>10</층><해제사유발생일> </해제사유발생일><해제여부> </해제여부></item><item><거래금액>    22,000</거래금액><거래유형>직거래</거래유형><건축년도>1997</건축년도><년>2022</년><도로명>구로동로12길</도로명><도로명건물본번호코드>00004</도로명건물본번호코드><도로명건물부번호코드>00011</도로명건물부번호코드><도로명시군구코드>11530</도로명시군구코드><도로명일련번호코드>01</도로명일련번호코드><도로명지상지하코드>0</도로명지상지하코드><도로명코드>4148199</도로명코드><법정동> 구로동</법정동><법정동본번코드>0745</법정동본번코드><법정동부번코드>0073</법정동부번코드><법정동시군구코드>11530</법정동시군구코드><법정동읍면동코드>10200</법정동읍면동코드><법정동지번코드>1</법정동지번코드><아파트>송림빌라</아파트><월>10</월><일>20</일><일련번호>11530-380</일련번호><전용면적>43.7</전용면적><중개사소재지> </중개사소재지><지번>745-73</지번><지역코드>11530</지역코드><층>2</층><해제사유발생일> </해제사유발생일><해제여부> </해제여부></item><item><거래금액>    60,000</거래금액><거래유형>중개거래</거래유형><건축년도>1998</건축년도><년>2022</년><도로명>구로중앙로</도로명><도로명건물본번호코드>00068</도로명건물본번호코드><도로명건물부번호코드>00000</도로명건물부번호코드><도로명시군구코드>11530</도로명시군구코드><도로명일련번호코드>02</도로명일련번호코드><도로명지상지하코드>0</도로명지상지하코드><도로명코드>3116005</도로명코드><법정동> 구로동</법정동><법정동본번코드>0100</법정동본번코드><법정동부번코드>0008</법정동부번코드><법정동시군구코드>11530</법정동시군구코드><법정동읍면동코드>10200</법정동읍면동코드><법정동지번코드>1</법정동지번코드><아파트>신안타워</아파트><월>10</월><일>24</일><일련번호>11530-19</일련번호><전용면적>84.93</전용면적><중개사소재지>서울 구로구</중개사소재지><지번>100-8</지번><지역코드>11530</지역코드><층>16</층><해제사유발생일> </해제사유발생일><해제여부> </해제여부></item><item><거래금액>    71,500</거래금액><거래유형>중개거래</거래유형><건축년도>1998</건축년도><년>2022</년><도로명>구로중앙로</도로명><도로명건물본번호코드>00068</도로명건물본번호코드><도로명건물부번호코드>00000</도로명건물부번호코드><도로명시군구코드>11530</도로명시군구코드><도로명일련번호코드>02</도로명일련번호코드><도로명지상지하코드>0</도로명지상지하코드><도로명코드>3116005</도로명코드><법정동> 구로동</법정동><법정동본번코드>0100</법정동본번코드><법정동부번코드>0008</법정동부번코드><법정동시군구코드>11530</법정동시군구코드><법정동읍면동코드>10200</법정동읍면동코드><법정동지번코드>1</법정동지번코드><아파트>신안타워</아파트><월>10</월><일>25</일><일련번호>11530-19</일련번호><전용면적>134.94</전용면적><중개사소재지>서울 구로구</중개사소재지><지번>100-8</지번><지역코드>11530</지역코드><층>11</층><해제사유발생일> </해제사유발생일><해제여부> </해제여부></item><item><거래금액>    89,000</거래금액><거래유형>중개거래</거래유형><건축년도>2004</건축년도><년>2022</년><도로명>디지털로31길</도로명><도로명건물본번호코드>00090</도로명건물본번호코드><도로명건물부번호코드>00000</도로명건물부번호코드><도로명시군구코드>11530</도로명시군구코드><도로명일련번호코드>01</도로명일련번호코드><도로명지상지하코드>0</도로명지상지하코드><도로명코드>4148335</도로명코드><법정동> 구로동</법정동><법정동본번코드>0256</법정동본번코드><법정동부번코드>0001</법정동부번코드><법정동시군구코드>11530</법정동시군구코드><법정동읍면동코드>10200</법정동읍면동코드><법정동지번코드>1</법정동지번코드><아파트>삼성래미안</아파트><월>10</월><일>27</일><일련번호>11530-171</일련번호><전용면적>78.665</전용면적><중개사소재지>서울 구로구</중개사소재지><지번>256-1</지번><지역코드>11530</지역코드><층>7</층><해제사유발생일> </해제사유발생일><해제여부> </해제여부></item><item><거래금액>    69,500</거래금액><거래유형>중개거래</거래유형><건축년도>2007</건축년도><년>2022</년><도로명>디지털로31길</도로명><도로명건물본번호코드>00120</도로명건물본번호코드><도로명건물부번호코드>00000</도로명건물부번호코드><도로명시군구코드>11530</도로명시군구코드><도로명일련번호코드>01</도로명일련번호코드><도로명지상지하코드>0</도로명지상지하코드><도로명코드>4148335</도로명코드><법정동> 구로동</법정동><법정동본번코드>1280</법정동본번코드><법정동부번코드>0000</법정동부번코드><법정동시군구코드>11530</법정동시군구코드><법정동읍면동코드>10200</법정동읍면동코드><법정동지번코드>1</법정동지번코드><아파트>한신휴플러스(1280-0)</아파트><월>10</월><일>27</일><일련번호>11530-3282</일련번호><전용면적>58.03</전용면적><중개사소재지>서울 구로구</중개사소재지><지번>1280</지번><지역코드>11530</지역코드><층>14</층><해제사유발생일> </해제사유발생일><해제여부> </해제여부></item><item><거래금액>    11,500</거래금액><거래유형>중개거래</거래유형><건축년도>2014</건축년도><년>2022</년><도로명>가마산로26길</도로명><도로명건물본번호코드>00005</도로명건물본번호코드><도로명건물부번호코드>00000</도로명건물부번호코드><도로명시군구코드>11530</도로명시군구코드><도로명일련번호코드>01</도로명일련번호코드><도로명지상지하코드>0</도로명지상지하코드><도로명코드>4148017</도로명코드><법정동> 구로동</법정동><법정동본번코드>0097</법정동본번코드><법정동부번코드>0000</법정동부번코드><법정동시군구코드>11530</법정동시군구코드><법정동읍면동코드>10200</법정동읍면동코드><법정동지번코드>1</법정동지번코드><아파트>로제리움2차</아파트><월>10</월><일>31</일><일련번호>11530-3762</일련번호><전용면적>14.91</전용면적><중개사소재지>서울 구로구</중개사소재지><지번>97</지번><지역코드>11530</지역코드><층>18</층><해제사유발생일> </해제사유발생일><해제여부> </해제여부></item><item><거래금액>    76,000</거래금액><거래유형>중개거래</거래유형><건축년도>2009</건축년도><년>2022</년><도로명>중앙로12길</도로명><도로명건물본번호코드>00007</도로명건물본번호코드><도로명건물부번호코드>00000</도로명건물부번호코드><도로명시군구코드>11530</도로명시군구코드><도로명일련번호코드>01</도로명일련번호코드><도로명지상지하코드>0</도로명지상지하코드><도로명코드>4148458</도로명코드><법정동> 고척동</법정동><법정동본번코드>0340</법정동본번코드><법정동부번코드>0000</법정동부번코드><법정동시군구코드>11530</법정동시군구코드><법정동읍면동코드>10600</법정동읍면동코드><법정동지번코드>1</법정동지번코드><아파트>고척LIG리가1차</아파트><월>10</월><일>12</일><일련번호>11530-3385</일련번호><전용면적>84.91</전용면적><중개사소재지>서울 양천구</중개사소재지><지번>340</지번><지역코드>11530</지역코드><층>2</층><해제사유발생일> </해제사유발생일><해제여부> </해제여부></item><item><거래금액>    98,000</거래금액><거래유형>중개거래</거래유형><건축년도>2003</건축년도><년>2022</년><도로명>경인로</도로명><도로명건물본번호코드>00390</도로명건물본번호코드><도로명건물부번호코드>00000</도로명건물부번호코드><도로명시군구코드>11530</도로명시군구코드><도로명일련번호코드>03</도로명일련번호코드><도로명지상지하코드>0</도로명지상지하코드><도로명코드>3000028</도로명코드><법정동> 고척동</법정동><법정동본번코드>0334</법정동본번코드><법정동부번코드>0000</법정동부번코드><법정동시군구코드>11530</법정동시군구코드><법정동읍면동코드>10600</법정동읍면동코드><법정동지번코드>1</법정동지번코드><아파트>벽산</아파트><월>10</월><일>14</일><일련번호>11530-69</일련번호><전용면적>84.878</전용면적><중개사소재지>서울 구로구</중개사소재지><지번>334</지번><지역코드>11530</지역코드><층>22</층><해제사유발생일> </해제사유발생일><해제여부> </해제여부></item><item><거래금액>    71,000</거래금액><거래유형>중개거래</거래유형><건축년도>1999</건축년도><년>2022</년><도로명>고척로52길</도로명><도로명건물본번호코드>00048</도로명건물본번호코드><도로명건물부번호코드>00000</도로명건물부번호코드><도로명시군구코드>11530</도로명시군구코드><도로명일련번호코드>01</도로명일련번호코드><도로명지상지하코드>0</도로명지상지하코드><도로명코드>4148179</도로명코드><법정동> 고척동</법정동><법정동본번코드>0296</법정동본번코드><법정동부번코드>0000</법정동부번코드><법정동시군구코드>11530</법정동시군구코드><법정동읍면동코드>10600</법정동읍면동코드><법정동지번코드>1</법정동지번코드><아파트>대우</아파트><월>10</월><일>18</일><일련번호>11530-51</일련번호><전용면적>114.95</전용면적><중개사소재지>서울 구로구</중개사소재지><지번>296</지번><지역코드>11530</지역코드><층>6</층><해제사유발생일> </해제사유발생일><해제여부> </해제여부></item><item><거래금액>    56,000</거래금액><거래유형>중개거래</거래유형><건축년도>1989</건축년도><년>2022</년><도로명>중앙로5길</도로명><도로명건물본번호코드>00062</도로명건물본번호코드><도로명건물부번호코드>00000</도로명건물부번호코드><도로명시군구코드>11530</도로명시군구코드><도로명일련번호코드>01</도로명일련번호코드><도로명지상지하코드>0</도로명지상지하코드><도로명코드>4148467</도로명코드><법정동> 고척동</법정동><법정동본번코드>0141</법정동본번코드><법정동부번코드>0001</법정동부번코드><법정동시군구코드>11530</법정동시군구코드><법정동읍면동코드>10600</법정동읍면동코드><법정동지번코드>1</법정동지번코드><아파트>서울가든</아파트><월>10</월><일>21</일><일련번호>11530-56</일련번호><전용면적>64.39</전용면적><중개사소재지>서울 구로구, 서울 양천구</중개사소재지><지번>141-1</지번><지역코드>11530</지역코드><층>2</층><해제사유발생일> </해제사유발생일><해제여부> </해제여부></item><item><거래금액>    57,000</거래금액><거래유형>중개거래</거래유형><건축년도>2001</건축년도><년>2022</년><도로명>개봉로20길</도로명><도로명건물본번호코드>00158</도로명건물본번호코드><도로명건물부번호코드>00000</도로명건물부번호코드><도로명시군구코드>11530</도로명시군구코드><도로명일련번호코드>01</도로명일련번호코드><도로명지상지하코드>0</도로명지상지하코드><도로명코드>4148049</도로명코드><법정동> 개봉동</법정동><법정동본번코드>0480</법정동본번코드><법정동부번코드>0000</법정동부번코드><법정동시군구코드>11530</법정동시군구코드><법정동읍면동코드>10700</법정동읍면동코드><법정동지번코드>1</법정동지번코드><아파트>현대홈타운</아파트><월>10</월><일>4</일><일련번호>11530-92</일련번호><전용면적>59.49</전용면적><중개사소재지>서울 구로구</중개사소재지><지번>480</지번><지역코드>11530</지역코드><층>4</층><해제사유발생일> </해제사유발생일><해제여부> </해제여부></item><item><거래금액>    88,800</거래금액><거래유형>중개거래</거래유형><건축년도>2001</건축년도><년>2022</년><도로명>개봉로20길</도로명><도로명건물본번호코드>00006</도로명건물본번호코드><도로명건물부번호코드>00000</도로명건물부번호코드><도로명시군구코드>11530</도로명시군구코드><도로명일련번호코드>01</도로명일련번호코드><도로명지상지하코드>0</도로명지상지하코드><도로명코드>4148049</도로명코드><법정동> 개봉동</법정동><법정동본번코드>0481</법정동본번코드><법정동부번코드>0000</법정동부번코드><법정동시군구코드>11530</법정동시군구코드><법정동읍면동코드>10700</법정동읍면동코드><법정동지번코드>1</법정동지번코드><아파트>현대</아파트><월>10</월><일>6</일><일련번호>11530-91</일련번호><전용면적>84.99</전용면적><중개사소재지>서울 구로구</중개사소재지><지번>481</지번><지역코드>11530</지역코드><층>13</층><해제사유발생일> </해제사유발생일><해제여부> </해제여부></item><item><거래금액>    60,600</거래금액><거래유형>중개거래</거래유형><건축년도>2001</건축년도><년>2022</년><도로명>개봉로20길</도로명><도로명건물본번호코드>00158</도로명건물본번호코드><도로명건물부번호코드>00000</도로명건물부번호코드><도로명시군구코드>11530</도로명시군구코드><도로명일련번호코드>01</도로명일련번호코드><도로명지상지하코드>0</도로명지상지하코드><도로명코드>4148049</도로명코드><법정동> 개봉동</법정동><법정동본번코드>0480</법정동본번코드><법정동부번코드>0000</법정동부번코드><법정동시군구코드>11530</법정동시군구코드><법정동읍면동코드>10700</법정동읍면동코드><법정동지번코드>1</법정동지번코드><아파트>현대홈타운</아파트><월>10</월><일>6</일><일련번호>11530-92</일련번호><전용면적>59.49</전용면적><중개사소재지>서울 구로구</중개사소재지><지번>480</지번><지역코드>11530</지역코드><층>8</층><해제사유발생일> </해제사유발생일><해제여부> </해제여부></item><item><거래금액>    86,000</거래금액><거래유형>중개거래</거래유형><건축년도>2014</건축년도><년>2022</년><도로명>남부순환로</도로명><도로명건물본번호코드>00775</도로명건물본번호코드><도로명건물부번호코드>00000</도로명건물부번호코드><도로명시군구코드>11530</도로명시군구코드><도로명일련번호코드>03</도로명일련번호코드><도로명지상지하코드>0</도로명지상지하코드><도로명코드>2000003</도로명코드><법정동> 개봉동</법정동><법정동본번코드>0492</법정동본번코드><법정동부번코드>0000</법정동부번코드><법정동시군구코드>11530</법정동시군구코드><법정동읍면동코드>10700</법정동읍면동코드><법정동지번코드>1</법정동지번코드><아파트>개봉푸르지오</아파트><월>10</월><일>15</일><일련번호>11530-3798</일련번호><전용면적>84.94</전용면적><중개사소재지>서울 구로구</중개사소재지><지번>492</지번><지역코드>11530</지역코드><층>24</층><해제사유발생일> </해제사유발생일><해제여부> </해제여부></item><item><거래금액>    55,000</거래금액><거래유형>중개거래</거래유형><건축년도>2001</건축년도><년>2022</년><도로명>개봉로20길</도로명><도로명건물본번호코드>00158</도로명건물본번호코드><도로명건물부번호코드>00000</도로명건물부번호코드><도로명시군구코드>11530</도로명시군구코드><도로명일련번호코드>01</도로명일련번호코드><도로명지상지하코드>0</도로명지상지하코드><도로명코드>4148049</도로명코드><법정동> 개봉동</법정동><법정동본번코드>0480</법정동본번코드><법정동부번코드>0000</법정동부번코드><법정동시군구코드>11530</법정동시군구코드><법정동읍면동코드>10700</법정동읍면동코드><법정동지번코드>1</법정동지번코드><아파트>현대홈타운</아파트><월>10</월><일>27</일><일련번호>11530-92</일련번호><전용면적>59.49</전용면적><중개사소재지>서울 구로구</중개사소재지><지번>480</지번><지역코드>11530</지역코드><층>7</층><해제사유발생일> </해제사유발생일><해제여부> </해제여부></item><item><거래금액>    85,000</거래금액><거래유형>중개거래</거래유형><건축년도>2001</건축년도><년>2022</년><도로명>개봉로20길</도로명><도로명건물본번호코드>00006</도로명건물본번호코드><도로명건물부번호코드>00000</도로명건물부번호코드><도로명시군구코드>11530</도로명시군구코드><도로명일련번호코드>01</도로명일련번호코드><도로명지상지하코드>0</도로명지상지하코드><도로명코드>4148049</도로명코드><법정동> 개봉동</법정동><법정동본번코드>0481</법정동본번코드><법정동부번코드>0000</법정동부번코드><법정동시군구코드>11530</법정동시군구코드><법정동읍면동코드>10700</법정동읍면동코드><법정동지번코드>1</법정동지번코드><아파트>현대</아파트><월>10</월><일>28</일><일련번호>11530-91</일련번호><전용면적>84.99</전용면적><중개사소재지>서울 구로구, 서울 영등포구</중개사소재지><지번>481</지번><지역코드>11530</지역코드><층>22</층><해제사유발생일> </해제사유발생일><해제여부> </해제여부></item><item><거래금액>    55,000</거래금액><거래유형>중개거래</거래유형><건축년도>2001</건축년도><년>2022</년><도로명>개봉로20길</도로명><도로명건물본번호코드>00158</도로명건물본번호코드><도로명건물부번호코드>00000</도로명건물부번호코드><도로명시군구코드>11530</도로명시군구코드><도로명일련번호코드>01</도로명일련번호코드><도로명지상지하코드>0</도로명지상지하코드><도로명코드>4148049</도로명코드><법정동> 개봉동</법정동><법정동본번코드>0480</법정동본번코드><법정동부번코드>0000</법정동부번코드><법정동시군구코드>11530</법정동시군구코드><법정동읍면동코드>10700</법정동읍면동코드><법정동지번코드>1</법정동지번코드><아파트>현대홈타운</아파트><월>10</월><일>29</일><일련번호>11530-92</일련번호><전용면적>59.49</전용면적><중개사소재지>서울 서대문구</중개사소재지><지번>480</지번><지역코드>11530</지역코드><층>12</층><해제사유발생일> </해제사유발생일><해제여부> </해제여부></item><item><거래금액>    43,000</거래금액><거래유형>중개거래</거래유형><건축년도>1989</건축년도><년>2022</년><도로명>서해안로34가길</도로명><도로명건물본번호코드>00022</도로명건물본번호코드><도로명건물부번호코드>00000</도로명건물부번호코드><도로명시군구코드>11530</도로명시군구코드><도로명일련번호코드>01</도로명일련번호코드><도로명지상지하코드>0</도로명지상지하코드><도로명코드>4148385</도로명코드><법정동> 개봉동</법정동><법정동본번코드>0335</법정동본번코드><법정동부번코드>0001</법정동부번코드><법정동시군구코드>11530</법정동시군구코드><법정동읍면동코드>10700</법정동읍면동코드><법정동지번코드>1</법정동지번코드><아파트>동인</아파트><월>10</월><일>31</일><일련번호>11530-76</일련번호><전용면적>67.36</전용면적><중개사소재지>서울 구로구</중개사소재지><지번>335-1</지번><지역코드>11530</지역코드><층>5</층><해제사유발생일> </해제사유발생일><해제여부> </해제여부></item><item><거래금액>     8,400</거래금액><거래유형>중개거래</거래유형><건축년도>2014</건축년도><년>2022</년><도로명>경인로19가길</도로명><도로명건물본번호코드>00040</도로명건물본번호코드><도로명건물부번호코드>00000</도로명건물부번호코드><도로명시군구코드>11530</도로명시군구코드><도로명일련번호코드>00</도로명일련번호코드><도로명코드>4148073</도로명코드><법정동> 오류동</법정동><법정동본번코드>0034</법정동본번코드><법정동부번코드>0013</법정동부번코드><법정동시군구코드>11530</법정동시군구코드><법정동읍면동코드>10800</법정동읍면동코드><법정동지번코드>1</법정동지번코드><아파트>썬앤빌</아파트><월>10</월><일>1</일><일련번호>11530-3799</일련번호><전용면적>14.064</전용면적><중개사소재지>서울 구로구</중개사소재지><지번>34-13</지번><지역코드>11530</지역코드><층>12</층><해제사유발생일> </해제사유발생일><해제여부> </해제여부></item><item><거래금액>    40,500</거래금액><거래유형>중개거래</거래유형><건축년도>1986</건축년도><년>2022</년><도로명>오류로8라길</도로명><도로명건물본번호코드>00020</도로명건물본번호코드><도로명건물부번호코드>00008</도로명건물부번호코드><도로명시군구코드>11530</도로명시군구코드><도로명일련번호코드>01</도로명일련번호코드><도로명지상지하코드>0</도로명지상지하코드><도로명코드>4148425</도로명코드><법정동> 오류동</법정동><법정동본번코드>0150</법정동본번코드><법정동부번코드>0042</법정동부번코드><법정동시군구코드>11530</법정동시군구코드><법정동읍면동코드>10800</법정동읍면동코드><법정동지번코드>1</법정동지번코드><아파트>길훈</아파트><월>10</월><일>5</일><일련번호>11530-99</일련번호><전용면적>53.94</전용면적><중개사소재지>서울 구로구</중개사소재지><지번>150-42</지번><지역코드>11530</지역코드><층>4</층><해제사유발생일> </해제사유발생일><해제여부> </해제여부></item><item><거래금액>    69,000</거래금액><거래유형>중개거래</거래유형><건축년도>2002</건축년도><년>2022</년><도로명>고척로</도로명><도로명건물본번호코드>00052</도로명건물본번호코드><도로명건물부번호코드>00000</도로명건물부번호코드><도로명시군구코드>11530</도로명시군구코드><도로명일련번호코드>03</도로명일련번호코드><도로명지상지하코드>0</도로명지상지하코드><도로명코드>3116003</도로명코드><법정동> 오류동</법정동><법정동본번코드>0341</법정동본번코드><법정동부번코드>0000</법정동부번코드><법정동시군구코드>11530</법정동시군구코드><법정동읍면동코드>10800</법정동읍면동코드><법정동지번코드>1</법정동지번코드><아파트>한신플러스타운</아파트><월>10</월><일>14</일><일련번호>11530-114</일련번호><전용면적>84.96</전용면적><중개사소재지>서울 구로구</중개사소재지><지번>341</지번><지역코드>11530</지역코드><층>8</층><해제사유발생일> </해제사유발생일><해제여부> </해제여부></item><item><거래금액>    20,250</거래금액><거래유형>중개거래</거래유형><건축년도>2005</건축년도><년>2022</년><도로명>경인로20나길</도로명><도로명건물본번호코드>00030</도로명건물본번호코드><도로명건물부번호코드>00000</도로명건물부번호코드><도로명시군구코드>11530</도로명시군구코드><도로명일련번호코드>01</도로명일련번호코드><도로명지상지하코드>0</도로명지상지하코드><도로명코드>4148077</도로명코드><법정동> 오류동</법정동><법정동본번코드>0046</법정동본번코드><법정동부번코드>0001</법정동부번코드><법정동시군구코드>11530</법정동시군구코드><법정동읍면동코드>10800</법정동읍면동코드><법정동지번코드>1</법정동지번코드><아파트>이좋은집</아파트><월>10</월><일>24</일><일련번호>11530-3146</일련번호><전용면적>36.69</전용면적><중개사소재지>서울 구로구</중개사소재지><지번>46-1</지번><지역코드>11530</지역코드><층>2</층><해제사유발생일> </해제사유발생일><해제여부> </해제여부></item><item><거래금액>    10,800</거래금액><거래유형>중개거래</거래유형><건축년도>2016</건축년도><년>2022</년><도로명>경인로20나길</도로명><도로명건물본번호코드>00063</도로명건물본번호코드><도로명건물부번호코드>00000</도로명건물부번호코드><도로명시군구코드>11530</도로명시군구코드><도로명일련번호코드>01</도로명일련번호코드><도로명지상지하코드>0</도로명지상지하코드><도로명코드>4148077</도로명코드><법정동> 오류동</법정동><법정동본번코드>0075</법정동본번코드><법정동부번코드>0002</법정동부번코드><법정동시군구코드>11530</법정동시군구코드><법정동읍면동코드>10800</법정동읍면동코드><법정동지번코드>1</법정동지번코드><아파트>오류동역솔리스타</아파트><월>10</월><일>31</일><일련번호>11530-4009</일련번호><전용면적>19.27</전용면적><중개사소재지>서울 구로구</중개사소재지><지번>75-2</지번><지역코드>11530</지역코드><층>12</층><해제사유발생일> </해제사유발생일><해제여부> </해제여부></item><item><거래금액>    83,400</거래금액><거래유형>중개거래</거래유형><건축년도>2020</건축년도><년>2022</년><도로명>항동로</도로명><도로명건물본번호코드>00008</도로명건물본번호코드><도로명건물부번호코드>00000</도로명건물부번호코드><도로명시군구코드>11530</도로명시군구코드><도로명일련번호코드>00</도로명일련번호코드><도로명지상지하코드>0</도로명지상지하코드><도로명코드>3352227</도로명코드><법정동> 항동</법정동><법정동본번코드>0244</법정동본번코드><법정동부번코드>0000</법정동부번코드><법정동시군구코드>11530</법정동시군구코드><법정동읍면동코드>11200</법정동읍면동코드><법정동지번코드>1</법정동지번코드><아파트>우남퍼스트빌더센트럴</아파트><월>10</월><일>29</일><일련번호>11530-4424</일련번호><전용면적>79.9913</전용면적><중개사소재지>서울 구로구</중개사소재지><지번>244</지번><지역코드>11530</지역코드><층>15</층><해제사유발생일> </해제사유발생일><해제여부> </해제여부></item></items><numOfRows>999</numOfRows><pageNo>1</pageNo><totalCount>40</totalCount></body></response>