<?xml version="1.0" encoding="UTF-8" standalone="yes"?><response><header><resultCode>00</resultCode><resultMsg>NORMAL SERVICE.</resultMsg></header><body><items><item><거래금액>    74,000</거래금액><거래유형>중개거래</거래유형><건축년도>1987</건축년도><년>2022</년><도로명>신도림로11가길</도로명><도로명건물본번호코드>00036</도로명건물본번호코드><도로명건물부번호코드>00000</도로명건물부번호코드><도로명시군구코드>11530</도로명시군구코드><도로명일련번호코드>01</도로명일련번호코드><도로명지상지하코드>0</도로명지상지하코드><도로명코드>4148391</도로명코드><법정동> 신도림동</법정동><법정동본번코드>0290</법정동본번코드><법정동부번코드>0000</법정동부번코드><법정동시군구코드>11530</법정동시군구코드><법정동읍면동코드>10100</법정동읍면동코드><법정동지번코드>1</법정동지번코드><아파트>미성</아파트><월>11</월><일>12</일><일련번호>11530-133</일련번호><전용면적>52.45</전용면적><중개사소재지>서울 구로구</중개사소재지><지번>290</지번><지역코드>11530</지역코드><층>6</층><해제사유발생일> </해제사유발생일><해제여부> </해제여부></item><item><거래금액>    43,800</거래금액><거래유형>중개거래</거래유형><건축년도>1998</건축년도><년>2022</년><도로명>도림로</도로명><도로명건물본번호코드>00059</도로명건물본번호코드><도로명건물부번호코드>00000</도로명건물부번호코드><도로명시군구코드>11530</도로명시군구코드><도로명일련번호코드>01</도로명일련번호코드><도로명지상지하코드>0</도로명지상지하코드><도로명코드>3116010</도로명코드><법정동> 구로동</법정동><법정동본번코드>1265</법정동본번코드><법정동부번코드>0000</법정동부번코드><법정동시군구코드>11530</법정동시군구코드><법정동읍면동코드>10200</법정동읍면동코드><법정동지번코드>1</법정동지번코드><아파트>구로두산</아파트><월>11</월><일>1</일><일련번호>11530-9</일련번호><전용면적>44.64</전용면적><중개사소재지>서울 구로구</중개사소재지><지번>1265</지번><지역코드>11530</지역코드><층>19</층><해제사유발생일> </해제사유발생일><해제여부> </해제여부></item><item><거래금액>    18,400</거래금액><거래유형>직거래</거래유형><건축년도>2022</건축년도><년>2022</년><도로명>가마산로</도로명><도로명건물본번호코드>00271</도로명건물본번호코드><도로명건물부번호코드>00000</도로명건물부번호코드><도로명시군구코드>11530</도로명시군구코드><도로명일련번호코드>01</도로명일련번호코드><도로명지상지하코드>0</도로명지상지하코드><도로명코드>3000023</도로명코드><법정동> 구로동</법정동><법정동본번코드>0103</법정동본번코드><법정동부번코드>0006</법정동부번코드><법정동시군구코드>11530</법정동시군구코드><법정동읍면동코드>10200</법정동읍면동코드><법정동지번코드>1</법정동지번코드><아파트>구로오네뜨시티</아파트><월>11</월><일>3</일><일련번호>11530-4548</일련번호><전용면적>16.71</전용면적><중개사소재지> </중개사소재지><지번>103-6</지번><지역코드>11530</지역코드><층>15</층><해제사유발생일> </해제사유발생일><해제여부> </해제여부></item><item><거래금액>    12,500</거래금액><거래유형>직거래</거래유형><건축년도>2012</건축년도><년>2022</년><도로명>공원로</도로명><도로명건물본번호코드>00015</도로명건물본번호코드><도로명건물부번호코드>00012</도로명건물부번호코드><도로명시군구코드>11530</도로명시군구코드><도로명일련번호코드>01</도로명일련번호코드><도로명지상지하코드>0</도로명지상지하코드><도로명코드>3116004</도로명코드><법정동> 구로동</법정동><법정동본번코드>0107</법정동본번코드><법정동부번코드>0004</법정동부번코드><법정동시군구코드>11530</법정동시군구코드><법정동읍면동코드>10200</법정동읍면동코드><법정동지번코드>1</법정동지번코드><아파트>비즈트위트블루</아파트><월>11</월><일>4</일><일련번호>11530-3660</일련번호><전용면적>16.04</전용면적><중개사소재지> </중개사소재지><지번>107-4</지번><지역코드>11530</지역코드><층>8</층><해제사유발생일> </해제사유발생일><해제여부> </해제여부></item><item><거래금액>    28,000</거래금액><거래유형>중개거래</거래유형><건축년도>1996</건축년도><년>2022</년><도로명>구로동로22길</도로명><도로명건물본번호코드>00078</도로명건물본번호코드><도로명건물부번호코드>00012</도로명건물부번호코드><도로명시군구코드>11530</도로명시군구코드><도로명일련번호코드>01</도로명일련번호코드><도로명지상지하코드>0</도로명지상지하코드><도로명코드>4148211</도로명코드><법정동> 구로동</법정동><법정동본번코드>0751</법정동본번코드><법정동부번코드>0005</법정동부번코드><법정동시군구코드>11530</법정동시군구코드><법정동읍면동코드>10200</법정동읍면동코드><법정동지번코드>1</법정동지번코드><아파트>(751-5)</아파트><월>11</월><일>8</일><일련번호>11530-436</일련번호><전용면적>53.45</전용면적><중개사소재지>서울 구로구</중개사소재지><지번>751-5</지번><지역코드>11530</지역코드><층>5</층><해제사유발생일> </해제사유발생일><해제여부> </해제여부></item><item><거래금액>    23,800</거래금액><거래유형>중개거래</거래유형><건축년도>1997</건축년도><년>2022</년><도로명>도림로10길</도로명><도로명건물본번호코드>00018</도로명건물본번호코드><도로명건물부번호코드>00004</도로명건물부번호코드><도로명시군구코드>11530</도로명시군구코드><도로명일련번호코드>01</도로명일련번호코드><도로명지상지하코드>0</도로명지상지하코드><도로명코드>4148303</도로명코드><법정동> 구로동</법정동><법정동본번코드>0794</법정동본번코드><법정동부번코드>0017</법정동부번코드><법정동시군구코드>11530</법정동시군구코드><법정동읍면동코드>10200</법정동읍면동코드><법정동지번코드>1</법정동지번코드><아파트>(794-17)</아파트><월>11</월><일>8</일><일련번호>11530-566</일련번호><전용면적>38.96</전용면적><중개사소재지>서울 동작구, 인천 서구</중개사소재지><지번>794-17</지번><지역코드>11530</지역코드><층>2</층><해제사유발생일> </해제사유발생일><해제여부> </해제여부></item><item><거래금액>    39,500</거래금액><거래유형>중개거래</거래유형><건축년도>1998</건축년도><년>2022</년><도로명>도림로</도로명><도로명건물본번호코드>00059</도로명건물본번호코드><도로명건물부번호코드>00000</도로명건물부번호코드><도로명시군구코드>11530</도로명시군구코드><도로명일련번호코드>01</도로명일련번호코드><도로명지상지하코드>0</도로명지상지하코드><도로명코드>3116010</도로명코드><법정동> 구로동</법정동><법정동본번코드>1265</법정동본번코드><법정동부번코드>0000</법정동부번코드><법정동시군구코드>11530</법정동시군구코드><법정동읍면동코드>10200</법정동읍면동코드><법정동지번코드>1</법정동지번코드><아파트>구로두산</아파트><월>11</월><일>9</일><일련번호>11530-9</일련번호><전용면적>44.64</전용면적><중개사소재지>서울 구로구</중개사소재지><지번>1265</지번><지역코드>11530</지역코드><층>6</층><해제사유발생일> </해제사유발생일><해제여부> </해제여부></item><item><거래금액>    57,200</거래금액><거래유형>중개거래</거래유형><건축년도>2006</건축년도><년>2022</년><도로명>구로중앙로34길</도로명><도로명건물본번호코드>00017</도로명건물본번호코드><도로명건물부번호코드>00000</도로명건물부번호코드><도로명시군구코드>11530</도로명시군구코드><도로명일련번호코드>01</도로명일련번호코드><도로명지상지하코드>0</도로명지상지하코드><도로명코드>4148277</도로명코드><법정동> 구로동</법정동><법정동본번코드>1282</법정동본번코드><법정동부번코드>0000</법정동부번코드><법정동시군구코드>11530</법정동시군구코드><법정동읍면동코드>10200</법정동읍면동코드><법정동지번코드>1</법정동지번코드><아파트>덕영드림</아파트><월>11</월><일>9</일><일련번호>11530-3270</일련번호><전용면적>70.23</전용면적><중개사소재지>서울 구로구</중개사소재지><지번>1282</지번><지역코드>11530</지역코드><층>7</층><해제사유발생일> </해제사유발생일><해제여부> </해제여부></item><item><거래금액>    17,850</거래금액><거래유형>중개거래</거래유형><건축년도>2016</건축년도><년>2022</년><도로명>가마산로</도로명><도로명건물본번호코드>00285</도로명건물본번호코드><도로명건물부번호코드>00000</도로명건물부번호코드><도로명시군구코드>11530</도로명시군구코드><도로명일련번호코드>01</도로명일련번호코드><도로명지상지하코드>0</도로명지상지하코드><도로명코드>3000023</도로명코드><법정동> 구로동</법정동><법정동본번코드>0104</법정동본번코드><법정동부번코드>0008</법정동부번코드><법정동시군구코드>11530</법정동시군구코드><법정동읍면동코드>10200</법정동읍면동코드><법정동지번코드>1</법정동지번코드><아파트>비즈트위트레드</아파트><월>11</월><일>10</일><일련번호>11530-3973</일련번호><전용면적>20.54</전용면적><중개사소재지>서울 영등포구</중개사소재지><지번>104-8</지번><지역코드>11530</지역코드><층>4</층><해제사유발생일> </해제사유발생일><해제여부> </해제여부></item><item><거래금액>    11,500</거래금액><거래유형>중개거래</거래유형><건축년도>2014</건축년도><년>2022</년><도로명>가마산로26길</도로명><도로명건물본번호코드>00005</도로명건물본번호코드><도로명건물부번호코드>00000</도로명건물부번호코드><도로명시군구코드>11530</도로명시군구코드><도로명일련번호코드>01</도로명일련번호코드><도로명지상지하코드>0</도로명지상지하코드><도로명코드>4148017</도로명코드><법정동> 구로동</법정동><법정동본번코드>0097</법정동본번코드><법정동부번코드>0000</법정동부번코드><법정동시군구코드>11530</법정동시군구코드><법정동읍면동코드>10200</법정동읍면동코드><법정동지번코드>1</법정동지번코드><아파트>로제리움2차</아파트><월>11</월><일>14</일><일련번호>11530-3762</일련번호><전용면적>14.91</전용면적><중개사소재지>서울 구로구</중개사소재지><지번>97</지번><지역코드>11530</지역코드><층>17</층><해제사유발생일> </해제사유발생일><해제여부> </해제여부></item><item><거래금액>    52,800</거래금액><거래유형>중개거래</거래유형><건축년도>1987</건축년도><년>2022</년><도로명>구일로4길</도로명><도로명건물본번호코드>00022</도로명건물본번호코드><도로명건물부번호코드>00000</도로명건물부번호코드><도로명시군구코드>11530</도로명시군구코드><도로명일련번호코드>01</도로명일련번호코드><도로명지상지하코드>0</도로명지상지하코드><도로명코드>4148291</도로명코드><법정동> 구로동</법정동><법정동본번코드>0685</법정동본번코드><법정동부번코드>0223</법정동부번코드><법정동시군구코드>11530</법정동시군구코드><법정동읍면동코드>10200</법정동읍면동코드><법정동지번코드>1</법정동지번코드><아파트>주공2</아파트><월>11</월><일>16</일><일련번호>11530-137</일련번호><전용면적>32.39</전용면적><중개사소재지>서울 구로구</중개사소재지><지번>685-223</지번><지역코드>11530</지역코드><층>9</층><해제사유발생일>23.01.02</해제사유발생일><해제여부>O</해제여부></item><item><거래금액>    11,300</거래금액><거래유형>직거래</거래유형><건축년도>2014</건축년도><년>2022</년><도로명>가마산로26길</도로명><도로명건물본번호코드>00005</도로명건물본번호코드><도로명건물부번호코드>00000</도로명건물부번호코드><도로명시군구코드>11530</도로명시군구코드><도로명일련번호코드>01</도로명일련번호코드><도로명지상지하코드>0</도로명지상지하코드><도로명코드>4148017</도로명코드><법정동> 구로동</법정동><법정동본번코드>0097</법정동본번코드><법정동부번코드>0000</법정동부번코드><법정동시군구코드>11530</법정동시군구코드><법정동읍면동코드>10200</법정동읍면동코드><법정동지번코드>1</법정동지번코드><아파트>로제리움2차</아파트><월>11</월><일>21</일><일련번호>11530-3762</일련번호><전용면적>14.04</전용면적><중개사소재지> </중개사소재지><지번>97</지번><지역코드>11530</지역코드><층>18</층><해제사유발생일> </해제사유발생일><해제여부> </해제여부></item><item><거래금액>    11,200</거래금액><거래유형>중개거래</거래유형><건축년도>2014</건축년도><년>2022</년><도로명>가마산로27길</도로명><도로명건물본번호코드>00011</도로명건물본번호코드><도로명건물부번호코드>00015</도로명건물부번호코드><도로명시군구코드>11530</도로명시군구코드><도로명일련번호코드>01</도로명일련번호코드><도로명지상지하코드>0</도로명지상지하코드><도로명코드>4148018</도로명코드><법정동> 구로동</법정동><법정동본번코드>0104</법정동본번코드><법정동부번코드>0003</법정동부번코드><법정동시군구코드>11530</법정동시군구코드><법정동읍면동코드>10200</법정동읍면동코드><법정동지번코드>1</법정동지번코드><아파트>해담채3</아파트><월>11</월><일>21</일><일련번호>11530-3783</일련번호><전용면적>13.39</전용면적><중개사소재지>서울 동작구</중개사소재지><지번>104-3</지번><지역코드>11530</지역코드><층>11</층><해제사유발생일> </해제사유발생일><해제여부> </해제여부></item><item><거래금액>    41,100</거래금액><거래유형>중개거래</거래유형><건축년도>1998</건축년도><년>2022</년><도로명>도림로</도로명><도로명건물본번호코드>00059</도로명건물본번호코드><도로명건물부번호코드>00000</도로명건물부번호코드><도로명시군구코드>11530</도로명시군구코드><도로명일련번호코드>01</도로명일련번호코드><도로명지상지하코드>0</도로명지상지하코드><도로명코드>3116010</도로명코드><법정동> 구로동</법정동><법정동본번코드>1265</법정동본번코드><법정동부번코드>0000</법정동부번코드><법정동시군구코드>11530</법정동시군구코드><법정동읍면동코드>10200</법정동읍면동코드><법정동지번코드>1</법정동지번코드><아파트>구로두산</아파트><월>11</월><일>23</일><일련번호>11530-9</일련번호><전용면적>44.64</전용면적><중개사소재지>서울 구로구</중개사소재지><지번>1265</지번><지역코드>11530</지역코드><층>8</층><해제사유발생일> </해제사유발생일><해제여부> </해제여부></item><item><거래금액>    12,200</거래금액><거래유형>직거래</거래유형><건축년도>2012</건축년도><년>2022</년><도로명>공원로6길</도로명><도로명건물본번호코드>00025</도로명건물본번호코드><도로명건물부번호코드>00000</도로명건물부번호코드><도로명시군구코드>11530</도로명시군구코드><도로명일련번호코드>01</도로명일련번호코드><도로명지상지하코드>0</도로명지상지하코드><도로명코드>4148192</도로명코드><법정동> 구로동</법정동><법정동본번코드>0044</법정동본번코드><법정동부번코드>0005</법정동부번코드><법정동시군구코드>11530</법정동시군구코드><법정동읍면동코드>10200</법정동읍면동코드><법정동지번코드>1</법정동지번코드><아파트>비즈트위트레인보우</아파트><월>11</월><일>23</일><일련번호>11530-3601</일련번호><전용면적>15.92</전용면적><중개사소재지> </중개사소재지><지번>44-5</지번><지역코드>11530</지역코드><층>6</층><해제사유발생일> </해제사유발생일><해제여부> </해제여부></item><item><거래금액>    14,500</거래금액><거래유형>중개거래</거래유형><건축년도>2011</건축년도><년>2022</년><도로명>가마산로</도로명><도로명건물본번호코드>00284</도로명건물본번호코드><도로명건물부번호코드>00000</도로명건물부번호코드><도로명시군구코드>11530</도로명시군구코드><도로명일련번호코드>01</도로명일련번호코드><도로명지상지하코드>0</도로명지상지하코드><도로명코드>3000023</도로명코드><법정동> 구로동</법정동><법정동본번코드>0097</법정동본번코드><법정동부번코드>0004</법정동부번코드><법정동시군구코드>11530</법정동시군구코드><법정동읍면동코드>10200</법정동읍면동코드><법정동지번코드>1</법정동지번코드><아파트>하나세인스톤2차</아파트><월>11</월><일>25</일><일련번호>11530-3536</일련번호><전용면적>19.33</전용면적><중개사소재지>서울 구로구</중개사소재지><지번>97-4</지번><지역코드>11530</지역코드><층>17</층><해제사유발생일> </해제사유발생일><해제여부> </해제여부></item><item><거래금액>    40,000</거래금액><거래유형>중개거래</거래유형><건축년도>1998</건축년도><년>2022</년><도로명>도림로</도로명><도로명건물본번호코드>00059</도로명건물본번호코드><도로명건물부번호코드>00000</도로명건물부번호코드><도로명시군구코드>11530</도로명시군구코드><도로명일련번호코드>01</도로명일련번호코드><도로명지상지하코드>0</도로명지상지하코드><도로명코드>3116010</도로명코드><법정동> 구로동</법정동><법정동본번코드>1265</법정동본번코드><법정동부번코드>0000</법정동부번코드><법정동시군구코드>11530</법정동시군구코드><법정동읍면동코드>10200</법정동읍면동코드><법정동지번코드>1</법정동지번코드><아파트>구로두산</아파트><월>11</월><일>26</일><일련번호>11530-9</일련번호><전용면적>44.64</전용면적><중개사소재지>서울 구로구</중개사소재지><지번>1265</지번><지역코드>11530</지역코드><층>6</층><해제사유발생일> </해제사유발생일><해제여부> </해제여부></item><item><거래금액>    54,000</거래금액><거래유형>중개거래</거래유형><건축년도>1997</건축년도><년>2022</년><도로명>공원로</도로명><도로명건물본번호코드>00026</도로명건물본번호코드><도로명건물부번호코드>00000</도로명건물부번호코드><도로명시군구코드>11530</도로명시군구코드><도로명일련번호코드>01</도로명일련번호코드><도로명지상지하코드>0</도로명지상지하코드><도로명코드>3116004</도로명코드><법정동> 구로동</법정동><법정동본번코드>0049</법정동본번코드><법정동부번코드>0000</법정동부번코드><법정동시군구코드>11530</법정동시군구코드><법정동읍면동코드>10200</법정동읍면동코드><법정동지번코드>1</법정동지번코드><아파트>금호</아파트><월>11</월><일>29</일><일련번호>11530-3</일련번호><전용면적>84.86</전용면적><중개사소재지>서울 구로구</중개사소재지><지번>49</지번><지역코드>11530</지역코드><층>10</층><해제사유발생일> </해제사유발생일><해제여부> </해제여부></item><item><거래금액>    70,000</거래금액><거래유형>중개거래</거래유형><건축년도>2004</건축년도><년>2022</년><도로명>경인로</도로명><도로명건물본번호코드>00343</도로명건물본번호코드><도로명건물부번호코드>00000</도로명건물부번호코드><도로명시군구코드>11530</도로명시군구코드><도로명일련번호코드>03</도로명일련번호코드><도로명지상지하코드>0</도로명지상지하코드><도로명코드>3000028</도로명코드><법정동> 고척동</법정동><법정동본번코드>0336</법정동본번코드><법정동부번코드>0000</법정동부번코드><법정동시군구코드>11530</법정동시군구코드><법정동읍면동코드>10600</법정동읍면동코드><법정동지번코드>1</법정동지번코드><아파트>삼환로즈빌</아파트><월>11</월><일>15</일><일련번호>11530-180</일련번호><전용면적>84.994</전용면적><중개사소재지>서울 구로구</중개사소재지><지번>336</지번><지역코드>11530</지역코드><층>18</층><해제사유발생일> </해제사유발생일><해제여부> </해제여부></item><item><거래금액>    58,500</거래금액><거래유형>중개거래</거래유형><건축년도>1987</건축년도><년>2022</년><도로명>중앙로1길</도로명><도로명건물본번호코드>00018</도로명건물본번호코드><도로명건물부번호코드>00019</도로명건물부번호코드><도로명시군구코드>11530</도로명시군구코드><도로명일련번호코드>01</도로명일련번호코드><도로명지상지하코드>0</도로명지상지하코드><도로명코드>4148465</도로명코드><법정동> 고척동</법정동><법정동본번코드>0076</법정동본번코드><법정동부번코드>0055</법정동부번코드><법정동시군구코드>11530</법정동시군구코드><법정동읍면동코드>10600</법정동읍면동코드><법정동지번코드>1</법정동지번코드><아파트>우성,현대아파트</아파트><월>11</월><일>29</일><일련번호>11530-61</일련번호><전용면적>68.7</전용면적><중개사소재지>서울 구로구</중개사소재지><지번>76-55</지번><지역코드>11530</지역코드><층>10</층><해제사유발생일> </해제사유발생일><해제여부> </해제여부></item><item><거래금액>    72,000</거래금액><거래유형>중개거래</거래유형><건축년도>2009</건축년도><년>2022</년><도로명>중앙로</도로명><도로명건물본번호코드>00121</도로명건물본번호코드><도로명건물부번호코드>00000</도로명건물부번호코드><도로명시군구코드>11530</도로명시군구코드><도로명일련번호코드>01</도로명일련번호코드><도로명지상지하코드>0</도로명지상지하코드><도로명코드>3005068</도로명코드><법정동> 고척동</법정동><법정동본번코드>0339</법정동본번코드><법정동부번코드>0000</법정동부번코드><법정동시군구코드>11530</법정동시군구코드><법정동읍면동코드>10600</법정동읍면동코드><법정동지번코드>1</법정동지번코드><아파트>고척파크푸르지오</아파트><월>11</월><일>29</일><일련번호>11530-3373</일련번호><전용면적>84.94</전용면적><중개사소재지>서울 동작구</중개사소재지><지번>339</지번><지역코드>11530</지역코드><층>1</층><해제사유발생일> </해제사유발생일><해제여부> </해제여부></item><item><거래금액>    85,000</거래금액><거래유형>중개거래</거래유형><건축년도>2001</건축년도><년>2022</년><도로명>개봉로20길</도로명><도로명건물본번호코드>00006</도로명건물본번호코드><도로명건물부번호코드>00000</도로명건물부번호코드><도로명시군구코드>11530</도로명시군구코드><도로명일련번호코드>01</도로명일련번호코드><도로명지상지하코드>0</도로명지상지하코드><도로명코드>4148049</도로명코드><법정동> 개봉동</법정동><법정동본번코드>0481</법정동본번코드><법정동부번코드>0000</법정동부번코드><법정동시군구코드>11530</법정동시군구코드><법정동읍면동코드>10700</법정동읍면동코드><법정동지번코드>1</법정동지번코드><아파트>현대</아파트><월>11</월><일>1</일><일련번호>11530-91</일련번호><전용면적>114.99</전용면적><중개사소재지>서울 구로구</중개사소재지><지번>481</지번><지역코드>11530</지역코드><층>8</층><해제사유발생일> </해제사유발생일><해제여부> </해제여부></item><item><거래금액>    61,800</거래금액><거래유형>중개거래</거래유형><건축년도>2001</건축년도><년>2022</년><도로명>개봉로20길</도로명><도로명건물본번호코드>00006</도로명건물본번호코드><도로명건물부번호코드>00000</도로명건물부번호코드><도로명시군구코드>11530</도로명시군구코드><도로명일련번호코드>01</도로명일련번호코드><도로명지상지하코드>0</도로명지상지하코드><도로명코드>4148049</도로명코드><법정동> 개봉동</법정동><법정동본번코드>0481</법정동본번코드><법정동부번코드>0000</법정동부번코드><법정동시군구코드>11530</법정동시군구코드><법정동읍면동코드>10700</법정동읍면동코드><법정동지번코드>1</법정동지번코드><아파트>현대</아파트><월>11</월><일>9</일><일련번호>11530-91</일련번호><전용면적>59.94</전용면적><중개사소재지>서울 구로구</중개사소재지><지번>481</지번><지역코드>11530</지역코드><층>4</층><해제사유발생일> </해제사유발생일><해제여부> </해제여부></item><item><거래금액>    54,000</거래금액><거래유형>중개거래</거래유형><건축년도>2001</건축년도><년>2022</년><도로명>개봉로20길</도로명><도로명건물본번호코드>00158</도로명건물본번호코드><도로명건물부번호코드>00000</도로명건물부번호코드><도로명시군구코드>11530</도로명시군구코드><도로명일련번호코드>01</도로명일련번호코드><도로명지상지하코드>0</도로명지상지하코드><도로명코드>4148049</도로명코드><법정동> 개봉동</법정동><법정동본번코드>0480</법정동본번코드><법정동부번코드>0000</법정동부번코드><법정동시군구코드>11530</법정동시군구코드><법정동읍면동코드>10700</법정동읍면동코드><법정동지번코드>1</법정동지번코드><아파트>현대홈타운</아파트><월>11</월><일>10</일><일련번호>11530-92</일련번호><전용면적>59.49</전용면적><중개사소재지>서울 구로구, 서울 마포구</중개사소재지><지번>480</지번><지역코드>11530</지역코드><층>3</층><해제사유발생일> </해제사유발생일><해제여부> </해제여부></item><item><거래금액>    52,500</거래금액><거래유형>중개거래</거래유형><건축년도>2001</건축년도><년>2022</년><도로명>개봉로20길</도로명><도로명건물본번호코드>00158</도로명건물본번호코드><도로명건물부번호코드>00000</도로명건물부번호코드><도로명시군구코드>11530</도로명시군구코드><도로명일련번호코드>01</도로명일련번호코드><도로명지상지하코드>0</도로명지상지하코드><도로명코드>4148049</도로명코드><법정동> 개봉동</법정동><법정동본번코드>0480</법정동본번코드><법정동부번코드>0000</법정동부번코드><법정동시군구코드>11530</법정동시군구코드><법정동읍면동코드>10700</법정동읍면동코드><법정동지번코드>1</법정동지번코드><아파트>현대홈타운</아파트><월>11</월><일>21</일><일련번호>11530-92</일련번호><전용면적>59.49</전용면적><중개사소재지>서울 구로구</중개사소재지><지번>480</지번><지역코드>11530</지역코드><층>21</층><해제사유발생일> </해제사유발생일><해제여부> </해제여부></item><item><거래금액>    65,000</거래금액><거래유형>중개거래</거래유형><건축년도>2011</건축년도><년>2022</년><도로명>천왕로</도로명><도로명건물본번호코드>00009</도로명건물본번호코드><도로명건물부번호코드>00000</도로명건물부번호코드><도로명시군구코드>11530</도로명시군구코드><도로명일련번호코드>01</도로명일련번호코드><도로명지상지하코드>0</도로명지상지하코드><도로명코드>3116016</도로명코드><법정동> 천왕동</법정동><법정동본번코드>0275</법정동본번코드><법정동부번코드>0000</법정동부번코드><법정동시군구코드>11530</법정동시군구코드><법정동읍면동코드>11100</법정동읍면동코드><법정동지번코드>1</법정동지번코드><아파트>천왕이펜하우스6단지</아파트><월>11</월><일>28</일><일련번호>11530-3469</일련번호><전용면적>84.97</전용면적><중개사소재지>서울 구로구</중개사소재지><지번>275</지번><지역코드>11530</지역코드><층>7</층><해제사유발생일> </해제사유발생일><해제여부> </해제여부></item></items><numOfRows>999</numOfRows><pageNo>1</pageNo><totalCount>26</totalCount></body></response>