<?xml version="1.0" encoding="UTF-8" standalone="yes"?><response><header><resultCode>00</resultCode><resultMsg>NORMAL SERVICE.</resultMsg></header><body><items><item><거래금액>    39,000</거래금액><거래유형>중개거래</거래유형><건축년도>2003</건축년도><년>2022</년><도로명>능동로</도로명><도로명건물본번호코드>00437</도로명건물본번호코드><도로명건물부번호코드>00000</도로명건물부번호코드><도로명시군구코드>11215</도로명시군구코드><도로명일련번호코드>01</도로명일련번호코드><도로명지상지하코드>0</도로명지상지하코드><도로명코드>3104007</도로명코드><법정동> 중곡동</법정동><법정동본번코드>0168</법정동본번코드><법정동부번코드>0001</법정동부번코드><법정동시군구코드>11215</법정동시군구코드><법정동읍면동코드>10100</법정동읍면동코드><법정동지번코드>1</법정동지번코드><아파트>에이탑</아파트><월>10</월><일>4</일><일련번호>11215-147</일련번호><전용면적>75.32</전용면적><중개사소재지>서울 광진구</중개사소재지><지번>168-1</지번><지역코드>11215</지역코드><층>2</층><해제사유발생일> </해제사유발생일><해제여부> </해제여부></item><item><거래금액>   111,000</거래금액><거래유형>중개거래</거래유형><건축년도>1997</건축년도><년>2022</년><도로명>광나루로56길</도로명><도로명건물본번호코드>00029</도로명건물본번호코드><도로명건물부번호코드>00000</도로명건물부번호코드><도로명시군구코드>11215</도로명시군구코드><도로명일련번호코드>01</도로명일련번호코드><도로명지상지하코드>0</도로명지상지하코드><도로명코드>4112040</도로명코드><법정동> 구의동</법정동><법정동본번코드>0631</법정동본번코드><법정동부번코드>0001</법정동부번코드><법정동시군구코드>11215</법정동시군구코드><법정동읍면동코드>10300</법정동읍면동코드><법정동지번코드>1</법정동지번코드><아파트>현대프라임</아파트><월>10</월><일>6</일><일련번호>11215-33</일련번호><전용면적>59.82</전용면적><중개사소재지>서울 광진구</중개사소재지><지번>631-1</지번><지역코드>11215</지역코드><층>16</층><해제사유발생일> </해제사유발생일><해제여부> </해제여부></item><item><거래금액>   160,000</거래금액><거래유형>직거래</거래유형><건축년도>2021</건축년도><년>2022</년><도로명>광나루로</도로명><도로명건물본번호코드>00458</도로명건물본번호코드><도로명건물부번호코드>00000</도로명건물부번호코드><도로명시군구코드>11215</도로명시군구코드><도로명일련번호코드>00</도로명일련번호코드><도로명코드>3005024</도로명코드><법정동> 구의동</법정동><법정동본번코드>0680</법정동본번코드><법정동부번코드>0000</법정동부번코드><법정동시군구코드>11215</법정동시군구코드><법정동읍면동코드>10300</법정동읍면동코드><법정동지번코드>1</법정동지번코드><아파트>e편한세상광진그랜드파크</아파트><월>10</월><일>23</일><일련번호>11215-4893</일련번호><전용면적>115.9468</전용면적><중개사소재지> </중개사소재지><지번>680</지번><지역코드>11215</지역코드><층>24</층><해제사유발생일> </해제사유발생일><해제여부> </해제여부></item><item><거래금액>   270,000</거래금액><거래유형>중개거래</거래유형><건축년도>1978</건축년도><년>2022</년><도로명>아차산로</도로명><도로명건물본번호코드>00637</도로명건물본번호코드><도로명건물부번호코드>00000</도로명건물부번호코드><도로명시군구코드>11215</도로명시군구코드><도로명일련번호코드>00</도로명일련번호코드><도로명코드>3000002</도로명코드><법정동> 광장동</법정동><법정동본번코드>0145</법정동본번코드><법정동부번코드>0008</법정동부번코드><법정동시군구코드>11215</법정동시군구코드><법정동읍면동코드>10400</법정동읍면동코드><법정동지번코드>1</법정동지번코드><아파트>워커힐</아파트><월>10</월><일>27</일><일련번호>11215-11</일련번호><전용면적>226.45</전용면적><중개사소재지>서울 서초구</중개사소재지><지번>145-8</지번><지역코드>11215</지역코드><층>7</층><해제사유발생일> </해제사유발생일><해제여부> </해제여부></item><item><거래금액>    95,000</거래금액><거래유형>직거래</거래유형><건축년도>2002</건축년도><년>2022</년><도로명>광장로7길</도로명><도로명건물본번호코드>00031</도로명건물본번호코드><도로명건물부번호코드>00000</도로명건물부번호코드><도로명시군구코드>11215</도로명시군구코드><도로명일련번호코드>01</도로명일련번호코드><도로명지상지하코드>0</도로명지상지하코드><도로명코드>4112047</도로명코드><법정동> 광장동</법정동><법정동본번코드>0350</법정동본번코드><법정동부번코드>0001</법정동부번코드><법정동시군구코드>11215</법정동시군구코드><법정동읍면동코드>10400</법정동읍면동코드><법정동지번코드>1</법정동지번코드><아파트>광장동현대Ⅰ빌라트</아파트><월>10</월><일>28</일><일련번호>11215-23</일련번호><전용면적>163.79</전용면적><중개사소재지> </중개사소재지><지번>350-1</지번><지역코드>11215</지역코드><층>1</층><해제사유발생일> </해제사유발생일><해제여부> </해제여부></item><item><거래금액>   188,000</거래금액><거래유형>중개거래</거래유형><건축년도>2007</건축년도><년>2022</년><도로명>아차산로</도로명><도로명건물본번호코드>00262</도로명건물본번호코드><도로명건물부번호코드>00000</도로명건물부번호코드><도로명시군구코드>11215</도로명시군구코드><도로명일련번호코드>03</도로명일련번호코드><도로명지상지하코드>0</도로명지상지하코드><도로명코드>3000002</도로명코드><법정동> 자양동</법정동><법정동본번코드>0227</법정동본번코드><법정동부번코드>0007</법정동부번코드><법정동시군구코드>11215</법정동시군구코드><법정동읍면동코드>10500</법정동읍면동코드><법정동지번코드>1</법정동지번코드><아파트>더샵스타시티</아파트><월>10</월><일>11</일><일련번호>11215-2478</일련번호><전용면적>139.54</전용면적><중개사소재지>서울 광진구</중개사소재지><지번>227-7</지번><지역코드>11215</지역코드><층>4</층><해제사유발생일> </해제사유발생일><해제여부> </해제여부></item><item><거래금액>    80,000</거래금액><거래유형>중개거래</거래유형><건축년도>2003</건축년도><년>2022</년><도로명>아차산로22길</도로명><도로명건물본번호코드>00022</도로명건물본번호코드><도로명건물부번호코드>00000</도로명건물부번호코드><도로명시군구코드>11215</도로명시군구코드><도로명일련번호코드>01</도로명일련번호코드><도로명지상지하코드>0</도로명지상지하코드><도로명코드>4112309</도로명코드><법정동> 자양동</법정동><법정동본번코드>0024</법정동본번코드><법정동부번코드>0028</법정동부번코드><법정동시군구코드>11215</법정동시군구코드><법정동읍면동코드>10500</법정동읍면동코드><법정동지번코드>1</법정동지번코드><아파트>청정(A)</아파트><월>10</월><일>17</일><일련번호>11215-115</일련번호><전용면적>69.09</전용면적><중개사소재지>서울 광진구</중개사소재지><지번>24-28</지번><지역코드>11215</지역코드><층>7</층><해제사유발생일> </해제사유발생일><해제여부> </해제여부></item><item><거래금액>   130,000</거래금액><거래유형>직거래</거래유형><건축년도>1989</건축년도><년>2022</년><도로명>뚝섬로35길</도로명><도로명건물본번호코드>00032</도로명건물본번호코드><도로명건물부번호코드>00000</도로명건물부번호코드><도로명시군구코드>11215</도로명시군구코드><도로명일련번호코드>01</도로명일련번호코드><도로명지상지하코드>0</도로명지상지하코드><도로명코드>4112258</도로명코드><법정동> 자양동</법정동><법정동본번코드>0516</법정동본번코드><법정동부번코드>0000</법정동부번코드><법정동시군구코드>11215</법정동시군구코드><법정동읍면동코드>10500</법정동읍면동코드><법정동지번코드>1</법정동지번코드><아파트>우성3</아파트><월>10</월><일>19</일><일련번호>11215-57</일련번호><전용면적>72.34</전용면적><중개사소재지> </중개사소재지><지번>516</지번><지역코드>11215</지역코드><층>1</층><해제사유발생일> </해제사유발생일><해제여부> </해제여부></item><item><거래금액>    13,000</거래금액><거래유형>중개거래</거래유형><건축년도>2014</건축년도><년>2022</년><도로명>능동로19길</도로명><도로명건물본번호코드>00035</도로명건물본번호코드><도로명건물부번호코드>00000</도로명건물부번호코드><도로명시군구코드>11215</도로명시군구코드><도로명일련번호코드>01</도로명일련번호코드><도로명지상지하코드>0</도로명지상지하코드><도로명코드>4112128</도로명코드><법정동> 화양동</법정동><법정동본번코드>0113</법정동본번코드><법정동부번코드>0001</법정동부번코드><법정동시군구코드>11215</법정동시군구코드><법정동읍면동코드>10700</법정동읍면동코드><법정동지번코드>1</법정동지번코드><아파트>광진코지웰</아파트><월>10</월><일>27</일><일련번호>11215-3509</일련번호><전용면적>14.73</전용면적><중개사소재지>서울 광진구</중개사소재지><지번>113-1</지번><지역코드>11215</지역코드><층>8</층><해제사유발생일> </해제사유발생일><해제여부> </해제여부></item></items><numOfRows>999</numOfRows><pageNo>1</pageNo><totalCount>9</totalCount></body></response>