<?xml version="1.0" encoding="UTF-8" standalone="yes"?><response><header><resultCode>00</resultCode><resultMsg>NORMAL SERVICE.</resultMsg></header><body><items><item><거래금액>    95,000</거래금액><거래유형>중개거래</거래유형><건축년도>2004</건축년도><년>2023</년><도로명>은천로33길</도로명><도로명건물본번호코드>00005</도로명건물본번호코드><도로명건물부번호코드>00000</도로명건물부번호코드><도로명시군구코드>11620</도로명시군구코드><도로명일련번호코드>01</도로명일련번호코드><도로명지상지하코드>0</도로명지상지하코드><도로명코드>4160623</도로명코드><법정동> 봉천동</법정동><법정동본번코드>1719</법정동본번코드><법정동부번코드>0000</법정동부번코드><법정동시군구코드>11620</법정동시군구코드><법정동읍면동코드>10100</법정동읍면동코드><법정동지번코드>1</법정동지번코드><아파트>관악동부센트레빌</아파트><월>1</월><일>2</일><일련번호>11620-144</일련번호><전용면적>84.7</전용면적><중개사소재지>경기 광명시, 서울 관악구</중개사소재지><지번>1719</지번><지역코드>11620</지역코드><층>19</층><해제사유발생일> </해제사유발생일><해제여부> </해제여부></item><item><거래금액>    65,000</거래금액><거래유형>중개거래</거래유형><건축년도>2000</건축년도><년>2023</년><도로명>은천로</도로명><도로명건물본번호코드>00086</도로명건물본번호코드><도로명건물부번호코드>00000</도로명건물부번호코드><도로명시군구코드>11620</도로명시군구코드><도로명일련번호코드>01</도로명일련번호코드><도로명지상지하코드>0</도로명지상지하코드><도로명코드>3120009</도로명코드><법정동> 봉천동</법정동><법정동본번코드>1708</법정동본번코드><법정동부번코드>0000</법정동부번코드><법정동시군구코드>11620</법정동시군구코드><법정동읍면동코드>10100</법정동읍면동코드><법정동지번코드>1</법정동지번코드><아파트>두산</아파트><월>1</월><일>6</일><일련번호>11620-11</일련번호><전용면적>59.92</전용면적><중개사소재지>서울 관악구</중개사소재지><지번>1708</지번><지역코드>11620</지역코드><층>4</층><해제사유발생일> </해제사유발생일><해제여부> </해제여부></item><item><거래금액>    73,000</거래금액><거래유형>중개거래</거래유형><건축년도>1992</건축년도><년>2023</년><도로명>관악로</도로명><도로명건물본번호코드>00304</도로명건물본번호코드><도로명건물부번호코드>00000</도로명건물부번호코드><도로명시군구코드>11620</도로명시군구코드><도로명일련번호코드>01</도로명일련번호코드><도로명지상지하코드>0</도로명지상지하코드><도로명코드>3120001</도로명코드><법정동> 봉천동</법정동><법정동본번코드>1000</법정동본번코드><법정동부번코드>0000</법정동부번코드><법정동시군구코드>11620</법정동시군구코드><법정동읍면동코드>10100</법정동읍면동코드><법정동지번코드>1</법정동지번코드><아파트>현대(관악)</아파트><월>1</월><일>6</일><일련번호>11620-28</일련번호><전용면적>105.84</전용면적><중개사소재지>서울 관악구</중개사소재지><지번>1000</지번><지역코드>11620</지역코드><층>3</층><해제사유발생일> </해제사유발생일><해제여부> </해제여부></item><item><거래금액>    80,000</거래금액><거래유형>중개거래</거래유형><건축년도>2000</건축년도><년>2023</년><도로명>관악로</도로명><도로명건물본번호코드>00285</도로명건물본번호코드><도로명건물부번호코드>00000</도로명건물부번호코드><도로명시군구코드>11620</도로명시군구코드><도로명일련번호코드>01</도로명일련번호코드><도로명지상지하코드>0</도로명지상지하코드><도로명코드>3120001</도로명코드><법정동> 봉천동</법정동><법정동본번코드>1703</법정동본번코드><법정동부번코드>0000</법정동부번코드><법정동시군구코드>11620</법정동시군구코드><법정동읍면동코드>10100</법정동읍면동코드><법정동지번코드>1</법정동지번코드><아파트>봉천동아</아파트><월>1</월><일>7</일><일련번호>11620-9</일련번호><전용면적>84.87</전용면적><중개사소재지>서울 관악구</중개사소재지><지번>1703</지번><지역코드>11620</지역코드><층>12</층><해제사유발생일> </해제사유발생일><해제여부> </해제여부></item><item><거래금액>    17,000</거래금액><거래유형>중개거래</거래유형><건축년도>2018</건축년도><년>2023</년><도로명>쑥고개로</도로명><도로명건물본번호코드>00123</도로명건물본번호코드><도로명건물부번호코드>00000</도로명건물부번호코드><도로명시군구코드>11620</도로명시군구코드><도로명일련번호코드>01</도로명일련번호코드><도로명지상지하코드>0</도로명지상지하코드><도로명코드>3120008</도로명코드><법정동> 봉천동</법정동><법정동본번코드>1568</법정동본번코드><법정동부번코드>0001</법정동부번코드><법정동시군구코드>11620</법정동시군구코드><법정동읍면동코드>10100</법정동읍면동코드><법정동지번코드>1</법정동지번코드><아파트>서울대입구한양아이클래스</아파트><월>1</월><일>7</일><일련번호>11620-5860</일련번호><전용면적>15.96</전용면적><중개사소재지>서울 관악구</중개사소재지><지번>1568-1</지번><지역코드>11620</지역코드><층>10</층><해제사유발생일> </해제사유발생일><해제여부> </해제여부></item><item><거래금액>    12,950</거래금액><거래유형>중개거래</거래유형><건축년도>2012</건축년도><년>2023</년><도로명>남부순환로</도로명><도로명건물본번호코드>01773</도로명건물본번호코드><도로명건물부번호코드>00000</도로명건물부번호코드><도로명시군구코드>11620</도로명시군구코드><도로명일련번호코드>01</도로명일련번호코드><도로명지상지하코드>0</도로명지상지하코드><도로명코드>2000003</도로명코드><법정동> 봉천동</법정동><법정동본번코드>0893</법정동본번코드><법정동부번코드>0012</법정동부번코드><법정동시군구코드>11620</법정동시군구코드><법정동읍면동코드>10100</법정동읍면동코드><법정동지번코드>1</법정동지번코드><아파트>마에스트로캠퍼스타운</아파트><월>1</월><일>7</일><일련번호>11620-4794</일련번호><전용면적>13.15</전용면적><중개사소재지>서울 관악구</중개사소재지><지번>893-12</지번><지역코드>11620</지역코드><층>7</층><해제사유발생일> </해제사유발생일><해제여부> </해제여부></item><item><거래금액>    17,000</거래금액><거래유형>중개거래</거래유형><건축년도>2013</건축년도><년>2023</년><도로명>남부순환로218길</도로명><도로명건물본번호코드>00037</도로명건물본번호코드><도로명건물부번호코드>00000</도로명건물부번호코드><도로명시군구코드>11620</도로명시군구코드><도로명일련번호코드>01</도로명일련번호코드><도로명지상지하코드>0</도로명지상지하코드><도로명코드>4160250</도로명코드><법정동> 봉천동</법정동><법정동본번코드>0867</법정동본번코드><법정동부번코드>0012</법정동부번코드><법정동시군구코드>11620</법정동시군구코드><법정동읍면동코드>10100</법정동읍면동코드><법정동지번코드>1</법정동지번코드><아파트>프라비다2</아파트><월>1</월><일>10</일><일련번호>11620-4853</일련번호><전용면적>19.61</전용면적><중개사소재지>서울 관악구</중개사소재지><지번>867-12</지번><지역코드>11620</지역코드><층>6</층><해제사유발생일> </해제사유발생일><해제여부> </해제여부></item><item><거래금액>    80,000</거래금액><거래유형>중개거래</거래유형><건축년도>2003</건축년도><년>2023</년><도로명>성현로</도로명><도로명건물본번호코드>00080</도로명건물본번호코드><도로명건물부번호코드>00000</도로명건물부번호코드><도로명시군구코드>11620</도로명시군구코드><도로명일련번호코드>01</도로명일련번호코드><도로명지상지하코드>0</도로명지상지하코드><도로명코드>3120004</도로명코드><법정동> 봉천동</법정동><법정동본번코드>1712</법정동본번코드><법정동부번코드>0000</법정동부번코드><법정동시군구코드>11620</법정동시군구코드><법정동읍면동코드>10100</법정동읍면동코드><법정동지번코드>1</법정동지번코드><아파트>관악드림(동아)</아파트><월>1</월><일>11</일><일련번호>11620-4</일련번호><전용면적>84.96</전용면적><중개사소재지>서울 관악구</중개사소재지><지번>1712</지번><지역코드>11620</지역코드><층>10</층><해제사유발생일> </해제사유발생일><해제여부> </해제여부></item><item><거래금액>    97,500</거래금액><거래유형>중개거래</거래유형><건축년도>2000</건축년도><년>2023</년><도로명>은천로</도로명><도로명건물본번호코드>00086</도로명건물본번호코드><도로명건물부번호코드>00000</도로명건물부번호코드><도로명시군구코드>11620</도로명시군구코드><도로명일련번호코드>01</도로명일련번호코드><도로명지상지하코드>0</도로명지상지하코드><도로명코드>3120009</도로명코드><법정동> 봉천동</법정동><법정동본번코드>1708</법정동본번코드><법정동부번코드>0000</법정동부번코드><법정동시군구코드>11620</법정동시군구코드><법정동읍면동코드>10100</법정동읍면동코드><법정동지번코드>1</법정동지번코드><아파트>두산</아파트><월>1</월><일>12</일><일련번호>11620-11</일련번호><전용면적>114.99</전용면적><중개사소재지>서울 관악구</중개사소재지><지번>1708</지번><지역코드>11620</지역코드><층>14</층><해제사유발생일> </해제사유발생일><해제여부> </해제여부></item><item><거래금액>    79,000</거래금액><거래유형>중개거래</거래유형><건축년도>1992</건축년도><년>2023</년><도로명>관악로40길</도로명><도로명건물본번호코드>00060</도로명건물본번호코드><도로명건물부번호코드>00000</도로명건물부번호코드><도로명시군구코드>11620</도로명시군구코드><도로명일련번호코드>01</도로명일련번호코드><도로명지상지하코드>0</도로명지상지하코드><도로명코드>4160021</도로명코드><법정동> 봉천동</법정동><법정동본번코드>1000</법정동본번코드><법정동부번코드>0000</법정동부번코드><법정동시군구코드>11620</법정동시군구코드><법정동읍면동코드>10100</법정동읍면동코드><법정동지번코드>1</법정동지번코드><아파트>현대(관악)</아파트><월>1</월><일>12</일><일련번호>11620-28</일련번호><전용면적>84.74</전용면적><중개사소재지>서울 관악구</중개사소재지><지번>1000</지번><지역코드>11620</지역코드><층>5</층><해제사유발생일> </해제사유발생일><해제여부> </해제여부></item><item><거래금액>    64,800</거래금액><거래유형>중개거래</거래유형><건축년도>2003</건축년도><년>2023</년><도로명>성현로</도로명><도로명건물본번호코드>00080</도로명건물본번호코드><도로명건물부번호코드>00000</도로명건물부번호코드><도로명시군구코드>11620</도로명시군구코드><도로명일련번호코드>01</도로명일련번호코드><도로명지상지하코드>0</도로명지상지하코드><도로명코드>3120004</도로명코드><법정동> 봉천동</법정동><법정동본번코드>1712</법정동본번코드><법정동부번코드>0000</법정동부번코드><법정동시군구코드>11620</법정동시군구코드><법정동읍면동코드>10100</법정동읍면동코드><법정동지번코드>1</법정동지번코드><아파트>관악드림(동아)</아파트><월>1</월><일>14</일><일련번호>11620-4</일련번호><전용면적>60</전용면적><중개사소재지>서울 관악구</중개사소재지><지번>1712</지번><지역코드>11620</지역코드><층>7</층><해제사유발생일> </해제사유발생일><해제여부> </해제여부></item><item><거래금액>    15,000</거래금액><거래유형>중개거래</거래유형><건축년도>1998</건축년도><년>2023</년><도로명>남부순환로</도로명><도로명건물본번호코드>01802</도로명건물본번호코드><도로명건물부번호코드>00000</도로명건물부번호코드><도로명시군구코드>11620</도로명시군구코드><도로명일련번호코드>01</도로명일련번호코드><도로명지상지하코드>0</도로명지상지하코드><도로명코드>2000003</도로명코드><법정동> 봉천동</법정동><법정동본번코드>0875</법정동본번코드><법정동부번코드>0001</법정동부번코드><법정동시군구코드>11620</법정동시군구코드><법정동읍면동코드>10100</법정동읍면동코드><법정동지번코드>1</법정동지번코드><아파트>관악캠퍼스타워</아파트><월>1</월><일>14</일><일련번호>11620-119</일련번호><전용면적>24.96</전용면적><중개사소재지>서울 관악구</중개사소재지><지번>875-1</지번><지역코드>11620</지역코드><층>14</층><해제사유발생일> </해제사유발생일><해제여부> </해제여부></item><item><거래금액>    49,000</거래금액><거래유형>중개거래</거래유형><건축년도>2010</건축년도><년>2023</년><도로명>장군봉1길</도로명><도로명건물본번호코드>00014</도로명건물본번호코드><도로명건물부번호코드>00000</도로명건물부번호코드><도로명시군구코드>11620</도로명시군구코드><도로명일련번호코드>01</도로명일련번호코드><도로명지상지하코드>0</도로명지상지하코드><도로명코드>4160673</도로명코드><법정동> 봉천동</법정동><법정동본번코드>1522</법정동본번코드><법정동부번코드>0031</법정동부번코드><법정동시군구코드>11620</법정동시군구코드><법정동읍면동코드>10100</법정동읍면동코드><법정동지번코드>1</법정동지번코드><아파트>금강아미움(106동)</아파트><월>1</월><일>19</일><일련번호>11620-4570</일련번호><전용면적>71.3453</전용면적><중개사소재지>서울 관악구</중개사소재지><지번>1522-31</지번><지역코드>11620</지역코드><층>1</층><해제사유발생일> </해제사유발생일><해제여부> </해제여부></item><item><거래금액>   100,000</거래금액><거래유형>중개거래</거래유형><건축년도>2019</건축년도><년>2023</년><도로명>청룡16길</도로명><도로명건물본번호코드>00043</도로명건물본번호코드><도로명건물부번호코드>00000</도로명건물부번호코드><도로명시군구코드>11620</도로명시군구코드><도로명일련번호코드>00</도로명일련번호코드><도로명코드>4160717</도로명코드><법정동> 봉천동</법정동><법정동본번코드>1730</법정동본번코드><법정동부번코드>0001</법정동부번코드><법정동시군구코드>11620</법정동시군구코드><법정동읍면동코드>10100</법정동읍면동코드><법정동지번코드>1</법정동지번코드><아파트>e편한세상서울대입구2단지</아파트><월>1</월><일>20</일><일련번호>11620-5926</일련번호><전용면적>84.97</전용면적><중개사소재지>서울 관악구</중개사소재지><지번>1730-1</지번><지역코드>11620</지역코드><층>11</층><해제사유발생일> </해제사유발생일><해제여부> </해제여부></item><item><거래금액>   105,000</거래금액><거래유형>중개거래</거래유형><건축년도>2003</건축년도><년>2023</년><도로명>성현로</도로명><도로명건물본번호코드>00080</도로명건물본번호코드><도로명건물부번호코드>00000</도로명건물부번호코드><도로명시군구코드>11620</도로명시군구코드><도로명일련번호코드>01</도로명일련번호코드><도로명지상지하코드>0</도로명지상지하코드><도로명코드>3120004</도로명코드><법정동> 봉천동</법정동><법정동본번코드>1712</법정동본번코드><법정동부번코드>0000</법정동부번코드><법정동시군구코드>11620</법정동시군구코드><법정동읍면동코드>10100</법정동읍면동코드><법정동지번코드>1</법정동지번코드><아파트>관악드림(동아)</아파트><월>1</월><일>25</일><일련번호>11620-4</일련번호><전용면적>114.75</전용면적><중개사소재지>서울 관악구</중개사소재지><지번>1712</지번><지역코드>11620</지역코드><층>22</층><해제사유발생일> </해제사유발생일><해제여부> </해제여부></item><item><거래금액>    73,000</거래금액><거래유형>중개거래</거래유형><건축년도>2000</건축년도><년>2023</년><도로명>은천로</도로명><도로명건물본번호코드>00086</도로명건물본번호코드><도로명건물부번호코드>00000</도로명건물부번호코드><도로명시군구코드>11620</도로명시군구코드><도로명일련번호코드>01</도로명일련번호코드><도로명지상지하코드>0</도로명지상지하코드><도로명코드>3120009</도로명코드><법정동> 봉천동</법정동><법정동본번코드>1708</법정동본번코드><법정동부번코드>0000</법정동부번코드><법정동시군구코드>11620</법정동시군구코드><법정동읍면동코드>10100</법정동읍면동코드><법정동지번코드>1</법정동지번코드><아파트>두산</아파트><월>1</월><일>26</일><일련번호>11620-11</일련번호><전용면적>59.92</전용면적><중개사소재지>서울 관악구, 서울 송파구</중개사소재지><지번>1708</지번><지역코드>11620</지역코드><층>19</층><해제사유발생일> </해제사유발생일><해제여부> </해제여부></item><item><거래금액>    14,500</거래금액><거래유형>중개거래</거래유형><건축년도>1998</건축년도><년>2023</년><도로명>남부순환로</도로명><도로명건물본번호코드>01802</도로명건물본번호코드><도로명건물부번호코드>00000</도로명건물부번호코드><도로명시군구코드>11620</도로명시군구코드><도로명일련번호코드>01</도로명일련번호코드><도로명지상지하코드>0</도로명지상지하코드><도로명코드>2000003</도로명코드><법정동> 봉천동</법정동><법정동본번코드>0875</법정동본번코드><법정동부번코드>0001</법정동부번코드><법정동시군구코드>11620</법정동시군구코드><법정동읍면동코드>10100</법정동읍면동코드><법정동지번코드>1</법정동지번코드><아파트>관악캠퍼스타워</아파트><월>1</월><일>26</일><일련번호>11620-119</일련번호><전용면적>24.96</전용면적><중개사소재지>서울 관악구</중개사소재지><지번>875-1</지번><지역코드>11620</지역코드><층>17</층><해제사유발생일> </해제사유발생일><해제여부> </해제여부></item><item><거래금액>    31,100</거래금액><거래유형>중개거래</거래유형><건축년도>2014</건축년도><년>2023</년><도로명>남부순환로</도로명><도로명건물본번호코드>01777</도로명건물본번호코드><도로명건물부번호코드>00007</도로명건물부번호코드><도로명시군구코드>11620</도로명시군구코드><도로명일련번호코드>00</도로명일련번호코드><도로명지상지하코드>0</도로명지상지하코드><도로명코드>2000003</도로명코드><법정동> 봉천동</법정동><법정동본번코드>0893</법정동본번코드><법정동부번코드>0001</법정동부번코드><법정동시군구코드>11620</법정동시군구코드><법정동읍면동코드>10100</법정동읍면동코드><법정동지번코드>1</법정동지번코드><아파트>프라비다M</아파트><월>1</월><일>28</일><일련번호>11620-5183</일련번호><전용면적>30.12</전용면적><중개사소재지>서울 관악구</중개사소재지><지번>893-1</지번><지역코드>11620</지역코드><층>19</층><해제사유발생일> </해제사유발생일><해제여부> </해제여부></item><item><거래금액>    67,200</거래금액><거래유형>중개거래</거래유형><건축년도>2000</건축년도><년>2023</년><도로명>봉천로</도로명><도로명건물본번호코드>00387</도로명건물본번호코드><도로명건물부번호코드>00000</도로명건물부번호코드><도로명시군구코드>11620</도로명시군구코드><도로명일련번호코드>01</도로명일련번호코드><도로명지상지하코드>0</도로명지상지하코드><도로명코드>3005083</도로명코드><법정동> 봉천동</법정동><법정동본번코드>1708</법정동본번코드><법정동부번코드>0000</법정동부번코드><법정동시군구코드>11620</법정동시군구코드><법정동읍면동코드>10100</법정동읍면동코드><법정동지번코드>1</법정동지번코드><아파트>두산</아파트><월>1</월><일>30</일><일련번호>11620-11</일련번호><전용면적>59.89</전용면적><중개사소재지>서울 관악구</중개사소재지><지번>1708</지번><지역코드>11620</지역코드><층>3</층><해제사유발생일> </해제사유발생일><해제여부> </해제여부></item><item><거래금액>    59,800</거래금액><거래유형>중개거래</거래유형><건축년도>2008</건축년도><년>2023</년><도로명>난곡로</도로명><도로명건물본번호코드>00055</도로명건물본번호코드><도로명건물부번호코드>00000</도로명건물부번호코드><도로명시군구코드>11620</도로명시군구코드><도로명일련번호코드>01</도로명일련번호코드><도로명지상지하코드>0</도로명지상지하코드><도로명코드>3120003</도로명코드><법정동> 신림동</법정동><법정동본번코드>1735</법정동본번코드><법정동부번코드>0000</법정동부번코드><법정동시군구코드>11620</법정동시군구코드><법정동읍면동코드>10200</법정동읍면동코드><법정동지번코드>1</법정동지번코드><아파트>관악산휴먼시아2단지</아파트><월>1</월><일>6</일><일련번호>11620-4347</일련번호><전용면적>59.99</전용면적><중개사소재지>서울 관악구</중개사소재지><지번>1735</지번><지역코드>11620</지역코드><층>5</층><해제사유발생일> </해제사유발생일><해제여부> </해제여부></item><item><거래금액>    12,600</거래금액><거래유형>중개거래</거래유형><건축년도>2010</건축년도><년>2023</년><도로명>신사로</도로명><도로명건물본번호코드>00082</도로명건물본번호코드><도로명건물부번호코드>00000</도로명건물부번호코드><도로명시군구코드>11620</도로명시군구코드><도로명일련번호코드>01</도로명일련번호코드><도로명지상지하코드>0</도로명지상지하코드><도로명코드>3120006</도로명코드><법정동> 신림동</법정동><법정동본번코드>0534</법정동본번코드><법정동부번코드>0001</법정동부번코드><법정동시군구코드>11620</법정동시군구코드><법정동읍면동코드>10200</법정동읍면동코드><법정동지번코드>1</법정동지번코드><아파트>아데나</아파트><월>1</월><일>9</일><일련번호>11620-4583</일련번호><전용면적>18</전용면적><중개사소재지>서울 동작구</중개사소재지><지번>534-1</지번><지역코드>11620</지역코드><층>4</층><해제사유발생일> </해제사유발생일><해제여부> </해제여부></item><item><거래금액>    50,000</거래금액><거래유형>중개거래</거래유형><건축년도>1992</건축년도><년>2023</년><도로명>미성5길</도로명><도로명건물본번호코드>00033</도로명건물본번호코드><도로명건물부번호코드>00000</도로명건물부번호코드><도로명시군구코드>11620</도로명시군구코드><도로명일련번호코드>01</도로명일련번호코드><도로명지상지하코드>0</도로명지상지하코드><도로명코드>4160347</도로명코드><법정동> 신림동</법정동><법정동본번코드>1563</법정동본번코드><법정동부번코드>0082</법정동부번코드><법정동시군구코드>11620</법정동시군구코드><법정동읍면동코드>10200</법정동읍면동코드><법정동지번코드>1</법정동지번코드><아파트>한양</아파트><월>1</월><일>11</일><일련번호>11620-68</일련번호><전용면적>84.79</전용면적><중개사소재지>서울 관악구</중개사소재지><지번>1563-82</지번><지역코드>11620</지역코드><층>13</층><해제사유발생일> </해제사유발생일><해제여부> </해제여부></item><item><거래금액>    72,000</거래금액><거래유형>중개거래</거래유형><건축년도>2008</건축년도><년>2023</년><도로명>난곡로</도로명><도로명건물본번호코드>00055</도로명건물본번호코드><도로명건물부번호코드>00000</도로명건물부번호코드><도로명시군구코드>11620</도로명시군구코드><도로명일련번호코드>01</도로명일련번호코드><도로명지상지하코드>0</도로명지상지하코드><도로명코드>3120003</도로명코드><법정동> 신림동</법정동><법정동본번코드>1735</법정동본번코드><법정동부번코드>0000</법정동부번코드><법정동시군구코드>11620</법정동시군구코드><법정동읍면동코드>10200</법정동읍면동코드><법정동지번코드>1</법정동지번코드><아파트>관악산휴먼시아2단지</아파트><월>1</월><일>11</일><일련번호>11620-4347</일련번호><전용면적>84.97</전용면적><중개사소재지>서울 관악구</중개사소재지><지번>1735</지번><지역코드>11620</지역코드><층>12</층><해제사유발생일> </해제사유발생일><해제여부> </해제여부></item><item><거래금액>    12,850</거래금액><거래유형>중개거래</거래유형><건축년도>2014</건축년도><년>2023</년><도로명>관천로</도로명><도로명건물본번호코드>00038</도로명건물본번호코드><도로명건물부번호코드>00000</도로명건물부번호코드><도로명시군구코드>11620</도로명시군구코드><도로명일련번호코드>00</도로명일련번호코드><도로명코드>3120002</도로명코드><법정동> 신림동</법정동><법정동본번코드>1639</법정동본번코드><법정동부번코드>0051</법정동부번코드><법정동시군구코드>11620</법정동시군구코드><법정동읍면동코드>10200</법정동읍면동코드><법정동지번코드>1</법정동지번코드><아파트>푸리마타운</아파트><월>1</월><일>13</일><일련번호>11620-5091</일련번호><전용면적>12.95</전용면적><중개사소재지>서울 관악구</중개사소재지><지번>1639-51</지번><지역코드>11620</지역코드><층>10</층><해제사유발생일> </해제사유발생일><해제여부> </해제여부></item><item><거래금액>    64,500</거래금액><거래유형>중개거래</거래유형><건축년도>2008</건축년도><년>2023</년><도로명>난곡로</도로명><도로명건물본번호코드>00055</도로명건물본번호코드><도로명건물부번호코드>00000</도로명건물부번호코드><도로명시군구코드>11620</도로명시군구코드><도로명일련번호코드>01</도로명일련번호코드><도로명지상지하코드>0</도로명지상지하코드><도로명코드>3120003</도로명코드><법정동> 신림동</법정동><법정동본번코드>1735</법정동본번코드><법정동부번코드>0000</법정동부번코드><법정동시군구코드>11620</법정동시군구코드><법정동읍면동코드>10200</법정동읍면동코드><법정동지번코드>1</법정동지번코드><아파트>관악산휴먼시아2단지</아파트><월>1</월><일>20</일><일련번호>11620-4347</일련번호><전용면적>84.97</전용면적><중개사소재지>서울 관악구</중개사소재지><지번>1735</지번><지역코드>11620</지역코드><층>15</층><해제사유발생일> </해제사유발생일><해제여부> </해제여부></item><item><거래금액>    70,000</거래금액><거래유형>직거래</거래유형><건축년도>2020</건축년도><년>2023</년><도로명>신림로</도로명><도로명건물본번호코드>00194</도로명건물본번호코드><도로명건물부번호코드>00000</도로명건물부번호코드><도로명시군구코드>11620</도로명시군구코드><도로명일련번호코드>00</도로명일련번호코드><도로명코드>3120005</도로명코드><법정동> 신림동</법정동><법정동본번코드>1743</법정동본번코드><법정동부번코드>0000</법정동부번코드><법정동시군구코드>11620</법정동시군구코드><법정동읍면동코드>10200</법정동읍면동코드><법정동지번코드>1</법정동지번코드><아파트>앰팰리스아파트</아파트><월>1</월><일>24</일><일련번호>11620-5993</일련번호><전용면적>72.687</전용면적><중개사소재지> </중개사소재지><지번>1743</지번><지역코드>11620</지역코드><층>3</층><해제사유발생일> </해제사유발생일><해제여부> </해제여부></item><item><거래금액>    64,000</거래금액><거래유형>중개거래</거래유형><건축년도>2000</건축년도><년>2023</년><도로명>호암로</도로명><도로명건물본번호코드>00399</도로명건물본번호코드><도로명건물부번호코드>00000</도로명건물부번호코드><도로명시군구코드>11620</도로명시군구코드><도로명일련번호코드>01</도로명일련번호코드><도로명지상지하코드>0</도로명지상지하코드><도로명코드>3000029</도로명코드><법정동> 신림동</법정동><법정동본번코드>1714</법정동본번코드><법정동부번코드>0000</법정동부번코드><법정동시군구코드>11620</법정동시군구코드><법정동읍면동코드>10200</법정동읍면동코드><법정동지번코드>1</법정동지번코드><아파트>삼성산주공(주공3단지)</아파트><월>1</월><일>25</일><일련번호>11620-54</일련번호><전용면적>83.21</전용면적><중개사소재지>서울 관악구</중개사소재지><지번>1714</지번><지역코드>11620</지역코드><층>22</층><해제사유발생일> </해제사유발생일><해제여부> </해제여부></item><item><거래금액>    62,000</거래금액><거래유형>직거래</거래유형><건축년도>2008</건축년도><년>2023</년><도로명>난곡로</도로명><도로명건물본번호코드>00055</도로명건물본번호코드><도로명건물부번호코드>00000</도로명건물부번호코드><도로명시군구코드>11620</도로명시군구코드><도로명일련번호코드>01</도로명일련번호코드><도로명지상지하코드>0</도로명지상지하코드><도로명코드>3120003</도로명코드><법정동> 신림동</법정동><법정동본번코드>1735</법정동본번코드><법정동부번코드>0000</법정동부번코드><법정동시군구코드>11620</법정동시군구코드><법정동읍면동코드>10200</법정동읍면동코드><법정동지번코드>1</법정동지번코드><아파트>관악산휴먼시아2단지</아파트><월>1</월><일>26</일><일련번호>11620-4347</일련번호><전용면적>114.7</전용면적><중개사소재지> </중개사소재지><지번>1735</지번><지역코드>11620</지역코드><층>11</층><해제사유발생일> </해제사유발생일><해제여부> </해제여부></item><item><거래금액>    12,250</거래금액><거래유형>중개거래</거래유형><건축년도>2010</건축년도><년>2023</년><도로명>신사로</도로명><도로명건물본번호코드>00082</도로명건물본번호코드><도로명건물부번호코드>00000</도로명건물부번호코드><도로명시군구코드>11620</도로명시군구코드><도로명일련번호코드>01</도로명일련번호코드><도로명지상지하코드>0</도로명지상지하코드><도로명코드>3120006</도로명코드><법정동> 신림동</법정동><법정동본번코드>0534</법정동본번코드><법정동부번코드>0001</법정동부번코드><법정동시군구코드>11620</법정동시군구코드><법정동읍면동코드>10200</법정동읍면동코드><법정동지번코드>1</법정동지번코드><아파트>아데나</아파트><월>1</월><일>31</일><일련번호>11620-4583</일련번호><전용면적>18</전용면적><중개사소재지>서울 관악구</중개사소재지><지번>534-1</지번><지역코드>11620</지역코드><층>6</층><해제사유발생일> </해제사유발생일><해제여부> </해제여부></item><item><거래금액>    69,000</거래금액><거래유형>중개거래</거래유형><건축년도>2004</건축년도><년>2023</년><도로명>남현7길</도로명><도로명건물본번호코드>00003</도로명건물본번호코드><도로명건물부번호코드>00000</도로명건물부번호코드><도로명시군구코드>11620</도로명시군구코드><도로명일련번호코드>01</도로명일련번호코드><도로명지상지하코드>0</도로명지상지하코드><도로명코드>4160296</도로명코드><법정동> 남현동</법정동><법정동본번코드>1134</법정동본번코드><법정동부번코드>0000</법정동부번코드><법정동시군구코드>11620</법정동시군구코드><법정동읍면동코드>10300</법정동읍면동코드><법정동지번코드>1</법정동지번코드><아파트>예성2차그린캐슬</아파트><월>1</월><일>17</일><일련번호>11620-91</일련번호><전용면적>84.17</전용면적><중개사소재지>서울 동작구</중개사소재지><지번>1134</지번><지역코드>11620</지역코드><층>2</층><해제사유발생일>23.01.17</해제사유발생일><해제여부>O</해제여부></item><item><거래금액>    88,000</거래금액><거래유형>중개거래</거래유형><건축년도>2007</건축년도><년>2023</년><도로명>승방길</도로명><도로명건물본번호코드>00066</도로명건물본번호코드><도로명건물부번호코드>00000</도로명건물부번호코드><도로명시군구코드>11620</도로명시군구코드><도로명일련번호코드>01</도로명일련번호코드><도로명지상지하코드>0</도로명지상지하코드><도로명코드>4160482</도로명코드><법정동> 남현동</법정동><법정동본번코드>1138</법정동본번코드><법정동부번코드>0000</법정동부번코드><법정동시군구코드>11620</법정동시군구코드><법정동읍면동코드>10300</법정동읍면동코드><법정동지번코드>1</법정동지번코드><아파트>예성그랑펠리체</아파트><월>1</월><일>25</일><일련번호>11620-4343</일련번호><전용면적>83.45</전용면적><중개사소재지>서울 관악구</중개사소재지><지번>1138</지번><지역코드>11620</지역코드><층>11</층><해제사유발생일> </해제사유발생일><해제여부> </해제여부></item><item><거래금액>    55,800</거래금액><거래유형>중개거래</거래유형><건축년도>2004</건축년도><년>2023</년><도로명>남부순환로256길</도로명><도로명건물본번호코드>00016</도로명건물본번호코드><도로명건물부번호코드>00000</도로명건물부번호코드><도로명시군구코드>11620</도로명시군구코드><도로명일련번호코드>01</도로명일련번호코드><도로명지상지하코드>0</도로명지상지하코드><도로명코드>4160279</도로명코드><법정동> 남현동</법정동><법정동본번코드>1053</법정동본번코드><법정동부번코드>0005</법정동부번코드><법정동시군구코드>11620</법정동시군구코드><법정동읍면동코드>10300</법정동읍면동코드><법정동지번코드>1</법정동지번코드><아파트>풍산캐슬</아파트><월>1</월><일>30</일><일련번호>11620-169</일련번호><전용면적>91.26</전용면적><중개사소재지>서울 강남구, 서울 관악구</중개사소재지><지번>1053-5</지번><지역코드>11620</지역코드><층>2</층><해제사유발생일> </해제사유발생일><해제여부> </해제여부></item></items><numOfRows>999</numOfRows><pageNo>1</pageNo><totalCount>32</totalCount></body></response>