<?xml version="1.0" encoding="UTF-8" standalone="yes"?><response><header><resultCode>00</resultCode><resultMsg>NORMAL SERVICE.</resultMsg></header><body><items><item><거래금액>    50,000</거래금액><거래유형>중개거래</거래유형><건축년도>1999</건축년도><년>2022</년><도로명>용마산로</도로명><도로명건물본번호코드>00174</도로명건물본번호코드><도로명건물부번호코드>00000</도로명건물부번호코드><도로명시군구코드>11215</도로명시군구코드><도로명일련번호코드>01</도로명일련번호코드><도로명지상지하코드>0</도로명지상지하코드><도로명코드>3005028</도로명코드><법정동> 중곡동</법정동><법정동본번코드>0292</법정동본번코드><법정동부번코드>0000</법정동부번코드><법정동시군구코드>11215</법정동시군구코드><법정동읍면동코드>10100</법정동읍면동코드><법정동지번코드>1</법정동지번코드><아파트>에스케이</아파트><월>12</월><일>13</일><일련번호>11215-87</일련번호><전용면적>58.43</전용면적><중개사소재지>서울 광진구</중개사소재지><지번>292</지번><지역코드>11215</지역코드><층>14</층><해제사유발생일> </해제사유발생일><해제여부> </해제여부></item><item><거래금액>    50,000</거래금액><거래유형>중개거래</거래유형><건축년도>1999</건축년도><년>2022</년><도로명>용마산로</도로명><도로명건물본번호코드>00174</도로명건물본번호코드><도로명건물부번호코드>00000</도로명건물부번호코드><도로명시군구코드>11215</도로명시군구코드><도로명일련번호코드>01</도로명일련번호코드><도로명지상지하코드>0</도로명지상지하코드><도로명코드>3005028</도로명코드><법정동> 중곡동</법정동><법정동본번코드>0292</법정동본번코드><법정동부번코드>0000</법정동부번코드><법정동시군구코드>11215</법정동시군구코드><법정동읍면동코드>10100</법정동읍면동코드><법정동지번코드>1</법정동지번코드><아파트>에스케이</아파트><월>12</월><일>24</일><일련번호>11215-87</일련번호><전용면적>58.43</전용면적><중개사소재지>서울 광진구</중개사소재지><지번>292</지번><지역코드>11215</지역코드><층>10</층><해제사유발생일> </해제사유발생일><해제여부> </해제여부></item><item><거래금액>   140,000</거래금액><거래유형>중개거래</거래유형><건축년도>2021</건축년도><년>2022</년><도로명>광나루로</도로명><도로명건물본번호코드>00458</도로명건물본번호코드><도로명건물부번호코드>00000</도로명건물부번호코드><도로명시군구코드>11215</도로명시군구코드><도로명일련번호코드>00</도로명일련번호코드><도로명코드>3005024</도로명코드><법정동> 구의동</법정동><법정동본번코드>0680</법정동본번코드><법정동부번코드>0000</법정동부번코드><법정동시군구코드>11215</법정동시군구코드><법정동읍면동코드>10300</법정동읍면동코드><법정동지번코드>1</법정동지번코드><아파트>e편한세상광진그랜드파크</아파트><월>12</월><일>8</일><일련번호>11215-4893</일련번호><전용면적>84.9839</전용면적><중개사소재지>서울 광진구</중개사소재지><지번>680</지번><지역코드>11215</지역코드><층>20</층><해제사유발생일> </해제사유발생일><해제여부> </해제여부></item><item><거래금액>    88,000</거래금액><거래유형>중개거래</거래유형><건축년도>1997</건축년도><년>2022</년><도로명>광나루로56길</도로명><도로명건물본번호코드>00029</도로명건물본번호코드><도로명건물부번호코드>00000</도로명건물부번호코드><도로명시군구코드>11215</도로명시군구코드><도로명일련번호코드>01</도로명일련번호코드><도로명지상지하코드>0</도로명지상지하코드><도로명코드>4112040</도로명코드><법정동> 구의동</법정동><법정동본번코드>0631</법정동본번코드><법정동부번코드>0001</법정동부번코드><법정동시군구코드>11215</법정동시군구코드><법정동읍면동코드>10300</법정동읍면동코드><법정동지번코드>1</법정동지번코드><아파트>현대프라임</아파트><월>12</월><일>17</일><일련번호>11215-33</일련번호><전용면적>59.82</전용면적><중개사소재지>서울 광진구</중개사소재지><지번>631-1</지번><지역코드>11215</지역코드><층>5</층><해제사유발생일> </해제사유발생일><해제여부> </해제여부></item><item><거래금액>    89,000</거래금액><거래유형>중개거래</거래유형><건축년도>1997</건축년도><년>2022</년><도로명>광나루로56길</도로명><도로명건물본번호코드>00029</도로명건물본번호코드><도로명건물부번호코드>00000</도로명건물부번호코드><도로명시군구코드>11215</도로명시군구코드><도로명일련번호코드>01</도로명일련번호코드><도로명지상지하코드>0</도로명지상지하코드><도로명코드>4112040</도로명코드><법정동> 구의동</법정동><법정동본번코드>0631</법정동본번코드><법정동부번코드>0001</법정동부번코드><법정동시군구코드>11215</법정동시군구코드><법정동읍면동코드>10300</법정동읍면동코드><법정동지번코드>1</법정동지번코드><아파트>현대프라임</아파트><월>12</월><일>24</일><일련번호>11215-33</일련번호><전용면적>59.82</전용면적><중개사소재지>서울 광진구</중개사소재지><지번>631-1</지번><지역코드>11215</지역코드><층>15</층><해제사유발생일> </해제사유발생일><해제여부> </해제여부></item><item><거래금액>   155,000</거래금액><거래유형>중개거래</거래유형><건축년도>1998</건축년도><년>2022</년><도로명>구천면로</도로명><도로명건물본번호코드>00029</도로명건물본번호코드><도로명건물부번호코드>00000</도로명건물부번호코드><도로명시군구코드>11215</도로명시군구코드><도로명일련번호코드>01</도로명일련번호코드><도로명지상지하코드>0</도로명지상지하코드><도로명코드>3016054</도로명코드><법정동> 광장동</법정동><법정동본번코드>0188</법정동본번코드><법정동부번코드>0027</법정동부번코드><법정동시군구코드>11215</법정동시군구코드><법정동읍면동코드>10400</법정동읍면동코드><법정동지번코드>1</법정동지번코드><아파트>흥화빌라트</아파트><월>12</월><일>12</일><일련번호>11215-22</일련번호><전용면적>202.1</전용면적><중개사소재지>서울 강남구</중개사소재지><지번>188-27</지번><지역코드>11215</지역코드><층>1</층><해제사유발생일>23.03.02</해제사유발생일><해제여부>O</해제여부></item><item><거래금액>    92,000</거래금액><거래유형>중개거래</거래유형><건축년도>1996</건축년도><년>2022</년><도로명>아차산로76길</도로명><도로명건물본번호코드>00031</도로명건물본번호코드><도로명건물부번호코드>00000</도로명건물부번호코드><도로명시군구코드>11215</도로명시군구코드><도로명일련번호코드>00</도로명일련번호코드><도로명코드>4112357</도로명코드><법정동> 광장동</법정동><법정동본번코드>0567</법정동본번코드><법정동부번코드>0000</법정동부번코드><법정동시군구코드>11215</법정동시군구코드><법정동읍면동코드>10400</법정동읍면동코드><법정동지번코드>1</법정동지번코드><아파트>광나루현대</아파트><월>12</월><일>16</일><일련번호>11215-1</일련번호><전용면적>84.92</전용면적><중개사소재지>서울 광진구, 전북 김제시</중개사소재지><지번>567</지번><지역코드>11215</지역코드><층>14</층><해제사유발생일> </해제사유발생일><해제여부> </해제여부></item><item><거래금액>    84,300</거래금액><거래유형>중개거래</거래유형><건축년도>1996</건축년도><년>2022</년><도로명>아차산로</도로명><도로명건물본번호코드>00503</도로명건물본번호코드><도로명건물부번호코드>00023</도로명건물부번호코드><도로명시군구코드>11215</도로명시군구코드><도로명일련번호코드>00</도로명일련번호코드><도로명코드>3000002</도로명코드><법정동> 광장동</법정동><법정동본번코드>0566</법정동본번코드><법정동부번코드>0000</법정동부번코드><법정동시군구코드>11215</법정동시군구코드><법정동읍면동코드>10400</법정동읍면동코드><법정동지번코드>1</법정동지번코드><아파트>청구</아파트><월>12</월><일>30</일><일련번호>11215-14</일련번호><전용면적>59.95</전용면적><중개사소재지>서울 광진구</중개사소재지><지번>566</지번><지역코드>11215</지역코드><층>18</층><해제사유발생일> </해제사유발생일><해제여부> </해제여부></item><item><거래금액>   110,000</거래금액><거래유형>중개거래</거래유형><건축년도>2002</건축년도><년>2022</년><도로명>뚝섬로34길</도로명><도로명건물본번호코드>00032</도로명건물본번호코드><도로명건물부번호코드>00000</도로명건물부번호코드><도로명시군구코드>11215</도로명시군구코드><도로명일련번호코드>01</도로명일련번호코드><도로명지상지하코드>0</도로명지상지하코드><도로명코드>4112257</도로명코드><법정동> 자양동</법정동><법정동본번코드>0790</법정동본번코드><법정동부번코드>0000</법정동부번코드><법정동시군구코드>11215</법정동시군구코드><법정동읍면동코드>10500</법정동읍면동코드><법정동지번코드>1</법정동지번코드><아파트>자양9차현대홈타운</아파트><월>12</월><일>6</일><일련번호>11215-79</일련번호><전용면적>82.56</전용면적><중개사소재지>서울 광진구</중개사소재지><지번>790</지번><지역코드>11215</지역코드><층>5</층><해제사유발생일> </해제사유발생일><해제여부> </해제여부></item><item><거래금액>   135,000</거래금액><거래유형>중개거래</거래유형><건축년도>2002</건축년도><년>2022</년><도로명>뚝섬로36길</도로명><도로명건물본번호코드>00019</도로명건물본번호코드><도로명건물부번호코드>00000</도로명건물부번호코드><도로명시군구코드>11215</도로명시군구코드><도로명일련번호코드>01</도로명일련번호코드><도로명지상지하코드>0</도로명지상지하코드><도로명코드>4112260</도로명코드><법정동> 자양동</법정동><법정동본번코드>0789</법정동본번코드><법정동부번코드>0000</법정동부번코드><법정동시군구코드>11215</법정동시군구코드><법정동읍면동코드>10500</법정동읍면동코드><법정동지번코드>1</법정동지번코드><아파트>자양8차현대홈타운</아파트><월>12</월><일>9</일><일련번호>11215-75</일련번호><전용면적>108.43</전용면적><중개사소재지>서울 광진구</중개사소재지><지번>789</지번><지역코드>11215</지역코드><층>19</층><해제사유발생일>23.02.24</해제사유발생일><해제여부>O</해제여부></item><item><거래금액>   138,000</거래금액><거래유형>중개거래</거래유형><건축년도>2006</건축년도><년>2022</년><도로명>자양로</도로명><도로명건물본번호코드>00109</도로명건물본번호코드><도로명건물부번호코드>00000</도로명건물부번호코드><도로명시군구코드>11215</도로명시군구코드><도로명일련번호코드>03</도로명일련번호코드><도로명지상지하코드>0</도로명지상지하코드><도로명코드>3104010</도로명코드><법정동> 자양동</법정동><법정동본번코드>0779</법정동본번코드><법정동부번코드>0008</법정동부번코드><법정동시군구코드>11215</법정동시군구코드><법정동읍면동코드>10500</법정동읍면동코드><법정동지번코드>1</법정동지번코드><아파트>구의현대홈시티</아파트><월>12</월><일>16</일><일련번호>11215-2467</일련번호><전용면적>114</전용면적><중개사소재지>서울 강동구</중개사소재지><지번>779-8</지번><지역코드>11215</지역코드><층>15</층><해제사유발생일> </해제사유발생일><해제여부> </해제여부></item><item><거래금액>   145,000</거래금액><거래유형>직거래</거래유형><건축년도>2007</건축년도><년>2022</년><도로명>아차산로</도로명><도로명건물본번호코드>00262</도로명건물본번호코드><도로명건물부번호코드>00000</도로명건물부번호코드><도로명시군구코드>11215</도로명시군구코드><도로명일련번호코드>03</도로명일련번호코드><도로명지상지하코드>0</도로명지상지하코드><도로명코드>3000002</도로명코드><법정동> 자양동</법정동><법정동본번코드>0227</법정동본번코드><법정동부번코드>0007</법정동부번코드><법정동시군구코드>11215</법정동시군구코드><법정동읍면동코드>10500</법정동읍면동코드><법정동지번코드>1</법정동지번코드><아파트>더샵스타시티</아파트><월>12</월><일>22</일><일련번호>11215-2478</일련번호><전용면적>100.32</전용면적><중개사소재지> </중개사소재지><지번>227-7</지번><지역코드>11215</지역코드><층>43</층><해제사유발생일> </해제사유발생일><해제여부> </해제여부></item><item><거래금액>   181,717</거래금액><거래유형>직거래</거래유형><건축년도>2007</건축년도><년>2022</년><도로명>아차산로</도로명><도로명건물본번호코드>00262</도로명건물본번호코드><도로명건물부번호코드>00000</도로명건물부번호코드><도로명시군구코드>11215</도로명시군구코드><도로명일련번호코드>03</도로명일련번호코드><도로명지상지하코드>0</도로명지상지하코드><도로명코드>3000002</도로명코드><법정동> 자양동</법정동><법정동본번코드>0227</법정동본번코드><법정동부번코드>0007</법정동부번코드><법정동시군구코드>11215</법정동시군구코드><법정동읍면동코드>10500</법정동읍면동코드><법정동지번코드>1</법정동지번코드><아파트>더샵스타시티</아파트><월>12</월><일>26</일><일련번호>11215-2478</일련번호><전용면적>139.6</전용면적><중개사소재지> </중개사소재지><지번>227-7</지번><지역코드>11215</지역코드><층>44</층><해제사유발생일> </해제사유발생일><해제여부> </해제여부></item><item><거래금액>    17,000</거래금액><거래유형>중개거래</거래유형><건축년도>2017</건축년도><년>2022</년><도로명>광나루로20길</도로명><도로명건물본번호코드>00017</도로명건물본번호코드><도로명건물부번호코드>00000</도로명건물부번호코드><도로명시군구코드>11215</도로명시군구코드><도로명일련번호코드>00</도로명일련번호코드><도로명지상지하코드>0</도로명지상지하코드><도로명코드>4112013</도로명코드><법정동> 화양동</법정동><법정동본번코드>0530</법정동본번코드><법정동부번코드>0000</법정동부번코드><법정동시군구코드>11215</법정동시군구코드><법정동읍면동코드>10700</법정동읍면동코드><법정동지번코드>1</법정동지번코드><아파트>씨즈건대힐스</아파트><월>12</월><일>22</일><일련번호>11215-4313</일련번호><전용면적>14.23</전용면적><중개사소재지>서울 광진구</중개사소재지><지번>530</지번><지역코드>11215</지역코드><층>4</층><해제사유발생일> </해제사유발생일><해제여부> </해제여부></item><item><거래금액>    16,000</거래금액><거래유형>중개거래</거래유형><건축년도>2014</건축년도><년>2022</년><도로명>능동로19길</도로명><도로명건물본번호코드>00035</도로명건물본번호코드><도로명건물부번호코드>00000</도로명건물부번호코드><도로명시군구코드>11215</도로명시군구코드><도로명일련번호코드>01</도로명일련번호코드><도로명지상지하코드>0</도로명지상지하코드><도로명코드>4112128</도로명코드><법정동> 화양동</법정동><법정동본번코드>0113</법정동본번코드><법정동부번코드>0001</법정동부번코드><법정동시군구코드>11215</법정동시군구코드><법정동읍면동코드>10700</법정동읍면동코드><법정동지번코드>1</법정동지번코드><아파트>광진코지웰</아파트><월>12</월><일>23</일><일련번호>11215-3509</일련번호><전용면적>18.63</전용면적><중개사소재지>서울 광진구</중개사소재지><지번>113-1</지번><지역코드>11215</지역코드><층>8</층><해제사유발생일> </해제사유발생일><해제여부> </해제여부></item><item><거래금액>    20,100</거래금액><거래유형>직거래</거래유형><건축년도>2022</건축년도><년>2022</년><도로명>동일로</도로명><도로명건물본번호코드>00174</도로명건물본번호코드><도로명건물부번호코드>00000</도로명건물부번호코드><도로명시군구코드>11215</도로명시군구코드><도로명일련번호코드>00</도로명일련번호코드><도로명코드>3000001</도로명코드><법정동> 화양동</법정동><법정동본번코드>0023</법정동본번코드><법정동부번코드>0005</법정동부번코드><법정동시군구코드>11215</법정동시군구코드><법정동읍면동코드>10700</법정동읍면동코드><법정동지번코드>1</법정동지번코드><아파트>더메종건대</아파트><월>12</월><일>23</일><일련번호>11215-4910</일련번호><전용면적>16.21</전용면적><중개사소재지> </중개사소재지><지번>23-5</지번><지역코드>11215</지역코드><층>4</층><해제사유발생일> </해제사유발생일><해제여부> </해제여부></item><item><거래금액>    18,450</거래금액><거래유형>직거래</거래유형><건축년도>2022</건축년도><년>2022</년><도로명>동일로</도로명><도로명건물본번호코드>00174</도로명건물본번호코드><도로명건물부번호코드>00000</도로명건물부번호코드><도로명시군구코드>11215</도로명시군구코드><도로명일련번호코드>00</도로명일련번호코드><도로명코드>3000001</도로명코드><법정동> 화양동</법정동><법정동본번코드>0023</법정동본번코드><법정동부번코드>0005</법정동부번코드><법정동시군구코드>11215</법정동시군구코드><법정동읍면동코드>10700</법정동읍면동코드><법정동지번코드>1</법정동지번코드><아파트>더메종건대</아파트><월>12</월><일>23</일><일련번호>11215-4910</일련번호><전용면적>14.63</전용면적><중개사소재지> </중개사소재지><지번>23-5</지번><지역코드>11215</지역코드><층>4</층><해제사유발생일> </해제사유발생일><해제여부> </해제여부></item><item><거래금액>    18,250</거래금액><거래유형>직거래</거래유형><건축년도>2022</건축년도><년>2022</년><도로명>동일로</도로명><도로명건물본번호코드>00174</도로명건물본번호코드><도로명건물부번호코드>00000</도로명건물부번호코드><도로명시군구코드>11215</도로명시군구코드><도로명일련번호코드>00</도로명일련번호코드><도로명코드>3000001</도로명코드><법정동> 화양동</법정동><법정동본번코드>0023</법정동본번코드><법정동부번코드>0005</법정동부번코드><법정동시군구코드>11215</법정동시군구코드><법정동읍면동코드>10700</법정동읍면동코드><법정동지번코드>1</법정동지번코드><아파트>더메종건대</아파트><월>12</월><일>23</일><일련번호>11215-4910</일련번호><전용면적>14.63</전용면적><중개사소재지> </중개사소재지><지번>23-5</지번><지역코드>11215</지역코드><층>4</층><해제사유발생일> </해제사유발생일><해제여부> </해제여부></item><item><거래금액>    23,250</거래금액><거래유형>직거래</거래유형><건축년도>2022</건축년도><년>2022</년><도로명>동일로</도로명><도로명건물본번호코드>00174</도로명건물본번호코드><도로명건물부번호코드>00000</도로명건물부번호코드><도로명시군구코드>11215</도로명시군구코드><도로명일련번호코드>00</도로명일련번호코드><도로명코드>3000001</도로명코드><법정동> 화양동</법정동><법정동본번코드>0023</법정동본번코드><법정동부번코드>0005</법정동부번코드><법정동시군구코드>11215</법정동시군구코드><법정동읍면동코드>10700</법정동읍면동코드><법정동지번코드>1</법정동지번코드><아파트>더메종건대</아파트><월>12</월><일>23</일><일련번호>11215-4910</일련번호><전용면적>18.19</전용면적><중개사소재지> </중개사소재지><지번>23-5</지번><지역코드>11215</지역코드><층>4</층><해제사유발생일> </해제사유발생일><해제여부> </해제여부></item><item><거래금액>    22,600</거래금액><거래유형>직거래</거래유형><건축년도>2022</건축년도><년>2022</년><도로명>동일로</도로명><도로명건물본번호코드>00174</도로명건물본번호코드><도로명건물부번호코드>00000</도로명건물부번호코드><도로명시군구코드>11215</도로명시군구코드><도로명일련번호코드>00</도로명일련번호코드><도로명코드>3000001</도로명코드><법정동> 화양동</법정동><법정동본번코드>0023</법정동본번코드><법정동부번코드>0005</법정동부번코드><법정동시군구코드>11215</법정동시군구코드><법정동읍면동코드>10700</법정동읍면동코드><법정동지번코드>1</법정동지번코드><아파트>더메종건대</아파트><월>12</월><일>23</일><일련번호>11215-4910</일련번호><전용면적>17.78</전용면적><중개사소재지> </중개사소재지><지번>23-5</지번><지역코드>11215</지역코드><층>4</층><해제사유발생일> </해제사유발생일><해제여부> </해제여부></item><item><거래금액>    22,600</거래금액><거래유형>직거래</거래유형><건축년도>2022</건축년도><년>2022</년><도로명>동일로</도로명><도로명건물본번호코드>00174</도로명건물본번호코드><도로명건물부번호코드>00000</도로명건물부번호코드><도로명시군구코드>11215</도로명시군구코드><도로명일련번호코드>00</도로명일련번호코드><도로명코드>3000001</도로명코드><법정동> 화양동</법정동><법정동본번코드>0023</법정동본번코드><법정동부번코드>0005</법정동부번코드><법정동시군구코드>11215</법정동시군구코드><법정동읍면동코드>10700</법정동읍면동코드><법정동지번코드>1</법정동지번코드><아파트>더메종건대</아파트><월>12</월><일>23</일><일련번호>11215-4910</일련번호><전용면적>17.78</전용면적><중개사소재지> </중개사소재지><지번>23-5</지번><지역코드>11215</지역코드><층>4</층><해제사유발생일> </해제사유발생일><해제여부> </해제여부></item><item><거래금액>    20,300</거래금액><거래유형>직거래</거래유형><건축년도>2022</건축년도><년>2022</년><도로명>동일로</도로명><도로명건물본번호코드>00174</도로명건물본번호코드><도로명건물부번호코드>00000</도로명건물부번호코드><도로명시군구코드>11215</도로명시군구코드><도로명일련번호코드>00</도로명일련번호코드><도로명코드>3000001</도로명코드><법정동> 화양동</법정동><법정동본번코드>0023</법정동본번코드><법정동부번코드>0005</법정동부번코드><법정동시군구코드>11215</법정동시군구코드><법정동읍면동코드>10700</법정동읍면동코드><법정동지번코드>1</법정동지번코드><아파트>더메종건대</아파트><월>12</월><일>23</일><일련번호>11215-4910</일련번호><전용면적>16.21</전용면적><중개사소재지> </중개사소재지><지번>23-5</지번><지역코드>11215</지역코드><층>5</층><해제사유발생일> </해제사유발생일><해제여부> </해제여부></item><item><거래금액>    18,600</거래금액><거래유형>직거래</거래유형><건축년도>2022</건축년도><년>2022</년><도로명>동일로</도로명><도로명건물본번호코드>00174</도로명건물본번호코드><도로명건물부번호코드>00000</도로명건물부번호코드><도로명시군구코드>11215</도로명시군구코드><도로명일련번호코드>00</도로명일련번호코드><도로명코드>3000001</도로명코드><법정동> 화양동</법정동><법정동본번코드>0023</법정동본번코드><법정동부번코드>0005</법정동부번코드><법정동시군구코드>11215</법정동시군구코드><법정동읍면동코드>10700</법정동읍면동코드><법정동지번코드>1</법정동지번코드><아파트>더메종건대</아파트><월>12</월><일>23</일><일련번호>11215-4910</일련번호><전용면적>14.63</전용면적><중개사소재지> </중개사소재지><지번>23-5</지번><지역코드>11215</지역코드><층>5</층><해제사유발생일> </해제사유발생일><해제여부> </해제여부></item><item><거래금액>    18,400</거래금액><거래유형>직거래</거래유형><건축년도>2022</건축년도><년>2022</년><도로명>동일로</도로명><도로명건물본번호코드>00174</도로명건물본번호코드><도로명건물부번호코드>00000</도로명건물부번호코드><도로명시군구코드>11215</도로명시군구코드><도로명일련번호코드>00</도로명일련번호코드><도로명코드>3000001</도로명코드><법정동> 화양동</법정동><법정동본번코드>0023</법정동본번코드><법정동부번코드>0005</법정동부번코드><법정동시군구코드>11215</법정동시군구코드><법정동읍면동코드>10700</법정동읍면동코드><법정동지번코드>1</법정동지번코드><아파트>더메종건대</아파트><월>12</월><일>23</일><일련번호>11215-4910</일련번호><전용면적>14.63</전용면적><중개사소재지> </중개사소재지><지번>23-5</지번><지역코드>11215</지역코드><층>5</층><해제사유발생일> </해제사유발생일><해제여부> </해제여부></item><item><거래금액>    23,450</거래금액><거래유형>직거래</거래유형><건축년도>2022</건축년도><년>2022</년><도로명>동일로</도로명><도로명건물본번호코드>00174</도로명건물본번호코드><도로명건물부번호코드>00000</도로명건물부번호코드><도로명시군구코드>11215</도로명시군구코드><도로명일련번호코드>00</도로명일련번호코드><도로명코드>3000001</도로명코드><법정동> 화양동</법정동><법정동본번코드>0023</법정동본번코드><법정동부번코드>0005</법정동부번코드><법정동시군구코드>11215</법정동시군구코드><법정동읍면동코드>10700</법정동읍면동코드><법정동지번코드>1</법정동지번코드><아파트>더메종건대</아파트><월>12</월><일>23</일><일련번호>11215-4910</일련번호><전용면적>18.19</전용면적><중개사소재지> </중개사소재지><지번>23-5</지번><지역코드>11215</지역코드><층>5</층><해제사유발생일> </해제사유발생일><해제여부> </해제여부></item><item><거래금액>    22,750</거래금액><거래유형>직거래</거래유형><건축년도>2022</건축년도><년>2022</년><도로명>동일로</도로명><도로명건물본번호코드>00174</도로명건물본번호코드><도로명건물부번호코드>00000</도로명건물부번호코드><도로명시군구코드>11215</도로명시군구코드><도로명일련번호코드>00</도로명일련번호코드><도로명코드>3000001</도로명코드><법정동> 화양동</법정동><법정동본번코드>0023</법정동본번코드><법정동부번코드>0005</법정동부번코드><법정동시군구코드>11215</법정동시군구코드><법정동읍면동코드>10700</법정동읍면동코드><법정동지번코드>1</법정동지번코드><아파트>더메종건대</아파트><월>12</월><일>23</일><일련번호>11215-4910</일련번호><전용면적>17.78</전용면적><중개사소재지> </중개사소재지><지번>23-5</지번><지역코드>11215</지역코드><층>5</층><해제사유발생일> </해제사유발생일><해제여부> </해제여부></item><item><거래금액>    22,750</거래금액><거래유형>직거래</거래유형><건축년도>2022</건축년도><년>2022</년><도로명>동일로</도로명><도로명건물본번호코드>00174</도로명건물본번호코드><도로명건물부번호코드>00000</도로명건물부번호코드><도로명시군구코드>11215</도로명시군구코드><도로명일련번호코드>00</도로명일련번호코드><도로명코드>3000001</도로명코드><법정동> 화양동</법정동><법정동본번코드>0023</법정동본번코드><법정동부번코드>0005</법정동부번코드><법정동시군구코드>11215</법정동시군구코드><법정동읍면동코드>10700</법정동읍면동코드><법정동지번코드>1</법정동지번코드><아파트>더메종건대</아파트><월>12</월><일>23</일><일련번호>11215-4910</일련번호><전용면적>17.78</전용면적><중개사소재지> </중개사소재지><지번>23-5</지번><지역코드>11215</지역코드><층>5</층><해제사유발생일> </해제사유발생일><해제여부> </해제여부></item><item><거래금액>    20,450</거래금액><거래유형>직거래</거래유형><건축년도>2022</건축년도><년>2022</년><도로명>동일로</도로명><도로명건물본번호코드>00174</도로명건물본번호코드><도로명건물부번호코드>00000</도로명건물부번호코드><도로명시군구코드>11215</도로명시군구코드><도로명일련번호코드>00</도로명일련번호코드><도로명코드>3000001</도로명코드><법정동> 화양동</법정동><법정동본번코드>0023</법정동본번코드><법정동부번코드>0005</법정동부번코드><법정동시군구코드>11215</법정동시군구코드><법정동읍면동코드>10700</법정동읍면동코드><법정동지번코드>1</법정동지번코드><아파트>더메종건대</아파트><월>12</월><일>23</일><일련번호>11215-4910</일련번호><전용면적>16.21</전용면적><중개사소재지> </중개사소재지><지번>23-5</지번><지역코드>11215</지역코드><층>6</층><해제사유발생일> </해제사유발생일><해제여부> </해제여부></item><item><거래금액>    18,700</거래금액><거래유형>직거래</거래유형><건축년도>2022</건축년도><년>2022</년><도로명>동일로</도로명><도로명건물본번호코드>00174</도로명건물본번호코드><도로명건물부번호코드>00000</도로명건물부번호코드><도로명시군구코드>11215</도로명시군구코드><도로명일련번호코드>00</도로명일련번호코드><도로명코드>3000001</도로명코드><법정동> 화양동</법정동><법정동본번코드>0023</법정동본번코드><법정동부번코드>0005</법정동부번코드><법정동시군구코드>11215</법정동시군구코드><법정동읍면동코드>10700</법정동읍면동코드><법정동지번코드>1</법정동지번코드><아파트>더메종건대</아파트><월>12</월><일>23</일><일련번호>11215-4910</일련번호><전용면적>14.63</전용면적><중개사소재지> </중개사소재지><지번>23-5</지번><지역코드>11215</지역코드><층>6</층><해제사유발생일> </해제사유발생일><해제여부> </해제여부></item><item><거래금액>    18,500</거래금액><거래유형>직거래</거래유형><건축년도>2022</건축년도><년>2022</년><도로명>동일로</도로명><도로명건물본번호코드>00174</도로명건물본번호코드><도로명건물부번호코드>00000</도로명건물부번호코드><도로명시군구코드>11215</도로명시군구코드><도로명일련번호코드>00</도로명일련번호코드><도로명코드>3000001</도로명코드><법정동> 화양동</법정동><법정동본번코드>0023</법정동본번코드><법정동부번코드>0005</법정동부번코드><법정동시군구코드>11215</법정동시군구코드><법정동읍면동코드>10700</법정동읍면동코드><법정동지번코드>1</법정동지번코드><아파트>더메종건대</아파트><월>12</월><일>23</일><일련번호>11215-4910</일련번호><전용면적>14.63</전용면적><중개사소재지> </중개사소재지><지번>23-5</지번><지역코드>11215</지역코드><층>6</층><해제사유발생일> </해제사유발생일><해제여부> </해제여부></item><item><거래금액>    22,900</거래금액><거래유형>직거래</거래유형><건축년도>2022</건축년도><년>2022</년><도로명>동일로</도로명><도로명건물본번호코드>00174</도로명건물본번호코드><도로명건물부번호코드>00000</도로명건물부번호코드><도로명시군구코드>11215</도로명시군구코드><도로명일련번호코드>00</도로명일련번호코드><도로명코드>3000001</도로명코드><법정동> 화양동</법정동><법정동본번코드>0023</법정동본번코드><법정동부번코드>0005</법정동부번코드><법정동시군구코드>11215</법정동시군구코드><법정동읍면동코드>10700</법정동읍면동코드><법정동지번코드>1</법정동지번코드><아파트>더메종건대</아파트><월>12</월><일>23</일><일련번호>11215-4910</일련번호><전용면적>17.78</전용면적><중개사소재지> </중개사소재지><지번>23-5</지번><지역코드>11215</지역코드><층>6</층><해제사유발생일> </해제사유발생일><해제여부> </해제여부></item><item><거래금액>    22,900</거래금액><거래유형>직거래</거래유형><건축년도>2022</건축년도><년>2022</년><도로명>동일로</도로명><도로명건물본번호코드>00174</도로명건물본번호코드><도로명건물부번호코드>00000</도로명건물부번호코드><도로명시군구코드>11215</도로명시군구코드><도로명일련번호코드>00</도로명일련번호코드><도로명코드>3000001</도로명코드><법정동> 화양동</법정동><법정동본번코드>0023</법정동본번코드><법정동부번코드>0005</법정동부번코드><법정동시군구코드>11215</법정동시군구코드><법정동읍면동코드>10700</법정동읍면동코드><법정동지번코드>1</법정동지번코드><아파트>더메종건대</아파트><월>12</월><일>23</일><일련번호>11215-4910</일련번호><전용면적>17.78</전용면적><중개사소재지> </중개사소재지><지번>23-5</지번><지역코드>11215</지역코드><층>6</층><해제사유발생일> </해제사유발생일><해제여부> </해제여부></item><item><거래금액>    18,750</거래금액><거래유형>직거래</거래유형><건축년도>2022</건축년도><년>2022</년><도로명>동일로</도로명><도로명건물본번호코드>00174</도로명건물본번호코드><도로명건물부번호코드>00000</도로명건물부번호코드><도로명시군구코드>11215</도로명시군구코드><도로명일련번호코드>00</도로명일련번호코드><도로명코드>3000001</도로명코드><법정동> 화양동</법정동><법정동본번코드>0023</법정동본번코드><법정동부번코드>0005</법정동부번코드><법정동시군구코드>11215</법정동시군구코드><법정동읍면동코드>10700</법정동읍면동코드><법정동지번코드>1</법정동지번코드><아파트>더메종건대</아파트><월>12</월><일>23</일><일련번호>11215-4910</일련번호><전용면적>14.63</전용면적><중개사소재지> </중개사소재지><지번>23-5</지번><지역코드>11215</지역코드><층>7</층><해제사유발생일> </해제사유발생일><해제여부> </해제여부></item><item><거래금액>    23,700</거래금액><거래유형>직거래</거래유형><건축년도>2022</건축년도><년>2022</년><도로명>동일로</도로명><도로명건물본번호코드>00174</도로명건물본번호코드><도로명건물부번호코드>00000</도로명건물부번호코드><도로명시군구코드>11215</도로명시군구코드><도로명일련번호코드>00</도로명일련번호코드><도로명코드>3000001</도로명코드><법정동> 화양동</법정동><법정동본번코드>0023</법정동본번코드><법정동부번코드>0005</법정동부번코드><법정동시군구코드>11215</법정동시군구코드><법정동읍면동코드>10700</법정동읍면동코드><법정동지번코드>1</법정동지번코드><아파트>더메종건대</아파트><월>12</월><일>23</일><일련번호>11215-4910</일련번호><전용면적>18.19</전용면적><중개사소재지> </중개사소재지><지번>23-5</지번><지역코드>11215</지역코드><층>7</층><해제사유발생일> </해제사유발생일><해제여부> </해제여부></item><item><거래금액>    22,950</거래금액><거래유형>직거래</거래유형><건축년도>2022</건축년도><년>2022</년><도로명>동일로</도로명><도로명건물본번호코드>00174</도로명건물본번호코드><도로명건물부번호코드>00000</도로명건물부번호코드><도로명시군구코드>11215</도로명시군구코드><도로명일련번호코드>00</도로명일련번호코드><도로명코드>3000001</도로명코드><법정동> 화양동</법정동><법정동본번코드>0023</법정동본번코드><법정동부번코드>0005</법정동부번코드><법정동시군구코드>11215</법정동시군구코드><법정동읍면동코드>10700</법정동읍면동코드><법정동지번코드>1</법정동지번코드><아파트>더메종건대</아파트><월>12</월><일>23</일><일련번호>11215-4910</일련번호><전용면적>17.78</전용면적><중개사소재지> </중개사소재지><지번>23-5</지번><지역코드>11215</지역코드><층>7</층><해제사유발생일> </해제사유발생일><해제여부> </해제여부></item><item><거래금액>    22,900</거래금액><거래유형>직거래</거래유형><건축년도>2022</건축년도><년>2022</년><도로명>동일로</도로명><도로명건물본번호코드>00174</도로명건물본번호코드><도로명건물부번호코드>00000</도로명건물부번호코드><도로명시군구코드>11215</도로명시군구코드><도로명일련번호코드>00</도로명일련번호코드><도로명코드>3000001</도로명코드><법정동> 화양동</법정동><법정동본번코드>0023</법정동본번코드><법정동부번코드>0005</법정동부번코드><법정동시군구코드>11215</법정동시군구코드><법정동읍면동코드>10700</법정동읍면동코드><법정동지번코드>1</법정동지번코드><아파트>더메종건대</아파트><월>12</월><일>23</일><일련번호>11215-4910</일련번호><전용면적>16.21</전용면적><중개사소재지> </중개사소재지><지번>23-5</지번><지역코드>11215</지역코드><층>8</층><해제사유발생일> </해제사유발생일><해제여부> </해제여부></item><item><거래금액>    20,950</거래금액><거래유형>직거래</거래유형><건축년도>2022</건축년도><년>2022</년><도로명>동일로</도로명><도로명건물본번호코드>00174</도로명건물본번호코드><도로명건물부번호코드>00000</도로명건물부번호코드><도로명시군구코드>11215</도로명시군구코드><도로명일련번호코드>00</도로명일련번호코드><도로명코드>3000001</도로명코드><법정동> 화양동</법정동><법정동본번코드>0023</법정동본번코드><법정동부번코드>0005</법정동부번코드><법정동시군구코드>11215</법정동시군구코드><법정동읍면동코드>10700</법정동읍면동코드><법정동지번코드>1</법정동지번코드><아파트>더메종건대</아파트><월>12</월><일>23</일><일련번호>11215-4910</일련번호><전용면적>14.63</전용면적><중개사소재지> </중개사소재지><지번>23-5</지번><지역코드>11215</지역코드><층>8</층><해제사유발생일> </해제사유발생일><해제여부> </해제여부></item><item><거래금액>    20,750</거래금액><거래유형>직거래</거래유형><건축년도>2022</건축년도><년>2022</년><도로명>동일로</도로명><도로명건물본번호코드>00174</도로명건물본번호코드><도로명건물부번호코드>00000</도로명건물부번호코드><도로명시군구코드>11215</도로명시군구코드><도로명일련번호코드>00</도로명일련번호코드><도로명코드>3000001</도로명코드><법정동> 화양동</법정동><법정동본번코드>0023</법정동본번코드><법정동부번코드>0005</법정동부번코드><법정동시군구코드>11215</법정동시군구코드><법정동읍면동코드>10700</법정동읍면동코드><법정동지번코드>1</법정동지번코드><아파트>더메종건대</아파트><월>12</월><일>23</일><일련번호>11215-4910</일련번호><전용면적>14.63</전용면적><중개사소재지> </중개사소재지><지번>23-5</지번><지역코드>11215</지역코드><층>8</층><해제사유발생일> </해제사유발생일><해제여부> </해제여부></item><item><거래금액>    26,350</거래금액><거래유형>직거래</거래유형><건축년도>2022</건축년도><년>2022</년><도로명>동일로</도로명><도로명건물본번호코드>00174</도로명건물본번호코드><도로명건물부번호코드>00000</도로명건물부번호코드><도로명시군구코드>11215</도로명시군구코드><도로명일련번호코드>00</도로명일련번호코드><도로명코드>3000001</도로명코드><법정동> 화양동</법정동><법정동본번코드>0023</법정동본번코드><법정동부번코드>0005</법정동부번코드><법정동시군구코드>11215</법정동시군구코드><법정동읍면동코드>10700</법정동읍면동코드><법정동지번코드>1</법정동지번코드><아파트>더메종건대</아파트><월>12</월><일>23</일><일련번호>11215-4910</일련번호><전용면적>18.19</전용면적><중개사소재지> </중개사소재지><지번>23-5</지번><지역코드>11215</지역코드><층>8</층><해제사유발생일> </해제사유발생일><해제여부> </해제여부></item><item><거래금액>    25,600</거래금액><거래유형>직거래</거래유형><건축년도>2022</건축년도><년>2022</년><도로명>동일로</도로명><도로명건물본번호코드>00174</도로명건물본번호코드><도로명건물부번호코드>00000</도로명건물부번호코드><도로명시군구코드>11215</도로명시군구코드><도로명일련번호코드>00</도로명일련번호코드><도로명코드>3000001</도로명코드><법정동> 화양동</법정동><법정동본번코드>0023</법정동본번코드><법정동부번코드>0005</법정동부번코드><법정동시군구코드>11215</법정동시군구코드><법정동읍면동코드>10700</법정동읍면동코드><법정동지번코드>1</법정동지번코드><아파트>더메종건대</아파트><월>12</월><일>23</일><일련번호>11215-4910</일련번호><전용면적>17.78</전용면적><중개사소재지> </중개사소재지><지번>23-5</지번><지역코드>11215</지역코드><층>8</층><해제사유발생일> </해제사유발생일><해제여부> </해제여부></item><item><거래금액>    25,600</거래금액><거래유형>직거래</거래유형><건축년도>2022</건축년도><년>2022</년><도로명>동일로</도로명><도로명건물본번호코드>00174</도로명건물본번호코드><도로명건물부번호코드>00000</도로명건물부번호코드><도로명시군구코드>11215</도로명시군구코드><도로명일련번호코드>00</도로명일련번호코드><도로명코드>3000001</도로명코드><법정동> 화양동</법정동><법정동본번코드>0023</법정동본번코드><법정동부번코드>0005</법정동부번코드><법정동시군구코드>11215</법정동시군구코드><법정동읍면동코드>10700</법정동읍면동코드><법정동지번코드>1</법정동지번코드><아파트>더메종건대</아파트><월>12</월><일>23</일><일련번호>11215-4910</일련번호><전용면적>17.78</전용면적><중개사소재지> </중개사소재지><지번>23-5</지번><지역코드>11215</지역코드><층>8</층><해제사유발생일> </해제사유발생일><해제여부> </해제여부></item><item><거래금액>    22,950</거래금액><거래유형>직거래</거래유형><건축년도>2022</건축년도><년>2022</년><도로명>동일로</도로명><도로명건물본번호코드>00174</도로명건물본번호코드><도로명건물부번호코드>00000</도로명건물부번호코드><도로명시군구코드>11215</도로명시군구코드><도로명일련번호코드>00</도로명일련번호코드><도로명코드>3000001</도로명코드><법정동> 화양동</법정동><법정동본번코드>0023</법정동본번코드><법정동부번코드>0005</법정동부번코드><법정동시군구코드>11215</법정동시군구코드><법정동읍면동코드>10700</법정동읍면동코드><법정동지번코드>1</법정동지번코드><아파트>더메종건대</아파트><월>12</월><일>23</일><일련번호>11215-4910</일련번호><전용면적>16.21</전용면적><중개사소재지> </중개사소재지><지번>23-5</지번><지역코드>11215</지역코드><층>9</층><해제사유발생일> </해제사유발생일><해제여부> </해제여부></item><item><거래금액>    21,000</거래금액><거래유형>직거래</거래유형><건축년도>2022</건축년도><년>2022</년><도로명>동일로</도로명><도로명건물본번호코드>00174</도로명건물본번호코드><도로명건물부번호코드>00000</도로명건물부번호코드><도로명시군구코드>11215</도로명시군구코드><도로명일련번호코드>00</도로명일련번호코드><도로명코드>3000001</도로명코드><법정동> 화양동</법정동><법정동본번코드>0023</법정동본번코드><법정동부번코드>0005</법정동부번코드><법정동시군구코드>11215</법정동시군구코드><법정동읍면동코드>10700</법정동읍면동코드><법정동지번코드>1</법정동지번코드><아파트>더메종건대</아파트><월>12</월><일>23</일><일련번호>11215-4910</일련번호><전용면적>14.63</전용면적><중개사소재지> </중개사소재지><지번>23-5</지번><지역코드>11215</지역코드><층>9</층><해제사유발생일> </해제사유발생일><해제여부> </해제여부></item><item><거래금액>    20,800</거래금액><거래유형>직거래</거래유형><건축년도>2022</건축년도><년>2022</년><도로명>동일로</도로명><도로명건물본번호코드>00174</도로명건물본번호코드><도로명건물부번호코드>00000</도로명건물부번호코드><도로명시군구코드>11215</도로명시군구코드><도로명일련번호코드>00</도로명일련번호코드><도로명코드>3000001</도로명코드><법정동> 화양동</법정동><법정동본번코드>0023</법정동본번코드><법정동부번코드>0005</법정동부번코드><법정동시군구코드>11215</법정동시군구코드><법정동읍면동코드>10700</법정동읍면동코드><법정동지번코드>1</법정동지번코드><아파트>더메종건대</아파트><월>12</월><일>23</일><일련번호>11215-4910</일련번호><전용면적>14.63</전용면적><중개사소재지> </중개사소재지><지번>23-5</지번><지역코드>11215</지역코드><층>9</층><해제사유발생일> </해제사유발생일><해제여부> </해제여부></item><item><거래금액>    25,650</거래금액><거래유형>직거래</거래유형><건축년도>2022</건축년도><년>2022</년><도로명>동일로</도로명><도로명건물본번호코드>00174</도로명건물본번호코드><도로명건물부번호코드>00000</도로명건물부번호코드><도로명시군구코드>11215</도로명시군구코드><도로명일련번호코드>00</도로명일련번호코드><도로명코드>3000001</도로명코드><법정동> 화양동</법정동><법정동본번코드>0023</법정동본번코드><법정동부번코드>0005</법정동부번코드><법정동시군구코드>11215</법정동시군구코드><법정동읍면동코드>10700</법정동읍면동코드><법정동지번코드>1</법정동지번코드><아파트>더메종건대</아파트><월>12</월><일>23</일><일련번호>11215-4910</일련번호><전용면적>17.78</전용면적><중개사소재지> </중개사소재지><지번>23-5</지번><지역코드>11215</지역코드><층>9</층><해제사유발생일> </해제사유발생일><해제여부> </해제여부></item><item><거래금액>    25,650</거래금액><거래유형>직거래</거래유형><건축년도>2022</건축년도><년>2022</년><도로명>동일로</도로명><도로명건물본번호코드>00174</도로명건물본번호코드><도로명건물부번호코드>00000</도로명건물부번호코드><도로명시군구코드>11215</도로명시군구코드><도로명일련번호코드>00</도로명일련번호코드><도로명코드>3000001</도로명코드><법정동> 화양동</법정동><법정동본번코드>0023</법정동본번코드><법정동부번코드>0005</법정동부번코드><법정동시군구코드>11215</법정동시군구코드><법정동읍면동코드>10700</법정동읍면동코드><법정동지번코드>1</법정동지번코드><아파트>더메종건대</아파트><월>12</월><일>23</일><일련번호>11215-4910</일련번호><전용면적>17.78</전용면적><중개사소재지> </중개사소재지><지번>23-5</지번><지역코드>11215</지역코드><층>9</층><해제사유발생일> </해제사유발생일><해제여부> </해제여부></item><item><거래금액>    23,000</거래금액><거래유형>직거래</거래유형><건축년도>2022</건축년도><년>2022</년><도로명>동일로</도로명><도로명건물본번호코드>00174</도로명건물본번호코드><도로명건물부번호코드>00000</도로명건물부번호코드><도로명시군구코드>11215</도로명시군구코드><도로명일련번호코드>00</도로명일련번호코드><도로명코드>3000001</도로명코드><법정동> 화양동</법정동><법정동본번코드>0023</법정동본번코드><법정동부번코드>0005</법정동부번코드><법정동시군구코드>11215</법정동시군구코드><법정동읍면동코드>10700</법정동읍면동코드><법정동지번코드>1</법정동지번코드><아파트>더메종건대</아파트><월>12</월><일>23</일><일련번호>11215-4910</일련번호><전용면적>16.21</전용면적><중개사소재지> </중개사소재지><지번>23-5</지번><지역코드>11215</지역코드><층>10</층><해제사유발생일> </해제사유발생일><해제여부> </해제여부></item><item><거래금액>    21,050</거래금액><거래유형>직거래</거래유형><건축년도>2022</건축년도><년>2022</년><도로명>동일로</도로명><도로명건물본번호코드>00174</도로명건물본번호코드><도로명건물부번호코드>00000</도로명건물부번호코드><도로명시군구코드>11215</도로명시군구코드><도로명일련번호코드>00</도로명일련번호코드><도로명코드>3000001</도로명코드><법정동> 화양동</법정동><법정동본번코드>0023</법정동본번코드><법정동부번코드>0005</법정동부번코드><법정동시군구코드>11215</법정동시군구코드><법정동읍면동코드>10700</법정동읍면동코드><법정동지번코드>1</법정동지번코드><아파트>더메종건대</아파트><월>12</월><일>23</일><일련번호>11215-4910</일련번호><전용면적>14.63</전용면적><중개사소재지> </중개사소재지><지번>23-5</지번><지역코드>11215</지역코드><층>10</층><해제사유발생일> </해제사유발생일><해제여부> </해제여부></item><item><거래금액>    20,850</거래금액><거래유형>직거래</거래유형><건축년도>2022</건축년도><년>2022</년><도로명>동일로</도로명><도로명건물본번호코드>00174</도로명건물본번호코드><도로명건물부번호코드>00000</도로명건물부번호코드><도로명시군구코드>11215</도로명시군구코드><도로명일련번호코드>00</도로명일련번호코드><도로명코드>3000001</도로명코드><법정동> 화양동</법정동><법정동본번코드>0023</법정동본번코드><법정동부번코드>0005</법정동부번코드><법정동시군구코드>11215</법정동시군구코드><법정동읍면동코드>10700</법정동읍면동코드><법정동지번코드>1</법정동지번코드><아파트>더메종건대</아파트><월>12</월><일>23</일><일련번호>11215-4910</일련번호><전용면적>14.63</전용면적><중개사소재지> </중개사소재지><지번>23-5</지번><지역코드>11215</지역코드><층>10</층><해제사유발생일> </해제사유발생일><해제여부> </해제여부></item><item><거래금액>    26,500</거래금액><거래유형>직거래</거래유형><건축년도>2022</건축년도><년>2022</년><도로명>동일로</도로명><도로명건물본번호코드>00174</도로명건물본번호코드><도로명건물부번호코드>00000</도로명건물부번호코드><도로명시군구코드>11215</도로명시군구코드><도로명일련번호코드>00</도로명일련번호코드><도로명코드>3000001</도로명코드><법정동> 화양동</법정동><법정동본번코드>0023</법정동본번코드><법정동부번코드>0005</법정동부번코드><법정동시군구코드>11215</법정동시군구코드><법정동읍면동코드>10700</법정동읍면동코드><법정동지번코드>1</법정동지번코드><아파트>더메종건대</아파트><월>12</월><일>23</일><일련번호>11215-4910</일련번호><전용면적>18.19</전용면적><중개사소재지> </중개사소재지><지번>23-5</지번><지역코드>11215</지역코드><층>10</층><해제사유발생일> </해제사유발생일><해제여부> </해제여부></item><item><거래금액>    25,750</거래금액><거래유형>직거래</거래유형><건축년도>2022</건축년도><년>2022</년><도로명>동일로</도로명><도로명건물본번호코드>00174</도로명건물본번호코드><도로명건물부번호코드>00000</도로명건물부번호코드><도로명시군구코드>11215</도로명시군구코드><도로명일련번호코드>00</도로명일련번호코드><도로명코드>3000001</도로명코드><법정동> 화양동</법정동><법정동본번코드>0023</법정동본번코드><법정동부번코드>0005</법정동부번코드><법정동시군구코드>11215</법정동시군구코드><법정동읍면동코드>10700</법정동읍면동코드><법정동지번코드>1</법정동지번코드><아파트>더메종건대</아파트><월>12</월><일>23</일><일련번호>11215-4910</일련번호><전용면적>17.78</전용면적><중개사소재지> </중개사소재지><지번>23-5</지번><지역코드>11215</지역코드><층>10</층><해제사유발생일> </해제사유발생일><해제여부> </해제여부></item><item><거래금액>    25,750</거래금액><거래유형>직거래</거래유형><건축년도>2022</건축년도><년>2022</년><도로명>동일로</도로명><도로명건물본번호코드>00174</도로명건물본번호코드><도로명건물부번호코드>00000</도로명건물부번호코드><도로명시군구코드>11215</도로명시군구코드><도로명일련번호코드>00</도로명일련번호코드><도로명코드>3000001</도로명코드><법정동> 화양동</법정동><법정동본번코드>0023</법정동본번코드><법정동부번코드>0005</법정동부번코드><법정동시군구코드>11215</법정동시군구코드><법정동읍면동코드>10700</법정동읍면동코드><법정동지번코드>1</법정동지번코드><아파트>더메종건대</아파트><월>12</월><일>23</일><일련번호>11215-4910</일련번호><전용면적>17.78</전용면적><중개사소재지> </중개사소재지><지번>23-5</지번><지역코드>11215</지역코드><층>10</층><해제사유발생일> </해제사유발생일><해제여부> </해제여부></item><item><거래금액>    21,050</거래금액><거래유형>직거래</거래유형><건축년도>2022</건축년도><년>2022</년><도로명>동일로</도로명><도로명건물본번호코드>00174</도로명건물본번호코드><도로명건물부번호코드>00000</도로명건물부번호코드><도로명시군구코드>11215</도로명시군구코드><도로명일련번호코드>00</도로명일련번호코드><도로명코드>3000001</도로명코드><법정동> 화양동</법정동><법정동본번코드>0023</법정동본번코드><법정동부번코드>0005</법정동부번코드><법정동시군구코드>11215</법정동시군구코드><법정동읍면동코드>10700</법정동읍면동코드><법정동지번코드>1</법정동지번코드><아파트>더메종건대</아파트><월>12</월><일>23</일><일련번호>11215-4910</일련번호><전용면적>14.63</전용면적><중개사소재지> </중개사소재지><지번>23-5</지번><지역코드>11215</지역코드><층>11</층><해제사유발생일> </해제사유발생일><해제여부> </해제여부></item><item><거래금액>    20,850</거래금액><거래유형>직거래</거래유형><건축년도>2022</건축년도><년>2022</년><도로명>동일로</도로명><도로명건물본번호코드>00174</도로명건물본번호코드><도로명건물부번호코드>00000</도로명건물부번호코드><도로명시군구코드>11215</도로명시군구코드><도로명일련번호코드>00</도로명일련번호코드><도로명코드>3000001</도로명코드><법정동> 화양동</법정동><법정동본번코드>0023</법정동본번코드><법정동부번코드>0005</법정동부번코드><법정동시군구코드>11215</법정동시군구코드><법정동읍면동코드>10700</법정동읍면동코드><법정동지번코드>1</법정동지번코드><아파트>더메종건대</아파트><월>12</월><일>23</일><일련번호>11215-4910</일련번호><전용면적>14.63</전용면적><중개사소재지> </중개사소재지><지번>23-5</지번><지역코드>11215</지역코드><층>11</층><해제사유발생일> </해제사유발생일><해제여부> </해제여부></item><item><거래금액>    25,750</거래금액><거래유형>직거래</거래유형><건축년도>2022</건축년도><년>2022</년><도로명>동일로</도로명><도로명건물본번호코드>00174</도로명건물본번호코드><도로명건물부번호코드>00000</도로명건물부번호코드><도로명시군구코드>11215</도로명시군구코드><도로명일련번호코드>00</도로명일련번호코드><도로명코드>3000001</도로명코드><법정동> 화양동</법정동><법정동본번코드>0023</법정동본번코드><법정동부번코드>0005</법정동부번코드><법정동시군구코드>11215</법정동시군구코드><법정동읍면동코드>10700</법정동읍면동코드><법정동지번코드>1</법정동지번코드><아파트>더메종건대</아파트><월>12</월><일>23</일><일련번호>11215-4910</일련번호><전용면적>17.78</전용면적><중개사소재지> </중개사소재지><지번>23-5</지번><지역코드>11215</지역코드><층>11</층><해제사유발생일> </해제사유발생일><해제여부> </해제여부></item><item><거래금액>    25,750</거래금액><거래유형>직거래</거래유형><건축년도>2022</건축년도><년>2022</년><도로명>동일로</도로명><도로명건물본번호코드>00174</도로명건물본번호코드><도로명건물부번호코드>00000</도로명건물부번호코드><도로명시군구코드>11215</도로명시군구코드><도로명일련번호코드>00</도로명일련번호코드><도로명코드>3000001</도로명코드><법정동> 화양동</법정동><법정동본번코드>0023</법정동본번코드><법정동부번코드>0005</법정동부번코드><법정동시군구코드>11215</법정동시군구코드><법정동읍면동코드>10700</법정동읍면동코드><법정동지번코드>1</법정동지번코드><아파트>더메종건대</아파트><월>12</월><일>23</일><일련번호>11215-4910</일련번호><전용면적>17.78</전용면적><중개사소재지> </중개사소재지><지번>23-5</지번><지역코드>11215</지역코드><층>11</층><해제사유발생일> </해제사유발생일><해제여부> </해제여부></item><item><거래금액>    20,950</거래금액><거래유형>직거래</거래유형><건축년도>2022</건축년도><년>2022</년><도로명>동일로</도로명><도로명건물본번호코드>00174</도로명건물본번호코드><도로명건물부번호코드>00000</도로명건물부번호코드><도로명시군구코드>11215</도로명시군구코드><도로명일련번호코드>00</도로명일련번호코드><도로명코드>3000001</도로명코드><법정동> 화양동</법정동><법정동본번코드>0023</법정동본번코드><법정동부번코드>0005</법정동부번코드><법정동시군구코드>11215</법정동시군구코드><법정동읍면동코드>10700</법정동읍면동코드><법정동지번코드>1</법정동지번코드><아파트>더메종건대</아파트><월>12</월><일>23</일><일련번호>11215-4910</일련번호><전용면적>14.63</전용면적><중개사소재지> </중개사소재지><지번>23-5</지번><지역코드>11215</지역코드><층>12</층><해제사유발생일> </해제사유발생일><해제여부> </해제여부></item><item><거래금액>    20,950</거래금액><거래유형>직거래</거래유형><건축년도>2022</건축년도><년>2022</년><도로명>동일로</도로명><도로명건물본번호코드>00174</도로명건물본번호코드><도로명건물부번호코드>00000</도로명건물부번호코드><도로명시군구코드>11215</도로명시군구코드><도로명일련번호코드>00</도로명일련번호코드><도로명코드>3000001</도로명코드><법정동> 화양동</법정동><법정동본번코드>0023</법정동본번코드><법정동부번코드>0005</법정동부번코드><법정동시군구코드>11215</법정동시군구코드><법정동읍면동코드>10700</법정동읍면동코드><법정동지번코드>1</법정동지번코드><아파트>더메종건대</아파트><월>12</월><일>23</일><일련번호>11215-4910</일련번호><전용면적>14.63</전용면적><중개사소재지> </중개사소재지><지번>23-5</지번><지역코드>11215</지역코드><층>12</층><해제사유발생일> </해제사유발생일><해제여부> </해제여부></item><item><거래금액>    25,850</거래금액><거래유형>직거래</거래유형><건축년도>2022</건축년도><년>2022</년><도로명>동일로</도로명><도로명건물본번호코드>00174</도로명건물본번호코드><도로명건물부번호코드>00000</도로명건물부번호코드><도로명시군구코드>11215</도로명시군구코드><도로명일련번호코드>00</도로명일련번호코드><도로명코드>3000001</도로명코드><법정동> 화양동</법정동><법정동본번코드>0023</법정동본번코드><법정동부번코드>0005</법정동부번코드><법정동시군구코드>11215</법정동시군구코드><법정동읍면동코드>10700</법정동읍면동코드><법정동지번코드>1</법정동지번코드><아파트>더메종건대</아파트><월>12</월><일>23</일><일련번호>11215-4910</일련번호><전용면적>17.78</전용면적><중개사소재지> </중개사소재지><지번>23-5</지번><지역코드>11215</지역코드><층>12</층><해제사유발생일> </해제사유발생일><해제여부> </해제여부></item></items><numOfRows>999</numOfRows><pageNo>1</pageNo><totalCount>59</totalCount></body></response>