<?xml version="1.0" encoding="UTF-8" standalone="yes"?><response><header><resultCode>00</resultCode><resultMsg>NORMAL SERVICE.</resultMsg></header><body><items><item><거래금액>    70,000</거래금액><거래유형>직거래</거래유형><건축년도>2022</건축년도><년>2023</년><도로명>천호대로</도로명><도로명건물본번호코드>00700</도로명건물본번호코드><도로명건물부번호코드>00000</도로명건물부번호코드><도로명시군구코드>11215</도로명시군구코드><도로명일련번호코드>00</도로명일련번호코드><도로명지상지하코드>0</도로명지상지하코드><도로명코드>2000008</도로명코드><법정동> 구의동</법정동><법정동본번코드>0059</법정동본번코드><법정동부번코드>0001</법정동부번코드><법정동시군구코드>11215</법정동시군구코드><법정동읍면동코드>10300</법정동읍면동코드><법정동지번코드>1</법정동지번코드><아파트>스타파크</아파트><월>2</월><일>3</일><일련번호>11215-4954</일련번호><전용면적>55.34</전용면적><중개사소재지> </중개사소재지><지번>59-1</지번><지역코드>11215</지역코드><층>7</층><해제사유발생일> </해제사유발생일><해제여부> </해제여부></item><item><거래금액>   120,000</거래금액><거래유형>중개거래</거래유형><건축년도>1996</건축년도><년>2023</년><도로명>광나루로56길</도로명><도로명건물본번호코드>00032</도로명건물본번호코드><도로명건물부번호코드>00000</도로명건물부번호코드><도로명시군구코드>11215</도로명시군구코드><도로명일련번호코드>01</도로명일련번호코드><도로명지상지하코드>0</도로명지상지하코드><도로명코드>4112040</도로명코드><법정동> 구의동</법정동><법정동본번코드>0611</법정동본번코드><법정동부번코드>0000</법정동부번코드><법정동시군구코드>11215</법정동시군구코드><법정동읍면동코드>10300</법정동읍면동코드><법정동지번코드>1</법정동지번코드><아파트>구의현대2단지</아파트><월>2</월><일>4</일><일련번호>11215-25</일련번호><전용면적>84.86</전용면적><중개사소재지>서울 광진구</중개사소재지><지번>611</지번><지역코드>11215</지역코드><층>5</층><해제사유발생일> </해제사유발생일><해제여부> </해제여부></item><item><거래금액>   120,000</거래금액><거래유형>중개거래</거래유형><건축년도>2002</건축년도><년>2023</년><도로명>구의강변로</도로명><도로명건물본번호코드>00084</도로명건물본번호코드><도로명건물부번호코드>00000</도로명건물부번호코드><도로명시군구코드>11215</도로명시군구코드><도로명일련번호코드>01</도로명일련번호코드><도로명지상지하코드>0</도로명지상지하코드><도로명코드>3104003</도로명코드><법정동> 구의동</법정동><법정동본번코드>0658</법정동본번코드><법정동부번코드>0000</법정동부번코드><법정동시군구코드>11215</법정동시군구코드><법정동읍면동코드>10300</법정동읍면동코드><법정동지번코드>1</법정동지번코드><아파트>세양</아파트><월>2</월><일>4</일><일련번호>11215-31</일련번호><전용면적>84.32</전용면적><중개사소재지>서울 광진구</중개사소재지><지번>658</지번><지역코드>11215</지역코드><층>12</층><해제사유발생일> </해제사유발생일><해제여부> </해제여부></item><item><거래금액>   130,000</거래금액><거래유형>중개거래</거래유형><건축년도>1996</건축년도><년>2023</년><도로명>광나루로56길</도로명><도로명건물본번호코드>00032</도로명건물본번호코드><도로명건물부번호코드>00000</도로명건물부번호코드><도로명시군구코드>11215</도로명시군구코드><도로명일련번호코드>01</도로명일련번호코드><도로명지상지하코드>0</도로명지상지하코드><도로명코드>4112040</도로명코드><법정동> 구의동</법정동><법정동본번코드>0611</법정동본번코드><법정동부번코드>0000</법정동부번코드><법정동시군구코드>11215</법정동시군구코드><법정동읍면동코드>10300</법정동읍면동코드><법정동지번코드>1</법정동지번코드><아파트>구의현대2단지</아파트><월>2</월><일>7</일><일련번호>11215-25</일련번호><전용면적>84.91</전용면적><중개사소재지>서울 광진구</중개사소재지><지번>611</지번><지역코드>11215</지역코드><층>13</층><해제사유발생일> </해제사유발생일><해제여부> </해제여부></item><item><거래금액>   139,500</거래금액><거래유형>중개거래</거래유형><건축년도>1996</건축년도><년>2023</년><도로명>광나루로56길</도로명><도로명건물본번호코드>00032</도로명건물본번호코드><도로명건물부번호코드>00000</도로명건물부번호코드><도로명시군구코드>11215</도로명시군구코드><도로명일련번호코드>01</도로명일련번호코드><도로명지상지하코드>0</도로명지상지하코드><도로명코드>4112040</도로명코드><법정동> 구의동</법정동><법정동본번코드>0611</법정동본번코드><법정동부번코드>0000</법정동부번코드><법정동시군구코드>11215</법정동시군구코드><법정동읍면동코드>10300</법정동읍면동코드><법정동지번코드>1</법정동지번코드><아파트>구의현대2단지</아파트><월>2</월><일>11</일><일련번호>11215-25</일련번호><전용면적>84.91</전용면적><중개사소재지>서울 광진구</중개사소재지><지번>611</지번><지역코드>11215</지역코드><층>22</층><해제사유발생일> </해제사유발생일><해제여부> </해제여부></item><item><거래금액>   105,700</거래금액><거래유형>중개거래</거래유형><건축년도>1997</건축년도><년>2023</년><도로명>광나루로56길</도로명><도로명건물본번호코드>00029</도로명건물본번호코드><도로명건물부번호코드>00000</도로명건물부번호코드><도로명시군구코드>11215</도로명시군구코드><도로명일련번호코드>01</도로명일련번호코드><도로명지상지하코드>0</도로명지상지하코드><도로명코드>4112040</도로명코드><법정동> 구의동</법정동><법정동본번코드>0631</법정동본번코드><법정동부번코드>0001</법정동부번코드><법정동시군구코드>11215</법정동시군구코드><법정동읍면동코드>10300</법정동읍면동코드><법정동지번코드>1</법정동지번코드><아파트>현대프라임</아파트><월>2</월><일>11</일><일련번호>11215-33</일련번호><전용면적>59.82</전용면적><중개사소재지>서울 광진구</중개사소재지><지번>631-1</지번><지역코드>11215</지역코드><층>11</층><해제사유발생일> </해제사유발생일><해제여부> </해제여부></item><item><거래금액>   110,000</거래금액><거래유형>중개거래</거래유형><건축년도>2002</건축년도><년>2023</년><도로명>구의강변로</도로명><도로명건물본번호코드>00084</도로명건물본번호코드><도로명건물부번호코드>00000</도로명건물부번호코드><도로명시군구코드>11215</도로명시군구코드><도로명일련번호코드>01</도로명일련번호코드><도로명지상지하코드>0</도로명지상지하코드><도로명코드>3104003</도로명코드><법정동> 구의동</법정동><법정동본번코드>0658</법정동본번코드><법정동부번코드>0000</법정동부번코드><법정동시군구코드>11215</법정동시군구코드><법정동읍면동코드>10300</법정동읍면동코드><법정동지번코드>1</법정동지번코드><아파트>세양</아파트><월>2</월><일>14</일><일련번호>11215-31</일련번호><전용면적>84.32</전용면적><중개사소재지>서울 광진구</중개사소재지><지번>658</지번><지역코드>11215</지역코드><층>20</층><해제사유발생일> </해제사유발생일><해제여부> </해제여부></item><item><거래금액>    97,500</거래금액><거래유형>중개거래</거래유형><건축년도>1997</건축년도><년>2023</년><도로명>광나루로56길</도로명><도로명건물본번호코드>00029</도로명건물본번호코드><도로명건물부번호코드>00000</도로명건물부번호코드><도로명시군구코드>11215</도로명시군구코드><도로명일련번호코드>01</도로명일련번호코드><도로명지상지하코드>0</도로명지상지하코드><도로명코드>4112040</도로명코드><법정동> 구의동</법정동><법정동본번코드>0631</법정동본번코드><법정동부번코드>0001</법정동부번코드><법정동시군구코드>11215</법정동시군구코드><법정동읍면동코드>10300</법정동읍면동코드><법정동지번코드>1</법정동지번코드><아파트>현대프라임</아파트><월>2</월><일>23</일><일련번호>11215-33</일련번호><전용면적>59.82</전용면적><중개사소재지>서울 광진구</중개사소재지><지번>631-1</지번><지역코드>11215</지역코드><층>17</층><해제사유발생일> </해제사유발생일><해제여부> </해제여부></item><item><거래금액>    89,000</거래금액><거래유형>중개거래</거래유형><건축년도>1996</건축년도><년>2023</년><도로명>아차산로</도로명><도로명건물본번호코드>00503</도로명건물본번호코드><도로명건물부번호코드>00023</도로명건물부번호코드><도로명시군구코드>11215</도로명시군구코드><도로명일련번호코드>00</도로명일련번호코드><도로명코드>3000002</도로명코드><법정동> 광장동</법정동><법정동본번코드>0566</법정동본번코드><법정동부번코드>0000</법정동부번코드><법정동시군구코드>11215</법정동시군구코드><법정동읍면동코드>10400</법정동읍면동코드><법정동지번코드>1</법정동지번코드><아파트>청구</아파트><월>2</월><일>3</일><일련번호>11215-14</일련번호><전용면적>59.95</전용면적><중개사소재지>서울 광진구</중개사소재지><지번>566</지번><지역코드>11215</지역코드><층>8</층><해제사유발생일> </해제사유발생일><해제여부> </해제여부></item><item><거래금액>   105,000</거래금액><거래유형>중개거래</거래유형><건축년도>1990</건축년도><년>2023</년><도로명>아차산로70길</도로명><도로명건물본번호코드>00062</도로명건물본번호코드><도로명건물부번호코드>00000</도로명건물부번호코드><도로명시군구코드>11215</도로명시군구코드><도로명일련번호코드>01</도로명일련번호코드><도로명지상지하코드>0</도로명지상지하코드><도로명코드>4112353</도로명코드><법정동> 광장동</법정동><법정동본번코드>0484</법정동본번코드><법정동부번코드>0000</법정동부번코드><법정동시군구코드>11215</법정동시군구코드><법정동읍면동코드>10400</법정동읍면동코드><법정동지번코드>1</법정동지번코드><아파트>현대3</아파트><월>2</월><일>4</일><일련번호>11215-16</일련번호><전용면적>84.97</전용면적><중개사소재지>서울 광진구</중개사소재지><지번>484</지번><지역코드>11215</지역코드><층>2</층><해제사유발생일> </해제사유발생일><해제여부> </해제여부></item><item><거래금액>    90,000</거래금액><거래유형>중개거래</거래유형><건축년도>1989</건축년도><년>2023</년><도로명>아차산로70길</도로명><도로명건물본번호코드>00061</도로명건물본번호코드><도로명건물부번호코드>00000</도로명건물부번호코드><도로명시군구코드>11215</도로명시군구코드><도로명일련번호코드>01</도로명일련번호코드><도로명지상지하코드>0</도로명지상지하코드><도로명코드>4112353</도로명코드><법정동> 광장동</법정동><법정동본번코드>0554</법정동본번코드><법정동부번코드>0007</법정동부번코드><법정동시군구코드>11215</법정동시군구코드><법정동읍면동코드>10400</법정동읍면동코드><법정동지번코드>1</법정동지번코드><아파트>현대5</아파트><월>2</월><일>4</일><일련번호>11215-17</일련번호><전용면적>59.67</전용면적><중개사소재지>서울 광진구</중개사소재지><지번>554-7</지번><지역코드>11215</지역코드><층>15</층><해제사유발생일>23.02.09</해제사유발생일><해제여부>O</해제여부></item><item><거래금액>    90,000</거래금액><거래유형>중개거래</거래유형><건축년도>1989</건축년도><년>2023</년><도로명>아차산로70길</도로명><도로명건물본번호코드>00061</도로명건물본번호코드><도로명건물부번호코드>00000</도로명건물부번호코드><도로명시군구코드>11215</도로명시군구코드><도로명일련번호코드>01</도로명일련번호코드><도로명지상지하코드>0</도로명지상지하코드><도로명코드>4112353</도로명코드><법정동> 광장동</법정동><법정동본번코드>0554</법정동본번코드><법정동부번코드>0007</법정동부번코드><법정동시군구코드>11215</법정동시군구코드><법정동읍면동코드>10400</법정동읍면동코드><법정동지번코드>1</법정동지번코드><아파트>현대5</아파트><월>2</월><일>4</일><일련번호>11215-17</일련번호><전용면적>59.67</전용면적><중개사소재지>서울 광진구</중개사소재지><지번>554-7</지번><지역코드>11215</지역코드><층>15</층><해제사유발생일> </해제사유발생일><해제여부> </해제여부></item><item><거래금액>   107,000</거래금액><거래유형>중개거래</거래유형><건축년도>2001</건축년도><년>2023</년><도로명>광나루로</도로명><도로명건물본번호코드>00579</도로명건물본번호코드><도로명건물부번호코드>00000</도로명건물부번호코드><도로명시군구코드>11215</도로명시군구코드><도로명일련번호코드>03</도로명일련번호코드><도로명지상지하코드>0</도로명지상지하코드><도로명코드>3005024</도로명코드><법정동> 광장동</법정동><법정동본번코드>0578</법정동본번코드><법정동부번코드>0000</법정동부번코드><법정동시군구코드>11215</법정동시군구코드><법정동읍면동코드>10400</법정동읍면동코드><법정동지번코드>1</법정동지번코드><아파트>금호베스트빌</아파트><월>2</월><일>7</일><일련번호>11215-6</일련번호><전용면적>84.91</전용면적><중개사소재지>서울 광진구</중개사소재지><지번>578</지번><지역코드>11215</지역코드><층>15</층><해제사유발생일> </해제사유발생일><해제여부> </해제여부></item><item><거래금액>   124,500</거래금액><거래유형>중개거래</거래유형><건축년도>1990</건축년도><년>2023</년><도로명>아차산로70길</도로명><도로명건물본번호코드>00062</도로명건물본번호코드><도로명건물부번호코드>00000</도로명건물부번호코드><도로명시군구코드>11215</도로명시군구코드><도로명일련번호코드>01</도로명일련번호코드><도로명지상지하코드>0</도로명지상지하코드><도로명코드>4112353</도로명코드><법정동> 광장동</법정동><법정동본번코드>0484</법정동본번코드><법정동부번코드>0000</법정동부번코드><법정동시군구코드>11215</법정동시군구코드><법정동읍면동코드>10400</법정동읍면동코드><법정동지번코드>1</법정동지번코드><아파트>현대3</아파트><월>2</월><일>10</일><일련번호>11215-16</일련번호><전용면적>84.97</전용면적><중개사소재지>서울 광진구, 서울 송파구</중개사소재지><지번>484</지번><지역코드>11215</지역코드><층>12</층><해제사유발생일> </해제사유발생일><해제여부> </해제여부></item><item><거래금액>   138,000</거래금액><거래유형>중개거래</거래유형><건축년도>2000</건축년도><년>2023</년><도로명>아차산로</도로명><도로명건물본번호코드>00549</도로명건물본번호코드><도로명건물부번호코드>00000</도로명건물부번호코드><도로명시군구코드>11215</도로명시군구코드><도로명일련번호코드>02</도로명일련번호코드><도로명지상지하코드>0</도로명지상지하코드><도로명코드>3000002</도로명코드><법정동> 광장동</법정동><법정동본번코드>0577</법정동본번코드><법정동부번코드>0000</법정동부번코드><법정동시군구코드>11215</법정동시군구코드><법정동읍면동코드>10400</법정동읍면동코드><법정동지번코드>1</법정동지번코드><아파트>현대파크빌</아파트><월>2</월><일>11</일><일련번호>11215-21</일련번호><전용면적>84.81</전용면적><중개사소재지>서울 광진구</중개사소재지><지번>577</지번><지역코드>11215</지역코드><층>22</층><해제사유발생일> </해제사유발생일><해제여부> </해제여부></item><item><거래금액>    88,500</거래금액><거래유형>중개거래</거래유형><건축년도>1996</건축년도><년>2023</년><도로명>아차산로</도로명><도로명건물본번호코드>00503</도로명건물본번호코드><도로명건물부번호코드>00023</도로명건물부번호코드><도로명시군구코드>11215</도로명시군구코드><도로명일련번호코드>00</도로명일련번호코드><도로명코드>3000002</도로명코드><법정동> 광장동</법정동><법정동본번코드>0566</법정동본번코드><법정동부번코드>0000</법정동부번코드><법정동시군구코드>11215</법정동시군구코드><법정동읍면동코드>10400</법정동읍면동코드><법정동지번코드>1</법정동지번코드><아파트>청구</아파트><월>2</월><일>13</일><일련번호>11215-14</일련번호><전용면적>59.95</전용면적><중개사소재지>서울 광진구</중개사소재지><지번>566</지번><지역코드>11215</지역코드><층>11</층><해제사유발생일> </해제사유발생일><해제여부> </해제여부></item><item><거래금액>    87,000</거래금액><거래유형>중개거래</거래유형><건축년도>1996</건축년도><년>2023</년><도로명>아차산로</도로명><도로명건물본번호코드>00503</도로명건물본번호코드><도로명건물부번호코드>00023</도로명건물부번호코드><도로명시군구코드>11215</도로명시군구코드><도로명일련번호코드>00</도로명일련번호코드><도로명코드>3000002</도로명코드><법정동> 광장동</법정동><법정동본번코드>0566</법정동본번코드><법정동부번코드>0000</법정동부번코드><법정동시군구코드>11215</법정동시군구코드><법정동읍면동코드>10400</법정동읍면동코드><법정동지번코드>1</법정동지번코드><아파트>청구</아파트><월>2</월><일>13</일><일련번호>11215-14</일련번호><전용면적>59.95</전용면적><중개사소재지>서울 광진구</중개사소재지><지번>566</지번><지역코드>11215</지역코드><층>9</층><해제사유발생일> </해제사유발생일><해제여부> </해제여부></item><item><거래금액>   116,000</거래금액><거래유형>중개거래</거래유형><건축년도>1999</건축년도><년>2023</년><도로명>아차산로69길</도로명><도로명건물본번호코드>00019</도로명건물본번호코드><도로명건물부번호코드>00000</도로명건물부번호코드><도로명시군구코드>11215</도로명시군구코드><도로명일련번호코드>00</도로명일련번호코드><도로명코드>4112352</도로명코드><법정동> 광장동</법정동><법정동본번코드>0576</법정동본번코드><법정동부번코드>0000</법정동부번코드><법정동시군구코드>11215</법정동시군구코드><법정동읍면동코드>10400</법정동읍면동코드><법정동지번코드>1</법정동지번코드><아파트>광장현대9단지</아파트><월>2</월><일>16</일><일련번호>11215-2</일련번호><전용면적>84.96</전용면적><중개사소재지>서울 광진구</중개사소재지><지번>576</지번><지역코드>11215</지역코드><층>11</층><해제사유발생일> </해제사유발생일><해제여부> </해제여부></item><item><거래금액>    90,000</거래금액><거래유형>중개거래</거래유형><건축년도>1990</건축년도><년>2023</년><도로명>아차산로70길</도로명><도로명건물본번호코드>00062</도로명건물본번호코드><도로명건물부번호코드>00000</도로명건물부번호코드><도로명시군구코드>11215</도로명시군구코드><도로명일련번호코드>01</도로명일련번호코드><도로명지상지하코드>0</도로명지상지하코드><도로명코드>4112353</도로명코드><법정동> 광장동</법정동><법정동본번코드>0484</법정동본번코드><법정동부번코드>0000</법정동부번코드><법정동시군구코드>11215</법정동시군구코드><법정동읍면동코드>10400</법정동읍면동코드><법정동지번코드>1</법정동지번코드><아파트>현대3</아파트><월>2</월><일>16</일><일련번호>11215-16</일련번호><전용면적>59.67</전용면적><중개사소재지>서울 광진구</중개사소재지><지번>484</지번><지역코드>11215</지역코드><층>9</층><해제사유발생일> </해제사유발생일><해제여부> </해제여부></item><item><거래금액>   177,500</거래금액><거래유형>중개거래</거래유형><건축년도>2012</건축년도><년>2023</년><도로명>아차산로</도로명><도로명건물본번호코드>00537</도로명건물본번호코드><도로명건물부번호코드>00017</도로명건물부번호코드><도로명시군구코드>11215</도로명시군구코드><도로명일련번호코드>02</도로명일련번호코드><도로명지상지하코드>0</도로명지상지하코드><도로명코드>3000002</도로명코드><법정동> 광장동</법정동><법정동본번코드>0582</법정동본번코드><법정동부번코드>0000</법정동부번코드><법정동시군구코드>11215</법정동시군구코드><법정동읍면동코드>10400</법정동읍면동코드><법정동지번코드>1</법정동지번코드><아파트>광장힐스테이트</아파트><월>2</월><일>24</일><일련번호>11215-3062</일련번호><전용면적>84.97</전용면적><중개사소재지>서울 광진구</중개사소재지><지번>582</지번><지역코드>11215</지역코드><층>18</층><해제사유발생일> </해제사유발생일><해제여부> </해제여부></item><item><거래금액>   104,500</거래금액><거래유형>중개거래</거래유형><건축년도>2001</건축년도><년>2023</년><도로명>광나루로</도로명><도로명건물본번호코드>00579</도로명건물본번호코드><도로명건물부번호코드>00000</도로명건물부번호코드><도로명시군구코드>11215</도로명시군구코드><도로명일련번호코드>03</도로명일련번호코드><도로명지상지하코드>0</도로명지상지하코드><도로명코드>3005024</도로명코드><법정동> 광장동</법정동><법정동본번코드>0578</법정동본번코드><법정동부번코드>0000</법정동부번코드><법정동시군구코드>11215</법정동시군구코드><법정동읍면동코드>10400</법정동읍면동코드><법정동지번코드>1</법정동지번코드><아파트>금호베스트빌</아파트><월>2</월><일>25</일><일련번호>11215-6</일련번호><전용면적>84.91</전용면적><중개사소재지>서울 광진구</중개사소재지><지번>578</지번><지역코드>11215</지역코드><층>6</층><해제사유발생일> </해제사유발생일><해제여부> </해제여부></item><item><거래금액>   111,000</거래금액><거래유형>중개거래</거래유형><건축년도>2000</건축년도><년>2023</년><도로명>아차산로</도로명><도로명건물본번호코드>00549</도로명건물본번호코드><도로명건물부번호코드>00000</도로명건물부번호코드><도로명시군구코드>11215</도로명시군구코드><도로명일련번호코드>02</도로명일련번호코드><도로명지상지하코드>0</도로명지상지하코드><도로명코드>3000002</도로명코드><법정동> 광장동</법정동><법정동본번코드>0577</법정동본번코드><법정동부번코드>0000</법정동부번코드><법정동시군구코드>11215</법정동시군구코드><법정동읍면동코드>10400</법정동읍면동코드><법정동지번코드>1</법정동지번코드><아파트>현대파크빌</아파트><월>2</월><일>25</일><일련번호>11215-21</일련번호><전용면적>59.55</전용면적><중개사소재지>서울 광진구</중개사소재지><지번>577</지번><지역코드>11215</지역코드><층>16</층><해제사유발생일> </해제사유발생일><해제여부> </해제여부></item><item><거래금액>   144,000</거래금액><거래유형>중개거래</거래유형><건축년도>2000</건축년도><년>2023</년><도로명>아차산로</도로명><도로명건물본번호코드>00549</도로명건물본번호코드><도로명건물부번호코드>00000</도로명건물부번호코드><도로명시군구코드>11215</도로명시군구코드><도로명일련번호코드>02</도로명일련번호코드><도로명지상지하코드>0</도로명지상지하코드><도로명코드>3000002</도로명코드><법정동> 광장동</법정동><법정동본번코드>0577</법정동본번코드><법정동부번코드>0000</법정동부번코드><법정동시군구코드>11215</법정동시군구코드><법정동읍면동코드>10400</법정동읍면동코드><법정동지번코드>1</법정동지번코드><아파트>현대파크빌</아파트><월>2</월><일>25</일><일련번호>11215-21</일련번호><전용면적>84.81</전용면적><중개사소재지>서울 광진구</중개사소재지><지번>577</지번><지역코드>11215</지역코드><층>9</층><해제사유발생일> </해제사유발생일><해제여부> </해제여부></item><item><거래금액>    97,000</거래금액><거래유형>중개거래</거래유형><건축년도>1989</건축년도><년>2023</년><도로명>아차산로70길</도로명><도로명건물본번호코드>00061</도로명건물본번호코드><도로명건물부번호코드>00000</도로명건물부번호코드><도로명시군구코드>11215</도로명시군구코드><도로명일련번호코드>01</도로명일련번호코드><도로명지상지하코드>0</도로명지상지하코드><도로명코드>4112353</도로명코드><법정동> 광장동</법정동><법정동본번코드>0554</법정동본번코드><법정동부번코드>0007</법정동부번코드><법정동시군구코드>11215</법정동시군구코드><법정동읍면동코드>10400</법정동읍면동코드><법정동지번코드>1</법정동지번코드><아파트>현대5</아파트><월>2</월><일>25</일><일련번호>11215-17</일련번호><전용면적>59.67</전용면적><중개사소재지>서울 광진구</중개사소재지><지번>554-7</지번><지역코드>11215</지역코드><층>15</층><해제사유발생일> </해제사유발생일><해제여부> </해제여부></item><item><거래금액>   105,000</거래금액><거래유형>중개거래</거래유형><건축년도>2001</건축년도><년>2023</년><도로명>광나루로</도로명><도로명건물본번호코드>00579</도로명건물본번호코드><도로명건물부번호코드>00000</도로명건물부번호코드><도로명시군구코드>11215</도로명시군구코드><도로명일련번호코드>03</도로명일련번호코드><도로명지상지하코드>0</도로명지상지하코드><도로명코드>3005024</도로명코드><법정동> 광장동</법정동><법정동본번코드>0578</법정동본번코드><법정동부번코드>0000</법정동부번코드><법정동시군구코드>11215</법정동시군구코드><법정동읍면동코드>10400</법정동읍면동코드><법정동지번코드>1</법정동지번코드><아파트>금호베스트빌</아파트><월>2</월><일>26</일><일련번호>11215-6</일련번호><전용면적>84.91</전용면적><중개사소재지>서울 광진구</중개사소재지><지번>578</지번><지역코드>11215</지역코드><층>9</층><해제사유발생일> </해제사유발생일><해제여부> </해제여부></item><item><거래금액>   117,000</거래금액><거래유형>중개거래</거래유형><건축년도>1989</건축년도><년>2023</년><도로명>뚝섬로35길</도로명><도로명건물본번호코드>00032</도로명건물본번호코드><도로명건물부번호코드>00000</도로명건물부번호코드><도로명시군구코드>11215</도로명시군구코드><도로명일련번호코드>01</도로명일련번호코드><도로명지상지하코드>0</도로명지상지하코드><도로명코드>4112258</도로명코드><법정동> 자양동</법정동><법정동본번코드>0516</법정동본번코드><법정동부번코드>0000</법정동부번코드><법정동시군구코드>11215</법정동시군구코드><법정동읍면동코드>10500</법정동읍면동코드><법정동지번코드>1</법정동지번코드><아파트>우성3</아파트><월>2</월><일>1</일><일련번호>11215-57</일련번호><전용면적>72.34</전용면적><중개사소재지>서울 광진구</중개사소재지><지번>516</지번><지역코드>11215</지역코드><층>4</층><해제사유발생일> </해제사유발생일><해제여부> </해제여부></item><item><거래금액>    70,000</거래금액><거래유형>직거래</거래유형><건축년도>1997</건축년도><년>2023</년><도로명>자양로3길</도로명><도로명건물본번호코드>00055</도로명건물본번호코드><도로명건물부번호코드>00000</도로명건물부번호코드><도로명시군구코드>11215</도로명시군구코드><도로명일련번호코드>01</도로명일련번호코드><도로명지상지하코드>0</도로명지상지하코드><도로명코드>4112446</도로명코드><법정동> 자양동</법정동><법정동본번코드>0666</법정동본번코드><법정동부번코드>0028</법정동부번코드><법정동시군구코드>11215</법정동시군구코드><법정동읍면동코드>10500</법정동읍면동코드><법정동지번코드>1</법정동지번코드><아파트>경남아너스빌</아파트><월>2</월><일>2</일><일련번호>11215-62</일련번호><전용면적>59.79</전용면적><중개사소재지> </중개사소재지><지번>666-28</지번><지역코드>11215</지역코드><층>7</층><해제사유발생일> </해제사유발생일><해제여부> </해제여부></item><item><거래금액>   218,000</거래금액><거래유형>중개거래</거래유형><건축년도>2008</건축년도><년>2023</년><도로명>구의강변로1길</도로명><도로명건물본번호코드>00044</도로명건물본번호코드><도로명건물부번호코드>00000</도로명건물부번호코드><도로명시군구코드>11215</도로명시군구코드><도로명일련번호코드>01</도로명일련번호코드><도로명지상지하코드>0</도로명지상지하코드><도로명코드>4112049</도로명코드><법정동> 자양동</법정동><법정동본번코드>0813</법정동본번코드><법정동부번코드>0000</법정동부번코드><법정동시군구코드>11215</법정동시군구코드><법정동읍면동코드>10500</법정동읍면동코드><법정동지번코드>1</법정동지번코드><아파트>광진하우스토리한강</아파트><월>2</월><일>2</일><일련번호>11215-2649</일련번호><전용면적>143.36</전용면적><중개사소재지>서울 광진구</중개사소재지><지번>813</지번><지역코드>11215</지역코드><층>10</층><해제사유발생일> </해제사유발생일><해제여부> </해제여부></item><item><거래금액>   210,000</거래금액><거래유형>중개거래</거래유형><건축년도>2006</건축년도><년>2023</년><도로명>뚝섬로34길</도로명><도로명건물본번호코드>00067</도로명건물본번호코드><도로명건물부번호코드>00000</도로명건물부번호코드><도로명시군구코드>11215</도로명시군구코드><도로명일련번호코드>01</도로명일련번호코드><도로명지상지하코드>0</도로명지상지하코드><도로명코드>4112257</도로명코드><법정동> 자양동</법정동><법정동본번코드>0854</법정동본번코드><법정동부번코드>0000</법정동부번코드><법정동시군구코드>11215</법정동시군구코드><법정동읍면동코드>10500</법정동읍면동코드><법정동지번코드>1</법정동지번코드><아파트>광진트라팰리스</아파트><월>2</월><일>2</일><일련번호>11215-2457</일련번호><전용면적>119.11</전용면적><중개사소재지>서울 광진구</중개사소재지><지번>854</지번><지역코드>11215</지역코드><층>28</층><해제사유발생일> </해제사유발생일><해제여부> </해제여부></item><item><거래금액>   165,000</거래금액><거래유형>중개거래</거래유형><건축년도>2009</건축년도><년>2023</년><도로명>능동로4길</도로명><도로명건물본번호코드>00040</도로명건물본번호코드><도로명건물부번호코드>00000</도로명건물부번호코드><도로명시군구코드>11215</도로명시군구코드><도로명일련번호코드>01</도로명일련번호코드><도로명지상지하코드>0</도로명지상지하코드><도로명코드>4112166</도로명코드><법정동> 자양동</법정동><법정동본번코드>0856</법정동본번코드><법정동부번코드>0000</법정동부번코드><법정동시군구코드>11215</법정동시군구코드><법정동읍면동코드>10500</법정동읍면동코드><법정동지번코드>1</법정동지번코드><아파트>이튼타워리버5차</아파트><월>2</월><일>8</일><일련번호>11215-2790</일련번호><전용면적>159.97</전용면적><중개사소재지>서울 강남구</중개사소재지><지번>856</지번><지역코드>11215</지역코드><층>5</층><해제사유발생일> </해제사유발생일><해제여부> </해제여부></item><item><거래금액>    76,500</거래금액><거래유형>중개거래</거래유형><건축년도>1989</건축년도><년>2023</년><도로명>뚝섬로</도로명><도로명건물본번호코드>00576</도로명건물본번호코드><도로명건물부번호코드>00000</도로명건물부번호코드><도로명시군구코드>11215</도로명시군구코드><도로명일련번호코드>02</도로명일련번호코드><도로명지상지하코드>0</도로명지상지하코드><도로명코드>3103010</도로명코드><법정동> 자양동</법정동><법정동본번코드>0520</법정동본번코드><법정동부번코드>0002</법정동부번코드><법정동시군구코드>11215</법정동시군구코드><법정동읍면동코드>10500</법정동읍면동코드><법정동지번코드>1</법정동지번코드><아파트>우성2</아파트><월>2</월><일>10</일><일련번호>11215-56</일련번호><전용면적>51.57</전용면적><중개사소재지>서울 광진구</중개사소재지><지번>520-2</지번><지역코드>11215</지역코드><층>4</층><해제사유발생일> </해제사유발생일><해제여부> </해제여부></item><item><거래금액>   110,000</거래금액><거래유형>중개거래</거래유형><건축년도>1991</건축년도><년>2023</년><도로명>능동로3길</도로명><도로명건물본번호코드>00053</도로명건물본번호코드><도로명건물부번호코드>00000</도로명건물부번호코드><도로명시군구코드>11215</도로명시군구코드><도로명일련번호코드>01</도로명일련번호코드><도로명지상지하코드>0</도로명지상지하코드><도로명코드>4112151</도로명코드><법정동> 자양동</법정동><법정동본번코드>0057</법정동본번코드><법정동부번코드>0103</법정동부번코드><법정동시군구코드>11215</법정동시군구코드><법정동읍면동코드>10500</법정동읍면동코드><법정동지번코드>1</법정동지번코드><아파트>한강극동</아파트><월>2</월><일>11</일><일련번호>11215-44</일련번호><전용면적>84.45</전용면적><중개사소재지>서울 광진구</중개사소재지><지번>57-103</지번><지역코드>11215</지역코드><층>9</층><해제사유발생일> </해제사유발생일><해제여부> </해제여부></item><item><거래금액>    87,000</거래금액><거래유형>중개거래</거래유형><건축년도>1999</건축년도><년>2023</년><도로명>자양번영로3길</도로명><도로명건물본번호코드>00066</도로명건물본번호코드><도로명건물부번호코드>00000</도로명건물부번호코드><도로명시군구코드>11215</도로명시군구코드><도로명일련번호코드>01</도로명일련번호코드><도로명지상지하코드>0</도로명지상지하코드><도로명코드>4112480</도로명코드><법정동> 자양동</법정동><법정동본번코드>0786</법정동본번코드><법정동부번코드>0000</법정동부번코드><법정동시군구코드>11215</법정동시군구코드><법정동읍면동코드>10500</법정동읍면동코드><법정동지번코드>1</법정동지번코드><아파트>자양현대6</아파트><월>2</월><일>13</일><일련번호>11215-68</일련번호><전용면적>59.98</전용면적><중개사소재지>서울 광진구</중개사소재지><지번>786</지번><지역코드>11215</지역코드><층>7</층><해제사유발생일> </해제사유발생일><해제여부> </해제여부></item><item><거래금액>    76,000</거래금액><거래유형>중개거래</거래유형><건축년도>1991</건축년도><년>2023</년><도로명>능동로3길</도로명><도로명건물본번호코드>00053</도로명건물본번호코드><도로명건물부번호코드>00000</도로명건물부번호코드><도로명시군구코드>11215</도로명시군구코드><도로명일련번호코드>01</도로명일련번호코드><도로명지상지하코드>0</도로명지상지하코드><도로명코드>4112151</도로명코드><법정동> 자양동</법정동><법정동본번코드>0057</법정동본번코드><법정동부번코드>0103</법정동부번코드><법정동시군구코드>11215</법정동시군구코드><법정동읍면동코드>10500</법정동읍면동코드><법정동지번코드>1</법정동지번코드><아파트>한강극동</아파트><월>2</월><일>16</일><일련번호>11215-44</일련번호><전용면적>84.41</전용면적><중개사소재지>서울 광진구</중개사소재지><지번>57-103</지번><지역코드>11215</지역코드><층>3</층><해제사유발생일> </해제사유발생일><해제여부> </해제여부></item><item><거래금액>   105,000</거래금액><거래유형>중개거래</거래유형><건축년도>2018</건축년도><년>2023</년><도로명>아차산로</도로명><도로명건물본번호코드>00311</도로명건물본번호코드><도로명건물부번호코드>00000</도로명건물부번호코드><도로명시군구코드>11215</도로명시군구코드><도로명일련번호코드>00</도로명일련번호코드><도로명코드>3000002</도로명코드><법정동> 자양동</법정동><법정동본번코드>0860</법정동본번코드><법정동부번코드>0000</법정동부번코드><법정동시군구코드>11215</법정동시군구코드><법정동읍면동코드>10500</법정동읍면동코드><법정동지번코드>1</법정동지번코드><아파트>테라팰리스건대2차</아파트><월>2</월><일>16</일><일련번호>11215-4511</일련번호><전용면적>75.03</전용면적><중개사소재지>서울 강남구</중개사소재지><지번>860</지번><지역코드>11215</지역코드><층>17</층><해제사유발생일> </해제사유발생일><해제여부> </해제여부></item><item><거래금액>   135,000</거래금액><거래유형>중개거래</거래유형><건축년도>2006</건축년도><년>2023</년><도로명>뚝섬로24길</도로명><도로명건물본번호코드>00074</도로명건물본번호코드><도로명건물부번호코드>00000</도로명건물부번호코드><도로명시군구코드>11215</도로명시군구코드><도로명일련번호코드>01</도로명일련번호코드><도로명지상지하코드>0</도로명지상지하코드><도로명코드>4112243</도로명코드><법정동> 자양동</법정동><법정동본번코드>0853</법정동본번코드><법정동부번코드>0000</법정동부번코드><법정동시군구코드>11215</법정동시군구코드><법정동읍면동코드>10500</법정동읍면동코드><법정동지번코드>1</법정동지번코드><아파트>한화꿈에그린</아파트><월>2</월><일>17</일><일련번호>11215-2438</일련번호><전용면적>84.57</전용면적><중개사소재지>서울 광진구</중개사소재지><지번>853</지번><지역코드>11215</지역코드><층>11</층><해제사유발생일> </해제사유발생일><해제여부> </해제여부></item><item><거래금액>    95,000</거래금액><거래유형>중개거래</거래유형><건축년도>2006</건축년도><년>2023</년><도로명>자양로</도로명><도로명건물본번호코드>00109</도로명건물본번호코드><도로명건물부번호코드>00000</도로명건물부번호코드><도로명시군구코드>11215</도로명시군구코드><도로명일련번호코드>03</도로명일련번호코드><도로명지상지하코드>0</도로명지상지하코드><도로명코드>3104010</도로명코드><법정동> 자양동</법정동><법정동본번코드>0779</법정동본번코드><법정동부번코드>0008</법정동부번코드><법정동시군구코드>11215</법정동시군구코드><법정동읍면동코드>10500</법정동읍면동코드><법정동지번코드>1</법정동지번코드><아파트>구의현대홈시티</아파트><월>2</월><일>20</일><일련번호>11215-2467</일련번호><전용면적>84.93</전용면적><중개사소재지>서울 광진구</중개사소재지><지번>779-8</지번><지역코드>11215</지역코드><층>13</층><해제사유발생일> </해제사유발생일><해제여부> </해제여부></item><item><거래금액>   110,000</거래금액><거래유형>중개거래</거래유형><건축년도>1989</건축년도><년>2023</년><도로명>뚝섬로</도로명><도로명건물본번호코드>00576</도로명건물본번호코드><도로명건물부번호코드>00000</도로명건물부번호코드><도로명시군구코드>11215</도로명시군구코드><도로명일련번호코드>02</도로명일련번호코드><도로명지상지하코드>0</도로명지상지하코드><도로명코드>3103010</도로명코드><법정동> 자양동</법정동><법정동본번코드>0520</법정동본번코드><법정동부번코드>0002</법정동부번코드><법정동시군구코드>11215</법정동시군구코드><법정동읍면동코드>10500</법정동읍면동코드><법정동지번코드>1</법정동지번코드><아파트>우성2</아파트><월>2</월><일>24</일><일련번호>11215-56</일련번호><전용면적>80.1</전용면적><중개사소재지>서울 광진구</중개사소재지><지번>520-2</지번><지역코드>11215</지역코드><층>14</층><해제사유발생일> </해제사유발생일><해제여부> </해제여부></item><item><거래금액>   134,500</거래금액><거래유형>중개거래</거래유형><건축년도>1996</건축년도><년>2023</년><도로명>뚝섬로56가길</도로명><도로명건물본번호코드>00010</도로명건물본번호코드><도로명건물부번호코드>00000</도로명건물부번호코드><도로명시군구코드>11215</도로명시군구코드><도로명일련번호코드>01</도로명일련번호코드><도로명지상지하코드>0</도로명지상지하코드><도로명코드>4112282</도로명코드><법정동> 자양동</법정동><법정동본번코드>0670</법정동본번코드><법정동부번코드>0000</법정동부번코드><법정동시군구코드>11215</법정동시군구코드><법정동읍면동코드>10500</법정동읍면동코드><법정동지번코드>1</법정동지번코드><아파트>현대3</아파트><월>2</월><일>24</일><일련번호>11215-73</일련번호><전용면적>84.9</전용면적><중개사소재지>서울 광진구</중개사소재지><지번>670</지번><지역코드>11215</지역코드><층>10</층><해제사유발생일> </해제사유발생일><해제여부> </해제여부></item><item><거래금액>   135,000</거래금액><거래유형>중개거래</거래유형><건축년도>2002</건축년도><년>2023</년><도로명>뚝섬로36길</도로명><도로명건물본번호코드>00019</도로명건물본번호코드><도로명건물부번호코드>00000</도로명건물부번호코드><도로명시군구코드>11215</도로명시군구코드><도로명일련번호코드>01</도로명일련번호코드><도로명지상지하코드>0</도로명지상지하코드><도로명코드>4112260</도로명코드><법정동> 자양동</법정동><법정동본번코드>0789</법정동본번코드><법정동부번코드>0000</법정동부번코드><법정동시군구코드>11215</법정동시군구코드><법정동읍면동코드>10500</법정동읍면동코드><법정동지번코드>1</법정동지번코드><아파트>자양8차현대홈타운</아파트><월>2</월><일>24</일><일련번호>11215-75</일련번호><전용면적>108.43</전용면적><중개사소재지>서울 광진구</중개사소재지><지번>789</지번><지역코드>11215</지역코드><층>19</층><해제사유발생일> </해제사유발생일><해제여부> </해제여부></item><item><거래금액>   120,000</거래금액><거래유형>중개거래</거래유형><건축년도>2017</건축년도><년>2023</년><도로명>아차산로</도로명><도로명건물본번호코드>00345</도로명건물본번호코드><도로명건물부번호코드>00000</도로명건물부번호코드><도로명시군구코드>11215</도로명시군구코드><도로명일련번호코드>03</도로명일련번호코드><도로명지상지하코드>0</도로명지상지하코드><도로명코드>3000002</도로명코드><법정동> 자양동</법정동><법정동본번코드>0859</법정동본번코드><법정동부번코드>0000</법정동부번코드><법정동시군구코드>11215</법정동시군구코드><법정동읍면동코드>10500</법정동읍면동코드><법정동지번코드>1</법정동지번코드><아파트>래미안프리미어팰리스</아파트><월>2</월><일>27</일><일련번호>11215-4343</일련번호><전용면적>84.92</전용면적><중개사소재지>서울 광진구</중개사소재지><지번>859</지번><지역코드>11215</지역코드><층>6</층><해제사유발생일> </해제사유발생일><해제여부> </해제여부></item><item><거래금액>    75,000</거래금액><거래유형>중개거래</거래유형><건축년도>1999</건축년도><년>2023</년><도로명>동일로24길</도로명><도로명건물본번호코드>00005</도로명건물본번호코드><도로명건물부번호코드>00000</도로명건물부번호코드><도로명시군구코드>11215</도로명시군구코드><도로명일련번호코드>01</도로명일련번호코드><도로명지상지하코드>0</도로명지상지하코드><도로명코드>4112198</도로명코드><법정동> 화양동</법정동><법정동본번코드>0234</법정동본번코드><법정동부번코드>0000</법정동부번코드><법정동시군구코드>11215</법정동시군구코드><법정동읍면동코드>10700</법정동읍면동코드><법정동지번코드>1</법정동지번코드><아파트>화양현대</아파트><월>2</월><일>2</일><일련번호>11215-99</일련번호><전용면적>59.97</전용면적><중개사소재지>서울 광진구</중개사소재지><지번>234</지번><지역코드>11215</지역코드><층>9</층><해제사유발생일> </해제사유발생일><해제여부> </해제여부></item><item><거래금액>    13,700</거래금액><거래유형>중개거래</거래유형><건축년도>2014</건축년도><년>2023</년><도로명>능동로19길</도로명><도로명건물본번호코드>00035</도로명건물본번호코드><도로명건물부번호코드>00000</도로명건물부번호코드><도로명시군구코드>11215</도로명시군구코드><도로명일련번호코드>01</도로명일련번호코드><도로명지상지하코드>0</도로명지상지하코드><도로명코드>4112128</도로명코드><법정동> 화양동</법정동><법정동본번코드>0113</법정동본번코드><법정동부번코드>0001</법정동부번코드><법정동시군구코드>11215</법정동시군구코드><법정동읍면동코드>10700</법정동읍면동코드><법정동지번코드>1</법정동지번코드><아파트>광진코지웰</아파트><월>2</월><일>14</일><일련번호>11215-3509</일련번호><전용면적>15.2</전용면적><중개사소재지>서울 광진구</중개사소재지><지번>113-1</지번><지역코드>11215</지역코드><층>11</층><해제사유발생일> </해제사유발생일><해제여부> </해제여부></item><item><거래금액>    24,000</거래금액><거래유형>직거래</거래유형><건축년도>2014</건축년도><년>2023</년><도로명>능동로19길</도로명><도로명건물본번호코드>00035</도로명건물본번호코드><도로명건물부번호코드>00000</도로명건물부번호코드><도로명시군구코드>11215</도로명시군구코드><도로명일련번호코드>01</도로명일련번호코드><도로명지상지하코드>0</도로명지상지하코드><도로명코드>4112128</도로명코드><법정동> 화양동</법정동><법정동본번코드>0113</법정동본번코드><법정동부번코드>0001</법정동부번코드><법정동시군구코드>11215</법정동시군구코드><법정동읍면동코드>10700</법정동읍면동코드><법정동지번코드>1</법정동지번코드><아파트>광진코지웰</아파트><월>2</월><일>18</일><일련번호>11215-3509</일련번호><전용면적>24.85</전용면적><중개사소재지> </중개사소재지><지번>113-1</지번><지역코드>11215</지역코드><층>7</층><해제사유발생일> </해제사유발생일><해제여부> </해제여부></item><item><거래금액>    15,500</거래금액><거래유형>중개거래</거래유형><건축년도>2014</건축년도><년>2023</년><도로명>능동로19길</도로명><도로명건물본번호코드>00035</도로명건물본번호코드><도로명건물부번호코드>00000</도로명건물부번호코드><도로명시군구코드>11215</도로명시군구코드><도로명일련번호코드>01</도로명일련번호코드><도로명지상지하코드>0</도로명지상지하코드><도로명코드>4112128</도로명코드><법정동> 화양동</법정동><법정동본번코드>0113</법정동본번코드><법정동부번코드>0001</법정동부번코드><법정동시군구코드>11215</법정동시군구코드><법정동읍면동코드>10700</법정동읍면동코드><법정동지번코드>1</법정동지번코드><아파트>광진코지웰</아파트><월>2</월><일>20</일><일련번호>11215-3509</일련번호><전용면적>19.2</전용면적><중개사소재지>서울 광진구</중개사소재지><지번>113-1</지번><지역코드>11215</지역코드><층>8</층><해제사유발생일> </해제사유발생일><해제여부> </해제여부></item><item><거래금액>    16,000</거래금액><거래유형>중개거래</거래유형><건축년도>2014</건축년도><년>2023</년><도로명>능동로19길</도로명><도로명건물본번호코드>00035</도로명건물본번호코드><도로명건물부번호코드>00000</도로명건물부번호코드><도로명시군구코드>11215</도로명시군구코드><도로명일련번호코드>01</도로명일련번호코드><도로명지상지하코드>0</도로명지상지하코드><도로명코드>4112128</도로명코드><법정동> 화양동</법정동><법정동본번코드>0113</법정동본번코드><법정동부번코드>0001</법정동부번코드><법정동시군구코드>11215</법정동시군구코드><법정동읍면동코드>10700</법정동읍면동코드><법정동지번코드>1</법정동지번코드><아파트>광진코지웰</아파트><월>2</월><일>20</일><일련번호>11215-3509</일련번호><전용면적>18.63</전용면적><중개사소재지>서울 광진구</중개사소재지><지번>113-1</지번><지역코드>11215</지역코드><층>10</층><해제사유발생일> </해제사유발생일><해제여부> </해제여부></item><item><거래금액>    16,000</거래금액><거래유형>중개거래</거래유형><건축년도>2014</건축년도><년>2023</년><도로명>능동로19길</도로명><도로명건물본번호코드>00035</도로명건물본번호코드><도로명건물부번호코드>00000</도로명건물부번호코드><도로명시군구코드>11215</도로명시군구코드><도로명일련번호코드>01</도로명일련번호코드><도로명지상지하코드>0</도로명지상지하코드><도로명코드>4112128</도로명코드><법정동> 화양동</법정동><법정동본번코드>0113</법정동본번코드><법정동부번코드>0001</법정동부번코드><법정동시군구코드>11215</법정동시군구코드><법정동읍면동코드>10700</법정동읍면동코드><법정동지번코드>1</법정동지번코드><아파트>광진코지웰</아파트><월>2</월><일>20</일><일련번호>11215-3509</일련번호><전용면적>18.63</전용면적><중개사소재지>서울 광진구</중개사소재지><지번>113-1</지번><지역코드>11215</지역코드><층>10</층><해제사유발생일>23.02.24</해제사유발생일><해제여부>O</해제여부></item></items><numOfRows>999</numOfRows><pageNo>1</pageNo><totalCount>47</totalCount></body></response>