<?xml version="1.0" encoding="UTF-8" standalone="yes"?><response><header><resultCode>00</resultCode><resultMsg>NORMAL SERVICE.</resultMsg></header><body><items><item><거래금액>    55,000</거래금액><거래유형>중개거래</거래유형><건축년도>1976</건축년도><년>2023</년><도로명>긴고랑로1길</도로명><도로명건물본번호코드>00055</도로명건물본번호코드><도로명건물부번호코드>00000</도로명건물부번호코드><도로명시군구코드>11215</도로명시군구코드><도로명일련번호코드>01</도로명일련번호코드><도로명지상지하코드>0</도로명지상지하코드><도로명코드>4112088</도로명코드><법정동> 중곡동</법정동><법정동본번코드>0190</법정동본번코드><법정동부번코드>0026</법정동부번코드><법정동시군구코드>11215</법정동시군구코드><법정동읍면동코드>10100</법정동읍면동코드><법정동지번코드>1</법정동지번코드><아파트>중곡2단지</아파트><월>1</월><일>5</일><일련번호>11215-100</일련번호><전용면적>55.87</전용면적><중개사소재지>서울 광진구</중개사소재지><지번>190-26</지번><지역코드>11215</지역코드><층>3</층><해제사유발생일> </해제사유발생일><해제여부> </해제여부></item><item><거래금액>    48,000</거래금액><거래유형>중개거래</거래유형><건축년도>1999</건축년도><년>2023</년><도로명>용마산로</도로명><도로명건물본번호코드>00174</도로명건물본번호코드><도로명건물부번호코드>00000</도로명건물부번호코드><도로명시군구코드>11215</도로명시군구코드><도로명일련번호코드>01</도로명일련번호코드><도로명지상지하코드>0</도로명지상지하코드><도로명코드>3005028</도로명코드><법정동> 중곡동</법정동><법정동본번코드>0292</법정동본번코드><법정동부번코드>0000</법정동부번코드><법정동시군구코드>11215</법정동시군구코드><법정동읍면동코드>10100</법정동읍면동코드><법정동지번코드>1</법정동지번코드><아파트>에스케이</아파트><월>1</월><일>20</일><일련번호>11215-87</일련번호><전용면적>58.43</전용면적><중개사소재지>서울 광진구</중개사소재지><지번>292</지번><지역코드>11215</지역코드><층>1</층><해제사유발생일> </해제사유발생일><해제여부> </해제여부></item><item><거래금액>   107,000</거래금액><거래유형>중개거래</거래유형><건축년도>2004</건축년도><년>2023</년><도로명>강변역로4길</도로명><도로명건물본번호코드>00034</도로명건물본번호코드><도로명건물부번호코드>00000</도로명건물부번호코드><도로명시군구코드>11215</도로명시군구코드><도로명일련번호코드>01</도로명일련번호코드><도로명지상지하코드>0</도로명지상지하코드><도로명코드>4112003</도로명코드><법정동> 구의동</법정동><법정동본번코드>0547</법정동본번코드><법정동부번코드>0000</법정동부번코드><법정동시군구코드>11215</법정동시군구코드><법정동읍면동코드>10300</법정동읍면동코드><법정동지번코드>1</법정동지번코드><아파트>강변현대하이엘</아파트><월>1</월><일>6</일><일련번호>11215-141</일련번호><전용면적>130.89</전용면적><중개사소재지>서울 광진구</중개사소재지><지번>547</지번><지역코드>11215</지역코드><층>2</층><해제사유발생일> </해제사유발생일><해제여부> </해제여부></item><item><거래금액>    84,700</거래금액><거래유형>중개거래</거래유형><건축년도>2018</건축년도><년>2023</년><도로명>광나루로</도로명><도로명건물본번호코드>00545</도로명건물본번호코드><도로명건물부번호코드>00000</도로명건물부번호코드><도로명시군구코드>11215</도로명시군구코드><도로명일련번호코드>00</도로명일련번호코드><도로명코드>3005024</도로명코드><법정동> 구의동</법정동><법정동본번코드>0668</법정동본번코드><법정동부번코드>0000</법정동부번코드><법정동시군구코드>11215</법정동시군구코드><법정동읍면동코드>10300</법정동읍면동코드><법정동지번코드>1</법정동지번코드><아파트>래미안파크스위트</아파트><월>1</월><일>10</일><일련번호>11215-4466</일련번호><전용면적>59.98</전용면적><중개사소재지>서울 강북구</중개사소재지><지번>668</지번><지역코드>11215</지역코드><층>1</층><해제사유발생일> </해제사유발생일><해제여부> </해제여부></item><item><거래금액>   130,000</거래금액><거래유형>중개거래</거래유형><건축년도>1996</건축년도><년>2023</년><도로명>광나루로56길</도로명><도로명건물본번호코드>00032</도로명건물본번호코드><도로명건물부번호코드>00000</도로명건물부번호코드><도로명시군구코드>11215</도로명시군구코드><도로명일련번호코드>01</도로명일련번호코드><도로명지상지하코드>0</도로명지상지하코드><도로명코드>4112040</도로명코드><법정동> 구의동</법정동><법정동본번코드>0611</법정동본번코드><법정동부번코드>0000</법정동부번코드><법정동시군구코드>11215</법정동시군구코드><법정동읍면동코드>10300</법정동읍면동코드><법정동지번코드>1</법정동지번코드><아파트>구의현대2단지</아파트><월>1</월><일>16</일><일련번호>11215-25</일련번호><전용면적>84.75</전용면적><중개사소재지>서울 광진구</중개사소재지><지번>611</지번><지역코드>11215</지역코드><층>15</층><해제사유발생일> </해제사유발생일><해제여부> </해제여부></item><item><거래금액>    82,000</거래금액><거래유형>직거래</거래유형><건축년도>1997</건축년도><년>2023</년><도로명>광나루로56길</도로명><도로명건물본번호코드>00029</도로명건물본번호코드><도로명건물부번호코드>00000</도로명건물부번호코드><도로명시군구코드>11215</도로명시군구코드><도로명일련번호코드>01</도로명일련번호코드><도로명지상지하코드>0</도로명지상지하코드><도로명코드>4112040</도로명코드><법정동> 구의동</법정동><법정동본번코드>0631</법정동본번코드><법정동부번코드>0001</법정동부번코드><법정동시군구코드>11215</법정동시군구코드><법정동읍면동코드>10300</법정동읍면동코드><법정동지번코드>1</법정동지번코드><아파트>현대프라임</아파트><월>1</월><일>17</일><일련번호>11215-33</일련번호><전용면적>59.82</전용면적><중개사소재지> </중개사소재지><지번>631-1</지번><지역코드>11215</지역코드><층>17</층><해제사유발생일> </해제사유발생일><해제여부> </해제여부></item><item><거래금액>    64,000</거래금액><거래유형>직거래</거래유형><건축년도>2022</건축년도><년>2023</년><도로명>천호대로</도로명><도로명건물본번호코드>00700</도로명건물본번호코드><도로명건물부번호코드>00000</도로명건물부번호코드><도로명시군구코드>11215</도로명시군구코드><도로명일련번호코드>00</도로명일련번호코드><도로명지상지하코드>0</도로명지상지하코드><도로명코드>2000008</도로명코드><법정동> 구의동</법정동><법정동본번코드>0059</법정동본번코드><법정동부번코드>0001</법정동부번코드><법정동시군구코드>11215</법정동시군구코드><법정동읍면동코드>10300</법정동읍면동코드><법정동지번코드>1</법정동지번코드><아파트>스타파크</아파트><월>1</월><일>26</일><일련번호>11215-4954</일련번호><전용면적>54.91</전용면적><중개사소재지> </중개사소재지><지번>59-1</지번><지역코드>11215</지역코드><층>10</층><해제사유발생일> </해제사유발생일><해제여부> </해제여부></item><item><거래금액>    88,300</거래금액><거래유형>중개거래</거래유형><건축년도>1997</건축년도><년>2023</년><도로명>광나루로56길</도로명><도로명건물본번호코드>00029</도로명건물본번호코드><도로명건물부번호코드>00000</도로명건물부번호코드><도로명시군구코드>11215</도로명시군구코드><도로명일련번호코드>01</도로명일련번호코드><도로명지상지하코드>0</도로명지상지하코드><도로명코드>4112040</도로명코드><법정동> 구의동</법정동><법정동본번코드>0631</법정동본번코드><법정동부번코드>0001</법정동부번코드><법정동시군구코드>11215</법정동시군구코드><법정동읍면동코드>10300</법정동읍면동코드><법정동지번코드>1</법정동지번코드><아파트>현대프라임</아파트><월>1</월><일>27</일><일련번호>11215-33</일련번호><전용면적>59.82</전용면적><중개사소재지>서울 광진구</중개사소재지><지번>631-1</지번><지역코드>11215</지역코드><층>4</층><해제사유발생일> </해제사유발생일><해제여부> </해제여부></item><item><거래금액>   135,200</거래금액><거래유형>중개거래</거래유형><건축년도>1996</건축년도><년>2023</년><도로명>광나루로56길</도로명><도로명건물본번호코드>00032</도로명건물본번호코드><도로명건물부번호코드>00000</도로명건물부번호코드><도로명시군구코드>11215</도로명시군구코드><도로명일련번호코드>01</도로명일련번호코드><도로명지상지하코드>0</도로명지상지하코드><도로명코드>4112040</도로명코드><법정동> 구의동</법정동><법정동본번코드>0611</법정동본번코드><법정동부번코드>0000</법정동부번코드><법정동시군구코드>11215</법정동시군구코드><법정동읍면동코드>10300</법정동읍면동코드><법정동지번코드>1</법정동지번코드><아파트>구의현대2단지</아파트><월>1</월><일>30</일><일련번호>11215-25</일련번호><전용면적>84.91</전용면적><중개사소재지>서울 광진구</중개사소재지><지번>611</지번><지역코드>11215</지역코드><층>11</층><해제사유발생일> </해제사유발생일><해제여부> </해제여부></item><item><거래금액>   180,000</거래금액><거래유형>중개거래</거래유형><건축년도>2008</건축년도><년>2023</년><도로명>광나루로</도로명><도로명건물본번호코드>00595</도로명건물본번호코드><도로명건물부번호코드>00000</도로명건물부번호코드><도로명시군구코드>11215</도로명시군구코드><도로명일련번호코드>03</도로명일련번호코드><도로명지상지하코드>0</도로명지상지하코드><도로명코드>3005024</도로명코드><법정동> 광장동</법정동><법정동본번코드>0581</법정동본번코드><법정동부번코드>0000</법정동부번코드><법정동시군구코드>11215</법정동시군구코드><법정동읍면동코드>10400</법정동읍면동코드><법정동지번코드>1</법정동지번코드><아파트>광장자이</아파트><월>1</월><일>5</일><일련번호>11215-2694</일련번호><전용면적>158.26</전용면적><중개사소재지>서울 광진구</중개사소재지><지번>581</지번><지역코드>11215</지역코드><층>9</층><해제사유발생일> </해제사유발생일><해제여부> </해제여부></item><item><거래금액>    85,000</거래금액><거래유형>중개거래</거래유형><건축년도>1996</건축년도><년>2023</년><도로명>아차산로76길</도로명><도로명건물본번호코드>00031</도로명건물본번호코드><도로명건물부번호코드>00000</도로명건물부번호코드><도로명시군구코드>11215</도로명시군구코드><도로명일련번호코드>00</도로명일련번호코드><도로명코드>4112357</도로명코드><법정동> 광장동</법정동><법정동본번코드>0567</법정동본번코드><법정동부번코드>0000</법정동부번코드><법정동시군구코드>11215</법정동시군구코드><법정동읍면동코드>10400</법정동읍면동코드><법정동지번코드>1</법정동지번코드><아파트>광나루현대</아파트><월>1</월><일>13</일><일련번호>11215-1</일련번호><전용면적>84.92</전용면적><중개사소재지>서울 광진구</중개사소재지><지번>567</지번><지역코드>11215</지역코드><층>6</층><해제사유발생일> </해제사유발생일><해제여부> </해제여부></item><item><거래금액>    85,000</거래금액><거래유형>중개거래</거래유형><건축년도>1996</건축년도><년>2023</년><도로명>아차산로76길</도로명><도로명건물본번호코드>00031</도로명건물본번호코드><도로명건물부번호코드>00000</도로명건물부번호코드><도로명시군구코드>11215</도로명시군구코드><도로명일련번호코드>00</도로명일련번호코드><도로명코드>4112357</도로명코드><법정동> 광장동</법정동><법정동본번코드>0567</법정동본번코드><법정동부번코드>0000</법정동부번코드><법정동시군구코드>11215</법정동시군구코드><법정동읍면동코드>10400</법정동읍면동코드><법정동지번코드>1</법정동지번코드><아파트>광나루현대</아파트><월>1</월><일>13</일><일련번호>11215-1</일련번호><전용면적>84.92</전용면적><중개사소재지>서울 광진구</중개사소재지><지번>567</지번><지역코드>11215</지역코드><층>6</층><해제사유발생일>23.02.09</해제사유발생일><해제여부>O</해제여부></item><item><거래금액>   109,000</거래금액><거래유형>중개거래</거래유형><건축년도>2000</건축년도><년>2023</년><도로명>아차산로</도로명><도로명건물본번호코드>00549</도로명건물본번호코드><도로명건물부번호코드>00000</도로명건물부번호코드><도로명시군구코드>11215</도로명시군구코드><도로명일련번호코드>02</도로명일련번호코드><도로명지상지하코드>0</도로명지상지하코드><도로명코드>3000002</도로명코드><법정동> 광장동</법정동><법정동본번코드>0577</법정동본번코드><법정동부번코드>0000</법정동부번코드><법정동시군구코드>11215</법정동시군구코드><법정동읍면동코드>10400</법정동읍면동코드><법정동지번코드>1</법정동지번코드><아파트>현대파크빌</아파트><월>1</월><일>14</일><일련번호>11215-21</일련번호><전용면적>59.55</전용면적><중개사소재지>서울 광진구</중개사소재지><지번>577</지번><지역코드>11215</지역코드><층>11</층><해제사유발생일> </해제사유발생일><해제여부> </해제여부></item><item><거래금액>   110,000</거래금액><거래유형>중개거래</거래유형><건축년도>1996</건축년도><년>2023</년><도로명>아차산로76길</도로명><도로명건물본번호코드>00031</도로명건물본번호코드><도로명건물부번호코드>00000</도로명건물부번호코드><도로명시군구코드>11215</도로명시군구코드><도로명일련번호코드>00</도로명일련번호코드><도로명코드>4112357</도로명코드><법정동> 광장동</법정동><법정동본번코드>0567</법정동본번코드><법정동부번코드>0000</법정동부번코드><법정동시군구코드>11215</법정동시군구코드><법정동읍면동코드>10400</법정동읍면동코드><법정동지번코드>1</법정동지번코드><아파트>광나루현대</아파트><월>1</월><일>17</일><일련번호>11215-1</일련번호><전용면적>84.92</전용면적><중개사소재지>서울 광진구</중개사소재지><지번>567</지번><지역코드>11215</지역코드><층>7</층><해제사유발생일> </해제사유발생일><해제여부> </해제여부></item><item><거래금액>   130,000</거래금액><거래유형>중개거래</거래유형><건축년도>2000</건축년도><년>2023</년><도로명>아차산로</도로명><도로명건물본번호코드>00549</도로명건물본번호코드><도로명건물부번호코드>00000</도로명건물부번호코드><도로명시군구코드>11215</도로명시군구코드><도로명일련번호코드>02</도로명일련번호코드><도로명지상지하코드>0</도로명지상지하코드><도로명코드>3000002</도로명코드><법정동> 광장동</법정동><법정동본번코드>0577</법정동본번코드><법정동부번코드>0000</법정동부번코드><법정동시군구코드>11215</법정동시군구코드><법정동읍면동코드>10400</법정동읍면동코드><법정동지번코드>1</법정동지번코드><아파트>현대파크빌</아파트><월>1</월><일>19</일><일련번호>11215-21</일련번호><전용면적>84.81</전용면적><중개사소재지>서울 광진구</중개사소재지><지번>577</지번><지역코드>11215</지역코드><층>17</층><해제사유발생일> </해제사유발생일><해제여부> </해제여부></item><item><거래금액>   132,000</거래금액><거래유형>중개거래</거래유형><건축년도>1989</건축년도><년>2023</년><도로명>아차산로70길</도로명><도로명건물본번호코드>00061</도로명건물본번호코드><도로명건물부번호코드>00000</도로명건물부번호코드><도로명시군구코드>11215</도로명시군구코드><도로명일련번호코드>01</도로명일련번호코드><도로명지상지하코드>0</도로명지상지하코드><도로명코드>4112353</도로명코드><법정동> 광장동</법정동><법정동본번코드>0554</법정동본번코드><법정동부번코드>0007</법정동부번코드><법정동시군구코드>11215</법정동시군구코드><법정동읍면동코드>10400</법정동읍면동코드><법정동지번코드>1</법정동지번코드><아파트>현대5</아파트><월>1</월><일>20</일><일련번호>11215-17</일련번호><전용면적>84.56</전용면적><중개사소재지>서울 광진구</중개사소재지><지번>554-7</지번><지역코드>11215</지역코드><층>12</층><해제사유발생일> </해제사유발생일><해제여부> </해제여부></item><item><거래금액>   117,000</거래금액><거래유형>중개거래</거래유형><건축년도>1996</건축년도><년>2023</년><도로명>아차산로</도로명><도로명건물본번호코드>00508</도로명건물본번호코드><도로명건물부번호코드>00000</도로명건물부번호코드><도로명시군구코드>11215</도로명시군구코드><도로명일련번호코드>00</도로명일련번호코드><도로명코드>3000002</도로명코드><법정동> 광장동</법정동><법정동본번코드>0569</법정동본번코드><법정동부번코드>0000</법정동부번코드><법정동시군구코드>11215</법정동시군구코드><법정동읍면동코드>10400</법정동읍면동코드><법정동지번코드>1</법정동지번코드><아파트>현대8(803동)</아파트><월>1</월><일>24</일><일련번호>11215-112</일련번호><전용면적>84.95</전용면적><중개사소재지>서울 광진구</중개사소재지><지번>569</지번><지역코드>11215</지역코드><층>21</층><해제사유발생일> </해제사유발생일><해제여부> </해제여부></item><item><거래금액>    85,000</거래금액><거래유형>중개거래</거래유형><건축년도>1996</건축년도><년>2023</년><도로명>아차산로</도로명><도로명건물본번호코드>00503</도로명건물본번호코드><도로명건물부번호코드>00023</도로명건물부번호코드><도로명시군구코드>11215</도로명시군구코드><도로명일련번호코드>00</도로명일련번호코드><도로명코드>3000002</도로명코드><법정동> 광장동</법정동><법정동본번코드>0566</법정동본번코드><법정동부번코드>0000</법정동부번코드><법정동시군구코드>11215</법정동시군구코드><법정동읍면동코드>10400</법정동읍면동코드><법정동지번코드>1</법정동지번코드><아파트>청구</아파트><월>1</월><일>26</일><일련번호>11215-14</일련번호><전용면적>59.95</전용면적><중개사소재지>서울 광진구</중개사소재지><지번>566</지번><지역코드>11215</지역코드><층>19</층><해제사유발생일> </해제사유발생일><해제여부> </해제여부></item><item><거래금액>    85,000</거래금액><거래유형>중개거래</거래유형><건축년도>1996</건축년도><년>2023</년><도로명>아차산로76길</도로명><도로명건물본번호코드>00031</도로명건물본번호코드><도로명건물부번호코드>00000</도로명건물부번호코드><도로명시군구코드>11215</도로명시군구코드><도로명일련번호코드>00</도로명일련번호코드><도로명코드>4112357</도로명코드><법정동> 광장동</법정동><법정동본번코드>0567</법정동본번코드><법정동부번코드>0000</법정동부번코드><법정동시군구코드>11215</법정동시군구코드><법정동읍면동코드>10400</법정동읍면동코드><법정동지번코드>1</법정동지번코드><아파트>광나루현대</아파트><월>1</월><일>30</일><일련번호>11215-1</일련번호><전용면적>84.92</전용면적><중개사소재지>경기 시흥시</중개사소재지><지번>567</지번><지역코드>11215</지역코드><층>1</층><해제사유발생일> </해제사유발생일><해제여부> </해제여부></item><item><거래금액>   120,000</거래금액><거래유형>중개거래</거래유형><건축년도>1990</건축년도><년>2023</년><도로명>아차산로70길</도로명><도로명건물본번호코드>00062</도로명건물본번호코드><도로명건물부번호코드>00000</도로명건물부번호코드><도로명시군구코드>11215</도로명시군구코드><도로명일련번호코드>01</도로명일련번호코드><도로명지상지하코드>0</도로명지상지하코드><도로명코드>4112353</도로명코드><법정동> 광장동</법정동><법정동본번코드>0484</법정동본번코드><법정동부번코드>0000</법정동부번코드><법정동시군구코드>11215</법정동시군구코드><법정동읍면동코드>10400</법정동읍면동코드><법정동지번코드>1</법정동지번코드><아파트>현대3</아파트><월>1</월><일>30</일><일련번호>11215-16</일련번호><전용면적>84.97</전용면적><중개사소재지>서울 광진구</중개사소재지><지번>484</지번><지역코드>11215</지역코드><층>17</층><해제사유발생일> </해제사유발생일><해제여부> </해제여부></item><item><거래금액>   420,000</거래금액><거래유형>중개거래</거래유형><건축년도>2007</건축년도><년>2023</년><도로명>아차산로</도로명><도로명건물본번호코드>00262</도로명건물본번호코드><도로명건물부번호코드>00000</도로명건물부번호코드><도로명시군구코드>11215</도로명시군구코드><도로명일련번호코드>03</도로명일련번호코드><도로명지상지하코드>0</도로명지상지하코드><도로명코드>3000002</도로명코드><법정동> 자양동</법정동><법정동본번코드>0227</법정동본번코드><법정동부번코드>0007</법정동부번코드><법정동시군구코드>11215</법정동시군구코드><법정동읍면동코드>10500</법정동읍면동코드><법정동지번코드>1</법정동지번코드><아파트>더샵스타시티</아파트><월>1</월><일>3</일><일련번호>11215-2478</일련번호><전용면적>243.94</전용면적><중개사소재지>서울 광진구</중개사소재지><지번>227-7</지번><지역코드>11215</지역코드><층>42</층><해제사유발생일> </해제사유발생일><해제여부> </해제여부></item><item><거래금액>   113,000</거래금액><거래유형>직거래</거래유형><건축년도>1989</건축년도><년>2023</년><도로명>뚝섬로35길</도로명><도로명건물본번호코드>00032</도로명건물본번호코드><도로명건물부번호코드>00000</도로명건물부번호코드><도로명시군구코드>11215</도로명시군구코드><도로명일련번호코드>01</도로명일련번호코드><도로명지상지하코드>0</도로명지상지하코드><도로명코드>4112258</도로명코드><법정동> 자양동</법정동><법정동본번코드>0516</법정동본번코드><법정동부번코드>0000</법정동부번코드><법정동시군구코드>11215</법정동시군구코드><법정동읍면동코드>10500</법정동읍면동코드><법정동지번코드>1</법정동지번코드><아파트>우성3</아파트><월>1</월><일>5</일><일련번호>11215-57</일련번호><전용면적>84.91</전용면적><중개사소재지> </중개사소재지><지번>516</지번><지역코드>11215</지역코드><층>2</층><해제사유발생일> </해제사유발생일><해제여부> </해제여부></item><item><거래금액>   106,000</거래금액><거래유형>중개거래</거래유형><건축년도>1997</건축년도><년>2023</년><도로명>능동로3길</도로명><도로명건물본번호코드>00017</도로명건물본번호코드><도로명건물부번호코드>00000</도로명건물부번호코드><도로명시군구코드>11215</도로명시군구코드><도로명일련번호코드>01</도로명일련번호코드><도로명지상지하코드>0</도로명지상지하코드><도로명코드>4112151</도로명코드><법정동> 자양동</법정동><법정동본번코드>0831</법정동본번코드><법정동부번코드>0001</법정동부번코드><법정동시군구코드>11215</법정동시군구코드><법정동읍면동코드>10500</법정동읍면동코드><법정동지번코드>1</법정동지번코드><아파트>한강성원</아파트><월>1</월><일>7</일><일련번호>11215-45</일련번호><전용면적>84.12</전용면적><중개사소재지>서울 광진구</중개사소재지><지번>831-1</지번><지역코드>11215</지역코드><층>3</층><해제사유발생일> </해제사유발생일><해제여부> </해제여부></item><item><거래금액>    90,000</거래금액><거래유형>중개거래</거래유형><건축년도>2006</건축년도><년>2023</년><도로명>자양로</도로명><도로명건물본번호코드>00109</도로명건물본번호코드><도로명건물부번호코드>00000</도로명건물부번호코드><도로명시군구코드>11215</도로명시군구코드><도로명일련번호코드>03</도로명일련번호코드><도로명지상지하코드>0</도로명지상지하코드><도로명코드>3104010</도로명코드><법정동> 자양동</법정동><법정동본번코드>0779</법정동본번코드><법정동부번코드>0008</법정동부번코드><법정동시군구코드>11215</법정동시군구코드><법정동읍면동코드>10500</법정동읍면동코드><법정동지번코드>1</법정동지번코드><아파트>구의현대홈시티</아파트><월>1</월><일>11</일><일련번호>11215-2467</일련번호><전용면적>84.93</전용면적><중개사소재지>서울 광진구</중개사소재지><지번>779-8</지번><지역코드>11215</지역코드><층>18</층><해제사유발생일> </해제사유발생일><해제여부> </해제여부></item><item><거래금액>    90,000</거래금액><거래유형>중개거래</거래유형><건축년도>1997</건축년도><년>2023</년><도로명>능동로3길</도로명><도로명건물본번호코드>00017</도로명건물본번호코드><도로명건물부번호코드>00000</도로명건물부번호코드><도로명시군구코드>11215</도로명시군구코드><도로명일련번호코드>01</도로명일련번호코드><도로명지상지하코드>0</도로명지상지하코드><도로명코드>4112151</도로명코드><법정동> 자양동</법정동><법정동본번코드>0831</법정동본번코드><법정동부번코드>0001</법정동부번코드><법정동시군구코드>11215</법정동시군구코드><법정동읍면동코드>10500</법정동읍면동코드><법정동지번코드>1</법정동지번코드><아파트>한강성원</아파트><월>1</월><일>16</일><일련번호>11215-45</일련번호><전용면적>59.46</전용면적><중개사소재지>서울 광진구</중개사소재지><지번>831-1</지번><지역코드>11215</지역코드><층>6</층><해제사유발생일> </해제사유발생일><해제여부> </해제여부></item><item><거래금액>    95,000</거래금액><거래유형>직거래</거래유형><건축년도>2006</건축년도><년>2023</년><도로명>능동로</도로명><도로명건물본번호코드>00050</도로명건물본번호코드><도로명건물부번호코드>00000</도로명건물부번호코드><도로명시군구코드>11215</도로명시군구코드><도로명일련번호코드>03</도로명일련번호코드><도로명지상지하코드>0</도로명지상지하코드><도로명코드>3104007</도로명코드><법정동> 자양동</법정동><법정동본번코드>0507</법정동본번코드><법정동부번코드>0006</법정동부번코드><법정동시군구코드>11215</법정동시군구코드><법정동읍면동코드>10500</법정동읍면동코드><법정동지번코드>1</법정동지번코드><아파트>이튼타워리버2차</아파트><월>1</월><일>19</일><일련번호>11215-2429</일련번호><전용면적>84.61</전용면적><중개사소재지> </중개사소재지><지번>507-6</지번><지역코드>11215</지역코드><층>6</층><해제사유발생일> </해제사유발생일><해제여부> </해제여부></item><item><거래금액>   180,000</거래금액><거래유형>중개거래</거래유형><건축년도>1983</건축년도><년>2023</년><도로명>구의강변로</도로명><도로명건물본번호코드>00011</도로명건물본번호코드><도로명건물부번호코드>00000</도로명건물부번호코드><도로명시군구코드>11215</도로명시군구코드><도로명일련번호코드>02</도로명일련번호코드><도로명지상지하코드>0</도로명지상지하코드><도로명코드>3104003</도로명코드><법정동> 자양동</법정동><법정동본번코드>0695</법정동본번코드><법정동부번코드>0000</법정동부번코드><법정동시군구코드>11215</법정동시군구코드><법정동읍면동코드>10500</법정동읍면동코드><법정동지번코드>1</법정동지번코드><아파트>한양</아파트><월>1</월><일>20</일><일련번호>11215-72</일련번호><전용면적>157.87</전용면적><중개사소재지>서울 광진구</중개사소재지><지번>695</지번><지역코드>11215</지역코드><층>12</층><해제사유발생일> </해제사유발생일><해제여부> </해제여부></item><item><거래금액>    75,000</거래금액><거래유형>중개거래</거래유형><건축년도>1988</건축년도><년>2023</년><도로명>뚝섬로41길</도로명><도로명건물본번호코드>00020</도로명건물본번호코드><도로명건물부번호코드>00000</도로명건물부번호코드><도로명시군구코드>11215</도로명시군구코드><도로명일련번호코드>00</도로명일련번호코드><도로명코드>4112264</도로명코드><법정동> 자양동</법정동><법정동본번코드>0579</법정동본번코드><법정동부번코드>0000</법정동부번코드><법정동시군구코드>11215</법정동시군구코드><법정동읍면동코드>10500</법정동읍면동코드><법정동지번코드>1</법정동지번코드><아파트>우성1</아파트><월>1</월><일>27</일><일련번호>11215-55</일련번호><전용면적>51.57</전용면적><중개사소재지>서울 광진구</중개사소재지><지번>579</지번><지역코드>11215</지역코드><층>4</층><해제사유발생일> </해제사유발생일><해제여부> </해제여부></item><item><거래금액>    79,000</거래금액><거래유형>중개거래</거래유형><건축년도>1989</건축년도><년>2023</년><도로명>뚝섬로</도로명><도로명건물본번호코드>00576</도로명건물본번호코드><도로명건물부번호코드>00000</도로명건물부번호코드><도로명시군구코드>11215</도로명시군구코드><도로명일련번호코드>02</도로명일련번호코드><도로명지상지하코드>0</도로명지상지하코드><도로명코드>3103010</도로명코드><법정동> 자양동</법정동><법정동본번코드>0520</법정동본번코드><법정동부번코드>0002</법정동부번코드><법정동시군구코드>11215</법정동시군구코드><법정동읍면동코드>10500</법정동읍면동코드><법정동지번코드>1</법정동지번코드><아파트>우성2</아파트><월>1</월><일>30</일><일련번호>11215-56</일련번호><전용면적>51.57</전용면적><중개사소재지>서울 광진구</중개사소재지><지번>520-2</지번><지역코드>11215</지역코드><층>2</층><해제사유발생일> </해제사유발생일><해제여부> </해제여부></item><item><거래금액>   155,000</거래금액><거래유형>직거래</거래유형><건축년도>2008</건축년도><년>2023</년><도로명>구의강변로1길</도로명><도로명건물본번호코드>00044</도로명건물본번호코드><도로명건물부번호코드>00000</도로명건물부번호코드><도로명시군구코드>11215</도로명시군구코드><도로명일련번호코드>01</도로명일련번호코드><도로명지상지하코드>0</도로명지상지하코드><도로명코드>4112049</도로명코드><법정동> 자양동</법정동><법정동본번코드>0813</법정동본번코드><법정동부번코드>0000</법정동부번코드><법정동시군구코드>11215</법정동시군구코드><법정동읍면동코드>10500</법정동읍면동코드><법정동지번코드>1</법정동지번코드><아파트>광진하우스토리한강</아파트><월>1</월><일>31</일><일련번호>11215-2649</일련번호><전용면적>143.36</전용면적><중개사소재지> </중개사소재지><지번>813</지번><지역코드>11215</지역코드><층>14</층><해제사유발생일> </해제사유발생일><해제여부> </해제여부></item><item><거래금액>    82,000</거래금액><거래유형>중개거래</거래유형><건축년도>2018</건축년도><년>2023</년><도로명>아차산로</도로명><도로명건물본번호코드>00311</도로명건물본번호코드><도로명건물부번호코드>00000</도로명건물부번호코드><도로명시군구코드>11215</도로명시군구코드><도로명일련번호코드>00</도로명일련번호코드><도로명코드>3000002</도로명코드><법정동> 자양동</법정동><법정동본번코드>0860</법정동본번코드><법정동부번코드>0000</법정동부번코드><법정동시군구코드>11215</법정동시군구코드><법정동읍면동코드>10500</법정동읍면동코드><법정동지번코드>1</법정동지번코드><아파트>테라팰리스건대2차</아파트><월>1</월><일>31</일><일련번호>11215-4511</일련번호><전용면적>52.66</전용면적><중개사소재지>서울 강남구</중개사소재지><지번>860</지번><지역코드>11215</지역코드><층>5</층><해제사유발생일> </해제사유발생일><해제여부> </해제여부></item><item><거래금액>    12,700</거래금액><거래유형>중개거래</거래유형><건축년도>2014</건축년도><년>2023</년><도로명>능동로19길</도로명><도로명건물본번호코드>00035</도로명건물본번호코드><도로명건물부번호코드>00000</도로명건물부번호코드><도로명시군구코드>11215</도로명시군구코드><도로명일련번호코드>01</도로명일련번호코드><도로명지상지하코드>0</도로명지상지하코드><도로명코드>4112128</도로명코드><법정동> 화양동</법정동><법정동본번코드>0113</법정동본번코드><법정동부번코드>0001</법정동부번코드><법정동시군구코드>11215</법정동시군구코드><법정동읍면동코드>10700</법정동읍면동코드><법정동지번코드>1</법정동지번코드><아파트>광진코지웰</아파트><월>1</월><일>6</일><일련번호>11215-3509</일련번호><전용면적>15.63</전용면적><중개사소재지>서울 광진구</중개사소재지><지번>113-1</지번><지역코드>11215</지역코드><층>5</층><해제사유발생일> </해제사유발생일><해제여부> </해제여부></item><item><거래금액>    16,000</거래금액><거래유형>중개거래</거래유형><건축년도>2014</건축년도><년>2023</년><도로명>능동로19길</도로명><도로명건물본번호코드>00035</도로명건물본번호코드><도로명건물부번호코드>00000</도로명건물부번호코드><도로명시군구코드>11215</도로명시군구코드><도로명일련번호코드>01</도로명일련번호코드><도로명지상지하코드>0</도로명지상지하코드><도로명코드>4112128</도로명코드><법정동> 화양동</법정동><법정동본번코드>0113</법정동본번코드><법정동부번코드>0001</법정동부번코드><법정동시군구코드>11215</법정동시군구코드><법정동읍면동코드>10700</법정동읍면동코드><법정동지번코드>1</법정동지번코드><아파트>광진코지웰</아파트><월>1</월><일>6</일><일련번호>11215-3509</일련번호><전용면적>18.63</전용면적><중개사소재지>서울 광진구</중개사소재지><지번>113-1</지번><지역코드>11215</지역코드><층>8</층><해제사유발생일>23.01.16</해제사유발생일><해제여부>O</해제여부></item><item><거래금액>    19,600</거래금액><거래유형>중개거래</거래유형><건축년도>2018</건축년도><년>2023</년><도로명>광나루로</도로명><도로명건물본번호코드>00382</도로명건물본번호코드><도로명건물부번호코드>00000</도로명건물부번호코드><도로명시군구코드>11215</도로명시군구코드><도로명일련번호코드>00</도로명일련번호코드><도로명코드>3005024</도로명코드><법정동> 화양동</법정동><법정동본번코드>0111</법정동본번코드><법정동부번코드>0102</법정동부번코드><법정동시군구코드>11215</법정동시군구코드><법정동읍면동코드>10700</법정동읍면동코드><법정동지번코드>1</법정동지번코드><아파트>아스하임(111-102)</아파트><월>1</월><일>21</일><일련번호>11215-4483</일련번호><전용면적>14.11</전용면적><중개사소재지>서울 광진구</중개사소재지><지번>111-102</지번><지역코드>11215</지역코드><층>11</층><해제사유발생일> </해제사유발생일><해제여부> </해제여부></item><item><거래금액>    19,500</거래금액><거래유형>중개거래</거래유형><건축년도>2018</건축년도><년>2023</년><도로명>광나루로</도로명><도로명건물본번호코드>00382</도로명건물본번호코드><도로명건물부번호코드>00000</도로명건물부번호코드><도로명시군구코드>11215</도로명시군구코드><도로명일련번호코드>00</도로명일련번호코드><도로명코드>3005024</도로명코드><법정동> 화양동</법정동><법정동본번코드>0111</법정동본번코드><법정동부번코드>0102</법정동부번코드><법정동시군구코드>11215</법정동시군구코드><법정동읍면동코드>10700</법정동읍면동코드><법정동지번코드>1</법정동지번코드><아파트>아스하임(111-102)</아파트><월>1</월><일>31</일><일련번호>11215-4483</일련번호><전용면적>14.11</전용면적><중개사소재지>서울 광진구</중개사소재지><지번>111-102</지번><지역코드>11215</지역코드><층>11</층><해제사유발생일> </해제사유발생일><해제여부> </해제여부></item><item><거래금액>    19,500</거래금액><거래유형>중개거래</거래유형><건축년도>2018</건축년도><년>2023</년><도로명>광나루로</도로명><도로명건물본번호코드>00382</도로명건물본번호코드><도로명건물부번호코드>00000</도로명건물부번호코드><도로명시군구코드>11215</도로명시군구코드><도로명일련번호코드>00</도로명일련번호코드><도로명코드>3005024</도로명코드><법정동> 화양동</법정동><법정동본번코드>0111</법정동본번코드><법정동부번코드>0102</법정동부번코드><법정동시군구코드>11215</법정동시군구코드><법정동읍면동코드>10700</법정동읍면동코드><법정동지번코드>1</법정동지번코드><아파트>아스하임(111-102)</아파트><월>1</월><일>31</일><일련번호>11215-4483</일련번호><전용면적>14.11</전용면적><중개사소재지>서울 광진구</중개사소재지><지번>111-102</지번><지역코드>11215</지역코드><층>11</층><해제사유발생일> </해제사유발생일><해제여부> </해제여부></item></items><numOfRows>999</numOfRows><pageNo>1</pageNo><totalCount>36</totalCount></body></response>