<?xml version="1.0" encoding="UTF-8" standalone="yes"?><response><header><resultCode>00</resultCode><resultMsg>NORMAL SERVICE.</resultMsg></header><body><items><item><거래금액>    19,000</거래금액><거래유형>중개거래</거래유형><건축년도>1999</건축년도><년>2022</년><도로명>옥인3길</도로명><도로명건물본번호코드>00007</도로명건물본번호코드><도로명건물부번호코드>00000</도로명건물부번호코드><도로명시군구코드>11110</도로명시군구코드><도로명일련번호코드>01</도로명일련번호코드><도로명지상지하코드>0</도로명지상지하코드><도로명코드>4100207</도로명코드><법정동> 누상동</법정동><법정동본번코드>0040</법정동본번코드><법정동부번코드>0000</법정동부번코드><법정동시군구코드>11110</법정동시군구코드><법정동읍면동코드>10900</법정동읍면동코드><법정동지번코드>1</법정동지번코드><아파트>청호그린빌</아파트><월>12</월><일>19</일><일련번호>11110-210</일련번호><전용면적>29.76</전용면적><중개사소재지>서울 종로구</중개사소재지><지번>40</지번><지역코드>11110</지역코드><층>4</층><해제사유발생일> </해제사유발생일><해제여부> </해제여부></item><item><거래금액>    16,000</거래금액><거래유형>직거래</거래유형><건축년도>2017</건축년도><년>2022</년><도로명>대학로</도로명><도로명건물본번호코드>00033</도로명건물본번호코드><도로명건물부번호코드>00000</도로명건물부번호코드><도로명시군구코드>11110</도로명시군구코드><도로명일련번호코드>00</도로명일련번호코드><도로명지상지하코드>0</도로명지상지하코드><도로명코드>3100002</도로명코드><법정동> 효제동</법정동><법정동본번코드>0065</법정동본번코드><법정동부번코드>0002</법정동부번코드><법정동시군구코드>11110</법정동시군구코드><법정동읍면동코드>16200</법정동읍면동코드><법정동지번코드>1</법정동지번코드><아파트>포레스트힐시티</아파트><월>12</월><일>8</일><일련번호>11110-2440</일련번호><전용면적>16.672</전용면적><중개사소재지> </중개사소재지><지번>65-2</지번><지역코드>11110</지역코드><층>5</층><해제사유발생일> </해제사유발생일><해제여부> </해제여부></item><item><거래금액>    20,000</거래금액><거래유형>중개거래</거래유형><건축년도>2017</건축년도><년>2022</년><도로명>대학로</도로명><도로명건물본번호코드>00033</도로명건물본번호코드><도로명건물부번호코드>00000</도로명건물부번호코드><도로명시군구코드>11110</도로명시군구코드><도로명일련번호코드>00</도로명일련번호코드><도로명지상지하코드>0</도로명지상지하코드><도로명코드>3100002</도로명코드><법정동> 효제동</법정동><법정동본번코드>0065</법정동본번코드><법정동부번코드>0002</법정동부번코드><법정동시군구코드>11110</법정동시군구코드><법정동읍면동코드>16200</법정동읍면동코드><법정동지번코드>1</법정동지번코드><아파트>포레스트힐시티</아파트><월>12</월><일>17</일><일련번호>11110-2440</일련번호><전용면적>20.3861</전용면적><중개사소재지>서울 종로구</중개사소재지><지번>65-2</지번><지역코드>11110</지역코드><층>5</층><해제사유발생일> </해제사유발생일><해제여부> </해제여부></item><item><거래금액>    20,200</거래금액><거래유형>중개거래</거래유형><건축년도>2014</건축년도><년>2022</년><도로명>대학로</도로명><도로명건물본번호코드>00047</도로명건물본번호코드><도로명건물부번호코드>00000</도로명건물부번호코드><도로명시군구코드>11110</도로명시군구코드><도로명일련번호코드>05</도로명일련번호코드><도로명지상지하코드>0</도로명지상지하코드><도로명코드>3100002</도로명코드><법정동> 연건동</법정동><법정동본번코드>0195</법정동본번코드><법정동부번코드>0010</법정동부번코드><법정동시군구코드>11110</법정동시군구코드><법정동읍면동코드>16600</법정동읍면동코드><법정동지번코드>1</법정동지번코드><아파트>이화에수풀</아파트><월>12</월><일>30</일><일련번호>11110-2359</일련번호><전용면적>16.98</전용면적><중개사소재지>서울 성북구</중개사소재지><지번>195-10</지번><지역코드>11110</지역코드><층>10</층><해제사유발생일> </해제사유발생일><해제여부> </해제여부></item><item><거래금액>    73,000</거래금액><거래유형>중개거래</거래유형><건축년도>2009</건축년도><년>2022</년><도로명>숭인동길</도로명><도로명건물본번호코드>00021</도로명건물본번호코드><도로명건물부번호코드>00000</도로명건물부번호코드><도로명시군구코드>11110</도로명시군구코드><도로명일련번호코드>01</도로명일련번호코드><도로명지상지하코드>0</도로명지상지하코드><도로명코드>4100204</도로명코드><법정동> 숭인동</법정동><법정동본번코드>0766</법정동본번코드><법정동부번코드>0000</법정동부번코드><법정동시군구코드>11110</법정동시군구코드><법정동읍면동코드>17500</법정동읍면동코드><법정동지번코드>1</법정동지번코드><아파트>종로청계힐스테이트</아파트><월>12</월><일>22</일><일련번호>11110-2234</일련번호><전용면적>59.9426</전용면적><중개사소재지>서울 종로구</중개사소재지><지번>766</지번><지역코드>11110</지역코드><층>18</층><해제사유발생일> </해제사유발생일><해제여부> </해제여부></item><item><거래금액>    13,000</거래금액><거래유형>중개거래</거래유형><건축년도>2013</건축년도><년>2022</년><도로명>난계로29가길</도로명><도로명건물본번호코드>00017</도로명건물본번호코드><도로명건물부번호코드>00000</도로명건물부번호코드><도로명시군구코드>11110</도로명시군구코드><도로명일련번호코드>01</도로명일련번호코드><도로명지상지하코드>0</도로명지상지하코드><도로명코드>4100029</도로명코드><법정동> 숭인동</법정동><법정동본번코드>1392</법정동본번코드><법정동부번코드>0000</법정동부번코드><법정동시군구코드>11110</법정동시군구코드><법정동읍면동코드>17500</법정동읍면동코드><법정동지번코드>1</법정동지번코드><아파트>익성씨티하임</아파트><월>12</월><일>28</일><일련번호>11110-2348</일련번호><전용면적>15.76</전용면적><중개사소재지>서울 종로구</중개사소재지><지번>1392</지번><지역코드>11110</지역코드><층>14</층><해제사유발생일> </해제사유발생일><해제여부> </해제여부></item><item><거래금액>    75,000</거래금액><거래유형>직거래</거래유형><건축년도>2000</건축년도><년>2022</년><도로명>통일로</도로명><도로명건물본번호코드>00246</도로명건물본번호코드><도로명건물부번호코드>00020</도로명건물부번호코드><도로명시군구코드>11110</도로명시군구코드><도로명일련번호코드>06</도로명일련번호코드><도로명지상지하코드>0</도로명지상지하코드><도로명코드>3000008</도로명코드><법정동> 무악동</법정동><법정동본번코드>0082</법정동본번코드><법정동부번코드>0000</법정동부번코드><법정동시군구코드>11110</법정동시군구코드><법정동읍면동코드>18700</법정동읍면동코드><법정동지번코드>1</법정동지번코드><아파트>현대</아파트><월>12</월><일>15</일><일련번호>11110-90</일련번호><전용면적>60</전용면적><중개사소재지> </중개사소재지><지번>82</지번><지역코드>11110</지역코드><층>13</층><해제사유발생일>23.03.03</해제사유발생일><해제여부>O</해제여부></item></items><numOfRows>999</numOfRows><pageNo>1</pageNo><totalCount>7</totalCount></body></response>