<?xml version="1.0" encoding="UTF-8" standalone="yes"?><response><header><resultCode>00</resultCode><resultMsg>NORMAL SERVICE.</resultMsg></header><body><items><item><거래금액>    65,000</거래금액><거래유형>중개거래</거래유형><건축년도>1998</건축년도><년>2022</년><도로명>삼일대로32길</도로명><도로명건물본번호코드>00036</도로명건물본번호코드><도로명건물부번호코드>00000</도로명건물부번호코드><도로명시군구코드>11110</도로명시군구코드><도로명일련번호코드>02</도로명일련번호코드><도로명지상지하코드>0</도로명지상지하코드><도로명코드>4100147</도로명코드><법정동> 익선동</법정동><법정동본번코드>0030</법정동본번코드><법정동부번코드>0006</법정동부번코드><법정동시군구코드>11110</법정동시군구코드><법정동읍면동코드>13300</법정동읍면동코드><법정동지번코드>1</법정동지번코드><아파트>운현신화타워</아파트><월>11</월><일>2</일><일련번호>11110-16</일련번호><전용면적>84.26</전용면적><중개사소재지>서울 종로구</중개사소재지><지번>30-6</지번><지역코드>11110</지역코드><층>11</층><해제사유발생일> </해제사유발생일><해제여부> </해제여부></item><item><거래금액>    18,600</거래금액><거래유형>중개거래</거래유형><건축년도>2014</건축년도><년>2022</년><도로명>대학로</도로명><도로명건물본번호코드>00047</도로명건물본번호코드><도로명건물부번호코드>00000</도로명건물부번호코드><도로명시군구코드>11110</도로명시군구코드><도로명일련번호코드>05</도로명일련번호코드><도로명지상지하코드>0</도로명지상지하코드><도로명코드>3100002</도로명코드><법정동> 연건동</법정동><법정동본번코드>0195</법정동본번코드><법정동부번코드>0010</법정동부번코드><법정동시군구코드>11110</법정동시군구코드><법정동읍면동코드>16600</법정동읍면동코드><법정동지번코드>1</법정동지번코드><아파트>이화에수풀</아파트><월>11</월><일>15</일><일련번호>11110-2359</일련번호><전용면적>16.98</전용면적><중개사소재지>서울 동대문구</중개사소재지><지번>195-10</지번><지역코드>11110</지역코드><층>7</층><해제사유발생일> </해제사유발생일><해제여부> </해제여부></item><item><거래금액>    15,300</거래금액><거래유형>중개거래</거래유형><건축년도>2011</건축년도><년>2022</년><도로명>율곡로20길</도로명><도로명건물본번호코드>00024</도로명건물본번호코드><도로명건물부번호코드>00000</도로명건물부번호코드><도로명시군구코드>11110</도로명시군구코드><도로명일련번호코드>01</도로명일련번호코드><도로명지상지하코드>0</도로명지상지하코드><도로명코드>4100225</도로명코드><법정동> 충신동</법정동><법정동본번코드>0062</법정동본번코드><법정동부번코드>0002</법정동부번코드><법정동시군구코드>11110</법정동시군구코드><법정동읍면동코드>16700</법정동읍면동코드><법정동지번코드>1</법정동지번코드><아파트>CS타워</아파트><월>11</월><일>26</일><일련번호>11110-2291</일련번호><전용면적>21.94</전용면적><중개사소재지>서울 종로구</중개사소재지><지번>62-2</지번><지역코드>11110</지역코드><층>10</층><해제사유발생일> </해제사유발생일><해제여부> </해제여부></item><item><거래금액>    35,000</거래금액><거래유형>중개거래</거래유형><건축년도>1999</건축년도><년>2022</년><도로명>동숭4라길</도로명><도로명건물본번호코드>00029</도로명건물본번호코드><도로명건물부번호코드>00000</도로명건물부번호코드><도로명시군구코드>11110</도로명시군구코드><도로명일련번호코드>01</도로명일련번호코드><도로명지상지하코드>0</도로명지상지하코드><도로명코드>4100074</도로명코드><법정동> 동숭동</법정동><법정동본번코드>0004</법정동본번코드><법정동부번코드>0161</법정동부번코드><법정동시군구코드>11110</법정동시군구코드><법정동읍면동코드>16800</법정동읍면동코드><법정동지번코드>1</법정동지번코드><아파트>동성아파트(1동)</아파트><월>11</월><일>11</일><일련번호>11110-124</일련번호><전용면적>57.96</전용면적><중개사소재지>서울 종로구</중개사소재지><지번>4-161</지번><지역코드>11110</지역코드><층>1</층><해제사유발생일> </해제사유발생일><해제여부> </해제여부></item><item><거래금액>    90,000</거래금액><거래유형>중개거래</거래유형><건축년도>1996</건축년도><년>2022</년><도로명>혜화로3길</도로명><도로명건물본번호코드>00033</도로명건물본번호코드><도로명건물부번호코드>00000</도로명건물부번호코드><도로명시군구코드>11110</도로명시군구코드><도로명일련번호코드>02</도로명일련번호코드><도로명지상지하코드>0</도로명지상지하코드><도로명코드>4100545</도로명코드><법정동> 명륜2가</법정동><법정동본번코드>0236</법정동본번코드><법정동부번코드>0000</법정동부번코드><법정동시군구코드>11110</법정동시군구코드><법정동읍면동코드>17100</법정동읍면동코드><법정동지번코드>1</법정동지번코드><아파트>아남2</아파트><월>11</월><일>14</일><일련번호>11110-92</일련번호><전용면적>84.9</전용면적><중개사소재지>서울 종로구</중개사소재지><지번>236</지번><지역코드>11110</지역코드><층>4</층><해제사유발생일>23.03.22</해제사유발생일><해제여부>O</해제여부></item><item><거래금액>    90,000</거래금액><거래유형>중개거래</거래유형><건축년도>1996</건축년도><년>2022</년><도로명>혜화로3길</도로명><도로명건물본번호코드>00033</도로명건물본번호코드><도로명건물부번호코드>00000</도로명건물부번호코드><도로명시군구코드>11110</도로명시군구코드><도로명일련번호코드>02</도로명일련번호코드><도로명지상지하코드>0</도로명지상지하코드><도로명코드>4100545</도로명코드><법정동> 명륜2가</법정동><법정동본번코드>0236</법정동본번코드><법정동부번코드>0000</법정동부번코드><법정동시군구코드>11110</법정동시군구코드><법정동읍면동코드>17100</법정동읍면동코드><법정동지번코드>1</법정동지번코드><아파트>아남2</아파트><월>11</월><일>14</일><일련번호>11110-92</일련번호><전용면적>84.9</전용면적><중개사소재지>서울 종로구</중개사소재지><지번>236</지번><지역코드>11110</지역코드><층>4</층><해제사유발생일> </해제사유발생일><해제여부> </해제여부></item><item><거래금액>    59,500</거래금액><거래유형>중개거래</거래유형><건축년도>1993</건축년도><년>2022</년><도로명>낙산길</도로명><도로명건물본번호코드>00198</도로명건물본번호코드><도로명건물부번호코드>00000</도로명건물부번호코드><도로명시군구코드>11110</도로명시군구코드><도로명일련번호코드>02</도로명일련번호코드><도로명지상지하코드>0</도로명지상지하코드><도로명코드>4100020</도로명코드><법정동> 창신동</법정동><법정동본번코드>0703</법정동본번코드><법정동부번코드>0000</법정동부번코드><법정동시군구코드>11110</법정동시군구코드><법정동읍면동코드>17400</법정동읍면동코드><법정동지번코드>1</법정동지번코드><아파트>창신쌍용2</아파트><월>11</월><일>19</일><일련번호>11110-91</일련번호><전용면적>54.7</전용면적><중개사소재지>서울 종로구</중개사소재지><지번>703</지번><지역코드>11110</지역코드><층>9</층><해제사유발생일> </해제사유발생일><해제여부> </해제여부></item><item><거래금액>    12,900</거래금액><거래유형>중개거래</거래유형><건축년도>2013</건축년도><년>2022</년><도로명>종로66길</도로명><도로명건물본번호코드>00028</도로명건물본번호코드><도로명건물부번호코드>00000</도로명건물부번호코드><도로명시군구코드>11110</도로명시군구코드><도로명일련번호코드>01</도로명일련번호코드><도로명지상지하코드>0</도로명지상지하코드><도로명코드>4100372</도로명코드><법정동> 숭인동</법정동><법정동본번코드>0202</법정동본번코드><법정동부번코드>0003</법정동부번코드><법정동시군구코드>11110</법정동시군구코드><법정동읍면동코드>17500</법정동읍면동코드><법정동지번코드>1</법정동지번코드><아파트>종로중흥S클래스</아파트><월>11</월><일>5</일><일련번호>11110-2339</일련번호><전용면적>17.811</전용면적><중개사소재지>서울 종로구</중개사소재지><지번>202-3</지번><지역코드>11110</지역코드><층>13</층><해제사유발생일> </해제사유발생일><해제여부> </해제여부></item><item><거래금액>    12,000</거래금액><거래유형>중개거래</거래유형><건축년도>2013</건축년도><년>2022</년><도로명>난계로29가길</도로명><도로명건물본번호코드>00019</도로명건물본번호코드><도로명건물부번호코드>00000</도로명건물부번호코드><도로명시군구코드>11110</도로명시군구코드><도로명일련번호코드>01</도로명일련번호코드><도로명지상지하코드>0</도로명지상지하코드><도로명코드>4100029</도로명코드><법정동> 숭인동</법정동><법정동본번코드>1392</법정동본번코드><법정동부번코드>0001</법정동부번코드><법정동시군구코드>11110</법정동시군구코드><법정동읍면동코드>17500</법정동읍면동코드><법정동지번코드>1</법정동지번코드><아파트>종로아인스빌</아파트><월>11</월><일>28</일><일련번호>11110-2344</일련번호><전용면적>12.15</전용면적><중개사소재지>서울 성동구</중개사소재지><지번>1392-1</지번><지역코드>11110</지역코드><층>14</층><해제사유발생일> </해제사유발생일><해제여부> </해제여부></item></items><numOfRows>999</numOfRows><pageNo>1</pageNo><totalCount>9</totalCount></body></response>