<?xml version="1.0" encoding="UTF-8" standalone="yes"?><response><header><resultCode>00</resultCode><resultMsg>NORMAL SERVICE.</resultMsg></header><body><items><item><거래금액>    13,400</거래금액><거래유형>중개거래</거래유형><건축년도>2013</건축년도><년>2022</년><도로명>종로66길</도로명><도로명건물본번호코드>00028</도로명건물본번호코드><도로명건물부번호코드>00000</도로명건물부번호코드><도로명시군구코드>11110</도로명시군구코드><도로명일련번호코드>01</도로명일련번호코드><도로명지상지하코드>0</도로명지상지하코드><도로명코드>4100372</도로명코드><법정동> 숭인동</법정동><법정동본번코드>0202</법정동본번코드><법정동부번코드>0003</법정동부번코드><법정동시군구코드>11110</법정동시군구코드><법정동읍면동코드>17500</법정동읍면동코드><법정동지번코드>1</법정동지번코드><아파트>종로중흥S클래스</아파트><월>10</월><일>5</일><일련번호>11110-2339</일련번호><전용면적>17.811</전용면적><중개사소재지>서울 종로구</중개사소재지><지번>202-3</지번><지역코드>11110</지역코드><층>14</층><해제사유발생일> </해제사유발생일><해제여부> </해제여부></item><item><거래금액>    12,350</거래금액><거래유형>중개거래</거래유형><건축년도>2014</건축년도><년>2022</년><도로명>지봉로4길</도로명><도로명건물본번호코드>00013</도로명건물본번호코드><도로명건물부번호코드>00000</도로명건물부번호코드><도로명시군구코드>11110</도로명시군구코드><도로명일련번호코드>00</도로명일련번호코드><도로명지상지하코드>0</도로명지상지하코드><도로명코드>4100389</도로명코드><법정동> 숭인동</법정동><법정동본번코드>0318</법정동본번코드><법정동부번코드>0002</법정동부번코드><법정동시군구코드>11110</법정동시군구코드><법정동읍면동코드>17500</법정동읍면동코드><법정동지번코드>1</법정동지번코드><아파트>삼전솔하임4차</아파트><월>10</월><일>10</일><일련번호>11110-2368</일련번호><전용면적>15.09</전용면적><중개사소재지>서울 종로구</중개사소재지><지번>318-2</지번><지역코드>11110</지역코드><층>17</층><해제사유발생일> </해제사유발생일><해제여부> </해제여부></item><item><거래금액>    13,500</거래금액><거래유형>중개거래</거래유형><건축년도>2012</건축년도><년>2022</년><도로명>종로58가길</도로명><도로명건물본번호코드>00027</도로명건물본번호코드><도로명건물부번호코드>00000</도로명건물부번호코드><도로명시군구코드>11110</도로명시군구코드><도로명일련번호코드>01</도로명일련번호코드><도로명지상지하코드>0</도로명지상지하코드><도로명코드>4100358</도로명코드><법정동> 숭인동</법정동><법정동본번코드>0296</법정동본번코드><법정동부번코드>0019</법정동부번코드><법정동시군구코드>11110</법정동시군구코드><법정동읍면동코드>17500</법정동읍면동코드><법정동지번코드>1</법정동지번코드><아파트>삼전솔하임2차</아파트><월>10</월><일>13</일><일련번호>11110-2322</일련번호><전용면적>16.67</전용면적><중개사소재지>서울 종로구</중개사소재지><지번>296-19</지번><지역코드>11110</지역코드><층>5</층><해제사유발생일> </해제사유발생일><해제여부> </해제여부></item><item><거래금액>    12,500</거래금액><거래유형>중개거래</거래유형><건축년도>2014</건축년도><년>2022</년><도로명>지봉로4길</도로명><도로명건물본번호코드>00013</도로명건물본번호코드><도로명건물부번호코드>00000</도로명건물부번호코드><도로명시군구코드>11110</도로명시군구코드><도로명일련번호코드>00</도로명일련번호코드><도로명지상지하코드>0</도로명지상지하코드><도로명코드>4100389</도로명코드><법정동> 숭인동</법정동><법정동본번코드>0318</법정동본번코드><법정동부번코드>0002</법정동부번코드><법정동시군구코드>11110</법정동시군구코드><법정동읍면동코드>17500</법정동읍면동코드><법정동지번코드>1</법정동지번코드><아파트>삼전솔하임4차</아파트><월>10</월><일>13</일><일련번호>11110-2368</일련번호><전용면적>15.09</전용면적><중개사소재지>서울 종로구</중개사소재지><지번>318-2</지번><지역코드>11110</지역코드><층>17</층><해제사유발생일> </해제사유발생일><해제여부> </해제여부></item></items><numOfRows>999</numOfRows><pageNo>1</pageNo><totalCount>4</totalCount></body></response>