<?xml version="1.0" encoding="UTF-8" standalone="yes"?><response><header><resultCode>00</resultCode><resultMsg>NORMAL SERVICE.</resultMsg></header><body><items><item><거래금액>    45,500</거래금액><거래유형>중개거래</거래유형><건축년도>1990</건축년도><년>2022</년><도로명>사가정로71길</도로명><도로명건물본번호코드>00019</도로명건물본번호코드><도로명건물부번호코드>00000</도로명건물부번호코드><도로명시군구코드>11260</도로명시군구코드><도로명일련번호코드>01</도로명일련번호코드><도로명지상지하코드>0</도로명지상지하코드><도로명코드>4118377</도로명코드><법정동> 면목동</법정동><법정동본번코드>1077</법정동본번코드><법정동부번코드>0001</법정동부번코드><법정동시군구코드>11260</법정동시군구코드><법정동읍면동코드>10100</법정동읍면동코드><법정동지번코드>1</법정동지번코드><아파트>용마한신</아파트><월>10</월><일>3</일><일련번호>11260-19</일련번호><전용면적>59.22</전용면적><중개사소재지>서울 중랑구</중개사소재지><지번>1077-1</지번><지역코드>11260</지역코드><층>10</층><해제사유발생일> </해제사유발생일><해제여부> </해제여부></item><item><거래금액>    38,000</거래금액><거래유형>중개거래</거래유형><건축년도>1990</건축년도><년>2022</년><도로명>사가정로71길</도로명><도로명건물본번호코드>00019</도로명건물본번호코드><도로명건물부번호코드>00000</도로명건물부번호코드><도로명시군구코드>11260</도로명시군구코드><도로명일련번호코드>01</도로명일련번호코드><도로명지상지하코드>0</도로명지상지하코드><도로명코드>4118377</도로명코드><법정동> 면목동</법정동><법정동본번코드>1077</법정동본번코드><법정동부번코드>0001</법정동부번코드><법정동시군구코드>11260</법정동시군구코드><법정동읍면동코드>10100</법정동읍면동코드><법정동지번코드>1</법정동지번코드><아파트>용마한신</아파트><월>10</월><일>8</일><일련번호>11260-19</일련번호><전용면적>35.44</전용면적><중개사소재지>서울 중랑구</중개사소재지><지번>1077-1</지번><지역코드>11260</지역코드><층>6</층><해제사유발생일> </해제사유발생일><해제여부> </해제여부></item><item><거래금액>     8,650</거래금액><거래유형>중개거래</거래유형><건축년도>2013</건축년도><년>2022</년><도로명>면목로69길</도로명><도로명건물본번호코드>00016</도로명건물본번호코드><도로명건물부번호코드>00000</도로명건물부번호코드><도로명시군구코드>11260</도로명시군구코드><도로명일련번호코드>01</도로명일련번호코드><도로명지상지하코드>0</도로명지상지하코드><도로명코드>4118243</도로명코드><법정동> 면목동</법정동><법정동본번코드>0538</법정동본번코드><법정동부번코드>0000</법정동부번코드><법정동시군구코드>11260</법정동시군구코드><법정동읍면동코드>10100</법정동읍면동코드><법정동지번코드>1</법정동지번코드><아파트>신영</아파트><월>10</월><일>9</일><일련번호>11260-2791</일련번호><전용면적>14.43</전용면적><중개사소재지>서울 중랑구</중개사소재지><지번>538</지번><지역코드>11260</지역코드><층>6</층><해제사유발생일> </해제사유발생일><해제여부> </해제여부></item><item><거래금액>   115,000</거래금액><거래유형>중개거래</거래유형><건축년도>2020</건축년도><년>2022</년><도로명>동일로92길</도로명><도로명건물본번호코드>00040</도로명건물본번호코드><도로명건물부번호코드>00000</도로명건물부번호코드><도로명시군구코드>11260</도로명시군구코드><도로명일련번호코드>01</도로명일련번호코드><도로명지상지하코드>0</도로명지상지하코드><도로명코드>4118135</도로명코드><법정동> 면목동</법정동><법정동본번코드>1545</법정동본번코드><법정동부번코드>0000</법정동부번코드><법정동시군구코드>11260</법정동시군구코드><법정동읍면동코드>10100</법정동읍면동코드><법정동지번코드>1</법정동지번코드><아파트>사가정센트럴아이파크</아파트><월>10</월><일>15</일><일련번호>11260-4104</일련번호><전용면적>84.956</전용면적><중개사소재지>서울 중랑구</중개사소재지><지번>1545</지번><지역코드>11260</지역코드><층>7</층><해제사유발생일> </해제사유발생일><해제여부> </해제여부></item><item><거래금액>   111,000</거래금액><거래유형>중개거래</거래유형><건축년도>2020</건축년도><년>2022</년><도로명>용마산로</도로명><도로명건물본번호코드>00209</도로명건물본번호코드><도로명건물부번호코드>00000</도로명건물부번호코드><도로명시군구코드>11260</도로명시군구코드><도로명일련번호코드>01</도로명일련번호코드><도로명지상지하코드>0</도로명지상지하코드><도로명코드>3005028</도로명코드><법정동> 면목동</법정동><법정동본번코드>1548</법정동본번코드><법정동부번코드>0000</법정동부번코드><법정동시군구코드>11260</법정동시군구코드><법정동읍면동코드>10100</법정동읍면동코드><법정동지번코드>1</법정동지번코드><아파트>쌍용더플래티넘용마산</아파트><월>10</월><일>16</일><일련번호>11260-4189</일련번호><전용면적>84.9731</전용면적><중개사소재지>서울 중랑구</중개사소재지><지번>1548</지번><지역코드>11260</지역코드><층>4</층><해제사유발생일> </해제사유발생일><해제여부> </해제여부></item><item><거래금액>   120,000</거래금액><거래유형>중개거래</거래유형><건축년도>2020</건축년도><년>2022</년><도로명>동일로92길</도로명><도로명건물본번호코드>00040</도로명건물본번호코드><도로명건물부번호코드>00000</도로명건물부번호코드><도로명시군구코드>11260</도로명시군구코드><도로명일련번호코드>01</도로명일련번호코드><도로명지상지하코드>0</도로명지상지하코드><도로명코드>4118135</도로명코드><법정동> 면목동</법정동><법정동본번코드>1545</법정동본번코드><법정동부번코드>0000</법정동부번코드><법정동시군구코드>11260</법정동시군구코드><법정동읍면동코드>10100</법정동읍면동코드><법정동지번코드>1</법정동지번코드><아파트>사가정센트럴아이파크</아파트><월>10</월><일>18</일><일련번호>11260-4104</일련번호><전용면적>84.87</전용면적><중개사소재지>서울 중랑구</중개사소재지><지번>1545</지번><지역코드>11260</지역코드><층>12</층><해제사유발생일> </해제사유발생일><해제여부> </해제여부></item><item><거래금액>    13,600</거래금액><거래유형>직거래</거래유형><건축년도>2014</건축년도><년>2022</년><도로명>면목로</도로명><도로명건물본번호코드>00487</도로명건물본번호코드><도로명건물부번호코드>00000</도로명건물부번호코드><도로명시군구코드>11260</도로명시군구코드><도로명일련번호코드>02</도로명일련번호코드><도로명지상지하코드>0</도로명지상지하코드><도로명코드>3005027</도로명코드><법정동> 상봉동</법정동><법정동본번코드>0113</법정동본번코드><법정동부번코드>0001</법정동부번코드><법정동시군구코드>11260</법정동시군구코드><법정동읍면동코드>10200</법정동읍면동코드><법정동지번코드>1</법정동지번코드><아파트>포시티</아파트><월>10</월><일>13</일><일련번호>11260-2879</일련번호><전용면적>14.855</전용면적><중개사소재지> </중개사소재지><지번>113-1</지번><지역코드>11260</지역코드><층>5</층><해제사유발생일> </해제사유발생일><해제여부> </해제여부></item><item><거래금액>    10,500</거래금액><거래유형>중개거래</거래유형><건축년도>2014</건축년도><년>2022</년><도로명>면목로</도로명><도로명건물본번호코드>00487</도로명건물본번호코드><도로명건물부번호코드>00000</도로명건물부번호코드><도로명시군구코드>11260</도로명시군구코드><도로명일련번호코드>02</도로명일련번호코드><도로명지상지하코드>0</도로명지상지하코드><도로명코드>3005027</도로명코드><법정동> 상봉동</법정동><법정동본번코드>0113</법정동본번코드><법정동부번코드>0001</법정동부번코드><법정동시군구코드>11260</법정동시군구코드><법정동읍면동코드>10200</법정동읍면동코드><법정동지번코드>1</법정동지번코드><아파트>포시티</아파트><월>10</월><일>20</일><일련번호>11260-2879</일련번호><전용면적>14.855</전용면적><중개사소재지>서울 중랑구</중개사소재지><지번>113-1</지번><지역코드>11260</지역코드><층>5</층><해제사유발생일> </해제사유발생일><해제여부> </해제여부></item><item><거래금액>    22,000</거래금액><거래유형>직거래</거래유형><건축년도>2019</건축년도><년>2022</년><도로명>망우로</도로명><도로명건물본번호코드>00304</도로명건물본번호코드><도로명건물부번호코드>00000</도로명건물부번호코드><도로명시군구코드>11260</도로명시군구코드><도로명일련번호코드>01</도로명일련번호코드><도로명지상지하코드>0</도로명지상지하코드><도로명코드>3005032</도로명코드><법정동> 상봉동</법정동><법정동본번코드>0101</법정동본번코드><법정동부번코드>0019</법정동부번코드><법정동시군구코드>11260</법정동시군구코드><법정동읍면동코드>10200</법정동읍면동코드><법정동지번코드>1</법정동지번코드><아파트>상봉베스트원</아파트><월>10</월><일>21</일><일련번호>11260-3951</일련번호><전용면적>22.14</전용면적><중개사소재지> </중개사소재지><지번>101-19</지번><지역코드>11260</지역코드><층>9</층><해제사유발생일> </해제사유발생일><해제여부> </해제여부></item><item><거래금액>    75,000</거래금액><거래유형>중개거래</거래유형><건축년도>1997</건축년도><년>2022</년><도로명>봉화산로48길</도로명><도로명건물본번호코드>00062</도로명건물본번호코드><도로명건물부번호코드>00000</도로명건물부번호코드><도로명시군구코드>11260</도로명시군구코드><도로명일련번호코드>01</도로명일련번호코드><도로명지상지하코드>0</도로명지상지하코드><도로명코드>4118341</도로명코드><법정동> 상봉동</법정동><법정동본번코드>0001</법정동본번코드><법정동부번코드>0000</법정동부번코드><법정동시군구코드>11260</법정동시군구코드><법정동읍면동코드>10200</법정동읍면동코드><법정동지번코드>1</법정동지번코드><아파트>건영1</아파트><월>10</월><일>25</일><일련번호>11260-32</일련번호><전용면적>84.96</전용면적><중개사소재지>경기 구리시</중개사소재지><지번>1</지번><지역코드>11260</지역코드><층>6</층><해제사유발생일>23.01.04</해제사유발생일><해제여부>O</해제여부></item><item><거래금액>    17,300</거래금액><거래유형>중개거래</거래유형><건축년도>2018</건축년도><년>2022</년><도로명>면목로</도로명><도로명건물본번호코드>00489</도로명건물본번호코드><도로명건물부번호코드>00000</도로명건물부번호코드><도로명시군구코드>11260</도로명시군구코드><도로명일련번호코드>00</도로명일련번호코드><도로명지상지하코드>0</도로명지상지하코드><도로명코드>3005027</도로명코드><법정동> 상봉동</법정동><법정동본번코드>0113</법정동본번코드><법정동부번코드>0000</법정동부번코드><법정동시군구코드>11260</법정동시군구코드><법정동읍면동코드>10200</법정동읍면동코드><법정동지번코드>1</법정동지번코드><아파트>상봉어반뷰</아파트><월>10</월><일>29</일><일련번호>11260-3881</일련번호><전용면적>18.45</전용면적><중개사소재지>서울 영등포구, 서울 중랑구</중개사소재지><지번>113</지번><지역코드>11260</지역코드><층>16</층><해제사유발생일> </해제사유발생일><해제여부> </해제여부></item><item><거래금액>    11,500</거래금액><거래유형>중개거래</거래유형><건축년도>2012</건축년도><년>2022</년><도로명>중랑천로14길</도로명><도로명건물본번호코드>00058</도로명건물본번호코드><도로명건물부번호코드>00000</도로명건물부번호코드><도로명시군구코드>11260</도로명시군구코드><도로명일련번호코드>01</도로명일련번호코드><도로명지상지하코드>0</도로명지상지하코드><도로명코드>4118562</도로명코드><법정동> 중화동</법정동><법정동본번코드>0208</법정동본번코드><법정동부번코드>0004</법정동부번코드><법정동시군구코드>11260</법정동시군구코드><법정동읍면동코드>10300</법정동읍면동코드><법정동지번코드>1</법정동지번코드><아파트>범양프레체</아파트><월>10</월><일>3</일><일련번호>11260-2626</일련번호><전용면적>17.94</전용면적><중개사소재지>서울 중랑구</중개사소재지><지번>208-4</지번><지역코드>11260</지역코드><층>8</층><해제사유발생일> </해제사유발생일><해제여부> </해제여부></item><item><거래금액>    12,500</거래금액><거래유형>중개거래</거래유형><건축년도>2013</건축년도><년>2022</년><도로명>동일로157길</도로명><도로명건물본번호코드>00041</도로명건물본번호코드><도로명건물부번호코드>00000</도로명건물부번호코드><도로명시군구코드>11260</도로명시군구코드><도로명일련번호코드>01</도로명일련번호코드><도로명지상지하코드>0</도로명지상지하코드><도로명코드>4118120</도로명코드><법정동> 묵동</법정동><법정동본번코드>0393</법정동본번코드><법정동부번코드>0000</법정동부번코드><법정동시군구코드>11260</법정동시군구코드><법정동읍면동코드>10400</법정동읍면동코드><법정동지번코드>1</법정동지번코드><아파트>묵동포레시타</아파트><월>10</월><일>1</일><일련번호>11260-2711</일련번호><전용면적>14.95</전용면적><중개사소재지>서울 중랑구</중개사소재지><지번>393</지번><지역코드>11260</지역코드><층>4</층><해제사유발생일> </해제사유발생일><해제여부> </해제여부></item><item><거래금액>    51,000</거래금액><거래유형>중개거래</거래유형><건축년도>1996</건축년도><년>2022</년><도로명>숙선옹주로</도로명><도로명건물본번호코드>00091</도로명건물본번호코드><도로명건물부번호코드>00000</도로명건물부번호코드><도로명시군구코드>11260</도로명시군구코드><도로명일련번호코드>01</도로명일련번호코드><도로명지상지하코드>0</도로명지상지하코드><도로명코드>3106006</도로명코드><법정동> 묵동</법정동><법정동본번코드>0013</법정동본번코드><법정동부번코드>0000</법정동부번코드><법정동시군구코드>11260</법정동시군구코드><법정동읍면동코드>10400</법정동읍면동코드><법정동지번코드>1</법정동지번코드><아파트>신내</아파트><월>10</월><일>8</일><일련번호>11260-52</일련번호><전용면적>59.76</전용면적><중개사소재지>서울 중랑구</중개사소재지><지번>13</지번><지역코드>11260</지역코드><층>1</층><해제사유발생일> </해제사유발생일><해제여부> </해제여부></item><item><거래금액>    33,000</거래금액><거래유형>중개거래</거래유형><건축년도>1975</건축년도><년>2022</년><도로명>동일로149길</도로명><도로명건물본번호코드>00015</도로명건물본번호코드><도로명건물부번호코드>00000</도로명건물부번호코드><도로명시군구코드>11260</도로명시군구코드><도로명일련번호코드>01</도로명일련번호코드><도로명지상지하코드>0</도로명지상지하코드><도로명코드>4118112</도로명코드><법정동> 묵동</법정동><법정동본번코드>0245</법정동본번코드><법정동부번코드>0064</법정동부번코드><법정동시군구코드>11260</법정동시군구코드><법정동읍면동코드>10400</법정동읍면동코드><법정동지번코드>1</법정동지번코드><아파트>우성</아파트><월>10</월><일>8</일><일련번호>11260-61</일련번호><전용면적>48.13</전용면적><중개사소재지>서울 중랑구</중개사소재지><지번>245-64</지번><지역코드>11260</지역코드><층>4</층><해제사유발생일> </해제사유발생일><해제여부> </해제여부></item><item><거래금액>    54,000</거래금액><거래유형>중개거래</거래유형><건축년도>2000</건축년도><년>2022</년><도로명>망우로</도로명><도로명건물본번호코드>00504</도로명건물본번호코드><도로명건물부번호코드>00010</도로명건물부번호코드><도로명시군구코드>11260</도로명시군구코드><도로명일련번호코드>03</도로명일련번호코드><도로명지상지하코드>0</도로명지상지하코드><도로명코드>3005032</도로명코드><법정동> 망우동</법정동><법정동본번코드>0574</법정동본번코드><법정동부번코드>0000</법정동부번코드><법정동시군구코드>11260</법정동시군구코드><법정동읍면동코드>10500</법정동읍면동코드><법정동지번코드>1</법정동지번코드><아파트>백림금호</아파트><월>10</월><일>8</일><일련번호>11260-70</일련번호><전용면적>84.23</전용면적><중개사소재지>서울 중랑구</중개사소재지><지번>574</지번><지역코드>11260</지역코드><층>11</층><해제사유발생일> </해제사유발생일><해제여부> </해제여부></item><item><거래금액>    10,500</거래금액><거래유형>중개거래</거래유형><건축년도>2013</건축년도><년>2022</년><도로명>망우로58길</도로명><도로명건물본번호코드>00031</도로명건물본번호코드><도로명건물부번호코드>00000</도로명건물부번호코드><도로명시군구코드>11260</도로명시군구코드><도로명일련번호코드>01</도로명일련번호코드><도로명지상지하코드>0</도로명지상지하코드><도로명코드>4118156</도로명코드><법정동> 망우동</법정동><법정동본번코드>0508</법정동본번코드><법정동부번코드>0006</법정동부번코드><법정동시군구코드>11260</법정동시군구코드><법정동읍면동코드>10500</법정동읍면동코드><법정동지번코드>1</법정동지번코드><아파트>더하이어</아파트><월>10</월><일>14</일><일련번호>11260-2772</일련번호><전용면적>12.0156</전용면적><중개사소재지>서울 중랑구</중개사소재지><지번>508-6</지번><지역코드>11260</지역코드><층>15</층><해제사유발생일> </해제사유발생일><해제여부> </해제여부></item><item><거래금액>    10,000</거래금액><거래유형>중개거래</거래유형><건축년도>2013</건축년도><년>2022</년><도로명>망우로58길</도로명><도로명건물본번호코드>00031</도로명건물본번호코드><도로명건물부번호코드>00000</도로명건물부번호코드><도로명시군구코드>11260</도로명시군구코드><도로명일련번호코드>01</도로명일련번호코드><도로명지상지하코드>0</도로명지상지하코드><도로명코드>4118156</도로명코드><법정동> 망우동</법정동><법정동본번코드>0508</법정동본번코드><법정동부번코드>0006</법정동부번코드><법정동시군구코드>11260</법정동시군구코드><법정동읍면동코드>10500</법정동읍면동코드><법정동지번코드>1</법정동지번코드><아파트>더하이어</아파트><월>10</월><일>14</일><일련번호>11260-2772</일련번호><전용면적>12.0156</전용면적><중개사소재지>서울 중랑구</중개사소재지><지번>508-6</지번><지역코드>11260</지역코드><층>5</층><해제사유발생일> </해제사유발생일><해제여부> </해제여부></item><item><거래금액>    50,000</거래금액><거래유형>직거래</거래유형><건축년도>2002</건축년도><년>2022</년><도로명>용마산로115길</도로명><도로명건물본번호코드>00072</도로명건물본번호코드><도로명건물부번호코드>00000</도로명건물부번호코드><도로명시군구코드>11260</도로명시군구코드><도로명일련번호코드>01</도로명일련번호코드><도로명지상지하코드>0</도로명지상지하코드><도로명코드>4118481</도로명코드><법정동> 망우동</법정동><법정동본번코드>0490</법정동본번코드><법정동부번코드>0030</법정동부번코드><법정동시군구코드>11260</법정동시군구코드><법정동읍면동코드>10500</법정동읍면동코드><법정동지번코드>1</법정동지번코드><아파트>문수해오름</아파트><월>10</월><일>31</일><일련번호>11260-222</일련번호><전용면적>83.61</전용면적><중개사소재지> </중개사소재지><지번>490-30</지번><지역코드>11260</지역코드><층>5</층><해제사유발생일> </해제사유발생일><해제여부> </해제여부></item><item><거래금액>    58,000</거래금액><거래유형>중개거래</거래유형><건축년도>1996</건축년도><년>2022</년><도로명>봉화산로56길</도로명><도로명건물본번호코드>00123</도로명건물본번호코드><도로명건물부번호코드>00000</도로명건물부번호코드><도로명시군구코드>11260</도로명시군구코드><도로명일련번호코드>00</도로명일련번호코드><도로명지상지하코드>0</도로명지상지하코드><도로명코드>4118348</도로명코드><법정동> 신내동</법정동><법정동본번코드>0479</법정동본번코드><법정동부번코드>0000</법정동부번코드><법정동시군구코드>11260</법정동시군구코드><법정동읍면동코드>10600</법정동읍면동코드><법정동지번코드>1</법정동지번코드><아파트>중앙하이츠</아파트><월>10</월><일>14</일><일련번호>11260-94</일련번호><전용면적>84.97</전용면적><중개사소재지>서울 중랑구</중개사소재지><지번>479</지번><지역코드>11260</지역코드><층>1</층><해제사유발생일> </해제사유발생일><해제여부> </해제여부></item><item><거래금액>    60,000</거래금액><거래유형>중개거래</거래유형><건축년도>1996</건축년도><년>2022</년><도로명>봉화산로56길</도로명><도로명건물본번호코드>00123</도로명건물본번호코드><도로명건물부번호코드>00000</도로명건물부번호코드><도로명시군구코드>11260</도로명시군구코드><도로명일련번호코드>00</도로명일련번호코드><도로명지상지하코드>0</도로명지상지하코드><도로명코드>4118348</도로명코드><법정동> 신내동</법정동><법정동본번코드>0479</법정동본번코드><법정동부번코드>0000</법정동부번코드><법정동시군구코드>11260</법정동시군구코드><법정동읍면동코드>10600</법정동읍면동코드><법정동지번코드>1</법정동지번코드><아파트>중앙하이츠</아파트><월>10</월><일>18</일><일련번호>11260-94</일련번호><전용면적>84.97</전용면적><중개사소재지>서울 중랑구</중개사소재지><지번>479</지번><지역코드>11260</지역코드><층>9</층><해제사유발생일> </해제사유발생일><해제여부> </해제여부></item><item><거래금액>    38,300</거래금액><거래유형>중개거래</거래유형><건축년도>1996</건축년도><년>2022</년><도로명>봉화산로</도로명><도로명건물본번호코드>00193</도로명건물본번호코드><도로명건물부번호코드>00000</도로명건물부번호코드><도로명시군구코드>11260</도로명시군구코드><도로명일련번호코드>03</도로명일련번호코드><도로명지상지하코드>0</도로명지상지하코드><도로명코드>3106003</도로명코드><법정동> 신내동</법정동><법정동본번코드>0661</법정동본번코드><법정동부번코드>0000</법정동부번코드><법정동시군구코드>11260</법정동시군구코드><법정동읍면동코드>10600</법정동읍면동코드><법정동지번코드>1</법정동지번코드><아파트>신내11대명</아파트><월>10</월><일>24</일><일련번호>11260-99</일련번호><전용면적>39.76</전용면적><중개사소재지>서울 중랑구</중개사소재지><지번>661</지번><지역코드>11260</지역코드><층>11</층><해제사유발생일> </해제사유발생일><해제여부> </해제여부></item><item><거래금액>    42,500</거래금액><거래유형>직거래</거래유형><건축년도>1998</건축년도><년>2022</년><도로명>용마산로</도로명><도로명건물본번호코드>00616</도로명건물본번호코드><도로명건물부번호코드>00000</도로명건물부번호코드><도로명시군구코드>11260</도로명시군구코드><도로명일련번호코드>03</도로명일련번호코드><도로명지상지하코드>0</도로명지상지하코드><도로명코드>3005028</도로명코드><법정동> 신내동</법정동><법정동본번코드>0795</법정동본번코드><법정동부번코드>0000</법정동부번코드><법정동시군구코드>11260</법정동시군구코드><법정동읍면동코드>10600</법정동읍면동코드><법정동지번코드>1</법정동지번코드><아파트>새한</아파트><월>10</월><일>31</일><일련번호>11260-89</일련번호><전용면적>59.77</전용면적><중개사소재지> </중개사소재지><지번>795</지번><지역코드>11260</지역코드><층>22</층><해제사유발생일> </해제사유발생일><해제여부> </해제여부></item></items><numOfRows>999</numOfRows><pageNo>1</pageNo><totalCount>23</totalCount></body></response>