<?xml version="1.0" encoding="UTF-8" standalone="yes"?><response><header><resultCode>00</resultCode><resultMsg>NORMAL SERVICE.</resultMsg></header><body><items><item><거래금액>   100,000</거래금액><거래유형>중개거래</거래유형><건축년도>2020</건축년도><년>2022</년><도로명>동일로92길</도로명><도로명건물본번호코드>00040</도로명건물본번호코드><도로명건물부번호코드>00000</도로명건물부번호코드><도로명시군구코드>11260</도로명시군구코드><도로명일련번호코드>01</도로명일련번호코드><도로명지상지하코드>0</도로명지상지하코드><도로명코드>4118135</도로명코드><법정동> 면목동</법정동><법정동본번코드>1545</법정동본번코드><법정동부번코드>0000</법정동부번코드><법정동시군구코드>11260</법정동시군구코드><법정동읍면동코드>10100</법정동읍면동코드><법정동지번코드>1</법정동지번코드><아파트>사가정센트럴아이파크</아파트><월>12</월><일>16</일><일련번호>11260-4104</일련번호><전용면적>84.87</전용면적><중개사소재지>서울 중랑구</중개사소재지><지번>1545</지번><지역코드>11260</지역코드><층>29</층><해제사유발생일> </해제사유발생일><해제여부> </해제여부></item><item><거래금액>    72,000</거래금액><거래유형>중개거래</거래유형><건축년도>2002</건축년도><년>2022</년><도로명>동일로</도로명><도로명건물본번호코드>00476</도로명건물본번호코드><도로명건물부번호코드>00000</도로명건물부번호코드><도로명시군구코드>11260</도로명시군구코드><도로명일련번호코드>01</도로명일련번호코드><도로명지상지하코드>0</도로명지상지하코드><도로명코드>3000001</도로명코드><법정동> 면목동</법정동><법정동본번코드>0715</법정동본번코드><법정동부번코드>0000</법정동부번코드><법정동시군구코드>11260</법정동시군구코드><법정동읍면동코드>10100</법정동읍면동코드><법정동지번코드>1</법정동지번코드><아파트>늘푸른동아</아파트><월>12</월><일>22</일><일련번호>11260-30</일련번호><전용면적>84.97</전용면적><중개사소재지>서울 중랑구</중개사소재지><지번>715</지번><지역코드>11260</지역코드><층>19</층><해제사유발생일> </해제사유발생일><해제여부> </해제여부></item><item><거래금액>    27,000</거래금액><거래유형>중개거래</거래유형><건축년도>1987</건축년도><년>2022</년><도로명>중랑천로</도로명><도로명건물본번호코드>00020</도로명건물본번호코드><도로명건물부번호코드>00000</도로명건물부번호코드><도로명시군구코드>11260</도로명시군구코드><도로명일련번호코드>01</도로명일련번호코드><도로명지상지하코드>0</도로명지상지하코드><도로명코드>3106011</도로명코드><법정동> 면목동</법정동><법정동본번코드>0193</법정동본번코드><법정동부번코드>0001</법정동부번코드><법정동시군구코드>11260</법정동시군구코드><법정동읍면동코드>10100</법정동읍면동코드><법정동지번코드>1</법정동지번코드><아파트>면목한신</아파트><월>12</월><일>28</일><일련번호>11260-24</일련번호><전용면적>27</전용면적><중개사소재지>서울 중랑구</중개사소재지><지번>193-1</지번><지역코드>11260</지역코드><층>4</층><해제사유발생일> </해제사유발생일><해제여부> </해제여부></item><item><거래금액>    10,100</거래금액><거래유형>중개거래</거래유형><건축년도>2013</건축년도><년>2022</년><도로명>면목로69길</도로명><도로명건물본번호코드>00016</도로명건물본번호코드><도로명건물부번호코드>00000</도로명건물부번호코드><도로명시군구코드>11260</도로명시군구코드><도로명일련번호코드>01</도로명일련번호코드><도로명지상지하코드>0</도로명지상지하코드><도로명코드>4118243</도로명코드><법정동> 면목동</법정동><법정동본번코드>0538</법정동본번코드><법정동부번코드>0000</법정동부번코드><법정동시군구코드>11260</법정동시군구코드><법정동읍면동코드>10100</법정동읍면동코드><법정동지번코드>1</법정동지번코드><아파트>신영</아파트><월>12</월><일>30</일><일련번호>11260-2791</일련번호><전용면적>16.93</전용면적><중개사소재지>서울 광진구, 서울 중랑구</중개사소재지><지번>538</지번><지역코드>11260</지역코드><층>5</층><해제사유발생일> </해제사유발생일><해제여부> </해제여부></item><item><거래금액>    69,250</거래금액><거래유형>중개거래</거래유형><건축년도>1994</건축년도><년>2022</년><도로명>용마산로</도로명><도로명건물본번호코드>00252</도로명건물본번호코드><도로명건물부번호코드>00000</도로명건물부번호코드><도로명시군구코드>11260</도로명시군구코드><도로명일련번호코드>01</도로명일련번호코드><도로명지상지하코드>0</도로명지상지하코드><도로명코드>3005028</도로명코드><법정동> 면목동</법정동><법정동본번코드>1502</법정동본번코드><법정동부번코드>0000</법정동부번코드><법정동시군구코드>11260</법정동시군구코드><법정동읍면동코드>10100</법정동읍면동코드><법정동지번코드>1</법정동지번코드><아파트>현대</아파트><월>12</월><일>31</일><일련번호>11260-25</일련번호><전용면적>84.09</전용면적><중개사소재지>서울 중랑구</중개사소재지><지번>1502</지번><지역코드>11260</지역코드><층>19</층><해제사유발생일> </해제사유발생일><해제여부> </해제여부></item><item><거래금액>     8,000</거래금액><거래유형>중개거래</거래유형><건축년도>2013</건축년도><년>2022</년><도로명>면목로69길</도로명><도로명건물본번호코드>00016</도로명건물본번호코드><도로명건물부번호코드>00000</도로명건물부번호코드><도로명시군구코드>11260</도로명시군구코드><도로명일련번호코드>01</도로명일련번호코드><도로명지상지하코드>0</도로명지상지하코드><도로명코드>4118243</도로명코드><법정동> 면목동</법정동><법정동본번코드>0538</법정동본번코드><법정동부번코드>0000</법정동부번코드><법정동시군구코드>11260</법정동시군구코드><법정동읍면동코드>10100</법정동읍면동코드><법정동지번코드>1</법정동지번코드><아파트>신영</아파트><월>12</월><일>31</일><일련번호>11260-2791</일련번호><전용면적>14.43</전용면적><중개사소재지>서울 중랑구</중개사소재지><지번>538</지번><지역코드>11260</지역코드><층>4</층><해제사유발생일> </해제사유발생일><해제여부> </해제여부></item><item><거래금액>    15,300</거래금액><거래유형>직거래</거래유형><건축년도>2018</건축년도><년>2022</년><도로명>면목로</도로명><도로명건물본번호코드>00489</도로명건물본번호코드><도로명건물부번호코드>00000</도로명건물부번호코드><도로명시군구코드>11260</도로명시군구코드><도로명일련번호코드>00</도로명일련번호코드><도로명지상지하코드>0</도로명지상지하코드><도로명코드>3005027</도로명코드><법정동> 상봉동</법정동><법정동본번코드>0113</법정동본번코드><법정동부번코드>0000</법정동부번코드><법정동시군구코드>11260</법정동시군구코드><법정동읍면동코드>10200</법정동읍면동코드><법정동지번코드>1</법정동지번코드><아파트>상봉어반뷰</아파트><월>12</월><일>1</일><일련번호>11260-3881</일련번호><전용면적>15.31</전용면적><중개사소재지> </중개사소재지><지번>113</지번><지역코드>11260</지역코드><층>17</층><해제사유발생일> </해제사유발생일><해제여부> </해제여부></item><item><거래금액>    19,500</거래금액><거래유형>직거래</거래유형><건축년도>2019</건축년도><년>2022</년><도로명>망우로</도로명><도로명건물본번호코드>00304</도로명건물본번호코드><도로명건물부번호코드>00000</도로명건물부번호코드><도로명시군구코드>11260</도로명시군구코드><도로명일련번호코드>01</도로명일련번호코드><도로명지상지하코드>0</도로명지상지하코드><도로명코드>3005032</도로명코드><법정동> 상봉동</법정동><법정동본번코드>0101</법정동본번코드><법정동부번코드>0019</법정동부번코드><법정동시군구코드>11260</법정동시군구코드><법정동읍면동코드>10200</법정동읍면동코드><법정동지번코드>1</법정동지번코드><아파트>상봉베스트원</아파트><월>12</월><일>2</일><일련번호>11260-3951</일련번호><전용면적>22.7</전용면적><중개사소재지> </중개사소재지><지번>101-19</지번><지역코드>11260</지역코드><층>12</층><해제사유발생일>22.12.15</해제사유발생일><해제여부>O</해제여부></item><item><거래금액>    19,500</거래금액><거래유형>직거래</거래유형><건축년도>2019</건축년도><년>2022</년><도로명>망우로</도로명><도로명건물본번호코드>00304</도로명건물본번호코드><도로명건물부번호코드>00000</도로명건물부번호코드><도로명시군구코드>11260</도로명시군구코드><도로명일련번호코드>01</도로명일련번호코드><도로명지상지하코드>0</도로명지상지하코드><도로명코드>3005032</도로명코드><법정동> 상봉동</법정동><법정동본번코드>0101</법정동본번코드><법정동부번코드>0019</법정동부번코드><법정동시군구코드>11260</법정동시군구코드><법정동읍면동코드>10200</법정동읍면동코드><법정동지번코드>1</법정동지번코드><아파트>상봉베스트원</아파트><월>12</월><일>2</일><일련번호>11260-3951</일련번호><전용면적>22.7</전용면적><중개사소재지> </중개사소재지><지번>101-19</지번><지역코드>11260</지역코드><층>12</층><해제사유발생일> </해제사유발생일><해제여부> </해제여부></item><item><거래금액>    29,000</거래금액><거래유형>중개거래</거래유형><건축년도>2020</건축년도><년>2022</년><도로명>봉우재로33길</도로명><도로명건물본번호코드>00085</도로명건물본번호코드><도로명건물부번호코드>00000</도로명건물부번호코드><도로명시군구코드>11260</도로명시군구코드><도로명일련번호코드>00</도로명일련번호코드><도로명지상지하코드>0</도로명지상지하코드><도로명코드>4118287</도로명코드><법정동> 상봉동</법정동><법정동본번코드>0089</법정동본번코드><법정동부번코드>0010</법정동부번코드><법정동시군구코드>11260</법정동시군구코드><법정동읍면동코드>10200</법정동읍면동코드><법정동지번코드>1</법정동지번코드><아파트>레그노시티</아파트><월>12</월><일>3</일><일련번호>11260-4076</일련번호><전용면적>26.908</전용면적><중개사소재지>서울 중랑구</중개사소재지><지번>89-10</지번><지역코드>11260</지역코드><층>7</층><해제사유발생일> </해제사유발생일><해제여부> </해제여부></item><item><거래금액>    44,500</거래금액><거래유형>중개거래</거래유형><건축년도>2004</건축년도><년>2022</년><도로명>동일로126나길</도로명><도로명건물본번호코드>00038</도로명건물본번호코드><도로명건물부번호코드>00000</도로명건물부번호코드><도로명시군구코드>11260</도로명시군구코드><도로명일련번호코드>01</도로명일련번호코드><도로명지상지하코드>0</도로명지상지하코드><도로명코드>4118086</도로명코드><법정동> 상봉동</법정동><법정동본번코드>0333</법정동본번코드><법정동부번코드>0001</법정동부번코드><법정동시군구코드>11260</법정동시군구코드><법정동읍면동코드>10200</법정동읍면동코드><법정동지번코드>1</법정동지번코드><아파트>그랑아파트</아파트><월>12</월><일>9</일><일련번호>11260-141</일련번호><전용면적>84.88</전용면적><중개사소재지>서울 중랑구</중개사소재지><지번>333-1</지번><지역코드>11260</지역코드><층>2</층><해제사유발생일> </해제사유발생일><해제여부> </해제여부></item><item><거래금액>    13,900</거래금액><거래유형>직거래</거래유형><건축년도>2014</건축년도><년>2022</년><도로명>면목로</도로명><도로명건물본번호코드>00487</도로명건물본번호코드><도로명건물부번호코드>00000</도로명건물부번호코드><도로명시군구코드>11260</도로명시군구코드><도로명일련번호코드>02</도로명일련번호코드><도로명지상지하코드>0</도로명지상지하코드><도로명코드>3005027</도로명코드><법정동> 상봉동</법정동><법정동본번코드>0113</법정동본번코드><법정동부번코드>0001</법정동부번코드><법정동시군구코드>11260</법정동시군구코드><법정동읍면동코드>10200</법정동읍면동코드><법정동지번코드>1</법정동지번코드><아파트>포시티</아파트><월>12</월><일>22</일><일련번호>11260-2879</일련번호><전용면적>14.855</전용면적><중개사소재지> </중개사소재지><지번>113-1</지번><지역코드>11260</지역코드><층>7</층><해제사유발생일> </해제사유발생일><해제여부> </해제여부></item><item><거래금액>   114,000</거래금액><거래유형>중개거래</거래유형><건축년도>2016</건축년도><년>2022</년><도로명>상봉로</도로명><도로명건물본번호코드>00131</도로명건물본번호코드><도로명건물부번호코드>00000</도로명건물부번호코드><도로명시군구코드>11260</도로명시군구코드><도로명일련번호코드>02</도로명일련번호코드><도로명지상지하코드>0</도로명지상지하코드><도로명코드>3106004</도로명코드><법정동> 상봉동</법정동><법정동본번코드>0501</법정동본번코드><법정동부번코드>0000</법정동부번코드><법정동시군구코드>11260</법정동시군구코드><법정동읍면동코드>10200</법정동읍면동코드><법정동지번코드>1</법정동지번코드><아파트>상봉듀오트리스</아파트><월>12</월><일>25</일><일련번호>11260-3271</일련번호><전용면적>131.8</전용면적><중개사소재지>서울 중랑구</중개사소재지><지번>501</지번><지역코드>11260</지역코드><층>27</층><해제사유발생일> </해제사유발생일><해제여부> </해제여부></item><item><거래금액>    58,000</거래금액><거래유형>중개거래</거래유형><건축년도>1999</건축년도><년>2022</년><도로명>공릉로2라길</도로명><도로명건물본번호코드>00015</도로명건물본번호코드><도로명건물부번호코드>00000</도로명건물부번호코드><도로명시군구코드>11260</도로명시군구코드><도로명일련번호코드>01</도로명일련번호코드><도로명지상지하코드>0</도로명지상지하코드><도로명코드>4118052</도로명코드><법정동> 묵동</법정동><법정동본번코드>0381</법정동본번코드><법정동부번코드>0000</법정동부번코드><법정동시군구코드>11260</법정동시군구코드><법정동읍면동코드>10400</법정동읍면동코드><법정동지번코드>1</법정동지번코드><아파트>신안1</아파트><월>12</월><일>8</일><일련번호>11260-57</일련번호><전용면적>59.96</전용면적><중개사소재지>서울 중랑구</중개사소재지><지번>381</지번><지역코드>11260</지역코드><층>7</층><해제사유발생일> </해제사유발생일><해제여부> </해제여부></item><item><거래금액>    31,000</거래금액><거래유형>중개거래</거래유형><건축년도>2005</건축년도><년>2022</년><도로명>봉우재로57길</도로명><도로명건물본번호코드>00047</도로명건물본번호코드><도로명건물부번호코드>00000</도로명건물부번호코드><도로명시군구코드>11260</도로명시군구코드><도로명일련번호코드>01</도로명일련번호코드><도로명지상지하코드>0</도로명지상지하코드><도로명코드>4118301</도로명코드><법정동> 망우동</법정동><법정동본번코드>0508</법정동본번코드><법정동부번코드>0011</법정동부번코드><법정동시군구코드>11260</법정동시군구코드><법정동읍면동코드>10500</법정동읍면동코드><법정동지번코드>1</법정동지번코드><아파트>해오름102동</아파트><월>12</월><일>3</일><일련번호>11260-1965</일련번호><전용면적>57.66</전용면적><중개사소재지>서울 중랑구</중개사소재지><지번>508-11</지번><지역코드>11260</지역코드><층>7</층><해제사유발생일> </해제사유발생일><해제여부> </해제여부></item><item><거래금액>    40,200</거래금액><거래유형>중개거래</거래유형><건축년도>1993</건축년도><년>2022</년><도로명>신내로</도로명><도로명건물본번호코드>00128</도로명건물본번호코드><도로명건물부번호코드>00000</도로명건물부번호코드><도로명시군구코드>11260</도로명시군구코드><도로명일련번호코드>02</도로명일련번호코드><도로명지상지하코드>0</도로명지상지하코드><도로명코드>3106007</도로명코드><법정동> 신내동</법정동><법정동본번코드>0397</법정동본번코드><법정동부번코드>0000</법정동부번코드><법정동시군구코드>11260</법정동시군구코드><법정동읍면동코드>10600</법정동읍면동코드><법정동지번코드>1</법정동지번코드><아파트>동성1</아파트><월>12</월><일>30</일><일련번호>11260-83</일련번호><전용면적>59.4</전용면적><중개사소재지>서울 중랑구</중개사소재지><지번>397</지번><지역코드>11260</지역코드><층>12</층><해제사유발생일> </해제사유발생일><해제여부> </해제여부></item></items><numOfRows>999</numOfRows><pageNo>1</pageNo><totalCount>16</totalCount></body></response>