<?xml version="1.0" encoding="UTF-8" standalone="yes"?><response><header><resultCode>00</resultCode><resultMsg>NORMAL SERVICE.</resultMsg></header><body><items><item><거래금액>   107,000</거래금액><거래유형>중개거래</거래유형><건축년도>2020</건축년도><년>2023</년><도로명>동일로92길</도로명><도로명건물본번호코드>00040</도로명건물본번호코드><도로명건물부번호코드>00000</도로명건물부번호코드><도로명시군구코드>11260</도로명시군구코드><도로명일련번호코드>01</도로명일련번호코드><도로명지상지하코드>0</도로명지상지하코드><도로명코드>4118135</도로명코드><법정동> 면목동</법정동><법정동본번코드>1545</법정동본번코드><법정동부번코드>0000</법정동부번코드><법정동시군구코드>11260</법정동시군구코드><법정동읍면동코드>10100</법정동읍면동코드><법정동지번코드>1</법정동지번코드><아파트>사가정센트럴아이파크</아파트><월>1</월><일>4</일><일련번호>11260-4104</일련번호><전용면적>84.87</전용면적><중개사소재지>서울 중랑구</중개사소재지><지번>1545</지번><지역코드>11260</지역코드><층>18</층><해제사유발생일> </해제사유발생일><해제여부> </해제여부></item><item><거래금액>    38,000</거래금액><거래유형>중개거래</거래유형><건축년도>1990</건축년도><년>2023</년><도로명>사가정로71길</도로명><도로명건물본번호코드>00019</도로명건물본번호코드><도로명건물부번호코드>00000</도로명건물부번호코드><도로명시군구코드>11260</도로명시군구코드><도로명일련번호코드>01</도로명일련번호코드><도로명지상지하코드>0</도로명지상지하코드><도로명코드>4118377</도로명코드><법정동> 면목동</법정동><법정동본번코드>1077</법정동본번코드><법정동부번코드>0001</법정동부번코드><법정동시군구코드>11260</법정동시군구코드><법정동읍면동코드>10100</법정동읍면동코드><법정동지번코드>1</법정동지번코드><아파트>용마한신</아파트><월>1</월><일>10</일><일련번호>11260-19</일련번호><전용면적>44.35</전용면적><중개사소재지>서울 동대문구</중개사소재지><지번>1077-1</지번><지역코드>11260</지역코드><층>10</층><해제사유발생일> </해제사유발생일><해제여부> </해제여부></item><item><거래금액>   100,000</거래금액><거래유형>중개거래</거래유형><건축년도>2020</건축년도><년>2023</년><도로명>동일로92길</도로명><도로명건물본번호코드>00040</도로명건물본번호코드><도로명건물부번호코드>00000</도로명건물부번호코드><도로명시군구코드>11260</도로명시군구코드><도로명일련번호코드>01</도로명일련번호코드><도로명지상지하코드>0</도로명지상지하코드><도로명코드>4118135</도로명코드><법정동> 면목동</법정동><법정동본번코드>1545</법정동본번코드><법정동부번코드>0000</법정동부번코드><법정동시군구코드>11260</법정동시군구코드><법정동읍면동코드>10100</법정동읍면동코드><법정동지번코드>1</법정동지번코드><아파트>사가정센트럴아이파크</아파트><월>1</월><일>10</일><일련번호>11260-4104</일련번호><전용면적>84.87</전용면적><중개사소재지>서울 중랑구</중개사소재지><지번>1545</지번><지역코드>11260</지역코드><층>15</층><해제사유발생일> </해제사유발생일><해제여부> </해제여부></item><item><거래금액>    11,000</거래금액><거래유형>중개거래</거래유형><건축년도>2013</건축년도><년>2023</년><도로명>동일로109가길</도로명><도로명건물본번호코드>00005</도로명건물본번호코드><도로명건물부번호코드>00000</도로명건물부번호코드><도로명시군구코드>11260</도로명시군구코드><도로명일련번호코드>01</도로명일련번호코드><도로명지상지하코드>0</도로명지상지하코드><도로명코드>4118069</도로명코드><법정동> 면목동</법정동><법정동본번코드>1535</법정동본번코드><법정동부번코드>0000</법정동부번코드><법정동시군구코드>11260</법정동시군구코드><법정동읍면동코드>10100</법정동읍면동코드><법정동지번코드>1</법정동지번코드><아파트>현대휴온</아파트><월>1</월><일>13</일><일련번호>11260-2724</일련번호><전용면적>18.17</전용면적><중개사소재지>서울 중랑구</중개사소재지><지번>1535</지번><지역코드>11260</지역코드><층>3</층><해제사유발생일> </해제사유발생일><해제여부> </해제여부></item><item><거래금액>    65,000</거래금액><거래유형>중개거래</거래유형><건축년도>2005</건축년도><년>2023</년><도로명>용마산로</도로명><도로명건물본번호코드>00271</도로명건물본번호코드><도로명건물부번호코드>00000</도로명건물부번호코드><도로명시군구코드>11260</도로명시군구코드><도로명일련번호코드>01</도로명일련번호코드><도로명지상지하코드>0</도로명지상지하코드><도로명코드>3005028</도로명코드><법정동> 면목동</법정동><법정동본번코드>1528</법정동본번코드><법정동부번코드>0000</법정동부번코드><법정동시군구코드>11260</법정동시군구코드><법정동읍면동코드>10100</법정동읍면동코드><법정동지번코드>1</법정동지번코드><아파트>면목동금호어울림아파트</아파트><월>1</월><일>17</일><일련번호>11260-1945</일련번호><전용면적>84.0827</전용면적><중개사소재지>서울 중랑구</중개사소재지><지번>1528</지번><지역코드>11260</지역코드><층>1</층><해제사유발생일> </해제사유발생일><해제여부> </해제여부></item><item><거래금액>    45,500</거래금액><거래유형>중개거래</거래유형><건축년도>1987</건축년도><년>2023</년><도로명>중랑천로</도로명><도로명건물본번호코드>00020</도로명건물본번호코드><도로명건물부번호코드>00000</도로명건물부번호코드><도로명시군구코드>11260</도로명시군구코드><도로명일련번호코드>01</도로명일련번호코드><도로명지상지하코드>0</도로명지상지하코드><도로명코드>3106011</도로명코드><법정동> 면목동</법정동><법정동본번코드>0193</법정동본번코드><법정동부번코드>0001</법정동부번코드><법정동시군구코드>11260</법정동시군구코드><법정동읍면동코드>10100</법정동읍면동코드><법정동지번코드>1</법정동지번코드><아파트>면목한신</아파트><월>1</월><일>18</일><일련번호>11260-24</일련번호><전용면적>44.5</전용면적><중개사소재지>서울 중랑구</중개사소재지><지번>193-1</지번><지역코드>11260</지역코드><층>7</층><해제사유발생일> </해제사유발생일><해제여부> </해제여부></item><item><거래금액>    23,500</거래금액><거래유형>중개거래</거래유형><건축년도>2013</건축년도><년>2023</년><도로명>동일로109가길</도로명><도로명건물본번호코드>00005</도로명건물본번호코드><도로명건물부번호코드>00000</도로명건물부번호코드><도로명시군구코드>11260</도로명시군구코드><도로명일련번호코드>01</도로명일련번호코드><도로명지상지하코드>0</도로명지상지하코드><도로명코드>4118069</도로명코드><법정동> 면목동</법정동><법정동본번코드>1535</법정동본번코드><법정동부번코드>0000</법정동부번코드><법정동시군구코드>11260</법정동시군구코드><법정동읍면동코드>10100</법정동읍면동코드><법정동지번코드>1</법정동지번코드><아파트>현대휴온</아파트><월>1</월><일>20</일><일련번호>11260-2724</일련번호><전용면적>35.5</전용면적><중개사소재지>서울 중랑구</중개사소재지><지번>1535</지번><지역코드>11260</지역코드><층>5</층><해제사유발생일> </해제사유발생일><해제여부> </해제여부></item><item><거래금액>    80,000</거래금액><거래유형>중개거래</거래유형><건축년도>2020</건축년도><년>2023</년><도로명>용마산로</도로명><도로명건물본번호코드>00209</도로명건물본번호코드><도로명건물부번호코드>00000</도로명건물부번호코드><도로명시군구코드>11260</도로명시군구코드><도로명일련번호코드>01</도로명일련번호코드><도로명지상지하코드>0</도로명지상지하코드><도로명코드>3005028</도로명코드><법정동> 면목동</법정동><법정동본번코드>1548</법정동본번코드><법정동부번코드>0000</법정동부번코드><법정동시군구코드>11260</법정동시군구코드><법정동읍면동코드>10100</법정동읍면동코드><법정동지번코드>1</법정동지번코드><아파트>쌍용더플래티넘용마산</아파트><월>1</월><일>24</일><일련번호>11260-4189</일련번호><전용면적>59.9676</전용면적><중개사소재지>서울 중랑구</중개사소재지><지번>1548</지번><지역코드>11260</지역코드><층>5</층><해제사유발생일> </해제사유발생일><해제여부> </해제여부></item><item><거래금액>    38,000</거래금액><거래유형>중개거래</거래유형><건축년도>1990</건축년도><년>2023</년><도로명>사가정로71길</도로명><도로명건물본번호코드>00019</도로명건물본번호코드><도로명건물부번호코드>00000</도로명건물부번호코드><도로명시군구코드>11260</도로명시군구코드><도로명일련번호코드>01</도로명일련번호코드><도로명지상지하코드>0</도로명지상지하코드><도로명코드>4118377</도로명코드><법정동> 면목동</법정동><법정동본번코드>1077</법정동본번코드><법정동부번코드>0001</법정동부번코드><법정동시군구코드>11260</법정동시군구코드><법정동읍면동코드>10100</법정동읍면동코드><법정동지번코드>1</법정동지번코드><아파트>용마한신</아파트><월>1</월><일>30</일><일련번호>11260-19</일련번호><전용면적>44.35</전용면적><중개사소재지>서울 중랑구</중개사소재지><지번>1077-1</지번><지역코드>11260</지역코드><층>2</층><해제사유발생일>23.03.15</해제사유발생일><해제여부>O</해제여부></item><item><거래금액>    70,000</거래금액><거래유형>직거래</거래유형><건축년도>1995</건축년도><년>2023</년><도로명>면목로37길</도로명><도로명건물본번호코드>00057</도로명건물본번호코드><도로명건물부번호코드>00000</도로명건물부번호코드><도로명시군구코드>11260</도로명시군구코드><도로명일련번호코드>01</도로명일련번호코드><도로명지상지하코드>0</도로명지상지하코드><도로명코드>4118206</도로명코드><법정동> 면목동</법정동><법정동본번코드>1511</법정동본번코드><법정동부번코드>0000</법정동부번코드><법정동시군구코드>11260</법정동시군구코드><법정동읍면동코드>10100</법정동읍면동코드><법정동지번코드>1</법정동지번코드><아파트>두산3</아파트><월>1</월><일>30</일><일련번호>11260-1974</일련번호><전용면적>84.77</전용면적><중개사소재지> </중개사소재지><지번>1511</지번><지역코드>11260</지역코드><층>2</층><해제사유발생일> </해제사유발생일><해제여부> </해제여부></item><item><거래금액>    38,000</거래금액><거래유형>중개거래</거래유형><건축년도>1990</건축년도><년>2023</년><도로명>사가정로71길</도로명><도로명건물본번호코드>00019</도로명건물본번호코드><도로명건물부번호코드>00000</도로명건물부번호코드><도로명시군구코드>11260</도로명시군구코드><도로명일련번호코드>01</도로명일련번호코드><도로명지상지하코드>0</도로명지상지하코드><도로명코드>4118377</도로명코드><법정동> 면목동</법정동><법정동본번코드>1077</법정동본번코드><법정동부번코드>0001</법정동부번코드><법정동시군구코드>11260</법정동시군구코드><법정동읍면동코드>10100</법정동읍면동코드><법정동지번코드>1</법정동지번코드><아파트>용마한신</아파트><월>1</월><일>30</일><일련번호>11260-19</일련번호><전용면적>44.35</전용면적><중개사소재지>서울 중랑구</중개사소재지><지번>1077-1</지번><지역코드>11260</지역코드><층>2</층><해제사유발생일> </해제사유발생일><해제여부> </해제여부></item><item><거래금액>   103,000</거래금액><거래유형>중개거래</거래유형><건축년도>2020</건축년도><년>2023</년><도로명>동일로92길</도로명><도로명건물본번호코드>00040</도로명건물본번호코드><도로명건물부번호코드>00000</도로명건물부번호코드><도로명시군구코드>11260</도로명시군구코드><도로명일련번호코드>01</도로명일련번호코드><도로명지상지하코드>0</도로명지상지하코드><도로명코드>4118135</도로명코드><법정동> 면목동</법정동><법정동본번코드>1545</법정동본번코드><법정동부번코드>0000</법정동부번코드><법정동시군구코드>11260</법정동시군구코드><법정동읍면동코드>10100</법정동읍면동코드><법정동지번코드>1</법정동지번코드><아파트>사가정센트럴아이파크</아파트><월>1</월><일>31</일><일련번호>11260-4104</일련번호><전용면적>84.956</전용면적><중개사소재지>서울 강동구, 서울 중랑구</중개사소재지><지번>1545</지번><지역코드>11260</지역코드><층>24</층><해제사유발생일> </해제사유발생일><해제여부> </해제여부></item><item><거래금액>   110,000</거래금액><거래유형>직거래</거래유형><건축년도>2019</건축년도><년>2023</년><도로명>사가정로72길</도로명><도로명건물본번호코드>00026</도로명건물본번호코드><도로명건물부번호코드>00000</도로명건물부번호코드><도로명시군구코드>11260</도로명시군구코드><도로명일련번호코드>01</도로명일련번호코드><도로명지상지하코드>0</도로명지상지하코드><도로명코드>4118378</도로명코드><법정동> 면목동</법정동><법정동본번코드>1543</법정동본번코드><법정동부번코드>0000</법정동부번코드><법정동시군구코드>11260</법정동시군구코드><법정동읍면동코드>10100</법정동읍면동코드><법정동지번코드>1</법정동지번코드><아파트>한양수자인사가정파크</아파트><월>1</월><일>31</일><일련번호>11260-4027</일련번호><전용면적>84.9862</전용면적><중개사소재지> </중개사소재지><지번>1543</지번><지역코드>11260</지역코드><층>11</층><해제사유발생일> </해제사유발생일><해제여부> </해제여부></item><item><거래금액>    43,000</거래금액><거래유형>중개거래</거래유형><건축년도>1999</건축년도><년>2023</년><도로명>신내로7가길</도로명><도로명건물본번호코드>00031</도로명건물본번호코드><도로명건물부번호코드>00000</도로명건물부번호코드><도로명시군구코드>11260</도로명시군구코드><도로명일련번호코드>01</도로명일련번호코드><도로명지상지하코드>0</도로명지상지하코드><도로명코드>4118443</도로명코드><법정동> 상봉동</법정동><법정동본번코드>0495</법정동본번코드><법정동부번코드>0000</법정동부번코드><법정동시군구코드>11260</법정동시군구코드><법정동읍면동코드>10200</법정동읍면동코드><법정동지번코드>1</법정동지번코드><아파트>동부아파트</아파트><월>1</월><일>4</일><일련번호>11260-35</일련번호><전용면적>54</전용면적><중개사소재지>서울 중랑구</중개사소재지><지번>495</지번><지역코드>11260</지역코드><층>8</층><해제사유발생일> </해제사유발생일><해제여부> </해제여부></item><item><거래금액>   185,000</거래금액><거래유형>중개거래</거래유형><건축년도>2016</건축년도><년>2023</년><도로명>상봉로</도로명><도로명건물본번호코드>00131</도로명건물본번호코드><도로명건물부번호코드>00000</도로명건물부번호코드><도로명시군구코드>11260</도로명시군구코드><도로명일련번호코드>02</도로명일련번호코드><도로명지상지하코드>0</도로명지상지하코드><도로명코드>3106004</도로명코드><법정동> 상봉동</법정동><법정동본번코드>0501</법정동본번코드><법정동부번코드>0000</법정동부번코드><법정동시군구코드>11260</법정동시군구코드><법정동읍면동코드>10200</법정동읍면동코드><법정동지번코드>1</법정동지번코드><아파트>상봉듀오트리스</아파트><월>1</월><일>7</일><일련번호>11260-3271</일련번호><전용면적>203.77</전용면적><중개사소재지>서울 중랑구</중개사소재지><지번>501</지번><지역코드>11260</지역코드><층>37</층><해제사유발생일> </해제사유발생일><해제여부> </해제여부></item><item><거래금액>    11,400</거래금액><거래유형>중개거래</거래유형><건축년도>2014</건축년도><년>2023</년><도로명>면목로</도로명><도로명건물본번호코드>00487</도로명건물본번호코드><도로명건물부번호코드>00000</도로명건물부번호코드><도로명시군구코드>11260</도로명시군구코드><도로명일련번호코드>02</도로명일련번호코드><도로명지상지하코드>0</도로명지상지하코드><도로명코드>3005027</도로명코드><법정동> 상봉동</법정동><법정동본번코드>0113</법정동본번코드><법정동부번코드>0001</법정동부번코드><법정동시군구코드>11260</법정동시군구코드><법정동읍면동코드>10200</법정동읍면동코드><법정동지번코드>1</법정동지번코드><아파트>포시티</아파트><월>1</월><일>12</일><일련번호>11260-2879</일련번호><전용면적>14.855</전용면적><중개사소재지>서울 광진구, 서울 중랑구</중개사소재지><지번>113-1</지번><지역코드>11260</지역코드><층>15</층><해제사유발생일> </해제사유발생일><해제여부> </해제여부></item><item><거래금액>    67,000</거래금액><거래유형>중개거래</거래유형><건축년도>1996</건축년도><년>2023</년><도로명>신내로7나길</도로명><도로명건물본번호코드>00024</도로명건물본번호코드><도로명건물부번호코드>00000</도로명건물부번호코드><도로명시군구코드>11260</도로명시군구코드><도로명일련번호코드>01</도로명일련번호코드><도로명지상지하코드>0</도로명지상지하코드><도로명코드>4118445</도로명코드><법정동> 상봉동</법정동><법정동본번코드>0063</법정동본번코드><법정동부번코드>0000</법정동부번코드><법정동시군구코드>11260</법정동시군구코드><법정동읍면동코드>10200</법정동읍면동코드><법정동지번코드>1</법정동지번코드><아파트>건영2차아파트</아파트><월>1</월><일>18</일><일련번호>11260-33</일련번호><전용면적>84.96</전용면적><중개사소재지>서울 중랑구</중개사소재지><지번>63</지번><지역코드>11260</지역코드><층>13</층><해제사유발생일> </해제사유발생일><해제여부> </해제여부></item><item><거래금액>    45,500</거래금액><거래유형>중개거래</거래유형><건축년도>2003</건축년도><년>2023</년><도로명>봉우재로</도로명><도로명건물본번호코드>00165</도로명건물본번호코드><도로명건물부번호코드>00001</도로명건물부번호코드><도로명시군구코드>11260</도로명시군구코드><도로명일련번호코드>02</도로명일련번호코드><도로명지상지하코드>0</도로명지상지하코드><도로명코드>3106002</도로명코드><법정동> 상봉동</법정동><법정동본번코드>0085</법정동본번코드><법정동부번코드>0018</법정동부번코드><법정동시군구코드>11260</법정동시군구코드><법정동읍면동코드>10200</법정동읍면동코드><법정동지번코드>1</법정동지번코드><아파트>문수해오름</아파트><월>1</월><일>18</일><일련번호>11260-118</일련번호><전용면적>84.84</전용면적><중개사소재지>서울 중랑구</중개사소재지><지번>85-18</지번><지역코드>11260</지역코드><층>5</층><해제사유발생일> </해제사유발생일><해제여부> </해제여부></item><item><거래금액>    27,000</거래금액><거래유형>중개거래</거래유형><건축년도>2019</건축년도><년>2023</년><도로명>상봉로23길</도로명><도로명건물본번호코드>00033</도로명건물본번호코드><도로명건물부번호코드>00000</도로명건물부번호코드><도로명시군구코드>11260</도로명시군구코드><도로명일련번호코드>00</도로명일련번호코드><도로명지상지하코드>0</도로명지상지하코드><도로명코드>4118396</도로명코드><법정동> 상봉동</법정동><법정동본번코드>0085</법정동본번코드><법정동부번코드>0004</법정동부번코드><법정동시군구코드>11260</법정동시군구코드><법정동읍면동코드>10200</법정동읍면동코드><법정동지번코드>1</법정동지번코드><아파트>더클래스</아파트><월>1</월><일>19</일><일련번호>11260-3976</일련번호><전용면적>28.25</전용면적><중개사소재지>경기 부천시</중개사소재지><지번>85-4</지번><지역코드>11260</지역코드><층>13</층><해제사유발생일> </해제사유발생일><해제여부> </해제여부></item><item><거래금액>    72,000</거래금액><거래유형>중개거래</거래유형><건축년도>1996</건축년도><년>2023</년><도로명>신내로7나길</도로명><도로명건물본번호코드>00024</도로명건물본번호코드><도로명건물부번호코드>00000</도로명건물부번호코드><도로명시군구코드>11260</도로명시군구코드><도로명일련번호코드>01</도로명일련번호코드><도로명지상지하코드>0</도로명지상지하코드><도로명코드>4118445</도로명코드><법정동> 상봉동</법정동><법정동본번코드>0063</법정동본번코드><법정동부번코드>0000</법정동부번코드><법정동시군구코드>11260</법정동시군구코드><법정동읍면동코드>10200</법정동읍면동코드><법정동지번코드>1</법정동지번코드><아파트>건영2차아파트</아파트><월>1</월><일>26</일><일련번호>11260-33</일련번호><전용면적>84.96</전용면적><중개사소재지>서울 중랑구</중개사소재지><지번>63</지번><지역코드>11260</지역코드><층>13</층><해제사유발생일> </해제사유발생일><해제여부> </해제여부></item><item><거래금액>    75,300</거래금액><거래유형>중개거래</거래유형><건축년도>2006</건축년도><년>2023</년><도로명>상봉중앙로8길</도로명><도로명건물본번호코드>00076</도로명건물본번호코드><도로명건물부번호코드>00000</도로명건물부번호코드><도로명시군구코드>11260</도로명시군구코드><도로명일련번호코드>01</도로명일련번호코드><도로명지상지하코드>0</도로명지상지하코드><도로명코드>4118418</도로명코드><법정동> 상봉동</법정동><법정동본번코드>0499</법정동본번코드><법정동부번코드>0000</법정동부번코드><법정동시군구코드>11260</법정동시군구코드><법정동읍면동코드>10200</법정동읍면동코드><법정동지번코드>1</법정동지번코드><아파트>건영캐스빌</아파트><월>1</월><일>30</일><일련번호>11260-2002</일련번호><전용면적>84.6475</전용면적><중개사소재지>서울 중랑구</중개사소재지><지번>499</지번><지역코드>11260</지역코드><층>6</층><해제사유발생일> </해제사유발생일><해제여부> </해제여부></item><item><거래금액>    29,700</거래금액><거래유형>중개거래</거래유형><건축년도>2019</건축년도><년>2023</년><도로명>면목로92길</도로명><도로명건물본번호코드>00028</도로명건물본번호코드><도로명건물부번호코드>00000</도로명건물부번호코드><도로명시군구코드>11260</도로명시군구코드><도로명일련번호코드>00</도로명일련번호코드><도로명지상지하코드>0</도로명지상지하코드><도로명코드>4118261</도로명코드><법정동> 상봉동</법정동><법정동본번코드>0104</법정동본번코드><법정동부번코드>0010</법정동부번코드><법정동시군구코드>11260</법정동시군구코드><법정동읍면동코드>10200</법정동읍면동코드><법정동지번코드>1</법정동지번코드><아파트>리더스</아파트><월>1</월><일>30</일><일련번호>11260-4017</일련번호><전용면적>28.01</전용면적><중개사소재지>서울 중랑구</중개사소재지><지번>104-10</지번><지역코드>11260</지역코드><층>5</층><해제사유발생일> </해제사유발생일><해제여부> </해제여부></item><item><거래금액>    74,000</거래금액><거래유형>중개거래</거래유형><건축년도>2003</건축년도><년>2023</년><도로명>상봉중앙로8길</도로명><도로명건물본번호코드>00104</도로명건물본번호코드><도로명건물부번호코드>00000</도로명건물부번호코드><도로명시군구코드>11260</도로명시군구코드><도로명일련번호코드>01</도로명일련번호코드><도로명지상지하코드>0</도로명지상지하코드><도로명코드>4118418</도로명코드><법정동> 상봉동</법정동><법정동본번코드>0497</법정동본번코드><법정동부번코드>0000</법정동부번코드><법정동시군구코드>11260</법정동시군구코드><법정동읍면동코드>10200</법정동읍면동코드><법정동지번코드>1</법정동지번코드><아파트>태영데시앙1</아파트><월>1</월><일>31</일><일련번호>11260-107</일련번호><전용면적>84.9353</전용면적><중개사소재지>서울 중랑구</중개사소재지><지번>497</지번><지역코드>11260</지역코드><층>8</층><해제사유발생일> </해제사유발생일><해제여부> </해제여부></item><item><거래금액>    76,000</거래금액><거래유형>중개거래</거래유형><건축년도>1998</건축년도><년>2023</년><도로명>동일로</도로명><도로명건물본번호코드>00752</도로명건물본번호코드><도로명건물부번호코드>00000</도로명건물부번호코드><도로명시군구코드>11260</도로명시군구코드><도로명일련번호코드>03</도로명일련번호코드><도로명지상지하코드>0</도로명지상지하코드><도로명코드>3000001</도로명코드><법정동> 중화동</법정동><법정동본번코드>0450</법정동본번코드><법정동부번코드>0000</법정동부번코드><법정동시군구코드>11260</법정동시군구코드><법정동읍면동코드>10300</법정동읍면동코드><법정동지번코드>1</법정동지번코드><아파트>한신아파트(101~102)</아파트><월>1</월><일>9</일><일련번호>11260-97</일련번호><전용면적>84.03</전용면적><중개사소재지>서울 노원구, 서울 중랑구</중개사소재지><지번>450</지번><지역코드>11260</지역코드><층>23</층><해제사유발생일> </해제사유발생일><해제여부> </해제여부></item><item><거래금액>    60,000</거래금액><거래유형>중개거래</거래유형><건축년도>1998</건축년도><년>2023</년><도로명>동일로</도로명><도로명건물본번호코드>00752</도로명건물본번호코드><도로명건물부번호코드>00000</도로명건물부번호코드><도로명시군구코드>11260</도로명시군구코드><도로명일련번호코드>03</도로명일련번호코드><도로명지상지하코드>0</도로명지상지하코드><도로명코드>3000001</도로명코드><법정동> 중화동</법정동><법정동본번코드>0450</법정동본번코드><법정동부번코드>0000</법정동부번코드><법정동시군구코드>11260</법정동시군구코드><법정동읍면동코드>10300</법정동읍면동코드><법정동지번코드>1</법정동지번코드><아파트>한신아파트(101~102)</아파트><월>1</월><일>14</일><일련번호>11260-97</일련번호><전용면적>59.76</전용면적><중개사소재지>서울 중랑구</중개사소재지><지번>450</지번><지역코드>11260</지역코드><층>21</층><해제사유발생일> </해제사유발생일><해제여부> </해제여부></item><item><거래금액>    11,500</거래금액><거래유형>중개거래</거래유형><건축년도>2012</건축년도><년>2023</년><도로명>중랑천로14길</도로명><도로명건물본번호코드>00058</도로명건물본번호코드><도로명건물부번호코드>00000</도로명건물부번호코드><도로명시군구코드>11260</도로명시군구코드><도로명일련번호코드>01</도로명일련번호코드><도로명지상지하코드>0</도로명지상지하코드><도로명코드>4118562</도로명코드><법정동> 중화동</법정동><법정동본번코드>0208</법정동본번코드><법정동부번코드>0004</법정동부번코드><법정동시군구코드>11260</법정동시군구코드><법정동읍면동코드>10300</법정동읍면동코드><법정동지번코드>1</법정동지번코드><아파트>범양프레체</아파트><월>1</월><일>25</일><일련번호>11260-2626</일련번호><전용면적>17.94</전용면적><중개사소재지>서울 중랑구</중개사소재지><지번>208-4</지번><지역코드>11260</지역코드><층>15</층><해제사유발생일> </해제사유발생일><해제여부> </해제여부></item><item><거래금액>    11,550</거래금액><거래유형>중개거래</거래유형><건축년도>2012</건축년도><년>2023</년><도로명>중랑천로14길</도로명><도로명건물본번호코드>00058</도로명건물본번호코드><도로명건물부번호코드>00000</도로명건물부번호코드><도로명시군구코드>11260</도로명시군구코드><도로명일련번호코드>01</도로명일련번호코드><도로명지상지하코드>0</도로명지상지하코드><도로명코드>4118562</도로명코드><법정동> 중화동</법정동><법정동본번코드>0208</법정동본번코드><법정동부번코드>0004</법정동부번코드><법정동시군구코드>11260</법정동시군구코드><법정동읍면동코드>10300</법정동읍면동코드><법정동지번코드>1</법정동지번코드><아파트>범양프레체</아파트><월>1</월><일>30</일><일련번호>11260-2626</일련번호><전용면적>17.94</전용면적><중개사소재지>서울 중랑구</중개사소재지><지번>208-4</지번><지역코드>11260</지역코드><층>12</층><해제사유발생일> </해제사유발생일><해제여부> </해제여부></item><item><거래금액>    54,000</거래금액><거래유형>중개거래</거래유형><건축년도>2006</건축년도><년>2023</년><도로명>공릉로2나길</도로명><도로명건물본번호코드>00032</도로명건물본번호코드><도로명건물부번호코드>00012</도로명건물부번호코드><도로명시군구코드>11260</도로명시군구코드><도로명일련번호코드>01</도로명일련번호코드><도로명지상지하코드>0</도로명지상지하코드><도로명코드>4118050</도로명코드><법정동> 묵동</법정동><법정동본번코드>0390</법정동본번코드><법정동부번코드>0000</법정동부번코드><법정동시군구코드>11260</법정동시군구코드><법정동읍면동코드>10400</법정동읍면동코드><법정동지번코드>1</법정동지번코드><아파트>SM해그린</아파트><월>1</월><일>3</일><일련번호>11260-2019</일련번호><전용면적>84.47</전용면적><중개사소재지>서울 중랑구</중개사소재지><지번>390</지번><지역코드>11260</지역코드><층>6</층><해제사유발생일> </해제사유발생일><해제여부> </해제여부></item><item><거래금액>    67,000</거래금액><거래유형>직거래</거래유형><건축년도>2010</건축년도><년>2023</년><도로명>숙선옹주로</도로명><도로명건물본번호코드>00006</도로명건물본번호코드><도로명건물부번호코드>00009</도로명건물부번호코드><도로명시군구코드>11260</도로명시군구코드><도로명일련번호코드>01</도로명일련번호코드><도로명지상지하코드>0</도로명지상지하코드><도로명코드>3106006</도로명코드><법정동> 묵동</법정동><법정동본번코드>0164</법정동본번코드><법정동부번코드>0004</법정동부번코드><법정동시군구코드>11260</법정동시군구코드><법정동읍면동코드>10400</법정동읍면동코드><법정동지번코드>1</법정동지번코드><아파트>묵동자이(1단지)</아파트><월>1</월><일>12</일><일련번호>11260-2393</일련번호><전용면적>111.32</전용면적><중개사소재지> </중개사소재지><지번>164-4</지번><지역코드>11260</지역코드><층>7</층><해제사유발생일> </해제사유발생일><해제여부> </해제여부></item><item><거래금액>     9,600</거래금액><거래유형>중개거래</거래유형><건축년도>2012</건축년도><년>2023</년><도로명>상봉로</도로명><도로명건물본번호코드>00110</도로명건물본번호코드><도로명건물부번호코드>00000</도로명건물부번호코드><도로명시군구코드>11260</도로명시군구코드><도로명일련번호코드>03</도로명일련번호코드><도로명지상지하코드>0</도로명지상지하코드><도로명코드>3106004</도로명코드><법정동> 망우동</법정동><법정동본번코드>0506</법정동본번코드><법정동부번코드>0008</법정동부번코드><법정동시군구코드>11260</법정동시군구코드><법정동읍면동코드>10500</법정동읍면동코드><법정동지번코드>1</법정동지번코드><아파트>EGSoulLeader</아파트><월>1</월><일>9</일><일련번호>11260-2668</일련번호><전용면적>13.07</전용면적><중개사소재지>서울 중랑구</중개사소재지><지번>506-8</지번><지역코드>11260</지역코드><층>13</층><해제사유발생일> </해제사유발생일><해제여부> </해제여부></item><item><거래금액>    50,000</거래금액><거래유형>중개거래</거래유형><건축년도>2007</건축년도><년>2023</년><도로명>양원역로6가길</도로명><도로명건물본번호코드>00019</도로명건물본번호코드><도로명건물부번호코드>00000</도로명건물부번호코드><도로명시군구코드>11260</도로명시군구코드><도로명일련번호코드>01</도로명일련번호코드><도로명지상지하코드>0</도로명지상지하코드><도로명코드>4118181</도로명코드><법정동> 망우동</법정동><법정동본번코드>0578</법정동본번코드><법정동부번코드>0000</법정동부번코드><법정동시군구코드>11260</법정동시군구코드><법정동읍면동코드>10500</법정동읍면동코드><법정동지번코드>1</법정동지번코드><아파트>한진해모로</아파트><월>1</월><일>15</일><일련번호>11260-2055</일련번호><전용면적>84.93</전용면적><중개사소재지>서울 중랑구</중개사소재지><지번>578</지번><지역코드>11260</지역코드><층>1</층><해제사유발생일> </해제사유발생일><해제여부> </해제여부></item><item><거래금액>     9,500</거래금액><거래유형>중개거래</거래유형><건축년도>2012</건축년도><년>2023</년><도로명>상봉로</도로명><도로명건물본번호코드>00110</도로명건물본번호코드><도로명건물부번호코드>00000</도로명건물부번호코드><도로명시군구코드>11260</도로명시군구코드><도로명일련번호코드>03</도로명일련번호코드><도로명지상지하코드>0</도로명지상지하코드><도로명코드>3106004</도로명코드><법정동> 망우동</법정동><법정동본번코드>0506</법정동본번코드><법정동부번코드>0008</법정동부번코드><법정동시군구코드>11260</법정동시군구코드><법정동읍면동코드>10500</법정동읍면동코드><법정동지번코드>1</법정동지번코드><아파트>EGSoulLeader</아파트><월>1</월><일>30</일><일련번호>11260-2668</일련번호><전용면적>13.55</전용면적><중개사소재지>서울 중랑구</중개사소재지><지번>506-8</지번><지역코드>11260</지역코드><층>9</층><해제사유발생일> </해제사유발생일><해제여부> </해제여부></item><item><거래금액>    54,800</거래금액><거래유형>중개거래</거래유형><건축년도>1999</건축년도><년>2023</년><도로명>송림길</도로명><도로명건물본번호코드>00018</도로명건물본번호코드><도로명건물부번호코드>00000</도로명건물부번호코드><도로명시군구코드>11260</도로명시군구코드><도로명일련번호코드>00</도로명일련번호코드><도로명지상지하코드>0</도로명지상지하코드><도로명코드>4118422</도로명코드><법정동> 신내동</법정동><법정동본번코드>0796</법정동본번코드><법정동부번코드>0000</법정동부번코드><법정동시군구코드>11260</법정동시군구코드><법정동읍면동코드>10600</법정동읍면동코드><법정동지번코드>1</법정동지번코드><아파트>다우훼밀리</아파트><월>1</월><일>7</일><일련번호>11260-81</일련번호><전용면적>84.87</전용면적><중개사소재지>서울 중랑구</중개사소재지><지번>796</지번><지역코드>11260</지역코드><층>3</층><해제사유발생일> </해제사유발생일><해제여부> </해제여부></item><item><거래금액>    57,000</거래금액><거래유형>중개거래</거래유형><건축년도>2005</건축년도><년>2023</년><도로명>봉화산로56길</도로명><도로명건물본번호코드>00140</도로명건물본번호코드><도로명건물부번호코드>00000</도로명건물부번호코드><도로명시군구코드>11260</도로명시군구코드><도로명일련번호코드>01</도로명일련번호코드><도로명지상지하코드>0</도로명지상지하코드><도로명코드>4118348</도로명코드><법정동> 신내동</법정동><법정동본번코드>0803</법정동본번코드><법정동부번코드>0000</법정동부번코드><법정동시군구코드>11260</법정동시군구코드><법정동읍면동코드>10600</법정동읍면동코드><법정동지번코드>1</법정동지번코드><아파트>대성유니트</아파트><월>1</월><일>7</일><일련번호>11260-236</일련번호><전용면적>76.94</전용면적><중개사소재지>서울 중랑구</중개사소재지><지번>803</지번><지역코드>11260</지역코드><층>6</층><해제사유발생일> </해제사유발생일><해제여부> </해제여부></item><item><거래금액>    32,000</거래금액><거래유형>중개거래</거래유형><건축년도>1996</건축년도><년>2023</년><도로명>신내로</도로명><도로명건물본번호코드>00127</도로명건물본번호코드><도로명건물부번호코드>00000</도로명건물부번호코드><도로명시군구코드>11260</도로명시군구코드><도로명일련번호코드>02</도로명일련번호코드><도로명지상지하코드>0</도로명지상지하코드><도로명코드>3106007</도로명코드><법정동> 신내동</법정동><법정동본번코드>0657</법정동본번코드><법정동부번코드>0000</법정동부번코드><법정동시군구코드>11260</법정동시군구코드><법정동읍면동코드>10600</법정동읍면동코드><법정동지번코드>1</법정동지번코드><아파트>신내9진흥</아파트><월>1</월><일>7</일><일련번호>11260-98</일련번호><전용면적>39.84</전용면적><중개사소재지>서울 중랑구</중개사소재지><지번>657</지번><지역코드>11260</지역코드><층>2</층><해제사유발생일> </해제사유발생일><해제여부> </해제여부></item><item><거래금액>    37,000</거래금액><거래유형>중개거래</거래유형><건축년도>1992</건축년도><년>2023</년><도로명>용마산로129나길</도로명><도로명건물본번호코드>00101</도로명건물본번호코드><도로명건물부번호코드>00000</도로명건물부번호코드><도로명시군구코드>11260</도로명시군구코드><도로명일련번호코드>01</도로명일련번호코드><도로명지상지하코드>0</도로명지상지하코드><도로명코드>4118495</도로명코드><법정동> 신내동</법정동><법정동본번코드>0487</법정동본번코드><법정동부번코드>0000</법정동부번코드><법정동시군구코드>11260</법정동시군구코드><법정동읍면동코드>10600</법정동읍면동코드><법정동지번코드>1</법정동지번코드><아파트>라이프미성</아파트><월>1</월><일>7</일><일련번호>11260-86</일련번호><전용면적>59.6</전용면적><중개사소재지>서울 중랑구</중개사소재지><지번>487</지번><지역코드>11260</지역코드><층>7</층><해제사유발생일> </해제사유발생일><해제여부> </해제여부></item><item><거래금액>    60,000</거래금액><거래유형>중개거래</거래유형><건축년도>2000</건축년도><년>2023</년><도로명>용마산로125길</도로명><도로명건물본번호코드>00050</도로명건물본번호코드><도로명건물부번호코드>00000</도로명건물부번호코드><도로명시군구코드>11260</도로명시군구코드><도로명일련번호코드>01</도로명일련번호코드><도로명지상지하코드>0</도로명지상지하코드><도로명코드>4118490</도로명코드><법정동> 신내동</법정동><법정동본번코드>0437</법정동본번코드><법정동부번코드>0000</법정동부번코드><법정동시군구코드>11260</법정동시군구코드><법정동읍면동코드>10600</법정동읍면동코드><법정동지번코드>1</법정동지번코드><아파트>벽산</아파트><월>1</월><일>7</일><일련번호>11260-87</일련번호><전용면적>84.93</전용면적><중개사소재지>서울 중랑구</중개사소재지><지번>437</지번><지역코드>11260</지역코드><층>7</층><해제사유발생일> </해제사유발생일><해제여부> </해제여부></item><item><거래금액>    58,000</거래금액><거래유형>중개거래</거래유형><건축년도>1997</건축년도><년>2023</년><도로명>봉화산로</도로명><도로명건물본번호코드>00216</도로명건물본번호코드><도로명건물부번호코드>00000</도로명건물부번호코드><도로명시군구코드>11260</도로명시군구코드><도로명일련번호코드>03</도로명일련번호코드><도로명지상지하코드>0</도로명지상지하코드><도로명코드>3106003</도로명코드><법정동> 신내동</법정동><법정동본번코드>0591</법정동본번코드><법정동부번코드>0000</법정동부번코드><법정동시군구코드>11260</법정동시군구코드><법정동읍면동코드>10600</법정동읍면동코드><법정동지번코드>1</법정동지번코드><아파트>동성아파트</아파트><월>1</월><일>14</일><일련번호>11260-101</일련번호><전용면적>84.08</전용면적><중개사소재지>서울 중랑구</중개사소재지><지번>591</지번><지역코드>11260</지역코드><층>3</층><해제사유발생일> </해제사유발생일><해제여부> </해제여부></item><item><거래금액>    65,500</거래금액><거래유형>중개거래</거래유형><건축년도>2013</건축년도><년>2023</년><도로명>신내역로</도로명><도로명건물본번호코드>00165</도로명건물본번호코드><도로명건물부번호코드>00000</도로명건물부번호코드><도로명시군구코드>11260</도로명시군구코드><도로명일련번호코드>00</도로명일련번호코드><도로명코드>3106013</도로명코드><법정동> 신내동</법정동><법정동본번코드>0817</법정동본번코드><법정동부번코드>0000</법정동부번코드><법정동시군구코드>11260</법정동시군구코드><법정동읍면동코드>10600</법정동읍면동코드><법정동지번코드>1</법정동지번코드><아파트>신내 데시앙포레</아파트><월>1</월><일>18</일><일련번호>11260-2821</일련번호><전용면적>84.65</전용면적><중개사소재지>서울 중랑구</중개사소재지><지번>817</지번><지역코드>11260</지역코드><층>22</층><해제사유발생일> </해제사유발생일><해제여부> </해제여부></item><item><거래금액>    62,000</거래금액><거래유형>중개거래</거래유형><건축년도>1996</건축년도><년>2023</년><도로명>봉화산로56길</도로명><도로명건물본번호코드>00123</도로명건물본번호코드><도로명건물부번호코드>00000</도로명건물부번호코드><도로명시군구코드>11260</도로명시군구코드><도로명일련번호코드>00</도로명일련번호코드><도로명지상지하코드>0</도로명지상지하코드><도로명코드>4118348</도로명코드><법정동> 신내동</법정동><법정동본번코드>0479</법정동본번코드><법정동부번코드>0000</법정동부번코드><법정동시군구코드>11260</법정동시군구코드><법정동읍면동코드>10600</법정동읍면동코드><법정동지번코드>1</법정동지번코드><아파트>중앙하이츠</아파트><월>1</월><일>20</일><일련번호>11260-94</일련번호><전용면적>84.97</전용면적><중개사소재지>경기 성남분당구, 서울 중랑구</중개사소재지><지번>479</지번><지역코드>11260</지역코드><층>11</층><해제사유발생일> </해제사유발생일><해제여부> </해제여부></item><item><거래금액>    58,000</거래금액><거래유형>중개거래</거래유형><건축년도>2004</건축년도><년>2023</년><도로명>용마산로129가길</도로명><도로명건물본번호코드>00041</도로명건물본번호코드><도로명건물부번호코드>00000</도로명건물부번호코드><도로명시군구코드>11260</도로명시군구코드><도로명일련번호코드>01</도로명일련번호코드><도로명지상지하코드>0</도로명지상지하코드><도로명코드>4118493</도로명코드><법정동> 신내동</법정동><법정동본번코드>0801</법정동본번코드><법정동부번코드>0000</법정동부번코드><법정동시군구코드>11260</법정동시군구코드><법정동읍면동코드>10600</법정동읍면동코드><법정동지번코드>1</법정동지번코드><아파트>영풍마드레빌</아파트><월>1</월><일>26</일><일련번호>11260-163</일련번호><전용면적>84.8485</전용면적><중개사소재지>서울 중랑구</중개사소재지><지번>801</지번><지역코드>11260</지역코드><층>15</층><해제사유발생일> </해제사유발생일><해제여부> </해제여부></item><item><거래금액>    44,900</거래금액><거래유형>중개거래</거래유형><건축년도>1999</건축년도><년>2023</년><도로명>신내로14길</도로명><도로명건물본번호코드>00021</도로명건물본번호코드><도로명건물부번호코드>00000</도로명건물부번호코드><도로명시군구코드>11260</도로명시군구코드><도로명일련번호코드>01</도로명일련번호코드><도로명지상지하코드>0</도로명지상지하코드><도로명코드>4118430</도로명코드><법정동> 신내동</법정동><법정동본번코드>0797</법정동본번코드><법정동부번코드>0000</법정동부번코드><법정동시군구코드>11260</법정동시군구코드><법정동읍면동코드>10600</법정동읍면동코드><법정동지번코드>1</법정동지번코드><아파트>동성7</아파트><월>1</월><일>27</일><일련번호>11260-103</일련번호><전용면적>59.34</전용면적><중개사소재지>서울 중랑구</중개사소재지><지번>797</지번><지역코드>11260</지역코드><층>18</층><해제사유발생일> </해제사유발생일><해제여부> </해제여부></item></items><numOfRows>999</numOfRows><pageNo>1</pageNo><totalCount>42</totalCount></body></response>