<?xml version="1.0" encoding="UTF-8" standalone="yes"?><response><header><resultCode>00</resultCode><resultMsg>NORMAL SERVICE.</resultMsg></header><body><items><item><거래금액>   110,000</거래금액><거래유형>중개거래</거래유형><건축년도>2014</건축년도><년>2022</년><도로명>마포대로</도로명><도로명건물본번호코드>00195</도로명건물본번호코드><도로명건물부번호코드>00000</도로명건물부번호코드><도로명시군구코드>11440</도로명시군구코드><도로명일련번호코드>01</도로명일련번호코드><도로명지상지하코드>0</도로명지상지하코드><도로명코드>2113001</도로명코드><법정동> 아현동</법정동><법정동본번코드>0777</법정동본번코드><법정동부번코드>0000</법정동부번코드><법정동시군구코드>11440</법정동시군구코드><법정동읍면동코드>10100</법정동읍면동코드><법정동지번코드>1</법정동지번코드><아파트>마포래미안푸르지오3단지</아파트><월>12</월><일>10</일><일련번호>11440-5408</일련번호><전용면적>59.9236</전용면적><중개사소재지>서울 마포구</중개사소재지><지번>777</지번><지역코드>11440</지역코드><층>8</층><해제사유발생일> </해제사유발생일><해제여부> </해제여부></item><item><거래금액>    91,500</거래금액><거래유형>중개거래</거래유형><건축년도>2003</건축년도><년>2022</년><도로명>마포대로</도로명><도로명건물본번호코드>00183</도로명건물본번호코드><도로명건물부번호코드>00016</도로명건물부번호코드><도로명시군구코드>11440</도로명시군구코드><도로명일련번호코드>01</도로명일련번호코드><도로명지상지하코드>0</도로명지상지하코드><도로명코드>2113001</도로명코드><법정동> 아현동</법정동><법정동본번코드>0732</법정동본번코드><법정동부번코드>0000</법정동부번코드><법정동시군구코드>11440</법정동시군구코드><법정동읍면동코드>10100</법정동읍면동코드><법정동지번코드>1</법정동지번코드><아파트>삼환나띠르빌</아파트><월>12</월><일>16</일><일련번호>11440-143</일련번호><전용면적>84.9</전용면적><중개사소재지>서울 마포구, 서울 영등포구</중개사소재지><지번>732</지번><지역코드>11440</지역코드><층>9</층><해제사유발생일> </해제사유발생일><해제여부> </해제여부></item><item><거래금액>   162,000</거래금액><거래유형>중개거래</거래유형><건축년도>2014</건축년도><년>2022</년><도로명>마포대로</도로명><도로명건물본번호코드>00195</도로명건물본번호코드><도로명건물부번호코드>00000</도로명건물부번호코드><도로명시군구코드>11440</도로명시군구코드><도로명일련번호코드>01</도로명일련번호코드><도로명지상지하코드>0</도로명지상지하코드><도로명코드>2113001</도로명코드><법정동> 아현동</법정동><법정동본번코드>0777</법정동본번코드><법정동부번코드>0000</법정동부번코드><법정동시군구코드>11440</법정동시군구코드><법정동읍면동코드>10100</법정동읍면동코드><법정동지번코드>1</법정동지번코드><아파트>마포래미안푸르지오4단지</아파트><월>12</월><일>17</일><일련번호>11440-5410</일련번호><전용면적>84.8919</전용면적><중개사소재지>서울 마포구</중개사소재지><지번>777</지번><지역코드>11440</지역코드><층>16</층><해제사유발생일> </해제사유발생일><해제여부> </해제여부></item><item><거래금액>   120,000</거래금액><거래유형>중개거래</거래유형><건축년도>1999</건축년도><년>2022</년><도로명>마포대로</도로명><도로명건물본번호코드>00115</도로명건물본번호코드><도로명건물부번호코드>00008</도로명건물부번호코드><도로명시군구코드>11440</도로명시군구코드><도로명일련번호코드>02</도로명일련번호코드><도로명지상지하코드>0</도로명지상지하코드><도로명코드>2113001</도로명코드><법정동> 공덕동</법정동><법정동본번코드>0371</법정동본번코드><법정동부번코드>0000</법정동부번코드><법정동시군구코드>11440</법정동시군구코드><법정동읍면동코드>10200</법정동읍면동코드><법정동지번코드>1</법정동지번코드><아파트>공덕1삼성래미안</아파트><월>12</월><일>1</일><일련번호>11440-4</일련번호><전용면적>84.94</전용면적><중개사소재지>서울 마포구</중개사소재지><지번>371</지번><지역코드>11440</지역코드><층>11</층><해제사유발생일> </해제사유발생일><해제여부> </해제여부></item><item><거래금액>   104,000</거래금액><거래유형>중개거래</거래유형><건축년도>2004</건축년도><년>2022</년><도로명>마포대로7길</도로명><도로명건물본번호코드>00022</도로명건물본번호코드><도로명건물부번호코드>00000</도로명건물부번호코드><도로명시군구코드>11440</도로명시군구코드><도로명일련번호코드>01</도로명일련번호코드><도로명지상지하코드>0</도로명지상지하코드><도로명코드>4139169</도로명코드><법정동> 공덕동</법정동><법정동본번코드>0457</법정동본번코드><법정동부번코드>0000</법정동부번코드><법정동시군구코드>11440</법정동시군구코드><법정동읍면동코드>10200</법정동읍면동코드><법정동지번코드>1</법정동지번코드><아파트>공덕3삼성래미안</아파트><월>12</월><일>3</일><일련번호>11440-175</일련번호><전용면적>59.97</전용면적><중개사소재지>서울 마포구</중개사소재지><지번>457</지번><지역코드>11440</지역코드><층>13</층><해제사유발생일> </해제사유발생일><해제여부> </해제여부></item><item><거래금액>   120,000</거래금액><거래유형>중개거래</거래유형><건축년도>1999</건축년도><년>2022</년><도로명>마포대로</도로명><도로명건물본번호코드>00115</도로명건물본번호코드><도로명건물부번호코드>00008</도로명건물부번호코드><도로명시군구코드>11440</도로명시군구코드><도로명일련번호코드>02</도로명일련번호코드><도로명지상지하코드>0</도로명지상지하코드><도로명코드>2113001</도로명코드><법정동> 공덕동</법정동><법정동본번코드>0371</법정동본번코드><법정동부번코드>0000</법정동부번코드><법정동시군구코드>11440</법정동시군구코드><법정동읍면동코드>10200</법정동읍면동코드><법정동지번코드>1</법정동지번코드><아파트>공덕1삼성래미안</아파트><월>12</월><일>6</일><일련번호>11440-4</일련번호><전용면적>84.94</전용면적><중개사소재지>서울 마포구</중개사소재지><지번>371</지번><지역코드>11440</지역코드><층>6</층><해제사유발생일> </해제사유발생일><해제여부> </해제여부></item><item><거래금액>    96,500</거래금액><거래유형>중개거래</거래유형><건축년도>2005</건축년도><년>2022</년><도로명>마포대로11길</도로명><도로명건물본번호코드>00050</도로명건물본번호코드><도로명건물부번호코드>00000</도로명건물부번호코드><도로명시군구코드>11440</도로명시군구코드><도로명일련번호코드>01</도로명일련번호코드><도로명지상지하코드>0</도로명지상지하코드><도로명코드>4139137</도로명코드><법정동> 공덕동</법정동><법정동본번코드>0464</법정동본번코드><법정동부번코드>0000</법정동부번코드><법정동시군구코드>11440</법정동시군구코드><법정동읍면동코드>10200</법정동읍면동코드><법정동지번코드>1</법정동지번코드><아파트>래미안공덕4차</아파트><월>12</월><일>10</일><일련번호>11440-3934</일련번호><전용면적>59.9</전용면적><중개사소재지>서울 마포구</중개사소재지><지번>464</지번><지역코드>11440</지역코드><층>12</층><해제사유발생일> </해제사유발생일><해제여부> </해제여부></item><item><거래금액>   104,000</거래금액><거래유형>중개거래</거래유형><건축년도>2011</건축년도><년>2022</년><도로명>마포대로</도로명><도로명건물본번호코드>00173</도로명건물본번호코드><도로명건물부번호코드>00015</도로명건물부번호코드><도로명시군구코드>11440</도로명시군구코드><도로명일련번호코드>00</도로명일련번호코드><도로명코드>2113001</도로명코드><법정동> 공덕동</법정동><법정동본번코드>0469</법정동본번코드><법정동부번코드>0000</법정동부번코드><법정동시군구코드>11440</법정동시군구코드><법정동읍면동코드>10200</법정동읍면동코드><법정동지번코드>1</법정동지번코드><아파트>래미안공덕5차</아파트><월>12</월><일>10</일><일련번호>11440-4855</일련번호><전용면적>59.968</전용면적><중개사소재지>서울 마포구</중개사소재지><지번>469</지번><지역코드>11440</지역코드><층>7</층><해제사유발생일> </해제사유발생일><해제여부> </해제여부></item><item><거래금액>   102,000</거래금액><거래유형>중개거래</거래유형><건축년도>2005</건축년도><년>2022</년><도로명>마포대로11길</도로명><도로명건물본번호코드>00050</도로명건물본번호코드><도로명건물부번호코드>00000</도로명건물부번호코드><도로명시군구코드>11440</도로명시군구코드><도로명일련번호코드>01</도로명일련번호코드><도로명지상지하코드>0</도로명지상지하코드><도로명코드>4139137</도로명코드><법정동> 공덕동</법정동><법정동본번코드>0464</법정동본번코드><법정동부번코드>0000</법정동부번코드><법정동시군구코드>11440</법정동시군구코드><법정동읍면동코드>10200</법정동읍면동코드><법정동지번코드>1</법정동지번코드><아파트>래미안공덕4차</아파트><월>12</월><일>10</일><일련번호>11440-3934</일련번호><전용면적>59.9</전용면적><중개사소재지>서울 마포구</중개사소재지><지번>464</지번><지역코드>11440</지역코드><층>9</층><해제사유발생일> </해제사유발생일><해제여부> </해제여부></item><item><거래금액>   147,500</거래금액><거래유형>중개거래</거래유형><건축년도>2005</건축년도><년>2022</년><도로명>마포대로11길</도로명><도로명건물본번호코드>00050</도로명건물본번호코드><도로명건물부번호코드>00000</도로명건물부번호코드><도로명시군구코드>11440</도로명시군구코드><도로명일련번호코드>01</도로명일련번호코드><도로명지상지하코드>0</도로명지상지하코드><도로명코드>4139137</도로명코드><법정동> 공덕동</법정동><법정동본번코드>0464</법정동본번코드><법정동부번코드>0000</법정동부번코드><법정동시군구코드>11440</법정동시군구코드><법정동읍면동코드>10200</법정동읍면동코드><법정동지번코드>1</법정동지번코드><아파트>래미안공덕4차</아파트><월>12</월><일>14</일><일련번호>11440-3934</일련번호><전용면적>83.42</전용면적><중개사소재지>서울 마포구</중개사소재지><지번>464</지번><지역코드>11440</지역코드><층>15</층><해제사유발생일> </해제사유발생일><해제여부> </해제여부></item><item><거래금액>   105,000</거래금액><거래유형>중개거래</거래유형><건축년도>2011</건축년도><년>2022</년><도로명>마포대로</도로명><도로명건물본번호코드>00173</도로명건물본번호코드><도로명건물부번호코드>00015</도로명건물부번호코드><도로명시군구코드>11440</도로명시군구코드><도로명일련번호코드>00</도로명일련번호코드><도로명코드>2113001</도로명코드><법정동> 공덕동</법정동><법정동본번코드>0469</법정동본번코드><법정동부번코드>0000</법정동부번코드><법정동시군구코드>11440</법정동시군구코드><법정동읍면동코드>10200</법정동읍면동코드><법정동지번코드>1</법정동지번코드><아파트>래미안공덕5차</아파트><월>12</월><일>26</일><일련번호>11440-4855</일련번호><전용면적>59.959</전용면적><중개사소재지>서울 마포구</중개사소재지><지번>469</지번><지역코드>11440</지역코드><층>3</층><해제사유발생일> </해제사유발생일><해제여부> </해제여부></item><item><거래금액>   170,000</거래금액><거래유형>중개거래</거래유형><건축년도>2021</건축년도><년>2022</년><도로명>백범로31길</도로명><도로명건물본번호코드>00007</도로명건물본번호코드><도로명건물부번호코드>00000</도로명건물부번호코드><도로명시군구코드>11440</도로명시군구코드><도로명일련번호코드>00</도로명일련번호코드><도로명코드>4139241</도로명코드><법정동> 공덕동</법정동><법정동본번코드>0479</법정동본번코드><법정동부번코드>0000</법정동부번코드><법정동시군구코드>11440</법정동시군구코드><법정동읍면동코드>10200</법정동읍면동코드><법정동지번코드>1</법정동지번코드><아파트>공덕SK리더스뷰</아파트><월>12</월><일>27</일><일련번호>11440-5909</일련번호><전용면적>84.94</전용면적><중개사소재지>서울 마포구</중개사소재지><지번>479</지번><지역코드>11440</지역코드><층>17</층><해제사유발생일> </해제사유발생일><해제여부> </해제여부></item><item><거래금액>    35,000</거래금액><거래유형>직거래</거래유형><건축년도>2002</건축년도><년>2022</년><도로명>효창원로95길</도로명><도로명건물본번호코드>00035</도로명건물본번호코드><도로명건물부번호코드>00000</도로명건물부번호코드><도로명시군구코드>11440</도로명시군구코드><도로명일련번호코드>01</도로명일련번호코드><도로명지상지하코드>0</도로명지상지하코드><도로명코드>4139636</도로명코드><법정동> 공덕동</법정동><법정동본번코드>0011</법정동본번코드><법정동부번코드>0174</법정동부번코드><법정동시군구코드>11440</법정동시군구코드><법정동읍면동코드>10200</법정동읍면동코드><법정동지번코드>1</법정동지번코드><아파트>현대빌라</아파트><월>12</월><일>28</일><일련번호>11440-223</일련번호><전용면적>74.01</전용면적><중개사소재지> </중개사소재지><지번>11-174</지번><지역코드>11440</지역코드><층>5</층><해제사유발생일> </해제사유발생일><해제여부> </해제여부></item><item><거래금액>   100,000</거래금액><거래유형>중개거래</거래유형><건축년도>2005</건축년도><년>2022</년><도로명>마포대로11길</도로명><도로명건물본번호코드>00050</도로명건물본번호코드><도로명건물부번호코드>00000</도로명건물부번호코드><도로명시군구코드>11440</도로명시군구코드><도로명일련번호코드>01</도로명일련번호코드><도로명지상지하코드>0</도로명지상지하코드><도로명코드>4139137</도로명코드><법정동> 공덕동</법정동><법정동본번코드>0464</법정동본번코드><법정동부번코드>0000</법정동부번코드><법정동시군구코드>11440</법정동시군구코드><법정동읍면동코드>10200</법정동읍면동코드><법정동지번코드>1</법정동지번코드><아파트>래미안공덕4차</아파트><월>12</월><일>28</일><일련번호>11440-3934</일련번호><전용면적>59.9</전용면적><중개사소재지>서울 마포구</중개사소재지><지번>464</지번><지역코드>11440</지역코드><층>16</층><해제사유발생일> </해제사유발생일><해제여부> </해제여부></item><item><거래금액>   130,000</거래금액><거래유형>직거래</거래유형><건축년도>2011</건축년도><년>2022</년><도로명>백범로</도로명><도로명건물본번호코드>00205</도로명건물본번호코드><도로명건물부번호코드>00000</도로명건물부번호코드><도로명시군구코드>11440</도로명시군구코드><도로명일련번호코드>02</도로명일련번호코드><도로명지상지하코드>0</도로명지상지하코드><도로명코드>3005016</도로명코드><법정동> 신공덕동</법정동><법정동본번코드>0172</법정동본번코드><법정동부번코드>0000</법정동부번코드><법정동시군구코드>11440</법정동시군구코드><법정동읍면동코드>10300</법정동읍면동코드><법정동지번코드>1</법정동지번코드><아파트>펜트라우스</아파트><월>12</월><일>16</일><일련번호>11440-4887</일련번호><전용면적>115.78</전용면적><중개사소재지> </중개사소재지><지번>172</지번><지역코드>11440</지역코드><층>6</층><해제사유발생일> </해제사유발생일><해제여부> </해제여부></item><item><거래금액>   128,000</거래금액><거래유형>직거래</거래유형><건축년도>1997</건축년도><년>2022</년><도로명>도화길</도로명><도로명건물본번호코드>00028</도로명건물본번호코드><도로명건물부번호코드>00000</도로명건물부번호코드><도로명시군구코드>11440</도로명시군구코드><도로명일련번호코드>00</도로명일련번호코드><도로명코드>4139065</도로명코드><법정동> 도화동</법정동><법정동본번코드>0550</법정동본번코드><법정동부번코드>0000</법정동부번코드><법정동시군구코드>11440</법정동시군구코드><법정동읍면동코드>10400</법정동읍면동코드><법정동지번코드>1</법정동지번코드><아파트>삼성</아파트><월>12</월><일>20</일><일련번호>11440-15</일련번호><전용면적>136.65</전용면적><중개사소재지> </중개사소재지><지번>550</지번><지역코드>11440</지역코드><층>17</층><해제사유발생일> </해제사유발생일><해제여부> </해제여부></item><item><거래금액>   111,000</거래금액><거래유형>중개거래</거래유형><건축년도>1997</건축년도><년>2022</년><도로명>도화길</도로명><도로명건물본번호코드>00028</도로명건물본번호코드><도로명건물부번호코드>00000</도로명건물부번호코드><도로명시군구코드>11440</도로명시군구코드><도로명일련번호코드>00</도로명일련번호코드><도로명코드>4139065</도로명코드><법정동> 도화동</법정동><법정동본번코드>0550</법정동본번코드><법정동부번코드>0000</법정동부번코드><법정동시군구코드>11440</법정동시군구코드><법정동읍면동코드>10400</법정동읍면동코드><법정동지번코드>1</법정동지번코드><아파트>삼성</아파트><월>12</월><일>26</일><일련번호>11440-15</일련번호><전용면적>72.185</전용면적><중개사소재지>서울 마포구</중개사소재지><지번>550</지번><지역코드>11440</지역코드><층>17</층><해제사유발생일> </해제사유발생일><해제여부> </해제여부></item><item><거래금액>   136,000</거래금액><거래유형>중개거래</거래유형><건축년도>2022</건축년도><년>2022</년><도로명>숭문길</도로명><도로명건물본번호코드>00098</도로명건물본번호코드><도로명건물부번호코드>00000</도로명건물부번호코드><도로명시군구코드>11440</도로명시군구코드><도로명일련번호코드>00</도로명일련번호코드><도로명코드>4139379</도로명코드><법정동> 염리동</법정동><법정동본번코드>0533</법정동본번코드><법정동부번코드>0000</법정동부번코드><법정동시군구코드>11440</법정동시군구코드><법정동읍면동코드>10900</법정동읍면동코드><법정동지번코드>1</법정동지번코드><아파트>마포자이더센트리지(102동~112동)</아파트><월>12</월><일>7</일><일련번호>11440-5772</일련번호><전용면적>84.995</전용면적><중개사소재지>서울 마포구</중개사소재지><지번>533</지번><지역코드>11440</지역코드><층>10</층><해제사유발생일> </해제사유발생일><해제여부> </해제여부></item><item><거래금액>    70,000</거래금액><거래유형>중개거래</거래유형><건축년도>1997</건축년도><년>2022</년><도로명>숭문길</도로명><도로명건물본번호코드>00106</도로명건물본번호코드><도로명건물부번호코드>00000</도로명건물부번호코드><도로명시군구코드>11440</도로명시군구코드><도로명일련번호코드>02</도로명일련번호코드><도로명지상지하코드>0</도로명지상지하코드><도로명코드>4139379</도로명코드><법정동> 염리동</법정동><법정동본번코드>0515</법정동본번코드><법정동부번코드>0001</법정동부번코드><법정동시군구코드>11440</법정동시군구코드><법정동읍면동코드>10900</법정동읍면동코드><법정동지번코드>1</법정동지번코드><아파트>상록</아파트><월>12</월><일>9</일><일련번호>11440-33</일련번호><전용면적>58.71</전용면적><중개사소재지>서울 마포구</중개사소재지><지번>515-1</지번><지역코드>11440</지역코드><층>4</층><해제사유발생일> </해제사유발생일><해제여부> </해제여부></item><item><거래금액>    26,400</거래금액><거래유형>중개거래</거래유형><건축년도>2004</건축년도><년>2022</년><도로명>신촌로</도로명><도로명건물본번호코드>00150</도로명건물본번호코드><도로명건물부번호코드>00000</도로명건물부번호코드><도로명시군구코드>11440</도로명시군구코드><도로명일련번호코드>04</도로명일련번호코드><도로명지상지하코드>0</도로명지상지하코드><도로명코드>3005057</도로명코드><법정동> 노고산동</법정동><법정동본번코드>0001</법정동본번코드><법정동부번코드>0003</법정동부번코드><법정동시군구코드>11440</법정동시군구코드><법정동읍면동코드>11000</법정동읍면동코드><법정동지번코드>1</법정동지번코드><아파트>신촌포스빌</아파트><월>12</월><일>2</일><일련번호>11440-180</일련번호><전용면적>32.34</전용면적><중개사소재지>서울 마포구</중개사소재지><지번>1-3</지번><지역코드>11440</지역코드><층>8</층><해제사유발생일> </해제사유발생일><해제여부> </해제여부></item><item><거래금액>    28,000</거래금액><거래유형>중개거래</거래유형><건축년도>2002</건축년도><년>2022</년><도로명>백범로</도로명><도로명건물본번호코드>00010</도로명건물본번호코드><도로명건물부번호코드>00000</도로명건물부번호코드><도로명시군구코드>11440</도로명시군구코드><도로명일련번호코드>05</도로명일련번호코드><도로명지상지하코드>0</도로명지상지하코드><도로명코드>3005016</도로명코드><법정동> 노고산동</법정동><법정동본번코드>0107</법정동본번코드><법정동부번코드>0036</법정동부번코드><법정동시군구코드>11440</법정동시군구코드><법정동읍면동코드>11000</법정동읍면동코드><법정동지번코드>1</법정동지번코드><아파트>현대벤처빌</아파트><월>12</월><일>12</일><일련번호>11440-37</일련번호><전용면적>34.64</전용면적><중개사소재지>서울 마포구</중개사소재지><지번>107-36</지번><지역코드>11440</지역코드><층>3</층><해제사유발생일> </해제사유발생일><해제여부> </해제여부></item><item><거래금액>   137,000</거래금액><거래유형>중개거래</거래유형><건축년도>2016</건축년도><년>2022</년><도로명>토정로18길</도로명><도로명건물본번호코드>00011</도로명건물본번호코드><도로명건물부번호코드>00000</도로명건물부번호코드><도로명시군구코드>11440</도로명시군구코드><도로명일련번호코드>02</도로명일련번호코드><도로명지상지하코드>0</도로명지상지하코드><도로명코드>4139587</도로명코드><법정동> 현석동</법정동><법정동본번코드>0225</법정동본번코드><법정동부번코드>0000</법정동부번코드><법정동시군구코드>11440</법정동시군구코드><법정동읍면동코드>11200</법정동읍면동코드><법정동지번코드>1</법정동지번코드><아파트>래미안웰스트림</아파트><월>12</월><일>1</일><일련번호>11440-5559</일련번호><전용면적>59.96</전용면적><중개사소재지>서울 마포구</중개사소재지><지번>225</지번><지역코드>11440</지역코드><층>14</층><해제사유발생일> </해제사유발생일><해제여부> </해제여부></item><item><거래금액>   195,000</거래금액><거래유형>중개거래</거래유형><건축년도>2008</건축년도><년>2022</년><도로명>신수로2길</도로명><도로명건물본번호코드>00006</도로명건물본번호코드><도로명건물부번호코드>00000</도로명건물부번호코드><도로명시군구코드>11440</도로명시군구코드><도로명일련번호코드>01</도로명일련번호코드><도로명지상지하코드>0</도로명지상지하코드><도로명코드>4139382</도로명코드><법정동> 현석동</법정동><법정동본번코드>0223</법정동본번코드><법정동부번코드>0000</법정동부번코드><법정동시군구코드>11440</법정동시군구코드><법정동읍면동코드>11200</법정동읍면동코드><법정동지번코드>1</법정동지번코드><아파트>반도유보라아일랜드</아파트><월>12</월><일>30</일><일련번호>11440-4281</일련번호><전용면적>122.6843</전용면적><중개사소재지>서울 마포구</중개사소재지><지번>223</지번><지역코드>11440</지역코드><층>6</층><해제사유발생일> </해제사유발생일><해제여부> </해제여부></item><item><거래금액>   140,000</거래금액><거래유형>중개거래</거래유형><건축년도>2014</건축년도><년>2022</년><도로명>독막로20나길</도로명><도로명건물본번호코드>00022</도로명건물본번호코드><도로명건물부번호코드>00000</도로명건물부번호코드><도로명시군구코드>11440</도로명시군구코드><도로명일련번호코드>01</도로명일련번호코드><도로명지상지하코드>0</도로명지상지하코드><도로명코드>4139074</도로명코드><법정동> 상수동</법정동><법정동본번코드>0402</법정동본번코드><법정동부번코드>0000</법정동부번코드><법정동시군구코드>11440</법정동시군구코드><법정동읍면동코드>11500</법정동읍면동코드><법정동지번코드>1</법정동지번코드><아파트>래미안밤섬리베뉴Ⅰ</아파트><월>12</월><일>4</일><일련번호>11440-5428</일련번호><전용면적>84.99</전용면적><중개사소재지>서울 마포구</중개사소재지><지번>402</지번><지역코드>11440</지역코드><층>7</층><해제사유발생일> </해제사유발생일><해제여부> </해제여부></item><item><거래금액>    85,000</거래금액><거래유형>직거래</거래유형><건축년도>2004</건축년도><년>2022</년><도로명>홍익로</도로명><도로명건물본번호코드>00010</도로명건물본번호코드><도로명건물부번호코드>00000</도로명건물부번호코드><도로명시군구코드>11440</도로명시군구코드><도로명일련번호코드>01</도로명일련번호코드><도로명지상지하코드>0</도로명지상지하코드><도로명코드>3113027</도로명코드><법정동> 서교동</법정동><법정동본번코드>0486</법정동본번코드><법정동부번코드>0000</법정동부번코드><법정동시군구코드>11440</법정동시군구코드><법정동읍면동코드>12000</법정동읍면동코드><법정동지번코드>1</법정동지번코드><아파트>서교푸르지오</아파트><월>12</월><일>17</일><일련번호>11440-221</일련번호><전용면적>92.448</전용면적><중개사소재지> </중개사소재지><지번>486</지번><지역코드>11440</지역코드><층>15</층><해제사유발생일> </해제사유발생일><해제여부> </해제여부></item><item><거래금액>   180,000</거래금액><거래유형>중개거래</거래유형><건축년도>2016</건축년도><년>2022</년><도로명>월드컵로3길</도로명><도로명건물본번호코드>00014</도로명건물본번호코드><도로명건물부번호코드>00000</도로명건물부번호코드><도로명시군구코드>11440</도로명시군구코드><도로명일련번호코드>01</도로명일련번호코드><도로명코드>4139507</도로명코드><법정동> 합정동</법정동><법정동본번코드>0473</법정동본번코드><법정동부번코드>0000</법정동부번코드><법정동시군구코드>11440</법정동시군구코드><법정동읍면동코드>12200</법정동읍면동코드><법정동지번코드>1</법정동지번코드><아파트>마포한강2차푸르지오</아파트><월>12</월><일>3</일><일련번호>11440-5606</일련번호><전용면적>110.88</전용면적><중개사소재지>서울 마포구</중개사소재지><지번>473</지번><지역코드>11440</지역코드><층>11</층><해제사유발생일> </해제사유발생일><해제여부> </해제여부></item><item><거래금액>    34,800</거래금액><거래유형>중개거래</거래유형><건축년도>2013</건축년도><년>2022</년><도로명>방울내로11길</도로명><도로명건물본번호코드>00073</도로명건물본번호코드><도로명건물부번호코드>00000</도로명건물부번호코드><도로명시군구코드>11440</도로명시군구코드><도로명일련번호코드>01</도로명일련번호코드><도로명지상지하코드>0</도로명지상지하코드><도로명코드>4139214</도로명코드><법정동> 망원동</법정동><법정동본번코드>0518</법정동본번코드><법정동부번코드>0000</법정동부번코드><법정동시군구코드>11440</법정동시군구코드><법정동읍면동코드>12300</법정동읍면동코드><법정동지번코드>1</법정동지번코드><아파트>신부파스카5차</아파트><월>12</월><일>8</일><일련번호>11440-5286</일련번호><전용면적>37.21</전용면적><중개사소재지>서울 마포구</중개사소재지><지번>518</지번><지역코드>11440</지역코드><층>5</층><해제사유발생일> </해제사유발생일><해제여부> </해제여부></item><item><거래금액>    60,000</거래금액><거래유형>중개거래</거래유형><건축년도>2003</건축년도><년>2022</년><도로명>성미산로23길</도로명><도로명건물본번호코드>00004</도로명건물본번호코드><도로명건물부번호코드>00000</도로명건물부번호코드><도로명시군구코드>11440</도로명시군구코드><도로명일련번호코드>01</도로명일련번호코드><도로명지상지하코드>0</도로명지상지하코드><도로명코드>4139314</도로명코드><법정동> 연남동</법정동><법정동본번코드>0249</법정동본번코드><법정동부번코드>0012</법정동부번코드><법정동시군구코드>11440</법정동시군구코드><법정동읍면동코드>12400</법정동읍면동코드><법정동지번코드>1</법정동지번코드><아파트>노블레스(249-12)</아파트><월>12</월><일>30</일><일련번호>11440-161</일련번호><전용면적>85.04</전용면적><중개사소재지>서울 마포구</중개사소재지><지번>249-12</지번><지역코드>11440</지역코드><층>5</층><해제사유발생일> </해제사유발생일><해제여부> </해제여부></item><item><거래금액>    87,500</거래금액><거래유형>중개거래</거래유형><건축년도>1986</건축년도><년>2022</년><도로명>월드컵북로</도로명><도로명건물본번호코드>00235</도로명건물본번호코드><도로명건물부번호코드>00000</도로명건물부번호코드><도로명시군구코드>11440</도로명시군구코드><도로명일련번호코드>04</도로명일련번호코드><도로명지상지하코드>0</도로명지상지하코드><도로명코드>3113019</도로명코드><법정동> 성산동</법정동><법정동본번코드>0446</법정동본번코드><법정동부번코드>0000</법정동부번코드><법정동시군구코드>11440</법정동시군구코드><법정동읍면동코드>12500</법정동읍면동코드><법정동지번코드>1</법정동지번코드><아파트>성산시영(선경)</아파트><월>12</월><일>12</일><일련번호>11440-168</일련번호><전용면적>50.54</전용면적><중개사소재지>서울 마포구</중개사소재지><지번>446</지번><지역코드>11440</지역코드><층>7</층><해제사유발생일> </해제사유발생일><해제여부> </해제여부></item><item><거래금액>    79,000</거래금액><거래유형>중개거래</거래유형><건축년도>1986</건축년도><년>2022</년><도로명>월드컵북로</도로명><도로명건물본번호코드>00235</도로명건물본번호코드><도로명건물부번호코드>00000</도로명건물부번호코드><도로명시군구코드>11440</도로명시군구코드><도로명일련번호코드>04</도로명일련번호코드><도로명지상지하코드>0</도로명지상지하코드><도로명코드>3113019</도로명코드><법정동> 성산동</법정동><법정동본번코드>0446</법정동본번코드><법정동부번코드>0000</법정동부번코드><법정동시군구코드>11440</법정동시군구코드><법정동읍면동코드>12500</법정동읍면동코드><법정동지번코드>1</법정동지번코드><아파트>성산시영(대우)</아파트><월>12</월><일>24</일><일련번호>11440-169</일련번호><전용면적>50.03</전용면적><중개사소재지>서울 마포구</중개사소재지><지번>446</지번><지역코드>11440</지역코드><층>2</층><해제사유발생일> </해제사유발생일><해제여부> </해제여부></item><item><거래금액>    81,500</거래금액><거래유형>직거래</거래유형><건축년도>2001</건축년도><년>2022</년><도로명>성암로</도로명><도로명건물본번호코드>00091</도로명건물본번호코드><도로명건물부번호코드>00000</도로명건물부번호코드><도로명시군구코드>11440</도로명시군구코드><도로명일련번호코드>02</도로명일련번호코드><도로명지상지하코드>0</도로명지상지하코드><도로명코드>3113012</도로명코드><법정동> 중동</법정동><법정동본번코드>0392</법정동본번코드><법정동부번코드>0000</법정동부번코드><법정동시군구코드>11440</법정동시군구코드><법정동읍면동코드>12600</법정동읍면동코드><법정동지번코드>1</법정동지번코드><아파트>마포중동현대</아파트><월>12</월><일>26</일><일련번호>11440-122</일련번호><전용면적>59.88</전용면적><중개사소재지> </중개사소재지><지번>392</지번><지역코드>11440</지역코드><층>20</층><해제사유발생일> </해제사유발생일><해제여부> </해제여부></item><item><거래금액>    79,000</거래금액><거래유형>중개거래</거래유형><건축년도>2003</건축년도><년>2022</년><도로명>월드컵북로47길</도로명><도로명건물본번호코드>00046</도로명건물본번호코드><도로명건물부번호코드>00000</도로명건물부번호코드><도로명시군구코드>11440</도로명시군구코드><도로명일련번호코드>01</도로명일련번호코드><도로명지상지하코드>0</도로명지상지하코드><도로명코드>4139545</도로명코드><법정동> 상암동</법정동><법정동본번코드>1637</법정동본번코드><법정동부번코드>0000</법정동부번코드><법정동시군구코드>11440</법정동시군구코드><법정동읍면동코드>12700</법정동읍면동코드><법정동지번코드>1</법정동지번코드><아파트>상암월드컵파크2단지</아파트><월>12</월><일>1</일><일련번호>11440-136</일련번호><전용면적>59.92</전용면적><중개사소재지>서울 마포구</중개사소재지><지번>1637</지번><지역코드>11440</지역코드><층>6</층><해제사유발생일> </해제사유발생일><해제여부> </해제여부></item><item><거래금액>   100,000</거래금액><거래유형>중개거래</거래유형><건축년도>2005</건축년도><년>2022</년><도로명>상암산로1길</도로명><도로명건물본번호코드>00092</도로명건물본번호코드><도로명건물부번호코드>00000</도로명건물부번호코드><도로명시군구코드>11440</도로명시군구코드><도로명일련번호코드>01</도로명일련번호코드><도로명지상지하코드>0</도로명지상지하코드><도로명코드>4139262</도로명코드><법정동> 상암동</법정동><법정동본번코드>1660</법정동본번코드><법정동부번코드>0000</법정동부번코드><법정동시군구코드>11440</법정동시군구코드><법정동읍면동코드>12700</법정동읍면동코드><법정동지번코드>1</법정동지번코드><아파트>상암월드컵파크7단지</아파트><월>12</월><일>29</일><일련번호>11440-3927</일련번호><전용면적>84.45</전용면적><중개사소재지>서울 마포구</중개사소재지><지번>1660</지번><지역코드>11440</지역코드><층>9</층><해제사유발생일> </해제사유발생일><해제여부> </해제여부></item></items><numOfRows>999</numOfRows><pageNo>1</pageNo><totalCount>33</totalCount></body></response>