<?xml version="1.0" encoding="UTF-8" standalone="yes"?><response><header><resultCode>00</resultCode><resultMsg>NORMAL SERVICE.</resultMsg></header><body><items><item><거래금액>   150,000</거래금액><거래유형>중개거래</거래유형><건축년도>2015</건축년도><년>2022</년><도로명>백범로</도로명><도로명건물본번호코드>00152</도로명건물본번호코드><도로명건물부번호코드>00000</도로명건물부번호코드><도로명시군구코드>11440</도로명시군구코드><도로명일련번호코드>01</도로명일련번호코드><도로명코드>3005016</도로명코드><법정동> 공덕동</법정동><법정동본번코드>0476</법정동본번코드><법정동부번코드>0000</법정동부번코드><법정동시군구코드>11440</법정동시군구코드><법정동읍면동코드>10200</법정동읍면동코드><법정동지번코드>1</법정동지번코드><아파트>공덕파크자이</아파트><월>10</월><일>4</일><일련번호>11440-5530</일련번호><전용면적>84.9802</전용면적><중개사소재지>서울 중구</중개사소재지><지번>476</지번><지역코드>11440</지역코드><층>18</층><해제사유발생일> </해제사유발생일><해제여부> </해제여부></item><item><거래금액>   140,000</거래금액><거래유형>직거래</거래유형><건축년도>2011</건축년도><년>2022</년><도로명>마포대로</도로명><도로명건물본번호코드>00173</도로명건물본번호코드><도로명건물부번호코드>00015</도로명건물부번호코드><도로명시군구코드>11440</도로명시군구코드><도로명일련번호코드>00</도로명일련번호코드><도로명코드>2113001</도로명코드><법정동> 공덕동</법정동><법정동본번코드>0469</법정동본번코드><법정동부번코드>0000</법정동부번코드><법정동시군구코드>11440</법정동시군구코드><법정동읍면동코드>10200</법정동읍면동코드><법정동지번코드>1</법정동지번코드><아파트>래미안공덕5차</아파트><월>10</월><일>6</일><일련번호>11440-4855</일련번호><전용면적>84.859</전용면적><중개사소재지> </중개사소재지><지번>469</지번><지역코드>11440</지역코드><층>4</층><해제사유발생일> </해제사유발생일><해제여부> </해제여부></item><item><거래금액>   187,000</거래금액><거래유형>중개거래</거래유형><건축년도>2011</건축년도><년>2022</년><도로명>마포대로</도로명><도로명건물본번호코드>00167</도로명건물본번호코드><도로명건물부번호코드>00000</도로명건물부번호코드><도로명시군구코드>11440</도로명시군구코드><도로명일련번호코드>00</도로명일련번호코드><도로명코드>2113001</도로명코드><법정동> 공덕동</법정동><법정동본번코드>0469</법정동본번코드><법정동부번코드>0000</법정동부번코드><법정동시군구코드>11440</법정동시군구코드><법정동읍면동코드>10200</법정동읍면동코드><법정동지번코드>1</법정동지번코드><아파트>래미안공덕5차</아파트><월>10</월><일>8</일><일련번호>11440-4855</일련번호><전용면적>113.866</전용면적><중개사소재지>서울 마포구</중개사소재지><지번>469</지번><지역코드>11440</지역코드><층>14</층><해제사유발생일> </해제사유발생일><해제여부> </해제여부></item><item><거래금액>   152,000</거래금액><거래유형>중개거래</거래유형><건축년도>2011</건축년도><년>2022</년><도로명>마포대로</도로명><도로명건물본번호코드>00167</도로명건물본번호코드><도로명건물부번호코드>00000</도로명건물부번호코드><도로명시군구코드>11440</도로명시군구코드><도로명일련번호코드>00</도로명일련번호코드><도로명코드>2113001</도로명코드><법정동> 공덕동</법정동><법정동본번코드>0469</법정동본번코드><법정동부번코드>0000</법정동부번코드><법정동시군구코드>11440</법정동시군구코드><법정동읍면동코드>10200</법정동읍면동코드><법정동지번코드>1</법정동지번코드><아파트>래미안공덕5차</아파트><월>10</월><일>15</일><일련번호>11440-4855</일련번호><전용면적>84.851</전용면적><중개사소재지>서울 마포구</중개사소재지><지번>469</지번><지역코드>11440</지역코드><층>5</층><해제사유발생일> </해제사유발생일><해제여부> </해제여부></item><item><거래금액>   153,000</거래금액><거래유형>중개거래</거래유형><건축년도>2011</건축년도><년>2022</년><도로명>마포대로</도로명><도로명건물본번호코드>00167</도로명건물본번호코드><도로명건물부번호코드>00000</도로명건물부번호코드><도로명시군구코드>11440</도로명시군구코드><도로명일련번호코드>00</도로명일련번호코드><도로명코드>2113001</도로명코드><법정동> 공덕동</법정동><법정동본번코드>0469</법정동본번코드><법정동부번코드>0000</법정동부번코드><법정동시군구코드>11440</법정동시군구코드><법정동읍면동코드>10200</법정동읍면동코드><법정동지번코드>1</법정동지번코드><아파트>래미안공덕5차</아파트><월>10</월><일>15</일><일련번호>11440-4855</일련번호><전용면적>84.851</전용면적><중개사소재지>서울 마포구</중개사소재지><지번>469</지번><지역코드>11440</지역코드><층>5</층><해제사유발생일>22.12.09</해제사유발생일><해제여부>O</해제여부></item><item><거래금액>    42,500</거래금액><거래유형>중개거래</거래유형><건축년도>2005</건축년도><년>2022</년><도로명>백범로</도로명><도로명건물본번호코드>00199</도로명건물본번호코드><도로명건물부번호코드>00000</도로명건물부번호코드><도로명시군구코드>11440</도로명시군구코드><도로명일련번호코드>02</도로명일련번호코드><도로명지상지하코드>0</도로명지상지하코드><도로명코드>3005016</도로명코드><법정동> 신공덕동</법정동><법정동본번코드>0167</법정동본번코드><법정동부번코드>0000</법정동부번코드><법정동시군구코드>11440</법정동시군구코드><법정동읍면동코드>10300</법정동읍면동코드><법정동지번코드>1</법정동지번코드><아파트>대우메트로디오빌</아파트><월>10</월><일>1</일><일련번호>11440-4071</일련번호><전용면적>35.14</전용면적><중개사소재지>서울 마포구, 서울 서대문구</중개사소재지><지번>167</지번><지역코드>11440</지역코드><층>27</층><해제사유발생일> </해제사유발생일><해제여부> </해제여부></item><item><거래금액>   105,000</거래금액><거래유형>중개거래</거래유형><건축년도>2010</건축년도><년>2022</년><도로명>도화4길</도로명><도로명건물본번호코드>00041</도로명건물본번호코드><도로명건물부번호코드>00000</도로명건물부번호코드><도로명시군구코드>11440</도로명시군구코드><도로명일련번호코드>01</도로명일련번호코드><도로명지상지하코드>0</도로명지상지하코드><도로명코드>4139064</도로명코드><법정동> 도화동</법정동><법정동본번코드>0564</법정동본번코드><법정동부번코드>0000</법정동부번코드><법정동시군구코드>11440</법정동시군구코드><법정동읍면동코드>10400</법정동읍면동코드><법정동지번코드>1</법정동지번코드><아파트>마포동원베네스트</아파트><월>10</월><일>1</일><일련번호>11440-4611</일련번호><전용면적>58.65</전용면적><중개사소재지>서울 마포구</중개사소재지><지번>564</지번><지역코드>11440</지역코드><층>9</층><해제사유발생일> </해제사유발생일><해제여부> </해제여부></item><item><거래금액>   132,000</거래금액><거래유형>직거래</거래유형><건축년도>1997</건축년도><년>2022</년><도로명>도화길</도로명><도로명건물본번호코드>00028</도로명건물본번호코드><도로명건물부번호코드>00000</도로명건물부번호코드><도로명시군구코드>11440</도로명시군구코드><도로명일련번호코드>00</도로명일련번호코드><도로명코드>4139065</도로명코드><법정동> 도화동</법정동><법정동본번코드>0550</법정동본번코드><법정동부번코드>0000</법정동부번코드><법정동시군구코드>11440</법정동시군구코드><법정동읍면동코드>10400</법정동읍면동코드><법정동지번코드>1</법정동지번코드><아파트>삼성</아파트><월>10</월><일>24</일><일련번호>11440-15</일련번호><전용면적>114.74</전용면적><중개사소재지> </중개사소재지><지번>550</지번><지역코드>11440</지역코드><층>11</층><해제사유발생일> </해제사유발생일><해제여부> </해제여부></item><item><거래금액>   175,000</거래금액><거래유형>중개거래</거래유형><건축년도>1999</건축년도><년>2022</년><도로명>독막로</도로명><도로명건물본번호코드>00266</도로명건물본번호코드><도로명건물부번호코드>00000</도로명건물부번호코드><도로명시군구코드>11440</도로명시군구코드><도로명일련번호코드>02</도로명일련번호코드><도로명지상지하코드>0</도로명지상지하코드><도로명코드>3113005</도로명코드><법정동> 대흥동</법정동><법정동본번코드>0660</법정동본번코드><법정동부번코드>0000</법정동부번코드><법정동시군구코드>11440</법정동시군구코드><법정동읍면동코드>10800</법정동읍면동코드><법정동지번코드>1</법정동지번코드><아파트>마포태영</아파트><월>10</월><일>3</일><일련번호>11440-32</일련번호><전용면적>114.93</전용면적><중개사소재지>서울 마포구</중개사소재지><지번>660</지번><지역코드>11440</지역코드><층>10</층><해제사유발생일> </해제사유발생일><해제여부> </해제여부></item><item><거래금액>   160,000</거래금액><거래유형>중개거래</거래유형><건축년도>2020</건축년도><년>2022</년><도로명>대흥로</도로명><도로명건물본번호코드>00175</도로명건물본번호코드><도로명건물부번호코드>00000</도로명건물부번호코드><도로명시군구코드>11440</도로명시군구코드><도로명일련번호코드>00</도로명일련번호코드><도로명코드>3113004</도로명코드><법정동> 대흥동</법정동><법정동본번코드>0806</법정동본번코드><법정동부번코드>0000</법정동부번코드><법정동시군구코드>11440</법정동시군구코드><법정동읍면동코드>10800</법정동읍면동코드><법정동지번코드>1</법정동지번코드><아파트>신촌그랑자이(1단지)</아파트><월>10</월><일>6</일><일련번호>11440-5861</일련번호><전용면적>84.98</전용면적><중개사소재지>서울 마포구</중개사소재지><지번>806</지번><지역코드>11440</지역코드><층>12</층><해제사유발생일> </해제사유발생일><해제여부> </해제여부></item><item><거래금액>    78,000</거래금액><거래유형>중개거래</거래유형><건축년도>1998</건축년도><년>2022</년><도로명>독막로</도로명><도로명건물본번호코드>00289</도로명건물본번호코드><도로명건물부번호코드>00000</도로명건물부번호코드><도로명시군구코드>11440</도로명시군구코드><도로명일련번호코드>03</도로명일련번호코드><도로명지상지하코드>0</도로명지상지하코드><도로명코드>3113005</도로명코드><법정동> 염리동</법정동><법정동본번코드>0161</법정동본번코드><법정동부번코드>0001</법정동부번코드><법정동시군구코드>11440</법정동시군구코드><법정동읍면동코드>10900</법정동읍면동코드><법정동지번코드>1</법정동지번코드><아파트>중앙하이츠</아파트><월>10</월><일>29</일><일련번호>11440-35</일련번호><전용면적>60</전용면적><중개사소재지>서울 마포구</중개사소재지><지번>161-1</지번><지역코드>11440</지역코드><층>9</층><해제사유발생일> </해제사유발생일><해제여부> </해제여부></item><item><거래금액>    23,000</거래금액><거래유형>중개거래</거래유형><건축년도>2002</건축년도><년>2022</년><도로명>백범로</도로명><도로명건물본번호코드>00010</도로명건물본번호코드><도로명건물부번호코드>00000</도로명건물부번호코드><도로명시군구코드>11440</도로명시군구코드><도로명일련번호코드>05</도로명일련번호코드><도로명지상지하코드>0</도로명지상지하코드><도로명코드>3005016</도로명코드><법정동> 노고산동</법정동><법정동본번코드>0107</법정동본번코드><법정동부번코드>0036</법정동부번코드><법정동시군구코드>11440</법정동시군구코드><법정동읍면동코드>11000</법정동읍면동코드><법정동지번코드>1</법정동지번코드><아파트>현대벤처빌</아파트><월>10</월><일>5</일><일련번호>11440-37</일련번호><전용면적>32.8</전용면적><중개사소재지>서울 마포구</중개사소재지><지번>107-36</지번><지역코드>11440</지역코드><층>4</층><해제사유발생일> </해제사유발생일><해제여부> </해제여부></item><item><거래금액>    26,000</거래금액><거래유형>중개거래</거래유형><건축년도>2004</건축년도><년>2022</년><도로명>신촌로</도로명><도로명건물본번호코드>00150</도로명건물본번호코드><도로명건물부번호코드>00000</도로명건물부번호코드><도로명시군구코드>11440</도로명시군구코드><도로명일련번호코드>04</도로명일련번호코드><도로명지상지하코드>0</도로명지상지하코드><도로명코드>3005057</도로명코드><법정동> 노고산동</법정동><법정동본번코드>0001</법정동본번코드><법정동부번코드>0003</법정동부번코드><법정동시군구코드>11440</법정동시군구코드><법정동읍면동코드>11000</법정동읍면동코드><법정동지번코드>1</법정동지번코드><아파트>신촌포스빌</아파트><월>10</월><일>26</일><일련번호>11440-180</일련번호><전용면적>32.34</전용면적><중개사소재지>서울 마포구</중개사소재지><지번>1-3</지번><지역코드>11440</지역코드><층>9</층><해제사유발생일> </해제사유발생일><해제여부> </해제여부></item><item><거래금액>    23,000</거래금액><거래유형>중개거래</거래유형><건축년도>2002</건축년도><년>2022</년><도로명>백범로</도로명><도로명건물본번호코드>00076</도로명건물본번호코드><도로명건물부번호코드>00000</도로명건물부번호코드><도로명시군구코드>11440</도로명시군구코드><도로명일련번호코드>06</도로명일련번호코드><도로명지상지하코드>0</도로명지상지하코드><도로명코드>3005016</도로명코드><법정동> 신수동</법정동><법정동본번코드>0022</법정동본번코드><법정동부번코드>0035</법정동부번코드><법정동시군구코드>11440</법정동시군구코드><법정동읍면동코드>11100</법정동읍면동코드><법정동지번코드>1</법정동지번코드><아파트>하나테크노빌</아파트><월>10</월><일>12</일><일련번호>11440-181</일련번호><전용면적>31.25</전용면적><중개사소재지>서울 마포구</중개사소재지><지번>22-35</지번><지역코드>11440</지역코드><층>11</층><해제사유발생일> </해제사유발생일><해제여부> </해제여부></item><item><거래금액>    59,000</거래금액><거래유형>중개거래</거래유형><건축년도>2001</건축년도><년>2022</년><도로명>월드컵로31길</도로명><도로명건물본번호코드>00033</도로명건물본번호코드><도로명건물부번호코드>00000</도로명건물부번호코드><도로명시군구코드>11440</도로명시군구코드><도로명일련번호코드>01</도로명일련번호코드><도로명지상지하코드>0</도로명지상지하코드><도로명코드>4139503</도로명코드><법정동> 망원동</법정동><법정동본번코드>0435</법정동본번코드><법정동부번코드>0004</법정동부번코드><법정동시군구코드>11440</법정동시군구코드><법정동읍면동코드>12300</법정동읍면동코드><법정동지번코드>1</법정동지번코드><아파트>광남캐스빌</아파트><월>10</월><일>17</일><일련번호>11440-68</일련번호><전용면적>49.94</전용면적><중개사소재지>서울 마포구</중개사소재지><지번>435-4</지번><지역코드>11440</지역코드><층>6</층><해제사유발생일> </해제사유발생일><해제여부> </해제여부></item><item><거래금액>    55,000</거래금액><거래유형>중개거래</거래유형><건축년도>2019</건축년도><년>2022</년><도로명>방울내로</도로명><도로명건물본번호코드>00037</도로명건물본번호코드><도로명건물부번호코드>00000</도로명건물부번호코드><도로명시군구코드>11440</도로명시군구코드><도로명일련번호코드>01</도로명일련번호코드><도로명지상지하코드>0</도로명지상지하코드><도로명코드>3113008</도로명코드><법정동> 망원동</법정동><법정동본번코드>0522</법정동본번코드><법정동부번코드>0000</법정동부번코드><법정동시군구코드>11440</법정동시군구코드><법정동읍면동코드>12300</법정동읍면동코드><법정동지번코드>1</법정동지번코드><아파트>마포한강제이스카이</아파트><월>10</월><일>24</일><일련번호>11440-5822</일련번호><전용면적>49.738</전용면적><중개사소재지>서울 마포구</중개사소재지><지번>522</지번><지역코드>11440</지역코드><층>3</층><해제사유발생일> </해제사유발생일><해제여부> </해제여부></item><item><거래금액>    33,000</거래금액><거래유형>중개거래</거래유형><건축년도>1970</건축년도><년>2022</년><도로명>성미산로23길</도로명><도로명건물본번호코드>00054</도로명건물본번호코드><도로명건물부번호코드>00000</도로명건물부번호코드><도로명시군구코드>11440</도로명시군구코드><도로명일련번호코드>01</도로명일련번호코드><도로명지상지하코드>0</도로명지상지하코드><도로명코드>4139314</도로명코드><법정동> 연남동</법정동><법정동본번코드>0244</법정동본번코드><법정동부번코드>0015</법정동부번코드><법정동시군구코드>11440</법정동시군구코드><법정동읍면동코드>12400</법정동읍면동코드><법정동지번코드>1</법정동지번코드><아파트>새마을</아파트><월>10</월><일>26</일><일련번호>11440-96</일련번호><전용면적>41.65</전용면적><중개사소재지>서울 마포구</중개사소재지><지번>244-15</지번><지역코드>11440</지역코드><층>1</층><해제사유발생일> </해제사유발생일><해제여부> </해제여부></item><item><거래금액>   115,000</거래금액><거래유형>중개거래</거래유형><건축년도>2003</건축년도><년>2022</년><도로명>연남로</도로명><도로명건물본번호코드>00052</도로명건물본번호코드><도로명건물부번호코드>00000</도로명건물부번호코드><도로명시군구코드>11440</도로명시군구코드><도로명일련번호코드>02</도로명일련번호코드><도로명지상지하코드>0</도로명지상지하코드><도로명코드>3113016</도로명코드><법정동> 연남동</법정동><법정동본번코드>0573</법정동본번코드><법정동부번코드>0000</법정동부번코드><법정동시군구코드>11440</법정동시군구코드><법정동읍면동코드>12400</법정동읍면동코드><법정동지번코드>1</법정동지번코드><아파트>코오롱</아파트><월>10</월><일>29</일><일련번호>11440-146</일련번호><전용면적>84.936</전용면적><중개사소재지>서울 마포구</중개사소재지><지번>573</지번><지역코드>11440</지역코드><층>10</층><해제사유발생일> </해제사유발생일><해제여부> </해제여부></item><item><거래금액>    93,000</거래금액><거래유형>중개거래</거래유형><건축년도>1986</건축년도><년>2022</년><도로명>월드컵북로</도로명><도로명건물본번호코드>00235</도로명건물본번호코드><도로명건물부번호코드>00000</도로명건물부번호코드><도로명시군구코드>11440</도로명시군구코드><도로명일련번호코드>04</도로명일련번호코드><도로명지상지하코드>0</도로명지상지하코드><도로명코드>3113019</도로명코드><법정동> 성산동</법정동><법정동본번코드>0446</법정동본번코드><법정동부번코드>0000</법정동부번코드><법정동시군구코드>11440</법정동시군구코드><법정동읍면동코드>12500</법정동읍면동코드><법정동지번코드>1</법정동지번코드><아파트>성산시영(선경)</아파트><월>10</월><일>4</일><일련번호>11440-168</일련번호><전용면적>50.54</전용면적><중개사소재지>서울 마포구</중개사소재지><지번>446</지번><지역코드>11440</지역코드><층>12</층><해제사유발생일> </해제사유발생일><해제여부> </해제여부></item><item><거래금액>    80,000</거래금액><거래유형>중개거래</거래유형><건축년도>2004</건축년도><년>2022</년><도로명>월드컵북로30길</도로명><도로명건물본번호코드>00009</도로명건물본번호코드><도로명건물부번호코드>00022</도로명건물부번호코드><도로명시군구코드>11440</도로명시군구코드><도로명일련번호코드>01</도로명일련번호코드><도로명지상지하코드>0</도로명지상지하코드><도로명코드>4139530</도로명코드><법정동> 성산동</법정동><법정동본번코드>0601</법정동본번코드><법정동부번코드>0000</법정동부번코드><법정동시군구코드>11440</법정동시군구코드><법정동읍면동코드>12500</법정동읍면동코드><법정동지번코드>1</법정동지번코드><아파트>성산월드타운대림</아파트><월>10</월><일>25</일><일련번호>11440-118</일련번호><전용면적>84.689</전용면적><중개사소재지>서울 마포구</중개사소재지><지번>601</지번><지역코드>11440</지역코드><층>3</층><해제사유발생일> </해제사유발생일><해제여부> </해제여부></item></items><numOfRows>999</numOfRows><pageNo>1</pageNo><totalCount>20</totalCount></body></response>