<?xml version="1.0" encoding="UTF-8" standalone="yes"?><response><header><resultCode>00</resultCode><resultMsg>NORMAL SERVICE.</resultMsg></header><body><items><item><거래금액>   113,000</거래금액><거래유형>중개거래</거래유형><건축년도>2014</건축년도><년>2022</년><도로명>마포대로</도로명><도로명건물본번호코드>00195</도로명건물본번호코드><도로명건물부번호코드>00000</도로명건물부번호코드><도로명시군구코드>11440</도로명시군구코드><도로명일련번호코드>01</도로명일련번호코드><도로명지상지하코드>0</도로명지상지하코드><도로명코드>2113001</도로명코드><법정동> 아현동</법정동><법정동본번코드>0777</법정동본번코드><법정동부번코드>0000</법정동부번코드><법정동시군구코드>11440</법정동시군구코드><법정동읍면동코드>10100</법정동읍면동코드><법정동지번코드>1</법정동지번코드><아파트>마포래미안푸르지오3단지</아파트><월>11</월><일>29</일><일련번호>11440-5408</일련번호><전용면적>59.9656</전용면적><중개사소재지>서울 마포구</중개사소재지><지번>777</지번><지역코드>11440</지역코드><층>7</층><해제사유발생일> </해제사유발생일><해제여부> </해제여부></item><item><거래금액>   153,500</거래금액><거래유형>중개거래</거래유형><건축년도>2020</건축년도><년>2022</년><도로명>대흥로</도로명><도로명건물본번호코드>00175</도로명건물본번호코드><도로명건물부번호코드>00000</도로명건물부번호코드><도로명시군구코드>11440</도로명시군구코드><도로명일련번호코드>00</도로명일련번호코드><도로명코드>3113004</도로명코드><법정동> 대흥동</법정동><법정동본번코드>0806</법정동본번코드><법정동부번코드>0000</법정동부번코드><법정동시군구코드>11440</법정동시군구코드><법정동읍면동코드>10800</법정동읍면동코드><법정동지번코드>1</법정동지번코드><아파트>신촌그랑자이(1단지)</아파트><월>11</월><일>5</일><일련번호>11440-5861</일련번호><전용면적>84.98</전용면적><중개사소재지>서울 마포구</중개사소재지><지번>806</지번><지역코드>11440</지역코드><층>4</층><해제사유발생일> </해제사유발생일><해제여부> </해제여부></item><item><거래금액>    16,900</거래금액><거래유형>중개거래</거래유형><건축년도>2014</건축년도><년>2022</년><도로명>신촌로</도로명><도로명건물본번호코드>00160</도로명건물본번호코드><도로명건물부번호코드>00000</도로명건물부번호코드><도로명시군구코드>11440</도로명시군구코드><도로명일련번호코드>02</도로명일련번호코드><도로명지상지하코드>0</도로명지상지하코드><도로명코드>3005057</도로명코드><법정동> 대흥동</법정동><법정동본번코드>0012</법정동본번코드><법정동부번코드>0041</법정동부번코드><법정동시군구코드>11440</법정동시군구코드><법정동읍면동코드>10800</법정동읍면동코드><법정동지번코드>1</법정동지번코드><아파트>서희스타힐스</아파트><월>11</월><일>12</일><일련번호>11440-5381</일련번호><전용면적>12.85</전용면적><중개사소재지>서울 마포구</중개사소재지><지번>12-41</지번><지역코드>11440</지역코드><층>16</층><해제사유발생일> </해제사유발생일><해제여부> </해제여부></item><item><거래금액>   141,500</거래금액><거래유형>중개거래</거래유형><건축년도>2020</건축년도><년>2022</년><도로명>대흥로</도로명><도로명건물본번호코드>00175</도로명건물본번호코드><도로명건물부번호코드>00000</도로명건물부번호코드><도로명시군구코드>11440</도로명시군구코드><도로명일련번호코드>00</도로명일련번호코드><도로명코드>3113004</도로명코드><법정동> 대흥동</법정동><법정동본번코드>0806</법정동본번코드><법정동부번코드>0000</법정동부번코드><법정동시군구코드>11440</법정동시군구코드><법정동읍면동코드>10800</법정동읍면동코드><법정동지번코드>1</법정동지번코드><아파트>신촌그랑자이(1단지)</아파트><월>11</월><일>26</일><일련번호>11440-5861</일련번호><전용면적>84.98</전용면적><중개사소재지>서울 마포구</중개사소재지><지번>806</지번><지역코드>11440</지역코드><층>2</층><해제사유발생일> </해제사유발생일><해제여부> </해제여부></item><item><거래금액>    68,000</거래금액><거래유형>중개거래</거래유형><건축년도>1997</건축년도><년>2022</년><도로명>숭문길</도로명><도로명건물본번호코드>00106</도로명건물본번호코드><도로명건물부번호코드>00000</도로명건물부번호코드><도로명시군구코드>11440</도로명시군구코드><도로명일련번호코드>02</도로명일련번호코드><도로명지상지하코드>0</도로명지상지하코드><도로명코드>4139379</도로명코드><법정동> 염리동</법정동><법정동본번코드>0515</법정동본번코드><법정동부번코드>0001</법정동부번코드><법정동시군구코드>11440</법정동시군구코드><법정동읍면동코드>10900</법정동읍면동코드><법정동지번코드>1</법정동지번코드><아파트>상록</아파트><월>11</월><일>19</일><일련번호>11440-33</일련번호><전용면적>57.88</전용면적><중개사소재지>서울 마포구</중개사소재지><지번>515-1</지번><지역코드>11440</지역코드><층>13</층><해제사유발생일> </해제사유발생일><해제여부> </해제여부></item><item><거래금액>    61,000</거래금액><거래유형>직거래</거래유형><건축년도>2021</건축년도><년>2022</년><도로명>대흥로24길</도로명><도로명건물본번호코드>00027</도로명건물본번호코드><도로명건물부번호코드>00000</도로명건물부번호코드><도로명시군구코드>11440</도로명시군구코드><도로명일련번호코드>02</도로명일련번호코드><도로명지상지하코드>0</도로명지상지하코드><도로명코드>4139044</도로명코드><법정동> 염리동</법정동><법정동본번코드>0010</법정동본번코드><법정동부번코드>0054</법정동부번코드><법정동시군구코드>11440</법정동시군구코드><법정동읍면동코드>10900</법정동읍면동코드><법정동지번코드>1</법정동지번코드><아파트>우리파크아파트</아파트><월>11</월><일>28</일><일련번호>11440-6046</일련번호><전용면적>22.92</전용면적><중개사소재지> </중개사소재지><지번>10-54</지번><지역코드>11440</지역코드><층>1</층><해제사유발생일>22.12.01</해제사유발생일><해제여부>O</해제여부></item><item><거래금액>    61,000</거래금액><거래유형>직거래</거래유형><건축년도>2021</건축년도><년>2022</년><도로명>대흥로24길</도로명><도로명건물본번호코드>00027</도로명건물본번호코드><도로명건물부번호코드>00000</도로명건물부번호코드><도로명시군구코드>11440</도로명시군구코드><도로명일련번호코드>02</도로명일련번호코드><도로명지상지하코드>0</도로명지상지하코드><도로명코드>4139044</도로명코드><법정동> 염리동</법정동><법정동본번코드>0010</법정동본번코드><법정동부번코드>0054</법정동부번코드><법정동시군구코드>11440</법정동시군구코드><법정동읍면동코드>10900</법정동읍면동코드><법정동지번코드>1</법정동지번코드><아파트>우리파크아파트</아파트><월>11</월><일>29</일><일련번호>11440-6046</일련번호><전용면적>22.92</전용면적><중개사소재지> </중개사소재지><지번>10-54</지번><지역코드>11440</지역코드><층>1</층><해제사유발생일> </해제사유발생일><해제여부> </해제여부></item><item><거래금액>    65,000</거래금액><거래유형>중개거래</거래유형><건축년도>1997</건축년도><년>2022</년><도로명>숭문길</도로명><도로명건물본번호코드>00106</도로명건물본번호코드><도로명건물부번호코드>00000</도로명건물부번호코드><도로명시군구코드>11440</도로명시군구코드><도로명일련번호코드>02</도로명일련번호코드><도로명지상지하코드>0</도로명지상지하코드><도로명코드>4139379</도로명코드><법정동> 염리동</법정동><법정동본번코드>0515</법정동본번코드><법정동부번코드>0001</법정동부번코드><법정동시군구코드>11440</법정동시군구코드><법정동읍면동코드>10900</법정동읍면동코드><법정동지번코드>1</법정동지번코드><아파트>상록</아파트><월>11</월><일>30</일><일련번호>11440-33</일련번호><전용면적>49.8</전용면적><중개사소재지>서울 마포구</중개사소재지><지번>515-1</지번><지역코드>11440</지역코드><층>14</층><해제사유발생일> </해제사유발생일><해제여부> </해제여부></item><item><거래금액>    98,000</거래금액><거래유형>중개거래</거래유형><건축년도>2009</건축년도><년>2022</년><도로명>독막로28길</도로명><도로명건물본번호코드>00010</도로명건물본번호코드><도로명건물부번호코드>00000</도로명건물부번호코드><도로명시군구코드>11440</도로명시군구코드><도로명일련번호코드>01</도로명일련번호코드><도로명지상지하코드>0</도로명지상지하코드><도로명코드>4139081</도로명코드><법정동> 신수동</법정동><법정동본번코드>0459</법정동본번코드><법정동부번코드>0000</법정동부번코드><법정동시군구코드>11440</법정동시군구코드><법정동읍면동코드>11100</법정동읍면동코드><법정동지번코드>1</법정동지번코드><아파트>밤섬경남아너스빌</아파트><월>11</월><일>28</일><일련번호>11440-4706</일련번호><전용면적>84.83</전용면적><중개사소재지>서울 마포구</중개사소재지><지번>459</지번><지역코드>11440</지역코드><층>1</층><해제사유발생일> </해제사유발생일><해제여부> </해제여부></item><item><거래금액>    43,000</거래금액><거래유형>중개거래</거래유형><건축년도>2007</건축년도><년>2022</년><도로명>와우산로30길</도로명><도로명건물본번호코드>00135</도로명건물본번호코드><도로명건물부번호코드>00000</도로명건물부번호코드><도로명시군구코드>11440</도로명시군구코드><도로명일련번호코드>01</도로명일련번호코드><도로명지상지하코드>0</도로명지상지하코드><도로명코드>4139472</도로명코드><법정동> 창전동</법정동><법정동본번코드>0042</법정동본번코드><법정동부번코드>0007</법정동부번코드><법정동시군구코드>11440</법정동시군구코드><법정동읍면동코드>11400</법정동읍면동코드><법정동지번코드>1</법정동지번코드><아파트>중앙하이츠101동</아파트><월>11</월><일>6</일><일련번호>11440-4061</일련번호><전용면적>57.86</전용면적><중개사소재지>서울 마포구</중개사소재지><지번>42-7</지번><지역코드>11440</지역코드><층>1</층><해제사유발생일> </해제사유발생일><해제여부> </해제여부></item><item><거래금액>   215,000</거래금액><거래유형>중개거래</거래유형><건축년도>2004</건축년도><년>2022</년><도로명>토정로</도로명><도로명건물본번호코드>00136</도로명건물본번호코드><도로명건물부번호코드>00011</도로명건물부번호코드><도로명시군구코드>11440</도로명시군구코드><도로명일련번호코드>06</도로명일련번호코드><도로명지상지하코드>0</도로명지상지하코드><도로명코드>3113023</도로명코드><법정동> 상수동</법정동><법정동본번코드>0394</법정동본번코드><법정동부번코드>0000</법정동부번코드><법정동시군구코드>11440</법정동시군구코드><법정동읍면동코드>11500</법정동읍면동코드><법정동지번코드>1</법정동지번코드><아파트>신구강변연가</아파트><월>11</월><일>18</일><일련번호>11440-152</일련번호><전용면적>152.336</전용면적><중개사소재지>서울 마포구</중개사소재지><지번>394</지번><지역코드>11440</지역코드><층>12</층><해제사유발생일> </해제사유발생일><해제여부> </해제여부></item><item><거래금액>   250,000</거래금액><거래유형>중개거래</거래유형><건축년도>2012</건축년도><년>2022</년><도로명>양화로</도로명><도로명건물본번호코드>00045</도로명건물본번호코드><도로명건물부번호코드>00000</도로명건물부번호코드><도로명시군구코드>11440</도로명시군구코드><도로명일련번호코드>01</도로명일련번호코드><도로명지상지하코드>0</도로명지상지하코드><도로명코드>3113014</도로명코드><법정동> 서교동</법정동><법정동본번코드>0490</법정동본번코드><법정동부번코드>0000</법정동부번코드><법정동시군구코드>11440</법정동시군구코드><법정동읍면동코드>12000</법정동읍면동코드><법정동지번코드>1</법정동지번코드><아파트>메세나폴리스</아파트><월>11</월><일>28</일><일련번호>11440-5097</일련번호><전용면적>142.034</전용면적><중개사소재지>서울 마포구</중개사소재지><지번>490</지번><지역코드>11440</지역코드><층>23</층><해제사유발생일> </해제사유발생일><해제여부> </해제여부></item><item><거래금액>    28,800</거래금액><거래유형>중개거래</거래유형><건축년도>2004</건축년도><년>2022</년><도로명>연남로5길</도로명><도로명건물본번호코드>00044</도로명건물본번호코드><도로명건물부번호코드>00000</도로명건물부번호코드><도로명시군구코드>11440</도로명시군구코드><도로명일련번호코드>01</도로명일련번호코드><도로명지상지하코드>0</도로명지상지하코드><도로명코드>4139445</도로명코드><법정동> 연남동</법정동><법정동본번코드>0493</법정동본번코드><법정동부번코드>0027</법정동부번코드><법정동시군구코드>11440</법정동시군구코드><법정동읍면동코드>12400</법정동읍면동코드><법정동지번코드>1</법정동지번코드><아파트>홍익하이빌</아파트><월>11</월><일>26</일><일련번호>11440-209</일련번호><전용면적>44.46</전용면적><중개사소재지>서울 마포구</중개사소재지><지번>493-27</지번><지역코드>11440</지역코드><층>4</층><해제사유발생일> </해제사유발생일><해제여부> </해제여부></item><item><거래금액>    88,000</거래금액><거래유형>중개거래</거래유형><건축년도>1986</건축년도><년>2022</년><도로명>월드컵북로</도로명><도로명건물본번호코드>00235</도로명건물본번호코드><도로명건물부번호코드>00000</도로명건물부번호코드><도로명시군구코드>11440</도로명시군구코드><도로명일련번호코드>04</도로명일련번호코드><도로명지상지하코드>0</도로명지상지하코드><도로명코드>3113019</도로명코드><법정동> 성산동</법정동><법정동본번코드>0446</법정동본번코드><법정동부번코드>0000</법정동부번코드><법정동시군구코드>11440</법정동시군구코드><법정동읍면동코드>12500</법정동읍면동코드><법정동지번코드>1</법정동지번코드><아파트>성산시영(선경)</아파트><월>11</월><일>3</일><일련번호>11440-168</일련번호><전용면적>50.54</전용면적><중개사소재지>서울 마포구</중개사소재지><지번>446</지번><지역코드>11440</지역코드><층>10</층><해제사유발생일> </해제사유발생일><해제여부> </해제여부></item><item><거래금액>    88,000</거래금액><거래유형>중개거래</거래유형><건축년도>1986</건축년도><년>2022</년><도로명>월드컵북로</도로명><도로명건물본번호코드>00235</도로명건물본번호코드><도로명건물부번호코드>00000</도로명건물부번호코드><도로명시군구코드>11440</도로명시군구코드><도로명일련번호코드>04</도로명일련번호코드><도로명지상지하코드>0</도로명지상지하코드><도로명코드>3113019</도로명코드><법정동> 성산동</법정동><법정동본번코드>0446</법정동본번코드><법정동부번코드>0000</법정동부번코드><법정동시군구코드>11440</법정동시군구코드><법정동읍면동코드>12500</법정동읍면동코드><법정동지번코드>1</법정동지번코드><아파트>성산시영(선경)</아파트><월>11</월><일>9</일><일련번호>11440-168</일련번호><전용면적>50.54</전용면적><중개사소재지>서울 마포구</중개사소재지><지번>446</지번><지역코드>11440</지역코드><층>10</층><해제사유발생일> </해제사유발생일><해제여부> </해제여부></item><item><거래금액>    53,000</거래금액><거래유형>중개거래</거래유형><건축년도>2007</건축년도><년>2022</년><도로명>월드컵북로9길</도로명><도로명건물본번호코드>00031</도로명건물본번호코드><도로명건물부번호코드>00000</도로명건물부번호코드><도로명시군구코드>11440</도로명시군구코드><도로명일련번호코드>02</도로명일련번호코드><도로명지상지하코드>0</도로명지상지하코드><도로명코드>4139560</도로명코드><법정동> 성산동</법정동><법정동본번코드>0634</법정동본번코드><법정동부번코드>0005</법정동부번코드><법정동시군구코드>11440</법정동시군구코드><법정동읍면동코드>12500</법정동읍면동코드><법정동지번코드>1</법정동지번코드><아파트>삼익플라주서교2차</아파트><월>11</월><일>15</일><일련번호>11440-4164</일련번호><전용면적>81.09</전용면적><중개사소재지>경기 용인수지구, 서울 마포구</중개사소재지><지번>634-5</지번><지역코드>11440</지역코드><층>6</층><해제사유발생일> </해제사유발생일><해제여부> </해제여부></item><item><거래금액>    82,000</거래금액><거래유형>중개거래</거래유형><건축년도>2007</건축년도><년>2022</년><도로명>월드컵로26길</도로명><도로명건물본번호코드>00013</도로명건물본번호코드><도로명건물부번호코드>00000</도로명건물부번호코드><도로명시군구코드>11440</도로명시군구코드><도로명일련번호코드>01</도로명일련번호코드><도로명지상지하코드>0</도로명지상지하코드><도로명코드>4139496</도로명코드><법정동> 성산동</법정동><법정동본번코드>0254</법정동본번코드><법정동부번코드>0008</법정동부번코드><법정동시군구코드>11440</법정동시군구코드><법정동읍면동코드>12500</법정동읍면동코드><법정동지번코드>1</법정동지번코드><아파트>현대하이츠아파트</아파트><월>11</월><일>18</일><일련번호>11440-4161</일련번호><전용면적>84.7</전용면적><중개사소재지>서울 마포구</중개사소재지><지번>254-8</지번><지역코드>11440</지역코드><층>5</층><해제사유발생일> </해제사유발생일><해제여부> </해제여부></item><item><거래금액>    98,000</거래금액><거래유형>중개거래</거래유형><건축년도>1986</건축년도><년>2022</년><도로명>월드컵북로</도로명><도로명건물본번호코드>00235</도로명건물본번호코드><도로명건물부번호코드>00000</도로명건물부번호코드><도로명시군구코드>11440</도로명시군구코드><도로명일련번호코드>04</도로명일련번호코드><도로명지상지하코드>0</도로명지상지하코드><도로명코드>3113019</도로명코드><법정동> 성산동</법정동><법정동본번코드>0446</법정동본번코드><법정동부번코드>0000</법정동부번코드><법정동시군구코드>11440</법정동시군구코드><법정동읍면동코드>12500</법정동읍면동코드><법정동지번코드>1</법정동지번코드><아파트>성산시영(유원)</아파트><월>11</월><일>28</일><일련번호>11440-109</일련번호><전용면적>59.43</전용면적><중개사소재지>서울 마포구</중개사소재지><지번>446</지번><지역코드>11440</지역코드><층>7</층><해제사유발생일> </해제사유발생일><해제여부> </해제여부></item><item><거래금액>    85,000</거래금액><거래유형>중개거래</거래유형><건축년도>2003</건축년도><년>2022</년><도로명>월드컵북로47길</도로명><도로명건물본번호코드>00046</도로명건물본번호코드><도로명건물부번호코드>00000</도로명건물부번호코드><도로명시군구코드>11440</도로명시군구코드><도로명일련번호코드>01</도로명일련번호코드><도로명지상지하코드>0</도로명지상지하코드><도로명코드>4139545</도로명코드><법정동> 상암동</법정동><법정동본번코드>1637</법정동본번코드><법정동부번코드>0000</법정동부번코드><법정동시군구코드>11440</법정동시군구코드><법정동읍면동코드>12700</법정동읍면동코드><법정동지번코드>1</법정동지번코드><아파트>상암월드컵파크2단지</아파트><월>11</월><일>1</일><일련번호>11440-136</일련번호><전용면적>59.84</전용면적><중개사소재지>서울 마포구</중개사소재지><지번>1637</지번><지역코드>11440</지역코드><층>11</층><해제사유발생일> </해제사유발생일><해제여부> </해제여부></item><item><거래금액>    80,000</거래금액><거래유형>중개거래</거래유형><건축년도>2003</건축년도><년>2022</년><도로명>월드컵북로47길</도로명><도로명건물본번호코드>00046</도로명건물본번호코드><도로명건물부번호코드>00000</도로명건물부번호코드><도로명시군구코드>11440</도로명시군구코드><도로명일련번호코드>01</도로명일련번호코드><도로명지상지하코드>0</도로명지상지하코드><도로명코드>4139545</도로명코드><법정동> 상암동</법정동><법정동본번코드>1637</법정동본번코드><법정동부번코드>0000</법정동부번코드><법정동시군구코드>11440</법정동시군구코드><법정동읍면동코드>12700</법정동읍면동코드><법정동지번코드>1</법정동지번코드><아파트>상암월드컵파크2단지</아파트><월>11</월><일>10</일><일련번호>11440-136</일련번호><전용면적>59.92</전용면적><중개사소재지>서울 마포구</중개사소재지><지번>1637</지번><지역코드>11440</지역코드><층>13</층><해제사유발생일> </해제사유발생일><해제여부> </해제여부></item></items><numOfRows>999</numOfRows><pageNo>1</pageNo><totalCount>20</totalCount></body></response>