<?xml version="1.0" encoding="UTF-8" standalone="yes"?><response><header><resultCode>00</resultCode><resultMsg>NORMAL SERVICE.</resultMsg></header><body><items><item><거래금액>   110,000</거래금액><거래유형>직거래</거래유형><건축년도>2003</건축년도><년>2022</년><도로명>마포대로</도로명><도로명건물본번호코드>00183</도로명건물본번호코드><도로명건물부번호코드>00016</도로명건물부번호코드><도로명시군구코드>11440</도로명시군구코드><도로명일련번호코드>01</도로명일련번호코드><도로명지상지하코드>0</도로명지상지하코드><도로명코드>2113001</도로명코드><법정동> 아현동</법정동><법정동본번코드>0732</법정동본번코드><법정동부번코드>0000</법정동부번코드><법정동시군구코드>11440</법정동시군구코드><법정동읍면동코드>10100</법정동읍면동코드><법정동지번코드>1</법정동지번코드><아파트>삼환나띠르빌</아파트><월>9</월><일>22</일><일련번호>11440-143</일련번호><전용면적>84.9</전용면적><중개사소재지> </중개사소재지><지번>732</지번><지역코드>11440</지역코드><층>3</층><해제사유발생일>22.10.17</해제사유발생일><해제여부>O</해제여부></item><item><거래금액>   171,500</거래금액><거래유형>중개거래</거래유형><건축년도>2014</건축년도><년>2022</년><도로명>마포대로</도로명><도로명건물본번호코드>00195</도로명건물본번호코드><도로명건물부번호코드>00000</도로명건물부번호코드><도로명시군구코드>11440</도로명시군구코드><도로명일련번호코드>01</도로명일련번호코드><도로명지상지하코드>0</도로명지상지하코드><도로명코드>2113001</도로명코드><법정동> 아현동</법정동><법정동본번코드>0777</법정동본번코드><법정동부번코드>0000</법정동부번코드><법정동시군구코드>11440</법정동시군구코드><법정동읍면동코드>10100</법정동읍면동코드><법정동지번코드>1</법정동지번코드><아파트>마포래미안푸르지오4단지</아파트><월>9</월><일>29</일><일련번호>11440-5410</일련번호><전용면적>84.8919</전용면적><중개사소재지>서울 마포구</중개사소재지><지번>777</지번><지역코드>11440</지역코드><층>5</층><해제사유발생일> </해제사유발생일><해제여부> </해제여부></item><item><거래금액>    16,000</거래금액><거래유형>중개거래</거래유형><건축년도>2018</건축년도><년>2022</년><도로명>만리재로</도로명><도로명건물본번호코드>00113</도로명건물본번호코드><도로명건물부번호코드>00000</도로명건물부번호코드><도로명시군구코드>11440</도로명시군구코드><도로명일련번호코드>00</도로명일련번호코드><도로명코드>3101016</도로명코드><법정동> 공덕동</법정동><법정동본번코드>0030</법정동본번코드><법정동부번코드>0010</법정동부번코드><법정동시군구코드>11440</법정동시군구코드><법정동읍면동코드>10200</법정동읍면동코드><법정동지번코드>1</법정동지번코드><아파트>솔리스타</아파트><월>9</월><일>5</일><일련번호>11440-5776</일련번호><전용면적>14.29</전용면적><중개사소재지>서울 마포구</중개사소재지><지번>30-10</지번><지역코드>11440</지역코드><층>15</층><해제사유발생일> </해제사유발생일><해제여부> </해제여부></item><item><거래금액>   123,000</거래금액><거래유형>중개거래</거래유형><건축년도>2005</건축년도><년>2022</년><도로명>마포대로11길</도로명><도로명건물본번호코드>00050</도로명건물본번호코드><도로명건물부번호코드>00000</도로명건물부번호코드><도로명시군구코드>11440</도로명시군구코드><도로명일련번호코드>01</도로명일련번호코드><도로명지상지하코드>0</도로명지상지하코드><도로명코드>4139137</도로명코드><법정동> 공덕동</법정동><법정동본번코드>0464</법정동본번코드><법정동부번코드>0000</법정동부번코드><법정동시군구코드>11440</법정동시군구코드><법정동읍면동코드>10200</법정동읍면동코드><법정동지번코드>1</법정동지번코드><아파트>래미안공덕4차</아파트><월>9</월><일>16</일><일련번호>11440-3934</일련번호><전용면적>59.9</전용면적><중개사소재지>서울 마포구</중개사소재지><지번>464</지번><지역코드>11440</지역코드><층>4</층><해제사유발생일> </해제사유발생일><해제여부> </해제여부></item><item><거래금액>   130,000</거래금액><거래유형>중개거래</거래유형><건축년도>2011</건축년도><년>2022</년><도로명>마포대로</도로명><도로명건물본번호코드>00173</도로명건물본번호코드><도로명건물부번호코드>00015</도로명건물부번호코드><도로명시군구코드>11440</도로명시군구코드><도로명일련번호코드>00</도로명일련번호코드><도로명코드>2113001</도로명코드><법정동> 공덕동</법정동><법정동본번코드>0469</법정동본번코드><법정동부번코드>0000</법정동부번코드><법정동시군구코드>11440</법정동시군구코드><법정동읍면동코드>10200</법정동읍면동코드><법정동지번코드>1</법정동지번코드><아파트>래미안공덕5차</아파트><월>9</월><일>19</일><일련번호>11440-4855</일련번호><전용면적>59.975</전용면적><중개사소재지>서울 마포구</중개사소재지><지번>469</지번><지역코드>11440</지역코드><층>6</층><해제사유발생일> </해제사유발생일><해제여부> </해제여부></item><item><거래금액>   134,000</거래금액><거래유형>중개거래</거래유형><건축년도>2000</건축년도><년>2022</년><도로명>백범로37길</도로명><도로명건물본번호코드>00012</도로명건물본번호코드><도로명건물부번호코드>00000</도로명건물부번호코드><도로명시군구코드>11440</도로명시군구코드><도로명일련번호코드>01</도로명일련번호코드><도로명지상지하코드>0</도로명지상지하코드><도로명코드>4139249</도로명코드><법정동> 신공덕동</법정동><법정동본번코드>0155</법정동본번코드><법정동부번코드>0000</법정동부번코드><법정동시군구코드>11440</법정동시군구코드><법정동읍면동코드>10300</법정동읍면동코드><법정동지번코드>1</법정동지번코드><아파트>신공덕1차삼성래미안1아파트</아파트><월>9</월><일>7</일><일련번호>11440-9</일련번호><전용면적>114.75</전용면적><중개사소재지>서울 마포구</중개사소재지><지번>155</지번><지역코드>11440</지역코드><층>17</층><해제사유발생일> </해제사유발생일><해제여부> </해제여부></item><item><거래금액>   165,000</거래금액><거래유형>중개거래</거래유형><건축년도>2020</건축년도><년>2022</년><도로명>대흥로</도로명><도로명건물본번호코드>00175</도로명건물본번호코드><도로명건물부번호코드>00000</도로명건물부번호코드><도로명시군구코드>11440</도로명시군구코드><도로명일련번호코드>00</도로명일련번호코드><도로명코드>3113004</도로명코드><법정동> 대흥동</법정동><법정동본번코드>0806</법정동본번코드><법정동부번코드>0000</법정동부번코드><법정동시군구코드>11440</법정동시군구코드><법정동읍면동코드>10800</법정동읍면동코드><법정동지번코드>1</법정동지번코드><아파트>신촌그랑자이(1단지)</아파트><월>9</월><일>7</일><일련번호>11440-5861</일련번호><전용면적>84.98</전용면적><중개사소재지>서울 마포구</중개사소재지><지번>806</지번><지역코드>11440</지역코드><층>5</층><해제사유발생일>23.02.16</해제사유발생일><해제여부>O</해제여부></item><item><거래금액>   132,000</거래금액><거래유형>중개거래</거래유형><건축년도>2020</건축년도><년>2022</년><도로명>대흥로</도로명><도로명건물본번호코드>00175</도로명건물본번호코드><도로명건물부번호코드>00000</도로명건물부번호코드><도로명시군구코드>11440</도로명시군구코드><도로명일련번호코드>00</도로명일련번호코드><도로명코드>3113004</도로명코드><법정동> 대흥동</법정동><법정동본번코드>0806</법정동본번코드><법정동부번코드>0000</법정동부번코드><법정동시군구코드>11440</법정동시군구코드><법정동읍면동코드>10800</법정동읍면동코드><법정동지번코드>1</법정동지번코드><아파트>신촌그랑자이(1단지)</아파트><월>9</월><일>17</일><일련번호>11440-5861</일련번호><전용면적>59.98</전용면적><중개사소재지>서울 마포구</중개사소재지><지번>806</지번><지역코드>11440</지역코드><층>16</층><해제사유발생일> </해제사유발생일><해제여부> </해제여부></item><item><거래금액>    18,500</거래금액><거래유형>중개거래</거래유형><건축년도>2014</건축년도><년>2022</년><도로명>신촌로</도로명><도로명건물본번호코드>00160</도로명건물본번호코드><도로명건물부번호코드>00000</도로명건물부번호코드><도로명시군구코드>11440</도로명시군구코드><도로명일련번호코드>02</도로명일련번호코드><도로명지상지하코드>0</도로명지상지하코드><도로명코드>3005057</도로명코드><법정동> 대흥동</법정동><법정동본번코드>0012</법정동본번코드><법정동부번코드>0041</법정동부번코드><법정동시군구코드>11440</법정동시군구코드><법정동읍면동코드>10800</법정동읍면동코드><법정동지번코드>1</법정동지번코드><아파트>서희스타힐스</아파트><월>9</월><일>22</일><일련번호>11440-5381</일련번호><전용면적>12.88</전용면적><중개사소재지>서울 마포구</중개사소재지><지번>12-41</지번><지역코드>11440</지역코드><층>16</층><해제사유발생일> </해제사유발생일><해제여부> </해제여부></item><item><거래금액>   165,000</거래금액><거래유형>중개거래</거래유형><건축년도>2020</건축년도><년>2022</년><도로명>대흥로</도로명><도로명건물본번호코드>00175</도로명건물본번호코드><도로명건물부번호코드>00000</도로명건물부번호코드><도로명시군구코드>11440</도로명시군구코드><도로명일련번호코드>00</도로명일련번호코드><도로명코드>3113004</도로명코드><법정동> 대흥동</법정동><법정동본번코드>0806</법정동본번코드><법정동부번코드>0000</법정동부번코드><법정동시군구코드>11440</법정동시군구코드><법정동읍면동코드>10800</법정동읍면동코드><법정동지번코드>1</법정동지번코드><아파트>신촌그랑자이(1단지)</아파트><월>9</월><일>24</일><일련번호>11440-5861</일련번호><전용면적>84.98</전용면적><중개사소재지>서울 마포구</중개사소재지><지번>806</지번><지역코드>11440</지역코드><층>5</층><해제사유발생일> </해제사유발생일><해제여부> </해제여부></item><item><거래금액>   185,000</거래금액><거래유형>중개거래</거래유형><건축년도>2021</건축년도><년>2022</년><도로명>대흥로24길</도로명><도로명건물본번호코드>00024</도로명건물본번호코드><도로명건물부번호코드>00000</도로명건물부번호코드><도로명시군구코드>11440</도로명시군구코드><도로명일련번호코드>01</도로명일련번호코드><도로명코드>4139044</도로명코드><법정동> 염리동</법정동><법정동본번코드>0532</법정동본번코드><법정동부번코드>0000</법정동부번코드><법정동시군구코드>11440</법정동시군구코드><법정동읍면동코드>10900</법정동읍면동코드><법정동지번코드>1</법정동지번코드><아파트>마포프레스티지자이</아파트><월>9</월><일>1</일><일련번호>11440-5977</일련번호><전용면적>84.9654</전용면적><중개사소재지>서울 마포구, 서울 서대문구</중개사소재지><지번>532</지번><지역코드>11440</지역코드><층>23</층><해제사유발생일> </해제사유발생일><해제여부> </해제여부></item><item><거래금액>   195,000</거래금액><거래유형>중개거래</거래유형><건축년도>2021</건축년도><년>2022</년><도로명>대흥로24길</도로명><도로명건물본번호코드>00024</도로명건물본번호코드><도로명건물부번호코드>00000</도로명건물부번호코드><도로명시군구코드>11440</도로명시군구코드><도로명일련번호코드>01</도로명일련번호코드><도로명코드>4139044</도로명코드><법정동> 염리동</법정동><법정동본번코드>0532</법정동본번코드><법정동부번코드>0000</법정동부번코드><법정동시군구코드>11440</법정동시군구코드><법정동읍면동코드>10900</법정동읍면동코드><법정동지번코드>1</법정동지번코드><아파트>마포프레스티지자이</아파트><월>9</월><일>1</일><일련번호>11440-5977</일련번호><전용면적>84.9654</전용면적><중개사소재지>서울 마포구, 서울 서대문구</중개사소재지><지번>532</지번><지역코드>11440</지역코드><층>23</층><해제사유발생일>22.12.12</해제사유발생일><해제여부>O</해제여부></item><item><거래금액>   125,500</거래금액><거래유형>중개거래</거래유형><건축년도>2005</건축년도><년>2022</년><도로명>독막로42길</도로명><도로명건물본번호코드>00005</도로명건물본번호코드><도로명건물부번호코드>00000</도로명건물부번호코드><도로명시군구코드>11440</도로명시군구코드><도로명일련번호코드>01</도로명일련번호코드><도로명지상지하코드>0</도로명지상지하코드><도로명코드>4139092</도로명코드><법정동> 염리동</법정동><법정동본번코드>0522</법정동본번코드><법정동부번코드>0000</법정동부번코드><법정동시군구코드>11440</법정동시군구코드><법정동읍면동코드>10900</법정동읍면동코드><법정동지번코드>1</법정동지번코드><아파트>세양청마루(101동)</아파트><월>9</월><일>3</일><일련번호>11440-3897</일련번호><전용면적>84.47</전용면적><중개사소재지>서울 마포구</중개사소재지><지번>522</지번><지역코드>11440</지역코드><층>12</층><해제사유발생일> </해제사유발생일><해제여부> </해제여부></item><item><거래금액>    80,000</거래금액><거래유형>중개거래</거래유형><건축년도>2001</건축년도><년>2022</년><도로명>백범로25길</도로명><도로명건물본번호코드>00063</도로명건물본번호코드><도로명건물부번호코드>00000</도로명건물부번호코드><도로명시군구코드>11440</도로명시군구코드><도로명일련번호코드>00</도로명일련번호코드><도로명코드>4139235</도로명코드><법정동> 염리동</법정동><법정동본번코드>0520</법정동본번코드><법정동부번코드>0000</법정동부번코드><법정동시군구코드>11440</법정동시군구코드><법정동읍면동코드>10900</법정동읍면동코드><법정동지번코드>1</법정동지번코드><아파트>염리삼성래미안</아파트><월>9</월><일>21</일><일련번호>11440-34</일련번호><전용면적>84.96</전용면적><중개사소재지>서울 금천구</중개사소재지><지번>520</지번><지역코드>11440</지역코드><층>16</층><해제사유발생일> </해제사유발생일><해제여부> </해제여부></item><item><거래금액>    71,000</거래금액><거래유형>중개거래</거래유형><건축년도>1997</건축년도><년>2022</년><도로명>숭문길</도로명><도로명건물본번호코드>00106</도로명건물본번호코드><도로명건물부번호코드>00000</도로명건물부번호코드><도로명시군구코드>11440</도로명시군구코드><도로명일련번호코드>02</도로명일련번호코드><도로명지상지하코드>0</도로명지상지하코드><도로명코드>4139379</도로명코드><법정동> 염리동</법정동><법정동본번코드>0515</법정동본번코드><법정동부번코드>0001</법정동부번코드><법정동시군구코드>11440</법정동시군구코드><법정동읍면동코드>10900</법정동읍면동코드><법정동지번코드>1</법정동지번코드><아파트>상록</아파트><월>9</월><일>24</일><일련번호>11440-33</일련번호><전용면적>57.88</전용면적><중개사소재지>서울 마포구</중개사소재지><지번>515-1</지번><지역코드>11440</지역코드><층>1</층><해제사유발생일> </해제사유발생일><해제여부> </해제여부></item><item><거래금액>    70,000</거래금액><거래유형>중개거래</거래유형><건축년도>1997</건축년도><년>2022</년><도로명>숭문길</도로명><도로명건물본번호코드>00106</도로명건물본번호코드><도로명건물부번호코드>00000</도로명건물부번호코드><도로명시군구코드>11440</도로명시군구코드><도로명일련번호코드>02</도로명일련번호코드><도로명지상지하코드>0</도로명지상지하코드><도로명코드>4139379</도로명코드><법정동> 염리동</법정동><법정동본번코드>0515</법정동본번코드><법정동부번코드>0001</법정동부번코드><법정동시군구코드>11440</법정동시군구코드><법정동읍면동코드>10900</법정동읍면동코드><법정동지번코드>1</법정동지번코드><아파트>상록</아파트><월>9</월><일>26</일><일련번호>11440-33</일련번호><전용면적>58.71</전용면적><중개사소재지>서울 강서구</중개사소재지><지번>515-1</지번><지역코드>11440</지역코드><층>15</층><해제사유발생일> </해제사유발생일><해제여부> </해제여부></item><item><거래금액>    25,200</거래금액><거래유형>중개거래</거래유형><건축년도>2004</건축년도><년>2022</년><도로명>신촌로</도로명><도로명건물본번호코드>00150</도로명건물본번호코드><도로명건물부번호코드>00000</도로명건물부번호코드><도로명시군구코드>11440</도로명시군구코드><도로명일련번호코드>04</도로명일련번호코드><도로명지상지하코드>0</도로명지상지하코드><도로명코드>3005057</도로명코드><법정동> 노고산동</법정동><법정동본번코드>0001</법정동본번코드><법정동부번코드>0003</법정동부번코드><법정동시군구코드>11440</법정동시군구코드><법정동읍면동코드>11000</법정동읍면동코드><법정동지번코드>1</법정동지번코드><아파트>신촌포스빌</아파트><월>9</월><일>22</일><일련번호>11440-180</일련번호><전용면적>32.34</전용면적><중개사소재지> </중개사소재지><지번>1-3</지번><지역코드>11440</지역코드><층>7</층><해제사유발생일> </해제사유발생일><해제여부> </해제여부></item><item><거래금액>   130,500</거래금액><거래유형>중개거래</거래유형><건축년도>2005</건축년도><년>2022</년><도로명>서강로</도로명><도로명건물본번호코드>00083</도로명건물본번호코드><도로명건물부번호코드>00000</도로명건물부번호코드><도로명시군구코드>11440</도로명시군구코드><도로명일련번호코드>03</도로명일련번호코드><도로명지상지하코드>0</도로명지상지하코드><도로명코드>3113010</도로명코드><법정동> 창전동</법정동><법정동본번코드>0440</법정동본번코드><법정동부번코드>0000</법정동부번코드><법정동시군구코드>11440</법정동시군구코드><법정동읍면동코드>11400</법정동읍면동코드><법정동지번코드>1</법정동지번코드><아파트>창전동현대홈타운</아파트><월>9</월><일>5</일><일련번호>11440-3890</일련번호><전용면적>84.978</전용면적><중개사소재지>서울 마포구</중개사소재지><지번>440</지번><지역코드>11440</지역코드><층>18</층><해제사유발생일> </해제사유발생일><해제여부> </해제여부></item><item><거래금액>   510,000</거래금액><거래유형>중개거래</거래유형><건축년도>2012</건축년도><년>2022</년><도로명>양화로</도로명><도로명건물본번호코드>00045</도로명건물본번호코드><도로명건물부번호코드>00000</도로명건물부번호코드><도로명시군구코드>11440</도로명시군구코드><도로명일련번호코드>01</도로명일련번호코드><도로명지상지하코드>0</도로명지상지하코드><도로명코드>3113014</도로명코드><법정동> 서교동</법정동><법정동본번코드>0490</법정동본번코드><법정동부번코드>0000</법정동부번코드><법정동시군구코드>11440</법정동시군구코드><법정동읍면동코드>12000</법정동읍면동코드><법정동지번코드>1</법정동지번코드><아파트>메세나폴리스</아파트><월>9</월><일>30</일><일련번호>11440-5097</일련번호><전용면적>223.31</전용면적><중개사소재지>서울 마포구</중개사소재지><지번>490</지번><지역코드>11440</지역코드><층>39</층><해제사유발생일> </해제사유발생일><해제여부> </해제여부></item><item><거래금액>    73,000</거래금액><거래유형>중개거래</거래유형><건축년도>2004</건축년도><년>2022</년><도로명>방울내로11길</도로명><도로명건물본번호코드>00147</도로명건물본번호코드><도로명건물부번호코드>00000</도로명건물부번호코드><도로명시군구코드>11440</도로명시군구코드><도로명일련번호코드>01</도로명일련번호코드><도로명지상지하코드>0</도로명지상지하코드><도로명코드>4139214</도로명코드><법정동> 망원동</법정동><법정동본번코드>0508</법정동본번코드><법정동부번코드>0000</법정동부번코드><법정동시군구코드>11440</법정동시군구코드><법정동읍면동코드>12300</법정동읍면동코드><법정동지번코드>1</법정동지번코드><아파트>강림스위트빌</아파트><월>9</월><일>6</일><일련번호>11440-203</일련번호><전용면적>81.71</전용면적><중개사소재지>서울 마포구</중개사소재지><지번>508</지번><지역코드>11440</지역코드><층>9</층><해제사유발생일> </해제사유발생일><해제여부> </해제여부></item><item><거래금액>   150,000</거래금액><거래유형>중개거래</거래유형><건축년도>2019</건축년도><년>2022</년><도로명>희우정로</도로명><도로명건물본번호코드>00077</도로명건물본번호코드><도로명건물부번호코드>00000</도로명건물부번호코드><도로명시군구코드>11440</도로명시군구코드><도로명일련번호코드>00</도로명일련번호코드><도로명코드>3113028</도로명코드><법정동> 망원동</법정동><법정동본번코드>0521</법정동본번코드><법정동부번코드>0000</법정동부번코드><법정동시군구코드>11440</법정동시군구코드><법정동읍면동코드>12300</법정동읍면동코드><법정동지번코드>1</법정동지번코드><아파트>마포한강아이파크</아파트><월>9</월><일>14</일><일련번호>11440-5759</일련번호><전용면적>84.5533</전용면적><중개사소재지>서울 마포구</중개사소재지><지번>521</지번><지역코드>11440</지역코드><층>3</층><해제사유발생일> </해제사유발생일><해제여부> </해제여부></item><item><거래금액>    65,000</거래금액><거래유형>직거래</거래유형><건축년도>2004</건축년도><년>2022</년><도로명>방울내로11길</도로명><도로명건물본번호코드>00027</도로명건물본번호코드><도로명건물부번호코드>00000</도로명건물부번호코드><도로명시군구코드>11440</도로명시군구코드><도로명일련번호코드>01</도로명일련번호코드><도로명지상지하코드>0</도로명지상지하코드><도로명코드>4139214</도로명코드><법정동> 망원동</법정동><법정동본번코드>0471</법정동본번코드><법정동부번코드>0003</법정동부번코드><법정동시군구코드>11440</법정동시군구코드><법정동읍면동코드>12300</법정동읍면동코드><법정동지번코드>1</법정동지번코드><아파트>노아아크빌</아파트><월>9</월><일>20</일><일련번호>11440-197</일련번호><전용면적>106.2</전용면적><중개사소재지> </중개사소재지><지번>471-3</지번><지역코드>11440</지역코드><층>1</층><해제사유발생일> </해제사유발생일><해제여부> </해제여부></item><item><거래금액>    83,000</거래금액><거래유형>중개거래</거래유형><건축년도>2001</건축년도><년>2022</년><도로명>성암로</도로명><도로명건물본번호코드>00091</도로명건물본번호코드><도로명건물부번호코드>00000</도로명건물부번호코드><도로명시군구코드>11440</도로명시군구코드><도로명일련번호코드>02</도로명일련번호코드><도로명지상지하코드>0</도로명지상지하코드><도로명코드>3113012</도로명코드><법정동> 중동</법정동><법정동본번코드>0392</법정동본번코드><법정동부번코드>0000</법정동부번코드><법정동시군구코드>11440</법정동시군구코드><법정동읍면동코드>12600</법정동읍면동코드><법정동지번코드>1</법정동지번코드><아파트>마포중동현대</아파트><월>9</월><일>29</일><일련번호>11440-122</일련번호><전용면적>59.88</전용면적><중개사소재지>서울 마포구</중개사소재지><지번>392</지번><지역코드>11440</지역코드><층>20</층><해제사유발생일>22.12.23</해제사유발생일><해제여부>O</해제여부></item></items><numOfRows>999</numOfRows><pageNo>1</pageNo><totalCount>23</totalCount></body></response>