<?xml version="1.0" encoding="UTF-8" standalone="yes"?><response><header><resultCode>00</resultCode><resultMsg>NORMAL SERVICE.</resultMsg></header><body><items><item><거래금액>   430,000</거래금액><거래유형>중개거래</거래유형><건축년도>2002</건축년도><년>2023</년><도로명>방배로28길</도로명><도로명건물본번호코드>00090</도로명건물본번호코드><도로명건물부번호코드>00000</도로명건물부번호코드><도로명시군구코드>11650</도로명시군구코드><도로명일련번호코드>01</도로명일련번호코드><도로명지상지하코드>0</도로명지상지하코드><도로명코드>4163263</도로명코드><법정동> 방배동</법정동><법정동본번코드>0847</법정동본번코드><법정동부번코드>0034</법정동부번코드><법정동시군구코드>11650</법정동시군구코드><법정동읍면동코드>10100</법정동읍면동코드><법정동지번코드>1</법정동지번코드><아파트>방배대우유로카운티</아파트><월>1</월><일>21</일><일련번호>11650-399</일련번호><전용면적>216.15</전용면적><중개사소재지>서울 서초구</중개사소재지><지번>847-34</지번><지역코드>11650</지역코드><층>13</층><해제사유발생일> </해제사유발생일><해제여부> </해제여부></item><item><거래금액>   250,000</거래금액><거래유형>중개거래</거래유형><건축년도>2003</건축년도><년>2023</년><도로명>서초대로34길</도로명><도로명건물본번호코드>00034</도로명건물본번호코드><도로명건물부번호코드>00000</도로명건물부번호코드><도로명시군구코드>11650</도로명시군구코드><도로명일련번호코드>01</도로명일련번호코드><도로명지상지하코드>0</도로명지상지하코드><도로명코드>4163403</도로명코드><법정동> 방배동</법정동><법정동본번코드>0884</법정동본번코드><법정동부번코드>0021</법정동부번코드><법정동시군구코드>11650</법정동시군구코드><법정동읍면동코드>10100</법정동읍면동코드><법정동지번코드>1</법정동지번코드><아파트>대림e-편한세상1</아파트><월>1</월><일>22</일><일련번호>11650-511</일련번호><전용면적>164.25</전용면적><중개사소재지>서울 서초구</중개사소재지><지번>884-21</지번><지역코드>11650</지역코드><층>14</층><해제사유발생일> </해제사유발생일><해제여부> </해제여부></item><item><거래금액>   280,000</거래금액><거래유형>중개거래</거래유형><건축년도>2002</건축년도><년>2023</년><도로명>방배로28길</도로명><도로명건물본번호코드>00090</도로명건물본번호코드><도로명건물부번호코드>00000</도로명건물부번호코드><도로명시군구코드>11650</도로명시군구코드><도로명일련번호코드>01</도로명일련번호코드><도로명지상지하코드>0</도로명지상지하코드><도로명코드>4163263</도로명코드><법정동> 방배동</법정동><법정동본번코드>0847</법정동본번코드><법정동부번코드>0034</법정동부번코드><법정동시군구코드>11650</법정동시군구코드><법정동읍면동코드>10100</법정동읍면동코드><법정동지번코드>1</법정동지번코드><아파트>방배대우유로카운티</아파트><월>1</월><일>29</일><일련번호>11650-399</일련번호><전용면적>202.4</전용면적><중개사소재지>서울 서초구</중개사소재지><지번>847-34</지번><지역코드>11650</지역코드><층>10</층><해제사유발생일> </해제사유발생일><해제여부> </해제여부></item><item><거래금액>   158,000</거래금액><거래유형>중개거래</거래유형><건축년도>1995</건축년도><년>2023</년><도로명>바우뫼로7길</도로명><도로명건물본번호코드>00051</도로명건물본번호코드><도로명건물부번호코드>00000</도로명건물부번호코드><도로명시군구코드>11650</도로명시군구코드><도로명일련번호코드>01</도로명일련번호코드><도로명지상지하코드>0</도로명지상지하코드><도로명코드>4163219</도로명코드><법정동> 우면동</법정동><법정동본번코드>0057</법정동본번코드><법정동부번코드>0000</법정동부번코드><법정동시군구코드>11650</법정동시군구코드><법정동읍면동코드>10300</법정동읍면동코드><법정동지번코드>1</법정동지번코드><아파트>대림</아파트><월>1</월><일>10</일><일련번호>11650-479</일련번호><전용면적>130.89</전용면적><중개사소재지>서울 강남구, 서울 서초구</중개사소재지><지번>57</지번><지역코드>11650</지역코드><층>6</층><해제사유발생일> </해제사유발생일><해제여부> </해제여부></item><item><거래금액>   126,500</거래금액><거래유형>중개거래</거래유형><건축년도>2012</건축년도><년>2023</년><도로명>양재대로2길</도로명><도로명건물본번호코드>00090</도로명건물본번호코드><도로명건물부번호코드>00000</도로명건물부번호코드><도로명시군구코드>11650</도로명시군구코드><도로명일련번호코드>01</도로명일련번호코드><도로명지상지하코드>0</도로명지상지하코드><도로명코드>4163748</도로명코드><법정동> 우면동</법정동><법정동본번코드>0773</법정동본번코드><법정동부번코드>0000</법정동부번코드><법정동시군구코드>11650</법정동시군구코드><법정동읍면동코드>10300</법정동읍면동코드><법정동지번코드>1</법정동지번코드><아파트>서초힐스</아파트><월>1</월><일>28</일><일련번호>11650-3821</일련번호><전용면적>74.97</전용면적><중개사소재지>경기 성남분당구, 서울 서초구</중개사소재지><지번>773</지번><지역코드>11650</지역코드><층>9</층><해제사유발생일> </해제사유발생일><해제여부> </해제여부></item><item><거래금액>   107,000</거래금액><거래유형>중개거래</거래유형><건축년도>2013</건축년도><년>2023</년><도로명>양재대로2길</도로명><도로명건물본번호코드>00033</도로명건물본번호코드><도로명건물부번호코드>00000</도로명건물부번호코드><도로명시군구코드>11650</도로명시군구코드><도로명일련번호코드>01</도로명일련번호코드><도로명지상지하코드>0</도로명지상지하코드><도로명코드>4163748</도로명코드><법정동> 우면동</법정동><법정동본번코드>0788</법정동본번코드><법정동부번코드>0000</법정동부번코드><법정동시군구코드>11650</법정동시군구코드><법정동읍면동코드>10300</법정동읍면동코드><법정동지번코드>1</법정동지번코드><아파트>엘에이치서초4단지</아파트><월>1</월><일>28</일><일련번호>11650-3974</일련번호><전용면적>59.93</전용면적><중개사소재지>서울 서초구</중개사소재지><지번>788</지번><지역코드>11650</지역코드><층>20</층><해제사유발생일> </해제사유발생일><해제여부> </해제여부></item><item><거래금액>    85,000</거래금액><거래유형>중개거래</거래유형><건축년도>1996</건축년도><년>2023</년><도로명>잠원로3길</도로명><도로명건물본번호코드>00006</도로명건물본번호코드><도로명건물부번호코드>00000</도로명건물부번호코드><도로명시군구코드>11650</도로명시군구코드><도로명일련번호코드>01</도로명일련번호코드><도로명지상지하코드>0</도로명지상지하코드><도로명코드>4163527</도로명코드><법정동> 잠원동</법정동><법정동본번코드>0071</법정동본번코드><법정동부번코드>0012</법정동부번코드><법정동시군구코드>11650</법정동시군구코드><법정동읍면동코드>10600</법정동읍면동코드><법정동지번코드>1</법정동지번코드><아파트>킴스빌리지</아파트><월>1</월><일>10</일><일련번호>11650-142</일련번호><전용면적>30.18</전용면적><중개사소재지>서울 서초구</중개사소재지><지번>71-12</지번><지역코드>11650</지역코드><층>8</층><해제사유발생일> </해제사유발생일><해제여부> </해제여부></item><item><거래금액>   204,000</거래금액><거래유형>중개거래</거래유형><건축년도>1992</건축년도><년>2023</년><도로명>잠원로</도로명><도로명건물본번호코드>00150</도로명건물본번호코드><도로명건물부번호코드>00000</도로명건물부번호코드><도로명시군구코드>11650</도로명시군구코드><도로명일련번호코드>01</도로명일련번호코드><도로명지상지하코드>0</도로명지상지하코드><도로명코드>3121019</도로명코드><법정동> 잠원동</법정동><법정동본번코드>0056</법정동본번코드><법정동부번코드>0003</법정동부번코드><법정동시군구코드>11650</법정동시군구코드><법정동읍면동코드>10600</법정동읍면동코드><법정동지번코드>1</법정동지번코드><아파트>한신</아파트><월>1</월><일>11</일><일련번호>11650-145</일련번호><전용면적>84.52</전용면적><중개사소재지>서울 서초구</중개사소재지><지번>56-3</지번><지역코드>11650</지역코드><층>4</층><해제사유발생일> </해제사유발생일><해제여부> </해제여부></item><item><거래금액>   199,000</거래금액><거래유형>중개거래</거래유형><건축년도>1998</건축년도><년>2023</년><도로명>신반포로33길</도로명><도로명건물본번호코드>00066</도로명건물본번호코드><도로명건물부번호코드>00000</도로명건물부번호코드><도로명시군구코드>11650</도로명시군구코드><도로명일련번호코드>01</도로명일련번호코드><도로명지상지하코드>0</도로명지상지하코드><도로명코드>4163453</도로명코드><법정동> 잠원동</법정동><법정동본번코드>0063</법정동본번코드><법정동부번코드>0002</법정동부번코드><법정동시군구코드>11650</법정동시군구코드><법정동읍면동코드>10600</법정동읍면동코드><법정동지번코드>1</법정동지번코드><아파트>신반포청구</아파트><월>1</월><일>12</일><일련번호>11650-141</일련번호><전용면적>84.86</전용면적><중개사소재지>서울 서초구</중개사소재지><지번>63-2</지번><지역코드>11650</지역코드><층>12</층><해제사유발생일> </해제사유발생일><해제여부> </해제여부></item><item><거래금액>   183,500</거래금액><거래유형>중개거래</거래유형><건축년도>1982</건축년도><년>2023</년><도로명>잠원로8길</도로명><도로명건물본번호코드>00020</도로명건물본번호코드><도로명건물부번호코드>00000</도로명건물부번호코드><도로명시군구코드>11650</도로명시군구코드><도로명일련번호코드>01</도로명일련번호코드><도로명지상지하코드>0</도로명지상지하코드><도로명코드>4163529</도로명코드><법정동> 잠원동</법정동><법정동본번코드>0061</법정동본번코드><법정동부번코드>0002</법정동부번코드><법정동시군구코드>11650</법정동시군구코드><법정동읍면동코드>10600</법정동읍면동코드><법정동지번코드>1</법정동지번코드><아파트>신반포19</아파트><월>1</월><일>16</일><일련번호>11650-116</일련번호><전용면적>81.01</전용면적><중개사소재지>서울 서초구</중개사소재지><지번>61-2</지번><지역코드>11650</지역코드><층>1</층><해제사유발생일> </해제사유발생일><해제여부> </해제여부></item><item><거래금액>   143,000</거래금액><거래유형>중개거래</거래유형><건축년도>1996</건축년도><년>2023</년><도로명>잠원로3길</도로명><도로명건물본번호코드>00008</도로명건물본번호코드><도로명건물부번호코드>00000</도로명건물부번호코드><도로명시군구코드>11650</도로명시군구코드><도로명일련번호코드>01</도로명일련번호코드><도로명지상지하코드>0</도로명지상지하코드><도로명코드>4163527</도로명코드><법정동> 잠원동</법정동><법정동본번코드>0071</법정동본번코드><법정동부번코드>0011</법정동부번코드><법정동시군구코드>11650</법정동시군구코드><법정동읍면동코드>10600</법정동읍면동코드><법정동지번코드>1</법정동지번코드><아파트>한신타워</아파트><월>1</월><일>20</일><일련번호>11650-150</일련번호><전용면적>59.81</전용면적><중개사소재지>서울 서초구</중개사소재지><지번>71-11</지번><지역코드>11650</지역코드><층>16</층><해제사유발생일> </해제사유발생일><해제여부> </해제여부></item><item><거래금액>   135,000</거래금액><거래유형>중개거래</거래유형><건축년도>1987</건축년도><년>2023</년><도로명>잠원로</도로명><도로명건물본번호코드>00166</도로명건물본번호코드><도로명건물부번호코드>00017</도로명건물부번호코드><도로명시군구코드>11650</도로명시군구코드><도로명일련번호코드>01</도로명일련번호코드><도로명지상지하코드>0</도로명지상지하코드><도로명코드>3121019</도로명코드><법정동> 잠원동</법정동><법정동본번코드>0053</법정동본번코드><법정동부번코드>0015</법정동부번코드><법정동시군구코드>11650</법정동시군구코드><법정동읍면동코드>10600</법정동읍면동코드><법정동지번코드>1</법정동지번코드><아파트>강변</아파트><월>1</월><일>26</일><일련번호>11650-97</일련번호><전용면적>66.29</전용면적><중개사소재지>서울 서초구</중개사소재지><지번>53-15</지번><지역코드>11650</지역코드><층>1</층><해제사유발생일> </해제사유발생일><해제여부> </해제여부></item><item><거래금액>   300,000</거래금액><거래유형>중개거래</거래유형><건축년도>2009</건축년도><년>2023</년><도로명>반포대로</도로명><도로명건물본번호코드>00275</도로명건물본번호코드><도로명건물부번호코드>00000</도로명건물부번호코드><도로명시군구코드>11650</도로명시군구코드><도로명일련번호코드>02</도로명일련번호코드><도로명지상지하코드>0</도로명지상지하코드><도로명코드>2121003</도로명코드><법정동> 반포동</법정동><법정동본번코드>0018</법정동본번코드><법정동부번코드>0001</법정동부번코드><법정동시군구코드>11650</법정동시군구코드><법정동읍면동코드>10700</법정동읍면동코드><법정동지번코드>1</법정동지번코드><아파트>래미안퍼스티지</아파트><월>1</월><일>1</일><일련번호>11650-3559</일련번호><전용면적>84.85</전용면적><중개사소재지>서울 서초구</중개사소재지><지번>18-1</지번><지역코드>11650</지역코드><층>19</층><해제사유발생일> </해제사유발생일><해제여부> </해제여부></item><item><거래금액>   545,000</거래금액><거래유형>중개거래</거래유형><건축년도>1973</건축년도><년>2023</년><도로명>신반포로</도로명><도로명건물본번호코드>00009</도로명건물본번호코드><도로명건물부번호코드>00000</도로명건물부번호코드><도로명시군구코드>11650</도로명시군구코드><도로명일련번호코드>00</도로명일련번호코드><도로명지상지하코드>0</도로명지상지하코드><도로명코드>3121017</도로명코드><법정동> 반포동</법정동><법정동본번코드>0757</법정동본번코드><법정동부번코드>0000</법정동부번코드><법정동시군구코드>11650</법정동시군구코드><법정동읍면동코드>10700</법정동읍면동코드><법정동지번코드>1</법정동지번코드><아파트>반포주공1단지</아파트><월>1</월><일>3</일><일련번호>11650-175</일련번호><전용면적>140.33</전용면적><중개사소재지>서울 서초구</중개사소재지><지번>757</지번><지역코드>11650</지역코드><층>3</층><해제사유발생일>23.02.14</해제사유발생일><해제여부>O</해제여부></item><item><거래금액>   254,000</거래금액><거래유형>중개거래</거래유형><건축년도>1974</건축년도><년>2023</년><도로명>신반포로</도로명><도로명건물본번호코드>00032</도로명건물본번호코드><도로명건물부번호코드>00000</도로명건물부번호코드><도로명시군구코드>11650</도로명시군구코드><도로명일련번호코드>02</도로명일련번호코드><도로명지상지하코드>0</도로명지상지하코드><도로명코드>3121017</도로명코드><법정동> 반포동</법정동><법정동본번코드>0968</법정동본번코드><법정동부번코드>0000</법정동부번코드><법정동시군구코드>11650</법정동시군구코드><법정동읍면동코드>10700</법정동읍면동코드><법정동지번코드>1</법정동지번코드><아파트>에이아이디차관주택</아파트><월>1</월><일>10</일><일련번호>11650-209</일련번호><전용면적>72.51</전용면적><중개사소재지>서울 서초구</중개사소재지><지번>968</지번><지역코드>11650</지역코드><층>3</층><해제사유발생일> </해제사유발생일><해제여부> </해제여부></item><item><거래금액>   235,000</거래금액><거래유형>중개거래</거래유형><건축년도>2009</건축년도><년>2023</년><도로명>신반포로</도로명><도로명건물본번호코드>00270</도로명건물본번호코드><도로명건물부번호코드>00000</도로명건물부번호코드><도로명시군구코드>11650</도로명시군구코드><도로명일련번호코드>02</도로명일련번호코드><도로명지상지하코드>0</도로명지상지하코드><도로명코드>3121017</도로명코드><법정동> 반포동</법정동><법정동본번코드>0020</법정동본번코드><법정동부번코드>0043</법정동부번코드><법정동시군구코드>11650</법정동시군구코드><법정동읍면동코드>10700</법정동읍면동코드><법정동지번코드>1</법정동지번코드><아파트>반포자이</아파트><월>1</월><일>11</일><일련번호>11650-3500</일련번호><전용면적>59.98</전용면적><중개사소재지>서울 강남구, 서울 서초구</중개사소재지><지번>20-43</지번><지역코드>11650</지역코드><층>12</층><해제사유발생일> </해제사유발생일><해제여부> </해제여부></item><item><거래금액>   245,000</거래금액><거래유형>중개거래</거래유형><건축년도>2018</건축년도><년>2023</년><도로명>고무래로</도로명><도로명건물본번호코드>00089</도로명건물본번호코드><도로명건물부번호코드>00000</도로명건물부번호코드><도로명시군구코드>11650</도로명시군구코드><도로명일련번호코드>00</도로명일련번호코드><도로명지상지하코드>0</도로명지상지하코드><도로명코드>3121001</도로명코드><법정동> 반포동</법정동><법정동본번코드>1342</법정동본번코드><법정동부번코드>0000</법정동부번코드><법정동시군구코드>11650</법정동시군구코드><법정동읍면동코드>10700</법정동읍면동코드><법정동지번코드>1</법정동지번코드><아파트>반포써밋</아파트><월>1</월><일>11</일><일련번호>11650-4703</일련번호><전용면적>84.9716</전용면적><중개사소재지>서울 서초구</중개사소재지><지번>1342</지번><지역코드>11650</지역코드><층>34</층><해제사유발생일> </해제사유발생일><해제여부> </해제여부></item><item><거래금액>   490,000</거래금액><거래유형>중개거래</거래유형><건축년도>1973</건축년도><년>2023</년><도로명>신반포로</도로명><도로명건물본번호코드>00045</도로명건물본번호코드><도로명건물부번호코드>00000</도로명건물부번호코드><도로명시군구코드>11650</도로명시군구코드><도로명일련번호코드>02</도로명일련번호코드><도로명지상지하코드>0</도로명지상지하코드><도로명코드>3121017</도로명코드><법정동> 반포동</법정동><법정동본번코드>0757</법정동본번코드><법정동부번코드>0000</법정동부번코드><법정동시군구코드>11650</법정동시군구코드><법정동읍면동코드>10700</법정동읍면동코드><법정동지번코드>1</법정동지번코드><아파트>반포주공1단지</아파트><월>1</월><일>12</일><일련번호>11650-175</일련번호><전용면적>107.47</전용면적><중개사소재지>서울 서초구</중개사소재지><지번>757</지번><지역코드>11650</지역코드><층>3</층><해제사유발생일> </해제사유발생일><해제여부> </해제여부></item><item><거래금액>   329,000</거래금액><거래유형>중개거래</거래유형><건축년도>2009</건축년도><년>2023</년><도로명>반포대로</도로명><도로명건물본번호코드>00275</도로명건물본번호코드><도로명건물부번호코드>00000</도로명건물부번호코드><도로명시군구코드>11650</도로명시군구코드><도로명일련번호코드>02</도로명일련번호코드><도로명지상지하코드>0</도로명지상지하코드><도로명코드>2121003</도로명코드><법정동> 반포동</법정동><법정동본번코드>0018</법정동본번코드><법정동부번코드>0001</법정동부번코드><법정동시군구코드>11650</법정동시군구코드><법정동읍면동코드>10700</법정동읍면동코드><법정동지번코드>1</법정동지번코드><아파트>래미안퍼스티지</아파트><월>1</월><일>12</일><일련번호>11650-3559</일련번호><전용면적>84.93</전용면적><중개사소재지>서울 서초구</중개사소재지><지번>18-1</지번><지역코드>11650</지역코드><층>17</층><해제사유발생일> </해제사유발생일><해제여부> </해제여부></item><item><거래금액>   268,000</거래금액><거래유형>중개거래</거래유형><건축년도>1974</건축년도><년>2023</년><도로명>신반포로</도로명><도로명건물본번호코드>00032</도로명건물본번호코드><도로명건물부번호코드>00000</도로명건물부번호코드><도로명시군구코드>11650</도로명시군구코드><도로명일련번호코드>02</도로명일련번호코드><도로명지상지하코드>0</도로명지상지하코드><도로명코드>3121017</도로명코드><법정동> 반포동</법정동><법정동본번코드>0968</법정동본번코드><법정동부번코드>0000</법정동부번코드><법정동시군구코드>11650</법정동시군구코드><법정동읍면동코드>10700</법정동읍면동코드><법정동지번코드>1</법정동지번코드><아파트>에이아이디차관주택</아파트><월>1</월><일>13</일><일련번호>11650-209</일련번호><전용면적>72.51</전용면적><중개사소재지>서울 서초구</중개사소재지><지번>968</지번><지역코드>11650</지역코드><층>4</층><해제사유발생일> </해제사유발생일><해제여부> </해제여부></item><item><거래금액>   150,000</거래금액><거래유형>중개거래</거래유형><건축년도>1989</건축년도><년>2023</년><도로명>사평대로</도로명><도로명건물본번호코드>00240</도로명건물본번호코드><도로명건물부번호코드>00000</도로명건물부번호코드><도로명시군구코드>11650</도로명시군구코드><도로명일련번호코드>02</도로명일련번호코드><도로명지상지하코드>0</도로명지상지하코드><도로명코드>2121001</도로명코드><법정동> 반포동</법정동><법정동본번코드>0060</법정동본번코드><법정동부번코드>0005</법정동부번코드><법정동시군구코드>11650</법정동시군구코드><법정동읍면동코드>10700</법정동읍면동코드><법정동지번코드>1</법정동지번코드><아파트>반포미도2차아파트</아파트><월>1</월><일>16</일><일련번호>11650-173</일련번호><전용면적>59.07</전용면적><중개사소재지>서울 서초구</중개사소재지><지번>60-5</지번><지역코드>11650</지역코드><층>4</층><해제사유발생일> </해제사유발생일><해제여부> </해제여부></item><item><거래금액>   368,000</거래금액><거래유형>중개거래</거래유형><건축년도>2007</건축년도><년>2023</년><도로명>사평대로12길</도로명><도로명건물본번호코드>00022</도로명건물본번호코드><도로명건물부번호코드>00000</도로명건물부번호코드><도로명시군구코드>11650</도로명시군구코드><도로명일련번호코드>02</도로명일련번호코드><도로명지상지하코드>0</도로명지상지하코드><도로명코드>4163321</도로명코드><법정동> 반포동</법정동><법정동본번코드>0612</법정동본번코드><법정동부번코드>0002</법정동부번코드><법정동시군구코드>11650</법정동시군구코드><법정동읍면동코드>10700</법정동읍면동코드><법정동지번코드>1</법정동지번코드><아파트>반포2차ApelBaum</아파트><월>1</월><일>16</일><일련번호>11650-3385</일련번호><전용면적>243.7</전용면적><중개사소재지>서울 서초구</중개사소재지><지번>612-2</지번><지역코드>11650</지역코드><층>1</층><해제사유발생일> </해제사유발생일><해제여부> </해제여부></item><item><거래금액>   430,000</거래금액><거래유형>중개거래</거래유형><건축년도>1973</건축년도><년>2023</년><도로명>신반포로</도로명><도로명건물본번호코드>00045</도로명건물본번호코드><도로명건물부번호코드>00000</도로명건물부번호코드><도로명시군구코드>11650</도로명시군구코드><도로명일련번호코드>02</도로명일련번호코드><도로명지상지하코드>0</도로명지상지하코드><도로명코드>3121017</도로명코드><법정동> 반포동</법정동><법정동본번코드>0757</법정동본번코드><법정동부번코드>0000</법정동부번코드><법정동시군구코드>11650</법정동시군구코드><법정동읍면동코드>10700</법정동읍면동코드><법정동지번코드>1</법정동지번코드><아파트>반포주공1단지</아파트><월>1</월><일>16</일><일련번호>11650-175</일련번호><전용면적>106.26</전용면적><중개사소재지>서울 서초구</중개사소재지><지번>757</지번><지역코드>11650</지역코드><층>2</층><해제사유발생일> </해제사유발생일><해제여부> </해제여부></item><item><거래금액>   240,000</거래금액><거래유형>중개거래</거래유형><건축년도>1974</건축년도><년>2023</년><도로명>신반포로</도로명><도로명건물본번호코드>00032</도로명건물본번호코드><도로명건물부번호코드>00000</도로명건물부번호코드><도로명시군구코드>11650</도로명시군구코드><도로명일련번호코드>02</도로명일련번호코드><도로명지상지하코드>0</도로명지상지하코드><도로명코드>3121017</도로명코드><법정동> 반포동</법정동><법정동본번코드>0968</법정동본번코드><법정동부번코드>0000</법정동부번코드><법정동시군구코드>11650</법정동시군구코드><법정동읍면동코드>10700</법정동읍면동코드><법정동지번코드>1</법정동지번코드><아파트>에이아이디차관주택</아파트><월>1</월><일>17</일><일련번호>11650-209</일련번호><전용면적>72.51</전용면적><중개사소재지>서울 서초구</중개사소재지><지번>968</지번><지역코드>11650</지역코드><층>4</층><해제사유발생일> </해제사유발생일><해제여부> </해제여부></item><item><거래금액>   203,000</거래금액><거래유형>중개거래</거래유형><건축년도>2018</건축년도><년>2023</년><도로명>고무래로</도로명><도로명건물본번호코드>00089</도로명건물본번호코드><도로명건물부번호코드>00000</도로명건물부번호코드><도로명시군구코드>11650</도로명시군구코드><도로명일련번호코드>00</도로명일련번호코드><도로명지상지하코드>0</도로명지상지하코드><도로명코드>3121001</도로명코드><법정동> 반포동</법정동><법정동본번코드>1342</법정동본번코드><법정동부번코드>0000</법정동부번코드><법정동시군구코드>11650</법정동시군구코드><법정동읍면동코드>10700</법정동읍면동코드><법정동지번코드>1</법정동지번코드><아파트>반포써밋</아파트><월>1</월><일>17</일><일련번호>11650-4703</일련번호><전용면적>59.9207</전용면적><중개사소재지>서울 서초구</중개사소재지><지번>1342</지번><지역코드>11650</지역코드><층>14</층><해제사유발생일> </해제사유발생일><해제여부> </해제여부></item><item><거래금액>   276,000</거래금액><거래유형>중개거래</거래유형><건축년도>1974</건축년도><년>2023</년><도로명>신반포로</도로명><도로명건물본번호코드>00032</도로명건물본번호코드><도로명건물부번호코드>00000</도로명건물부번호코드><도로명시군구코드>11650</도로명시군구코드><도로명일련번호코드>02</도로명일련번호코드><도로명지상지하코드>0</도로명지상지하코드><도로명코드>3121017</도로명코드><법정동> 반포동</법정동><법정동본번코드>0968</법정동본번코드><법정동부번코드>0000</법정동부번코드><법정동시군구코드>11650</법정동시군구코드><법정동읍면동코드>10700</법정동읍면동코드><법정동지번코드>1</법정동지번코드><아파트>에이아이디차관주택</아파트><월>1</월><일>18</일><일련번호>11650-209</일련번호><전용면적>72.51</전용면적><중개사소재지>서울 동작구, 서울 서초구</중개사소재지><지번>968</지번><지역코드>11650</지역코드><층>4</층><해제사유발생일> </해제사유발생일><해제여부> </해제여부></item><item><거래금액>   284,000</거래금액><거래유형>중개거래</거래유형><건축년도>2009</건축년도><년>2023</년><도로명>신반포로</도로명><도로명건물본번호코드>00270</도로명건물본번호코드><도로명건물부번호코드>00000</도로명건물부번호코드><도로명시군구코드>11650</도로명시군구코드><도로명일련번호코드>02</도로명일련번호코드><도로명지상지하코드>0</도로명지상지하코드><도로명코드>3121017</도로명코드><법정동> 반포동</법정동><법정동본번코드>0020</법정동본번코드><법정동부번코드>0043</법정동부번코드><법정동시군구코드>11650</법정동시군구코드><법정동읍면동코드>10700</법정동읍면동코드><법정동지번코드>1</법정동지번코드><아파트>반포자이</아파트><월>1</월><일>19</일><일련번호>11650-3500</일련번호><전용면적>84.984</전용면적><중개사소재지>서울 서초구</중개사소재지><지번>20-43</지번><지역코드>11650</지역코드><층>21</층><해제사유발생일> </해제사유발생일><해제여부> </해제여부></item><item><거래금액>   285,000</거래금액><거래유형>중개거래</거래유형><건축년도>1974</건축년도><년>2023</년><도로명>신반포로</도로명><도로명건물본번호코드>00032</도로명건물본번호코드><도로명건물부번호코드>00000</도로명건물부번호코드><도로명시군구코드>11650</도로명시군구코드><도로명일련번호코드>02</도로명일련번호코드><도로명지상지하코드>0</도로명지상지하코드><도로명코드>3121017</도로명코드><법정동> 반포동</법정동><법정동본번코드>0968</법정동본번코드><법정동부번코드>0000</법정동부번코드><법정동시군구코드>11650</법정동시군구코드><법정동읍면동코드>10700</법정동읍면동코드><법정동지번코드>1</법정동지번코드><아파트>에이아이디차관주택</아파트><월>1</월><일>20</일><일련번호>11650-209</일련번호><전용면적>72.51</전용면적><중개사소재지>서울 서초구</중개사소재지><지번>968</지번><지역코드>11650</지역코드><층>1</층><해제사유발생일> </해제사유발생일><해제여부> </해제여부></item><item><거래금액>   219,000</거래금액><거래유형>중개거래</거래유형><건축년도>2010</건축년도><년>2023</년><도로명>고무래로</도로명><도로명건물본번호코드>00035</도로명건물본번호코드><도로명건물부번호코드>00000</도로명건물부번호코드><도로명시군구코드>11650</도로명시군구코드><도로명일련번호코드>01</도로명일련번호코드><도로명지상지하코드>0</도로명지상지하코드><도로명코드>3121001</도로명코드><법정동> 반포동</법정동><법정동본번코드>0030</법정동본번코드><법정동부번코드>0026</법정동부번코드><법정동시군구코드>11650</법정동시군구코드><법정동읍면동코드>10700</법정동읍면동코드><법정동지번코드>1</법정동지번코드><아파트>반포리체</아파트><월>1</월><일>21</일><일련번호>11650-3617</일련번호><전용면적>59.993</전용면적><중개사소재지>경기 용인수지구, 서울 서초구</중개사소재지><지번>30-26</지번><지역코드>11650</지역코드><층>29</층><해제사유발생일> </해제사유발생일><해제여부> </해제여부></item><item><거래금액>    90,000</거래금액><거래유형>중개거래</거래유형><건축년도>2001</건축년도><년>2023</년><도로명>고무래로10길</도로명><도로명건물본번호코드>00016</도로명건물본번호코드><도로명건물부번호코드>00000</도로명건물부번호코드><도로명시군구코드>11650</도로명시군구코드><도로명일련번호코드>01</도로명일련번호코드><도로명지상지하코드>0</도로명지상지하코드><도로명코드>4163042</도로명코드><법정동> 반포동</법정동><법정동본번코드>0054</법정동본번코드><법정동부번코드>0005</법정동부번코드><법정동시군구코드>11650</법정동시군구코드><법정동읍면동코드>10700</법정동읍면동코드><법정동지번코드>1</법정동지번코드><아파트>반포두산힐스빌</아파트><월>1</월><일>26</일><일련번호>11650-168</일련번호><전용면적>47.7</전용면적><중개사소재지>서울 서초구</중개사소재지><지번>54-5</지번><지역코드>11650</지역코드><층>9</층><해제사유발생일> </해제사유발생일><해제여부> </해제여부></item><item><거래금액>   212,000</거래금액><거래유형>중개거래</거래유형><건축년도>1987</건축년도><년>2023</년><도로명>서초중앙로29길</도로명><도로명건물본번호코드>00028</도로명건물본번호코드><도로명건물부번호코드>00000</도로명건물부번호코드><도로명시군구코드>11650</도로명시군구코드><도로명일련번호코드>01</도로명일련번호코드><도로명지상지하코드>0</도로명지상지하코드><도로명코드>4163713</도로명코드><법정동> 반포동</법정동><법정동본번코드>0060</법정동본번코드><법정동부번코드>0004</법정동부번코드><법정동시군구코드>11650</법정동시군구코드><법정동읍면동코드>10700</법정동읍면동코드><법정동지번코드>1</법정동지번코드><아파트>반포미도</아파트><월>1</월><일>26</일><일련번호>11650-172</일련번호><전용면적>84.96</전용면적><중개사소재지>서울 강동구</중개사소재지><지번>60-4</지번><지역코드>11650</지역코드><층>1</층><해제사유발생일> </해제사유발생일><해제여부> </해제여부></item><item><거래금액>   127,500</거래금액><거래유형>중개거래</거래유형><건축년도>1994</건축년도><년>2023</년><도로명>고무래로10길</도로명><도로명건물본번호코드>00039</도로명건물본번호코드><도로명건물부번호코드>00000</도로명건물부번호코드><도로명시군구코드>11650</도로명시군구코드><도로명일련번호코드>01</도로명일련번호코드><도로명지상지하코드>0</도로명지상지하코드><도로명코드>4163042</도로명코드><법정동> 반포동</법정동><법정동본번코드>0046</법정동본번코드><법정동부번코드>0000</법정동부번코드><법정동시군구코드>11650</법정동시군구코드><법정동읍면동코드>10700</법정동읍면동코드><법정동지번코드>1</법정동지번코드><아파트>엠브이아파트</아파트><월>1</월><일>27</일><일련번호>11650-199</일련번호><전용면적>83.4</전용면적><중개사소재지>서울 서초구</중개사소재지><지번>46</지번><지역코드>11650</지역코드><층>17</층><해제사유발생일> </해제사유발생일><해제여부> </해제여부></item><item><거래금액>   152,000</거래금액><거래유형>중개거래</거래유형><건축년도>1989</건축년도><년>2023</년><도로명>사평대로</도로명><도로명건물본번호코드>00240</도로명건물본번호코드><도로명건물부번호코드>00000</도로명건물부번호코드><도로명시군구코드>11650</도로명시군구코드><도로명일련번호코드>02</도로명일련번호코드><도로명지상지하코드>0</도로명지상지하코드><도로명코드>2121001</도로명코드><법정동> 반포동</법정동><법정동본번코드>0060</법정동본번코드><법정동부번코드>0005</법정동부번코드><법정동시군구코드>11650</법정동시군구코드><법정동읍면동코드>10700</법정동읍면동코드><법정동지번코드>1</법정동지번코드><아파트>반포미도2차아파트</아파트><월>1</월><일>30</일><일련번호>11650-173</일련번호><전용면적>59.07</전용면적><중개사소재지>서울 서초구</중개사소재지><지번>60-5</지번><지역코드>11650</지역코드><층>13</층><해제사유발생일> </해제사유발생일><해제여부> </해제여부></item><item><거래금액>   225,000</거래금액><거래유형>중개거래</거래유형><건축년도>2004</건축년도><년>2023</년><도로명>서초중앙로</도로명><도로명건물본번호코드>00188</도로명건물본번호코드><도로명건물부번호코드>00000</도로명건물부번호코드><도로명시군구코드>11650</도로명시군구코드><도로명일련번호코드>03</도로명일련번호코드><도로명지상지하코드>0</도로명지상지하코드><도로명코드>3121024</도로명코드><법정동> 서초동</법정동><법정동본번코드>1685</법정동본번코드><법정동부번코드>0003</법정동부번코드><법정동시군구코드>11650</법정동시군구코드><법정동읍면동코드>10800</법정동읍면동코드><법정동지번코드>1</법정동지번코드><아파트>아크로비스타</아파트><월>1</월><일>9</일><일련번호>11650-724</일련번호><전용면적>149.08</전용면적><중개사소재지>서울 서초구</중개사소재지><지번>1685-3</지번><지역코드>11650</지역코드><층>12</층><해제사유발생일> </해제사유발생일><해제여부> </해제여부></item><item><거래금액>    38,500</거래금액><거래유형>중개거래</거래유형><건축년도>2003</건축년도><년>2023</년><도로명>효령로53길</도로명><도로명건물본번호코드>00045</도로명건물본번호코드><도로명건물부번호코드>00000</도로명건물부번호코드><도로명시군구코드>11650</도로명시군구코드><도로명일련번호코드>01</도로명일련번호코드><도로명지상지하코드>0</도로명지상지하코드><도로명코드>4163646</도로명코드><법정동> 서초동</법정동><법정동본번코드>1593</법정동본번코드><법정동부번코드>0007</법정동부번코드><법정동시군구코드>11650</법정동시군구코드><법정동읍면동코드>10800</법정동읍면동코드><법정동지번코드>1</법정동지번코드><아파트>서초이오빌</아파트><월>1</월><일>10</일><일련번호>11650-521</일련번호><전용면적>36.66</전용면적><중개사소재지>서울 서초구</중개사소재지><지번>1593-7</지번><지역코드>11650</지역코드><층>8</층><해제사유발생일> </해제사유발생일><해제여부> </해제여부></item><item><거래금액>   204,000</거래금액><거래유형>중개거래</거래유형><건축년도>1988</건축년도><년>2023</년><도로명>서초중앙로</도로명><도로명건물본번호코드>00200</도로명건물본번호코드><도로명건물부번호코드>00000</도로명건물부번호코드><도로명시군구코드>11650</도로명시군구코드><도로명일련번호코드>03</도로명일련번호코드><도로명지상지하코드>0</도로명지상지하코드><도로명코드>3121024</도로명코드><법정동> 서초동</법정동><법정동본번코드>1685</법정동본번코드><법정동부번코드>0000</법정동부번코드><법정동시군구코드>11650</법정동시군구코드><법정동읍면동코드>10800</법정동읍면동코드><법정동지번코드>1</법정동지번코드><아파트>삼풍아파트</아파트><월>1</월><일>11</일><일련번호>11650-28</일련번호><전용면적>79.47</전용면적><중개사소재지>서울 서초구</중개사소재지><지번>1685</지번><지역코드>11650</지역코드><층>9</층><해제사유발생일> </해제사유발생일><해제여부> </해제여부></item><item><거래금액>   238,000</거래금액><거래유형>중개거래</거래유형><건축년도>2003</건축년도><년>2023</년><도로명>서초대로65길</도로명><도로명건물본번호코드>00013</도로명건물본번호코드><도로명건물부번호코드>00010</도로명건물부번호코드><도로명시군구코드>11650</도로명시군구코드><도로명일련번호코드>01</도로명일련번호코드><도로명지상지하코드>0</도로명지상지하코드><도로명코드>4163425</도로명코드><법정동> 서초동</법정동><법정동본번코드>1682</법정동본번코드><법정동부번코드>0000</법정동부번코드><법정동시군구코드>11650</법정동시군구코드><법정동읍면동코드>10800</법정동읍면동코드><법정동지번코드>1</법정동지번코드><아파트>서초래미안</아파트><월>1</월><일>11</일><일련번호>11650-523</일련번호><전용면적>126.31</전용면적><중개사소재지>서울 서초구</중개사소재지><지번>1682</지번><지역코드>11650</지역코드><층>13</층><해제사유발생일> </해제사유발생일><해제여부> </해제여부></item><item><거래금액>    21,000</거래금액><거래유형>중개거래</거래유형><건축년도>2014</건축년도><년>2023</년><도로명>효령로77길</도로명><도로명건물본번호코드>00030</도로명건물본번호코드><도로명건물부번호코드>00000</도로명건물부번호코드><도로명시군구코드>11650</도로명시군구코드><도로명일련번호코드>01</도로명일련번호코드><도로명지상지하코드>0</도로명지상지하코드><도로명코드>4163659</도로명코드><법정동> 서초동</법정동><법정동본번코드>1337</법정동본번코드><법정동부번코드>0003</법정동부번코드><법정동시군구코드>11650</법정동시군구코드><법정동읍면동코드>10800</법정동읍면동코드><법정동지번코드>1</법정동지번코드><아파트>urbanplace</아파트><월>1</월><일>14</일><일련번호>11650-4072</일련번호><전용면적>20.998</전용면적><중개사소재지>서울 서초구</중개사소재지><지번>1337-3</지번><지역코드>11650</지역코드><층>6</층><해제사유발생일>23.02.08</해제사유발생일><해제여부>O</해제여부></item><item><거래금액>   330,000</거래금액><거래유형>중개거래</거래유형><건축년도>2003</건축년도><년>2023</년><도로명>서초중앙로</도로명><도로명건물본번호코드>00015</도로명건물본번호코드><도로명건물부번호코드>00000</도로명건물부번호코드><도로명시군구코드>11650</도로명시군구코드><도로명일련번호코드>03</도로명일련번호코드><도로명지상지하코드>0</도로명지상지하코드><도로명코드>3121024</도로명코드><법정동> 서초동</법정동><법정동본번코드>1446</법정동본번코드><법정동부번코드>0011</법정동부번코드><법정동시군구코드>11650</법정동시군구코드><법정동읍면동코드>10800</법정동읍면동코드><법정동지번코드>1</법정동지번코드><아파트>현대슈퍼빌</아파트><월>1</월><일>16</일><일련번호>11650-519</일련번호><전용면적>214.92</전용면적><중개사소재지>서울 서초구</중개사소재지><지번>1446-11</지번><지역코드>11650</지역코드><층>24</층><해제사유발생일> </해제사유발생일><해제여부> </해제여부></item><item><거래금액>   180,000</거래금액><거래유형>중개거래</거래유형><건축년도>2002</건축년도><년>2023</년><도로명>효령로77길</도로명><도로명건물본번호코드>00020</도로명건물본번호코드><도로명건물부번호코드>00000</도로명건물부번호코드><도로명시군구코드>11650</도로명시군구코드><도로명일련번호코드>01</도로명일련번호코드><도로명지상지하코드>0</도로명지상지하코드><도로명코드>4163659</도로명코드><법정동> 서초동</법정동><법정동본번코드>1338</법정동본번코드><법정동부번코드>0000</법정동부번코드><법정동시군구코드>11650</법정동시군구코드><법정동읍면동코드>10800</법정동읍면동코드><법정동지번코드>1</법정동지번코드><아파트>현대이에스에이아파트</아파트><월>1</월><일>17</일><일련번호>11650-532</일련번호><전용면적>163.95</전용면적><중개사소재지>서울 서초구</중개사소재지><지번>1338</지번><지역코드>11650</지역코드><층>11</층><해제사유발생일>23.01.17</해제사유발생일><해제여부>O</해제여부></item><item><거래금액>   204,000</거래금액><거래유형>중개거래</거래유형><건축년도>2006</건축년도><년>2023</년><도로명>서운로</도로명><도로명건물본번호코드>00197</도로명건물본번호코드><도로명건물부번호코드>00000</도로명건물부번호코드><도로명시군구코드>11650</도로명시군구코드><도로명일련번호코드>00</도로명일련번호코드><도로명코드>3121016</도로명코드><법정동> 서초동</법정동><법정동본번코드>1312</법정동본번코드><법정동부번코드>0003</법정동부번코드><법정동시군구코드>11650</법정동시군구코드><법정동읍면동코드>10800</법정동읍면동코드><법정동지번코드>1</법정동지번코드><아파트>롯데캐슬클래식</아파트><월>1</월><일>17</일><일련번호>11650-3300</일련번호><전용면적>84.98</전용면적><중개사소재지>서울 서초구</중개사소재지><지번>1312-3</지번><지역코드>11650</지역코드><층>7</층><해제사유발생일> </해제사유발생일><해제여부> </해제여부></item><item><거래금액>   167,000</거래금액><거래유형>중개거래</거래유형><건축년도>2006</건축년도><년>2023</년><도로명>서운로</도로명><도로명건물본번호코드>00200</도로명건물본번호코드><도로명건물부번호코드>00000</도로명건물부번호코드><도로명시군구코드>11650</도로명시군구코드><도로명일련번호코드>01</도로명일련번호코드><도로명지상지하코드>0</도로명지상지하코드><도로명코드>3121016</도로명코드><법정동> 서초동</법정동><법정동본번코드>1312</법정동본번코드><법정동부번코드>0003</법정동부번코드><법정동시군구코드>11650</법정동시군구코드><법정동읍면동코드>10800</법정동읍면동코드><법정동지번코드>1</법정동지번코드><아파트>롯데캐슬클래식</아파트><월>1</월><일>18</일><일련번호>11650-3300</일련번호><전용면적>74.3</전용면적><중개사소재지>서울 서초구, 서울 은평구</중개사소재지><지번>1312-3</지번><지역코드>11650</지역코드><층>4</층><해제사유발생일> </해제사유발생일><해제여부> </해제여부></item><item><거래금액>   105,000</거래금액><거래유형>직거래</거래유형><건축년도>1999</건축년도><년>2023</년><도로명>서초대로40길</도로명><도로명건물본번호코드>00072</도로명건물본번호코드><도로명건물부번호코드>00000</도로명건물부번호코드><도로명시군구코드>11650</도로명시군구코드><도로명일련번호코드>01</도로명일련번호코드><도로명지상지하코드>0</도로명지상지하코드><도로명코드>4163406</도로명코드><법정동> 서초동</법정동><법정동본번코드>1509</법정동본번코드><법정동부번코드>0001</법정동부번코드><법정동시군구코드>11650</법정동시군구코드><법정동읍면동코드>10800</법정동읍면동코드><법정동지번코드>1</법정동지번코드><아파트>서초한빛삼성</아파트><월>1</월><일>27</일><일련번호>11650-42</일련번호><전용면적>59.52</전용면적><중개사소재지> </중개사소재지><지번>1509-1</지번><지역코드>11650</지역코드><층>1</층><해제사유발생일> </해제사유발생일><해제여부> </해제여부></item><item><거래금액>    33,800</거래금액><거래유형>중개거래</거래유형><건축년도>2002</건축년도><년>2023</년><도로명>강남대로53길</도로명><도로명건물본번호코드>00011</도로명건물본번호코드><도로명건물부번호코드>00000</도로명건물부번호코드><도로명시군구코드>11650</도로명시군구코드><도로명일련번호코드>01</도로명일련번호코드><도로명지상지하코드>0</도로명지상지하코드><도로명코드>4163026</도로명코드><법정동> 서초동</법정동><법정동본번코드>1330</법정동본번코드><법정동부번코드>0000</법정동부번코드><법정동시군구코드>11650</법정동시군구코드><법정동읍면동코드>10800</법정동읍면동코드><법정동지번코드>1</법정동지번코드><아파트>서초동삼성쉐르빌2</아파트><월>1</월><일>30</일><일련번호>11650-608</일련번호><전용면적>35.22</전용면적><중개사소재지>서울 강남구</중개사소재지><지번>1330</지번><지역코드>11650</지역코드><층>3</층><해제사유발생일> </해제사유발생일><해제여부> </해제여부></item><item><거래금액>    33,800</거래금액><거래유형>중개거래</거래유형><건축년도>2002</건축년도><년>2023</년><도로명>강남대로53길</도로명><도로명건물본번호코드>00011</도로명건물본번호코드><도로명건물부번호코드>00000</도로명건물부번호코드><도로명시군구코드>11650</도로명시군구코드><도로명일련번호코드>01</도로명일련번호코드><도로명지상지하코드>0</도로명지상지하코드><도로명코드>4163026</도로명코드><법정동> 서초동</법정동><법정동본번코드>1330</법정동본번코드><법정동부번코드>0000</법정동부번코드><법정동시군구코드>11650</법정동시군구코드><법정동읍면동코드>10800</법정동읍면동코드><법정동지번코드>1</법정동지번코드><아파트>서초동삼성쉐르빌2</아파트><월>1</월><일>30</일><일련번호>11650-608</일련번호><전용면적>35.22</전용면적><중개사소재지>서울 강남구</중개사소재지><지번>1330</지번><지역코드>11650</지역코드><층>3</층><해제사유발생일>23.02.09</해제사유발생일><해제여부>O</해제여부></item><item><거래금액>   247,000</거래금액><거래유형>중개거래</거래유형><건축년도>2004</건축년도><년>2023</년><도로명>서초중앙로</도로명><도로명건물본번호코드>00188</도로명건물본번호코드><도로명건물부번호코드>00000</도로명건물부번호코드><도로명시군구코드>11650</도로명시군구코드><도로명일련번호코드>03</도로명일련번호코드><도로명지상지하코드>0</도로명지상지하코드><도로명코드>3121024</도로명코드><법정동> 서초동</법정동><법정동본번코드>1685</법정동본번코드><법정동부번코드>0003</법정동부번코드><법정동시군구코드>11650</법정동시군구코드><법정동읍면동코드>10800</법정동읍면동코드><법정동지번코드>1</법정동지번코드><아파트>아크로비스타</아파트><월>1</월><일>30</일><일련번호>11650-724</일련번호><전용면적>149.08</전용면적><중개사소재지>서울 서초구</중개사소재지><지번>1685-3</지번><지역코드>11650</지역코드><층>7</층><해제사유발생일> </해제사유발생일><해제여부> </해제여부></item><item><거래금액>   260,000</거래금액><거래유형>중개거래</거래유형><건축년도>2006</건축년도><년>2023</년><도로명>서운로</도로명><도로명건물본번호코드>00197</도로명건물본번호코드><도로명건물부번호코드>00000</도로명건물부번호코드><도로명시군구코드>11650</도로명시군구코드><도로명일련번호코드>00</도로명일련번호코드><도로명코드>3121016</도로명코드><법정동> 서초동</법정동><법정동본번코드>1312</법정동본번코드><법정동부번코드>0003</법정동부번코드><법정동시군구코드>11650</법정동시군구코드><법정동읍면동코드>10800</법정동읍면동코드><법정동지번코드>1</법정동지번코드><아파트>롯데캐슬클래식</아파트><월>1</월><일>30</일><일련번호>11650-3300</일련번호><전용면적>120.18</전용면적><중개사소재지>서울 서초구</중개사소재지><지번>1312-3</지번><지역코드>11650</지역코드><층>9</층><해제사유발생일> </해제사유발생일><해제여부> </해제여부></item><item><거래금액>   180,000</거래금액><거래유형>중개거래</거래유형><건축년도>2006</건축년도><년>2023</년><도로명>서운로</도로명><도로명건물본번호코드>00200</도로명건물본번호코드><도로명건물부번호코드>00000</도로명건물부번호코드><도로명시군구코드>11650</도로명시군구코드><도로명일련번호코드>01</도로명일련번호코드><도로명지상지하코드>0</도로명지상지하코드><도로명코드>3121016</도로명코드><법정동> 서초동</법정동><법정동본번코드>1312</법정동본번코드><법정동부번코드>0003</법정동부번코드><법정동시군구코드>11650</법정동시군구코드><법정동읍면동코드>10800</법정동읍면동코드><법정동지번코드>1</법정동지번코드><아파트>롯데캐슬클래식</아파트><월>1</월><일>30</일><일련번호>11650-3300</일련번호><전용면적>74.3</전용면적><중개사소재지>서울 서초구</중개사소재지><지번>1312-3</지번><지역코드>11650</지역코드><층>18</층><해제사유발생일> </해제사유발생일><해제여부> </해제여부></item><item><거래금액>   125,000</거래금액><거래유형>중개거래</거래유형><건축년도>2015</건축년도><년>2023</년><도로명>헌릉로8길</도로명><도로명건물본번호코드>00045</도로명건물본번호코드><도로명건물부번호코드>00000</도로명건물부번호코드><도로명시군구코드>11650</도로명시군구코드><도로명일련번호코드>02</도로명일련번호코드><도로명지상지하코드>0</도로명지상지하코드><도로명코드>4163749</도로명코드><법정동> 내곡동</법정동><법정동본번코드>0000</법정동본번코드><법정동부번코드>0000</법정동부번코드><법정동시군구코드>11650</법정동시군구코드><법정동읍면동코드>10900</법정동읍면동코드><법정동지번코드>1</법정동지번코드><아파트>서초포레스타2단지</아파트><월>1</월><일>7</일><일련번호>11650-4156</일련번호><전용면적>84.87</전용면적><중개사소재지>서울 서초구</중개사소재지><지역코드>11650</지역코드><층>11</층><해제사유발생일> </해제사유발생일><해제여부> </해제여부></item><item><거래금액>   145,000</거래금액><거래유형>중개거래</거래유형><건축년도>2014</건축년도><년>2023</년><도로명>헌릉로8길</도로명><도로명건물본번호코드>00058</도로명건물본번호코드><도로명건물부번호코드>00000</도로명건물부번호코드><도로명시군구코드>11650</도로명시군구코드><도로명일련번호코드>02</도로명일련번호코드><도로명지상지하코드>0</도로명지상지하코드><도로명코드>4163749</도로명코드><법정동> 내곡동</법정동><법정동본번코드>0411</법정동본번코드><법정동부번코드>0000</법정동부번코드><법정동시군구코드>11650</법정동시군구코드><법정동읍면동코드>10900</법정동읍면동코드><법정동지번코드>1</법정동지번코드><아파트>서초더샵포레</아파트><월>1</월><일>15</일><일련번호>11650-4063</일련번호><전용면적>101.31</전용면적><중개사소재지>서울 서초구</중개사소재지><지번>411</지번><지역코드>11650</지역코드><층>3</층><해제사유발생일> </해제사유발생일><해제여부> </해제여부></item><item><거래금액>   159,500</거래금액><거래유형>중개거래</거래유형><건축년도>2014</건축년도><년>2023</년><도로명>헌릉로8길</도로명><도로명건물본번호코드>00058</도로명건물본번호코드><도로명건물부번호코드>00000</도로명건물부번호코드><도로명시군구코드>11650</도로명시군구코드><도로명일련번호코드>02</도로명일련번호코드><도로명지상지하코드>0</도로명지상지하코드><도로명코드>4163749</도로명코드><법정동> 내곡동</법정동><법정동본번코드>0411</법정동본번코드><법정동부번코드>0000</법정동부번코드><법정동시군구코드>11650</법정동시군구코드><법정동읍면동코드>10900</법정동읍면동코드><법정동지번코드>1</법정동지번코드><아파트>서초더샵포레</아파트><월>1</월><일>18</일><일련번호>11650-4063</일련번호><전용면적>101.34</전용면적><중개사소재지>경기 광주시</중개사소재지><지번>411</지번><지역코드>11650</지역코드><층>12</층><해제사유발생일> </해제사유발생일><해제여부> </해제여부></item></items><numOfRows>999</numOfRows><pageNo>1</pageNo><totalCount>51</totalCount></body></response>