<?xml version="1.0" encoding="UTF-8" standalone="yes"?><response><header><resultCode>00</resultCode><resultMsg>NORMAL SERVICE.</resultMsg></header><body><items><item><거래금액>    30,000</거래금액><거래유형>중개거래</거래유형><건축년도>2005</건축년도><년>2023</년><도로명>서초대로</도로명><도로명건물본번호코드>00017</도로명건물본번호코드><도로명건물부번호코드>00000</도로명건물부번호코드><도로명시군구코드>11650</도로명시군구코드><도로명일련번호코드>01</도로명일련번호코드><도로명지상지하코드>0</도로명지상지하코드><도로명코드>2121002</도로명코드><법정동> 방배동</법정동><법정동본번코드>0866</법정동본번코드><법정동부번코드>0020</법정동부번코드><법정동시군구코드>11650</법정동시군구코드><법정동읍면동코드>10100</법정동읍면동코드><법정동지번코드>1</법정동지번코드><아파트>방배대우디오빌</아파트><월>2</월><일>1</일><일련번호>11650-3191</일련번호><전용면적>29.6</전용면적><중개사소재지>서울 서초구</중개사소재지><지번>866-20</지번><지역코드>11650</지역코드><층>16</층><해제사유발생일> </해제사유발생일><해제여부> </해제여부></item><item><거래금액>   270,000</거래금액><거래유형>직거래</거래유형><건축년도>2013</건축년도><년>2023</년><도로명>방배천로18길</도로명><도로명건물본번호코드>00011</도로명건물본번호코드><도로명건물부번호코드>00000</도로명건물부번호코드><도로명시군구코드>11650</도로명시군구코드><도로명일련번호코드>01</도로명일련번호코드><도로명지상지하코드>0</도로명지상지하코드><도로명코드>4163687</도로명코드><법정동> 방배동</법정동><법정동본번코드>0424</법정동본번코드><법정동부번코드>0028</법정동부번코드><법정동시군구코드>11650</법정동시군구코드><법정동읍면동코드>10100</법정동읍면동코드><법정동지번코드>1</법정동지번코드><아파트>롯데캐슬아르떼</아파트><월>2</월><일>1</일><일련번호>11650-4044</일련번호><전용면적>216.2766</전용면적><중개사소재지> </중개사소재지><지번>424-28</지번><지역코드>11650</지역코드><층>14</층><해제사유발생일> </해제사유발생일><해제여부> </해제여부></item><item><거래금액>   165,000</거래금액><거래유형>중개거래</거래유형><건축년도>1975</건축년도><년>2023</년><도로명>방배로43길</도로명><도로명건물본번호코드>00021</도로명건물본번호코드><도로명건물부번호코드>00000</도로명건물부번호코드><도로명시군구코드>11650</도로명시군구코드><도로명일련번호코드>01</도로명일련번호코드><도로명지상지하코드>0</도로명지상지하코드><도로명코드>4163277</도로명코드><법정동> 방배동</법정동><법정동본번코드>0770</법정동본번코드><법정동부번코드>0001</법정동부번코드><법정동시군구코드>11650</법정동시군구코드><법정동읍면동코드>10100</법정동읍면동코드><법정동지번코드>1</법정동지번코드><아파트>삼호1동~3동</아파트><월>2</월><일>2</일><일련번호>11650-309</일련번호><전용면적>116.13</전용면적><중개사소재지>서울 서초구</중개사소재지><지번>770-1</지번><지역코드>11650</지역코드><층>5</층><해제사유발생일> </해제사유발생일><해제여부> </해제여부></item><item><거래금액>   157,500</거래금액><거래유형>중개거래</거래유형><건축년도>1998</건축년도><년>2023</년><도로명>효령로36길</도로명><도로명건물본번호코드>00028</도로명건물본번호코드><도로명건물부번호코드>00000</도로명건물부번호코드><도로명시군구코드>11650</도로명시군구코드><도로명일련번호코드>01</도로명일련번호코드><도로명지상지하코드>0</도로명지상지하코드><도로명코드>4163635</도로명코드><법정동> 방배동</법정동><법정동본번코드>0987</법정동본번코드><법정동부번코드>0003</법정동부번코드><법정동시군구코드>11650</법정동시군구코드><법정동읍면동코드>10100</법정동읍면동코드><법정동지번코드>1</법정동지번코드><아파트>롯데빌라트2차</아파트><월>2</월><일>5</일><일련번호>11650-286</일련번호><전용면적>206.55</전용면적><중개사소재지>서울 서초구</중개사소재지><지번>987-3</지번><지역코드>11650</지역코드><층>6</층><해제사유발생일> </해제사유발생일><해제여부> </해제여부></item><item><거래금액>   155,000</거래금액><거래유형>중개거래</거래유형><건축년도>2018</건축년도><년>2023</년><도로명>명달로9길</도로명><도로명건물본번호코드>00057</도로명건물본번호코드><도로명건물부번호코드>00000</도로명건물부번호코드><도로명시군구코드>11650</도로명시군구코드><도로명일련번호코드>00</도로명일련번호코드><도로명지상지하코드>0</도로명지상지하코드><도로명코드>4163195</도로명코드><법정동> 방배동</법정동><법정동본번코드>3278</법정동본번코드><법정동부번코드>0000</법정동부번코드><법정동시군구코드>11650</법정동시군구코드><법정동읍면동코드>10100</법정동읍면동코드><법정동지번코드>1</법정동지번코드><아파트>방배아트자이</아파트><월>2</월><일>9</일><일련번호>11650-4706</일련번호><전용면적>59.9938</전용면적><중개사소재지>서울 서초구</중개사소재지><지번>3278</지번><지역코드>11650</지역코드><층>12</층><해제사유발생일> </해제사유발생일><해제여부> </해제여부></item><item><거래금액>   155,000</거래금액><거래유형>중개거래</거래유형><건축년도>2018</건축년도><년>2023</년><도로명>명달로9길</도로명><도로명건물본번호코드>00057</도로명건물본번호코드><도로명건물부번호코드>00000</도로명건물부번호코드><도로명시군구코드>11650</도로명시군구코드><도로명일련번호코드>00</도로명일련번호코드><도로명지상지하코드>0</도로명지상지하코드><도로명코드>4163195</도로명코드><법정동> 방배동</법정동><법정동본번코드>3278</법정동본번코드><법정동부번코드>0000</법정동부번코드><법정동시군구코드>11650</법정동시군구코드><법정동읍면동코드>10100</법정동읍면동코드><법정동지번코드>1</법정동지번코드><아파트>방배아트자이</아파트><월>2</월><일>14</일><일련번호>11650-4706</일련번호><전용면적>59.9938</전용면적><중개사소재지>서울 서초구</중개사소재지><지번>3278</지번><지역코드>11650</지역코드><층>6</층><해제사유발생일> </해제사유발생일><해제여부> </해제여부></item><item><거래금액>   253,000</거래금액><거래유형>중개거래</거래유형><건축년도>2021</건축년도><년>2023</년><도로명>방배로</도로명><도로명건물본번호코드>00021</도로명건물본번호코드><도로명건물부번호코드>00000</도로명건물부번호코드><도로명시군구코드>11650</도로명시군구코드><도로명일련번호코드>01</도로명일련번호코드><도로명지상지하코드>0</도로명지상지하코드><도로명코드>3121010</도로명코드><법정동> 방배동</법정동><법정동본번코드>3283</법정동본번코드><법정동부번코드>0000</법정동부번코드><법정동시군구코드>11650</법정동시군구코드><법정동읍면동코드>10100</법정동읍면동코드><법정동지번코드>1</법정동지번코드><아파트>방배그랑자이</아파트><월>2</월><일>14</일><일련번호>11650-4970</일련번호><전용면적>84.972</전용면적><중개사소재지>서울 서초구</중개사소재지><지번>3283</지번><지역코드>11650</지역코드><층>13</층><해제사유발생일> </해제사유발생일><해제여부> </해제여부></item><item><거래금액>    47,500</거래금액><거래유형>중개거래</거래유형><건축년도>2004</건축년도><년>2023</년><도로명>방배로33길</도로명><도로명건물본번호코드>00029</도로명건물본번호코드><도로명건물부번호코드>00000</도로명건물부번호코드><도로명시군구코드>11650</도로명시군구코드><도로명일련번호코드>01</도로명일련번호코드><도로명지상지하코드>0</도로명지상지하코드><도로명코드>4163268</도로명코드><법정동> 방배동</법정동><법정동본번코드>0816</법정동본번코드><법정동부번코드>0001</법정동부번코드><법정동시군구코드>11650</법정동시군구코드><법정동읍면동코드>10100</법정동읍면동코드><법정동지번코드>1</법정동지번코드><아파트>한신트리플</아파트><월>2</월><일>15</일><일련번호>11650-590</일련번호><전용면적>49.99</전용면적><중개사소재지>서울 서초구</중개사소재지><지번>816-1</지번><지역코드>11650</지역코드><층>11</층><해제사유발생일> </해제사유발생일><해제여부> </해제여부></item><item><거래금액>   172,000</거래금액><거래유형>중개거래</거래유형><건축년도>1976</건축년도><년>2023</년><도로명>방배로43길</도로명><도로명건물본번호코드>00002</도로명건물본번호코드><도로명건물부번호코드>00000</도로명건물부번호코드><도로명시군구코드>11650</도로명시군구코드><도로명일련번호코드>01</도로명일련번호코드><도로명지상지하코드>0</도로명지상지하코드><도로명코드>4163277</도로명코드><법정동> 방배동</법정동><법정동본번코드>0758</법정동본번코드><법정동부번코드>0004</법정동부번코드><법정동시군구코드>11650</법정동시군구코드><법정동읍면동코드>10100</법정동읍면동코드><법정동지번코드>1</법정동지번코드><아파트>삼호2</아파트><월>2</월><일>22</일><일련번호>11650-310</일련번호><전용면적>131.41</전용면적><중개사소재지>서울 서초구</중개사소재지><지번>758-4</지번><지역코드>11650</지역코드><층>2</층><해제사유발생일> </해제사유발생일><해제여부> </해제여부></item><item><거래금액>   130,000</거래금액><거래유형>중개거래</거래유형><건축년도>1991</건축년도><년>2023</년><도로명>바우뫼로</도로명><도로명건물본번호코드>00103</도로명건물본번호코드><도로명건물부번호코드>00000</도로명건물부번호코드><도로명시군구코드>11650</도로명시군구코드><도로명일련번호코드>01</도로명일련번호코드><도로명지상지하코드>0</도로명지상지하코드><도로명코드>3121009</도로명코드><법정동> 양재동</법정동><법정동본번코드>0137</법정동본번코드><법정동부번코드>0001</법정동부번코드><법정동시군구코드>11650</법정동시군구코드><법정동읍면동코드>10200</법정동읍면동코드><법정동지번코드>1</법정동지번코드><아파트>우성112</아파트><월>2</월><일>6</일><일련번호>11650-433</일련번호><전용면적>84.91</전용면적><중개사소재지>서울 서초구, 서울 성북구</중개사소재지><지번>137-1</지번><지역코드>11650</지역코드><층>10</층><해제사유발생일> </해제사유발생일><해제여부> </해제여부></item><item><거래금액>   120,000</거래금액><거래유형>중개거래</거래유형><건축년도>2012</건축년도><년>2023</년><도로명>양재대로2길</도로명><도로명건물본번호코드>00090</도로명건물본번호코드><도로명건물부번호코드>00000</도로명건물부번호코드><도로명시군구코드>11650</도로명시군구코드><도로명일련번호코드>01</도로명일련번호코드><도로명지상지하코드>0</도로명지상지하코드><도로명코드>4163748</도로명코드><법정동> 우면동</법정동><법정동본번코드>0773</법정동본번코드><법정동부번코드>0000</법정동부번코드><법정동시군구코드>11650</법정동시군구코드><법정동읍면동코드>10300</법정동읍면동코드><법정동지번코드>1</법정동지번코드><아파트>서초힐스</아파트><월>2</월><일>18</일><일련번호>11650-3821</일련번호><전용면적>84.96</전용면적><중개사소재지>서울 서초구</중개사소재지><지번>773</지번><지역코드>11650</지역코드><층>18</층><해제사유발생일> </해제사유발생일><해제여부> </해제여부></item><item><거래금액>   180,000</거래금액><거래유형>중개거래</거래유형><건축년도>2013</건축년도><년>2023</년><도로명>양재대로2길</도로명><도로명건물본번호코드>00109</도로명건물본번호코드><도로명건물부번호코드>00000</도로명건물부번호코드><도로명시군구코드>11650</도로명시군구코드><도로명일련번호코드>01</도로명일련번호코드><도로명지상지하코드>0</도로명지상지하코드><도로명코드>4163748</도로명코드><법정동> 우면동</법정동><법정동본번코드>0753</법정동본번코드><법정동부번코드>0000</법정동부번코드><법정동시군구코드>11650</법정동시군구코드><법정동읍면동코드>10300</법정동읍면동코드><법정동지번코드>1</법정동지번코드><아파트>서초호반써밋</아파트><월>2</월><일>18</일><일련번호>11650-3963</일련번호><전용면적>118.0151</전용면적><중개사소재지>서울 강남구, 서울 서초구</중개사소재지><지번>753</지번><지역코드>11650</지역코드><층>20</층><해제사유발생일> </해제사유발생일><해제여부> </해제여부></item><item><거래금액>   125,000</거래금액><거래유형>중개거래</거래유형><건축년도>2012</건축년도><년>2023</년><도로명>양재대로2길</도로명><도로명건물본번호코드>00090</도로명건물본번호코드><도로명건물부번호코드>00000</도로명건물부번호코드><도로명시군구코드>11650</도로명시군구코드><도로명일련번호코드>01</도로명일련번호코드><도로명지상지하코드>0</도로명지상지하코드><도로명코드>4163748</도로명코드><법정동> 우면동</법정동><법정동본번코드>0773</법정동본번코드><법정동부번코드>0000</법정동부번코드><법정동시군구코드>11650</법정동시군구코드><법정동읍면동코드>10300</법정동읍면동코드><법정동지번코드>1</법정동지번코드><아파트>서초힐스</아파트><월>2</월><일>24</일><일련번호>11650-3821</일련번호><전용면적>84.96</전용면적><중개사소재지>서울 서초구</중개사소재지><지번>773</지번><지역코드>11650</지역코드><층>4</층><해제사유발생일> </해제사유발생일><해제여부> </해제여부></item><item><거래금액>   222,000</거래금액><거래유형>중개거래</거래유형><건축년도>2002</건축년도><년>2023</년><도로명>신반포로33길</도로명><도로명건물본번호코드>00015</도로명건물본번호코드><도로명건물부번호코드>00000</도로명건물부번호코드><도로명시군구코드>11650</도로명시군구코드><도로명일련번호코드>01</도로명일련번호코드><도로명지상지하코드>0</도로명지상지하코드><도로명코드>4163453</도로명코드><법정동> 잠원동</법정동><법정동본번코드>0157</법정동본번코드><법정동부번코드>0000</법정동부번코드><법정동시군구코드>11650</법정동시군구코드><법정동읍면동코드>10600</법정동읍면동코드><법정동지번코드>1</법정동지번코드><아파트>동아</아파트><월>2</월><일>3</일><일련번호>11650-102</일련번호><전용면적>84.91</전용면적><중개사소재지>서울 서초구</중개사소재지><지번>157</지번><지역코드>11650</지역코드><층>20</층><해제사유발생일> </해제사유발생일><해제여부> </해제여부></item><item><거래금액>   237,000</거래금액><거래유형>중개거래</거래유형><건축년도>2004</건축년도><년>2023</년><도로명>잠원로14길</도로명><도로명건물본번호코드>00023</도로명건물본번호코드><도로명건물부번호코드>00000</도로명건물부번호코드><도로명시군구코드>11650</도로명시군구코드><도로명일련번호코드>01</도로명일련번호코드><도로명지상지하코드>0</도로명지상지하코드><도로명코드>4163526</도로명코드><법정동> 잠원동</법정동><법정동본번코드>0050</법정동본번코드><법정동부번코드>0001</법정동부번코드><법정동시군구코드>11650</법정동시군구코드><법정동읍면동코드>10600</법정동읍면동코드><법정동지번코드>1</법정동지번코드><아파트>롯데캐슬갤럭시(50-1)</아파트><월>2</월><일>6</일><일련번호>11650-682</일련번호><전용면적>109.56</전용면적><중개사소재지>서울 서초구</중개사소재지><지번>50-1</지번><지역코드>11650</지역코드><층>19</층><해제사유발생일> </해제사유발생일><해제여부> </해제여부></item><item><거래금액>   297,000</거래금액><거래유형>중개거래</거래유형><건축년도>2020</건축년도><년>2023</년><도로명>반포대로</도로명><도로명건물본번호코드>00310</도로명건물본번호코드><도로명건물부번호코드>00006</도로명건물부번호코드><도로명시군구코드>11650</도로명시군구코드><도로명일련번호코드>01</도로명일련번호코드><도로명지상지하코드>0</도로명지상지하코드><도로명코드>2121003</도로명코드><법정동> 잠원동</법정동><법정동본번코드>0162</법정동본번코드><법정동부번코드>0000</법정동부번코드><법정동시군구코드>11650</법정동시군구코드><법정동읍면동코드>10600</법정동읍면동코드><법정동지번코드>1</법정동지번코드><아파트>반포센트럴자이</아파트><월>2</월><일>6</일><일련번호>11650-4805</일련번호><전용면적>84.95</전용면적><중개사소재지>서울 서초구</중개사소재지><지번>162</지번><지역코드>11650</지역코드><층>12</층><해제사유발생일> </해제사유발생일><해제여부> </해제여부></item><item><거래금액>   242,000</거래금액><거래유형>중개거래</거래유형><건축년도>1979</건축년도><년>2023</년><도로명>잠원로</도로명><도로명건물본번호코드>00037</도로명건물본번호코드><도로명건물부번호코드>00048</도로명건물부번호코드><도로명시군구코드>11650</도로명시군구코드><도로명일련번호코드>01</도로명일련번호코드><도로명지상지하코드>0</도로명지상지하코드><도로명코드>3121019</도로명코드><법정동> 잠원동</법정동><법정동본번코드>0070</법정동본번코드><법정동부번코드>0000</법정동부번코드><법정동시군구코드>11650</법정동시군구코드><법정동읍면동코드>10600</법정동읍면동코드><법정동지번코드>1</법정동지번코드><아파트>신반포4</아파트><월>2</월><일>9</일><일련번호>11650-125</일련번호><전용면적>96.48</전용면적><중개사소재지>서울 서초구</중개사소재지><지번>70</지번><지역코드>11650</지역코드><층>9</층><해제사유발생일> </해제사유발생일><해제여부> </해제여부></item><item><거래금액>   180,000</거래금액><거래유형>중개거래</거래유형><건축년도>1992</건축년도><년>2023</년><도로명>잠원로</도로명><도로명건물본번호코드>00202</도로명건물본번호코드><도로명건물부번호코드>00011</도로명건물부번호코드><도로명시군구코드>11650</도로명시군구코드><도로명일련번호코드>01</도로명일련번호코드><도로명지상지하코드>0</도로명지상지하코드><도로명코드>3121019</도로명코드><법정동> 잠원동</법정동><법정동본번코드>0051</법정동본번코드><법정동부번코드>0000</법정동부번코드><법정동시군구코드>11650</법정동시군구코드><법정동읍면동코드>10600</법정동읍면동코드><법정동지번코드>1</법정동지번코드><아파트>훼미리</아파트><월>2</월><일>9</일><일련번호>11650-154</일련번호><전용면적>84.83</전용면적><중개사소재지>서울 서초구</중개사소재지><지번>51</지번><지역코드>11650</지역코드><층>6</층><해제사유발생일> </해제사유발생일><해제여부> </해제여부></item><item><거래금액>   179,000</거래금액><거래유형>중개거래</거래유형><건축년도>2002</건축년도><년>2023</년><도로명>신반포로33길</도로명><도로명건물본번호코드>00015</도로명건물본번호코드><도로명건물부번호코드>00000</도로명건물부번호코드><도로명시군구코드>11650</도로명시군구코드><도로명일련번호코드>01</도로명일련번호코드><도로명지상지하코드>0</도로명지상지하코드><도로명코드>4163453</도로명코드><법정동> 잠원동</법정동><법정동본번코드>0157</법정동본번코드><법정동부번코드>0000</법정동부번코드><법정동시군구코드>11650</법정동시군구코드><법정동읍면동코드>10600</법정동읍면동코드><법정동지번코드>1</법정동지번코드><아파트>동아</아파트><월>2</월><일>10</일><일련번호>11650-102</일련번호><전용면적>59.92</전용면적><중개사소재지>서울 서초구</중개사소재지><지번>157</지번><지역코드>11650</지역코드><층>12</층><해제사유발생일> </해제사유발생일><해제여부> </해제여부></item><item><거래금액>   278,000</거래금액><거래유형>중개거래</거래유형><건축년도>2018</건축년도><년>2023</년><도로명>잠원로</도로명><도로명건물본번호코드>00060</도로명건물본번호코드><도로명건물부번호코드>00000</도로명건물부번호코드><도로명시군구코드>11650</도로명시군구코드><도로명일련번호코드>01</도로명일련번호코드><도로명지상지하코드>0</도로명지상지하코드><도로명코드>3121019</도로명코드><법정동> 잠원동</법정동><법정동본번코드>0160</법정동본번코드><법정동부번코드>0000</법정동부번코드><법정동시군구코드>11650</법정동시군구코드><법정동읍면동코드>10600</법정동읍면동코드><법정동지번코드>1</법정동지번코드><아파트>신반포자이</아파트><월>2</월><일>11</일><일련번호>11650-4675</일련번호><전용면적>84.92</전용면적><중개사소재지>서울 서초구</중개사소재지><지번>160</지번><지역코드>11650</지역코드><층>11</층><해제사유발생일> </해제사유발생일><해제여부> </해제여부></item><item><거래금액>   182,000</거래금액><거래유형>중개거래</거래유형><건축년도>1992</건축년도><년>2023</년><도로명>잠원로</도로명><도로명건물본번호코드>00202</도로명건물본번호코드><도로명건물부번호코드>00011</도로명건물부번호코드><도로명시군구코드>11650</도로명시군구코드><도로명일련번호코드>01</도로명일련번호코드><도로명지상지하코드>0</도로명지상지하코드><도로명코드>3121019</도로명코드><법정동> 잠원동</법정동><법정동본번코드>0051</법정동본번코드><법정동부번코드>0000</법정동부번코드><법정동시군구코드>11650</법정동시군구코드><법정동읍면동코드>10600</법정동읍면동코드><법정동지번코드>1</법정동지번코드><아파트>훼미리</아파트><월>2</월><일>12</일><일련번호>11650-154</일련번호><전용면적>84.69</전용면적><중개사소재지>서울 서초구</중개사소재지><지번>51</지번><지역코드>11650</지역코드><층>8</층><해제사유발생일> </해제사유발생일><해제여부> </해제여부></item><item><거래금액>   350,000</거래금액><거래유형>중개거래</거래유형><건축년도>1979</건축년도><년>2023</년><도로명>잠원로</도로명><도로명건물본번호코드>00037</도로명건물본번호코드><도로명건물부번호코드>00048</도로명건물부번호코드><도로명시군구코드>11650</도로명시군구코드><도로명일련번호코드>01</도로명일련번호코드><도로명지상지하코드>0</도로명지상지하코드><도로명코드>3121019</도로명코드><법정동> 잠원동</법정동><법정동본번코드>0070</법정동본번코드><법정동부번코드>0000</법정동부번코드><법정동시군구코드>11650</법정동시군구코드><법정동읍면동코드>10600</법정동읍면동코드><법정동지번코드>1</법정동지번코드><아파트>신반포4</아파트><월>2</월><일>17</일><일련번호>11650-125</일련번호><전용면적>137.1</전용면적><중개사소재지>서울 서초구</중개사소재지><지번>70</지번><지역코드>11650</지역코드><층>8</층><해제사유발생일> </해제사유발생일><해제여부> </해제여부></item><item><거래금액>   270,000</거래금액><거래유형>중개거래</거래유형><건축년도>2016</건축년도><년>2023</년><도로명>잠원로8길</도로명><도로명건물본번호코드>00035</도로명건물본번호코드><도로명건물부번호코드>00000</도로명건물부번호코드><도로명시군구코드>11650</도로명시군구코드><도로명일련번호코드>00</도로명일련번호코드><도로명지상지하코드>0</도로명지상지하코드><도로명코드>4163529</도로명코드><법정동> 잠원동</법정동><법정동본번코드>0158</법정동본번코드><법정동부번코드>0000</법정동부번코드><법정동시군구코드>11650</법정동시군구코드><법정동읍면동코드>10600</법정동읍면동코드><법정동지번코드>1</법정동지번코드><아파트>래미안신반포팰리스</아파트><월>2</월><일>18</일><일련번호>11650-4439</일련번호><전용면적>84.49</전용면적><중개사소재지>서울 서초구</중개사소재지><지번>158</지번><지역코드>11650</지역코드><층>25</층><해제사유발생일> </해제사유발생일><해제여부> </해제여부></item><item><거래금액>   252,000</거래금액><거래유형>중개거래</거래유형><건축년도>1979</건축년도><년>2023</년><도로명>잠원로</도로명><도로명건물본번호코드>00037</도로명건물본번호코드><도로명건물부번호코드>00048</도로명건물부번호코드><도로명시군구코드>11650</도로명시군구코드><도로명일련번호코드>01</도로명일련번호코드><도로명지상지하코드>0</도로명지상지하코드><도로명코드>3121019</도로명코드><법정동> 잠원동</법정동><법정동본번코드>0070</법정동본번코드><법정동부번코드>0000</법정동부번코드><법정동시군구코드>11650</법정동시군구코드><법정동읍면동코드>10600</법정동읍면동코드><법정동지번코드>1</법정동지번코드><아파트>신반포4</아파트><월>2</월><일>21</일><일련번호>11650-125</일련번호><전용면적>105.89</전용면적><중개사소재지>서울 서초구</중개사소재지><지번>70</지번><지역코드>11650</지역코드><층>10</층><해제사유발생일> </해제사유발생일><해제여부> </해제여부></item><item><거래금액>   169,800</거래금액><거래유형>중개거래</거래유형><건축년도>2002</건축년도><년>2023</년><도로명>신반포로33길</도로명><도로명건물본번호코드>00015</도로명건물본번호코드><도로명건물부번호코드>00000</도로명건물부번호코드><도로명시군구코드>11650</도로명시군구코드><도로명일련번호코드>01</도로명일련번호코드><도로명지상지하코드>0</도로명지상지하코드><도로명코드>4163453</도로명코드><법정동> 잠원동</법정동><법정동본번코드>0157</법정동본번코드><법정동부번코드>0000</법정동부번코드><법정동시군구코드>11650</법정동시군구코드><법정동읍면동코드>10600</법정동읍면동코드><법정동지번코드>1</법정동지번코드><아파트>동아</아파트><월>2</월><일>22</일><일련번호>11650-102</일련번호><전용면적>59.92</전용면적><중개사소재지>서울 서초구</중개사소재지><지번>157</지번><지역코드>11650</지역코드><층>3</층><해제사유발생일> </해제사유발생일><해제여부> </해제여부></item><item><거래금액>   415,000</거래금액><거래유형>중개거래</거래유형><건축년도>1996</건축년도><년>2023</년><도로명>잠원로</도로명><도로명건물본번호코드>00177</도로명건물본번호코드><도로명건물부번호코드>00000</도로명건물부번호코드><도로명시군구코드>11650</도로명시군구코드><도로명일련번호코드>01</도로명일련번호코드><도로명지상지하코드>0</도로명지상지하코드><도로명코드>3121019</도로명코드><법정동> 잠원동</법정동><법정동본번코드>0055</법정동본번코드><법정동부번코드>0007</법정동부번코드><법정동시군구코드>11650</법정동시군구코드><법정동읍면동코드>10600</법정동읍면동코드><법정동지번코드>1</법정동지번코드><아파트>청구빌라트</아파트><월>2</월><일>22</일><일련번호>11650-136</일련번호><전용면적>242.16</전용면적><중개사소재지>서울 서초구</중개사소재지><지번>55-7</지번><지역코드>11650</지역코드><층>6</층><해제사유발생일> </해제사유발생일><해제여부> </해제여부></item><item><거래금액>   239,000</거래금액><거래유형>중개거래</거래유형><건축년도>1979</건축년도><년>2023</년><도로명>잠원로</도로명><도로명건물본번호코드>00037</도로명건물본번호코드><도로명건물부번호코드>00048</도로명건물부번호코드><도로명시군구코드>11650</도로명시군구코드><도로명일련번호코드>01</도로명일련번호코드><도로명지상지하코드>0</도로명지상지하코드><도로명코드>3121019</도로명코드><법정동> 잠원동</법정동><법정동본번코드>0070</법정동본번코드><법정동부번코드>0000</법정동부번코드><법정동시군구코드>11650</법정동시군구코드><법정동읍면동코드>10600</법정동읍면동코드><법정동지번코드>1</법정동지번코드><아파트>신반포4</아파트><월>2</월><일>22</일><일련번호>11650-125</일련번호><전용면적>96.48</전용면적><중개사소재지>서울 서초구</중개사소재지><지번>70</지번><지역코드>11650</지역코드><층>12</층><해제사유발생일> </해제사유발생일><해제여부> </해제여부></item><item><거래금액>   152,500</거래금액><거래유형>중개거래</거래유형><건축년도>1989</건축년도><년>2023</년><도로명>나루터로4길</도로명><도로명건물본번호코드>00070</도로명건물본번호코드><도로명건물부번호코드>00005</도로명건물부번호코드><도로명시군구코드>11650</도로명시군구코드><도로명일련번호코드>01</도로명일련번호코드><도로명지상지하코드>0</도로명지상지하코드><도로명코드>4163049</도로명코드><법정동> 잠원동</법정동><법정동본번코드>0060</법정동본번코드><법정동부번코드>0004</법정동부번코드><법정동시군구코드>11650</법정동시군구코드><법정동읍면동코드>10600</법정동읍면동코드><법정동지번코드>1</법정동지번코드><아파트>한신타운</아파트><월>2</월><일>23</일><일련번호>11650-149</일련번호><전용면적>63.94</전용면적><중개사소재지>서울 서초구</중개사소재지><지번>60-4</지번><지역코드>11650</지역코드><층>4</층><해제사유발생일> </해제사유발생일><해제여부> </해제여부></item><item><거래금액>   169,000</거래금액><거래유형>중개거래</거래유형><건축년도>1992</건축년도><년>2023</년><도로명>잠원로</도로명><도로명건물본번호코드>00202</도로명건물본번호코드><도로명건물부번호코드>00011</도로명건물부번호코드><도로명시군구코드>11650</도로명시군구코드><도로명일련번호코드>01</도로명일련번호코드><도로명지상지하코드>0</도로명지상지하코드><도로명코드>3121019</도로명코드><법정동> 잠원동</법정동><법정동본번코드>0051</법정동본번코드><법정동부번코드>0000</법정동부번코드><법정동시군구코드>11650</법정동시군구코드><법정동읍면동코드>10600</법정동읍면동코드><법정동지번코드>1</법정동지번코드><아파트>훼미리</아파트><월>2</월><일>23</일><일련번호>11650-154</일련번호><전용면적>84.83</전용면적><중개사소재지>서울 서초구</중개사소재지><지번>51</지번><지역코드>11650</지역코드><층>1</층><해제사유발생일> </해제사유발생일><해제여부> </해제여부></item><item><거래금액>   157,000</거래금액><거래유형>중개거래</거래유형><건축년도>1983</건축년도><년>2023</년><도로명>잠원로</도로명><도로명건물본번호코드>00157</도로명건물본번호코드><도로명건물부번호코드>00000</도로명건물부번호코드><도로명시군구코드>11650</도로명시군구코드><도로명일련번호코드>01</도로명일련번호코드><도로명지상지하코드>0</도로명지상지하코드><도로명코드>3121019</도로명코드><법정동> 잠원동</법정동><법정동본번코드>0055</법정동본번코드><법정동부번코드>0012</법정동부번코드><법정동시군구코드>11650</법정동시군구코드><법정동읍면동코드>10600</법정동읍면동코드><법정동지번코드>1</법정동지번코드><아파트>신반포16</아파트><월>2</월><일>24</일><일련번호>11650-113</일련번호><전용면적>52.26</전용면적><중개사소재지>서울 강남구, 서울 서초구</중개사소재지><지번>55-12</지번><지역코드>11650</지역코드><층>6</층><해제사유발생일> </해제사유발생일><해제여부> </해제여부></item><item><거래금액>   151,000</거래금액><거래유형>중개거래</거래유형><건축년도>1998</건축년도><년>2023</년><도로명>신반포로33길</도로명><도로명건물본번호코드>00066</도로명건물본번호코드><도로명건물부번호코드>00000</도로명건물부번호코드><도로명시군구코드>11650</도로명시군구코드><도로명일련번호코드>01</도로명일련번호코드><도로명지상지하코드>0</도로명지상지하코드><도로명코드>4163453</도로명코드><법정동> 잠원동</법정동><법정동본번코드>0063</법정동본번코드><법정동부번코드>0002</법정동부번코드><법정동시군구코드>11650</법정동시군구코드><법정동읍면동코드>10600</법정동읍면동코드><법정동지번코드>1</법정동지번코드><아파트>신반포청구</아파트><월>2</월><일>24</일><일련번호>11650-141</일련번호><전용면적>59.91</전용면적><중개사소재지>서울 서초구</중개사소재지><지번>63-2</지번><지역코드>11650</지역코드><층>7</층><해제사유발생일> </해제사유발생일><해제여부> </해제여부></item><item><거래금액>   161,600</거래금액><거래유형>중개거래</거래유형><건축년도>1998</건축년도><년>2023</년><도로명>신반포로33길</도로명><도로명건물본번호코드>00066</도로명건물본번호코드><도로명건물부번호코드>00000</도로명건물부번호코드><도로명시군구코드>11650</도로명시군구코드><도로명일련번호코드>01</도로명일련번호코드><도로명지상지하코드>0</도로명지상지하코드><도로명코드>4163453</도로명코드><법정동> 잠원동</법정동><법정동본번코드>0063</법정동본번코드><법정동부번코드>0002</법정동부번코드><법정동시군구코드>11650</법정동시군구코드><법정동읍면동코드>10600</법정동읍면동코드><법정동지번코드>1</법정동지번코드><아파트>신반포청구</아파트><월>2</월><일>25</일><일련번호>11650-141</일련번호><전용면적>59.91</전용면적><중개사소재지>서울 서초구</중개사소재지><지번>63-2</지번><지역코드>11650</지역코드><층>16</층><해제사유발생일> </해제사유발생일><해제여부> </해제여부></item><item><거래금액>   244,000</거래금액><거래유형>중개거래</거래유형><건축년도>1979</건축년도><년>2023</년><도로명>잠원로</도로명><도로명건물본번호코드>00037</도로명건물본번호코드><도로명건물부번호코드>00048</도로명건물부번호코드><도로명시군구코드>11650</도로명시군구코드><도로명일련번호코드>01</도로명일련번호코드><도로명지상지하코드>0</도로명지상지하코드><도로명코드>3121019</도로명코드><법정동> 잠원동</법정동><법정동본번코드>0070</법정동본번코드><법정동부번코드>0000</법정동부번코드><법정동시군구코드>11650</법정동시군구코드><법정동읍면동코드>10600</법정동읍면동코드><법정동지번코드>1</법정동지번코드><아파트>신반포4</아파트><월>2</월><일>28</일><일련번호>11650-125</일련번호><전용면적>100.11</전용면적><중개사소재지>서울 서초구</중개사소재지><지번>70</지번><지역코드>11650</지역코드><층>5</층><해제사유발생일> </해제사유발생일><해제여부> </해제여부></item><item><거래금액>   239,000</거래금액><거래유형>중개거래</거래유형><건축년도>1974</건축년도><년>2023</년><도로명>신반포로</도로명><도로명건물본번호코드>00032</도로명건물본번호코드><도로명건물부번호코드>00000</도로명건물부번호코드><도로명시군구코드>11650</도로명시군구코드><도로명일련번호코드>02</도로명일련번호코드><도로명지상지하코드>0</도로명지상지하코드><도로명코드>3121017</도로명코드><법정동> 반포동</법정동><법정동본번코드>0968</법정동본번코드><법정동부번코드>0000</법정동부번코드><법정동시군구코드>11650</법정동시군구코드><법정동읍면동코드>10700</법정동읍면동코드><법정동지번코드>1</법정동지번코드><아파트>에이아이디차관주택</아파트><월>2</월><일>3</일><일련번호>11650-209</일련번호><전용면적>72.51</전용면적><중개사소재지>서울 서초구</중개사소재지><지번>968</지번><지역코드>11650</지역코드><층>3</층><해제사유발생일> </해제사유발생일><해제여부> </해제여부></item><item><거래금액>   315,000</거래금액><거래유형>중개거래</거래유형><건축년도>2009</건축년도><년>2023</년><도로명>반포대로</도로명><도로명건물본번호코드>00275</도로명건물본번호코드><도로명건물부번호코드>00000</도로명건물부번호코드><도로명시군구코드>11650</도로명시군구코드><도로명일련번호코드>02</도로명일련번호코드><도로명지상지하코드>0</도로명지상지하코드><도로명코드>2121003</도로명코드><법정동> 반포동</법정동><법정동본번코드>0018</법정동본번코드><법정동부번코드>0001</법정동부번코드><법정동시군구코드>11650</법정동시군구코드><법정동읍면동코드>10700</법정동읍면동코드><법정동지번코드>1</법정동지번코드><아파트>래미안퍼스티지</아파트><월>2</월><일>4</일><일련번호>11650-3559</일련번호><전용면적>84.85</전용면적><중개사소재지>서울 서초구</중개사소재지><지번>18-1</지번><지역코드>11650</지역코드><층>16</층><해제사유발생일>23.03.04</해제사유발생일><해제여부>O</해제여부></item><item><거래금액>   315,000</거래금액><거래유형>중개거래</거래유형><건축년도>2009</건축년도><년>2023</년><도로명>반포대로</도로명><도로명건물본번호코드>00275</도로명건물본번호코드><도로명건물부번호코드>00000</도로명건물부번호코드><도로명시군구코드>11650</도로명시군구코드><도로명일련번호코드>02</도로명일련번호코드><도로명지상지하코드>0</도로명지상지하코드><도로명코드>2121003</도로명코드><법정동> 반포동</법정동><법정동본번코드>0018</법정동본번코드><법정동부번코드>0001</법정동부번코드><법정동시군구코드>11650</법정동시군구코드><법정동읍면동코드>10700</법정동읍면동코드><법정동지번코드>1</법정동지번코드><아파트>래미안퍼스티지</아파트><월>2</월><일>4</일><일련번호>11650-3559</일련번호><전용면적>84.85</전용면적><중개사소재지>서울 서초구</중개사소재지><지번>18-1</지번><지역코드>11650</지역코드><층>16</층><해제사유발생일> </해제사유발생일><해제여부> </해제여부></item><item><거래금액>   250,000</거래금액><거래유형>중개거래</거래유형><건축년도>1974</건축년도><년>2023</년><도로명>신반포로</도로명><도로명건물본번호코드>00032</도로명건물본번호코드><도로명건물부번호코드>00000</도로명건물부번호코드><도로명시군구코드>11650</도로명시군구코드><도로명일련번호코드>02</도로명일련번호코드><도로명지상지하코드>0</도로명지상지하코드><도로명코드>3121017</도로명코드><법정동> 반포동</법정동><법정동본번코드>0968</법정동본번코드><법정동부번코드>0000</법정동부번코드><법정동시군구코드>11650</법정동시군구코드><법정동읍면동코드>10700</법정동읍면동코드><법정동지번코드>1</법정동지번코드><아파트>에이아이디차관주택</아파트><월>2</월><일>5</일><일련번호>11650-209</일련번호><전용면적>72.51</전용면적><중개사소재지>경기 과천시, 서울 서초구</중개사소재지><지번>968</지번><지역코드>11650</지역코드><층>2</층><해제사유발생일> </해제사유발생일><해제여부> </해제여부></item><item><거래금액>   330,000</거래금액><거래유형>중개거래</거래유형><건축년도>2009</건축년도><년>2023</년><도로명>반포대로</도로명><도로명건물본번호코드>00275</도로명건물본번호코드><도로명건물부번호코드>00000</도로명건물부번호코드><도로명시군구코드>11650</도로명시군구코드><도로명일련번호코드>02</도로명일련번호코드><도로명지상지하코드>0</도로명지상지하코드><도로명코드>2121003</도로명코드><법정동> 반포동</법정동><법정동본번코드>0018</법정동본번코드><법정동부번코드>0001</법정동부번코드><법정동시군구코드>11650</법정동시군구코드><법정동읍면동코드>10700</법정동읍면동코드><법정동지번코드>1</법정동지번코드><아파트>래미안퍼스티지</아파트><월>2</월><일>5</일><일련번호>11650-3559</일련번호><전용면적>84.93</전용면적><중개사소재지>서울 서초구</중개사소재지><지번>18-1</지번><지역코드>11650</지역코드><층>10</층><해제사유발생일> </해제사유발생일><해제여부> </해제여부></item><item><거래금액>   297,000</거래금액><거래유형>중개거래</거래유형><건축년도>2009</건축년도><년>2023</년><도로명>신반포로</도로명><도로명건물본번호코드>00270</도로명건물본번호코드><도로명건물부번호코드>00000</도로명건물부번호코드><도로명시군구코드>11650</도로명시군구코드><도로명일련번호코드>02</도로명일련번호코드><도로명지상지하코드>0</도로명지상지하코드><도로명코드>3121017</도로명코드><법정동> 반포동</법정동><법정동본번코드>0020</법정동본번코드><법정동부번코드>0043</법정동부번코드><법정동시군구코드>11650</법정동시군구코드><법정동읍면동코드>10700</법정동읍면동코드><법정동지번코드>1</법정동지번코드><아파트>반포자이</아파트><월>2</월><일>8</일><일련번호>11650-3500</일련번호><전용면적>84.943</전용면적><중개사소재지>서울 서초구</중개사소재지><지번>20-43</지번><지역코드>11650</지역코드><층>26</층><해제사유발생일> </해제사유발생일><해제여부> </해제여부></item><item><거래금액>   204,500</거래금액><거래유형>중개거래</거래유형><건축년도>2018</건축년도><년>2023</년><도로명>고무래로</도로명><도로명건물본번호코드>00089</도로명건물본번호코드><도로명건물부번호코드>00000</도로명건물부번호코드><도로명시군구코드>11650</도로명시군구코드><도로명일련번호코드>00</도로명일련번호코드><도로명지상지하코드>0</도로명지상지하코드><도로명코드>3121001</도로명코드><법정동> 반포동</법정동><법정동본번코드>1342</법정동본번코드><법정동부번코드>0000</법정동부번코드><법정동시군구코드>11650</법정동시군구코드><법정동읍면동코드>10700</법정동읍면동코드><법정동지번코드>1</법정동지번코드><아파트>반포써밋</아파트><월>2</월><일>8</일><일련번호>11650-4703</일련번호><전용면적>59.3264</전용면적><중개사소재지>서울 서초구</중개사소재지><지번>1342</지번><지역코드>11650</지역코드><층>24</층><해제사유발생일> </해제사유발생일><해제여부> </해제여부></item><item><거래금액>   220,000</거래금액><거래유형>중개거래</거래유형><건축년도>2010</건축년도><년>2023</년><도로명>고무래로</도로명><도로명건물본번호코드>00035</도로명건물본번호코드><도로명건물부번호코드>00000</도로명건물부번호코드><도로명시군구코드>11650</도로명시군구코드><도로명일련번호코드>01</도로명일련번호코드><도로명지상지하코드>0</도로명지상지하코드><도로명코드>3121001</도로명코드><법정동> 반포동</법정동><법정동본번코드>0030</법정동본번코드><법정동부번코드>0026</법정동부번코드><법정동시군구코드>11650</법정동시군구코드><법정동읍면동코드>10700</법정동읍면동코드><법정동지번코드>1</법정동지번코드><아파트>반포리체</아파트><월>2</월><일>8</일><일련번호>11650-3617</일련번호><전용면적>59.993</전용면적><중개사소재지>서울 서초구</중개사소재지><지번>30-26</지번><지역코드>11650</지역코드><층>30</층><해제사유발생일> </해제사유발생일><해제여부> </해제여부></item><item><거래금액>   130,000</거래금액><거래유형>중개거래</거래유형><건축년도>1994</건축년도><년>2023</년><도로명>고무래로10길</도로명><도로명건물본번호코드>00039</도로명건물본번호코드><도로명건물부번호코드>00000</도로명건물부번호코드><도로명시군구코드>11650</도로명시군구코드><도로명일련번호코드>01</도로명일련번호코드><도로명지상지하코드>0</도로명지상지하코드><도로명코드>4163042</도로명코드><법정동> 반포동</법정동><법정동본번코드>0046</법정동본번코드><법정동부번코드>0000</법정동부번코드><법정동시군구코드>11650</법정동시군구코드><법정동읍면동코드>10700</법정동읍면동코드><법정동지번코드>1</법정동지번코드><아파트>엠브이아파트</아파트><월>2</월><일>9</일><일련번호>11650-199</일련번호><전용면적>83.4</전용면적><중개사소재지>서울 서초구</중개사소재지><지번>46</지번><지역코드>11650</지역코드><층>16</층><해제사유발생일> </해제사유발생일><해제여부> </해제여부></item><item><거래금액>   213,000</거래금액><거래유형>중개거래</거래유형><건축년도>1987</건축년도><년>2023</년><도로명>서초중앙로29길</도로명><도로명건물본번호코드>00028</도로명건물본번호코드><도로명건물부번호코드>00000</도로명건물부번호코드><도로명시군구코드>11650</도로명시군구코드><도로명일련번호코드>01</도로명일련번호코드><도로명지상지하코드>0</도로명지상지하코드><도로명코드>4163713</도로명코드><법정동> 반포동</법정동><법정동본번코드>0060</법정동본번코드><법정동부번코드>0004</법정동부번코드><법정동시군구코드>11650</법정동시군구코드><법정동읍면동코드>10700</법정동읍면동코드><법정동지번코드>1</법정동지번코드><아파트>반포미도</아파트><월>2</월><일>13</일><일련번호>11650-172</일련번호><전용면적>84.96</전용면적><중개사소재지>서울 서초구</중개사소재지><지번>60-4</지번><지역코드>11650</지역코드><층>10</층><해제사유발생일>23.02.28</해제사유발생일><해제여부>O</해제여부></item><item><거래금액>   330,000</거래금액><거래유형>중개거래</거래유형><건축년도>2010</건축년도><년>2023</년><도로명>고무래로</도로명><도로명건물본번호코드>00035</도로명건물본번호코드><도로명건물부번호코드>00000</도로명건물부번호코드><도로명시군구코드>11650</도로명시군구코드><도로명일련번호코드>01</도로명일련번호코드><도로명지상지하코드>0</도로명지상지하코드><도로명코드>3121001</도로명코드><법정동> 반포동</법정동><법정동본번코드>0030</법정동본번코드><법정동부번코드>0026</법정동부번코드><법정동시군구코드>11650</법정동시군구코드><법정동읍면동코드>10700</법정동읍면동코드><법정동지번코드>1</법정동지번코드><아파트>반포리체</아파트><월>2</월><일>13</일><일련번호>11650-3617</일련번호><전용면적>106.148</전용면적><중개사소재지>서울 서초구</중개사소재지><지번>30-26</지번><지역코드>11650</지역코드><층>31</층><해제사유발생일> </해제사유발생일><해제여부> </해제여부></item><item><거래금액>   213,000</거래금액><거래유형>중개거래</거래유형><건축년도>1987</건축년도><년>2023</년><도로명>서초중앙로29길</도로명><도로명건물본번호코드>00028</도로명건물본번호코드><도로명건물부번호코드>00000</도로명건물부번호코드><도로명시군구코드>11650</도로명시군구코드><도로명일련번호코드>01</도로명일련번호코드><도로명지상지하코드>0</도로명지상지하코드><도로명코드>4163713</도로명코드><법정동> 반포동</법정동><법정동본번코드>0060</법정동본번코드><법정동부번코드>0004</법정동부번코드><법정동시군구코드>11650</법정동시군구코드><법정동읍면동코드>10700</법정동읍면동코드><법정동지번코드>1</법정동지번코드><아파트>반포미도</아파트><월>2</월><일>13</일><일련번호>11650-172</일련번호><전용면적>84.96</전용면적><중개사소재지>서울 서초구</중개사소재지><지번>60-4</지번><지역코드>11650</지역코드><층>10</층><해제사유발생일> </해제사유발생일><해제여부> </해제여부></item><item><거래금액>   325,000</거래금액><거래유형>중개거래</거래유형><건축년도>2009</건축년도><년>2023</년><도로명>반포대로</도로명><도로명건물본번호코드>00275</도로명건물본번호코드><도로명건물부번호코드>00000</도로명건물부번호코드><도로명시군구코드>11650</도로명시군구코드><도로명일련번호코드>02</도로명일련번호코드><도로명지상지하코드>0</도로명지상지하코드><도로명코드>2121003</도로명코드><법정동> 반포동</법정동><법정동본번코드>0018</법정동본번코드><법정동부번코드>0001</법정동부번코드><법정동시군구코드>11650</법정동시군구코드><법정동읍면동코드>10700</법정동읍면동코드><법정동지번코드>1</법정동지번코드><아파트>래미안퍼스티지</아파트><월>2</월><일>16</일><일련번호>11650-3559</일련번호><전용면적>84.93</전용면적><중개사소재지>서울 서초구</중개사소재지><지번>18-1</지번><지역코드>11650</지역코드><층>18</층><해제사유발생일> </해제사유발생일><해제여부> </해제여부></item><item><거래금액>   175,600</거래금액><거래유형>직거래</거래유형><건축년도>2022</건축년도><년>2023</년><도로명>사평대로</도로명><도로명건물본번호코드>00073</도로명건물본번호코드><도로명건물부번호코드>00000</도로명건물부번호코드><도로명시군구코드>11650</도로명시군구코드><도로명일련번호코드>00</도로명일련번호코드><도로명지상지하코드>0</도로명지상지하코드><도로명코드>2121001</도로명코드><법정동> 반포동</법정동><법정동본번코드>0114</법정동본번코드><법정동부번코드>0001</법정동부번코드><법정동시군구코드>11650</법정동시군구코드><법정동읍면동코드>10700</법정동읍면동코드><법정동지번코드>1</법정동지번코드><아파트>더샵반포리버파크</아파트><월>2</월><일>16</일><일련번호>11650-4997</일련번호><전용면적>49.9281</전용면적><중개사소재지> </중개사소재지><지번>114-1</지번><지역코드>11650</지역코드><층>5</층><해제사유발생일> </해제사유발생일><해제여부> </해제여부></item><item><거래금액>   420,000</거래금액><거래유형>중개거래</거래유형><건축년도>2012</건축년도><년>2023</년><도로명>신반포로16길</도로명><도로명건물본번호코드>00015</도로명건물본번호코드><도로명건물부번호코드>00020</도로명건물부번호코드><도로명시군구코드>11650</도로명시군구코드><도로명일련번호코드>01</도로명일련번호코드><도로명지상지하코드>0</도로명지상지하코드><도로명코드>4163754</도로명코드><법정동> 반포동</법정동><법정동본번코드>0016</법정동본번코드><법정동부번코드>0006</법정동부번코드><법정동시군구코드>11650</법정동시군구코드><법정동읍면동코드>10700</법정동읍면동코드><법정동지번코드>1</법정동지번코드><아파트>반포힐스테이트</아파트><월>2</월><일>16</일><일련번호>11650-3687</일련번호><전용면적>155.38</전용면적><중개사소재지>서울 서초구</중개사소재지><지번>16-6</지번><지역코드>11650</지역코드><층>23</층><해제사유발생일> </해제사유발생일><해제여부> </해제여부></item><item><거래금액>   430,000</거래금액><거래유형>중개거래</거래유형><건축년도>1973</건축년도><년>2023</년><도로명>신반포로</도로명><도로명건물본번호코드>00009</도로명건물본번호코드><도로명건물부번호코드>00000</도로명건물부번호코드><도로명시군구코드>11650</도로명시군구코드><도로명일련번호코드>00</도로명일련번호코드><도로명지상지하코드>0</도로명지상지하코드><도로명코드>3121017</도로명코드><법정동> 반포동</법정동><법정동본번코드>0757</법정동본번코드><법정동부번코드>0000</법정동부번코드><법정동시군구코드>11650</법정동시군구코드><법정동읍면동코드>10700</법정동읍면동코드><법정동지번코드>1</법정동지번코드><아파트>반포주공1단지</아파트><월>2</월><일>17</일><일련번호>11650-175</일련번호><전용면적>104.89</전용면적><중개사소재지>서울 서초구</중개사소재지><지번>757</지번><지역코드>11650</지역코드><층>5</층><해제사유발생일> </해제사유발생일><해제여부> </해제여부></item><item><거래금액>   194,000</거래금액><거래유형>중개거래</거래유형><건축년도>2018</건축년도><년>2023</년><도로명>고무래로</도로명><도로명건물본번호코드>00089</도로명건물본번호코드><도로명건물부번호코드>00000</도로명건물부번호코드><도로명시군구코드>11650</도로명시군구코드><도로명일련번호코드>00</도로명일련번호코드><도로명지상지하코드>0</도로명지상지하코드><도로명코드>3121001</도로명코드><법정동> 반포동</법정동><법정동본번코드>1342</법정동본번코드><법정동부번코드>0000</법정동부번코드><법정동시군구코드>11650</법정동시군구코드><법정동읍면동코드>10700</법정동읍면동코드><법정동지번코드>1</법정동지번코드><아파트>반포써밋</아파트><월>2</월><일>18</일><일련번호>11650-4703</일련번호><전용면적>59.9207</전용면적><중개사소재지>서울 서초구</중개사소재지><지번>1342</지번><지역코드>11650</지역코드><층>11</층><해제사유발생일> </해제사유발생일><해제여부> </해제여부></item><item><거래금액>   315,000</거래금액><거래유형>중개거래</거래유형><건축년도>2009</건축년도><년>2023</년><도로명>반포대로</도로명><도로명건물본번호코드>00275</도로명건물본번호코드><도로명건물부번호코드>00000</도로명건물부번호코드><도로명시군구코드>11650</도로명시군구코드><도로명일련번호코드>02</도로명일련번호코드><도로명지상지하코드>0</도로명지상지하코드><도로명코드>2121003</도로명코드><법정동> 반포동</법정동><법정동본번코드>0018</법정동본번코드><법정동부번코드>0001</법정동부번코드><법정동시군구코드>11650</법정동시군구코드><법정동읍면동코드>10700</법정동읍면동코드><법정동지번코드>1</법정동지번코드><아파트>래미안퍼스티지</아파트><월>2</월><일>21</일><일련번호>11650-3559</일련번호><전용면적>84.93</전용면적><중개사소재지>서울 강남구, 서울 서초구</중개사소재지><지번>18-1</지번><지역코드>11650</지역코드><층>19</층><해제사유발생일> </해제사유발생일><해제여부> </해제여부></item><item><거래금액>   211,000</거래금액><거래유형>중개거래</거래유형><건축년도>2010</건축년도><년>2023</년><도로명>고무래로</도로명><도로명건물본번호코드>00035</도로명건물본번호코드><도로명건물부번호코드>00000</도로명건물부번호코드><도로명시군구코드>11650</도로명시군구코드><도로명일련번호코드>01</도로명일련번호코드><도로명지상지하코드>0</도로명지상지하코드><도로명코드>3121001</도로명코드><법정동> 반포동</법정동><법정동본번코드>0030</법정동본번코드><법정동부번코드>0026</법정동부번코드><법정동시군구코드>11650</법정동시군구코드><법정동읍면동코드>10700</법정동읍면동코드><법정동지번코드>1</법정동지번코드><아파트>반포리체</아파트><월>2</월><일>22</일><일련번호>11650-3617</일련번호><전용면적>59.993</전용면적><중개사소재지>서울 서초구</중개사소재지><지번>30-26</지번><지역코드>11650</지역코드><층>22</층><해제사유발생일> </해제사유발생일><해제여부> </해제여부></item><item><거래금액>   210,000</거래금액><거래유형>중개거래</거래유형><건축년도>2001</건축년도><년>2023</년><도로명>사평대로28길</도로명><도로명건물본번호코드>00062</도로명건물본번호코드><도로명건물부번호코드>00000</도로명건물부번호코드><도로명시군구코드>11650</도로명시군구코드><도로명일련번호코드>01</도로명일련번호코드><도로명지상지하코드>0</도로명지상지하코드><도로명코드>4163330</도로명코드><법정동> 반포동</법정동><법정동본번코드>0073</법정동본번코드><법정동부번코드>0010</법정동부번코드><법정동시군구코드>11650</법정동시군구코드><법정동읍면동코드>10700</법정동읍면동코드><법정동지번코드>1</법정동지번코드><아파트>상지리츠빌(73-10)</아파트><월>2</월><일>24</일><일련번호>11650-197</일련번호><전용면적>180.39</전용면적><중개사소재지>서울 서초구</중개사소재지><지번>73-10</지번><지역코드>11650</지역코드><층>1</층><해제사유발생일> </해제사유발생일><해제여부> </해제여부></item><item><거래금액>   340,000</거래금액><거래유형>중개거래</거래유형><건축년도>2009</건축년도><년>2023</년><도로명>반포대로</도로명><도로명건물본번호코드>00275</도로명건물본번호코드><도로명건물부번호코드>00000</도로명건물부번호코드><도로명시군구코드>11650</도로명시군구코드><도로명일련번호코드>02</도로명일련번호코드><도로명지상지하코드>0</도로명지상지하코드><도로명코드>2121003</도로명코드><법정동> 반포동</법정동><법정동본번코드>0018</법정동본번코드><법정동부번코드>0001</법정동부번코드><법정동시군구코드>11650</법정동시군구코드><법정동읍면동코드>10700</법정동읍면동코드><법정동지번코드>1</법정동지번코드><아파트>래미안퍼스티지</아파트><월>2</월><일>24</일><일련번호>11650-3559</일련번호><전용면적>84.93</전용면적><중개사소재지>서울 서초구</중개사소재지><지번>18-1</지번><지역코드>11650</지역코드><층>15</층><해제사유발생일> </해제사유발생일><해제여부> </해제여부></item><item><거래금액>   220,500</거래금액><거래유형>중개거래</거래유형><건축년도>1987</건축년도><년>2023</년><도로명>서초중앙로29길</도로명><도로명건물본번호코드>00028</도로명건물본번호코드><도로명건물부번호코드>00000</도로명건물부번호코드><도로명시군구코드>11650</도로명시군구코드><도로명일련번호코드>01</도로명일련번호코드><도로명지상지하코드>0</도로명지상지하코드><도로명코드>4163713</도로명코드><법정동> 반포동</법정동><법정동본번코드>0060</법정동본번코드><법정동부번코드>0004</법정동부번코드><법정동시군구코드>11650</법정동시군구코드><법정동읍면동코드>10700</법정동읍면동코드><법정동지번코드>1</법정동지번코드><아파트>반포미도</아파트><월>2</월><일>26</일><일련번호>11650-172</일련번호><전용면적>84.96</전용면적><중개사소재지>서울 서초구</중개사소재지><지번>60-4</지번><지역코드>11650</지역코드><층>13</층><해제사유발생일> </해제사유발생일><해제여부> </해제여부></item><item><거래금액>   185,000</거래금액><거래유형>중개거래</거래유형><건축년도>1989</건축년도><년>2023</년><도로명>사평대로</도로명><도로명건물본번호코드>00240</도로명건물본번호코드><도로명건물부번호코드>00000</도로명건물부번호코드><도로명시군구코드>11650</도로명시군구코드><도로명일련번호코드>02</도로명일련번호코드><도로명지상지하코드>0</도로명지상지하코드><도로명코드>2121001</도로명코드><법정동> 반포동</법정동><법정동본번코드>0060</법정동본번코드><법정동부번코드>0005</법정동부번코드><법정동시군구코드>11650</법정동시군구코드><법정동읍면동코드>10700</법정동읍면동코드><법정동지번코드>1</법정동지번코드><아파트>반포미도2차아파트</아파트><월>2</월><일>27</일><일련번호>11650-173</일련번호><전용면적>71.49</전용면적><중개사소재지>서울 서초구, 서울 송파구</중개사소재지><지번>60-5</지번><지역코드>11650</지역코드><층>12</층><해제사유발생일> </해제사유발생일><해제여부> </해제여부></item><item><거래금액>   430,000</거래금액><거래유형>중개거래</거래유형><건축년도>1973</건축년도><년>2023</년><도로명>신반포로</도로명><도로명건물본번호코드>00009</도로명건물본번호코드><도로명건물부번호코드>00000</도로명건물부번호코드><도로명시군구코드>11650</도로명시군구코드><도로명일련번호코드>00</도로명일련번호코드><도로명지상지하코드>0</도로명지상지하코드><도로명코드>3121017</도로명코드><법정동> 반포동</법정동><법정동본번코드>0757</법정동본번코드><법정동부번코드>0000</법정동부번코드><법정동시군구코드>11650</법정동시군구코드><법정동읍면동코드>10700</법정동읍면동코드><법정동지번코드>1</법정동지번코드><아파트>반포주공1단지</아파트><월>2</월><일>28</일><일련번호>11650-175</일련번호><전용면적>106.25</전용면적><중개사소재지>서울 서초구</중개사소재지><지번>757</지번><지역코드>11650</지역코드><층>1</층><해제사유발생일> </해제사유발생일><해제여부> </해제여부></item><item><거래금액>   530,000</거래금액><거래유형>중개거래</거래유형><건축년도>2009</건축년도><년>2023</년><도로명>신반포로</도로명><도로명건물본번호코드>00270</도로명건물본번호코드><도로명건물부번호코드>00000</도로명건물부번호코드><도로명시군구코드>11650</도로명시군구코드><도로명일련번호코드>02</도로명일련번호코드><도로명지상지하코드>0</도로명지상지하코드><도로명코드>3121017</도로명코드><법정동> 반포동</법정동><법정동본번코드>0020</법정동본번코드><법정동부번코드>0043</법정동부번코드><법정동시군구코드>11650</법정동시군구코드><법정동읍면동코드>10700</법정동읍면동코드><법정동지번코드>1</법정동지번코드><아파트>반포자이</아파트><월>2</월><일>28</일><일련번호>11650-3500</일련번호><전용면적>194.515</전용면적><중개사소재지>서울 서초구</중개사소재지><지번>20-43</지번><지역코드>11650</지역코드><층>17</층><해제사유발생일> </해제사유발생일><해제여부> </해제여부></item><item><거래금액>   174,000</거래금액><거래유형>중개거래</거래유형><건축년도>1989</건축년도><년>2023</년><도로명>효령로72길</도로명><도로명건물본번호코드>00014</도로명건물본번호코드><도로명건물부번호코드>00000</도로명건물부번호코드><도로명시군구코드>11650</도로명시군구코드><도로명일련번호코드>01</도로명일련번호코드><도로명지상지하코드>0</도로명지상지하코드><도로명코드>4163657</도로명코드><법정동> 서초동</법정동><법정동본번코드>1346</법정동본번코드><법정동부번코드>0000</법정동부번코드><법정동시군구코드>11650</법정동시군구코드><법정동읍면동코드>10800</법정동읍면동코드><법정동지번코드>1</법정동지번코드><아파트>현대아파트</아파트><월>2</월><일>4</일><일련번호>11650-85</일련번호><전용면적>84.34</전용면적><중개사소재지>서울 서초구</중개사소재지><지번>1346</지번><지역코드>11650</지역코드><층>5</층><해제사유발생일> </해제사유발생일><해제여부> </해제여부></item><item><거래금액>    37,500</거래금액><거래유형>중개거래</거래유형><건축년도>2003</건축년도><년>2023</년><도로명>효령로53길</도로명><도로명건물본번호코드>00045</도로명건물본번호코드><도로명건물부번호코드>00000</도로명건물부번호코드><도로명시군구코드>11650</도로명시군구코드><도로명일련번호코드>01</도로명일련번호코드><도로명지상지하코드>0</도로명지상지하코드><도로명코드>4163646</도로명코드><법정동> 서초동</법정동><법정동본번코드>1593</법정동본번코드><법정동부번코드>0007</법정동부번코드><법정동시군구코드>11650</법정동시군구코드><법정동읍면동코드>10800</법정동읍면동코드><법정동지번코드>1</법정동지번코드><아파트>서초이오빌</아파트><월>2</월><일>6</일><일련번호>11650-521</일련번호><전용면적>36.66</전용면적><중개사소재지>서울 서초구</중개사소재지><지번>1593-7</지번><지역코드>11650</지역코드><층>6</층><해제사유발생일> </해제사유발생일><해제여부> </해제여부></item><item><거래금액>   200,000</거래금액><거래유형>중개거래</거래유형><건축년도>2006</건축년도><년>2023</년><도로명>서운로</도로명><도로명건물본번호코드>00197</도로명건물본번호코드><도로명건물부번호코드>00000</도로명건물부번호코드><도로명시군구코드>11650</도로명시군구코드><도로명일련번호코드>00</도로명일련번호코드><도로명코드>3121016</도로명코드><법정동> 서초동</법정동><법정동본번코드>1312</법정동본번코드><법정동부번코드>0003</법정동부번코드><법정동시군구코드>11650</법정동시군구코드><법정동읍면동코드>10800</법정동읍면동코드><법정동지번코드>1</법정동지번코드><아파트>롯데캐슬클래식</아파트><월>2</월><일>9</일><일련번호>11650-3300</일련번호><전용면적>84.98</전용면적><중개사소재지>서울 서초구</중개사소재지><지번>1312-3</지번><지역코드>11650</지역코드><층>3</층><해제사유발생일> </해제사유발생일><해제여부> </해제여부></item><item><거래금액>   178,000</거래금액><거래유형>중개거래</거래유형><건축년도>2006</건축년도><년>2023</년><도로명>서운로</도로명><도로명건물본번호코드>00200</도로명건물본번호코드><도로명건물부번호코드>00000</도로명건물부번호코드><도로명시군구코드>11650</도로명시군구코드><도로명일련번호코드>01</도로명일련번호코드><도로명지상지하코드>0</도로명지상지하코드><도로명코드>3121016</도로명코드><법정동> 서초동</법정동><법정동본번코드>1312</법정동본번코드><법정동부번코드>0003</법정동부번코드><법정동시군구코드>11650</법정동시군구코드><법정동읍면동코드>10800</법정동읍면동코드><법정동지번코드>1</법정동지번코드><아파트>롯데캐슬클래식</아파트><월>2</월><일>9</일><일련번호>11650-3300</일련번호><전용면적>74.3</전용면적><중개사소재지>서울 서초구</중개사소재지><지번>1312-3</지번><지역코드>11650</지역코드><층>9</층><해제사유발생일> </해제사유발생일><해제여부> </해제여부></item><item><거래금액>   230,000</거래금액><거래유형>중개거래</거래유형><건축년도>2009</건축년도><년>2023</년><도로명>서운로</도로명><도로명건물본번호코드>00221</도로명건물본번호코드><도로명건물부번호코드>00000</도로명건물부번호코드><도로명시군구코드>11650</도로명시군구코드><도로명일련번호코드>01</도로명일련번호코드><도로명지상지하코드>0</도로명지상지하코드><도로명코드>3121016</도로명코드><법정동> 서초동</법정동><법정동본번코드>1301</법정동본번코드><법정동부번코드>0006</법정동부번코드><법정동시군구코드>11650</법정동시군구코드><법정동읍면동코드>10800</법정동읍면동코드><법정동지번코드>1</법정동지번코드><아파트>래미안서초스위트</아파트><월>2</월><일>10</일><일련번호>11650-3515</일련번호><전용면적>95.7555</전용면적><중개사소재지>서울 서대문구, 서울 서초구</중개사소재지><지번>1301-6</지번><지역코드>11650</지역코드><층>29</층><해제사유발생일> </해제사유발생일><해제여부> </해제여부></item><item><거래금액>   159,000</거래금액><거래유형>중개거래</거래유형><건축년도>1993</건축년도><년>2023</년><도로명>서초중앙로24길</도로명><도로명건물본번호코드>00043</도로명건물본번호코드><도로명건물부번호코드>00000</도로명건물부번호코드><도로명시군구코드>11650</도로명시군구코드><도로명일련번호코드>01</도로명일련번호코드><도로명지상지하코드>0</도로명지상지하코드><도로명코드>4163710</도로명코드><법정동> 서초동</법정동><법정동본번코드>1687</법정동본번코드><법정동부번코드>0000</법정동부번코드><법정동시군구코드>11650</법정동시군구코드><법정동읍면동코드>10800</법정동읍면동코드><법정동지번코드>1</법정동지번코드><아파트>유원서초</아파트><월>2</월><일>11</일><일련번호>11650-62</일련번호><전용면적>84.82</전용면적><중개사소재지>서울 서초구</중개사소재지><지번>1687</지번><지역코드>11650</지역코드><층>8</층><해제사유발생일> </해제사유발생일><해제여부> </해제여부></item><item><거래금액>    29,500</거래금액><거래유형>중개거래</거래유형><건축년도>2003</건축년도><년>2023</년><도로명>서초대로58길</도로명><도로명건물본번호코드>00010</도로명건물본번호코드><도로명건물부번호코드>00000</도로명건물부번호코드><도로명시군구코드>11650</도로명시군구코드><도로명일련번호코드>01</도로명일련번호코드><도로명지상지하코드>0</도로명지상지하코드><도로명코드>4163421</도로명코드><법정동> 서초동</법정동><법정동본번코드>1675</법정동본번코드><법정동부번코드>0011</법정동부번코드><법정동시군구코드>11650</법정동시군구코드><법정동읍면동코드>10800</법정동읍면동코드><법정동지번코드>1</법정동지번코드><아파트>서초대우아이빌</아파트><월>2</월><일>14</일><일련번호>11650-606</일련번호><전용면적>35.307</전용면적><중개사소재지>서울 서초구</중개사소재지><지번>1675-11</지번><지역코드>11650</지역코드><층>4</층><해제사유발생일> </해제사유발생일><해제여부> </해제여부></item><item><거래금액>    55,000</거래금액><거래유형>중개거래</거래유형><건축년도>2003</건축년도><년>2023</년><도로명>서초중앙로22길</도로명><도로명건물본번호코드>00025</도로명건물본번호코드><도로명건물부번호코드>00000</도로명건물부번호코드><도로명시군구코드>11650</도로명시군구코드><도로명일련번호코드>01</도로명일련번호코드><도로명지상지하코드>0</도로명지상지하코드><도로명코드>4163707</도로명코드><법정동> 서초동</법정동><법정동본번코드>1671</법정동본번코드><법정동부번코드>0005</법정동부번코드><법정동시군구코드>11650</법정동시군구코드><법정동읍면동코드>10800</법정동읍면동코드><법정동지번코드>1</법정동지번코드><아파트>대림서초리시온</아파트><월>2</월><일>16</일><일련번호>11650-605</일련번호><전용면적>42.21</전용면적><중개사소재지>서울 서초구</중개사소재지><지번>1671-5</지번><지역코드>11650</지역코드><층>14</층><해제사유발생일> </해제사유발생일><해제여부> </해제여부></item><item><거래금액>   165,000</거래금액><거래유형>중개거래</거래유형><건축년도>1993</건축년도><년>2023</년><도로명>서초중앙로24길</도로명><도로명건물본번호코드>00043</도로명건물본번호코드><도로명건물부번호코드>00000</도로명건물부번호코드><도로명시군구코드>11650</도로명시군구코드><도로명일련번호코드>01</도로명일련번호코드><도로명지상지하코드>0</도로명지상지하코드><도로명코드>4163710</도로명코드><법정동> 서초동</법정동><법정동본번코드>1687</법정동본번코드><법정동부번코드>0000</법정동부번코드><법정동시군구코드>11650</법정동시군구코드><법정동읍면동코드>10800</법정동읍면동코드><법정동지번코드>1</법정동지번코드><아파트>유원서초</아파트><월>2</월><일>18</일><일련번호>11650-62</일련번호><전용면적>84.87</전용면적><중개사소재지>서울 서초구</중개사소재지><지번>1687</지번><지역코드>11650</지역코드><층>5</층><해제사유발생일> </해제사유발생일><해제여부> </해제여부></item><item><거래금액>   273,000</거래금액><거래유형>중개거래</거래유형><건축년도>2017</건축년도><년>2023</년><도로명>서운로</도로명><도로명건물본번호코드>00201</도로명건물본번호코드><도로명건물부번호코드>00000</도로명건물부번호코드><도로명시군구코드>11650</도로명시군구코드><도로명일련번호코드>01</도로명일련번호코드><도로명지상지하코드>0</도로명지상지하코드><도로명코드>3121016</도로명코드><법정동> 서초동</법정동><법정동본번코드>1311</법정동본번코드><법정동부번코드>0010</법정동부번코드><법정동시군구코드>11650</법정동시군구코드><법정동읍면동코드>10800</법정동읍면동코드><법정동지번코드>1</법정동지번코드><아파트>서초푸르지오써밋</아파트><월>2</월><일>18</일><일련번호>11650-4550</일련번호><전용면적>104.4</전용면적><중개사소재지>서울 서초구</중개사소재지><지번>1311-10</지번><지역코드>11650</지역코드><층>19</층><해제사유발생일> </해제사유발생일><해제여부> </해제여부></item><item><거래금액>   285,000</거래금액><거래유형>중개거래</거래유형><건축년도>2003</건축년도><년>2023</년><도로명>서초중앙로</도로명><도로명건물본번호코드>00015</도로명건물본번호코드><도로명건물부번호코드>00000</도로명건물부번호코드><도로명시군구코드>11650</도로명시군구코드><도로명일련번호코드>03</도로명일련번호코드><도로명지상지하코드>0</도로명지상지하코드><도로명코드>3121024</도로명코드><법정동> 서초동</법정동><법정동본번코드>1446</법정동본번코드><법정동부번코드>0011</법정동부번코드><법정동시군구코드>11650</법정동시군구코드><법정동읍면동코드>10800</법정동읍면동코드><법정동지번코드>1</법정동지번코드><아파트>현대슈퍼빌</아파트><월>2</월><일>18</일><일련번호>11650-519</일련번호><전용면적>214.92</전용면적><중개사소재지>서울 서초구</중개사소재지><지번>1446-11</지번><지역코드>11650</지역코드><층>14</층><해제사유발생일> </해제사유발생일><해제여부> </해제여부></item><item><거래금액>   225,000</거래금액><거래유형>중개거래</거래유형><건축년도>2004</건축년도><년>2023</년><도로명>서초중앙로</도로명><도로명건물본번호코드>00188</도로명건물본번호코드><도로명건물부번호코드>00000</도로명건물부번호코드><도로명시군구코드>11650</도로명시군구코드><도로명일련번호코드>03</도로명일련번호코드><도로명지상지하코드>0</도로명지상지하코드><도로명코드>3121024</도로명코드><법정동> 서초동</법정동><법정동본번코드>1685</법정동본번코드><법정동부번코드>0003</법정동부번코드><법정동시군구코드>11650</법정동시군구코드><법정동읍면동코드>10800</법정동읍면동코드><법정동지번코드>1</법정동지번코드><아파트>아크로비스타</아파트><월>2</월><일>20</일><일련번호>11650-724</일련번호><전용면적>138.96</전용면적><중개사소재지>서울 서초구</중개사소재지><지번>1685-3</지번><지역코드>11650</지역코드><층>19</층><해제사유발생일> </해제사유발생일><해제여부> </해제여부></item><item><거래금액>   168,000</거래금액><거래유형>중개거래</거래유형><건축년도>2020</건축년도><년>2023</년><도로명>반포대로18길</도로명><도로명건물본번호코드>00036</도로명건물본번호코드><도로명건물부번호코드>00000</도로명건물부번호코드><도로명시군구코드>11650</도로명시군구코드><도로명일련번호코드>00</도로명일련번호코드><도로명지상지하코드>0</도로명지상지하코드><도로명코드>4163228</도로명코드><법정동> 서초동</법정동><법정동본번코드>1582</법정동본번코드><법정동부번코드>0003</법정동부번코드><법정동시군구코드>11650</법정동시군구코드><법정동읍면동코드>10800</법정동읍면동코드><법정동지번코드>1</법정동지번코드><아파트>서초센트럴IPARK</아파트><월>2</월><일>20</일><일련번호>11650-4827</일련번호><전용면적>80.5332</전용면적><중개사소재지>서울 서초구</중개사소재지><지번>1582-3</지번><지역코드>11650</지역코드><층>27</층><해제사유발생일> </해제사유발생일><해제여부> </해제여부></item><item><거래금액>    34,500</거래금액><거래유형>중개거래</거래유형><건축년도>2003</건축년도><년>2023</년><도로명>효령로53길</도로명><도로명건물본번호코드>00045</도로명건물본번호코드><도로명건물부번호코드>00000</도로명건물부번호코드><도로명시군구코드>11650</도로명시군구코드><도로명일련번호코드>01</도로명일련번호코드><도로명지상지하코드>0</도로명지상지하코드><도로명코드>4163646</도로명코드><법정동> 서초동</법정동><법정동본번코드>1593</법정동본번코드><법정동부번코드>0007</법정동부번코드><법정동시군구코드>11650</법정동시군구코드><법정동읍면동코드>10800</법정동읍면동코드><법정동지번코드>1</법정동지번코드><아파트>서초이오빌</아파트><월>2</월><일>22</일><일련번호>11650-521</일련번호><전용면적>36.66</전용면적><중개사소재지>서울 서초구</중개사소재지><지번>1593-7</지번><지역코드>11650</지역코드><층>19</층><해제사유발생일> </해제사유발생일><해제여부> </해제여부></item><item><거래금액>   183,500</거래금액><거래유형>중개거래</거래유형><건축년도>2006</건축년도><년>2023</년><도로명>서운로</도로명><도로명건물본번호코드>00200</도로명건물본번호코드><도로명건물부번호코드>00000</도로명건물부번호코드><도로명시군구코드>11650</도로명시군구코드><도로명일련번호코드>01</도로명일련번호코드><도로명지상지하코드>0</도로명지상지하코드><도로명코드>3121016</도로명코드><법정동> 서초동</법정동><법정동본번코드>1312</법정동본번코드><법정동부번코드>0003</법정동부번코드><법정동시군구코드>11650</법정동시군구코드><법정동읍면동코드>10800</법정동읍면동코드><법정동지번코드>1</법정동지번코드><아파트>롯데캐슬클래식</아파트><월>2</월><일>22</일><일련번호>11650-3300</일련번호><전용면적>74.3</전용면적><중개사소재지>서울 서초구</중개사소재지><지번>1312-3</지번><지역코드>11650</지역코드><층>14</층><해제사유발생일> </해제사유발생일><해제여부> </해제여부></item><item><거래금액>    36,000</거래금액><거래유형>중개거래</거래유형><건축년도>2004</건축년도><년>2023</년><도로명>효령로77길</도로명><도로명건물본번호코드>00014</도로명건물본번호코드><도로명건물부번호코드>00000</도로명건물부번호코드><도로명시군구코드>11650</도로명시군구코드><도로명일련번호코드>01</도로명일련번호코드><도로명지상지하코드>0</도로명지상지하코드><도로명코드>4163659</도로명코드><법정동> 서초동</법정동><법정동본번코드>1338</법정동본번코드><법정동부번코드>0001</법정동부번코드><법정동시군구코드>11650</법정동시군구코드><법정동읍면동코드>10800</법정동읍면동코드><법정동지번코드>1</법정동지번코드><아파트>풍림아이원플러스</아파트><월>2</월><일>25</일><일련번호>11650-701</일련번호><전용면적>35.903</전용면적><중개사소재지>서울 서초구</중개사소재지><지번>1338-1</지번><지역코드>11650</지역코드><층>10</층><해제사유발생일> </해제사유발생일><해제여부> </해제여부></item><item><거래금액>   250,000</거래금액><거래유형>중개거래</거래유형><건축년도>2003</건축년도><년>2023</년><도로명>서초중앙로</도로명><도로명건물본번호코드>00015</도로명건물본번호코드><도로명건물부번호코드>00000</도로명건물부번호코드><도로명시군구코드>11650</도로명시군구코드><도로명일련번호코드>03</도로명일련번호코드><도로명지상지하코드>0</도로명지상지하코드><도로명코드>3121024</도로명코드><법정동> 서초동</법정동><법정동본번코드>1446</법정동본번코드><법정동부번코드>0011</법정동부번코드><법정동시군구코드>11650</법정동시군구코드><법정동읍면동코드>10800</법정동읍면동코드><법정동지번코드>1</법정동지번코드><아파트>현대슈퍼빌</아파트><월>2</월><일>28</일><일련번호>11650-519</일련번호><전용면적>153.93</전용면적><중개사소재지>서울 서초구</중개사소재지><지번>1446-11</지번><지역코드>11650</지역코드><층>13</층><해제사유발생일> </해제사유발생일><해제여부> </해제여부></item></items><numOfRows>999</numOfRows><pageNo>1</pageNo><totalCount>75</totalCount></body></response>