<?xml version="1.0" encoding="UTF-8" standalone="yes"?><response><header><resultCode>00</resultCode><resultMsg>NORMAL SERVICE.</resultMsg></header><body><items><item><거래금액>   105,000</거래금액><거래유형>중개거래</거래유형><건축년도>2008</건축년도><년>2023</년><도로명>서소문로</도로명><도로명건물본번호코드>00043</도로명건물본번호코드><도로명건물부번호코드>00008</도로명건물부번호코드><도로명시군구코드>11410</도로명시군구코드><도로명일련번호코드>02</도로명일련번호코드><도로명지상지하코드>0</도로명지상지하코드><도로명코드>3005010</도로명코드><법정동> 합동</법정동><법정동본번코드>0118</법정동본번코드><법정동부번코드>0000</법정동부번코드><법정동시군구코드>11410</법정동시군구코드><법정동읍면동코드>10300</법정동읍면동코드><법정동지번코드>1</법정동지번코드><아파트>에스케이뷰</아파트><월>1</월><일>27</일><일련번호>11410-3838</일련번호><전용면적>84.98</전용면적><중개사소재지>서울 서대문구</중개사소재지><지번>118</지번><지역코드>11410</지역코드><층>11</층><해제사유발생일> </해제사유발생일><해제여부> </해제여부></item><item><거래금액>   110,000</거래금액><거래유형>중개거래</거래유형><건축년도>1995</건축년도><년>2023</년><도로명>독립문로</도로명><도로명건물본번호코드>00010</도로명건물본번호코드><도로명건물부번호코드>00000</도로명건물부번호코드><도로명시군구코드>11410</도로명시군구코드><도로명일련번호코드>04</도로명일련번호코드><도로명지상지하코드>0</도로명지상지하코드><도로명코드>3112005</도로명코드><법정동> 영천동</법정동><법정동본번코드>0100</법정동본번코드><법정동부번코드>0000</법정동부번코드><법정동시군구코드>11410</법정동시군구코드><법정동읍면동코드>10800</법정동읍면동코드><법정동지번코드>1</법정동지번코드><아파트>독립문삼호</아파트><월>1</월><일>21</일><일련번호>11410-9</일련번호><전용면적>114.63</전용면적><중개사소재지>서울 서대문구</중개사소재지><지번>100</지번><지역코드>11410</지역코드><층>9</층><해제사유발생일> </해제사유발생일><해제여부> </해제여부></item><item><거래금액>   153,000</거래금액><거래유형>중개거래</거래유형><건축년도>2018</건축년도><년>2023</년><도로명>북아현로1길</도로명><도로명건물본번호코드>00017</도로명건물본번호코드><도로명건물부번호코드>00000</도로명건물부번호코드><도로명시군구코드>11410</도로명시군구코드><도로명일련번호코드>01</도로명일련번호코드><도로명지상지하코드>0</도로명지상지하코드><도로명코드>4136122</도로명코드><법정동> 북아현동</법정동><법정동본번코드>0149</법정동본번코드><법정동부번코드>0000</법정동부번코드><법정동시군구코드>11410</법정동시군구코드><법정동읍면동코드>11000</법정동읍면동코드><법정동지번코드>1</법정동지번코드><아파트>e편한세상신촌2단지</아파트><월>1</월><일>13</일><일련번호>11410-4618</일련번호><전용면적>84.98</전용면적><중개사소재지>서울 서대문구</중개사소재지><지번>149</지번><지역코드>11410</지역코드><층>20</층><해제사유발생일> </해제사유발생일><해제여부> </해제여부></item><item><거래금액>   124,000</거래금액><거래유형>중개거래</거래유형><건축년도>2018</건축년도><년>2023</년><도로명>북아현로1가길</도로명><도로명건물본번호코드>00020</도로명건물본번호코드><도로명건물부번호코드>00000</도로명건물부번호코드><도로명시군구코드>11410</도로명시군구코드><도로명일련번호코드>01</도로명일련번호코드><도로명지상지하코드>0</도로명지상지하코드><도로명코드>4136121</도로명코드><법정동> 북아현동</법정동><법정동본번코드>1013</법정동본번코드><법정동부번코드>0000</법정동부번코드><법정동시군구코드>11410</법정동시군구코드><법정동읍면동코드>11000</법정동읍면동코드><법정동지번코드>1</법정동지번코드><아파트>e편한세상신촌1단지</아파트><월>1</월><일>18</일><일련번호>11410-4619</일련번호><전용면적>84.98</전용면적><중개사소재지>서울 마포구, 서울 서대문구</중개사소재지><지번>1013</지번><지역코드>11410</지역코드><층>7</층><해제사유발생일> </해제사유발생일><해제여부> </해제여부></item><item><거래금액>    67,500</거래금액><거래유형>중개거래</거래유형><건축년도>1999</건축년도><년>2023</년><도로명>이화여대8길</도로명><도로명건물본번호코드>00062</도로명건물본번호코드><도로명건물부번호코드>00000</도로명건물부번호코드><도로명시군구코드>11410</도로명시군구코드><도로명일련번호코드>01</도로명일련번호코드><도로명지상지하코드>0</도로명지상지하코드><도로명코드>4136321</도로명코드><법정동> 북아현동</법정동><법정동본번코드>1009</법정동본번코드><법정동부번코드>0000</법정동부번코드><법정동시군구코드>11410</법정동시군구코드><법정동읍면동코드>11000</법정동읍면동코드><법정동지번코드>1</법정동지번코드><아파트>두산</아파트><월>1</월><일>19</일><일련번호>11410-13</일련번호><전용면적>59.96</전용면적><중개사소재지>서울 마포구, 서울 서대문구</중개사소재지><지번>1009</지번><지역코드>11410</지역코드><층>18</층><해제사유발생일> </해제사유발생일><해제여부> </해제여부></item><item><거래금액>   118,500</거래금액><거래유형>중개거래</거래유형><건축년도>2018</건축년도><년>2023</년><도로명>북아현로</도로명><도로명건물본번호코드>00029</도로명건물본번호코드><도로명건물부번호코드>00000</도로명건물부번호코드><도로명시군구코드>11410</도로명시군구코드><도로명일련번호코드>01</도로명일련번호코드><도로명지상지하코드>0</도로명지상지하코드><도로명코드>3112006</도로명코드><법정동> 북아현동</법정동><법정동본번코드>0149</법정동본번코드><법정동부번코드>0000</법정동부번코드><법정동시군구코드>11410</법정동시군구코드><법정동읍면동코드>11000</법정동읍면동코드><법정동지번코드>1</법정동지번코드><아파트>e편한세상신촌3단지</아파트><월>1</월><일>19</일><일련번호>11410-4617</일련번호><전용면적>59.85</전용면적><중개사소재지>서울 서대문구</중개사소재지><지번>149</지번><지역코드>11410</지역코드><층>15</층><해제사유발생일> </해제사유발생일><해제여부> </해제여부></item><item><거래금액>   115,000</거래금액><거래유형>중개거래</거래유형><건축년도>2015</건축년도><년>2023</년><도로명>북아현로1길</도로명><도로명건물본번호코드>00050</도로명건물본번호코드><도로명건물부번호코드>00000</도로명건물부번호코드><도로명시군구코드>11410</도로명시군구코드><도로명일련번호코드>01</도로명일련번호코드><도로명지상지하코드>0</도로명지상지하코드><도로명코드>4136122</도로명코드><법정동> 북아현동</법정동><법정동본번코드>1011</법정동본번코드><법정동부번코드>0000</법정동부번코드><법정동시군구코드>11410</법정동시군구코드><법정동읍면동코드>11000</법정동읍면동코드><법정동지번코드>1</법정동지번코드><아파트>신촌푸르지오</아파트><월>1</월><일>27</일><일련번호>11410-4476</일련번호><전용면적>84.9738</전용면적><중개사소재지>서울 마포구, 서울 서대문구</중개사소재지><지번>1011</지번><지역코드>11410</지역코드><층>2</층><해제사유발생일> </해제사유발생일><해제여부> </해제여부></item><item><거래금액>   135,000</거래금액><거래유형>중개거래</거래유형><건축년도>2018</건축년도><년>2023</년><도로명>북아현로1가길</도로명><도로명건물본번호코드>00020</도로명건물본번호코드><도로명건물부번호코드>00000</도로명건물부번호코드><도로명시군구코드>11410</도로명시군구코드><도로명일련번호코드>01</도로명일련번호코드><도로명지상지하코드>0</도로명지상지하코드><도로명코드>4136121</도로명코드><법정동> 북아현동</법정동><법정동본번코드>1013</법정동본번코드><법정동부번코드>0000</법정동부번코드><법정동시군구코드>11410</법정동시군구코드><법정동읍면동코드>11000</법정동읍면동코드><법정동지번코드>1</법정동지번코드><아파트>e편한세상신촌1단지</아파트><월>1</월><일>28</일><일련번호>11410-4619</일련번호><전용면적>84.93</전용면적><중개사소재지>서울 서대문구</중개사소재지><지번>1013</지번><지역코드>11410</지역코드><층>7</층><해제사유발생일> </해제사유발생일><해제여부> </해제여부></item><item><거래금액>   108,000</거래금액><거래유형>중개거래</거래유형><건축년도>2018</건축년도><년>2023</년><도로명>북아현로1가길</도로명><도로명건물본번호코드>00020</도로명건물본번호코드><도로명건물부번호코드>00000</도로명건물부번호코드><도로명시군구코드>11410</도로명시군구코드><도로명일련번호코드>01</도로명일련번호코드><도로명지상지하코드>0</도로명지상지하코드><도로명코드>4136121</도로명코드><법정동> 북아현동</법정동><법정동본번코드>1013</법정동본번코드><법정동부번코드>0000</법정동부번코드><법정동시군구코드>11410</법정동시군구코드><법정동읍면동코드>11000</법정동읍면동코드><법정동지번코드>1</법정동지번코드><아파트>e편한세상신촌1단지</아파트><월>1</월><일>28</일><일련번호>11410-4619</일련번호><전용면적>59.85</전용면적><중개사소재지>경기 구리시, 서울 서대문구</중개사소재지><지번>1013</지번><지역코드>11410</지역코드><층>5</층><해제사유발생일> </해제사유발생일><해제여부> </해제여부></item><item><거래금액>    69,500</거래금액><거래유형>중개거래</거래유형><건축년도>2015</건축년도><년>2023</년><도로명>북아현로1길</도로명><도로명건물본번호코드>00050</도로명건물본번호코드><도로명건물부번호코드>00000</도로명건물부번호코드><도로명시군구코드>11410</도로명시군구코드><도로명일련번호코드>01</도로명일련번호코드><도로명지상지하코드>0</도로명지상지하코드><도로명코드>4136122</도로명코드><법정동> 북아현동</법정동><법정동본번코드>1011</법정동본번코드><법정동부번코드>0000</법정동부번코드><법정동시군구코드>11410</법정동시군구코드><법정동읍면동코드>11000</법정동읍면동코드><법정동지번코드>1</법정동지번코드><아파트>신촌푸르지오</아파트><월>1</월><일>31</일><일련번호>11410-4476</일련번호><전용면적>44.9401</전용면적><중개사소재지>서울 서대문구</중개사소재지><지번>1011</지번><지역코드>11410</지역코드><층>2</층><해제사유발생일> </해제사유발생일><해제여부> </해제여부></item><item><거래금액>    57,000</거래금액><거래유형>중개거래</거래유형><건축년도>2001</건축년도><년>2023</년><도로명>통일로</도로명><도로명건물본번호코드>00319</도로명건물본번호코드><도로명건물부번호코드>00000</도로명건물부번호코드><도로명시군구코드>11410</도로명시군구코드><도로명일련번호코드>08</도로명일련번호코드><도로명지상지하코드>0</도로명지상지하코드><도로명코드>3000008</도로명코드><법정동> 홍제동</법정동><법정동본번코드>0461</법정동본번코드><법정동부번코드>0000</법정동부번코드><법정동시군구코드>11410</법정동시군구코드><법정동읍면동코드>11100</법정동읍면동코드><법정동지번코드>1</법정동지번코드><아파트>홍제삼성래미안</아파트><월>1</월><일>12</일><일련번호>11410-71</일련번호><전용면적>60</전용면적><중개사소재지>서울 서대문구</중개사소재지><지번>461</지번><지역코드>11410</지역코드><층>1</층><해제사유발생일> </해제사유발생일><해제여부> </해제여부></item><item><거래금액>    69,000</거래금액><거래유형>중개거래</거래유형><건축년도>1994</건축년도><년>2023</년><도로명>통일로</도로명><도로명건물본번호코드>00348</도로명건물본번호코드><도로명건물부번호코드>00000</도로명건물부번호코드><도로명시군구코드>11410</도로명시군구코드><도로명일련번호코드>00</도로명일련번호코드><도로명코드>3000008</도로명코드><법정동> 홍제동</법정동><법정동본번코드>0453</법정동본번코드><법정동부번코드>0000</법정동부번코드><법정동시군구코드>11410</법정동시군구코드><법정동읍면동코드>11100</법정동읍면동코드><법정동지번코드>1</법정동지번코드><아파트>청구1차</아파트><월>1</월><일>16</일><일련번호>11410-63</일련번호><전용면적>84.78</전용면적><중개사소재지>서울 서대문구</중개사소재지><지번>453</지번><지역코드>11410</지역코드><층>7</층><해제사유발생일> </해제사유발생일><해제여부> </해제여부></item><item><거래금액>    65,500</거래금액><거래유형>중개거래</거래유형><건축년도>1994</건축년도><년>2023</년><도로명>통일로</도로명><도로명건물본번호코드>00348</도로명건물본번호코드><도로명건물부번호코드>00000</도로명건물부번호코드><도로명시군구코드>11410</도로명시군구코드><도로명일련번호코드>00</도로명일련번호코드><도로명코드>3000008</도로명코드><법정동> 홍제동</법정동><법정동본번코드>0453</법정동본번코드><법정동부번코드>0000</법정동부번코드><법정동시군구코드>11410</법정동시군구코드><법정동읍면동코드>11100</법정동읍면동코드><법정동지번코드>1</법정동지번코드><아파트>청구1차</아파트><월>1</월><일>17</일><일련번호>11410-63</일련번호><전용면적>84.78</전용면적><중개사소재지>서울 서대문구</중개사소재지><지번>453</지번><지역코드>11410</지역코드><층>1</층><해제사유발생일> </해제사유발생일><해제여부> </해제여부></item><item><거래금액>    95,000</거래금액><거래유형>중개거래</거래유형><건축년도>2020</건축년도><년>2023</년><도로명>통일로</도로명><도로명건물본번호코드>00395</도로명건물본번호코드><도로명건물부번호코드>00000</도로명건물부번호코드><도로명시군구코드>11410</도로명시군구코드><도로명일련번호코드>08</도로명일련번호코드><도로명지상지하코드>0</도로명지상지하코드><도로명코드>3000008</도로명코드><법정동> 홍제동</법정동><법정동본번코드>0473</법정동본번코드><법정동부번코드>0000</법정동부번코드><법정동시군구코드>11410</법정동시군구코드><법정동읍면동코드>11100</법정동읍면동코드><법정동지번코드>1</법정동지번코드><아파트>홍제센트럴IPARK</아파트><월>1</월><일>27</일><일련번호>11410-4769</일련번호><전용면적>84.9206</전용면적><중개사소재지>서울 도봉구, 서울 서대문구</중개사소재지><지번>473</지번><지역코드>11410</지역코드><층>14</층><해제사유발생일> </해제사유발생일><해제여부> </해제여부></item><item><거래금액>    73,000</거래금액><거래유형>중개거래</거래유형><건축년도>2003</건축년도><년>2023</년><도로명>세무서길</도로명><도로명건물본번호코드>00106</도로명건물본번호코드><도로명건물부번호코드>00012</도로명건물부번호코드><도로명시군구코드>11410</도로명시군구코드><도로명일련번호코드>01</도로명일련번호코드><도로명지상지하코드>0</도로명지상지하코드><도로명코드>4136195</도로명코드><법정동> 홍제동</법정동><법정동본번코드>0465</법정동본번코드><법정동부번코드>0000</법정동부번코드><법정동시군구코드>11410</법정동시군구코드><법정동읍면동코드>11100</법정동읍면동코드><법정동지번코드>1</법정동지번코드><아파트>인왕산벽산</아파트><월>1</월><일>31</일><일련번호>11410-59</일련번호><전용면적>84.63</전용면적><중개사소재지>서울 서대문구</중개사소재지><지번>465</지번><지역코드>11410</지역코드><층>14</층><해제사유발생일> </해제사유발생일><해제여부> </해제여부></item><item><거래금액>    85,000</거래금액><거래유형>중개거래</거래유형><건축년도>1999</건축년도><년>2023</년><도로명>이화여대길</도로명><도로명건물본번호코드>00050</도로명건물본번호코드><도로명건물부번호코드>00012</도로명건물부번호코드><도로명시군구코드>11410</도로명시군구코드><도로명일련번호코드>02</도로명일련번호코드><도로명지상지하코드>0</도로명지상지하코드><도로명코드>4136322</도로명코드><법정동> 대현동</법정동><법정동본번코드>0144</법정동본번코드><법정동부번코드>0000</법정동부번코드><법정동시군구코드>11410</법정동시군구코드><법정동읍면동코드>11200</법정동읍면동코드><법정동지번코드>1</법정동지번코드><아파트>럭키대현</아파트><월>1</월><일>14</일><일련번호>11410-22</일련번호><전용면적>83.38</전용면적><중개사소재지>서울 서대문구</중개사소재지><지번>144</지번><지역코드>11410</지역코드><층>8</층><해제사유발생일> </해제사유발생일><해제여부> </해제여부></item><item><거래금액>    61,700</거래금액><거래유형>직거래</거래유형><건축년도>1999</건축년도><년>2023</년><도로명>이화여대길</도로명><도로명건물본번호코드>00050</도로명건물본번호코드><도로명건물부번호코드>00012</도로명건물부번호코드><도로명시군구코드>11410</도로명시군구코드><도로명일련번호코드>02</도로명일련번호코드><도로명지상지하코드>0</도로명지상지하코드><도로명코드>4136322</도로명코드><법정동> 대현동</법정동><법정동본번코드>0144</법정동본번코드><법정동부번코드>0000</법정동부번코드><법정동시군구코드>11410</법정동시군구코드><법정동읍면동코드>11200</법정동읍면동코드><법정동지번코드>1</법정동지번코드><아파트>럭키대현</아파트><월>1</월><일>17</일><일련번호>11410-22</일련번호><전용면적>59.7</전용면적><중개사소재지> </중개사소재지><지번>144</지번><지역코드>11410</지역코드><층>11</층><해제사유발생일> </해제사유발생일><해제여부> </해제여부></item><item><거래금액>    90,000</거래금액><거래유형>중개거래</거래유형><건축년도>1999</건축년도><년>2023</년><도로명>이화여대길</도로명><도로명건물본번호코드>00050</도로명건물본번호코드><도로명건물부번호코드>00012</도로명건물부번호코드><도로명시군구코드>11410</도로명시군구코드><도로명일련번호코드>02</도로명일련번호코드><도로명지상지하코드>0</도로명지상지하코드><도로명코드>4136322</도로명코드><법정동> 대현동</법정동><법정동본번코드>0144</법정동본번코드><법정동부번코드>0000</법정동부번코드><법정동시군구코드>11410</법정동시군구코드><법정동읍면동코드>11200</법정동읍면동코드><법정동지번코드>1</법정동지번코드><아파트>럭키대현</아파트><월>1</월><일>24</일><일련번호>11410-22</일련번호><전용면적>83.38</전용면적><중개사소재지>서울 서대문구, 서울 영등포구</중개사소재지><지번>144</지번><지역코드>11410</지역코드><층>8</층><해제사유발생일> </해제사유발생일><해제여부> </해제여부></item><item><거래금액>    80,000</거래금액><거래유형>직거래</거래유형><건축년도>1996</건축년도><년>2023</년><도로명>신촌역로</도로명><도로명건물본번호코드>00010</도로명건물본번호코드><도로명건물부번호코드>00000</도로명건물부번호코드><도로명시군구코드>11410</도로명시군구코드><도로명일련번호코드>01</도로명일련번호코드><도로명지상지하코드>0</도로명지상지하코드><도로명코드>3112007</도로명코드><법정동> 대현동</법정동><법정동본번코드>0101</법정동본번코드><법정동부번코드>0007</법정동부번코드><법정동시군구코드>11410</법정동시군구코드><법정동읍면동코드>11200</법정동읍면동코드><법정동지번코드>1</법정동지번코드><아파트>혜우</아파트><월>1</월><일>26</일><일련번호>11410-24</일련번호><전용면적>129.27</전용면적><중개사소재지> </중개사소재지><지번>101-7</지번><지역코드>11410</지역코드><층>10</층><해제사유발생일> </해제사유발생일><해제여부> </해제여부></item><item><거래금액>    85,000</거래금액><거래유형>중개거래</거래유형><건축년도>2018</건축년도><년>2023</년><도로명>홍제천로</도로명><도로명건물본번호코드>00136</도로명건물본번호코드><도로명건물부번호코드>00000</도로명건물부번호코드><도로명시군구코드>11410</도로명시군구코드><도로명일련번호코드>00</도로명일련번호코드><도로명코드>3112013</도로명코드><법정동> 연희동</법정동><법정동본번코드>0747</법정동본번코드><법정동부번코드>0000</법정동부번코드><법정동시군구코드>11410</법정동시군구코드><법정동읍면동코드>11700</법정동읍면동코드><법정동지번코드>1</법정동지번코드><아파트>연희파크푸르지오</아파트><월>1</월><일>3</일><일련번호>11410-4767</일련번호><전용면적>84.8003</전용면적><중개사소재지>경기 화성시, 서울 서대문구</중개사소재지><지번>747</지번><지역코드>11410</지역코드><층>4</층><해제사유발생일> </해제사유발생일><해제여부> </해제여부></item><item><거래금액>    14,600</거래금액><거래유형>중개거래</거래유형><건축년도>2014</건축년도><년>2023</년><도로명>연희로5길</도로명><도로명건물본번호코드>00014</도로명건물본번호코드><도로명건물부번호코드>00000</도로명건물부번호코드><도로명시군구코드>11410</도로명시군구코드><도로명일련번호코드>01</도로명일련번호코드><도로명지상지하코드>0</도로명지상지하코드><도로명코드>4136303</도로명코드><법정동> 연희동</법정동><법정동본번코드>0745</법정동본번코드><법정동부번코드>0000</법정동부번코드><법정동시군구코드>11410</법정동시군구코드><법정동읍면동코드>11700</법정동읍면동코드><법정동지번코드>1</법정동지번코드><아파트>연희자이엘라</아파트><월>1</월><일>9</일><일련번호>11410-4254</일련번호><전용면적>13.642</전용면적><중개사소재지>서울 서대문구</중개사소재지><지번>745</지번><지역코드>11410</지역코드><층>9</층><해제사유발생일> </해제사유발생일><해제여부> </해제여부></item><item><거래금액>    14,850</거래금액><거래유형>중개거래</거래유형><건축년도>2014</건축년도><년>2023</년><도로명>연희로5길</도로명><도로명건물본번호코드>00014</도로명건물본번호코드><도로명건물부번호코드>00000</도로명건물부번호코드><도로명시군구코드>11410</도로명시군구코드><도로명일련번호코드>01</도로명일련번호코드><도로명지상지하코드>0</도로명지상지하코드><도로명코드>4136303</도로명코드><법정동> 연희동</법정동><법정동본번코드>0745</법정동본번코드><법정동부번코드>0000</법정동부번코드><법정동시군구코드>11410</법정동시군구코드><법정동읍면동코드>11700</법정동읍면동코드><법정동지번코드>1</법정동지번코드><아파트>연희자이엘라</아파트><월>1</월><일>10</일><일련번호>11410-4254</일련번호><전용면적>13.642</전용면적><중개사소재지>서울 서대문구</중개사소재지><지번>745</지번><지역코드>11410</지역코드><층>7</층><해제사유발생일> </해제사유발생일><해제여부> </해제여부></item><item><거래금액>    74,000</거래금액><거래유형>중개거래</거래유형><건축년도>1993</건축년도><년>2023</년><도로명>연희로32길</도로명><도로명건물본번호코드>00020</도로명건물본번호코드><도로명건물부번호코드>00000</도로명건물부번호코드><도로명시군구코드>11410</도로명시군구코드><도로명일련번호코드>01</도로명일련번호코드><도로명지상지하코드>0</도로명지상지하코드><도로명코드>4136283</도로명코드><법정동> 연희동</법정동><법정동본번코드>0700</법정동본번코드><법정동부번코드>0000</법정동부번코드><법정동시군구코드>11410</법정동시군구코드><법정동읍면동코드>11700</법정동읍면동코드><법정동지번코드>1</법정동지번코드><아파트>대림</아파트><월>1</월><일>11</일><일련번호>11410-27</일련번호><전용면적>84.74</전용면적><중개사소재지>서울 서대문구</중개사소재지><지번>700</지번><지역코드>11410</지역코드><층>5</층><해제사유발생일> </해제사유발생일><해제여부> </해제여부></item><item><거래금액>    82,000</거래금액><거래유형>중개거래</거래유형><건축년도>2002</건축년도><년>2023</년><도로명>연희로</도로명><도로명건물본번호코드>00038</도로명건물본번호코드><도로명건물부번호코드>00020</도로명건물부번호코드><도로명시군구코드>11410</도로명시군구코드><도로명일련번호코드>02</도로명일련번호코드><도로명지상지하코드>0</도로명지상지하코드><도로명코드>3112019</도로명코드><법정동> 연희동</법정동><법정동본번코드>0739</법정동본번코드><법정동부번코드>0000</법정동부번코드><법정동시군구코드>11410</법정동시군구코드><법정동읍면동코드>11700</법정동읍면동코드><법정동지번코드>1</법정동지번코드><아파트>대우푸르지오</아파트><월>1</월><일>19</일><일련번호>11410-28</일련번호><전용면적>84.706</전용면적><중개사소재지>서울 서대문구</중개사소재지><지번>739</지번><지역코드>11410</지역코드><층>20</층><해제사유발생일> </해제사유발생일><해제여부> </해제여부></item><item><거래금액>    90,000</거래금액><거래유형>중개거래</거래유형><건축년도>2018</건축년도><년>2023</년><도로명>홍제천로</도로명><도로명건물본번호코드>00136</도로명건물본번호코드><도로명건물부번호코드>00000</도로명건물부번호코드><도로명시군구코드>11410</도로명시군구코드><도로명일련번호코드>00</도로명일련번호코드><도로명코드>3112013</도로명코드><법정동> 연희동</법정동><법정동본번코드>0747</법정동본번코드><법정동부번코드>0000</법정동부번코드><법정동시군구코드>11410</법정동시군구코드><법정동읍면동코드>11700</법정동읍면동코드><법정동지번코드>1</법정동지번코드><아파트>연희파크푸르지오</아파트><월>1</월><일>21</일><일련번호>11410-4767</일련번호><전용면적>84.8003</전용면적><중개사소재지>서울 서대문구</중개사소재지><지번>747</지번><지역코드>11410</지역코드><층>3</층><해제사유발생일> </해제사유발생일><해제여부> </해제여부></item><item><거래금액>    59,500</거래금액><거래유형>중개거래</거래유형><건축년도>1997</건축년도><년>2023</년><도로명>세검정로1길</도로명><도로명건물본번호코드>00095</도로명건물본번호코드><도로명건물부번호코드>00000</도로명건물부번호코드><도로명시군구코드>11410</도로명시군구코드><도로명일련번호코드>01</도로명일련번호코드><도로명지상지하코드>0</도로명지상지하코드><도로명코드>4136176</도로명코드><법정동> 홍은동</법정동><법정동본번코드>0455</법정동본번코드><법정동부번코드>0000</법정동부번코드><법정동시군구코드>11410</법정동시군구코드><법정동읍면동코드>11800</법정동읍면동코드><법정동지번코드>1</법정동지번코드><아파트>홍은동벽산</아파트><월>1</월><일>13</일><일련번호>11410-85</일련번호><전용면적>84.96</전용면적><중개사소재지>서울 서대문구</중개사소재지><지번>455</지번><지역코드>11410</지역코드><층>15</층><해제사유발생일> </해제사유발생일><해제여부> </해제여부></item><item><거래금액>    38,000</거래금액><거래유형>중개거래</거래유형><건축년도>1987</건축년도><년>2023</년><도로명>홍은중앙로1길</도로명><도로명건물본번호코드>00033</도로명건물본번호코드><도로명건물부번호코드>00000</도로명건물부번호코드><도로명시군구코드>11410</도로명시군구코드><도로명일련번호코드>01</도로명일련번호코드><도로명지상지하코드>0</도로명지상지하코드><도로명코드>4136428</도로명코드><법정동> 홍은동</법정동><법정동본번코드>0022</법정동본번코드><법정동부번코드>0000</법정동부번코드><법정동시군구코드>11410</법정동시군구코드><법정동읍면동코드>11800</법정동읍면동코드><법정동지번코드>1</법정동지번코드><아파트>유원</아파트><월>1</월><일>17</일><일련번호>11410-89</일련번호><전용면적>54.54</전용면적><중개사소재지>서울 서대문구</중개사소재지><지번>22</지번><지역코드>11410</지역코드><층>9</층><해제사유발생일> </해제사유발생일><해제여부> </해제여부></item><item><거래금액>    40,500</거래금액><거래유형>직거래</거래유형><건축년도>2012</건축년도><년>2023</년><도로명>연희로37길</도로명><도로명건물본번호코드>00025</도로명건물본번호코드><도로명건물부번호코드>00014</도로명건물부번호코드><도로명시군구코드>11410</도로명시군구코드><도로명일련번호코드>01</도로명일련번호코드><도로명지상지하코드>0</도로명지상지하코드><도로명코드>4136289</도로명코드><법정동> 홍은동</법정동><법정동본번코드>0265</법정동본번코드><법정동부번코드>0350</법정동부번코드><법정동시군구코드>11410</법정동시군구코드><법정동읍면동코드>11800</법정동읍면동코드><법정동지번코드>1</법정동지번코드><아파트>홍은드림아파트</아파트><월>1</월><일>17</일><일련번호>11410-3751</일련번호><전용면적>84.9</전용면적><중개사소재지> </중개사소재지><지번>265-350</지번><지역코드>11410</지역코드><층>4</층><해제사유발생일> </해제사유발생일><해제여부> </해제여부></item><item><거래금액>    51,000</거래금액><거래유형>중개거래</거래유형><건축년도>1997</건축년도><년>2023</년><도로명>세검정로1길</도로명><도로명건물본번호코드>00095</도로명건물본번호코드><도로명건물부번호코드>00000</도로명건물부번호코드><도로명시군구코드>11410</도로명시군구코드><도로명일련번호코드>01</도로명일련번호코드><도로명지상지하코드>0</도로명지상지하코드><도로명코드>4136176</도로명코드><법정동> 홍은동</법정동><법정동본번코드>0455</법정동본번코드><법정동부번코드>0000</법정동부번코드><법정동시군구코드>11410</법정동시군구코드><법정동읍면동코드>11800</법정동읍면동코드><법정동지번코드>1</법정동지번코드><아파트>홍은동벽산</아파트><월>1</월><일>18</일><일련번호>11410-85</일련번호><전용면적>58.64</전용면적><중개사소재지>서울 서대문구</중개사소재지><지번>455</지번><지역코드>11410</지역코드><층>2</층><해제사유발생일> </해제사유발생일><해제여부> </해제여부></item><item><거래금액>    50,800</거래금액><거래유형>중개거래</거래유형><건축년도>2002</건축년도><년>2023</년><도로명>홍은중앙로</도로명><도로명건물본번호코드>00149</도로명건물본번호코드><도로명건물부번호코드>00000</도로명건물부번호코드><도로명시군구코드>11410</도로명시군구코드><도로명일련번호코드>01</도로명일련번호코드><도로명지상지하코드>0</도로명지상지하코드><도로명코드>3112012</도로명코드><법정동> 홍은동</법정동><법정동본번코드>0460</법정동본번코드><법정동부번코드>0000</법정동부번코드><법정동시군구코드>11410</법정동시군구코드><법정동읍면동코드>11800</법정동읍면동코드><법정동지번코드>1</법정동지번코드><아파트>홍은동풍림아이원</아파트><월>1</월><일>24</일><일련번호>11410-96</일련번호><전용면적>116.101</전용면적><중개사소재지>서울 서대문구</중개사소재지><지번>460</지번><지역코드>11410</지역코드><층>1</층><해제사유발생일> </해제사유발생일><해제여부> </해제여부></item><item><거래금액>    73,000</거래금액><거래유형>중개거래</거래유형><건축년도>2017</건축년도><년>2023</년><도로명>통일로</도로명><도로명건물본번호코드>00510</도로명건물본번호코드><도로명건물부번호코드>00000</도로명건물부번호코드><도로명시군구코드>11410</도로명시군구코드><도로명일련번호코드>09</도로명일련번호코드><도로명지상지하코드>0</도로명지상지하코드><도로명코드>3000008</도로명코드><법정동> 홍은동</법정동><법정동본번코드>0464</법정동본번코드><법정동부번코드>0000</법정동부번코드><법정동시군구코드>11410</법정동시군구코드><법정동읍면동코드>11800</법정동읍면동코드><법정동지번코드>1</법정동지번코드><아파트>북한산더샵</아파트><월>1</월><일>24</일><일련번호>11410-4702</일련번호><전용면적>59.899</전용면적><중개사소재지>서울 서대문구</중개사소재지><지번>464</지번><지역코드>11410</지역코드><층>8</층><해제사유발생일> </해제사유발생일><해제여부> </해제여부></item><item><거래금액>    90,000</거래금액><거래유형>중개거래</거래유형><건축년도>2017</건축년도><년>2023</년><도로명>통일로</도로명><도로명건물본번호코드>00510</도로명건물본번호코드><도로명건물부번호코드>00000</도로명건물부번호코드><도로명시군구코드>11410</도로명시군구코드><도로명일련번호코드>09</도로명일련번호코드><도로명지상지하코드>0</도로명지상지하코드><도로명코드>3000008</도로명코드><법정동> 홍은동</법정동><법정동본번코드>0464</법정동본번코드><법정동부번코드>0000</법정동부번코드><법정동시군구코드>11410</법정동시군구코드><법정동읍면동코드>11800</법정동읍면동코드><법정동지번코드>1</법정동지번코드><아파트>북한산더샵</아파트><월>1</월><일>26</일><일련번호>11410-4702</일련번호><전용면적>84.747</전용면적><중개사소재지>서울 서대문구</중개사소재지><지번>464</지번><지역코드>11410</지역코드><층>7</층><해제사유발생일> </해제사유발생일><해제여부> </해제여부></item><item><거래금액>    50,000</거래금액><거래유형>직거래</거래유형><건축년도>1985</건축년도><년>2023</년><도로명>연희로41길</도로명><도로명건물본번호코드>00114</도로명건물본번호코드><도로명건물부번호코드>00000</도로명건물부번호코드><도로명시군구코드>11410</도로명시군구코드><도로명일련번호코드>00</도로명일련번호코드><도로명지상지하코드>0</도로명지상지하코드><도로명코드>4136298</도로명코드><법정동> 홍은동</법정동><법정동본번코드>0186</법정동본번코드><법정동부번코드>0001</법정동부번코드><법정동시군구코드>11410</법정동시군구코드><법정동읍면동코드>11800</법정동읍면동코드><법정동지번코드>1</법정동지번코드><아파트>홍은미성</아파트><월>1</월><일>27</일><일련번호>11410-84</일련번호><전용면적>83.61</전용면적><중개사소재지> </중개사소재지><지번>186-1</지번><지역코드>11410</지역코드><층>8</층><해제사유발생일>23.02.21</해제사유발생일><해제여부>O</해제여부></item><item><거래금액>    67,000</거래금액><거래유형>중개거래</거래유형><건축년도>1996</건축년도><년>2023</년><도로명>거북골로</도로명><도로명건물본번호코드>00154</도로명건물본번호코드><도로명건물부번호코드>00000</도로명건물부번호코드><도로명시군구코드>11410</도로명시군구코드><도로명일련번호코드>02</도로명일련번호코드><도로명지상지하코드>0</도로명지상지하코드><도로명코드>3112003</도로명코드><법정동> 북가좌동</법정동><법정동본번코드>0449</법정동본번코드><법정동부번코드>0000</법정동부번코드><법정동시군구코드>11410</법정동시군구코드><법정동읍면동코드>11900</법정동읍면동코드><법정동지번코드>1</법정동지번코드><아파트>북가좌삼호</아파트><월>1</월><일>15</일><일련번호>11410-106</일련번호><전용면적>75.75</전용면적><중개사소재지>경기 고양덕양구, 서울 서대문구</중개사소재지><지번>449</지번><지역코드>11410</지역코드><층>15</층><해제사유발생일> </해제사유발생일><해제여부> </해제여부></item><item><거래금액>    94,200</거래금액><거래유형>중개거래</거래유형><건축년도>2012</건축년도><년>2023</년><도로명>수색로</도로명><도로명건물본번호코드>00100</도로명건물본번호코드><도로명건물부번호코드>00000</도로명건물부번호코드><도로명시군구코드>11410</도로명시군구코드><도로명일련번호코드>01</도로명일련번호코드><도로명지상지하코드>0</도로명지상지하코드><도로명코드>3005054</도로명코드><법정동> 북가좌동</법정동><법정동본번코드>0481</법정동본번코드><법정동부번코드>0000</법정동부번코드><법정동시군구코드>11410</법정동시군구코드><법정동읍면동코드>11900</법정동읍면동코드><법정동지번코드>1</법정동지번코드><아파트>DMC래미안e편한세상</아파트><월>1</월><일>16</일><일련번호>11410-4085</일련번호><전용면적>84.95</전용면적><중개사소재지>서울 서대문구</중개사소재지><지번>481</지번><지역코드>11410</지역코드><층>2</층><해제사유발생일> </해제사유발생일><해제여부> </해제여부></item><item><거래금액>    84,000</거래금액><거래유형>중개거래</거래유형><건축년도>2012</건축년도><년>2023</년><도로명>수색로</도로명><도로명건물본번호코드>00100</도로명건물본번호코드><도로명건물부번호코드>00000</도로명건물부번호코드><도로명시군구코드>11410</도로명시군구코드><도로명일련번호코드>01</도로명일련번호코드><도로명지상지하코드>0</도로명지상지하코드><도로명코드>3005054</도로명코드><법정동> 북가좌동</법정동><법정동본번코드>0481</법정동본번코드><법정동부번코드>0000</법정동부번코드><법정동시군구코드>11410</법정동시군구코드><법정동읍면동코드>11900</법정동읍면동코드><법정동지번코드>1</법정동지번코드><아파트>DMC래미안e편한세상</아파트><월>1</월><일>16</일><일련번호>11410-4085</일련번호><전용면적>59.97</전용면적><중개사소재지>서울 서대문구</중개사소재지><지번>481</지번><지역코드>11410</지역코드><층>4</층><해제사유발생일> </해제사유발생일><해제여부> </해제여부></item><item><거래금액>    70,000</거래금액><거래유형>중개거래</거래유형><건축년도>2005</건축년도><년>2023</년><도로명>수색로</도로명><도로명건물본번호코드>00147</도로명건물본번호코드><도로명건물부번호코드>00001</도로명건물부번호코드><도로명시군구코드>11410</도로명시군구코드><도로명일련번호코드>01</도로명일련번호코드><도로명지상지하코드>0</도로명지상지하코드><도로명코드>3005054</도로명코드><법정동> 북가좌동</법정동><법정동본번코드>0455</법정동본번코드><법정동부번코드>0000</법정동부번코드><법정동시군구코드>11410</법정동시군구코드><법정동읍면동코드>11900</법정동읍면동코드><법정동지번코드>1</법정동지번코드><아파트>신일해피트리</아파트><월>1</월><일>29</일><일련번호>11410-3517</일련번호><전용면적>84.98</전용면적><중개사소재지>서울 서대문구</중개사소재지><지번>455</지번><지역코드>11410</지역코드><층>7</층><해제사유발생일> </해제사유발생일><해제여부> </해제여부></item><item><거래금액>    70,000</거래금액><거래유형>중개거래</거래유형><건축년도>2005</건축년도><년>2023</년><도로명>수색로</도로명><도로명건물본번호코드>00147</도로명건물본번호코드><도로명건물부번호코드>00001</도로명건물부번호코드><도로명시군구코드>11410</도로명시군구코드><도로명일련번호코드>01</도로명일련번호코드><도로명지상지하코드>0</도로명지상지하코드><도로명코드>3005054</도로명코드><법정동> 북가좌동</법정동><법정동본번코드>0455</법정동본번코드><법정동부번코드>0000</법정동부번코드><법정동시군구코드>11410</법정동시군구코드><법정동읍면동코드>11900</법정동읍면동코드><법정동지번코드>1</법정동지번코드><아파트>신일해피트리</아파트><월>1</월><일>30</일><일련번호>11410-3517</일련번호><전용면적>84.98</전용면적><중개사소재지>서울 서대문구</중개사소재지><지번>455</지번><지역코드>11410</지역코드><층>3</층><해제사유발생일> </해제사유발생일><해제여부> </해제여부></item><item><거래금액>    85,000</거래금액><거래유형>중개거래</거래유형><건축년도>2019</건축년도><년>2023</년><도로명>거북골로</도로명><도로명건물본번호코드>00084</도로명건물본번호코드><도로명건물부번호코드>00000</도로명건물부번호코드><도로명시군구코드>11410</도로명시군구코드><도로명일련번호코드>03</도로명일련번호코드><도로명코드>3112003</도로명코드><법정동> 남가좌동</법정동><법정동본번코드>0389</법정동본번코드><법정동부번코드>0000</법정동부번코드><법정동시군구코드>11410</법정동시군구코드><법정동읍면동코드>12000</법정동읍면동코드><법정동지번코드>1</법정동지번코드><아파트>DMC에코자이</아파트><월>1</월><일>7</일><일련번호>11410-4818</일련번호><전용면적>59.79</전용면적><중개사소재지>서울 서대문구</중개사소재지><지번>389</지번><지역코드>11410</지역코드><층>14</층><해제사유발생일> </해제사유발생일><해제여부> </해제여부></item><item><거래금액>    59,000</거래금액><거래유형>중개거래</거래유형><건축년도>1999</건축년도><년>2023</년><도로명>가재울로</도로명><도로명건물본번호코드>00045</도로명건물본번호코드><도로명건물부번호코드>00000</도로명건물부번호코드><도로명시군구코드>11410</도로명시군구코드><도로명일련번호코드>01</도로명일련번호코드><도로명지상지하코드>0</도로명지상지하코드><도로명코드>3112001</도로명코드><법정동> 남가좌동</법정동><법정동본번코드>0376</법정동본번코드><법정동부번코드>0000</법정동부번코드><법정동시군구코드>11410</법정동시군구코드><법정동읍면동코드>12000</법정동읍면동코드><법정동지번코드>1</법정동지번코드><아파트>남가좌동현대</아파트><월>1</월><일>9</일><일련번호>11410-104</일련번호><전용면적>59.4</전용면적><중개사소재지>서울 서대문구</중개사소재지><지번>376</지번><지역코드>11410</지역코드><층>9</층><해제사유발생일> </해제사유발생일><해제여부> </해제여부></item><item><거래금액>    55,500</거래금액><거래유형>중개거래</거래유형><건축년도>1999</건축년도><년>2023</년><도로명>가재울로</도로명><도로명건물본번호코드>00045</도로명건물본번호코드><도로명건물부번호코드>00000</도로명건물부번호코드><도로명시군구코드>11410</도로명시군구코드><도로명일련번호코드>01</도로명일련번호코드><도로명지상지하코드>0</도로명지상지하코드><도로명코드>3112001</도로명코드><법정동> 남가좌동</법정동><법정동본번코드>0376</법정동본번코드><법정동부번코드>0000</법정동부번코드><법정동시군구코드>11410</법정동시군구코드><법정동읍면동코드>12000</법정동읍면동코드><법정동지번코드>1</법정동지번코드><아파트>남가좌동현대</아파트><월>1</월><일>16</일><일련번호>11410-104</일련번호><전용면적>84.78</전용면적><중개사소재지>경기 고양일산서구</중개사소재지><지번>376</지번><지역코드>11410</지역코드><층>10</층><해제사유발생일> </해제사유발생일><해제여부> </해제여부></item><item><거래금액>    60,000</거래금액><거래유형>중개거래</거래유형><건축년도>1999</건축년도><년>2023</년><도로명>가재울로</도로명><도로명건물본번호코드>00045</도로명건물본번호코드><도로명건물부번호코드>00000</도로명건물부번호코드><도로명시군구코드>11410</도로명시군구코드><도로명일련번호코드>01</도로명일련번호코드><도로명지상지하코드>0</도로명지상지하코드><도로명코드>3112001</도로명코드><법정동> 남가좌동</법정동><법정동본번코드>0376</법정동본번코드><법정동부번코드>0000</법정동부번코드><법정동시군구코드>11410</법정동시군구코드><법정동읍면동코드>12000</법정동읍면동코드><법정동지번코드>1</법정동지번코드><아파트>남가좌동현대</아파트><월>1</월><일>19</일><일련번호>11410-104</일련번호><전용면적>59.4</전용면적><중개사소재지>서울 서대문구</중개사소재지><지번>376</지번><지역코드>11410</지역코드><층>4</층><해제사유발생일> </해제사유발생일><해제여부> </해제여부></item><item><거래금액>    89,000</거래금액><거래유형>중개거래</거래유형><건축년도>2009</건축년도><년>2023</년><도로명>거북골로</도로명><도로명건물본번호코드>00120</도로명건물본번호코드><도로명건물부번호코드>00000</도로명건물부번호코드><도로명시군구코드>11410</도로명시군구코드><도로명일련번호코드>03</도로명일련번호코드><도로명지상지하코드>0</도로명지상지하코드><도로명코드>3112003</도로명코드><법정동> 남가좌동</법정동><법정동본번코드>0381</법정동본번코드><법정동부번코드>0000</법정동부번코드><법정동시군구코드>11410</법정동시군구코드><법정동읍면동코드>12000</법정동읍면동코드><법정동지번코드>1</법정동지번코드><아파트>DMC센트레빌</아파트><월>1</월><일>20</일><일련번호>11410-3900</일련번호><전용면적>84.97</전용면적><중개사소재지>서울 서대문구</중개사소재지><지번>381</지번><지역코드>11410</지역코드><층>2</층><해제사유발생일> </해제사유발생일><해제여부> </해제여부></item><item><거래금액>    90,000</거래금액><거래유형>중개거래</거래유형><건축년도>2015</건축년도><년>2023</년><도로명>가재울미래로</도로명><도로명건물본번호코드>00002</도로명건물본번호코드><도로명건물부번호코드>00000</도로명건물부번호코드><도로명시군구코드>11410</도로명시군구코드><도로명일련번호코드>01</도로명일련번호코드><도로명지상지하코드>0</도로명지상지하코드><도로명코드>3351018</도로명코드><법정동> 남가좌동</법정동><법정동본번코드>0384</법정동본번코드><법정동부번코드>0000</법정동부번코드><법정동시군구코드>11410</법정동시군구코드><법정동읍면동코드>12000</법정동읍면동코드><법정동지번코드>1</법정동지번코드><아파트>DMC파크뷰자이2단지</아파트><월>1</월><일>20</일><일련번호>11410-4480</일련번호><전용면적>59.981</전용면적><중개사소재지>서울 서대문구</중개사소재지><지번>384</지번><지역코드>11410</지역코드><층>17</층><해제사유발생일> </해제사유발생일><해제여부> </해제여부></item><item><거래금액>    85,000</거래금액><거래유형>중개거래</거래유형><건축년도>2019</건축년도><년>2023</년><도로명>거북골로</도로명><도로명건물본번호코드>00084</도로명건물본번호코드><도로명건물부번호코드>00000</도로명건물부번호코드><도로명시군구코드>11410</도로명시군구코드><도로명일련번호코드>03</도로명일련번호코드><도로명코드>3112003</도로명코드><법정동> 남가좌동</법정동><법정동본번코드>0389</법정동본번코드><법정동부번코드>0000</법정동부번코드><법정동시군구코드>11410</법정동시군구코드><법정동읍면동코드>12000</법정동읍면동코드><법정동지번코드>1</법정동지번코드><아파트>DMC에코자이</아파트><월>1</월><일>24</일><일련번호>11410-4818</일련번호><전용면적>59.79</전용면적><중개사소재지>서울 서대문구</중개사소재지><지번>389</지번><지역코드>11410</지역코드><층>6</층><해제사유발생일> </해제사유발생일><해제여부> </해제여부></item><item><거래금액>    83,500</거래금액><거래유형>중개거래</거래유형><건축년도>2019</건축년도><년>2023</년><도로명>거북골로</도로명><도로명건물본번호코드>00084</도로명건물본번호코드><도로명건물부번호코드>00000</도로명건물부번호코드><도로명시군구코드>11410</도로명시군구코드><도로명일련번호코드>03</도로명일련번호코드><도로명코드>3112003</도로명코드><법정동> 남가좌동</법정동><법정동본번코드>0389</법정동본번코드><법정동부번코드>0000</법정동부번코드><법정동시군구코드>11410</법정동시군구코드><법정동읍면동코드>12000</법정동읍면동코드><법정동지번코드>1</법정동지번코드><아파트>DMC에코자이</아파트><월>1</월><일>26</일><일련번호>11410-4818</일련번호><전용면적>59.79</전용면적><중개사소재지>서울 서대문구</중개사소재지><지번>389</지번><지역코드>11410</지역코드><층>16</층><해제사유발생일> </해제사유발생일><해제여부> </해제여부></item><item><거래금액>    90,000</거래금액><거래유형>중개거래</거래유형><건축년도>2015</건축년도><년>2023</년><도로명>가재울미래로</도로명><도로명건물본번호코드>00002</도로명건물본번호코드><도로명건물부번호코드>00000</도로명건물부번호코드><도로명시군구코드>11410</도로명시군구코드><도로명일련번호코드>01</도로명일련번호코드><도로명지상지하코드>0</도로명지상지하코드><도로명코드>3351018</도로명코드><법정동> 남가좌동</법정동><법정동본번코드>0383</법정동본번코드><법정동부번코드>0000</법정동부번코드><법정동시군구코드>11410</법정동시군구코드><법정동읍면동코드>12000</법정동읍면동코드><법정동지번코드>1</법정동지번코드><아파트>DMC파크뷰자이5단지</아파트><월>1</월><일>27</일><일련번호>11410-4483</일련번호><전용면적>59.981</전용면적><중개사소재지>서울 서대문구</중개사소재지><지번>383</지번><지역코드>11410</지역코드><층>10</층><해제사유발생일> </해제사유발생일><해제여부> </해제여부></item><item><거래금액>    60,300</거래금액><거래유형>중개거래</거래유형><건축년도>1999</건축년도><년>2023</년><도로명>가재울로</도로명><도로명건물본번호코드>00045</도로명건물본번호코드><도로명건물부번호코드>00000</도로명건물부번호코드><도로명시군구코드>11410</도로명시군구코드><도로명일련번호코드>01</도로명일련번호코드><도로명지상지하코드>0</도로명지상지하코드><도로명코드>3112001</도로명코드><법정동> 남가좌동</법정동><법정동본번코드>0376</법정동본번코드><법정동부번코드>0000</법정동부번코드><법정동시군구코드>11410</법정동시군구코드><법정동읍면동코드>12000</법정동읍면동코드><법정동지번코드>1</법정동지번코드><아파트>남가좌동현대</아파트><월>1</월><일>29</일><일련번호>11410-104</일련번호><전용면적>59.4</전용면적><중개사소재지>서울 서대문구</중개사소재지><지번>376</지번><지역코드>11410</지역코드><층>9</층><해제사유발생일> </해제사유발생일><해제여부> </해제여부></item></items><numOfRows>999</numOfRows><pageNo>1</pageNo><totalCount>48</totalCount></body></response>