<?xml version="1.0" encoding="UTF-8" standalone="yes"?><response><header><resultCode>00</resultCode><resultMsg>NORMAL SERVICE.</resultMsg></header><body><items><item><거래금액>   148,000</거래금액><거래유형>중개거래</거래유형><건축년도>2018</건축년도><년>2022</년><도로명>북아현로1가길</도로명><도로명건물본번호코드>00020</도로명건물본번호코드><도로명건물부번호코드>00000</도로명건물부번호코드><도로명시군구코드>11410</도로명시군구코드><도로명일련번호코드>01</도로명일련번호코드><도로명지상지하코드>0</도로명지상지하코드><도로명코드>4136121</도로명코드><법정동> 북아현동</법정동><법정동본번코드>1013</법정동본번코드><법정동부번코드>0000</법정동부번코드><법정동시군구코드>11410</법정동시군구코드><법정동읍면동코드>11000</법정동읍면동코드><법정동지번코드>1</법정동지번코드><아파트>e편한세상신촌1단지</아파트><월>11</월><일>2</일><일련번호>11410-4619</일련번호><전용면적>84.98</전용면적><중개사소재지>서울 서대문구</중개사소재지><지번>1013</지번><지역코드>11410</지역코드><층>15</층><해제사유발생일> </해제사유발생일><해제여부> </해제여부></item><item><거래금액>   110,000</거래금액><거래유형>중개거래</거래유형><건축년도>2018</건축년도><년>2022</년><도로명>북아현로1길</도로명><도로명건물본번호코드>00017</도로명건물본번호코드><도로명건물부번호코드>00000</도로명건물부번호코드><도로명시군구코드>11410</도로명시군구코드><도로명일련번호코드>01</도로명일련번호코드><도로명지상지하코드>0</도로명지상지하코드><도로명코드>4136122</도로명코드><법정동> 북아현동</법정동><법정동본번코드>0149</법정동본번코드><법정동부번코드>0000</법정동부번코드><법정동시군구코드>11410</법정동시군구코드><법정동읍면동코드>11000</법정동읍면동코드><법정동지번코드>1</법정동지번코드><아파트>e편한세상신촌2단지</아파트><월>11</월><일>5</일><일련번호>11410-4618</일련번호><전용면적>59.85</전용면적><중개사소재지>서울 서대문구</중개사소재지><지번>149</지번><지역코드>11410</지역코드><층>17</층><해제사유발생일> </해제사유발생일><해제여부> </해제여부></item><item><거래금액>    91,000</거래금액><거래유형>중개거래</거래유형><건축년도>2005</건축년도><년>2022</년><도로명>북아현로22나길</도로명><도로명건물본번호코드>00067</도로명건물본번호코드><도로명건물부번호코드>00000</도로명건물부번호코드><도로명시군구코드>11410</도로명시군구코드><도로명일련번호코드>02</도로명일련번호코드><도로명지상지하코드>0</도로명지상지하코드><도로명코드>4136128</도로명코드><법정동> 북아현동</법정동><법정동본번코드>0001</법정동본번코드><법정동부번코드>0422</법정동부번코드><법정동시군구코드>11410</법정동시군구코드><법정동읍면동코드>11000</법정동읍면동코드><법정동지번코드>1</법정동지번코드><아파트>비버리힐</아파트><월>11</월><일>11</일><일련번호>11410-3542</일련번호><전용면적>129.22</전용면적><중개사소재지>서울 서대문구</중개사소재지><지번>1-422</지번><지역코드>11410</지역코드><층>1</층><해제사유발생일> </해제사유발생일><해제여부> </해제여부></item><item><거래금액>   104,500</거래금액><거래유형>중개거래</거래유형><건축년도>2018</건축년도><년>2022</년><도로명>북아현로1가길</도로명><도로명건물본번호코드>00020</도로명건물본번호코드><도로명건물부번호코드>00000</도로명건물부번호코드><도로명시군구코드>11410</도로명시군구코드><도로명일련번호코드>01</도로명일련번호코드><도로명지상지하코드>0</도로명지상지하코드><도로명코드>4136121</도로명코드><법정동> 북아현동</법정동><법정동본번코드>1013</법정동본번코드><법정동부번코드>0000</법정동부번코드><법정동시군구코드>11410</법정동시군구코드><법정동읍면동코드>11000</법정동읍면동코드><법정동지번코드>1</법정동지번코드><아파트>e편한세상신촌1단지</아파트><월>11</월><일>26</일><일련번호>11410-4619</일련번호><전용면적>59.85</전용면적><중개사소재지>서울 서대문구</중개사소재지><지번>1013</지번><지역코드>11410</지역코드><층>7</층><해제사유발생일> </해제사유발생일><해제여부> </해제여부></item><item><거래금액>    78,500</거래금액><거래유형>중개거래</거래유형><건축년도>1993</건축년도><년>2022</년><도로명>통일로25길</도로명><도로명건물본번호코드>00030</도로명건물본번호코드><도로명건물부번호코드>00000</도로명건물부번호코드><도로명시군구코드>11410</도로명시군구코드><도로명일련번호코드>01</도로명일련번호코드><도로명지상지하코드>0</도로명지상지하코드><도로명코드>4136379</도로명코드><법정동> 홍제동</법정동><법정동본번코드>0082</법정동본번코드><법정동부번코드>0000</법정동부번코드><법정동시군구코드>11410</법정동시군구코드><법정동읍면동코드>11100</법정동읍면동코드><법정동지번코드>1</법정동지번코드><아파트>홍제한양</아파트><월>11</월><일>12</일><일련번호>11410-67</일련번호><전용면적>84.77</전용면적><중개사소재지>서울 서대문구</중개사소재지><지번>82</지번><지역코드>11410</지역코드><층>2</층><해제사유발생일> </해제사유발생일><해제여부> </해제여부></item><item><거래금액>    89,000</거래금액><거래유형>중개거래</거래유형><건축년도>2000</건축년도><년>2022</년><도로명>통일로34길</도로명><도로명건물본번호코드>00043</도로명건물본번호코드><도로명건물부번호코드>00000</도로명건물부번호코드><도로명시군구코드>11410</도로명시군구코드><도로명일련번호코드>01</도로명일련번호코드><도로명지상지하코드>0</도로명지상지하코드><도로명코드>4136386</도로명코드><법정동> 홍제동</법정동><법정동본번코드>0459</법정동본번코드><법정동부번코드>0000</법정동부번코드><법정동시군구코드>11410</법정동시군구코드><법정동읍면동코드>11100</법정동읍면동코드><법정동지번코드>1</법정동지번코드><아파트>홍제원현대(459-0)</아파트><월>11</월><일>13</일><일련번호>11410-73</일련번호><전용면적>84.9</전용면적><중개사소재지>서울 성동구</중개사소재지><지번>459</지번><지역코드>11410</지역코드><층>18</층><해제사유발생일> </해제사유발생일><해제여부> </해제여부></item><item><거래금액>    89,500</거래금액><거래유형>직거래</거래유형><건축년도>1999</건축년도><년>2022</년><도로명>이화여대길</도로명><도로명건물본번호코드>00050</도로명건물본번호코드><도로명건물부번호코드>00012</도로명건물부번호코드><도로명시군구코드>11410</도로명시군구코드><도로명일련번호코드>02</도로명일련번호코드><도로명지상지하코드>0</도로명지상지하코드><도로명코드>4136322</도로명코드><법정동> 대현동</법정동><법정동본번코드>0144</법정동본번코드><법정동부번코드>0000</법정동부번코드><법정동시군구코드>11410</법정동시군구코드><법정동읍면동코드>11200</법정동읍면동코드><법정동지번코드>1</법정동지번코드><아파트>럭키대현</아파트><월>11</월><일>11</일><일련번호>11410-22</일련번호><전용면적>83.38</전용면적><중개사소재지> </중개사소재지><지번>144</지번><지역코드>11410</지역코드><층>8</층><해제사유발생일> </해제사유발생일><해제여부> </해제여부></item><item><거래금액>    26,500</거래금액><거래유형>직거래</거래유형><건축년도>2014</건축년도><년>2022</년><도로명>신촌로</도로명><도로명건물본번호코드>00149</도로명건물본번호코드><도로명건물부번호코드>00000</도로명건물부번호코드><도로명시군구코드>11410</도로명시군구코드><도로명일련번호코드>03</도로명일련번호코드><도로명지상지하코드>0</도로명지상지하코드><도로명코드>3005057</도로명코드><법정동> 대현동</법정동><법정동본번코드>0104</법정동본번코드><법정동부번코드>0036</법정동부번코드><법정동시군구코드>11410</법정동시군구코드><법정동읍면동코드>11200</법정동읍면동코드><법정동지번코드>1</법정동지번코드><아파트>신촌자이엘라</아파트><월>11</월><일>23</일><일련번호>11410-4373</일련번호><전용면적>25.21</전용면적><중개사소재지> </중개사소재지><지번>104-36</지번><지역코드>11410</지역코드><층>16</층><해제사유발생일> </해제사유발생일><해제여부> </해제여부></item><item><거래금액>    16,650</거래금액><거래유형>중개거래</거래유형><건축년도>2012</건축년도><년>2022</년><도로명>성산로</도로명><도로명건물본번호코드>00394</도로명건물본번호코드><도로명건물부번호코드>00000</도로명건물부번호코드><도로명시군구코드>11410</도로명시군구코드><도로명일련번호코드>06</도로명일련번호코드><도로명지상지하코드>0</도로명지상지하코드><도로명코드>3005060</도로명코드><법정동> 창천동</법정동><법정동본번코드>0518</법정동본번코드><법정동부번코드>0000</법정동부번코드><법정동시군구코드>11410</법정동시군구코드><법정동읍면동코드>11600</법정동읍면동코드><법정동지번코드>1</법정동지번코드><아파트>연대JK</아파트><월>11</월><일>1</일><일련번호>11410-4034</일련번호><전용면적>24</전용면적><중개사소재지>서울 마포구, 서울 서대문구</중개사소재지><지번>518</지번><지역코드>11410</지역코드><층>4</층><해제사유발생일> </해제사유발생일><해제여부> </해제여부></item><item><거래금액>    18,500</거래금액><거래유형>직거래</거래유형><건축년도>2012</건축년도><년>2022</년><도로명>성산로</도로명><도로명건물본번호코드>00394</도로명건물본번호코드><도로명건물부번호코드>00000</도로명건물부번호코드><도로명시군구코드>11410</도로명시군구코드><도로명일련번호코드>06</도로명일련번호코드><도로명지상지하코드>0</도로명지상지하코드><도로명코드>3005060</도로명코드><법정동> 창천동</법정동><법정동본번코드>0518</법정동본번코드><법정동부번코드>0000</법정동부번코드><법정동시군구코드>11410</법정동시군구코드><법정동읍면동코드>11600</법정동읍면동코드><법정동지번코드>1</법정동지번코드><아파트>연대JK</아파트><월>11</월><일>16</일><일련번호>11410-4034</일련번호><전용면적>24.09</전용면적><중개사소재지> </중개사소재지><지번>518</지번><지역코드>11410</지역코드><층>5</층><해제사유발생일>22.11.18</해제사유발생일><해제여부>O</해제여부></item><item><거래금액>    15,000</거래금액><거래유형>중개거래</거래유형><건축년도>2014</건축년도><년>2022</년><도로명>연희로5길</도로명><도로명건물본번호코드>00014</도로명건물본번호코드><도로명건물부번호코드>00000</도로명건물부번호코드><도로명시군구코드>11410</도로명시군구코드><도로명일련번호코드>01</도로명일련번호코드><도로명지상지하코드>0</도로명지상지하코드><도로명코드>4136303</도로명코드><법정동> 연희동</법정동><법정동본번코드>0745</법정동본번코드><법정동부번코드>0000</법정동부번코드><법정동시군구코드>11410</법정동시군구코드><법정동읍면동코드>11700</법정동읍면동코드><법정동지번코드>1</법정동지번코드><아파트>연희자이엘라</아파트><월>11</월><일>20</일><일련번호>11410-4254</일련번호><전용면적>13.642</전용면적><중개사소재지>서울 서대문구</중개사소재지><지번>745</지번><지역코드>11410</지역코드><층>3</층><해제사유발생일> </해제사유발생일><해제여부> </해제여부></item><item><거래금액>    59,500</거래금액><거래유형>중개거래</거래유형><건축년도>1995</건축년도><년>2022</년><도로명>포방터10길</도로명><도로명건물본번호코드>00033</도로명건물본번호코드><도로명건물부번호코드>00000</도로명건물부번호코드><도로명시군구코드>11410</도로명시군구코드><도로명일련번호코드>01</도로명일련번호코드><도로명지상지하코드>0</도로명지상지하코드><도로명코드>4136410</도로명코드><법정동> 홍은동</법정동><법정동본번코드>0454</법정동본번코드><법정동부번코드>0000</법정동부번코드><법정동시군구코드>11410</법정동시군구코드><법정동읍면동코드>11800</법정동읍면동코드><법정동지번코드>1</법정동지번코드><아파트>극동</아파트><월>11</월><일>8</일><일련번호>11410-77</일련번호><전용면적>84.98</전용면적><중개사소재지>서울 서대문구</중개사소재지><지번>454</지번><지역코드>11410</지역코드><층>6</층><해제사유발생일> </해제사유발생일><해제여부> </해제여부></item><item><거래금액>    88,000</거래금액><거래유형>중개거래</거래유형><건축년도>1997</건축년도><년>2022</년><도로명>세검정로1길</도로명><도로명건물본번호코드>00095</도로명건물본번호코드><도로명건물부번호코드>00000</도로명건물부번호코드><도로명시군구코드>11410</도로명시군구코드><도로명일련번호코드>01</도로명일련번호코드><도로명지상지하코드>0</도로명지상지하코드><도로명코드>4136176</도로명코드><법정동> 홍은동</법정동><법정동본번코드>0455</법정동본번코드><법정동부번코드>0000</법정동부번코드><법정동시군구코드>11410</법정동시군구코드><법정동읍면동코드>11800</법정동읍면동코드><법정동지번코드>1</법정동지번코드><아파트>홍은동벽산</아파트><월>11</월><일>11</일><일련번호>11410-85</일련번호><전용면적>142.98</전용면적><중개사소재지>서울 강서구</중개사소재지><지번>455</지번><지역코드>11410</지역코드><층>3</층><해제사유발생일> </해제사유발생일><해제여부> </해제여부></item><item><거래금액>    48,500</거래금액><거래유형>중개거래</거래유형><건축년도>1995</건축년도><년>2022</년><도로명>포방터10길</도로명><도로명건물본번호코드>00033</도로명건물본번호코드><도로명건물부번호코드>00000</도로명건물부번호코드><도로명시군구코드>11410</도로명시군구코드><도로명일련번호코드>01</도로명일련번호코드><도로명지상지하코드>0</도로명지상지하코드><도로명코드>4136410</도로명코드><법정동> 홍은동</법정동><법정동본번코드>0454</법정동본번코드><법정동부번코드>0000</법정동부번코드><법정동시군구코드>11410</법정동시군구코드><법정동읍면동코드>11800</법정동읍면동코드><법정동지번코드>1</법정동지번코드><아파트>극동</아파트><월>11</월><일>22</일><일련번호>11410-77</일련번호><전용면적>84.98</전용면적><중개사소재지>서울 서대문구</중개사소재지><지번>454</지번><지역코드>11410</지역코드><층>7</층><해제사유발생일> </해제사유발생일><해제여부> </해제여부></item><item><거래금액>    98,000</거래금액><거래유형>중개거래</거래유형><건축년도>2012</건축년도><년>2022</년><도로명>수색로</도로명><도로명건물본번호코드>00100</도로명건물본번호코드><도로명건물부번호코드>00000</도로명건물부번호코드><도로명시군구코드>11410</도로명시군구코드><도로명일련번호코드>01</도로명일련번호코드><도로명지상지하코드>0</도로명지상지하코드><도로명코드>3005054</도로명코드><법정동> 북가좌동</법정동><법정동본번코드>0481</법정동본번코드><법정동부번코드>0000</법정동부번코드><법정동시군구코드>11410</법정동시군구코드><법정동읍면동코드>11900</법정동읍면동코드><법정동지번코드>1</법정동지번코드><아파트>DMC래미안e편한세상</아파트><월>11</월><일>21</일><일련번호>11410-4085</일련번호><전용면적>84.95</전용면적><중개사소재지>서울 서대문구</중개사소재지><지번>481</지번><지역코드>11410</지역코드><층>15</층><해제사유발생일> </해제사유발생일><해제여부> </해제여부></item><item><거래금액>    65,000</거래금액><거래유형>중개거래</거래유형><건축년도>2000</건축년도><년>2022</년><도로명>응암로</도로명><도로명건물본번호코드>00033</도로명건물본번호코드><도로명건물부번호코드>00000</도로명건물부번호코드><도로명시군구코드>11410</도로명시군구코드><도로명일련번호코드>01</도로명일련번호코드><도로명지상지하코드>0</도로명지상지하코드><도로명코드>3005055</도로명코드><법정동> 북가좌동</법정동><법정동본번코드>0453</법정동본번코드><법정동부번코드>0000</법정동부번코드><법정동시군구코드>11410</법정동시군구코드><법정동읍면동코드>11900</법정동읍면동코드><법정동지번코드>1</법정동지번코드><아파트>DMC현대아파트</아파트><월>11</월><일>25</일><일련번호>11410-109</일련번호><전용면적>84.95</전용면적><중개사소재지>서울 서대문구</중개사소재지><지번>453</지번><지역코드>11410</지역코드><층>8</층><해제사유발생일> </해제사유발생일><해제여부> </해제여부></item><item><거래금액>   121,000</거래금액><거래유형>중개거래</거래유형><건축년도>2015</건축년도><년>2022</년><도로명>가재울미래로</도로명><도로명건물본번호코드>00002</도로명건물본번호코드><도로명건물부번호코드>00000</도로명건물부번호코드><도로명시군구코드>11410</도로명시군구코드><도로명일련번호코드>01</도로명일련번호코드><도로명지상지하코드>0</도로명지상지하코드><도로명코드>3351018</도로명코드><법정동> 남가좌동</법정동><법정동본번코드>0385</법정동본번코드><법정동부번코드>0000</법정동부번코드><법정동시군구코드>11410</법정동시군구코드><법정동읍면동코드>12000</법정동읍면동코드><법정동지번코드>1</법정동지번코드><아파트>DMC파크뷰자이1단지</아파트><월>11</월><일>3</일><일련번호>11410-4479</일련번호><전용면적>84.974</전용면적><중개사소재지>서울 노원구, 서울 서대문구</중개사소재지><지번>385</지번><지역코드>11410</지역코드><층>23</층><해제사유발생일> </해제사유발생일><해제여부> </해제여부></item><item><거래금액>    85,000</거래금액><거래유형>중개거래</거래유형><건축년도>2019</건축년도><년>2022</년><도로명>거북골로</도로명><도로명건물본번호코드>00084</도로명건물본번호코드><도로명건물부번호코드>00000</도로명건물부번호코드><도로명시군구코드>11410</도로명시군구코드><도로명일련번호코드>03</도로명일련번호코드><도로명코드>3112003</도로명코드><법정동> 남가좌동</법정동><법정동본번코드>0389</법정동본번코드><법정동부번코드>0000</법정동부번코드><법정동시군구코드>11410</법정동시군구코드><법정동읍면동코드>12000</법정동읍면동코드><법정동지번코드>1</법정동지번코드><아파트>DMC에코자이</아파트><월>11</월><일>20</일><일련번호>11410-4818</일련번호><전용면적>59.79</전용면적><중개사소재지>서울 서대문구</중개사소재지><지번>389</지번><지역코드>11410</지역코드><층>5</층><해제사유발생일> </해제사유발생일><해제여부> </해제여부></item><item><거래금액>    34,000</거래금액><거래유형>직거래</거래유형><건축년도>2017</건축년도><년>2022</년><도로명>모래내로</도로명><도로명건물본번호코드>00151</도로명건물본번호코드><도로명건물부번호코드>00000</도로명건물부번호코드><도로명시군구코드>11410</도로명시군구코드><도로명일련번호코드>00</도로명일련번호코드><도로명지상지하코드>0</도로명지상지하코드><도로명코드>3112015</도로명코드><법정동> 남가좌동</법정동><법정동본번코드>0387</법정동본번코드><법정동부번코드>0000</법정동부번코드><법정동시군구코드>11410</법정동시군구코드><법정동읍면동코드>12000</법정동읍면동코드><법정동지번코드>1</법정동지번코드><아파트>디엠씨엘가</아파트><월>11</월><일>23</일><일련번호>11410-4634</일련번호><전용면적>30.36</전용면적><중개사소재지> </중개사소재지><지번>387</지번><지역코드>11410</지역코드><층>3</층><해제사유발생일> </해제사유발생일><해제여부> </해제여부></item></items><numOfRows>999</numOfRows><pageNo>1</pageNo><totalCount>19</totalCount></body></response>