<?xml version="1.0" encoding="UTF-8" standalone="yes"?><response><header><resultCode>00</resultCode><resultMsg>NORMAL SERVICE.</resultMsg></header><body><items><item><거래금액>    63,800</거래금액><거래유형>중개거래</거래유형><건축년도>2000</건축년도><년>2022</년><도로명>통일로</도로명><도로명건물본번호코드>00279</도로명건물본번호코드><도로명건물부번호코드>00075</도로명건물부번호코드><도로명시군구코드>11410</도로명시군구코드><도로명일련번호코드>07</도로명일련번호코드><도로명지상지하코드>0</도로명지상지하코드><도로명코드>3000008</도로명코드><법정동> 현저동</법정동><법정동본번코드>1019</법정동본번코드><법정동부번코드>0000</법정동부번코드><법정동시군구코드>11410</법정동시군구코드><법정동읍면동코드>10900</법정동읍면동코드><법정동지번코드>1</법정동지번코드><아파트>독립문파크빌</아파트><월>10</월><일>15</일><일련번호>11410-11</일련번호><전용면적>59.4</전용면적><중개사소재지>서울 종로구</중개사소재지><지번>1019</지번><지역코드>11410</지역코드><층>9</층><해제사유발생일> </해제사유발생일><해제여부> </해제여부></item><item><거래금액>   124,000</거래금액><거래유형>중개거래</거래유형><건축년도>2018</건축년도><년>2022</년><도로명>북아현로</도로명><도로명건물본번호코드>00029</도로명건물본번호코드><도로명건물부번호코드>00000</도로명건물부번호코드><도로명시군구코드>11410</도로명시군구코드><도로명일련번호코드>01</도로명일련번호코드><도로명지상지하코드>0</도로명지상지하코드><도로명코드>3112006</도로명코드><법정동> 북아현동</법정동><법정동본번코드>0149</법정동본번코드><법정동부번코드>0000</법정동부번코드><법정동시군구코드>11410</법정동시군구코드><법정동읍면동코드>11000</법정동읍면동코드><법정동지번코드>1</법정동지번코드><아파트>e편한세상신촌3단지</아파트><월>10</월><일>29</일><일련번호>11410-4617</일련번호><전용면적>59.85</전용면적><중개사소재지>서울 서대문구</중개사소재지><지번>149</지번><지역코드>11410</지역코드><층>2</층><해제사유발생일> </해제사유발생일><해제여부> </해제여부></item><item><거래금액>    90,000</거래금액><거래유형>중개거래</거래유형><건축년도>2000</건축년도><년>2022</년><도로명>통일로34길</도로명><도로명건물본번호코드>00043</도로명건물본번호코드><도로명건물부번호코드>00000</도로명건물부번호코드><도로명시군구코드>11410</도로명시군구코드><도로명일련번호코드>01</도로명일련번호코드><도로명지상지하코드>0</도로명지상지하코드><도로명코드>4136386</도로명코드><법정동> 홍제동</법정동><법정동본번코드>0459</법정동본번코드><법정동부번코드>0000</법정동부번코드><법정동시군구코드>11410</법정동시군구코드><법정동읍면동코드>11100</법정동읍면동코드><법정동지번코드>1</법정동지번코드><아파트>홍제원현대(459-0)</아파트><월>10</월><일>1</일><일련번호>11410-73</일련번호><전용면적>114.72</전용면적><중개사소재지>서울 서대문구</중개사소재지><지번>459</지번><지역코드>11410</지역코드><층>14</층><해제사유발생일> </해제사유발생일><해제여부> </해제여부></item><item><거래금액>    50,500</거래금액><거래유형>중개거래</거래유형><건축년도>1973</건축년도><년>2022</년><도로명>모래내로</도로명><도로명건물본번호코드>00455</도로명건물본번호코드><도로명건물부번호코드>00000</도로명건물부번호코드><도로명시군구코드>11410</도로명시군구코드><도로명일련번호코드>01</도로명일련번호코드><도로명지상지하코드>0</도로명지상지하코드><도로명코드>3112015</도로명코드><법정동> 홍제동</법정동><법정동본번코드>0157</법정동본번코드><법정동부번코드>0068</법정동부번코드><법정동시군구코드>11410</법정동시군구코드><법정동읍면동코드>11100</법정동읍면동코드><법정동지번코드>1</법정동지번코드><아파트>광산</아파트><월>10</월><일>25</일><일련번호>11410-45</일련번호><전용면적>70.64</전용면적><중개사소재지>서울 서대문구</중개사소재지><지번>157-68</지번><지역코드>11410</지역코드><층>3</층><해제사유발생일> </해제사유발생일><해제여부> </해제여부></item><item><거래금액>   110,000</거래금액><거래유형>중개거래</거래유형><건축년도>2020</건축년도><년>2022</년><도로명>통일로</도로명><도로명건물본번호코드>00395</도로명건물본번호코드><도로명건물부번호코드>00000</도로명건물부번호코드><도로명시군구코드>11410</도로명시군구코드><도로명일련번호코드>08</도로명일련번호코드><도로명지상지하코드>0</도로명지상지하코드><도로명코드>3000008</도로명코드><법정동> 홍제동</법정동><법정동본번코드>0473</법정동본번코드><법정동부번코드>0000</법정동부번코드><법정동시군구코드>11410</법정동시군구코드><법정동읍면동코드>11100</법정동읍면동코드><법정동지번코드>1</법정동지번코드><아파트>홍제센트럴IPARK</아파트><월>10</월><일>25</일><일련번호>11410-4769</일련번호><전용면적>84.9644</전용면적><중개사소재지>서울 서대문구</중개사소재지><지번>473</지번><지역코드>11410</지역코드><층>4</층><해제사유발생일> </해제사유발생일><해제여부> </해제여부></item><item><거래금액>    55,000</거래금액><거래유형>직거래</거래유형><건축년도>2008</건축년도><년>2022</년><도로명>세검정로</도로명><도로명건물본번호코드>00106</도로명건물본번호코드><도로명건물부번호코드>00008</도로명건물부번호코드><도로명시군구코드>11410</도로명시군구코드><도로명일련번호코드>01</도로명일련번호코드><도로명지상지하코드>0</도로명지상지하코드><도로명코드>3005005</도로명코드><법정동> 홍제동</법정동><법정동본번코드>0283</법정동본번코드><법정동부번코드>0036</법정동부번코드><법정동시군구코드>11410</법정동시군구코드><법정동읍면동코드>11100</법정동읍면동코드><법정동지번코드>1</법정동지번코드><아파트>마체스터</아파트><월>10</월><일>28</일><일련번호>11410-3841</일련번호><전용면적>140.51</전용면적><중개사소재지> </중개사소재지><지번>283-36</지번><지역코드>11410</지역코드><층>3</층><해제사유발생일> </해제사유발생일><해제여부> </해제여부></item><item><거래금액>    24,000</거래금액><거래유형>중개거래</거래유형><건축년도>2020</건축년도><년>2022</년><도로명>신촌로</도로명><도로명건물본번호코드>00163</도로명건물본번호코드><도로명건물부번호코드>00000</도로명건물부번호코드><도로명시군구코드>11410</도로명시군구코드><도로명일련번호코드>00</도로명일련번호코드><도로명지상지하코드>0</도로명지상지하코드><도로명코드>3005057</도로명코드><법정동> 대현동</법정동><법정동본번코드>0090</법정동본번코드><법정동부번코드>0070</법정동부번코드><법정동시군구코드>11410</법정동시군구코드><법정동읍면동코드>11200</법정동읍면동코드><법정동지번코드>1</법정동지번코드><아파트>파라타워</아파트><월>10</월><일>11</일><일련번호>11410-4847</일련번호><전용면적>15.792</전용면적><중개사소재지>서울 서대문구</중개사소재지><지번>90-70</지번><지역코드>11410</지역코드><층>7</층><해제사유발생일> </해제사유발생일><해제여부> </해제여부></item><item><거래금액>    24,000</거래금액><거래유형>중개거래</거래유형><건축년도>2020</건축년도><년>2022</년><도로명>신촌로</도로명><도로명건물본번호코드>00163</도로명건물본번호코드><도로명건물부번호코드>00000</도로명건물부번호코드><도로명시군구코드>11410</도로명시군구코드><도로명일련번호코드>00</도로명일련번호코드><도로명지상지하코드>0</도로명지상지하코드><도로명코드>3005057</도로명코드><법정동> 대현동</법정동><법정동본번코드>0090</법정동본번코드><법정동부번코드>0070</법정동부번코드><법정동시군구코드>11410</법정동시군구코드><법정동읍면동코드>11200</법정동읍면동코드><법정동지번코드>1</법정동지번코드><아파트>파라타워</아파트><월>10</월><일>25</일><일련번호>11410-4847</일련번호><전용면적>16.299</전용면적><중개사소재지>서울 서대문구</중개사소재지><지번>90-70</지번><지역코드>11410</지역코드><층>4</층><해제사유발생일> </해제사유발생일><해제여부> </해제여부></item><item><거래금액>    70,000</거래금액><거래유형>중개거래</거래유형><건축년도>1997</건축년도><년>2022</년><도로명>세검정로1길</도로명><도로명건물본번호코드>00095</도로명건물본번호코드><도로명건물부번호코드>00000</도로명건물부번호코드><도로명시군구코드>11410</도로명시군구코드><도로명일련번호코드>01</도로명일련번호코드><도로명지상지하코드>0</도로명지상지하코드><도로명코드>4136176</도로명코드><법정동> 홍은동</법정동><법정동본번코드>0455</법정동본번코드><법정동부번코드>0000</법정동부번코드><법정동시군구코드>11410</법정동시군구코드><법정동읍면동코드>11800</법정동읍면동코드><법정동지번코드>1</법정동지번코드><아파트>홍은동벽산</아파트><월>10</월><일>1</일><일련번호>11410-85</일련번호><전용면적>84.78</전용면적><중개사소재지>서울 서대문구</중개사소재지><지번>455</지번><지역코드>11410</지역코드><층>14</층><해제사유발생일> </해제사유발생일><해제여부> </해제여부></item><item><거래금액>    27,950</거래금액><거래유형>중개거래</거래유형><건축년도>2003</건축년도><년>2022</년><도로명>연희로39길</도로명><도로명건물본번호코드>00026</도로명건물본번호코드><도로명건물부번호코드>00007</도로명건물부번호코드><도로명시군구코드>11410</도로명시군구코드><도로명일련번호코드>01</도로명일련번호코드><도로명지상지하코드>0</도로명지상지하코드><도로명코드>4136292</도로명코드><법정동> 홍은동</법정동><법정동본번코드>0265</법정동본번코드><법정동부번코드>0046</법정동부번코드><법정동시군구코드>11410</법정동시군구코드><법정동읍면동코드>11800</법정동읍면동코드><법정동지번코드>1</법정동지번코드><아파트>그랜드(B동)</아파트><월>10</월><일>3</일><일련번호>11410-136</일련번호><전용면적>58.48</전용면적><중개사소재지>서울 서대문구</중개사소재지><지번>265-46</지번><지역코드>11410</지역코드><층>2</층><해제사유발생일> </해제사유발생일><해제여부> </해제여부></item><item><거래금액>    80,000</거래금액><거래유형>중개거래</거래유형><건축년도>1997</건축년도><년>2022</년><도로명>세검정로1길</도로명><도로명건물본번호코드>00095</도로명건물본번호코드><도로명건물부번호코드>00000</도로명건물부번호코드><도로명시군구코드>11410</도로명시군구코드><도로명일련번호코드>01</도로명일련번호코드><도로명지상지하코드>0</도로명지상지하코드><도로명코드>4136176</도로명코드><법정동> 홍은동</법정동><법정동본번코드>0455</법정동본번코드><법정동부번코드>0000</법정동부번코드><법정동시군구코드>11410</법정동시군구코드><법정동읍면동코드>11800</법정동읍면동코드><법정동지번코드>1</법정동지번코드><아파트>홍은동벽산</아파트><월>10</월><일>4</일><일련번호>11410-85</일련번호><전용면적>114.96</전용면적><중개사소재지>서울 서대문구</중개사소재지><지번>455</지번><지역코드>11410</지역코드><층>12</층><해제사유발생일> </해제사유발생일><해제여부> </해제여부></item><item><거래금액>    35,000</거래금액><거래유형>직거래</거래유형><건축년도>2003</건축년도><년>2022</년><도로명>홍은중앙로5길</도로명><도로명건물본번호코드>00074</도로명건물본번호코드><도로명건물부번호코드>00000</도로명건물부번호코드><도로명시군구코드>11410</도로명시군구코드><도로명일련번호코드>01</도로명일련번호코드><도로명지상지하코드>0</도로명지상지하코드><도로명코드>4136431</도로명코드><법정동> 홍은동</법정동><법정동본번코드>0014</법정동본번코드><법정동부번코드>0004</법정동부번코드><법정동시군구코드>11410</법정동시군구코드><법정동읍면동코드>11800</법정동읍면동코드><법정동지번코드>1</법정동지번코드><아파트>미건스카이빌</아파트><월>10</월><일>6</일><일련번호>11410-135</일련번호><전용면적>84.92</전용면적><중개사소재지> </중개사소재지><지번>14-4</지번><지역코드>11410</지역코드><층>3</층><해제사유발생일> </해제사유발생일><해제여부> </해제여부></item><item><거래금액>    71,000</거래금액><거래유형>중개거래</거래유형><건축년도>1997</건축년도><년>2022</년><도로명>세검정로1길</도로명><도로명건물본번호코드>00095</도로명건물본번호코드><도로명건물부번호코드>00000</도로명건물부번호코드><도로명시군구코드>11410</도로명시군구코드><도로명일련번호코드>01</도로명일련번호코드><도로명지상지하코드>0</도로명지상지하코드><도로명코드>4136176</도로명코드><법정동> 홍은동</법정동><법정동본번코드>0455</법정동본번코드><법정동부번코드>0000</법정동부번코드><법정동시군구코드>11410</법정동시군구코드><법정동읍면동코드>11800</법정동읍면동코드><법정동지번코드>1</법정동지번코드><아파트>홍은동벽산</아파트><월>10</월><일>15</일><일련번호>11410-85</일련번호><전용면적>84.78</전용면적><중개사소재지>서울 서대문구</중개사소재지><지번>455</지번><지역코드>11410</지역코드><층>3</층><해제사유발생일> </해제사유발생일><해제여부> </해제여부></item><item><거래금액>    84,000</거래금액><거래유형>중개거래</거래유형><건축년도>1997</건축년도><년>2022</년><도로명>세검정로1길</도로명><도로명건물본번호코드>00095</도로명건물본번호코드><도로명건물부번호코드>00000</도로명건물부번호코드><도로명시군구코드>11410</도로명시군구코드><도로명일련번호코드>01</도로명일련번호코드><도로명지상지하코드>0</도로명지상지하코드><도로명코드>4136176</도로명코드><법정동> 홍은동</법정동><법정동본번코드>0455</법정동본번코드><법정동부번코드>0000</법정동부번코드><법정동시군구코드>11410</법정동시군구코드><법정동읍면동코드>11800</법정동읍면동코드><법정동지번코드>1</법정동지번코드><아파트>홍은동벽산</아파트><월>10</월><일>18</일><일련번호>11410-85</일련번호><전용면적>114.96</전용면적><중개사소재지>서울 서대문구</중개사소재지><지번>455</지번><지역코드>11410</지역코드><층>4</층><해제사유발생일> </해제사유발생일><해제여부> </해제여부></item><item><거래금액>    80,000</거래금액><거래유형>중개거래</거래유형><건축년도>2009</건축년도><년>2022</년><도로명>통일로</도로명><도로명건물본번호코드>00553</도로명건물본번호코드><도로명건물부번호코드>00000</도로명건물부번호코드><도로명시군구코드>11410</도로명시군구코드><도로명일련번호코드>09</도로명일련번호코드><도로명지상지하코드>0</도로명지상지하코드><도로명코드>3000008</도로명코드><법정동> 홍은동</법정동><법정동본번코드>0461</법정동본번코드><법정동부번코드>0000</법정동부번코드><법정동시군구코드>11410</법정동시군구코드><법정동읍면동코드>11800</법정동읍면동코드><법정동지번코드>1</법정동지번코드><아파트>홍은센트레빌</아파트><월>10</월><일>30</일><일련번호>11410-3898</일련번호><전용면적>59.96</전용면적><중개사소재지>서울 서대문구</중개사소재지><지번>461</지번><지역코드>11410</지역코드><층>5</층><해제사유발생일> </해제사유발생일><해제여부> </해제여부></item><item><거래금액>    81,000</거래금액><거래유형>중개거래</거래유형><건축년도>1996</건축년도><년>2022</년><도로명>거북골로</도로명><도로명건물본번호코드>00154</도로명건물본번호코드><도로명건물부번호코드>00000</도로명건물부번호코드><도로명시군구코드>11410</도로명시군구코드><도로명일련번호코드>02</도로명일련번호코드><도로명지상지하코드>0</도로명지상지하코드><도로명코드>3112003</도로명코드><법정동> 북가좌동</법정동><법정동본번코드>0449</법정동본번코드><법정동부번코드>0000</법정동부번코드><법정동시군구코드>11410</법정동시군구코드><법정동읍면동코드>11900</법정동읍면동코드><법정동지번코드>1</법정동지번코드><아파트>북가좌삼호</아파트><월>10</월><일>1</일><일련번호>11410-106</일련번호><전용면적>75.75</전용면적><중개사소재지>서울 서대문구</중개사소재지><지번>449</지번><지역코드>11410</지역코드><층>4</층><해제사유발생일> </해제사유발생일><해제여부> </해제여부></item><item><거래금액>   105,000</거래금액><거래유형>중개거래</거래유형><건축년도>2012</건축년도><년>2022</년><도로명>수색로</도로명><도로명건물본번호코드>00100</도로명건물본번호코드><도로명건물부번호코드>00000</도로명건물부번호코드><도로명시군구코드>11410</도로명시군구코드><도로명일련번호코드>01</도로명일련번호코드><도로명지상지하코드>0</도로명지상지하코드><도로명코드>3005054</도로명코드><법정동> 북가좌동</법정동><법정동본번코드>0481</법정동본번코드><법정동부번코드>0000</법정동부번코드><법정동시군구코드>11410</법정동시군구코드><법정동읍면동코드>11900</법정동읍면동코드><법정동지번코드>1</법정동지번코드><아파트>DMC래미안e편한세상</아파트><월>10</월><일>12</일><일련번호>11410-4085</일련번호><전용면적>84.92</전용면적><중개사소재지>서울 서대문구</중개사소재지><지번>481</지번><지역코드>11410</지역코드><층>19</층><해제사유발생일> </해제사유발생일><해제여부> </해제여부></item><item><거래금액>    86,000</거래금액><거래유형>중개거래</거래유형><건축년도>2012</건축년도><년>2022</년><도로명>수색로</도로명><도로명건물본번호코드>00100</도로명건물본번호코드><도로명건물부번호코드>00000</도로명건물부번호코드><도로명시군구코드>11410</도로명시군구코드><도로명일련번호코드>01</도로명일련번호코드><도로명지상지하코드>0</도로명지상지하코드><도로명코드>3005054</도로명코드><법정동> 북가좌동</법정동><법정동본번코드>0481</법정동본번코드><법정동부번코드>0000</법정동부번코드><법정동시군구코드>11410</법정동시군구코드><법정동읍면동코드>11900</법정동읍면동코드><법정동지번코드>1</법정동지번코드><아파트>DMC래미안e편한세상</아파트><월>10</월><일>29</일><일련번호>11410-4085</일련번호><전용면적>59.97</전용면적><중개사소재지>서울 서대문구</중개사소재지><지번>481</지번><지역코드>11410</지역코드><층>4</층><해제사유발생일> </해제사유발생일><해제여부> </해제여부></item><item><거래금액>   120,000</거래금액><거래유형>중개거래</거래유형><건축년도>2015</건축년도><년>2022</년><도로명>가재울미래로</도로명><도로명건물본번호코드>00002</도로명건물본번호코드><도로명건물부번호코드>00000</도로명건물부번호코드><도로명시군구코드>11410</도로명시군구코드><도로명일련번호코드>01</도로명일련번호코드><도로명지상지하코드>0</도로명지상지하코드><도로명코드>3351018</도로명코드><법정동> 남가좌동</법정동><법정동본번코드>0385</법정동본번코드><법정동부번코드>0000</법정동부번코드><법정동시군구코드>11410</법정동시군구코드><법정동읍면동코드>12000</법정동읍면동코드><법정동지번코드>1</법정동지번코드><아파트>DMC파크뷰자이1단지</아파트><월>10</월><일>7</일><일련번호>11410-4479</일련번호><전용면적>84.971</전용면적><중개사소재지>서울 서대문구</중개사소재지><지번>385</지번><지역코드>11410</지역코드><층>27</층><해제사유발생일> </해제사유발생일><해제여부> </해제여부></item><item><거래금액>    21,000</거래금액><거래유형>중개거래</거래유형><건축년도>2017</건축년도><년>2022</년><도로명>모래내로</도로명><도로명건물본번호코드>00151</도로명건물본번호코드><도로명건물부번호코드>00000</도로명건물부번호코드><도로명시군구코드>11410</도로명시군구코드><도로명일련번호코드>00</도로명일련번호코드><도로명지상지하코드>0</도로명지상지하코드><도로명코드>3112015</도로명코드><법정동> 남가좌동</법정동><법정동본번코드>0387</법정동본번코드><법정동부번코드>0000</법정동부번코드><법정동시군구코드>11410</법정동시군구코드><법정동읍면동코드>12000</법정동읍면동코드><법정동지번코드>1</법정동지번코드><아파트>디엠씨엘가</아파트><월>10</월><일>8</일><일련번호>11410-4634</일련번호><전용면적>17.23</전용면적><중개사소재지>서울 서대문구</중개사소재지><지번>387</지번><지역코드>11410</지역코드><층>10</층><해제사유발생일> </해제사유발생일><해제여부> </해제여부></item><item><거래금액>   108,000</거래금액><거래유형>직거래</거래유형><건축년도>2018</건축년도><년>2022</년><도로명>증가로</도로명><도로명건물본번호코드>00150</도로명건물본번호코드><도로명건물부번호코드>00000</도로명건물부번호코드><도로명시군구코드>11410</도로명시군구코드><도로명일련번호코드>03</도로명일련번호코드><도로명지상지하코드>0</도로명지상지하코드><도로명코드>3112010</도로명코드><법정동> 남가좌동</법정동><법정동본번코드>0388</법정동본번코드><법정동부번코드>0000</법정동부번코드><법정동시군구코드>11410</법정동시군구코드><법정동읍면동코드>12000</법정동읍면동코드><법정동지번코드>1</법정동지번코드><아파트>DMC센트럴아이파크</아파트><월>10</월><일>21</일><일련번호>11410-4762</일련번호><전용면적>84.9</전용면적><중개사소재지> </중개사소재지><지번>388</지번><지역코드>11410</지역코드><층>16</층><해제사유발생일> </해제사유발생일><해제여부> </해제여부></item><item><거래금액>   120,000</거래금액><거래유형>직거래</거래유형><건축년도>2005</건축년도><년>2022</년><도로명>수색로6길</도로명><도로명건물본번호코드>00043</도로명건물본번호코드><도로명건물부번호코드>00000</도로명건물부번호코드><도로명시군구코드>11410</도로명시군구코드><도로명일련번호코드>01</도로명일련번호코드><도로명지상지하코드>0</도로명지상지하코드><도로명코드>4136203</도로명코드><법정동> 남가좌동</법정동><법정동본번코드>0379</법정동본번코드><법정동부번코드>0000</법정동부번코드><법정동시군구코드>11410</법정동시군구코드><법정동읍면동코드>12000</법정동읍면동코드><법정동지번코드>1</법정동지번코드><아파트>래미안남가좌2차</아파트><월>10</월><일>26</일><일련번호>11410-3524</일련번호><전용면적>114.793</전용면적><중개사소재지> </중개사소재지><지번>379</지번><지역코드>11410</지역코드><층>9</층><해제사유발생일> </해제사유발생일><해제여부> </해제여부></item></items><numOfRows>999</numOfRows><pageNo>1</pageNo><totalCount>22</totalCount></body></response>