<?xml version="1.0" encoding="UTF-8" standalone="yes"?><response><header><resultCode>00</resultCode><resultMsg>NORMAL SERVICE.</resultMsg></header><body><items><item><거래금액>    25,000</거래금액><거래유형>중개거래</거래유형><건축년도>2019</건축년도><년>2022</년><도로명>난계로24길</도로명><도로명건물본번호코드>00019</도로명건물본번호코드><도로명건물부번호코드>00000</도로명건물부번호코드><도로명시군구코드>11200</도로명시군구코드><도로명일련번호코드>02</도로명일련번호코드><도로명지상지하코드>0</도로명지상지하코드><도로명코드>4109545</도로명코드><법정동> 상왕십리동</법정동><법정동본번코드>0012</법정동본번코드><법정동부번코드>0047</법정동부번코드><법정동시군구코드>11200</법정동시군구코드><법정동읍면동코드>10100</법정동읍면동코드><법정동지번코드>1</법정동지번코드><아파트>센트럴큐브</아파트><월>10</월><일>4</일><일련번호>11200-3189</일련번호><전용면적>19.42</전용면적><중개사소재지>서울 동대문구</중개사소재지><지번>12-47</지번><지역코드>11200</지역코드><층>8</층><해제사유발생일> </해제사유발생일><해제여부> </해제여부></item><item><거래금액>    83,500</거래금액><거래유형>중개거래</거래유형><건축년도>2004</건축년도><년>2022</년><도로명>난계로</도로명><도로명건물본번호코드>00084</도로명건물본번호코드><도로명건물부번호코드>00000</도로명건물부번호코드><도로명시군구코드>11200</도로명시군구코드><도로명일련번호코드>02</도로명일련번호코드><도로명지상지하코드>0</도로명지상지하코드><도로명코드>3100018</도로명코드><법정동> 하왕십리동</법정동><법정동본번코드>1061</법정동본번코드><법정동부번코드>0000</법정동부번코드><법정동시군구코드>11200</법정동시군구코드><법정동읍면동코드>10200</법정동읍면동코드><법정동지번코드>1</법정동지번코드><아파트>왕십리풍림아이원</아파트><월>10</월><일>12</일><일련번호>11200-98</일련번호><전용면적>59.936</전용면적><중개사소재지>서울 성동구</중개사소재지><지번>1061</지번><지역코드>11200</지역코드><층>15</층><해제사유발생일> </해제사유발생일><해제여부> </해제여부></item><item><거래금액>    87,500</거래금액><거래유형>중개거래</거래유형><건축년도>2004</건축년도><년>2022</년><도로명>난계로</도로명><도로명건물본번호코드>00084</도로명건물본번호코드><도로명건물부번호코드>00000</도로명건물부번호코드><도로명시군구코드>11200</도로명시군구코드><도로명일련번호코드>02</도로명일련번호코드><도로명지상지하코드>0</도로명지상지하코드><도로명코드>3100018</도로명코드><법정동> 하왕십리동</법정동><법정동본번코드>1061</법정동본번코드><법정동부번코드>0000</법정동부번코드><법정동시군구코드>11200</법정동시군구코드><법정동읍면동코드>10200</법정동읍면동코드><법정동지번코드>1</법정동지번코드><아파트>왕십리풍림아이원</아파트><월>10</월><일>15</일><일련번호>11200-98</일련번호><전용면적>59.936</전용면적><중개사소재지>서울 성동구</중개사소재지><지번>1061</지번><지역코드>11200</지역코드><층>6</층><해제사유발생일> </해제사유발생일><해제여부> </해제여부></item><item><거래금액>   129,500</거래금액><거래유형>중개거래</거래유형><건축년도>2016</건축년도><년>2022</년><도로명>왕십리로</도로명><도로명건물본번호코드>00410</도로명건물본번호코드><도로명건물부번호코드>00000</도로명건물부번호코드><도로명시군구코드>11200</도로명시군구코드><도로명일련번호코드>00</도로명일련번호코드><도로명코드>3005011</도로명코드><법정동> 하왕십리동</법정동><법정동본번코드>1070</법정동본번코드><법정동부번코드>0000</법정동부번코드><법정동시군구코드>11200</법정동시군구코드><법정동읍면동코드>10200</법정동읍면동코드><법정동지번코드>1</법정동지번코드><아파트>센트라스</아파트><월>10</월><일>24</일><일련번호>11200-3120</일련번호><전용면적>59.94</전용면적><중개사소재지>서울 성동구</중개사소재지><지번>1070</지번><지역코드>11200</지역코드><층>13</층><해제사유발생일> </해제사유발생일><해제여부> </해제여부></item><item><거래금액>    37,000</거래금액><거래유형>중개거래</거래유형><건축년도>2014</건축년도><년>2022</년><도로명>왕십리로31길</도로명><도로명건물본번호코드>00015</도로명건물본번호코드><도로명건물부번호코드>00000</도로명건물부번호코드><도로명시군구코드>11200</도로명시군구코드><도로명일련번호코드>01</도로명일련번호코드><도로명지상지하코드>0</도로명지상지하코드><도로명코드>4109447</도로명코드><법정동> 하왕십리동</법정동><법정동본번코드>0890</법정동본번코드><법정동부번코드>0446</법정동부번코드><법정동시군구코드>11200</법정동시군구코드><법정동읍면동코드>10200</법정동읍면동코드><법정동지번코드>1</법정동지번코드><아파트>블루빌</아파트><월>10</월><일>26</일><일련번호>11200-3038</일련번호><전용면적>36.85</전용면적><중개사소재지>서울 성동구</중개사소재지><지번>890-446</지번><지역코드>11200</지역코드><층>3</층><해제사유발생일> </해제사유발생일><해제여부> </해제여부></item><item><거래금액>   100,000</거래금액><거래유형>중개거래</거래유형><건축년도>2006</건축년도><년>2022</년><도로명>마조로</도로명><도로명건물본번호코드>00057</도로명건물본번호코드><도로명건물부번호코드>00000</도로명건물부번호코드><도로명시군구코드>11200</도로명시군구코드><도로명일련번호코드>01</도로명일련번호코드><도로명지상지하코드>0</도로명지상지하코드><도로명코드>3103002</도로명코드><법정동> 마장동</법정동><법정동본번코드>0820</법정동본번코드><법정동부번코드>0000</법정동부번코드><법정동시군구코드>11200</법정동시군구코드><법정동읍면동코드>10500</법정동읍면동코드><법정동지번코드>1</법정동지번코드><아파트>금호어울림</아파트><월>10</월><일>24</일><일련번호>11200-90</일련번호><전용면적>84.97</전용면적><중개사소재지>서울 성동구</중개사소재지><지번>820</지번><지역코드>11200</지역코드><층>21</층><해제사유발생일> </해제사유발생일><해제여부> </해제여부></item><item><거래금액>   103,000</거래금액><거래유형>중개거래</거래유형><건축년도>2003</건축년도><년>2022</년><도로명>행당로9길</도로명><도로명건물본번호코드>00034</도로명건물본번호코드><도로명건물부번호코드>00000</도로명건물부번호코드><도로명시군구코드>11200</도로명시군구코드><도로명일련번호코드>02</도로명일련번호코드><도로명지상지하코드>0</도로명지상지하코드><도로명코드>4109544</도로명코드><법정동> 행당동</법정동><법정동본번코드>0347</법정동본번코드><법정동부번코드>0004</법정동부번코드><법정동시군구코드>11200</법정동시군구코드><법정동읍면동코드>10700</법정동읍면동코드><법정동지번코드>1</법정동지번코드><아파트>다울아크로빌</아파트><월>10</월><일>2</일><일련번호>11200-25</일련번호><전용면적>137.86</전용면적><중개사소재지>서울 성동구</중개사소재지><지번>347-4</지번><지역코드>11200</지역코드><층>1</층><해제사유발생일> </해제사유발생일><해제여부> </해제여부></item><item><거래금액>   103,000</거래금액><거래유형>중개거래</거래유형><건축년도>2003</건축년도><년>2022</년><도로명>행당로9길</도로명><도로명건물본번호코드>00034</도로명건물본번호코드><도로명건물부번호코드>00000</도로명건물부번호코드><도로명시군구코드>11200</도로명시군구코드><도로명일련번호코드>02</도로명일련번호코드><도로명지상지하코드>0</도로명지상지하코드><도로명코드>4109544</도로명코드><법정동> 행당동</법정동><법정동본번코드>0347</법정동본번코드><법정동부번코드>0004</법정동부번코드><법정동시군구코드>11200</법정동시군구코드><법정동읍면동코드>10700</법정동읍면동코드><법정동지번코드>1</법정동지번코드><아파트>다울아크로빌</아파트><월>10</월><일>2</일><일련번호>11200-25</일련번호><전용면적>137.86</전용면적><중개사소재지>서울 성동구</중개사소재지><지번>347-4</지번><지역코드>11200</지역코드><층>1</층><해제사유발생일>23.03.15</해제사유발생일><해제여부>O</해제여부></item><item><거래금액>   112,500</거래금액><거래유형>중개거래</거래유형><건축년도>2000</건축년도><년>2022</년><도로명>행당로</도로명><도로명건물본번호코드>00079</도로명건물본번호코드><도로명건물부번호코드>00000</도로명건물부번호코드><도로명시군구코드>11200</도로명시군구코드><도로명일련번호코드>01</도로명일련번호코드><도로명지상지하코드>0</도로명지상지하코드><도로명코드>3103006</도로명코드><법정동> 행당동</법정동><법정동본번코드>0347</법정동본번코드><법정동부번코드>0000</법정동부번코드><법정동시군구코드>11200</법정동시군구코드><법정동읍면동코드>10700</법정동읍면동코드><법정동지번코드>1</법정동지번코드><아파트>대림e-편한세상</아파트><월>10</월><일>3</일><일련번호>11200-18</일련번호><전용면적>84.87</전용면적><중개사소재지>서울 성동구</중개사소재지><지번>347</지번><지역코드>11200</지역코드><층>6</층><해제사유발생일> </해제사유발생일><해제여부> </해제여부></item><item><거래금액>   159,750</거래금액><거래유형>중개거래</거래유형><건축년도>2009</건축년도><년>2022</년><도로명>행당로8길</도로명><도로명건물본번호코드>00008</도로명건물본번호코드><도로명건물부번호코드>00000</도로명건물부번호코드><도로명시군구코드>11200</도로명시군구코드><도로명일련번호코드>01</도로명일련번호코드><도로명지상지하코드>0</도로명지상지하코드><도로명코드>4109543</도로명코드><법정동> 행당동</법정동><법정동본번코드>0375</법정동본번코드><법정동부번코드>0000</법정동부번코드><법정동시군구코드>11200</법정동시군구코드><법정동읍면동코드>10700</법정동읍면동코드><법정동지번코드>1</법정동지번코드><아파트>두산위브</아파트><월>10</월><일>4</일><일련번호>11200-2899</일련번호><전용면적>114.99</전용면적><중개사소재지>서울 성동구</중개사소재지><지번>375</지번><지역코드>11200</지역코드><층>14</층><해제사유발생일> </해제사유발생일><해제여부> </해제여부></item><item><거래금액>   145,300</거래금액><거래유형>중개거래</거래유형><건축년도>2000</건축년도><년>2022</년><도로명>행당로</도로명><도로명건물본번호코드>00082</도로명건물본번호코드><도로명건물부번호코드>00000</도로명건물부번호코드><도로명시군구코드>11200</도로명시군구코드><도로명일련번호코드>01</도로명일련번호코드><도로명지상지하코드>0</도로명지상지하코드><도로명코드>3103006</도로명코드><법정동> 행당동</법정동><법정동본번코드>0346</법정동본번코드><법정동부번코드>0000</법정동부번코드><법정동시군구코드>11200</법정동시군구코드><법정동읍면동코드>10700</법정동읍면동코드><법정동지번코드>1</법정동지번코드><아파트>행당한진타운</아파트><월>10</월><일>14</일><일련번호>11200-22</일련번호><전용면적>114.62</전용면적><중개사소재지>서울 성동구</중개사소재지><지번>346</지번><지역코드>11200</지역코드><층>16</층><해제사유발생일> </해제사유발생일><해제여부> </해제여부></item><item><거래금액>   101,800</거래금액><거래유형>중개거래</거래유형><건축년도>2001</건축년도><년>2022</년><도로명>고산자로</도로명><도로명건물본번호코드>00160</도로명건물본번호코드><도로명건물부번호코드>00000</도로명건물부번호코드><도로명시군구코드>11200</도로명시군구코드><도로명일련번호코드>05</도로명일련번호코드><도로명지상지하코드>0</도로명지상지하코드><도로명코드>3005030</도로명코드><법정동> 응봉동</법정동><법정동본번코드>0015</법정동본번코드><법정동부번코드>0000</법정동부번코드><법정동시군구코드>11200</법정동시군구코드><법정동읍면동코드>10800</법정동읍면동코드><법정동지번코드>1</법정동지번코드><아파트>대림강변타운</아파트><월>10</월><일>14</일><일련번호>11200-29</일련번호><전용면적>59.76</전용면적><중개사소재지>서울 성동구</중개사소재지><지번>15</지번><지역코드>11200</지역코드><층>20</층><해제사유발생일> </해제사유발생일><해제여부> </해제여부></item><item><거래금액>   122,000</거래금액><거래유형>중개거래</거래유형><건축년도>2001</건축년도><년>2022</년><도로명>고산자로</도로명><도로명건물본번호코드>00160</도로명건물본번호코드><도로명건물부번호코드>00000</도로명건물부번호코드><도로명시군구코드>11200</도로명시군구코드><도로명일련번호코드>05</도로명일련번호코드><도로명지상지하코드>0</도로명지상지하코드><도로명코드>3005030</도로명코드><법정동> 응봉동</법정동><법정동본번코드>0015</법정동본번코드><법정동부번코드>0000</법정동부번코드><법정동시군구코드>11200</법정동시군구코드><법정동읍면동코드>10800</법정동읍면동코드><법정동지번코드>1</법정동지번코드><아파트>대림강변타운</아파트><월>10</월><일>20</일><일련번호>11200-29</일련번호><전용면적>84.42</전용면적><중개사소재지>서울 성동구</중개사소재지><지번>15</지번><지역코드>11200</지역코드><층>9</층><해제사유발생일> </해제사유발생일><해제여부> </해제여부></item><item><거래금액>   136,000</거래금액><거래유형>중개거래</거래유형><건축년도>2019</건축년도><년>2022</년><도로명>금호로</도로명><도로명건물본번호코드>00140</도로명건물본번호코드><도로명건물부번호코드>00000</도로명건물부번호코드><도로명시군구코드>11200</도로명시군구코드><도로명일련번호코드>00</도로명일련번호코드><도로명코드>3103001</도로명코드><법정동> 금호동1가</법정동><법정동본번코드>0280</법정동본번코드><법정동부번코드>0000</법정동부번코드><법정동시군구코드>11200</법정동시군구코드><법정동읍면동코드>10900</법정동읍면동코드><법정동지번코드>1</법정동지번코드><아파트>이편한세상금호파크힐스</아파트><월>10</월><일>14</일><일련번호>11200-3161</일련번호><전용면적>59.949</전용면적><중개사소재지>서울 성동구</중개사소재지><지번>280</지번><지역코드>11200</지역코드><층>4</층><해제사유발생일> </해제사유발생일><해제여부> </해제여부></item><item><거래금액>   124,000</거래금액><거래유형>중개거래</거래유형><건축년도>2001</건축년도><년>2022</년><도로명>금호로</도로명><도로명건물본번호코드>00100</도로명건물본번호코드><도로명건물부번호코드>00000</도로명건물부번호코드><도로명시군구코드>11200</도로명시군구코드><도로명일련번호코드>01</도로명일련번호코드><도로명지상지하코드>0</도로명지상지하코드><도로명코드>3103001</도로명코드><법정동> 금호동1가</법정동><법정동본번코드>0633</법정동본번코드><법정동부번코드>0000</법정동부번코드><법정동시군구코드>11200</법정동시군구코드><법정동읍면동코드>10900</법정동읍면동코드><법정동지번코드>1</법정동지번코드><아파트>벽산</아파트><월>10</월><일>29</일><일련번호>11200-32</일련번호><전용면적>114.57</전용면적><중개사소재지>서울 성동구</중개사소재지><지번>633</지번><지역코드>11200</지역코드><층>6</층><해제사유발생일> </해제사유발생일><해제여부> </해제여부></item><item><거래금액>   130,000</거래금액><거래유형>직거래</거래유형><건축년도>1994</건축년도><년>2022</년><도로명>동호로</도로명><도로명건물본번호코드>00100</도로명건물본번호코드><도로명건물부번호코드>00000</도로명건물부번호코드><도로명시군구코드>11200</도로명시군구코드><도로명일련번호코드>01</도로명일련번호코드><도로명지상지하코드>0</도로명지상지하코드><도로명코드>3005001</도로명코드><법정동> 금호동3가</법정동><법정동본번코드>1331</법정동본번코드><법정동부번코드>0000</법정동부번코드><법정동시군구코드>11200</법정동시군구코드><법정동읍면동코드>11100</법정동읍면동코드><법정동지번코드>1</법정동지번코드><아파트>두산</아파트><월>10</월><일>4</일><일련번호>11200-34</일련번호><전용면적>84.99</전용면적><중개사소재지> </중개사소재지><지번>1331</지번><지역코드>11200</지역코드><층>13</층><해제사유발생일> </해제사유발생일><해제여부> </해제여부></item><item><거래금액>   140,000</거래금액><거래유형>중개거래</거래유형><건축년도>2005</건축년도><년>2022</년><도로명>금호산길</도로명><도로명건물본번호코드>00027</도로명건물본번호코드><도로명건물부번호코드>00000</도로명건물부번호코드><도로명시군구코드>11200</도로명시군구코드><도로명일련번호코드>02</도로명일련번호코드><도로명지상지하코드>0</도로명지상지하코드><도로명코드>4109077</도로명코드><법정동> 금호동3가</법정동><법정동본번코드>1662</법정동본번코드><법정동부번코드>0000</법정동부번코드><법정동시군구코드>11200</법정동시군구코드><법정동읍면동코드>11100</법정동읍면동코드><법정동지번코드>1</법정동지번코드><아파트>금호한신</아파트><월>10</월><일>14</일><일련번호>11200-2691</일련번호><전용면적>130.92</전용면적><중개사소재지>서울 성동구</중개사소재지><지번>1662</지번><지역코드>11200</지역코드><층>9</층><해제사유발생일> </해제사유발생일><해제여부> </해제여부></item><item><거래금액>   145,000</거래금액><거래유형>중개거래</거래유형><건축년도>2001</건축년도><년>2022</년><도로명>독서당로</도로명><도로명건물본번호코드>00272</도로명건물본번호코드><도로명건물부번호코드>00000</도로명건물부번호코드><도로명시군구코드>11200</도로명시군구코드><도로명일련번호코드>05</도로명일련번호코드><도로명지상지하코드>0</도로명지상지하코드><도로명코드>3005014</도로명코드><법정동> 금호동4가</법정동><법정동본번코드>0800</법정동본번코드><법정동부번코드>0000</법정동부번코드><법정동시군구코드>11200</법정동시군구코드><법정동읍면동코드>11200</법정동읍면동코드><법정동지번코드>1</법정동지번코드><아파트>대우</아파트><월>10</월><일>12</일><일련번호>11200-35</일련번호><전용면적>84.71</전용면적><중개사소재지>서울 광진구</중개사소재지><지번>800</지번><지역코드>11200</지역코드><층>7</층><해제사유발생일> </해제사유발생일><해제여부> </해제여부></item><item><거래금액>   120,000</거래금액><거래유형>중개거래</거래유형><건축년도>1999</건축년도><년>2022</년><도로명>성수일로10길</도로명><도로명건물본번호코드>00003</도로명건물본번호코드><도로명건물부번호코드>00000</도로명건물부번호코드><도로명시군구코드>11200</도로명시군구코드><도로명일련번호코드>01</도로명일련번호코드><도로명지상지하코드>0</도로명지상지하코드><도로명코드>4109358</도로명코드><법정동> 성수동2가</법정동><법정동본번코드>0286</법정동본번코드><법정동부번코드>0000</법정동부번코드><법정동시군구코드>11200</법정동시군구코드><법정동읍면동코드>11500</법정동읍면동코드><법정동지번코드>1</법정동지번코드><아파트>성수우방2차아파트</아파트><월>10</월><일>13</일><일련번호>11200-71</일련번호><전용면적>84.75</전용면적><중개사소재지>서울 성동구</중개사소재지><지번>286</지번><지역코드>11200</지역코드><층>11</층><해제사유발생일> </해제사유발생일><해제여부> </해제여부></item></items><numOfRows>999</numOfRows><pageNo>1</pageNo><totalCount>19</totalCount></body></response>