<?xml version="1.0" encoding="UTF-8" standalone="yes"?><response><header><resultCode>00</resultCode><resultMsg>NORMAL SERVICE.</resultMsg></header><body><items><item><거래금액>   155,000</거래금액><거래유형>중개거래</거래유형><건축년도>2016</건축년도><년>2023</년><도로명>왕십리로</도로명><도로명건물본번호코드>00410</도로명건물본번호코드><도로명건물부번호코드>00000</도로명건물부번호코드><도로명시군구코드>11200</도로명시군구코드><도로명일련번호코드>00</도로명일련번호코드><도로명코드>3005011</도로명코드><법정동> 하왕십리동</법정동><법정동본번코드>1070</법정동본번코드><법정동부번코드>0000</법정동부번코드><법정동시군구코드>11200</법정동시군구코드><법정동읍면동코드>10200</법정동읍면동코드><법정동지번코드>1</법정동지번코드><아파트>센트라스</아파트><월>1</월><일>11</일><일련번호>11200-3120</일련번호><전용면적>84.96</전용면적><중개사소재지>서울 성동구</중개사소재지><지번>1070</지번><지역코드>11200</지역코드><층>21</층><해제사유발생일> </해제사유발생일><해제여부> </해제여부></item><item><거래금액>    82,500</거래금액><거래유형>중개거래</거래유형><건축년도>2009</건축년도><년>2023</년><도로명>무학봉길</도로명><도로명건물본번호코드>00076</도로명건물본번호코드><도로명건물부번호코드>00000</도로명건물부번호코드><도로명시군구코드>11200</도로명시군구코드><도로명일련번호코드>01</도로명일련번호코드><도로명지상지하코드>0</도로명지상지하코드><도로명코드>4109280</도로명코드><법정동> 하왕십리동</법정동><법정동본번코드>1064</법정동본번코드><법정동부번코드>0000</법정동부번코드><법정동시군구코드>11200</법정동시군구코드><법정동읍면동코드>10200</법정동읍면동코드><법정동지번코드>1</법정동지번코드><아파트>왕십리지웰</아파트><월>1</월><일>12</일><일련번호>11200-2895</일련번호><전용면적>84.957</전용면적><중개사소재지>서울 성동구</중개사소재지><지번>1064</지번><지역코드>11200</지역코드><층>11</층><해제사유발생일> </해제사유발생일><해제여부> </해제여부></item><item><거래금액>   108,000</거래금액><거래유형>중개거래</거래유형><건축년도>2016</건축년도><년>2023</년><도로명>왕십리로</도로명><도로명건물본번호코드>00410</도로명건물본번호코드><도로명건물부번호코드>00000</도로명건물부번호코드><도로명시군구코드>11200</도로명시군구코드><도로명일련번호코드>00</도로명일련번호코드><도로명코드>3005011</도로명코드><법정동> 하왕십리동</법정동><법정동본번코드>1070</법정동본번코드><법정동부번코드>0000</법정동부번코드><법정동시군구코드>11200</법정동시군구코드><법정동읍면동코드>10200</법정동읍면동코드><법정동지번코드>1</법정동지번코드><아파트>센트라스</아파트><월>1</월><일>17</일><일련번호>11200-3120</일련번호><전용면적>59.94</전용면적><중개사소재지>서울 성동구</중개사소재지><지번>1070</지번><지역코드>11200</지역코드><층>15</층><해제사유발생일> </해제사유발생일><해제여부> </해제여부></item><item><거래금액>    95,000</거래금액><거래유형>중개거래</거래유형><건축년도>2001</건축년도><년>2023</년><도로명>왕십리로31길</도로명><도로명건물본번호코드>00020</도로명건물본번호코드><도로명건물부번호코드>00000</도로명건물부번호코드><도로명시군구코드>11200</도로명시군구코드><도로명일련번호코드>01</도로명일련번호코드><도로명지상지하코드>0</도로명지상지하코드><도로명코드>4109447</도로명코드><법정동> 하왕십리동</법정동><법정동본번코드>1050</법정동본번코드><법정동부번코드>0000</법정동부번코드><법정동시군구코드>11200</법정동시군구코드><법정동읍면동코드>10200</법정동읍면동코드><법정동지번코드>1</법정동지번코드><아파트>한진해모로</아파트><월>1</월><일>19</일><일련번호>11200-6</일련번호><전용면적>112.26</전용면적><중개사소재지>서울 성동구</중개사소재지><지번>1050</지번><지역코드>11200</지역코드><층>15</층><해제사유발생일> </해제사유발생일><해제여부> </해제여부></item><item><거래금액>    93,000</거래금액><거래유형>직거래</거래유형><건축년도>2015</건축년도><년>2023</년><도로명>무학로</도로명><도로명건물본번호코드>00033</도로명건물본번호코드><도로명건물부번호코드>00000</도로명건물부번호코드><도로명시군구코드>11200</도로명시군구코드><도로명일련번호코드>01</도로명일련번호코드><도로명코드>3005033</도로명코드><법정동> 하왕십리동</법정동><법정동본번코드>1066</법정동본번코드><법정동부번코드>0000</법정동부번코드><법정동시군구코드>11200</법정동시군구코드><법정동읍면동코드>10200</법정동읍면동코드><법정동지번코드>1</법정동지번코드><아파트>텐즈힐(1단지)</아파트><월>1</월><일>22</일><일련번호>11200-3074</일련번호><전용면적>84.96</전용면적><중개사소재지> </중개사소재지><지번>1066</지번><지역코드>11200</지역코드><층>19</층><해제사유발생일> </해제사유발생일><해제여부> </해제여부></item><item><거래금액>    73,000</거래금액><거래유형>중개거래</거래유형><건축년도>1996</건축년도><년>2023</년><도로명>무학봉길</도로명><도로명건물본번호코드>00049</도로명건물본번호코드><도로명건물부번호코드>00000</도로명건물부번호코드><도로명시군구코드>11200</도로명시군구코드><도로명일련번호코드>00</도로명일련번호코드><도로명지상지하코드>0</도로명지상지하코드><도로명코드>4109280</도로명코드><법정동> 하왕십리동</법정동><법정동본번코드>0992</법정동본번코드><법정동부번코드>0000</법정동부번코드><법정동시군구코드>11200</법정동시군구코드><법정동읍면동코드>10200</법정동읍면동코드><법정동지번코드>1</법정동지번코드><아파트>무학현대</아파트><월>1</월><일>28</일><일련번호>11200-3</일련번호><전용면적>84.675</전용면적><중개사소재지>서울 성동구</중개사소재지><지번>992</지번><지역코드>11200</지역코드><층>9</층><해제사유발생일> </해제사유발생일><해제여부> </해제여부></item><item><거래금액>    77,500</거래금액><거래유형>중개거래</거래유형><건축년도>2004</건축년도><년>2023</년><도로명>난계로</도로명><도로명건물본번호코드>00084</도로명건물본번호코드><도로명건물부번호코드>00000</도로명건물부번호코드><도로명시군구코드>11200</도로명시군구코드><도로명일련번호코드>02</도로명일련번호코드><도로명지상지하코드>0</도로명지상지하코드><도로명코드>3100018</도로명코드><법정동> 하왕십리동</법정동><법정동본번코드>1061</법정동본번코드><법정동부번코드>0000</법정동부번코드><법정동시군구코드>11200</법정동시군구코드><법정동읍면동코드>10200</법정동읍면동코드><법정동지번코드>1</법정동지번코드><아파트>왕십리풍림아이원</아파트><월>1</월><일>31</일><일련번호>11200-98</일련번호><전용면적>59.936</전용면적><중개사소재지>서울 성동구</중개사소재지><지번>1061</지번><지역코드>11200</지역코드><층>4</층><해제사유발생일> </해제사유발생일><해제여부> </해제여부></item><item><거래금액>    67,000</거래금액><거래유형>중개거래</거래유형><건축년도>1998</건축년도><년>2023</년><도로명>살곶이길</도로명><도로명건물본번호코드>00050</도로명건물본번호코드><도로명건물부번호코드>00000</도로명건물부번호코드><도로명시군구코드>11200</도로명시군구코드><도로명일련번호코드>00</도로명일련번호코드><도로명지상지하코드>0</도로명지상지하코드><도로명코드>4109304</도로명코드><법정동> 마장동</법정동><법정동본번코드>0818</법정동본번코드><법정동부번코드>0000</법정동부번코드><법정동시군구코드>11200</법정동시군구코드><법정동읍면동코드>10500</법정동읍면동코드><법정동지번코드>1</법정동지번코드><아파트>현대</아파트><월>1</월><일>3</일><일련번호>11200-14</일련번호><전용면적>59.91</전용면적><중개사소재지>서울 성동구</중개사소재지><지번>818</지번><지역코드>11200</지역코드><층>14</층><해제사유발생일> </해제사유발생일><해제여부> </해제여부></item><item><거래금액>    68,000</거래금액><거래유형>중개거래</거래유형><건축년도>1998</건축년도><년>2023</년><도로명>살곶이길</도로명><도로명건물본번호코드>00050</도로명건물본번호코드><도로명건물부번호코드>00000</도로명건물부번호코드><도로명시군구코드>11200</도로명시군구코드><도로명일련번호코드>00</도로명일련번호코드><도로명지상지하코드>0</도로명지상지하코드><도로명코드>4109304</도로명코드><법정동> 마장동</법정동><법정동본번코드>0818</법정동본번코드><법정동부번코드>0000</법정동부번코드><법정동시군구코드>11200</법정동시군구코드><법정동읍면동코드>10500</법정동읍면동코드><법정동지번코드>1</법정동지번코드><아파트>현대</아파트><월>1</월><일>7</일><일련번호>11200-14</일련번호><전용면적>59.91</전용면적><중개사소재지>서울 성동구</중개사소재지><지번>818</지번><지역코드>11200</지역코드><층>25</층><해제사유발생일> </해제사유발생일><해제여부> </해제여부></item><item><거래금액>    69,000</거래금액><거래유형>중개거래</거래유형><건축년도>1998</건축년도><년>2023</년><도로명>살곶이길</도로명><도로명건물본번호코드>00050</도로명건물본번호코드><도로명건물부번호코드>00000</도로명건물부번호코드><도로명시군구코드>11200</도로명시군구코드><도로명일련번호코드>00</도로명일련번호코드><도로명지상지하코드>0</도로명지상지하코드><도로명코드>4109304</도로명코드><법정동> 마장동</법정동><법정동본번코드>0818</법정동본번코드><법정동부번코드>0000</법정동부번코드><법정동시군구코드>11200</법정동시군구코드><법정동읍면동코드>10500</법정동읍면동코드><법정동지번코드>1</법정동지번코드><아파트>현대</아파트><월>1</월><일>27</일><일련번호>11200-14</일련번호><전용면적>59.94</전용면적><중개사소재지>서울 성동구</중개사소재지><지번>818</지번><지역코드>11200</지역코드><층>28</층><해제사유발생일> </해제사유발생일><해제여부> </해제여부></item><item><거래금액>    83,000</거래금액><거래유형>중개거래</거래유형><건축년도>2000</건축년도><년>2023</년><도로명>행당로</도로명><도로명건물본번호코드>00079</도로명건물본번호코드><도로명건물부번호코드>00000</도로명건물부번호코드><도로명시군구코드>11200</도로명시군구코드><도로명일련번호코드>01</도로명일련번호코드><도로명지상지하코드>0</도로명지상지하코드><도로명코드>3103006</도로명코드><법정동> 행당동</법정동><법정동본번코드>0347</법정동본번코드><법정동부번코드>0000</법정동부번코드><법정동시군구코드>11200</법정동시군구코드><법정동읍면동코드>10700</법정동읍면동코드><법정동지번코드>1</법정동지번코드><아파트>대림e-편한세상</아파트><월>1</월><일>9</일><일련번호>11200-18</일련번호><전용면적>59.96</전용면적><중개사소재지>서울 성동구</중개사소재지><지번>347</지번><지역코드>11200</지역코드><층>6</층><해제사유발생일> </해제사유발생일><해제여부> </해제여부></item><item><거래금액>   129,000</거래금액><거래유형>중개거래</거래유형><건축년도>2003</건축년도><년>2023</년><도로명>고산자로</도로명><도로명건물본번호코드>00164</도로명건물본번호코드><도로명건물부번호코드>00000</도로명건물부번호코드><도로명시군구코드>11200</도로명시군구코드><도로명일련번호코드>04</도로명일련번호코드><도로명지상지하코드>0</도로명지상지하코드><도로명코드>3005030</도로명코드><법정동> 행당동</법정동><법정동본번코드>0349</법정동본번코드><법정동부번코드>0000</법정동부번코드><법정동시군구코드>11200</법정동시군구코드><법정동읍면동코드>10700</법정동읍면동코드><법정동지번코드>1</법정동지번코드><아파트>서울숲 한신 더 휴</아파트><월>1</월><일>11</일><일련번호>11200-24</일련번호><전용면적>114.97</전용면적><중개사소재지>서울 성동구</중개사소재지><지번>349</지번><지역코드>11200</지역코드><층>14</층><해제사유발생일> </해제사유발생일><해제여부> </해제여부></item><item><거래금액>   118,000</거래금액><거래유형>중개거래</거래유형><건축년도>2000</건축년도><년>2023</년><도로명>행당로</도로명><도로명건물본번호코드>00082</도로명건물본번호코드><도로명건물부번호코드>00000</도로명건물부번호코드><도로명시군구코드>11200</도로명시군구코드><도로명일련번호코드>01</도로명일련번호코드><도로명지상지하코드>0</도로명지상지하코드><도로명코드>3103006</도로명코드><법정동> 행당동</법정동><법정동본번코드>0346</법정동본번코드><법정동부번코드>0000</법정동부번코드><법정동시군구코드>11200</법정동시군구코드><법정동읍면동코드>10700</법정동읍면동코드><법정동지번코드>1</법정동지번코드><아파트>행당한진타운</아파트><월>1</월><일>14</일><일련번호>11200-22</일련번호><전용면적>114.62</전용면적><중개사소재지>서울 성동구</중개사소재지><지번>346</지번><지역코드>11200</지역코드><층>14</층><해제사유발생일> </해제사유발생일><해제여부> </해제여부></item><item><거래금액>   215,000</거래금액><거래유형>중개거래</거래유형><건축년도>2018</건축년도><년>2023</년><도로명>고산자로2길</도로명><도로명건물본번호코드>00065</도로명건물본번호코드><도로명건물부번호코드>00000</도로명건물부번호코드><도로명시군구코드>11200</도로명시군구코드><도로명일련번호코드>00</도로명일련번호코드><도로명코드>4109015</도로명코드><법정동> 행당동</법정동><법정동본번코드>0380</법정동본번코드><법정동부번코드>0000</법정동부번코드><법정동시군구코드>11200</법정동시군구코드><법정동읍면동코드>10700</법정동읍면동코드><법정동지번코드>1</법정동지번코드><아파트>서울숲리버뷰자이</아파트><월>1</월><일>17</일><일련번호>11200-3173</일련번호><전용면적>108.82</전용면적><중개사소재지>서울 광진구, 서울 성동구</중개사소재지><지번>380</지번><지역코드>11200</지역코드><층>12</층><해제사유발생일> </해제사유발생일><해제여부> </해제여부></item><item><거래금액>   111,000</거래금액><거래유형>중개거래</거래유형><건축년도>2000</건축년도><년>2023</년><도로명>행당로</도로명><도로명건물본번호코드>00082</도로명건물본번호코드><도로명건물부번호코드>00000</도로명건물부번호코드><도로명시군구코드>11200</도로명시군구코드><도로명일련번호코드>01</도로명일련번호코드><도로명지상지하코드>0</도로명지상지하코드><도로명코드>3103006</도로명코드><법정동> 행당동</법정동><법정동본번코드>0346</법정동본번코드><법정동부번코드>0000</법정동부번코드><법정동시군구코드>11200</법정동시군구코드><법정동읍면동코드>10700</법정동읍면동코드><법정동지번코드>1</법정동지번코드><아파트>행당한진타운</아파트><월>1</월><일>27</일><일련번호>11200-22</일련번호><전용면적>84.71</전용면적><중개사소재지>서울 성동구</중개사소재지><지번>346</지번><지역코드>11200</지역코드><층>15</층><해제사유발생일> </해제사유발생일><해제여부> </해제여부></item><item><거래금액>   108,800</거래금액><거래유형>중개거래</거래유형><건축년도>2000</건축년도><년>2023</년><도로명>행당로</도로명><도로명건물본번호코드>00082</도로명건물본번호코드><도로명건물부번호코드>00000</도로명건물부번호코드><도로명시군구코드>11200</도로명시군구코드><도로명일련번호코드>01</도로명일련번호코드><도로명지상지하코드>0</도로명지상지하코드><도로명코드>3103006</도로명코드><법정동> 행당동</법정동><법정동본번코드>0346</법정동본번코드><법정동부번코드>0000</법정동부번코드><법정동시군구코드>11200</법정동시군구코드><법정동읍면동코드>10700</법정동읍면동코드><법정동지번코드>1</법정동지번코드><아파트>행당한진타운</아파트><월>1</월><일>30</일><일련번호>11200-22</일련번호><전용면적>114.62</전용면적><중개사소재지>서울 성동구</중개사소재지><지번>346</지번><지역코드>11200</지역코드><층>10</층><해제사유발생일> </해제사유발생일><해제여부> </해제여부></item><item><거래금액>   147,000</거래금액><거래유형>중개거래</거래유형><건축년도>2019</건축년도><년>2023</년><도로명>금호로</도로명><도로명건물본번호코드>00140</도로명건물본번호코드><도로명건물부번호코드>00000</도로명건물부번호코드><도로명시군구코드>11200</도로명시군구코드><도로명일련번호코드>00</도로명일련번호코드><도로명코드>3103001</도로명코드><법정동> 금호동1가</법정동><법정동본번코드>0280</법정동본번코드><법정동부번코드>0000</법정동부번코드><법정동시군구코드>11200</법정동시군구코드><법정동읍면동코드>10900</법정동읍면동코드><법정동지번코드>1</법정동지번코드><아파트>이편한세상금호파크힐스</아파트><월>1</월><일>18</일><일련번호>11200-3161</일련번호><전용면적>84.982</전용면적><중개사소재지>서울 성동구</중개사소재지><지번>280</지번><지역코드>11200</지역코드><층>21</층><해제사유발생일> </해제사유발생일><해제여부> </해제여부></item><item><거래금액>    84,000</거래금액><거래유형>중개거래</거래유형><건축년도>2001</건축년도><년>2023</년><도로명>금호로</도로명><도로명건물본번호코드>00100</도로명건물본번호코드><도로명건물부번호코드>00000</도로명건물부번호코드><도로명시군구코드>11200</도로명시군구코드><도로명일련번호코드>01</도로명일련번호코드><도로명지상지하코드>0</도로명지상지하코드><도로명코드>3103001</도로명코드><법정동> 금호동1가</법정동><법정동본번코드>0633</법정동본번코드><법정동부번코드>0000</법정동부번코드><법정동시군구코드>11200</법정동시군구코드><법정동읍면동코드>10900</법정동읍면동코드><법정동지번코드>1</법정동지번코드><아파트>벽산</아파트><월>1</월><일>20</일><일련번호>11200-32</일련번호><전용면적>59.9</전용면적><중개사소재지>서울 성동구</중개사소재지><지번>633</지번><지역코드>11200</지역코드><층>14</층><해제사유발생일> </해제사유발생일><해제여부> </해제여부></item><item><거래금액>   114,500</거래금액><거래유형>중개거래</거래유형><건축년도>2019</건축년도><년>2023</년><도로명>금호로</도로명><도로명건물본번호코드>00140</도로명건물본번호코드><도로명건물부번호코드>00000</도로명건물부번호코드><도로명시군구코드>11200</도로명시군구코드><도로명일련번호코드>00</도로명일련번호코드><도로명코드>3103001</도로명코드><법정동> 금호동1가</법정동><법정동본번코드>0280</법정동본번코드><법정동부번코드>0000</법정동부번코드><법정동시군구코드>11200</법정동시군구코드><법정동읍면동코드>10900</법정동읍면동코드><법정동지번코드>1</법정동지번코드><아파트>이편한세상금호파크힐스</아파트><월>1</월><일>28</일><일련번호>11200-3161</일련번호><전용면적>59.983</전용면적><중개사소재지>서울 성동구</중개사소재지><지번>280</지번><지역코드>11200</지역코드><층>3</층><해제사유발생일> </해제사유발생일><해제여부> </해제여부></item><item><거래금액>   110,000</거래금액><거래유형>중개거래</거래유형><건축년도>2016</건축년도><년>2023</년><도로명>금호로</도로명><도로명건물본번호코드>00173</도로명건물본번호코드><도로명건물부번호코드>00000</도로명건물부번호코드><도로명시군구코드>11200</도로명시군구코드><도로명일련번호코드>02</도로명일련번호코드><도로명지상지하코드>0</도로명지상지하코드><도로명코드>3103001</도로명코드><법정동> 금호동2가</법정동><법정동본번코드>0001</법정동본번코드><법정동부번코드>0000</법정동부번코드><법정동시군구코드>11200</법정동시군구코드><법정동읍면동코드>11000</법정동읍면동코드><법정동지번코드>1</법정동지번코드><아파트>신금호파크자이</아파트><월>1</월><일>9</일><일련번호>11200-3086</일련번호><전용면적>59.98</전용면적><중개사소재지>서울 성동구</중개사소재지><지번>1</지번><지역코드>11200</지역코드><층>13</층><해제사유발생일> </해제사유발생일><해제여부> </해제여부></item><item><거래금액>   111,000</거래금액><거래유형>중개거래</거래유형><건축년도>2016</건축년도><년>2023</년><도로명>금호로</도로명><도로명건물본번호코드>00173</도로명건물본번호코드><도로명건물부번호코드>00000</도로명건물부번호코드><도로명시군구코드>11200</도로명시군구코드><도로명일련번호코드>02</도로명일련번호코드><도로명지상지하코드>0</도로명지상지하코드><도로명코드>3103001</도로명코드><법정동> 금호동2가</법정동><법정동본번코드>0001</법정동본번코드><법정동부번코드>0000</법정동부번코드><법정동시군구코드>11200</법정동시군구코드><법정동읍면동코드>11000</법정동읍면동코드><법정동지번코드>1</법정동지번코드><아파트>신금호파크자이</아파트><월>1</월><일>18</일><일련번호>11200-3086</일련번호><전용면적>59.98</전용면적><중개사소재지>서울 성동구</중개사소재지><지번>1</지번><지역코드>11200</지역코드><층>5</층><해제사유발생일> </해제사유발생일><해제여부> </해제여부></item><item><거래금액>    99,500</거래금액><거래유형>중개거래</거래유형><건축년도>2012</건축년도><년>2023</년><도로명>금호로</도로명><도로명건물본번호코드>00117</도로명건물본번호코드><도로명건물부번호코드>00000</도로명건물부번호코드><도로명시군구코드>11200</도로명시군구코드><도로명일련번호코드>02</도로명일련번호코드><도로명지상지하코드>0</도로명지상지하코드><도로명코드>3103001</도로명코드><법정동> 금호동2가</법정동><법정동본번코드>1215</법정동본번코드><법정동부번코드>0000</법정동부번코드><법정동시군구코드>11200</법정동시군구코드><법정동읍면동코드>11000</법정동읍면동코드><법정동지번코드>1</법정동지번코드><아파트>금호자이1차</아파트><월>1</월><일>25</일><일련번호>11200-2938</일련번호><전용면적>59.99</전용면적><중개사소재지>서울 성동구</중개사소재지><지번>1215</지번><지역코드>11200</지역코드><층>14</층><해제사유발생일> </해제사유발생일><해제여부> </해제여부></item><item><거래금액>    87,000</거래금액><거래유형>중개거래</거래유형><건축년도>1994</건축년도><년>2023</년><도로명>동호로</도로명><도로명건물본번호코드>00100</도로명건물본번호코드><도로명건물부번호코드>00000</도로명건물부번호코드><도로명시군구코드>11200</도로명시군구코드><도로명일련번호코드>01</도로명일련번호코드><도로명지상지하코드>0</도로명지상지하코드><도로명코드>3005001</도로명코드><법정동> 금호동3가</법정동><법정동본번코드>1331</법정동본번코드><법정동부번코드>0000</법정동부번코드><법정동시군구코드>11200</법정동시군구코드><법정동읍면동코드>11100</법정동읍면동코드><법정동지번코드>1</법정동지번코드><아파트>두산</아파트><월>1</월><일>7</일><일련번호>11200-34</일련번호><전용면적>59.97</전용면적><중개사소재지>서울 성동구</중개사소재지><지번>1331</지번><지역코드>11200</지역코드><층>9</층><해제사유발생일> </해제사유발생일><해제여부> </해제여부></item><item><거래금액>   186,000</거래금액><거래유형>중개거래</거래유형><건축년도>2007</건축년도><년>2023</년><도로명>금호로</도로명><도로명건물본번호코드>00015</도로명건물본번호코드><도로명건물부번호코드>00000</도로명건물부번호코드><도로명시군구코드>11200</도로명시군구코드><도로명일련번호코드>03</도로명일련번호코드><도로명지상지하코드>0</도로명지상지하코드><도로명코드>3103001</도로명코드><법정동> 금호동4가</법정동><법정동본번코드>0340</법정동본번코드><법정동부번코드>0000</법정동부번코드><법정동시군구코드>11200</법정동시군구코드><법정동읍면동코드>11200</법정동읍면동코드><법정동지번코드>1</법정동지번코드><아파트>서울숲푸르지오</아파트><월>1</월><일>14</일><일련번호>11200-2820</일련번호><전용면적>84.87</전용면적><중개사소재지>서울 성동구</중개사소재지><지번>340</지번><지역코드>11200</지역코드><층>17</층><해제사유발생일> </해제사유발생일><해제여부> </해제여부></item><item><거래금액>    90,000</거래금액><거래유형>중개거래</거래유형><건축년도>2001</건축년도><년>2023</년><도로명>독서당로</도로명><도로명건물본번호코드>00272</도로명건물본번호코드><도로명건물부번호코드>00000</도로명건물부번호코드><도로명시군구코드>11200</도로명시군구코드><도로명일련번호코드>05</도로명일련번호코드><도로명지상지하코드>0</도로명지상지하코드><도로명코드>3005014</도로명코드><법정동> 금호동4가</법정동><법정동본번코드>0800</법정동본번코드><법정동부번코드>0000</법정동부번코드><법정동시군구코드>11200</법정동시군구코드><법정동읍면동코드>11200</법정동읍면동코드><법정동지번코드>1</법정동지번코드><아파트>대우</아파트><월>1</월><일>31</일><일련번호>11200-35</일련번호><전용면적>84.71</전용면적><중개사소재지>서울 성동구</중개사소재지><지번>800</지번><지역코드>11200</지역코드><층>8</층><해제사유발생일> </해제사유발생일><해제여부> </해제여부></item><item><거래금액>   133,000</거래금액><거래유형>중개거래</거래유형><건축년도>2012</건축년도><년>2023</년><도로명>매봉길</도로명><도로명건물본번호코드>00015</도로명건물본번호코드><도로명건물부번호코드>00000</도로명건물부번호코드><도로명시군구코드>11200</도로명시군구코드><도로명일련번호코드>02</도로명일련번호코드><도로명지상지하코드>0</도로명지상지하코드><도로명코드>4109229</도로명코드><법정동> 옥수동</법정동><법정동본번코드>0561</법정동본번코드><법정동부번코드>0000</법정동부번코드><법정동시군구코드>11200</법정동시군구코드><법정동읍면동코드>11300</법정동읍면동코드><법정동지번코드>1</법정동지번코드><아파트>래미안 옥수 리버젠</아파트><월>1</월><일>9</일><일련번호>11200-2980</일련번호><전용면적>59.25</전용면적><중개사소재지>서울 성동구</중개사소재지><지번>561</지번><지역코드>11200</지역코드><층>18</층><해제사유발생일> </해제사유발생일><해제여부> </해제여부></item><item><거래금액>   125,000</거래금액><거래유형>중개거래</거래유형><건축년도>1999</건축년도><년>2023</년><도로명>독서당로</도로명><도로명건물본번호코드>00218</도로명건물본번호코드><도로명건물부번호코드>00000</도로명건물부번호코드><도로명시군구코드>11200</도로명시군구코드><도로명일련번호코드>06</도로명일련번호코드><도로명지상지하코드>0</도로명지상지하코드><도로명코드>3005014</도로명코드><법정동> 옥수동</법정동><법정동본번코드>0250</법정동본번코드><법정동부번코드>0000</법정동부번코드><법정동시군구코드>11200</법정동시군구코드><법정동읍면동코드>11300</법정동읍면동코드><법정동지번코드>1</법정동지번코드><아파트>삼성</아파트><월>1</월><일>14</일><일련번호>11200-42</일련번호><전용면적>84.822</전용면적><중개사소재지>서울 성동구</중개사소재지><지번>250</지번><지역코드>11200</지역코드><층>9</층><해제사유발생일> </해제사유발생일><해제여부> </해제여부></item><item><거래금액>   135,000</거래금액><거래유형>중개거래</거래유형><건축년도>2016</건축년도><년>2023</년><도로명>매봉길</도로명><도로명건물본번호코드>00050</도로명건물본번호코드><도로명건물부번호코드>00000</도로명건물부번호코드><도로명시군구코드>11200</도로명시군구코드><도로명일련번호코드>00</도로명일련번호코드><도로명코드>4109229</도로명코드><법정동> 옥수동</법정동><법정동본번코드>0528</법정동본번코드><법정동부번코드>0000</법정동부번코드><법정동시군구코드>11200</법정동시군구코드><법정동읍면동코드>11300</법정동읍면동코드><법정동지번코드>1</법정동지번코드><아파트>옥수파크힐스101동~116동</아파트><월>1</월><일>14</일><일련번호>11200-3114</일련번호><전용면적>59.91</전용면적><중개사소재지>서울 성동구</중개사소재지><지번>528</지번><지역코드>11200</지역코드><층>10</층><해제사유발생일> </해제사유발생일><해제여부> </해제여부></item><item><거래금액>   124,000</거래금액><거래유형>중개거래</거래유형><건축년도>2016</건축년도><년>2023</년><도로명>매봉길</도로명><도로명건물본번호코드>00050</도로명건물본번호코드><도로명건물부번호코드>00000</도로명건물부번호코드><도로명시군구코드>11200</도로명시군구코드><도로명일련번호코드>00</도로명일련번호코드><도로명코드>4109229</도로명코드><법정동> 옥수동</법정동><법정동본번코드>0528</법정동본번코드><법정동부번코드>0000</법정동부번코드><법정동시군구코드>11200</법정동시군구코드><법정동읍면동코드>11300</법정동읍면동코드><법정동지번코드>1</법정동지번코드><아파트>옥수파크힐스101동~116동</아파트><월>1</월><일>16</일><일련번호>11200-3114</일련번호><전용면적>59.91</전용면적><중개사소재지>서울 성동구</중개사소재지><지번>528</지번><지역코드>11200</지역코드><층>8</층><해제사유발생일> </해제사유발생일><해제여부> </해제여부></item><item><거래금액>   150,000</거래금액><거래유형>중개거래</거래유형><건축년도>2016</건축년도><년>2023</년><도로명>매봉길</도로명><도로명건물본번호코드>00050</도로명건물본번호코드><도로명건물부번호코드>00000</도로명건물부번호코드><도로명시군구코드>11200</도로명시군구코드><도로명일련번호코드>00</도로명일련번호코드><도로명코드>4109229</도로명코드><법정동> 옥수동</법정동><법정동본번코드>0528</법정동본번코드><법정동부번코드>0000</법정동부번코드><법정동시군구코드>11200</법정동시군구코드><법정동읍면동코드>11300</법정동읍면동코드><법정동지번코드>1</법정동지번코드><아파트>옥수파크힐스101동~116동</아파트><월>1</월><일>17</일><일련번호>11200-3114</일련번호><전용면적>84.51</전용면적><중개사소재지>서울 성동구</중개사소재지><지번>528</지번><지역코드>11200</지역코드><층>9</층><해제사유발생일> </해제사유발생일><해제여부> </해제여부></item><item><거래금액>   154,000</거래금액><거래유형>중개거래</거래유형><건축년도>2016</건축년도><년>2023</년><도로명>매봉길</도로명><도로명건물본번호코드>00050</도로명건물본번호코드><도로명건물부번호코드>00000</도로명건물부번호코드><도로명시군구코드>11200</도로명시군구코드><도로명일련번호코드>00</도로명일련번호코드><도로명코드>4109229</도로명코드><법정동> 옥수동</법정동><법정동본번코드>0528</법정동본번코드><법정동부번코드>0000</법정동부번코드><법정동시군구코드>11200</법정동시군구코드><법정동읍면동코드>11300</법정동읍면동코드><법정동지번코드>1</법정동지번코드><아파트>옥수파크힐스101동~116동</아파트><월>1</월><일>18</일><일련번호>11200-3114</일련번호><전용면적>84.3</전용면적><중개사소재지>서울 성동구</중개사소재지><지번>528</지번><지역코드>11200</지역코드><층>15</층><해제사유발생일> </해제사유발생일><해제여부> </해제여부></item><item><거래금액>   124,000</거래금액><거래유형>중개거래</거래유형><건축년도>2016</건축년도><년>2023</년><도로명>매봉길</도로명><도로명건물본번호코드>00050</도로명건물본번호코드><도로명건물부번호코드>00000</도로명건물부번호코드><도로명시군구코드>11200</도로명시군구코드><도로명일련번호코드>00</도로명일련번호코드><도로명코드>4109229</도로명코드><법정동> 옥수동</법정동><법정동본번코드>0528</법정동본번코드><법정동부번코드>0000</법정동부번코드><법정동시군구코드>11200</법정동시군구코드><법정동읍면동코드>11300</법정동읍면동코드><법정동지번코드>1</법정동지번코드><아파트>옥수파크힐스101동~116동</아파트><월>1</월><일>18</일><일련번호>11200-3114</일련번호><전용면적>59.91</전용면적><중개사소재지>서울 성동구</중개사소재지><지번>528</지번><지역코드>11200</지역코드><층>6</층><해제사유발생일> </해제사유발생일><해제여부> </해제여부></item><item><거래금액>   154,000</거래금액><거래유형>중개거래</거래유형><건축년도>2016</건축년도><년>2023</년><도로명>매봉길</도로명><도로명건물본번호코드>00050</도로명건물본번호코드><도로명건물부번호코드>00000</도로명건물부번호코드><도로명시군구코드>11200</도로명시군구코드><도로명일련번호코드>00</도로명일련번호코드><도로명코드>4109229</도로명코드><법정동> 옥수동</법정동><법정동본번코드>0528</법정동본번코드><법정동부번코드>0000</법정동부번코드><법정동시군구코드>11200</법정동시군구코드><법정동읍면동코드>11300</법정동읍면동코드><법정동지번코드>1</법정동지번코드><아파트>옥수파크힐스101동~116동</아파트><월>1</월><일>18</일><일련번호>11200-3114</일련번호><전용면적>84.3</전용면적><중개사소재지>서울 성동구</중개사소재지><지번>528</지번><지역코드>11200</지역코드><층>15</층><해제사유발생일> </해제사유발생일><해제여부> </해제여부></item><item><거래금액>   124,000</거래금액><거래유형>중개거래</거래유형><건축년도>2016</건축년도><년>2023</년><도로명>매봉길</도로명><도로명건물본번호코드>00050</도로명건물본번호코드><도로명건물부번호코드>00000</도로명건물부번호코드><도로명시군구코드>11200</도로명시군구코드><도로명일련번호코드>00</도로명일련번호코드><도로명코드>4109229</도로명코드><법정동> 옥수동</법정동><법정동본번코드>0528</법정동본번코드><법정동부번코드>0000</법정동부번코드><법정동시군구코드>11200</법정동시군구코드><법정동읍면동코드>11300</법정동읍면동코드><법정동지번코드>1</법정동지번코드><아파트>옥수파크힐스101동~116동</아파트><월>1</월><일>19</일><일련번호>11200-3114</일련번호><전용면적>59.91</전용면적><중개사소재지>서울 성동구</중개사소재지><지번>528</지번><지역코드>11200</지역코드><층>6</층><해제사유발생일>23.01.30</해제사유발생일><해제여부>O</해제여부></item><item><거래금액>   160,000</거래금액><거래유형>중개거래</거래유형><건축년도>2016</건축년도><년>2023</년><도로명>매봉길</도로명><도로명건물본번호코드>00050</도로명건물본번호코드><도로명건물부번호코드>00000</도로명건물부번호코드><도로명시군구코드>11200</도로명시군구코드><도로명일련번호코드>00</도로명일련번호코드><도로명코드>4109229</도로명코드><법정동> 옥수동</법정동><법정동본번코드>0528</법정동본번코드><법정동부번코드>0000</법정동부번코드><법정동시군구코드>11200</법정동시군구코드><법정동읍면동코드>11300</법정동읍면동코드><법정동지번코드>1</법정동지번코드><아파트>옥수파크힐스101동~116동</아파트><월>1</월><일>20</일><일련번호>11200-3114</일련번호><전용면적>84.51</전용면적><중개사소재지>서울 성동구</중개사소재지><지번>528</지번><지역코드>11200</지역코드><층>3</층><해제사유발생일> </해제사유발생일><해제여부> </해제여부></item><item><거래금액>   152,000</거래금액><거래유형>중개거래</거래유형><건축년도>1998</건축년도><년>2023</년><도로명>한림말길</도로명><도로명건물본번호코드>00050</도로명건물본번호코드><도로명건물부번호코드>00000</도로명건물부번호코드><도로명시군구코드>11200</도로명시군구코드><도로명일련번호코드>00</도로명일련번호코드><도로명코드>4109534</도로명코드><법정동> 옥수동</법정동><법정동본번코드>0100</법정동본번코드><법정동부번코드>0000</법정동부번코드><법정동시군구코드>11200</법정동시군구코드><법정동읍면동코드>11300</법정동읍면동코드><법정동지번코드>1</법정동지번코드><아파트>옥수하이츠</아파트><월>1</월><일>21</일><일련번호>11200-44</일련번호><전용면적>84.86</전용면적><중개사소재지>서울 성동구</중개사소재지><지번>100</지번><지역코드>11200</지역코드><층>10</층><해제사유발생일> </해제사유발생일><해제여부> </해제여부></item><item><거래금액>   124,000</거래금액><거래유형>중개거래</거래유형><건축년도>2016</건축년도><년>2023</년><도로명>매봉길</도로명><도로명건물본번호코드>00050</도로명건물본번호코드><도로명건물부번호코드>00000</도로명건물부번호코드><도로명시군구코드>11200</도로명시군구코드><도로명일련번호코드>00</도로명일련번호코드><도로명코드>4109229</도로명코드><법정동> 옥수동</법정동><법정동본번코드>0528</법정동본번코드><법정동부번코드>0000</법정동부번코드><법정동시군구코드>11200</법정동시군구코드><법정동읍면동코드>11300</법정동읍면동코드><법정동지번코드>1</법정동지번코드><아파트>옥수파크힐스101동~116동</아파트><월>1</월><일>21</일><일련번호>11200-3114</일련번호><전용면적>59.91</전용면적><중개사소재지>서울 성동구</중개사소재지><지번>528</지번><지역코드>11200</지역코드><층>1</층><해제사유발생일> </해제사유발생일><해제여부> </해제여부></item><item><거래금액>   110,000</거래금액><거래유형>중개거래</거래유형><건축년도>1986</건축년도><년>2023</년><도로명>독서당로</도로명><도로명건물본번호코드>00191</도로명건물본번호코드><도로명건물부번호코드>00000</도로명건물부번호코드><도로명시군구코드>11200</도로명시군구코드><도로명일련번호코드>06</도로명일련번호코드><도로명지상지하코드>0</도로명지상지하코드><도로명코드>3005014</도로명코드><법정동> 옥수동</법정동><법정동본번코드>0428</법정동본번코드><법정동부번코드>0000</법정동부번코드><법정동시군구코드>11200</법정동시군구코드><법정동읍면동코드>11300</법정동읍면동코드><법정동지번코드>1</법정동지번코드><아파트>극동</아파트><월>1</월><일>26</일><일련번호>11200-38</일련번호><전용면적>84.74</전용면적><중개사소재지>서울 성동구</중개사소재지><지번>428</지번><지역코드>11200</지역코드><층>11</층><해제사유발생일> </해제사유발생일><해제여부> </해제여부></item><item><거래금액>   135,000</거래금액><거래유형>중개거래</거래유형><건축년도>2016</건축년도><년>2023</년><도로명>매봉길</도로명><도로명건물본번호코드>00050</도로명건물본번호코드><도로명건물부번호코드>00000</도로명건물부번호코드><도로명시군구코드>11200</도로명시군구코드><도로명일련번호코드>00</도로명일련번호코드><도로명코드>4109229</도로명코드><법정동> 옥수동</법정동><법정동본번코드>0528</법정동본번코드><법정동부번코드>0000</법정동부번코드><법정동시군구코드>11200</법정동시군구코드><법정동읍면동코드>11300</법정동읍면동코드><법정동지번코드>1</법정동지번코드><아파트>옥수파크힐스101동~116동</아파트><월>1</월><일>27</일><일련번호>11200-3114</일련번호><전용면적>59.78</전용면적><중개사소재지>서울 성동구</중개사소재지><지번>528</지번><지역코드>11200</지역코드><층>9</층><해제사유발생일> </해제사유발생일><해제여부> </해제여부></item><item><거래금액>   101,000</거래금액><거래유형>중개거래</거래유형><건축년도>1990</건축년도><년>2023</년><도로명>서울숲길</도로명><도로명건물본번호코드>00025</도로명건물본번호코드><도로명건물부번호코드>00000</도로명건물부번호코드><도로명시군구코드>11200</도로명시군구코드><도로명일련번호코드>01</도로명일련번호코드><도로명지상지하코드>0</도로명지상지하코드><도로명코드>4109323</도로명코드><법정동> 성수동1가</법정동><법정동본번코드>0676</법정동본번코드><법정동부번코드>0005</법정동부번코드><법정동시군구코드>11200</법정동시군구코드><법정동읍면동코드>11400</법정동읍면동코드><법정동지번코드>1</법정동지번코드><아파트>서울숲성수현대</아파트><월>1</월><일>2</일><일련번호>11200-61</일련번호><전용면적>84.73</전용면적><중개사소재지>서울 성동구</중개사소재지><지번>676-5</지번><지역코드>11200</지역코드><층>13</층><해제사유발생일> </해제사유발생일><해제여부> </해제여부></item><item><거래금액>   116,500</거래금액><거래유형>중개거래</거래유형><건축년도>1997</건축년도><년>2023</년><도로명>상원길</도로명><도로명건물본번호코드>00063</도로명건물본번호코드><도로명건물부번호코드>00000</도로명건물부번호코드><도로명시군구코드>11200</도로명시군구코드><도로명일련번호코드>01</도로명일련번호코드><도로명지상지하코드>0</도로명지상지하코드><도로명코드>4109317</도로명코드><법정동> 성수동1가</법정동><법정동본번코드>0706</법정동본번코드><법정동부번코드>0000</법정동부번코드><법정동시군구코드>11200</법정동시군구코드><법정동읍면동코드>11400</법정동읍면동코드><법정동지번코드>1</법정동지번코드><아파트>쌍용</아파트><월>1</월><일>4</일><일련번호>11200-56</일련번호><전용면적>84.78</전용면적><중개사소재지>서울 성동구</중개사소재지><지번>706</지번><지역코드>11200</지역코드><층>12</층><해제사유발생일> </해제사유발생일><해제여부> </해제여부></item><item><거래금액>   127,000</거래금액><거래유형>중개거래</거래유형><건축년도>2003</건축년도><년>2023</년><도로명>성수일로8길</도로명><도로명건물본번호코드>00047</도로명건물본번호코드><도로명건물부번호코드>00000</도로명건물부번호코드><도로명시군구코드>11200</도로명시군구코드><도로명일련번호코드>01</도로명일련번호코드><도로명지상지하코드>0</도로명지상지하코드><도로명코드>4109367</도로명코드><법정동> 성수동2가</법정동><법정동본번코드>0835</법정동본번코드><법정동부번코드>0000</법정동부번코드><법정동시군구코드>11200</법정동시군구코드><법정동읍면동코드>11500</법정동읍면동코드><법정동지번코드>1</법정동지번코드><아파트>롯데캐슬파크</아파트><월>1</월><일>13</일><일련번호>11200-81</일련번호><전용면적>81.567</전용면적><중개사소재지>서울 성동구</중개사소재지><지번>835</지번><지역코드>11200</지역코드><층>9</층><해제사유발생일> </해제사유발생일><해제여부> </해제여부></item><item><거래금액>   115,000</거래금액><거래유형>중개거래</거래유형><건축년도>2003</건축년도><년>2023</년><도로명>성수일로8길</도로명><도로명건물본번호코드>00047</도로명건물본번호코드><도로명건물부번호코드>00000</도로명건물부번호코드><도로명시군구코드>11200</도로명시군구코드><도로명일련번호코드>01</도로명일련번호코드><도로명지상지하코드>0</도로명지상지하코드><도로명코드>4109367</도로명코드><법정동> 성수동2가</법정동><법정동본번코드>0835</법정동본번코드><법정동부번코드>0000</법정동부번코드><법정동시군구코드>11200</법정동시군구코드><법정동읍면동코드>11500</법정동읍면동코드><법정동지번코드>1</법정동지번코드><아파트>롯데캐슬파크</아파트><월>1</월><일>21</일><일련번호>11200-81</일련번호><전용면적>84.686</전용면적><중개사소재지>서울 성동구</중개사소재지><지번>835</지번><지역코드>11200</지역코드><층>2</층><해제사유발생일> </해제사유발생일><해제여부> </해제여부></item><item><거래금액>   126,000</거래금액><거래유형>중개거래</거래유형><건축년도>2003</건축년도><년>2023</년><도로명>성수일로8길</도로명><도로명건물본번호코드>00047</도로명건물본번호코드><도로명건물부번호코드>00000</도로명건물부번호코드><도로명시군구코드>11200</도로명시군구코드><도로명일련번호코드>01</도로명일련번호코드><도로명지상지하코드>0</도로명지상지하코드><도로명코드>4109367</도로명코드><법정동> 성수동2가</법정동><법정동본번코드>0835</법정동본번코드><법정동부번코드>0000</법정동부번코드><법정동시군구코드>11200</법정동시군구코드><법정동읍면동코드>11500</법정동읍면동코드><법정동지번코드>1</법정동지번코드><아파트>롯데캐슬파크</아파트><월>1</월><일>30</일><일련번호>11200-81</일련번호><전용면적>81.567</전용면적><중개사소재지>서울 성동구</중개사소재지><지번>835</지번><지역코드>11200</지역코드><층>8</층><해제사유발생일> </해제사유발생일><해제여부> </해제여부></item></items><numOfRows>999</numOfRows><pageNo>1</pageNo><totalCount>44</totalCount></body></response>