<?xml version="1.0" encoding="UTF-8" standalone="yes"?><response><header><resultCode>00</resultCode><resultMsg>NORMAL SERVICE.</resultMsg></header><body><items><item><거래금액>    51,000</거래금액><거래유형>중개거래</거래유형><건축년도>1998</건축년도><년>2022</년><도로명>성북로4길</도로명><도로명건물본번호코드>00052</도로명건물본번호코드><도로명건물부번호코드>00000</도로명건물부번호코드><도로명시군구코드>11290</도로명시군구코드><도로명일련번호코드>02</도로명일련번호코드><도로명지상지하코드>0</도로명지상지하코드><도로명코드>4121351</도로명코드><법정동> 돈암동</법정동><법정동본번코드>0609</법정동본번코드><법정동부번코드>0001</법정동부번코드><법정동시군구코드>11290</법정동시군구코드><법정동읍면동코드>10300</법정동읍면동코드><법정동지번코드>1</법정동지번코드><아파트>한진(609-1)</아파트><월>11</월><일>15</일><일련번호>11290-20</일련번호><전용면적>59.58</전용면적><중개사소재지>서울 성북구</중개사소재지><지번>609-1</지번><지역코드>11290</지역코드><층>4</층><해제사유발생일> </해제사유발생일><해제여부> </해제여부></item><item><거래금액>    83,000</거래금액><거래유형>중개거래</거래유형><건축년도>1998</건축년도><년>2022</년><도로명>성북로4길</도로명><도로명건물본번호코드>00052</도로명건물본번호코드><도로명건물부번호코드>00000</도로명건물부번호코드><도로명시군구코드>11290</도로명시군구코드><도로명일련번호코드>02</도로명일련번호코드><도로명지상지하코드>0</도로명지상지하코드><도로명코드>4121351</도로명코드><법정동> 돈암동</법정동><법정동본번코드>0609</법정동본번코드><법정동부번코드>0001</법정동부번코드><법정동시군구코드>11290</법정동시군구코드><법정동읍면동코드>10300</법정동읍면동코드><법정동지번코드>1</법정동지번코드><아파트>한신</아파트><월>11</월><일>24</일><일련번호>11290-19</일련번호><전용면적>84.87</전용면적><중개사소재지>서울 성북구</중개사소재지><지번>609-1</지번><지역코드>11290</지역코드><층>12</층><해제사유발생일> </해제사유발생일><해제여부> </해제여부></item><item><거래금액>    59,000</거래금액><거래유형>중개거래</거래유형><건축년도>2004</건축년도><년>2022</년><도로명>정릉로52길</도로명><도로명건물본번호코드>00046</도로명건물본번호코드><도로명건물부번호코드>00000</도로명건물부번호코드><도로명시군구코드>11290</도로명시군구코드><도로명일련번호코드>01</도로명일련번호코드><도로명지상지하코드>0</도로명지상지하코드><도로명코드>4121638</도로명코드><법정동> 돈암동</법정동><법정동본번코드>0637</법정동본번코드><법정동부번코드>0000</법정동부번코드><법정동시군구코드>11290</법정동시군구코드><법정동읍면동코드>10300</법정동읍면동코드><법정동지번코드>1</법정동지번코드><아파트>성일우리미</아파트><월>11</월><일>24</일><일련번호>11290-104</일련번호><전용면적>84.95</전용면적><중개사소재지>서울 성북구</중개사소재지><지번>637</지번><지역코드>11290</지역코드><층>3</층><해제사유발생일> </해제사유발생일><해제여부> </해제여부></item><item><거래금액>    52,000</거래금액><거래유형>중개거래</거래유형><건축년도>1998</건축년도><년>2022</년><도로명>성북로4길</도로명><도로명건물본번호코드>00052</도로명건물본번호코드><도로명건물부번호코드>00000</도로명건물부번호코드><도로명시군구코드>11290</도로명시군구코드><도로명일련번호코드>02</도로명일련번호코드><도로명지상지하코드>0</도로명지상지하코드><도로명코드>4121351</도로명코드><법정동> 돈암동</법정동><법정동본번코드>0609</법정동본번코드><법정동부번코드>0001</법정동부번코드><법정동시군구코드>11290</법정동시군구코드><법정동읍면동코드>10300</법정동읍면동코드><법정동지번코드>1</법정동지번코드><아파트>한진(609-1)</아파트><월>11</월><일>28</일><일련번호>11290-20</일련번호><전용면적>59.58</전용면적><중개사소재지>서울 성북구</중개사소재지><지번>609-1</지번><지역코드>11290</지역코드><층>16</층><해제사유발생일> </해제사유발생일><해제여부> </해제여부></item><item><거래금액>    61,000</거래금액><거래유형>중개거래</거래유형><건축년도>1999</건축년도><년>2022</년><도로명>삼선교로23길</도로명><도로명건물본번호코드>00023</도로명건물본번호코드><도로명건물부번호코드>00000</도로명건물부번호코드><도로명시군구코드>11290</도로명시군구코드><도로명일련번호코드>01</도로명일련번호코드><도로명지상지하코드>0</도로명지상지하코드><도로명코드>4121261</도로명코드><법정동> 삼선동4가</법정동><법정동본번코드>0073</법정동본번코드><법정동부번코드>0000</법정동부번코드><법정동시군구코드>11290</법정동시군구코드><법정동읍면동코드>11400</법정동읍면동코드><법정동지번코드>1</법정동지번코드><아파트>코오롱</아파트><월>11</월><일>7</일><일련번호>11290-31</일련번호><전용면적>59.94</전용면적><중개사소재지>서울 성북구</중개사소재지><지번>73</지번><지역코드>11290</지역코드><층>11</층><해제사유발생일> </해제사유발생일><해제여부> </해제여부></item><item><거래금액>    11,300</거래금액><거래유형>직거래</거래유형><건축년도>2017</건축년도><년>2022</년><도로명>개운사길</도로명><도로명건물본번호코드>00083</도로명건물본번호코드><도로명건물부번호코드>00015</도로명건물부번호코드><도로명시군구코드>11290</도로명시군구코드><도로명일련번호코드>00</도로명일련번호코드><도로명지상지하코드>0</도로명지상지하코드><도로명코드>4121487</도로명코드><법정동> 안암동5가</법정동><법정동본번코드>0160</법정동본번코드><법정동부번코드>0016</법정동부번코드><법정동시군구코드>11290</법정동시군구코드><법정동읍면동코드>12500</법정동읍면동코드><법정동지번코드>1</법정동지번코드><아파트>(160-16)</아파트><월>11</월><일>28</일><일련번호>11290-4605</일련번호><전용면적>22.72</전용면적><중개사소재지> </중개사소재지><지번>160-16</지번><지역코드>11290</지역코드><층>2</층><해제사유발생일> </해제사유발생일><해제여부> </해제여부></item><item><거래금액>    11,300</거래금액><거래유형>직거래</거래유형><건축년도>2017</건축년도><년>2022</년><도로명>개운사길</도로명><도로명건물본번호코드>00083</도로명건물본번호코드><도로명건물부번호코드>00015</도로명건물부번호코드><도로명시군구코드>11290</도로명시군구코드><도로명일련번호코드>00</도로명일련번호코드><도로명지상지하코드>0</도로명지상지하코드><도로명코드>4121487</도로명코드><법정동> 안암동5가</법정동><법정동본번코드>0160</법정동본번코드><법정동부번코드>0016</법정동부번코드><법정동시군구코드>11290</법정동시군구코드><법정동읍면동코드>12500</법정동읍면동코드><법정동지번코드>1</법정동지번코드><아파트>(160-16)</아파트><월>11</월><일>28</일><일련번호>11290-4605</일련번호><전용면적>22.72</전용면적><중개사소재지> </중개사소재지><지번>160-16</지번><지역코드>11290</지역코드><층>3</층><해제사유발생일> </해제사유발생일><해제여부> </해제여부></item><item><거래금액>    11,300</거래금액><거래유형>직거래</거래유형><건축년도>2017</건축년도><년>2022</년><도로명>개운사길</도로명><도로명건물본번호코드>00083</도로명건물본번호코드><도로명건물부번호코드>00015</도로명건물부번호코드><도로명시군구코드>11290</도로명시군구코드><도로명일련번호코드>00</도로명일련번호코드><도로명지상지하코드>0</도로명지상지하코드><도로명코드>4121487</도로명코드><법정동> 안암동5가</법정동><법정동본번코드>0160</법정동본번코드><법정동부번코드>0016</법정동부번코드><법정동시군구코드>11290</법정동시군구코드><법정동읍면동코드>12500</법정동읍면동코드><법정동지번코드>1</법정동지번코드><아파트>(160-16)</아파트><월>11</월><일>28</일><일련번호>11290-4605</일련번호><전용면적>22.72</전용면적><중개사소재지> </중개사소재지><지번>160-16</지번><지역코드>11290</지역코드><층>3</층><해제사유발생일> </해제사유발생일><해제여부> </해제여부></item><item><거래금액>    11,300</거래금액><거래유형>직거래</거래유형><건축년도>2017</건축년도><년>2022</년><도로명>개운사길</도로명><도로명건물본번호코드>00083</도로명건물본번호코드><도로명건물부번호코드>00015</도로명건물부번호코드><도로명시군구코드>11290</도로명시군구코드><도로명일련번호코드>00</도로명일련번호코드><도로명지상지하코드>0</도로명지상지하코드><도로명코드>4121487</도로명코드><법정동> 안암동5가</법정동><법정동본번코드>0160</법정동본번코드><법정동부번코드>0016</법정동부번코드><법정동시군구코드>11290</법정동시군구코드><법정동읍면동코드>12500</법정동읍면동코드><법정동지번코드>1</법정동지번코드><아파트>(160-16)</아파트><월>11</월><일>28</일><일련번호>11290-4605</일련번호><전용면적>22.72</전용면적><중개사소재지> </중개사소재지><지번>160-16</지번><지역코드>11290</지역코드><층>3</층><해제사유발생일> </해제사유발생일><해제여부> </해제여부></item><item><거래금액>    11,300</거래금액><거래유형>직거래</거래유형><건축년도>2017</건축년도><년>2022</년><도로명>개운사길</도로명><도로명건물본번호코드>00083</도로명건물본번호코드><도로명건물부번호코드>00015</도로명건물부번호코드><도로명시군구코드>11290</도로명시군구코드><도로명일련번호코드>00</도로명일련번호코드><도로명지상지하코드>0</도로명지상지하코드><도로명코드>4121487</도로명코드><법정동> 안암동5가</법정동><법정동본번코드>0160</법정동본번코드><법정동부번코드>0016</법정동부번코드><법정동시군구코드>11290</법정동시군구코드><법정동읍면동코드>12500</법정동읍면동코드><법정동지번코드>1</법정동지번코드><아파트>(160-16)</아파트><월>11</월><일>28</일><일련번호>11290-4605</일련번호><전용면적>22.72</전용면적><중개사소재지> </중개사소재지><지번>160-16</지번><지역코드>11290</지역코드><층>2</층><해제사유발생일> </해제사유발생일><해제여부> </해제여부></item><item><거래금액>    11,300</거래금액><거래유형>직거래</거래유형><건축년도>2017</건축년도><년>2022</년><도로명>개운사길</도로명><도로명건물본번호코드>00083</도로명건물본번호코드><도로명건물부번호코드>00015</도로명건물부번호코드><도로명시군구코드>11290</도로명시군구코드><도로명일련번호코드>00</도로명일련번호코드><도로명지상지하코드>0</도로명지상지하코드><도로명코드>4121487</도로명코드><법정동> 안암동5가</법정동><법정동본번코드>0160</법정동본번코드><법정동부번코드>0016</법정동부번코드><법정동시군구코드>11290</법정동시군구코드><법정동읍면동코드>12500</법정동읍면동코드><법정동지번코드>1</법정동지번코드><아파트>(160-16)</아파트><월>11</월><일>30</일><일련번호>11290-4605</일련번호><전용면적>22.72</전용면적><중개사소재지> </중개사소재지><지번>160-16</지번><지역코드>11290</지역코드><층>1</층><해제사유발생일> </해제사유발생일><해제여부> </해제여부></item><item><거래금액>    11,300</거래금액><거래유형>직거래</거래유형><건축년도>2017</건축년도><년>2022</년><도로명>개운사길</도로명><도로명건물본번호코드>00083</도로명건물본번호코드><도로명건물부번호코드>00015</도로명건물부번호코드><도로명시군구코드>11290</도로명시군구코드><도로명일련번호코드>00</도로명일련번호코드><도로명지상지하코드>0</도로명지상지하코드><도로명코드>4121487</도로명코드><법정동> 안암동5가</법정동><법정동본번코드>0160</법정동본번코드><법정동부번코드>0016</법정동부번코드><법정동시군구코드>11290</법정동시군구코드><법정동읍면동코드>12500</법정동읍면동코드><법정동지번코드>1</법정동지번코드><아파트>(160-16)</아파트><월>11</월><일>30</일><일련번호>11290-4605</일련번호><전용면적>22.72</전용면적><중개사소재지> </중개사소재지><지번>160-16</지번><지역코드>11290</지역코드><층>3</층><해제사유발생일> </해제사유발생일><해제여부> </해제여부></item><item><거래금액>    50,000</거래금액><거래유형>중개거래</거래유형><건축년도>2001</건축년도><년>2022</년><도로명>보문로27길</도로명><도로명건물본번호코드>00012</도로명건물본번호코드><도로명건물부번호코드>00000</도로명건물부번호코드><도로명시군구코드>11290</도로명시군구코드><도로명일련번호코드>01</도로명일련번호코드><도로명지상지하코드>0</도로명지상지하코드><도로명코드>4121205</도로명코드><법정동> 보문동2가</법정동><법정동본번코드>0006</법정동본번코드><법정동부번코드>0005</법정동부번코드><법정동시군구코드>11290</법정동시군구코드><법정동읍면동코드>13100</법정동읍면동코드><법정동지번코드>1</법정동지번코드><아파트>광남캐스빌</아파트><월>11</월><일>15</일><일련번호>11290-216</일련번호><전용면적>81.24</전용면적><중개사소재지>서울 성북구</중개사소재지><지번>6-5</지번><지역코드>11290</지역코드><층>4</층><해제사유발생일> </해제사유발생일><해제여부> </해제여부></item><item><거래금액>    18,800</거래금액><거래유형>직거래</거래유형><건축년도>2022</건축년도><년>2022</년><도로명>정릉로</도로명><도로명건물본번호코드>00262</도로명건물본번호코드><도로명건물부번호코드>00000</도로명건물부번호코드><도로명시군구코드>11290</도로명시군구코드><도로명일련번호코드>00</도로명일련번호코드><도로명코드>3107014</도로명코드><법정동> 정릉동</법정동><법정동본번코드>0150</법정동본번코드><법정동부번코드>0027</법정동부번코드><법정동시군구코드>11290</법정동시군구코드><법정동읍면동코드>13300</법정동읍면동코드><법정동지번코드>1</법정동지번코드><아파트>갤럭시더정릉</아파트><월>11</월><일>4</일><일련번호>11290-5117</일련번호><전용면적>12.33</전용면적><중개사소재지> </중개사소재지><지번>150-27</지번><지역코드>11290</지역코드><층>4</층><해제사유발생일> </해제사유발생일><해제여부> </해제여부></item><item><거래금액>    50,000</거래금액><거래유형>중개거래</거래유형><건축년도>1999</건축년도><년>2022</년><도로명>서경로2길</도로명><도로명건물본번호코드>00048</도로명건물본번호코드><도로명건물부번호코드>00000</도로명건물부번호코드><도로명시군구코드>11290</도로명시군구코드><도로명일련번호코드>01</도로명일련번호코드><도로명코드>4121294</도로명코드><법정동> 정릉동</법정동><법정동본번코드>1018</법정동본번코드><법정동부번코드>0000</법정동부번코드><법정동시군구코드>11290</법정동시군구코드><법정동읍면동코드>13300</법정동읍면동코드><법정동지번코드>1</법정동지번코드><아파트>길음뉴타운데시앙</아파트><월>11</월><일>10</일><일련번호>11290-53</일련번호><전용면적>59.42</전용면적><중개사소재지>서울 성북구</중개사소재지><지번>1018</지번><지역코드>11290</지역코드><층>5</층><해제사유발생일> </해제사유발생일><해제여부> </해제여부></item><item><거래금액>    80,000</거래금액><거래유형>중개거래</거래유형><건축년도>2005</건축년도><년>2022</년><도로명>솔샘로25길</도로명><도로명건물본번호코드>00028</도로명건물본번호코드><도로명건물부번호코드>00000</도로명건물부번호코드><도로명시군구코드>11290</도로명시군구코드><도로명일련번호코드>01</도로명일련번호코드><도로명지상지하코드>0</도로명지상지하코드><도로명코드>4121379</도로명코드><법정동> 정릉동</법정동><법정동본번코드>0239</법정동본번코드><법정동부번코드>0000</법정동부번코드><법정동시군구코드>11290</법정동시군구코드><법정동읍면동코드>13300</법정동읍면동코드><법정동지번코드>1</법정동지번코드><아파트>정릉풍림아이원</아파트><월>11</월><일>14</일><일련번호>11290-82</일련번호><전용면적>114.75</전용면적><중개사소재지>서울 성북구</중개사소재지><지번>239</지번><지역코드>11290</지역코드><층>17</층><해제사유발생일> </해제사유발생일><해제여부> </해제여부></item><item><거래금액>    19,300</거래금액><거래유형>직거래</거래유형><건축년도>2022</건축년도><년>2022</년><도로명>정릉로</도로명><도로명건물본번호코드>00262</도로명건물본번호코드><도로명건물부번호코드>00000</도로명건물부번호코드><도로명시군구코드>11290</도로명시군구코드><도로명일련번호코드>00</도로명일련번호코드><도로명코드>3107014</도로명코드><법정동> 정릉동</법정동><법정동본번코드>0150</법정동본번코드><법정동부번코드>0027</법정동부번코드><법정동시군구코드>11290</법정동시군구코드><법정동읍면동코드>13300</법정동읍면동코드><법정동지번코드>1</법정동지번코드><아파트>갤럭시더정릉</아파트><월>11</월><일>14</일><일련번호>11290-5117</일련번호><전용면적>12.33</전용면적><중개사소재지> </중개사소재지><지번>150-27</지번><지역코드>11290</지역코드><층>9</층><해제사유발생일> </해제사유발생일><해제여부> </해제여부></item><item><거래금액>    18,800</거래금액><거래유형>직거래</거래유형><건축년도>2022</건축년도><년>2022</년><도로명>정릉로</도로명><도로명건물본번호코드>00262</도로명건물본번호코드><도로명건물부번호코드>00000</도로명건물부번호코드><도로명시군구코드>11290</도로명시군구코드><도로명일련번호코드>00</도로명일련번호코드><도로명코드>3107014</도로명코드><법정동> 정릉동</법정동><법정동본번코드>0150</법정동본번코드><법정동부번코드>0027</법정동부번코드><법정동시군구코드>11290</법정동시군구코드><법정동읍면동코드>13300</법정동읍면동코드><법정동지번코드>1</법정동지번코드><아파트>갤럭시더정릉</아파트><월>11</월><일>14</일><일련번호>11290-5117</일련번호><전용면적>12.85</전용면적><중개사소재지> </중개사소재지><지번>150-27</지번><지역코드>11290</지역코드><층>5</층><해제사유발생일> </해제사유발생일><해제여부> </해제여부></item><item><거래금액>    75,500</거래금액><거래유형>중개거래</거래유형><건축년도>2008</건축년도><년>2022</년><도로명>보국문로</도로명><도로명건물본번호코드>00116</도로명건물본번호코드><도로명건물부번호코드>00000</도로명건물부번호코드><도로명시군구코드>11290</도로명시군구코드><도로명일련번호코드>01</도로명일련번호코드><도로명지상지하코드>0</도로명지상지하코드><도로명코드>3107004</도로명코드><법정동> 정릉동</법정동><법정동본번코드>1031</법정동본번코드><법정동부번코드>0000</법정동부번코드><법정동시군구코드>11290</법정동시군구코드><법정동읍면동코드>13300</법정동읍면동코드><법정동지번코드>1</법정동지번코드><아파트>정릉힐스테이트3차</아파트><월>11</월><일>14</일><일련번호>11290-3622</일련번호><전용면적>84.97</전용면적><중개사소재지>서울 성북구</중개사소재지><지번>1031</지번><지역코드>11290</지역코드><층>5</층><해제사유발생일> </해제사유발생일><해제여부> </해제여부></item><item><거래금액>    60,000</거래금액><거래유형>중개거래</거래유형><건축년도>2004</건축년도><년>2022</년><도로명>아리랑로19길</도로명><도로명건물본번호코드>00060</도로명건물본번호코드><도로명건물부번호코드>00000</도로명건물부번호코드><도로명시군구코드>11290</도로명시군구코드><도로명일련번호코드>01</도로명일련번호코드><도로명지상지하코드>0</도로명지상지하코드><도로명코드>4121408</도로명코드><법정동> 정릉동</법정동><법정동본번코드>0494</법정동본번코드><법정동부번코드>0000</법정동부번코드><법정동시군구코드>11290</법정동시군구코드><법정동읍면동코드>13300</법정동읍면동코드><법정동지번코드>1</법정동지번코드><아파트>중앙하이츠빌1단지</아파트><월>11</월><일>15</일><일련번호>11290-111</일련번호><전용면적>84.98</전용면적><중개사소재지>서울 성북구</중개사소재지><지번>494</지번><지역코드>11290</지역코드><층>14</층><해제사유발생일> </해제사유발생일><해제여부> </해제여부></item><item><거래금액>    18,800</거래금액><거래유형>직거래</거래유형><건축년도>2022</건축년도><년>2022</년><도로명>정릉로</도로명><도로명건물본번호코드>00262</도로명건물본번호코드><도로명건물부번호코드>00000</도로명건물부번호코드><도로명시군구코드>11290</도로명시군구코드><도로명일련번호코드>00</도로명일련번호코드><도로명코드>3107014</도로명코드><법정동> 정릉동</법정동><법정동본번코드>0150</법정동본번코드><법정동부번코드>0027</법정동부번코드><법정동시군구코드>11290</법정동시군구코드><법정동읍면동코드>13300</법정동읍면동코드><법정동지번코드>1</법정동지번코드><아파트>갤럭시더정릉</아파트><월>11</월><일>15</일><일련번호>11290-5117</일련번호><전용면적>11.79</전용면적><중개사소재지> </중개사소재지><지번>150-27</지번><지역코드>11290</지역코드><층>4</층><해제사유발생일> </해제사유발생일><해제여부> </해제여부></item><item><거래금액>    19,300</거래금액><거래유형>직거래</거래유형><건축년도>2022</건축년도><년>2022</년><도로명>정릉로</도로명><도로명건물본번호코드>00262</도로명건물본번호코드><도로명건물부번호코드>00000</도로명건물부번호코드><도로명시군구코드>11290</도로명시군구코드><도로명일련번호코드>00</도로명일련번호코드><도로명코드>3107014</도로명코드><법정동> 정릉동</법정동><법정동본번코드>0150</법정동본번코드><법정동부번코드>0027</법정동부번코드><법정동시군구코드>11290</법정동시군구코드><법정동읍면동코드>13300</법정동읍면동코드><법정동지번코드>1</법정동지번코드><아파트>갤럭시더정릉</아파트><월>11</월><일>20</일><일련번호>11290-5117</일련번호><전용면적>12.33</전용면적><중개사소재지> </중개사소재지><지번>150-27</지번><지역코드>11290</지역코드><층>10</층><해제사유발생일> </해제사유발생일><해제여부> </해제여부></item><item><거래금액>    19,300</거래금액><거래유형>직거래</거래유형><건축년도>2022</건축년도><년>2022</년><도로명>정릉로</도로명><도로명건물본번호코드>00262</도로명건물본번호코드><도로명건물부번호코드>00000</도로명건물부번호코드><도로명시군구코드>11290</도로명시군구코드><도로명일련번호코드>00</도로명일련번호코드><도로명코드>3107014</도로명코드><법정동> 정릉동</법정동><법정동본번코드>0150</법정동본번코드><법정동부번코드>0027</법정동부번코드><법정동시군구코드>11290</법정동시군구코드><법정동읍면동코드>13300</법정동읍면동코드><법정동지번코드>1</법정동지번코드><아파트>갤럭시더정릉</아파트><월>11</월><일>22</일><일련번호>11290-5117</일련번호><전용면적>12.85</전용면적><중개사소재지> </중개사소재지><지번>150-27</지번><지역코드>11290</지역코드><층>9</층><해제사유발생일> </해제사유발생일><해제여부> </해제여부></item><item><거래금액>    18,800</거래금액><거래유형>직거래</거래유형><건축년도>2022</건축년도><년>2022</년><도로명>정릉로</도로명><도로명건물본번호코드>00262</도로명건물본번호코드><도로명건물부번호코드>00000</도로명건물부번호코드><도로명시군구코드>11290</도로명시군구코드><도로명일련번호코드>00</도로명일련번호코드><도로명코드>3107014</도로명코드><법정동> 정릉동</법정동><법정동본번코드>0150</법정동본번코드><법정동부번코드>0027</법정동부번코드><법정동시군구코드>11290</법정동시군구코드><법정동읍면동코드>13300</법정동읍면동코드><법정동지번코드>1</법정동지번코드><아파트>갤럭시더정릉</아파트><월>11</월><일>30</일><일련번호>11290-5117</일련번호><전용면적>12</전용면적><중개사소재지> </중개사소재지><지번>150-27</지번><지역코드>11290</지역코드><층>4</층><해제사유발생일> </해제사유발생일><해제여부> </해제여부></item><item><거래금액>    19,300</거래금액><거래유형>직거래</거래유형><건축년도>2022</건축년도><년>2022</년><도로명>정릉로</도로명><도로명건물본번호코드>00262</도로명건물본번호코드><도로명건물부번호코드>00000</도로명건물부번호코드><도로명시군구코드>11290</도로명시군구코드><도로명일련번호코드>00</도로명일련번호코드><도로명코드>3107014</도로명코드><법정동> 정릉동</법정동><법정동본번코드>0150</법정동본번코드><법정동부번코드>0027</법정동부번코드><법정동시군구코드>11290</법정동시군구코드><법정동읍면동코드>13300</법정동읍면동코드><법정동지번코드>1</법정동지번코드><아파트>갤럭시더정릉</아파트><월>11</월><일>30</일><일련번호>11290-5117</일련번호><전용면적>12</전용면적><중개사소재지> </중개사소재지><지번>150-27</지번><지역코드>11290</지역코드><층>9</층><해제사유발생일> </해제사유발생일><해제여부> </해제여부></item><item><거래금액>    76,300</거래금액><거래유형>중개거래</거래유형><건축년도>2005</건축년도><년>2022</년><도로명>길음로</도로명><도로명건물본번호코드>00119</도로명건물본번호코드><도로명건물부번호코드>00000</도로명건물부번호코드><도로명시군구코드>11290</도로명시군구코드><도로명일련번호코드>01</도로명일련번호코드><도로명지상지하코드>0</도로명지상지하코드><도로명코드>3107001</도로명코드><법정동> 길음동</법정동><법정동본번코드>1280</법정동본번코드><법정동부번코드>0000</법정동부번코드><법정동시군구코드>11290</법정동시군구코드><법정동읍면동코드>13400</법정동읍면동코드><법정동지번코드>1</법정동지번코드><아파트>길음뉴타운2단지푸르지오</아파트><월>11</월><일>17</일><일련번호>11290-210</일련번호><전용면적>84.97</전용면적><중개사소재지>서울 성북구</중개사소재지><지번>1280</지번><지역코드>11290</지역코드><층>10</층><해제사유발생일> </해제사유발생일><해제여부> </해제여부></item><item><거래금액>    76,300</거래금액><거래유형>중개거래</거래유형><건축년도>2005</건축년도><년>2022</년><도로명>길음로</도로명><도로명건물본번호코드>00119</도로명건물본번호코드><도로명건물부번호코드>00000</도로명건물부번호코드><도로명시군구코드>11290</도로명시군구코드><도로명일련번호코드>01</도로명일련번호코드><도로명지상지하코드>0</도로명지상지하코드><도로명코드>3107001</도로명코드><법정동> 길음동</법정동><법정동본번코드>1280</법정동본번코드><법정동부번코드>0000</법정동부번코드><법정동시군구코드>11290</법정동시군구코드><법정동읍면동코드>13400</법정동읍면동코드><법정동지번코드>1</법정동지번코드><아파트>길음뉴타운2단지푸르지오</아파트><월>11</월><일>17</일><일련번호>11290-210</일련번호><전용면적>84.97</전용면적><중개사소재지>서울 성북구</중개사소재지><지번>1280</지번><지역코드>11290</지역코드><층>10</층><해제사유발생일>23.02.20</해제사유발생일><해제여부>O</해제여부></item><item><거래금액>   122,000</거래금액><거래유형>중개거래</거래유형><건축년도>2019</건축년도><년>2022</년><도로명>숭인로</도로명><도로명건물본번호코드>00050</도로명건물본번호코드><도로명건물부번호코드>00000</도로명건물부번호코드><도로명시군구코드>11290</도로명시군구코드><도로명일련번호코드>00</도로명일련번호코드><도로명코드>3005043</도로명코드><법정동> 길음동</법정동><법정동본번코드>0498</법정동본번코드><법정동부번코드>0000</법정동부번코드><법정동시군구코드>11290</법정동시군구코드><법정동읍면동코드>13400</법정동읍면동코드><법정동지번코드>1</법정동지번코드><아파트>래미안길음센터피스</아파트><월>11</월><일>19</일><일련번호>11290-4786</일련번호><전용면적>84.95</전용면적><중개사소재지>서울 성북구</중개사소재지><지번>498</지번><지역코드>11290</지역코드><층>11</층><해제사유발생일> </해제사유발생일><해제여부> </해제여부></item><item><거래금액>    93,000</거래금액><거래유형>중개거래</거래유형><건축년도>2022</건축년도><년>2022</년><도로명>숭인로8길</도로명><도로명건물본번호코드>00080</도로명건물본번호코드><도로명건물부번호코드>00000</도로명건물부번호코드><도로명시군구코드>11290</도로명시군구코드><도로명일련번호코드>01</도로명일련번호코드><도로명코드>4121402</도로명코드><법정동> 길음동</법정동><법정동본번코드>1289</법정동본번코드><법정동부번코드>0000</법정동부번코드><법정동시군구코드>11290</법정동시군구코드><법정동읍면동코드>13400</법정동읍면동코드><법정동지번코드>1</법정동지번코드><아파트>롯데캐슬클라시아</아파트><월>11</월><일>22</일><일련번호>11290-5086</일련번호><전용면적>59.8745</전용면적><중개사소재지>서울 성북구</중개사소재지><지번>1289</지번><지역코드>11290</지역코드><층>13</층><해제사유발생일> </해제사유발생일><해제여부> </해제여부></item><item><거래금액>    90,000</거래금액><거래유형>중개거래</거래유형><건축년도>2019</건축년도><년>2022</년><도로명>서경로</도로명><도로명건물본번호코드>00060</도로명건물본번호코드><도로명건물부번호코드>00000</도로명건물부번호코드><도로명시군구코드>11290</도로명시군구코드><도로명일련번호코드>00</도로명일련번호코드><도로명코드>3107006</도로명코드><법정동> 길음동</법정동><법정동본번코드>1287</법정동본번코드><법정동부번코드>0001</법정동부번코드><법정동시군구코드>11290</법정동시군구코드><법정동읍면동코드>13400</법정동읍면동코드><법정동지번코드>1</법정동지번코드><아파트>롯데캐슬골든힐스</아파트><월>11</월><일>24</일><일련번호>11290-4773</일련번호><전용면적>84.932</전용면적><중개사소재지>서울 성북구</중개사소재지><지번>1287-1</지번><지역코드>11290</지역코드><층>21</층><해제사유발생일> </해제사유발생일><해제여부> </해제여부></item><item><거래금액>    54,000</거래금액><거래유형>중개거래</거래유형><건축년도>2003</건축년도><년>2022</년><도로명>숭인로2길</도로명><도로명건물본번호코드>00061</도로명건물본번호코드><도로명건물부번호코드>00000</도로명건물부번호코드><도로명시군구코드>11290</도로명시군구코드><도로명일련번호코드>01</도로명일련번호코드><도로명지상지하코드>0</도로명지상지하코드><도로명코드>4121400</도로명코드><법정동> 길음동</법정동><법정동본번코드>1278</법정동본번코드><법정동부번코드>0000</법정동부번코드><법정동시군구코드>11290</법정동시군구코드><법정동읍면동코드>13400</법정동읍면동코드><법정동지번코드>1</법정동지번코드><아파트>길음동동부센트레빌(1278-0)</아파트><월>11</월><일>26</일><일련번호>11290-56</일련번호><전용면적>59.998</전용면적><중개사소재지>서울 성북구</중개사소재지><지번>1278</지번><지역코드>11290</지역코드><층>3</층><해제사유발생일> </해제사유발생일><해제여부> </해제여부></item><item><거래금액>    70,000</거래금액><거래유형>중개거래</거래유형><건축년도>2003</건축년도><년>2022</년><도로명>숭인로2길</도로명><도로명건물본번호코드>00061</도로명건물본번호코드><도로명건물부번호코드>00000</도로명건물부번호코드><도로명시군구코드>11290</도로명시군구코드><도로명일련번호코드>01</도로명일련번호코드><도로명지상지하코드>0</도로명지상지하코드><도로명코드>4121400</도로명코드><법정동> 길음동</법정동><법정동본번코드>1278</법정동본번코드><법정동부번코드>0000</법정동부번코드><법정동시군구코드>11290</법정동시군구코드><법정동읍면동코드>13400</법정동읍면동코드><법정동지번코드>1</법정동지번코드><아파트>길음동동부센트레빌(1278-0)</아파트><월>11</월><일>28</일><일련번호>11290-56</일련번호><전용면적>84.844</전용면적><중개사소재지>서울 성북구</중개사소재지><지번>1278</지번><지역코드>11290</지역코드><층>20</층><해제사유발생일> </해제사유발생일><해제여부> </해제여부></item><item><거래금액>    61,600</거래금액><거래유형>직거래</거래유형><건축년도>2003</건축년도><년>2022</년><도로명>길음로9길</도로명><도로명건물본번호코드>00040</도로명건물본번호코드><도로명건물부번호코드>00000</도로명건물부번호코드><도로명시군구코드>11290</도로명시군구코드><도로명일련번호코드>02</도로명일련번호코드><도로명지상지하코드>0</도로명지상지하코드><도로명코드>4121010</도로명코드><법정동> 길음동</법정동><법정동본번코드>1279</법정동본번코드><법정동부번코드>0000</법정동부번코드><법정동시군구코드>11290</법정동시군구코드><법정동읍면동코드>13400</법정동읍면동코드><법정동지번코드>1</법정동지번코드><아파트>길음뉴타운1단지(래미안길음1차)</아파트><월>11</월><일>29</일><일련번호>11290-60</일련번호><전용면적>84.96</전용면적><중개사소재지> </중개사소재지><지번>1279</지번><지역코드>11290</지역코드><층>9</층><해제사유발생일> </해제사유발생일><해제여부> </해제여부></item><item><거래금액>    58,500</거래금액><거래유형>중개거래</거래유형><건축년도>2003</건축년도><년>2022</년><도로명>오패산로</도로명><도로명건물본번호코드>00046</도로명건물본번호코드><도로명건물부번호코드>00000</도로명건물부번호코드><도로명시군구코드>11290</도로명시군구코드><도로명일련번호코드>01</도로명일련번호코드><도로명지상지하코드>0</도로명지상지하코드><도로명코드>3005044</도로명코드><법정동> 하월곡동</법정동><법정동본번코드>0222</법정동본번코드><법정동부번코드>0000</법정동부번코드><법정동시군구코드>11290</법정동시군구코드><법정동읍면동코드>13600</법정동읍면동코드><법정동지번코드>1</법정동지번코드><아파트>월곡두산위브</아파트><월>11</월><일>2</일><일련번호>11290-88</일련번호><전용면적>59.855</전용면적><중개사소재지>서울 성북구</중개사소재지><지번>222</지번><지역코드>11290</지역코드><층>4</층><해제사유발생일> </해제사유발생일><해제여부> </해제여부></item><item><거래금액>    76,000</거래금액><거래유형>중개거래</거래유형><건축년도>2007</건축년도><년>2022</년><도로명>월곡로14길</도로명><도로명건물본번호코드>00026</도로명건물본번호코드><도로명건물부번호코드>00000</도로명건물부번호코드><도로명시군구코드>11290</도로명시군구코드><도로명일련번호코드>01</도로명일련번호코드><도로명지상지하코드>0</도로명지상지하코드><도로명코드>4121461</도로명코드><법정동> 하월곡동</법정동><법정동본번코드>0226</법정동본번코드><법정동부번코드>0000</법정동부번코드><법정동시군구코드>11290</법정동시군구코드><법정동읍면동코드>13600</법정동읍면동코드><법정동지번코드>1</법정동지번코드><아파트>월곡래미안루나밸리</아파트><월>11</월><일>5</일><일련번호>11290-3572</일련번호><전용면적>84.88</전용면적><중개사소재지>서울 성북구</중개사소재지><지번>226</지번><지역코드>11290</지역코드><층>12</층><해제사유발생일> </해제사유발생일><해제여부> </해제여부></item><item><거래금액>    83,000</거래금액><거래유형>중개거래</거래유형><건축년도>2020</건축년도><년>2022</년><도로명>한천로</도로명><도로명건물본번호코드>00713</도로명건물본번호코드><도로명건물부번호코드>00000</도로명건물부번호코드><도로명시군구코드>11290</도로명시군구코드><도로명일련번호코드>00</도로명일련번호코드><도로명코드>3005038</도로명코드><법정동> 장위동</법정동><법정동본번코드>0173</법정동본번코드><법정동부번코드>0114</법정동부번코드><법정동시군구코드>11290</법정동시군구코드><법정동읍면동코드>13800</법정동읍면동코드><법정동지번코드>1</법정동지번코드><아파트>래미안장위퍼스트하이</아파트><월>11</월><일>28</일><일련번호>11290-4861</일련번호><전용면적>84.98</전용면적><중개사소재지>서울 성북구</중개사소재지><지번>173-114</지번><지역코드>11290</지역코드><층>3</층><해제사유발생일> </해제사유발생일><해제여부> </해제여부></item><item><거래금액>    96,000</거래금액><거래유형>중개거래</거래유형><건축년도>2020</건축년도><년>2022</년><도로명>한천로</도로명><도로명건물본번호코드>00713</도로명건물본번호코드><도로명건물부번호코드>00000</도로명건물부번호코드><도로명시군구코드>11290</도로명시군구코드><도로명일련번호코드>00</도로명일련번호코드><도로명코드>3005038</도로명코드><법정동> 장위동</법정동><법정동본번코드>0173</법정동본번코드><법정동부번코드>0114</법정동부번코드><법정동시군구코드>11290</법정동시군구코드><법정동읍면동코드>13800</법정동읍면동코드><법정동지번코드>1</법정동지번코드><아파트>래미안장위퍼스트하이</아파트><월>11</월><일>30</일><일련번호>11290-4861</일련번호><전용면적>84.94</전용면적><중개사소재지>서울 성북구</중개사소재지><지번>173-114</지번><지역코드>11290</지역코드><층>14</층><해제사유발생일> </해제사유발생일><해제여부> </해제여부></item></items><numOfRows>999</numOfRows><pageNo>1</pageNo><totalCount>37</totalCount></body></response>