<?xml version="1.0" encoding="UTF-8" standalone="yes"?><response><header><resultCode>00</resultCode><resultMsg>NORMAL SERVICE.</resultMsg></header><body><items><item><거래금액>   125,000</거래금액><거래유형>중개거래</거래유형><건축년도>2016</건축년도><년>2022</년><도로명>무학봉길</도로명><도로명건물본번호코드>00035</도로명건물본번호코드><도로명건물부번호코드>00000</도로명건물부번호코드><도로명시군구코드>11200</도로명시군구코드><도로명일련번호코드>01</도로명일련번호코드><도로명지상지하코드>0</도로명지상지하코드><도로명코드>4109280</도로명코드><법정동> 하왕십리동</법정동><법정동본번코드>1002</법정동본번코드><법정동부번코드>0000</법정동부번코드><법정동시군구코드>11200</법정동시군구코드><법정동읍면동코드>10200</법정동읍면동코드><법정동지번코드>1</법정동지번코드><아파트>왕십리KCC스위첸</아파트><월>9</월><일>16</일><일련번호>11200-3085</일련번호><전용면적>84.897</전용면적><중개사소재지>서울 성동구</중개사소재지><지번>1002</지번><지역코드>11200</지역코드><층>5</층><해제사유발생일> </해제사유발생일><해제여부> </해제여부></item><item><거래금액>   104,000</거래금액><거래유형>중개거래</거래유형><건축년도>2016</건축년도><년>2022</년><도로명>무학봉길</도로명><도로명건물본번호코드>00035</도로명건물본번호코드><도로명건물부번호코드>00000</도로명건물부번호코드><도로명시군구코드>11200</도로명시군구코드><도로명일련번호코드>01</도로명일련번호코드><도로명지상지하코드>0</도로명지상지하코드><도로명코드>4109280</도로명코드><법정동> 하왕십리동</법정동><법정동본번코드>1002</법정동본번코드><법정동부번코드>0000</법정동부번코드><법정동시군구코드>11200</법정동시군구코드><법정동읍면동코드>10200</법정동읍면동코드><법정동지번코드>1</법정동지번코드><아파트>왕십리KCC스위첸</아파트><월>9</월><일>17</일><일련번호>11200-3085</일련번호><전용면적>68.733</전용면적><중개사소재지>서울 성동구</중개사소재지><지번>1002</지번><지역코드>11200</지역코드><층>12</층><해제사유발생일> </해제사유발생일><해제여부> </해제여부></item><item><거래금액>    95,000</거래금액><거래유형>중개거래</거래유형><건축년도>2004</건축년도><년>2022</년><도로명>마장로39길</도로명><도로명건물본번호코드>00043</도로명건물본번호코드><도로명건물부번호코드>00000</도로명건물부번호코드><도로명시군구코드>11200</도로명시군구코드><도로명일련번호코드>01</도로명일련번호코드><도로명지상지하코드>0</도로명지상지하코드><도로명코드>4109186</도로명코드><법정동> 마장동</법정동><법정동본번코드>0822</법정동본번코드><법정동부번코드>0000</법정동부번코드><법정동시군구코드>11200</법정동시군구코드><법정동읍면동코드>10500</법정동읍면동코드><법정동지번코드>1</법정동지번코드><아파트>신성미소지움</아파트><월>9</월><일>6</일><일련번호>11200-91</일련번호><전용면적>84.99</전용면적><중개사소재지>서울 성동구</중개사소재지><지번>822</지번><지역코드>11200</지역코드><층>9</층><해제사유발생일> </해제사유발생일><해제여부> </해제여부></item><item><거래금액>    81,000</거래금액><거래유형>중개거래</거래유형><건축년도>1986</건축년도><년>2022</년><도로명>마장로42길</도로명><도로명건물본번호코드>00016</도로명건물본번호코드><도로명건물부번호코드>00000</도로명건물부번호코드><도로명시군구코드>11200</도로명시군구코드><도로명일련번호코드>01</도로명일련번호코드><도로명지상지하코드>0</도로명지상지하코드><도로명코드>4109189</도로명코드><법정동> 마장동</법정동><법정동본번코드>0784</법정동본번코드><법정동부번코드>0000</법정동부번코드><법정동시군구코드>11200</법정동시군구코드><법정동읍면동코드>10500</법정동읍면동코드><법정동지번코드>1</법정동지번코드><아파트>세림</아파트><월>9</월><일>17</일><일련번호>11200-13</일련번호><전용면적>40.86</전용면적><중개사소재지>서울 성동구</중개사소재지><지번>784</지번><지역코드>11200</지역코드><층>4</층><해제사유발생일> </해제사유발생일><해제여부> </해제여부></item><item><거래금액>   101,500</거래금액><거래유형>중개거래</거래유형><건축년도>2005</건축년도><년>2022</년><도로명>행당로</도로명><도로명건물본번호코드>00099</도로명건물본번호코드><도로명건물부번호코드>00000</도로명건물부번호코드><도로명시군구코드>11200</도로명시군구코드><도로명일련번호코드>01</도로명일련번호코드><도로명지상지하코드>0</도로명지상지하코드><도로명코드>3103006</도로명코드><법정동> 행당동</법정동><법정동본번코드>0364</법정동본번코드><법정동부번코드>0000</법정동부번코드><법정동시군구코드>11200</법정동시군구코드><법정동읍면동코드>10700</법정동읍면동코드><법정동지번코드>1</법정동지번코드><아파트>이수브라운스톤</아파트><월>9</월><일>4</일><일련번호>11200-86</일련번호><전용면적>59.27</전용면적><중개사소재지>서울 강서구</중개사소재지><지번>364</지번><지역코드>11200</지역코드><층>7</층><해제사유발생일> </해제사유발생일><해제여부> </해제여부></item><item><거래금액>   103,000</거래금액><거래유형>중개거래</거래유형><건축년도>2000</건축년도><년>2022</년><도로명>행당로</도로명><도로명건물본번호코드>00082</도로명건물본번호코드><도로명건물부번호코드>00000</도로명건물부번호코드><도로명시군구코드>11200</도로명시군구코드><도로명일련번호코드>01</도로명일련번호코드><도로명지상지하코드>0</도로명지상지하코드><도로명코드>3103006</도로명코드><법정동> 행당동</법정동><법정동본번코드>0346</법정동본번코드><법정동부번코드>0000</법정동부번코드><법정동시군구코드>11200</법정동시군구코드><법정동읍면동코드>10700</법정동읍면동코드><법정동지번코드>1</법정동지번코드><아파트>행당한진타운</아파트><월>9</월><일>17</일><일련번호>11200-22</일련번호><전용면적>59.96</전용면적><중개사소재지>서울 성동구</중개사소재지><지번>346</지번><지역코드>11200</지역코드><층>15</층><해제사유발생일> </해제사유발생일><해제여부> </해제여부></item><item><거래금액>   109,000</거래금액><거래유형>중개거래</거래유형><건축년도>2006</건축년도><년>2022</년><도로명>행당로</도로명><도로명건물본번호코드>00027</도로명건물본번호코드><도로명건물부번호코드>00000</도로명건물부번호코드><도로명시군구코드>11200</도로명시군구코드><도로명일련번호코드>02</도로명일련번호코드><도로명지상지하코드>0</도로명지상지하코드><도로명코드>3103006</도로명코드><법정동> 금호동1가</법정동><법정동본번코드>1818</법정동본번코드><법정동부번코드>0000</법정동부번코드><법정동시군구코드>11200</법정동시군구코드><법정동읍면동코드>10900</법정동읍면동코드><법정동지번코드>1</법정동지번코드><아파트>신금호두산위브</아파트><월>9</월><일>17</일><일련번호>11200-2722</일련번호><전용면적>84.33</전용면적><중개사소재지>경기 이천시, 서울 성동구</중개사소재지><지번>1818</지번><지역코드>11200</지역코드><층>7</층><해제사유발생일> </해제사유발생일><해제여부> </해제여부></item><item><거래금액>   140,000</거래금액><거래유형>중개거래</거래유형><건축년도>2019</건축년도><년>2022</년><도로명>금호로</도로명><도로명건물본번호코드>00140</도로명건물본번호코드><도로명건물부번호코드>00000</도로명건물부번호코드><도로명시군구코드>11200</도로명시군구코드><도로명일련번호코드>00</도로명일련번호코드><도로명코드>3103001</도로명코드><법정동> 금호동1가</법정동><법정동본번코드>0280</법정동본번코드><법정동부번코드>0000</법정동부번코드><법정동시군구코드>11200</법정동시군구코드><법정동읍면동코드>10900</법정동읍면동코드><법정동지번코드>1</법정동지번코드><아파트>이편한세상금호파크힐스</아파트><월>9</월><일>26</일><일련번호>11200-3161</일련번호><전용면적>59.983</전용면적><중개사소재지>서울 성동구</중개사소재지><지번>280</지번><지역코드>11200</지역코드><층>11</층><해제사유발생일>23.01.30</해제사유발생일><해제여부>O</해제여부></item><item><거래금액>    95,000</거래금액><거래유형>중개거래</거래유형><건축년도>2012</건축년도><년>2022</년><도로명>금호로</도로명><도로명건물본번호코드>00107</도로명건물본번호코드><도로명건물부번호코드>00000</도로명건물부번호코드><도로명시군구코드>11200</도로명시군구코드><도로명일련번호코드>02</도로명일련번호코드><도로명지상지하코드>0</도로명지상지하코드><도로명코드>3103001</도로명코드><법정동> 금호동2가</법정동><법정동본번코드>1217</법정동본번코드><법정동부번코드>0000</법정동부번코드><법정동시군구코드>11200</법정동시군구코드><법정동읍면동코드>11000</법정동읍면동코드><법정동지번코드>1</법정동지번코드><아파트>래미안하이리버</아파트><월>9</월><일>15</일><일련번호>11200-2944</일련번호><전용면적>59.99</전용면적><중개사소재지>서울 성동구</중개사소재지><지번>1217</지번><지역코드>11200</지역코드><층>2</층><해제사유발생일> </해제사유발생일><해제여부> </해제여부></item><item><거래금액>   132,000</거래금액><거래유형>직거래</거래유형><건축년도>1994</건축년도><년>2022</년><도로명>동호로</도로명><도로명건물본번호코드>00100</도로명건물본번호코드><도로명건물부번호코드>00000</도로명건물부번호코드><도로명시군구코드>11200</도로명시군구코드><도로명일련번호코드>01</도로명일련번호코드><도로명지상지하코드>0</도로명지상지하코드><도로명코드>3005001</도로명코드><법정동> 금호동3가</법정동><법정동본번코드>1331</법정동본번코드><법정동부번코드>0000</법정동부번코드><법정동시군구코드>11200</법정동시군구코드><법정동읍면동코드>11100</법정동읍면동코드><법정동지번코드>1</법정동지번코드><아파트>두산</아파트><월>9</월><일>7</일><일련번호>11200-34</일련번호><전용면적>84.99</전용면적><중개사소재지> </중개사소재지><지번>1331</지번><지역코드>11200</지역코드><층>13</층><해제사유발생일>22.09.28</해제사유발생일><해제여부>O</해제여부></item><item><거래금액>   115,000</거래금액><거래유형>중개거래</거래유형><건축년도>2007</건축년도><년>2022</년><도로명>금호로</도로명><도로명건물본번호코드>00015</도로명건물본번호코드><도로명건물부번호코드>00000</도로명건물부번호코드><도로명시군구코드>11200</도로명시군구코드><도로명일련번호코드>03</도로명일련번호코드><도로명지상지하코드>0</도로명지상지하코드><도로명코드>3103001</도로명코드><법정동> 금호동4가</법정동><법정동본번코드>0340</법정동본번코드><법정동부번코드>0000</법정동부번코드><법정동시군구코드>11200</법정동시군구코드><법정동읍면동코드>11200</법정동읍면동코드><법정동지번코드>1</법정동지번코드><아파트>서울숲푸르지오</아파트><월>9</월><일>28</일><일련번호>11200-2820</일련번호><전용면적>59.99</전용면적><중개사소재지>서울 성동구</중개사소재지><지번>340</지번><지역코드>11200</지역코드><층>9</층><해제사유발생일> </해제사유발생일><해제여부> </해제여부></item><item><거래금액>   142,000</거래금액><거래유형>중개거래</거래유형><건축년도>2016</건축년도><년>2022</년><도로명>매봉길</도로명><도로명건물본번호코드>00050</도로명건물본번호코드><도로명건물부번호코드>00000</도로명건물부번호코드><도로명시군구코드>11200</도로명시군구코드><도로명일련번호코드>00</도로명일련번호코드><도로명지상지하코드>0</도로명지상지하코드><도로명코드>4109229</도로명코드><법정동> 옥수동</법정동><법정동본번코드>0528</법정동본번코드><법정동부번코드>0001</법정동부번코드><법정동시군구코드>11200</법정동시군구코드><법정동읍면동코드>11300</법정동읍면동코드><법정동지번코드>1</법정동지번코드><아파트>옥수파크힐스117동~125동</아파트><월>9</월><일>18</일><일련번호>11200-3143</일련번호><전용면적>59.77</전용면적><중개사소재지>서울 성동구</중개사소재지><지번>528-1</지번><지역코드>11200</지역코드><층>6</층><해제사유발생일> </해제사유발생일><해제여부> </해제여부></item><item><거래금액>   250,000</거래금액><거래유형>중개거래</거래유형><건축년도>2001</건축년도><년>2022</년><도로명>둘레길</도로명><도로명건물본번호코드>00021</도로명건물본번호코드><도로명건물부번호코드>00000</도로명건물부번호코드><도로명시군구코드>11200</도로명시군구코드><도로명일련번호코드>01</도로명일련번호코드><도로명지상지하코드>0</도로명지상지하코드><도로명코드>4109148</도로명코드><법정동> 성수동1가</법정동><법정동본번코드>0479</법정동본번코드><법정동부번코드>0001</법정동부번코드><법정동시군구코드>11200</법정동시군구코드><법정동읍면동코드>11400</법정동읍면동코드><법정동지번코드>1</법정동지번코드><아파트>강변동양</아파트><월>9</월><일>5</일><일련번호>11200-55</일련번호><전용면적>84.56</전용면적><중개사소재지>서울 성동구</중개사소재지><지번>479-1</지번><지역코드>11200</지역코드><층>16</층><해제사유발생일> </해제사유발생일><해제여부> </해제여부></item><item><거래금액> 1,300,000</거래금액><거래유형>중개거래</거래유형><건축년도>2020</건축년도><년>2022</년><도로명>왕십리로</도로명><도로명건물본번호코드>00083</도로명건물본번호코드><도로명건물부번호코드>00021</도로명건물부번호코드><도로명시군구코드>11200</도로명시군구코드><도로명일련번호코드>00</도로명일련번호코드><도로명코드>3005011</도로명코드><법정동> 성수동1가</법정동><법정동본번코드>0685</법정동본번코드><법정동부번코드>0700</법정동부번코드><법정동시군구코드>11200</법정동시군구코드><법정동읍면동코드>11400</법정동읍면동코드><법정동지번코드>1</법정동지번코드><아파트>아크로서울포레스트</아파트><월>9</월><일>30</일><일련번호>11200-3215</일련번호><전용면적>264.546</전용면적><중개사소재지>서울 성동구</중개사소재지><지번>685-700</지번><지역코드>11200</지역코드><층>47</층><해제사유발생일> </해제사유발생일><해제여부> </해제여부></item><item><거래금액>   150,000</거래금액><거래유형>중개거래</거래유형><건축년도>2001</건축년도><년>2022</년><도로명>뚝섬로13길</도로명><도로명건물본번호코드>00011</도로명건물본번호코드><도로명건물부번호코드>00000</도로명건물부번호코드><도로명시군구코드>11200</도로명시군구코드><도로명일련번호코드>01</도로명일련번호코드><도로명지상지하코드>0</도로명지상지하코드><도로명코드>4109151</도로명코드><법정동> 성수동2가</법정동><법정동본번코드>0833</법정동본번코드><법정동부번코드>0000</법정동부번코드><법정동시군구코드>11200</법정동시군구코드><법정동읍면동코드>11500</법정동읍면동코드><법정동지번코드>1</법정동지번코드><아파트>신성미소지움</아파트><월>9</월><일>6</일><일련번호>11200-70</일련번호><전용면적>84.01</전용면적><중개사소재지>서울 성동구</중개사소재지><지번>833</지번><지역코드>11200</지역코드><층>8</층><해제사유발생일> </해제사유발생일><해제여부> </해제여부></item><item><거래금액>   145,000</거래금액><거래유형>중개거래</거래유형><건축년도>2003</건축년도><년>2022</년><도로명>성수일로8길</도로명><도로명건물본번호코드>00047</도로명건물본번호코드><도로명건물부번호코드>00000</도로명건물부번호코드><도로명시군구코드>11200</도로명시군구코드><도로명일련번호코드>01</도로명일련번호코드><도로명지상지하코드>0</도로명지상지하코드><도로명코드>4109367</도로명코드><법정동> 성수동2가</법정동><법정동본번코드>0835</법정동본번코드><법정동부번코드>0000</법정동부번코드><법정동시군구코드>11200</법정동시군구코드><법정동읍면동코드>11500</법정동읍면동코드><법정동지번코드>1</법정동지번코드><아파트>롯데캐슬파크</아파트><월>9</월><일>16</일><일련번호>11200-81</일련번호><전용면적>81.567</전용면적><중개사소재지>서울 성동구</중개사소재지><지번>835</지번><지역코드>11200</지역코드><층>9</층><해제사유발생일> </해제사유발생일><해제여부> </해제여부></item></items><numOfRows>999</numOfRows><pageNo>1</pageNo><totalCount>16</totalCount></body></response>