<?xml version="1.0" encoding="UTF-8" standalone="yes"?><response><header><resultCode>00</resultCode><resultMsg>NORMAL SERVICE.</resultMsg></header><body><items><item><거래금액>   160,000</거래금액><거래유형>직거래</거래유형><건축년도>2008</건축년도><년>2022</년><도로명>올림픽로</도로명><도로명건물본번호코드>00099</도로명건물본번호코드><도로명건물부번호코드>00000</도로명건물부번호코드><도로명시군구코드>11710</도로명시군구코드><도로명일련번호코드>01</도로명일련번호코드><도로명지상지하코드>0</도로명지상지하코드><도로명코드>3123023</도로명코드><법정동> 잠실동</법정동><법정동본번코드>0019</법정동본번코드><법정동부번코드>0000</법정동부번코드><법정동시군구코드>11710</법정동시군구코드><법정동읍면동코드>10100</법정동읍면동코드><법정동지번코드>1</법정동지번코드><아파트>잠실엘스</아파트><월>9</월><일>5</일><일련번호>11710-6346</일련번호><전용면적>59.96</전용면적><중개사소재지> </중개사소재지><지번>19</지번><지역코드>11710</지역코드><층>29</층><해제사유발생일> </해제사유발생일><해제여부> </해제여부></item><item><거래금액>   360,000</거래금액><거래유형>중개거래</거래유형><건축년도>1986</건축년도><년>2022</년><도로명>올림픽로4길</도로명><도로명건물본번호코드>00015</도로명건물본번호코드><도로명건물부번호코드>00000</도로명건물부번호코드><도로명시군구코드>11710</도로명시군구코드><도로명일련번호코드>01</도로명일련번호코드><도로명지상지하코드>0</도로명지상지하코드><도로명코드>4169439</도로명코드><법정동> 잠실동</법정동><법정동본번코드>0086</법정동본번코드><법정동부번코드>0000</법정동부번코드><법정동시군구코드>11710</법정동시군구코드><법정동읍면동코드>10100</법정동읍면동코드><법정동지번코드>1</법정동지번코드><아파트>아시아선수촌아파트</아파트><월>9</월><일>6</일><일련번호>11710-158</일련번호><전용면적>134.485</전용면적><중개사소재지>서울 송파구, 서울 중구</중개사소재지><지번>86</지번><지역코드>11710</지역코드><층>6</층><해제사유발생일> </해제사유발생일><해제여부> </해제여부></item><item><거래금액>   220,000</거래금액><거래유형>중개거래</거래유형><건축년도>2008</건축년도><년>2022</년><도로명>올림픽로</도로명><도로명건물본번호코드>00135</도로명건물본번호코드><도로명건물부번호코드>00000</도로명건물부번호코드><도로명시군구코드>11710</도로명시군구코드><도로명일련번호코드>01</도로명일련번호코드><도로명지상지하코드>0</도로명지상지하코드><도로명코드>3123023</도로명코드><법정동> 잠실동</법정동><법정동본번코드>0022</법정동본번코드><법정동부번코드>0000</법정동부번코드><법정동시군구코드>11710</법정동시군구코드><법정동읍면동코드>10100</법정동읍면동코드><법정동지번코드>1</법정동지번코드><아파트>리센츠</아파트><월>9</월><일>8</일><일련번호>11710-6249</일련번호><전용면적>84.99</전용면적><중개사소재지>서울 송파구</중개사소재지><지번>22</지번><지역코드>11710</지역코드><층>12</층><해제사유발생일>22.09.27</해제사유발생일><해제여부>O</해제여부></item><item><거래금액>   220,000</거래금액><거래유형>중개거래</거래유형><건축년도>2008</건축년도><년>2022</년><도로명>올림픽로</도로명><도로명건물본번호코드>00135</도로명건물본번호코드><도로명건물부번호코드>00000</도로명건물부번호코드><도로명시군구코드>11710</도로명시군구코드><도로명일련번호코드>01</도로명일련번호코드><도로명지상지하코드>0</도로명지상지하코드><도로명코드>3123023</도로명코드><법정동> 잠실동</법정동><법정동본번코드>0022</법정동본번코드><법정동부번코드>0000</법정동부번코드><법정동시군구코드>11710</법정동시군구코드><법정동읍면동코드>10100</법정동읍면동코드><법정동지번코드>1</법정동지번코드><아파트>리센츠</아파트><월>9</월><일>8</일><일련번호>11710-6249</일련번호><전용면적>84.99</전용면적><중개사소재지>서울 송파구</중개사소재지><지번>22</지번><지역코드>11710</지역코드><층>12</층><해제사유발생일> </해제사유발생일><해제여부> </해제여부></item><item><거래금액>   225,000</거래금액><거래유형>중개거래</거래유형><건축년도>2008</건축년도><년>2022</년><도로명>올림픽로</도로명><도로명건물본번호코드>00135</도로명건물본번호코드><도로명건물부번호코드>00000</도로명건물부번호코드><도로명시군구코드>11710</도로명시군구코드><도로명일련번호코드>01</도로명일련번호코드><도로명지상지하코드>0</도로명지상지하코드><도로명코드>3123023</도로명코드><법정동> 잠실동</법정동><법정동본번코드>0022</법정동본번코드><법정동부번코드>0000</법정동부번코드><법정동시군구코드>11710</법정동시군구코드><법정동읍면동코드>10100</법정동읍면동코드><법정동지번코드>1</법정동지번코드><아파트>리센츠</아파트><월>9</월><일>13</일><일련번호>11710-6249</일련번호><전용면적>84.99</전용면적><중개사소재지>서울 송파구</중개사소재지><지번>22</지번><지역코드>11710</지역코드><층>27</층><해제사유발생일> </해제사유발생일><해제여부> </해제여부></item><item><거래금액>   161,000</거래금액><거래유형>중개거래</거래유형><건축년도>2008</건축년도><년>2022</년><도로명>올림픽로</도로명><도로명건물본번호코드>00099</도로명건물본번호코드><도로명건물부번호코드>00000</도로명건물부번호코드><도로명시군구코드>11710</도로명시군구코드><도로명일련번호코드>01</도로명일련번호코드><도로명지상지하코드>0</도로명지상지하코드><도로명코드>3123023</도로명코드><법정동> 잠실동</법정동><법정동본번코드>0019</법정동본번코드><법정동부번코드>0000</법정동부번코드><법정동시군구코드>11710</법정동시군구코드><법정동읍면동코드>10100</법정동읍면동코드><법정동지번코드>1</법정동지번코드><아파트>잠실엘스</아파트><월>9</월><일>14</일><일련번호>11710-6346</일련번호><전용면적>59.96</전용면적><중개사소재지>서울 송파구</중개사소재지><지번>19</지번><지역코드>11710</지역코드><층>2</층><해제사유발생일> </해제사유발생일><해제여부> </해제여부></item><item><거래금액>   267,600</거래금액><거래유형>중개거래</거래유형><건축년도>1978</건축년도><년>2022</년><도로명>송파대로</도로명><도로명건물본번호코드>00567</도로명건물본번호코드><도로명건물부번호코드>00000</도로명건물부번호코드><도로명시군구코드>11710</도로명시군구코드><도로명일련번호코드>01</도로명일련번호코드><도로명지상지하코드>0</도로명지상지하코드><도로명코드>2005011</도로명코드><법정동> 잠실동</법정동><법정동본번코드>0027</법정동본번코드><법정동부번코드>0000</법정동부번코드><법정동시군구코드>11710</법정동시군구코드><법정동읍면동코드>10100</법정동읍면동코드><법정동지번코드>1</법정동지번코드><아파트>주공아파트 5단지</아파트><월>9</월><일>16</일><일련번호>11710-164</일련번호><전용면적>82.61</전용면적><중개사소재지>경기 남양주시, 서울 송파구</중개사소재지><지번>27</지번><지역코드>11710</지역코드><층>4</층><해제사유발생일> </해제사유발생일><해제여부> </해제여부></item><item><거래금액>   210,000</거래금액><거래유형>중개거래</거래유형><건축년도>2008</건축년도><년>2022</년><도로명>올림픽로</도로명><도로명건물본번호코드>00099</도로명건물본번호코드><도로명건물부번호코드>00000</도로명건물부번호코드><도로명시군구코드>11710</도로명시군구코드><도로명일련번호코드>01</도로명일련번호코드><도로명지상지하코드>0</도로명지상지하코드><도로명코드>3123023</도로명코드><법정동> 잠실동</법정동><법정동본번코드>0019</법정동본번코드><법정동부번코드>0000</법정동부번코드><법정동시군구코드>11710</법정동시군구코드><법정동읍면동코드>10100</법정동읍면동코드><법정동지번코드>1</법정동지번코드><아파트>잠실엘스</아파트><월>9</월><일>22</일><일련번호>11710-6346</일련번호><전용면적>84.8</전용면적><중개사소재지>서울 송파구</중개사소재지><지번>19</지번><지역코드>11710</지역코드><층>16</층><해제사유발생일> </해제사유발생일><해제여부> </해제여부></item><item><거래금액>   420,000</거래금액><거래유형>중개거래</거래유형><건축년도>1986</건축년도><년>2022</년><도로명>올림픽로4길</도로명><도로명건물본번호코드>00015</도로명건물본번호코드><도로명건물부번호코드>00000</도로명건물부번호코드><도로명시군구코드>11710</도로명시군구코드><도로명일련번호코드>01</도로명일련번호코드><도로명지상지하코드>0</도로명지상지하코드><도로명코드>4169439</도로명코드><법정동> 잠실동</법정동><법정동본번코드>0086</법정동본번코드><법정동부번코드>0000</법정동부번코드><법정동시군구코드>11710</법정동시군구코드><법정동읍면동코드>10100</법정동읍면동코드><법정동지번코드>1</법정동지번코드><아파트>아시아선수촌아파트</아파트><월>9</월><일>28</일><일련번호>11710-158</일련번호><전용면적>178.325</전용면적><중개사소재지>서울 송파구</중개사소재지><지번>86</지번><지역코드>11710</지역코드><층>1</층><해제사유발생일> </해제사유발생일><해제여부> </해제여부></item><item><거래금액>   170,000</거래금액><거래유형>중개거래</거래유형><건축년도>2008</건축년도><년>2022</년><도로명>올림픽로</도로명><도로명건물본번호코드>00435</도로명건물본번호코드><도로명건물부번호코드>00000</도로명건물부번호코드><도로명시군구코드>11710</도로명시군구코드><도로명일련번호코드>02</도로명일련번호코드><도로명지상지하코드>0</도로명지상지하코드><도로명코드>3123023</도로명코드><법정동> 신천동</법정동><법정동본번코드>0017</법정동본번코드><법정동부번코드>0000</법정동부번코드><법정동시군구코드>11710</법정동시군구코드><법정동읍면동코드>10200</법정동읍면동코드><법정동지번코드>1</법정동지번코드><아파트>파크리오</아파트><월>9</월><일>23</일><일련번호>11710-6266</일련번호><전용면적>59.95</전용면적><중개사소재지>서울 송파구</중개사소재지><지번>17</지번><지역코드>11710</지역코드><층>19</층><해제사유발생일> </해제사유발생일><해제여부> </해제여부></item><item><거래금액>   202,000</거래금액><거래유형>중개거래</거래유형><건축년도>2008</건축년도><년>2022</년><도로명>올림픽로</도로명><도로명건물본번호코드>00435</도로명건물본번호코드><도로명건물부번호코드>00000</도로명건물부번호코드><도로명시군구코드>11710</도로명시군구코드><도로명일련번호코드>02</도로명일련번호코드><도로명지상지하코드>0</도로명지상지하코드><도로명코드>3123023</도로명코드><법정동> 신천동</법정동><법정동본번코드>0017</법정동본번코드><법정동부번코드>0000</법정동부번코드><법정동시군구코드>11710</법정동시군구코드><법정동읍면동코드>10200</법정동읍면동코드><법정동지번코드>1</법정동지번코드><아파트>파크리오</아파트><월>9</월><일>29</일><일련번호>11710-6266</일련번호><전용면적>84.79</전용면적><중개사소재지>경기 안양동안구, 서울 송파구</중개사소재지><지번>17</지번><지역코드>11710</지역코드><층>12</층><해제사유발생일> </해제사유발생일><해제여부> </해제여부></item><item><거래금액>   125,000</거래금액><거래유형>중개거래</거래유형><건축년도>1985</건축년도><년>2022</년><도로명>풍성로</도로명><도로명건물본번호코드>00014</도로명건물본번호코드><도로명건물부번호코드>00000</도로명건물부번호코드><도로명시군구코드>11710</도로명시군구코드><도로명일련번호코드>01</도로명일련번호코드><도로명지상지하코드>0</도로명지상지하코드><도로명코드>3123024</도로명코드><법정동> 풍납동</법정동><법정동본번코드>0219</법정동본번코드><법정동부번코드>0000</법정동부번코드><법정동시군구코드>11710</법정동시군구코드><법정동읍면동코드>10300</법정동읍면동코드><법정동지번코드>1</법정동지번코드><아파트>미성</아파트><월>9</월><일>13</일><일련번호>11710-7</일련번호><전용면적>116.965</전용면적><중개사소재지>서울 송파구</중개사소재지><지번>219</지번><지역코드>11710</지역코드><층>4</층><해제사유발생일> </해제사유발생일><해제여부> </해제여부></item><item><거래금액>   125,000</거래금액><거래유형>중개거래</거래유형><건축년도>1985</건축년도><년>2022</년><도로명>풍성로</도로명><도로명건물본번호코드>00014</도로명건물본번호코드><도로명건물부번호코드>00000</도로명건물부번호코드><도로명시군구코드>11710</도로명시군구코드><도로명일련번호코드>01</도로명일련번호코드><도로명지상지하코드>0</도로명지상지하코드><도로명코드>3123024</도로명코드><법정동> 풍납동</법정동><법정동본번코드>0219</법정동본번코드><법정동부번코드>0000</법정동부번코드><법정동시군구코드>11710</법정동시군구코드><법정동읍면동코드>10300</법정동읍면동코드><법정동지번코드>1</법정동지번코드><아파트>미성</아파트><월>9</월><일>13</일><일련번호>11710-7</일련번호><전용면적>116.965</전용면적><중개사소재지>서울 송파구</중개사소재지><지번>219</지번><지역코드>11710</지역코드><층>4</층><해제사유발생일>23.02.17</해제사유발생일><해제여부>O</해제여부></item><item><거래금액>    69,000</거래금액><거래유형>중개거래</거래유형><건축년도>1999</건축년도><년>2022</년><도로명>풍성로24길</도로명><도로명건물본번호코드>00042</도로명건물본번호코드><도로명건물부번호코드>00000</도로명건물부번호코드><도로명시군구코드>11710</도로명시군구코드><도로명일련번호코드>01</도로명일련번호코드><도로명지상지하코드>0</도로명지상지하코드><도로명코드>4169508</도로명코드><법정동> 풍납동</법정동><법정동본번코드>0261</법정동본번코드><법정동부번코드>0000</법정동부번코드><법정동시군구코드>11710</법정동시군구코드><법정동읍면동코드>10300</법정동읍면동코드><법정동지번코드>1</법정동지번코드><아파트>현대리버빌2지구</아파트><월>9</월><일>21</일><일련번호>11710-20</일련번호><전용면적>59.4</전용면적><중개사소재지>서울 강동구, 서울 송파구</중개사소재지><지번>261</지번><지역코드>11710</지역코드><층>2</층><해제사유발생일> </해제사유발생일><해제여부> </해제여부></item><item><거래금액>   205,000</거래금액><거래유형>중개거래</거래유형><건축년도>2007</건축년도><년>2022</년><도로명>석촌호수로</도로명><도로명건물본번호코드>00258</도로명건물본번호코드><도로명건물부번호코드>00000</도로명건물부번호코드><도로명시군구코드>11710</도로명시군구코드><도로명일련번호코드>02</도로명일련번호코드><도로명지상지하코드>0</도로명지상지하코드><도로명코드>3123009</도로명코드><법정동> 송파동</법정동><법정동본번코드>0007</법정동본번코드><법정동부번코드>0001</법정동부번코드><법정동시군구코드>11710</법정동시군구코드><법정동읍면동코드>10400</법정동읍면동코드><법정동지번코드>1</법정동지번코드><아파트>아르누보팰리스</아파트><월>9</월><일>1</일><일련번호>11710-6164</일련번호><전용면적>136.54</전용면적><중개사소재지>서울 송파구</중개사소재지><지번>7-1</지번><지역코드>11710</지역코드><층>17</층><해제사유발생일> </해제사유발생일><해제여부> </해제여부></item><item><거래금액>    29,600</거래금액><거래유형>중개거래</거래유형><건축년도>2015</건축년도><년>2022</년><도로명>석촌호수로</도로명><도로명건물본번호코드>00210</도로명건물본번호코드><도로명건물부번호코드>00000</도로명건물부번호코드><도로명시군구코드>11710</도로명시군구코드><도로명일련번호코드>01</도로명일련번호코드><도로명지상지하코드>0</도로명지상지하코드><도로명코드>3123009</도로명코드><법정동> 석촌동</법정동><법정동본번코드>0024</법정동본번코드><법정동부번코드>0003</법정동부번코드><법정동시군구코드>11710</법정동시군구코드><법정동읍면동코드>10500</법정동읍면동코드><법정동지번코드>1</법정동지번코드><아파트>석촌호수효성해링턴타워</아파트><월>9</월><일>26</일><일련번호>11710-7855</일련번호><전용면적>15.8307</전용면적><중개사소재지>서울 송파구</중개사소재지><지번>24-3</지번><지역코드>11710</지역코드><층>10</층><해제사유발생일> </해제사유발생일><해제여부> </해제여부></item><item><거래금액>    96,000</거래금액><거래유형>중개거래</거래유형><건축년도>1994</건축년도><년>2022</년><도로명>오금로44길</도로명><도로명건물본번호코드>00057</도로명건물본번호코드><도로명건물부번호코드>00000</도로명건물부번호코드><도로명시군구코드>11710</도로명시군구코드><도로명일련번호코드>01</도로명일련번호코드><도로명지상지하코드>0</도로명지상지하코드><도로명코드>4169401</도로명코드><법정동> 가락동</법정동><법정동본번코드>0196</법정동본번코드><법정동부번코드>0003</법정동부번코드><법정동시군구코드>11710</법정동시군구코드><법정동읍면동코드>10700</법정동읍면동코드><법정동지번코드>1</법정동지번코드><아파트>프라임레지던스</아파트><월>9</월><일>8</일><일련번호>11710-66</일련번호><전용면적>183</전용면적><중개사소재지>서울 광진구</중개사소재지><지번>196-3</지번><지역코드>11710</지역코드><층>5</층><해제사유발생일> </해제사유발생일><해제여부> </해제여부></item><item><거래금액>   110,000</거래금액><거래유형>중개거래</거래유형><건축년도>2018</건축년도><년>2022</년><도로명>송파대로</도로명><도로명건물본번호코드>00345</도로명건물본번호코드><도로명건물부번호코드>00000</도로명건물부번호코드><도로명시군구코드>11710</도로명시군구코드><도로명일련번호코드>00</도로명일련번호코드><도로명코드>2005011</도로명코드><법정동> 가락동</법정동><법정동본번코드>0913</법정동본번코드><법정동부번코드>0000</법정동부번코드><법정동시군구코드>11710</법정동시군구코드><법정동읍면동코드>10700</법정동읍면동코드><법정동지번코드>1</법정동지번코드><아파트>헬리오시티</아파트><월>9</월><일>15</일><일련번호>11710-8865</일련번호><전용면적>39.86</전용면적><중개사소재지>서울 송파구</중개사소재지><지번>913</지번><지역코드>11710</지역코드><층>5</층><해제사유발생일> </해제사유발생일><해제여부> </해제여부></item><item><거래금액>   110,000</거래금액><거래유형>중개거래</거래유형><건축년도>2018</건축년도><년>2022</년><도로명>송파대로</도로명><도로명건물본번호코드>00345</도로명건물본번호코드><도로명건물부번호코드>00000</도로명건물부번호코드><도로명시군구코드>11710</도로명시군구코드><도로명일련번호코드>00</도로명일련번호코드><도로명코드>2005011</도로명코드><법정동> 가락동</법정동><법정동본번코드>0913</법정동본번코드><법정동부번코드>0000</법정동부번코드><법정동시군구코드>11710</법정동시군구코드><법정동읍면동코드>10700</법정동읍면동코드><법정동지번코드>1</법정동지번코드><아파트>헬리오시티</아파트><월>9</월><일>22</일><일련번호>11710-8865</일련번호><전용면적>39.1</전용면적><중개사소재지>서울 송파구</중개사소재지><지번>913</지번><지역코드>11710</지역코드><층>21</층><해제사유발생일> </해제사유발생일><해제여부> </해제여부></item><item><거래금액>    23,000</거래금액><거래유형>중개거래</거래유형><건축년도>2004</건축년도><년>2022</년><도로명>중대로</도로명><도로명건물본번호코드>00127</도로명건물본번호코드><도로명건물부번호코드>00000</도로명건물부번호코드><도로명시군구코드>11710</도로명시군구코드><도로명일련번호코드>01</도로명일련번호코드><도로명지상지하코드>0</도로명지상지하코드><도로명코드>3123016</도로명코드><법정동> 가락동</법정동><법정동본번코드>0078</법정동본번코드><법정동부번코드>0001</법정동부번코드><법정동시군구코드>11710</법정동시군구코드><법정동읍면동코드>10700</법정동읍면동코드><법정동지번코드>1</법정동지번코드><아파트>한화오벨리스크</아파트><월>9</월><일>24</일><일련번호>11710-250</일련번호><전용면적>30.25</전용면적><중개사소재지>서울 송파구</중개사소재지><지번>78-1</지번><지역코드>11710</지역코드><층>17</층><해제사유발생일> </해제사유발생일><해제여부> </해제여부></item><item><거래금액>    55,000</거래금액><거래유형>중개거래</거래유형><건축년도>2006</건축년도><년>2022</년><도로명>송이로17길</도로명><도로명건물본번호코드>00050</도로명건물본번호코드><도로명건물부번호코드>00020</도로명건물부번호코드><도로명시군구코드>11710</도로명시군구코드><도로명일련번호코드>01</도로명일련번호코드><도로명지상지하코드>0</도로명지상지하코드><도로명코드>4169302</도로명코드><법정동> 가락동</법정동><법정동본번코드>0015</법정동본번코드><법정동부번코드>0004</법정동부번코드><법정동시군구코드>11710</법정동시군구코드><법정동읍면동코드>10700</법정동읍면동코드><법정동지번코드>1</법정동지번코드><아파트>동성아파트(102동)</아파트><월>9</월><일>24</일><일련번호>11710-5798</일련번호><전용면적>54.25</전용면적><중개사소재지>서울 송파구</중개사소재지><지번>15-4</지번><지역코드>11710</지역코드><층>6</층><해제사유발생일> </해제사유발생일><해제여부> </해제여부></item><item><거래금액>    27,800</거래금액><거래유형>중개거래</거래유형><건축년도>2004</건축년도><년>2022</년><도로명>송파대로30길</도로명><도로명건물본번호코드>00016</도로명건물본번호코드><도로명건물부번호코드>00000</도로명건물부번호코드><도로명시군구코드>11710</도로명시군구코드><도로명일련번호코드>01</도로명일련번호코드><도로명지상지하코드>0</도로명지상지하코드><도로명코드>4169334</도로명코드><법정동> 가락동</법정동><법정동본번코드>0098</법정동본번코드><법정동부번코드>0000</법정동부번코드><법정동시군구코드>11710</법정동시군구코드><법정동읍면동코드>10700</법정동읍면동코드><법정동지번코드>1</법정동지번코드><아파트>두산위브</아파트><월>9</월><일>24</일><일련번호>11710-300</일련번호><전용면적>31</전용면적><중개사소재지>서울 송파구</중개사소재지><지번>98</지번><지역코드>11710</지역코드><층>8</층><해제사유발생일>22.11.04</해제사유발생일><해제여부>O</해제여부></item><item><거래금액>   138,000</거래금액><거래유형>직거래</거래유형><건축년도>2018</건축년도><년>2022</년><도로명>송파대로</도로명><도로명건물본번호코드>00345</도로명건물본번호코드><도로명건물부번호코드>00000</도로명건물부번호코드><도로명시군구코드>11710</도로명시군구코드><도로명일련번호코드>00</도로명일련번호코드><도로명코드>2005011</도로명코드><법정동> 가락동</법정동><법정동본번코드>0913</법정동본번코드><법정동부번코드>0000</법정동부번코드><법정동시군구코드>11710</법정동시군구코드><법정동읍면동코드>10700</법정동읍면동코드><법정동지번코드>1</법정동지번코드><아파트>헬리오시티</아파트><월>9</월><일>26</일><일련번호>11710-8865</일련번호><전용면적>84.98</전용면적><중개사소재지> </중개사소재지><지번>913</지번><지역코드>11710</지역코드><층>20</층><해제사유발생일> </해제사유발생일><해제여부> </해제여부></item><item><거래금액>   308,000</거래금액><거래유형>중개거래</거래유형><건축년도>2018</건축년도><년>2022</년><도로명>송파대로</도로명><도로명건물본번호코드>00345</도로명건물본번호코드><도로명건물부번호코드>00000</도로명건물부번호코드><도로명시군구코드>11710</도로명시군구코드><도로명일련번호코드>00</도로명일련번호코드><도로명코드>2005011</도로명코드><법정동> 가락동</법정동><법정동본번코드>0913</법정동본번코드><법정동부번코드>0000</법정동부번코드><법정동시군구코드>11710</법정동시군구코드><법정동읍면동코드>10700</법정동읍면동코드><법정동지번코드>1</법정동지번코드><아파트>헬리오시티</아파트><월>9</월><일>27</일><일련번호>11710-8865</일련번호><전용면적>130.06</전용면적><중개사소재지>서울 송파구</중개사소재지><지번>913</지번><지역코드>11710</지역코드><층>21</층><해제사유발생일> </해제사유발생일><해제여부> </해제여부></item><item><거래금액>    17,500</거래금액><거래유형>직거래</거래유형><건축년도>2004</건축년도><년>2022</년><도로명>송파대로30길</도로명><도로명건물본번호코드>00016</도로명건물본번호코드><도로명건물부번호코드>00000</도로명건물부번호코드><도로명시군구코드>11710</도로명시군구코드><도로명일련번호코드>01</도로명일련번호코드><도로명지상지하코드>0</도로명지상지하코드><도로명코드>4169334</도로명코드><법정동> 가락동</법정동><법정동본번코드>0098</법정동본번코드><법정동부번코드>0000</법정동부번코드><법정동시군구코드>11710</법정동시군구코드><법정동읍면동코드>10700</법정동읍면동코드><법정동지번코드>1</법정동지번코드><아파트>두산위브</아파트><월>9</월><일>30</일><일련번호>11710-300</일련번호><전용면적>25.05</전용면적><중개사소재지> </중개사소재지><지번>98</지번><지역코드>11710</지역코드><층>7</층><해제사유발생일> </해제사유발생일><해제여부> </해제여부></item><item><거래금액>   136,000</거래금액><거래유형>중개거래</거래유형><건축년도>2016</건축년도><년>2022</년><도로명>송파대로</도로명><도로명건물본번호코드>00111</도로명건물본번호코드><도로명건물부번호코드>00000</도로명건물부번호코드><도로명시군구코드>11710</도로명시군구코드><도로명일련번호코드>06</도로명일련번호코드><도로명코드>2005011</도로명코드><법정동> 문정동</법정동><법정동본번코드>0618</법정동본번코드><법정동부번코드>0000</법정동부번코드><법정동시군구코드>11710</법정동시군구코드><법정동읍면동코드>10800</법정동읍면동코드><법정동지번코드>1</법정동지번코드><아파트>파크하비오</아파트><월>9</월><일>9</일><일련번호>11710-8245</일련번호><전용면적>84.9342</전용면적><중개사소재지>서울 송파구</중개사소재지><지번>618</지번><지역코드>11710</지역코드><층>5</층><해제사유발생일> </해제사유발생일><해제여부> </해제여부></item><item><거래금액>   180,000</거래금액><거래유형>중개거래</거래유형><건축년도>1988</건축년도><년>2022</년><도로명>중대로</도로명><도로명건물본번호코드>00024</도로명건물본번호코드><도로명건물부번호코드>00000</도로명건물부번호코드><도로명시군구코드>11710</도로명시군구코드><도로명일련번호코드>02</도로명일련번호코드><도로명지상지하코드>0</도로명지상지하코드><도로명코드>3123016</도로명코드><법정동> 문정동</법정동><법정동본번코드>0150</법정동본번코드><법정동부번코드>0000</법정동부번코드><법정동시군구코드>11710</법정동시군구코드><법정동읍면동코드>10800</법정동읍면동코드><법정동지번코드>1</법정동지번코드><아파트>올림픽훼밀리타운</아파트><월>9</월><일>27</일><일련번호>11710-89</일련번호><전용면적>117.585</전용면적><중개사소재지>서울 송파구</중개사소재지><지번>150</지번><지역코드>11710</지역코드><층>2</층><해제사유발생일> </해제사유발생일><해제여부> </해제여부></item><item><거래금액>    72,000</거래금액><거래유형>중개거래</거래유형><건축년도>1989</건축년도><년>2022</년><도로명>송이로31길</도로명><도로명건물본번호코드>00056</도로명건물본번호코드><도로명건물부번호코드>00000</도로명건물부번호코드><도로명시군구코드>11710</도로명시군구코드><도로명일련번호코드>01</도로명일련번호코드><도로명지상지하코드>0</도로명지상지하코드><도로명코드>4169313</도로명코드><법정동> 문정동</법정동><법정동본번코드>0145</법정동본번코드><법정동부번코드>0000</법정동부번코드><법정동시군구코드>11710</법정동시군구코드><법정동읍면동코드>10800</법정동읍면동코드><법정동지번코드>1</법정동지번코드><아파트>문정시영</아파트><월>9</월><일>29</일><일련번호>11710-83</일련번호><전용면적>39.69</전용면적><중개사소재지>서울 송파구</중개사소재지><지번>145</지번><지역코드>11710</지역코드><층>8</층><해제사유발생일> </해제사유발생일><해제여부> </해제여부></item><item><거래금액>   198,000</거래금액><거래유형>직거래</거래유형><건축년도>2016</건축년도><년>2022</년><도로명>위례광장로</도로명><도로명건물본번호코드>00290</도로명건물본번호코드><도로명건물부번호코드>00000</도로명건물부번호코드><도로명시군구코드>11710</도로명시군구코드><도로명일련번호코드>00</도로명일련번호코드><도로명지상지하코드>0</도로명지상지하코드><도로명코드>3000238</도로명코드><법정동> 장지동</법정동><법정동본번코드>0896</법정동본번코드><법정동부번코드>0000</법정동부번코드><법정동시군구코드>11710</법정동시군구코드><법정동읍면동코드>10900</법정동읍면동코드><법정동지번코드>1</법정동지번코드><아파트>위례중앙푸르지오2단지</아파트><월>9</월><일>19</일><일련번호>11710-8306</일련번호><전용면적>106.2487</전용면적><중개사소재지> </중개사소재지><지번>896</지번><지역코드>11710</지역코드><층>18</층><해제사유발생일> </해제사유발생일><해제여부> </해제여부></item><item><거래금액>   198,000</거래금액><거래유형>직거래</거래유형><건축년도>2016</건축년도><년>2022</년><도로명>위례광장로</도로명><도로명건물본번호코드>00290</도로명건물본번호코드><도로명건물부번호코드>00000</도로명건물부번호코드><도로명시군구코드>11710</도로명시군구코드><도로명일련번호코드>00</도로명일련번호코드><도로명지상지하코드>0</도로명지상지하코드><도로명코드>3000238</도로명코드><법정동> 장지동</법정동><법정동본번코드>0896</법정동본번코드><법정동부번코드>0000</법정동부번코드><법정동시군구코드>11710</법정동시군구코드><법정동읍면동코드>10900</법정동읍면동코드><법정동지번코드>1</법정동지번코드><아파트>위례중앙푸르지오2단지</아파트><월>9</월><일>19</일><일련번호>11710-8306</일련번호><전용면적>106.2487</전용면적><중개사소재지> </중개사소재지><지번>896</지번><지역코드>11710</지역코드><층>18</층><해제사유발생일>22.09.29</해제사유발생일><해제여부>O</해제여부></item><item><거래금액>   122,000</거래금액><거래유형>중개거래</거래유형><건축년도>1996</건축년도><년>2022</년><도로명>위례성대로</도로명><도로명건물본번호코드>00058</도로명건물본번호코드><도로명건물부번호코드>00000</도로명건물부번호코드><도로명시군구코드>11710</도로명시군구코드><도로명일련번호코드>01</도로명일련번호코드><도로명지상지하코드>0</도로명지상지하코드><도로명코드>2123002</도로명코드><법정동> 방이동</법정동><법정동본번코드>0171</법정동본번코드><법정동부번코드>0000</법정동부번코드><법정동시군구코드>11710</법정동시군구코드><법정동읍면동코드>11100</법정동읍면동코드><법정동지번코드>1</법정동지번코드><아파트>올림픽베어스타운1</아파트><월>9</월><일>17</일><일련번호>11710-101</일련번호><전용면적>84.24</전용면적><중개사소재지>서울 송파구</중개사소재지><지번>171</지번><지역코드>11710</지역코드><층>17</층><해제사유발생일> </해제사유발생일><해제여부> </해제여부></item><item><거래금액>   140,000</거래금액><거래유형>중개거래</거래유형><건축년도>1991</건축년도><년>2022</년><도로명>오금로31길</도로명><도로명건물본번호코드>00028</도로명건물본번호코드><도로명건물부번호코드>00000</도로명건물부번호코드><도로명시군구코드>11710</도로명시군구코드><도로명일련번호코드>01</도로명일련번호코드><도로명지상지하코드>0</도로명지상지하코드><도로명코드>4169390</도로명코드><법정동> 방이동</법정동><법정동본번코드>0212</법정동본번코드><법정동부번코드>0008</법정동부번코드><법정동시군구코드>11710</법정동시군구코드><법정동읍면동코드>11100</법정동읍면동코드><법정동지번코드>1</법정동지번코드><아파트>코오롱아파트</아파트><월>9</월><일>24</일><일련번호>11710-110</일련번호><전용면적>84.95</전용면적><중개사소재지>서울 송파구</중개사소재지><지번>212-8</지번><지역코드>11710</지역코드><층>11</층><해제사유발생일> </해제사유발생일><해제여부> </해제여부></item><item><거래금액>    97,000</거래금액><거래유형>중개거래</거래유형><건축년도>1988</건축년도><년>2022</년><도로명>오금로</도로명><도로명건물본번호코드>00407</도로명건물본번호코드><도로명건물부번호코드>00000</도로명건물부번호코드><도로명시군구코드>11710</도로명시군구코드><도로명일련번호코드>05</도로명일련번호코드><도로명지상지하코드>0</도로명지상지하코드><도로명코드>3123014</도로명코드><법정동> 오금동</법정동><법정동본번코드>0165</법정동본번코드><법정동부번코드>0000</법정동부번코드><법정동시군구코드>11710</법정동시군구코드><법정동읍면동코드>11200</법정동읍면동코드><법정동지번코드>1</법정동지번코드><아파트>상아2차아파트</아파트><월>9</월><일>7</일><일련번호>11710-124</일련번호><전용면적>60</전용면적><중개사소재지>서울 송파구</중개사소재지><지번>165</지번><지역코드>11710</지역코드><층>1</층><해제사유발생일> </해제사유발생일><해제여부> </해제여부></item></items><numOfRows>999</numOfRows><pageNo>1</pageNo><totalCount>33</totalCount></body></response>