<?xml version="1.0" encoding="UTF-8" standalone="yes"?><response><header><resultCode>00</resultCode><resultMsg>NORMAL SERVICE.</resultMsg></header><body><items><item><거래금액>   174,000</거래금액><거래유형>중개거래</거래유형><건축년도>1987</건축년도><년>2022</년><도로명>목동동로</도로명><도로명건물본번호코드>00100</도로명건물본번호코드><도로명건물부번호코드>00000</도로명건물부번호코드><도로명시군구코드>11470</도로명시군구코드><도로명일련번호코드>01</도로명일련번호코드><도로명지상지하코드>0</도로명지상지하코드><도로명코드>3114001</도로명코드><법정동> 신정동</법정동><법정동본번코드>0327</법정동본번코드><법정동부번코드>0000</법정동부번코드><법정동시군구코드>11470</법정동시군구코드><법정동읍면동코드>10100</법정동읍면동코드><법정동지번코드>1</법정동지번코드><아파트>목동신시가지13</아파트><월>9</월><일>1</일><일련번호>11470-122</일련번호><전용면적>98.63</전용면적><중개사소재지>서울 양천구</중개사소재지><지번>327</지번><지역코드>11470</지역코드><층>3</층><해제사유발생일> </해제사유발생일><해제여부> </해제여부></item><item><거래금액>    98,000</거래금액><거래유형>중개거래</거래유형><건축년도>1988</건축년도><년>2022</년><도로명>목동동로</도로명><도로명건물본번호코드>00010</도로명건물본번호코드><도로명건물부번호코드>00000</도로명건물부번호코드><도로명시군구코드>11470</도로명시군구코드><도로명일련번호코드>01</도로명일련번호코드><도로명지상지하코드>0</도로명지상지하코드><도로명코드>3114001</도로명코드><법정동> 신정동</법정동><법정동본번코드>0325</법정동본번코드><법정동부번코드>0000</법정동부번코드><법정동시군구코드>11470</법정동시군구코드><법정동읍면동코드>10100</법정동읍면동코드><법정동지번코드>1</법정동지번코드><아파트>목동신시가지11</아파트><월>9</월><일>7</일><일련번호>11470-120</일련번호><전용면적>51.48</전용면적><중개사소재지>서울 양천구</중개사소재지><지번>325</지번><지역코드>11470</지역코드><층>3</층><해제사유발생일> </해제사유발생일><해제여부> </해제여부></item><item><거래금액>   142,000</거래금액><거래유형>중개거래</거래유형><건축년도>1987</건축년도><년>2022</년><도로명>목동동로</도로명><도로명건물본번호코드>00130</도로명건물본번호코드><도로명건물부번호코드>00000</도로명건물부번호코드><도로명시군구코드>11470</도로명시군구코드><도로명일련번호코드>01</도로명일련번호코드><도로명지상지하코드>0</도로명지상지하코드><도로명코드>3114001</도로명코드><법정동> 신정동</법정동><법정동본번코드>0329</법정동본번코드><법정동부번코드>0000</법정동부번코드><법정동시군구코드>11470</법정동시군구코드><법정동읍면동코드>10100</법정동읍면동코드><법정동지번코드>1</법정동지번코드><아파트>목동신시가지14</아파트><월>9</월><일>7</일><일련번호>11470-123</일련번호><전용면적>74.19</전용면적><중개사소재지>서울 양천구</중개사소재지><지번>329</지번><지역코드>11470</지역코드><층>2</층><해제사유발생일> </해제사유발생일><해제여부> </해제여부></item><item><거래금액>   113,000</거래금액><거래유형>중개거래</거래유형><건축년도>1987</건축년도><년>2022</년><도로명>목동동로</도로명><도로명건물본번호코드>00130</도로명건물본번호코드><도로명건물부번호코드>00000</도로명건물부번호코드><도로명시군구코드>11470</도로명시군구코드><도로명일련번호코드>01</도로명일련번호코드><도로명지상지하코드>0</도로명지상지하코드><도로명코드>3114001</도로명코드><법정동> 신정동</법정동><법정동본번코드>0329</법정동본번코드><법정동부번코드>0000</법정동부번코드><법정동시군구코드>11470</법정동시군구코드><법정동읍면동코드>10100</법정동읍면동코드><법정동지번코드>1</법정동지번코드><아파트>목동신시가지14</아파트><월>9</월><일>7</일><일련번호>11470-123</일련번호><전용면적>55.02</전용면적><중개사소재지>서울 양천구</중개사소재지><지번>329</지번><지역코드>11470</지역코드><층>7</층><해제사유발생일> </해제사유발생일><해제여부> </해제여부></item><item><거래금액>   131,000</거래금액><거래유형>중개거래</거래유형><건축년도>1988</건축년도><년>2022</년><도로명>목동동로</도로명><도로명건물본번호코드>00050</도로명건물본번호코드><도로명건물부번호코드>00000</도로명건물부번호코드><도로명시군구코드>11470</도로명시군구코드><도로명일련번호코드>01</도로명일련번호코드><도로명지상지하코드>0</도로명지상지하코드><도로명코드>3114001</도로명코드><법정동> 신정동</법정동><법정동본번코드>0326</법정동본번코드><법정동부번코드>0000</법정동부번코드><법정동시군구코드>11470</법정동시군구코드><법정동읍면동코드>10100</법정동읍면동코드><법정동지번코드>1</법정동지번코드><아파트>목동신시가지12</아파트><월>9</월><일>14</일><일련번호>11470-121</일련번호><전용면적>64.65</전용면적><중개사소재지>서울 양천구</중개사소재지><지번>326</지번><지역코드>11470</지역코드><층>1</층><해제사유발생일> </해제사유발생일><해제여부> </해제여부></item><item><거래금액>   103,000</거래금액><거래유형>중개거래</거래유형><건축년도>1988</건축년도><년>2022</년><도로명>목동동로</도로명><도로명건물본번호코드>00010</도로명건물본번호코드><도로명건물부번호코드>00000</도로명건물부번호코드><도로명시군구코드>11470</도로명시군구코드><도로명일련번호코드>01</도로명일련번호코드><도로명지상지하코드>0</도로명지상지하코드><도로명코드>3114001</도로명코드><법정동> 신정동</법정동><법정동본번코드>0325</법정동본번코드><법정동부번코드>0000</법정동부번코드><법정동시군구코드>11470</법정동시군구코드><법정동읍면동코드>10100</법정동읍면동코드><법정동지번코드>1</법정동지번코드><아파트>목동신시가지11</아파트><월>9</월><일>17</일><일련번호>11470-120</일련번호><전용면적>51.48</전용면적><중개사소재지>서울 양천구</중개사소재지><지번>325</지번><지역코드>11470</지역코드><층>14</층><해제사유발생일> </해제사유발생일><해제여부> </해제여부></item><item><거래금액>    60,000</거래금액><거래유형>중개거래</거래유형><건축년도>2000</건축년도><년>2022</년><도로명>신정로</도로명><도로명건물본번호코드>00170</도로명건물본번호코드><도로명건물부번호코드>00000</도로명건물부번호코드><도로명시군구코드>11470</도로명시군구코드><도로명일련번호코드>01</도로명일련번호코드><도로명지상지하코드>0</도로명지상지하코드><도로명코드>3005066</도로명코드><법정동> 신정동</법정동><법정동본번코드>0743</법정동본번코드><법정동부번코드>0002</법정동부번코드><법정동시군구코드>11470</법정동시군구코드><법정동읍면동코드>10100</법정동읍면동코드><법정동지번코드>1</법정동지번코드><아파트>신정6현대</아파트><월>9</월><일>19</일><일련번호>11470-136</일련번호><전용면적>59.4</전용면적><중개사소재지>서울 양천구</중개사소재지><지번>743-2</지번><지역코드>11470</지역코드><층>13</층><해제사유발생일> </해제사유발생일><해제여부> </해제여부></item><item><거래금액>    70,000</거래금액><거래유형>중개거래</거래유형><건축년도>1999</건축년도><년>2022</년><도로명>신정로</도로명><도로명건물본번호코드>00293</도로명건물본번호코드><도로명건물부번호코드>00000</도로명건물부번호코드><도로명시군구코드>11470</도로명시군구코드><도로명일련번호코드>01</도로명일련번호코드><도로명지상지하코드>0</도로명지상지하코드><도로명코드>3005066</도로명코드><법정동> 신정동</법정동><법정동본번코드>1259</법정동본번코드><법정동부번코드>0000</법정동부번코드><법정동시군구코드>11470</법정동시군구코드><법정동읍면동코드>10100</법정동읍면동코드><법정동지번코드>1</법정동지번코드><아파트>신트리1</아파트><월>9</월><일>27</일><일련번호>11470-138</일련번호><전용면적>49.8</전용면적><중개사소재지>서울 양천구</중개사소재지><지번>1259</지번><지역코드>11470</지역코드><층>13</층><해제사유발생일> </해제사유발생일><해제여부> </해제여부></item><item><거래금액>   192,500</거래금액><거래유형>중개거래</거래유형><건축년도>1986</건축년도><년>2022</년><도로명>목동로</도로명><도로명건물본번호코드>00212</도로명건물본번호코드><도로명건물부번호코드>00000</도로명건물부번호코드><도로명시군구코드>11470</도로명시군구코드><도로명일련번호코드>00</도로명일련번호코드><도로명코드>3114002</도로명코드><법정동> 목동</법정동><법정동본번코드>0925</법정동본번코드><법정동부번코드>0000</법정동부번코드><법정동시군구코드>11470</법정동시군구코드><법정동읍면동코드>10200</법정동읍면동코드><법정동지번코드>1</법정동지번코드><아파트>목동신시가지7</아파트><월>9</월><일>1</일><일련번호>11470-23</일련번호><전용면적>66.6</전용면적><중개사소재지>서울 양천구</중개사소재지><지번>925</지번><지역코드>11470</지역코드><층>8</층><해제사유발생일> </해제사유발생일><해제여부> </해제여부></item><item><거래금액>    86,000</거래금액><거래유형>중개거래</거래유형><건축년도>2005</건축년도><년>2022</년><도로명>목동중앙북로</도로명><도로명건물본번호코드>00038</도로명건물본번호코드><도로명건물부번호코드>00000</도로명건물부번호코드><도로명시군구코드>11470</도로명시군구코드><도로명일련번호코드>01</도로명일련번호코드><도로명지상지하코드>0</도로명지상지하코드><도로명코드>3114007</도로명코드><법정동> 목동</법정동><법정동본번코드>0956</법정동본번코드><법정동부번코드>0000</법정동부번코드><법정동시군구코드>11470</법정동시군구코드><법정동읍면동코드>10200</법정동읍면동코드><법정동지번코드>1</법정동지번코드><아파트>롯데캐슬위너</아파트><월>9</월><일>8</일><일련번호>11470-206</일련번호><전용면적>59.98</전용면적><중개사소재지>서울 강서구, 서울 서초구</중개사소재지><지번>956</지번><지역코드>11470</지역코드><층>3</층><해제사유발생일> </해제사유발생일><해제여부> </해제여부></item><item><거래금액>   285,000</거래금액><거래유형>중개거래</거래유형><건축년도>1986</건축년도><년>2022</년><도로명>목동동로</도로명><도로명건물본번호코드>00350</도로명건물본번호코드><도로명건물부번호코드>00000</도로명건물부번호코드><도로명시군구코드>11470</도로명시군구코드><도로명일련번호코드>02</도로명일련번호코드><도로명지상지하코드>0</도로명지상지하코드><도로명코드>3114001</도로명코드><법정동> 목동</법정동><법정동본번코드>0912</법정동본번코드><법정동부번코드>0000</법정동부번코드><법정동시군구코드>11470</법정동시군구코드><법정동읍면동코드>10200</법정동읍면동코드><법정동지번코드>1</법정동지번코드><아파트>목동신시가지5</아파트><월>9</월><일>9</일><일련번호>11470-21</일련번호><전용면적>143.36</전용면적><중개사소재지>서울 양천구</중개사소재지><지번>912</지번><지역코드>11470</지역코드><층>10</층><해제사유발생일> </해제사유발생일><해제여부> </해제여부></item><item><거래금액>   140,000</거래금액><거래유형>중개거래</거래유형><건축년도>1986</건축년도><년>2022</년><도로명>목동동로</도로명><도로명건물본번호코드>00430</도로명건물본번호코드><도로명건물부번호코드>00000</도로명건물부번호코드><도로명시군구코드>11470</도로명시군구코드><도로명일련번호코드>02</도로명일련번호코드><도로명지상지하코드>0</도로명지상지하코드><도로명코드>3114001</도로명코드><법정동> 목동</법정동><법정동본번코드>0911</법정동본번코드><법정동부번코드>0000</법정동부번코드><법정동시군구코드>11470</법정동시군구코드><법정동읍면동코드>10200</법정동읍면동코드><법정동지번코드>1</법정동지번코드><아파트>목동신시가지6</아파트><월>9</월><일>14</일><일련번호>11470-22</일련번호><전용면적>47.94</전용면적><중개사소재지>서울 양천구</중개사소재지><지번>911</지번><지역코드>11470</지역코드><층>11</층><해제사유발생일> </해제사유발생일><해제여부> </해제여부></item><item><거래금액>    61,500</거래금액><거래유형>중개거래</거래유형><건축년도>2006</건축년도><년>2022</년><도로명>목동중앙본로7길</도로명><도로명건물본번호코드>00045</도로명건물본번호코드><도로명건물부번호코드>00000</도로명건물부번호코드><도로명시군구코드>11470</도로명시군구코드><도로명일련번호코드>01</도로명일련번호코드><도로명지상지하코드>0</도로명지상지하코드><도로명코드>4142179</도로명코드><법정동> 목동</법정동><법정동본번코드>0739</법정동본번코드><법정동부번코드>0001</법정동부번코드><법정동시군구코드>11470</법정동시군구코드><법정동읍면동코드>10200</법정동읍면동코드><법정동지번코드>1</법정동지번코드><아파트>목동보미리즌빌</아파트><월>9</월><일>14</일><일련번호>11470-4046</일련번호><전용면적>83.09</전용면적><중개사소재지>서울 양천구</중개사소재지><지번>739-1</지번><지역코드>11470</지역코드><층>10</층><해제사유발생일> </해제사유발생일><해제여부> </해제여부></item><item><거래금액>    45,000</거래금액><거래유형>중개거래</거래유형><건축년도>2019</건축년도><년>2022</년><도로명>목동중앙북로</도로명><도로명건물본번호코드>00068</도로명건물본번호코드><도로명건물부번호코드>00000</도로명건물부번호코드><도로명시군구코드>11470</도로명시군구코드><도로명일련번호코드>00</도로명일련번호코드><도로명지상지하코드>0</도로명지상지하코드><도로명코드>3114007</도로명코드><법정동> 목동</법정동><법정동본번코드>0966</법정동본번코드><법정동부번코드>0000</법정동부번코드><법정동시군구코드>11470</법정동시군구코드><법정동읍면동코드>10200</법정동읍면동코드><법정동지번코드>1</법정동지번코드><아파트>목동에버하임</아파트><월>9</월><일>15</일><일련번호>11470-5595</일련번호><전용면적>41.06</전용면적><중개사소재지>서울 양천구</중개사소재지><지번>966</지번><지역코드>11470</지역코드><층>11</층><해제사유발생일> </해제사유발생일><해제여부> </해제여부></item><item><거래금액>    45,000</거래금액><거래유형>중개거래</거래유형><건축년도>2019</건축년도><년>2022</년><도로명>목동중앙북로</도로명><도로명건물본번호코드>00068</도로명건물본번호코드><도로명건물부번호코드>00000</도로명건물부번호코드><도로명시군구코드>11470</도로명시군구코드><도로명일련번호코드>00</도로명일련번호코드><도로명지상지하코드>0</도로명지상지하코드><도로명코드>3114007</도로명코드><법정동> 목동</법정동><법정동본번코드>0966</법정동본번코드><법정동부번코드>0000</법정동부번코드><법정동시군구코드>11470</법정동시군구코드><법정동읍면동코드>10200</법정동읍면동코드><법정동지번코드>1</법정동지번코드><아파트>목동에버하임</아파트><월>9</월><일>20</일><일련번호>11470-5595</일련번호><전용면적>41.06</전용면적><중개사소재지>서울 강서구</중개사소재지><지번>966</지번><지역코드>11470</지역코드><층>10</층><해제사유발생일> </해제사유발생일><해제여부> </해제여부></item><item><거래금액>   194,500</거래금액><거래유형>직거래</거래유형><건축년도>1986</건축년도><년>2022</년><도로명>목동서로</도로명><도로명건물본번호코드>00070</도로명건물본번호코드><도로명건물부번호코드>00000</도로명건물부번호코드><도로명시군구코드>11470</도로명시군구코드><도로명일련번호코드>02</도로명일련번호코드><도로명지상지하코드>0</도로명지상지하코드><도로명코드>3114003</도로명코드><법정동> 목동</법정동><법정동본번코드>0902</법정동본번코드><법정동부번코드>0000</법정동부번코드><법정동시군구코드>11470</법정동시군구코드><법정동읍면동코드>10200</법정동읍면동코드><법정동지번코드>1</법정동지번코드><아파트>목동신시가지2</아파트><월>9</월><일>21</일><일련번호>11470-18</일련번호><전용면적>95.76</전용면적><중개사소재지> </중개사소재지><지번>902</지번><지역코드>11470</지역코드><층>3</층><해제사유발생일> </해제사유발생일><해제여부> </해제여부></item><item><거래금액>   120,000</거래금액><거래유형>중개거래</거래유형><건축년도>1997</건축년도><년>2022</년><도로명>목동동로12길</도로명><도로명건물본번호코드>00045</도로명건물본번호코드><도로명건물부번호코드>00000</도로명건물부번호코드><도로명시군구코드>11470</도로명시군구코드><도로명일련번호코드>00</도로명일련번호코드><도로명코드>4142097</도로명코드><법정동> 목동</법정동><법정동본번코드>0933</법정동본번코드><법정동부번코드>0000</법정동부번코드><법정동시군구코드>11470</법정동시군구코드><법정동읍면동코드>10200</법정동읍면동코드><법정동지번코드>1</법정동지번코드><아파트>삼익</아파트><월>9</월><일>22</일><일련번호>11470-33</일련번호><전용면적>84.88</전용면적><중개사소재지>서울 양천구</중개사소재지><지번>933</지번><지역코드>11470</지역코드><층>9</층><해제사유발생일> </해제사유발생일><해제여부> </해제여부></item><item><거래금액>   330,000</거래금액><거래유형>중개거래</거래유형><건축년도>2003</건축년도><년>2022</년><도로명>목동동로</도로명><도로명건물본번호코드>00257</도로명건물본번호코드><도로명건물부번호코드>00000</도로명건물부번호코드><도로명시군구코드>11470</도로명시군구코드><도로명일련번호코드>02</도로명일련번호코드><도로명지상지하코드>0</도로명지상지하코드><도로명코드>3114001</도로명코드><법정동> 목동</법정동><법정동본번코드>0916</법정동본번코드><법정동부번코드>0000</법정동부번코드><법정동시군구코드>11470</법정동시군구코드><법정동읍면동코드>10200</법정동읍면동코드><법정동지번코드>1</법정동지번코드><아파트>현대하이페리온</아파트><월>9</월><일>23</일><일련번호>11470-187</일련번호><전용면적>167.44</전용면적><중개사소재지>서울 양천구</중개사소재지><지번>916</지번><지역코드>11470</지역코드><층>24</층><해제사유발생일> </해제사유발생일><해제여부> </해제여부></item><item><거래금액>    90,000</거래금액><거래유형>중개거래</거래유형><건축년도>2005</건축년도><년>2022</년><도로명>목동중앙북로</도로명><도로명건물본번호코드>00038</도로명건물본번호코드><도로명건물부번호코드>00000</도로명건물부번호코드><도로명시군구코드>11470</도로명시군구코드><도로명일련번호코드>01</도로명일련번호코드><도로명지상지하코드>0</도로명지상지하코드><도로명코드>3114007</도로명코드><법정동> 목동</법정동><법정동본번코드>0956</법정동본번코드><법정동부번코드>0000</법정동부번코드><법정동시군구코드>11470</법정동시군구코드><법정동읍면동코드>10200</법정동읍면동코드><법정동지번코드>1</법정동지번코드><아파트>롯데캐슬위너</아파트><월>9</월><일>28</일><일련번호>11470-206</일련번호><전용면적>59.98</전용면적><중개사소재지>경기 고양덕양구, 서울 양천구</중개사소재지><지번>956</지번><지역코드>11470</지역코드><층>10</층><해제사유발생일> </해제사유발생일><해제여부> </해제여부></item><item><거래금액>   114,000</거래금액><거래유형>중개거래</거래유형><건축년도>1997</건축년도><년>2022</년><도로명>목동동로12길</도로명><도로명건물본번호코드>00045</도로명건물본번호코드><도로명건물부번호코드>00000</도로명건물부번호코드><도로명시군구코드>11470</도로명시군구코드><도로명일련번호코드>00</도로명일련번호코드><도로명코드>4142097</도로명코드><법정동> 목동</법정동><법정동본번코드>0933</법정동본번코드><법정동부번코드>0000</법정동부번코드><법정동시군구코드>11470</법정동시군구코드><법정동읍면동코드>10200</법정동읍면동코드><법정동지번코드>1</법정동지번코드><아파트>삼익</아파트><월>9</월><일>29</일><일련번호>11470-33</일련번호><전용면적>84.88</전용면적><중개사소재지>서울 양천구</중개사소재지><지번>933</지번><지역코드>11470</지역코드><층>9</층><해제사유발생일> </해제사유발생일><해제여부> </해제여부></item><item><거래금액>    50,000</거래금액><거래유형>중개거래</거래유형><건축년도>2004</건축년도><년>2022</년><도로명>월정로8길</도로명><도로명건물본번호코드>00008</도로명건물본번호코드><도로명건물부번호코드>00000</도로명건물부번호코드><도로명시군구코드>11470</도로명시군구코드><도로명일련번호코드>01</도로명일련번호코드><도로명지상지하코드>0</도로명지상지하코드><도로명코드>4142332</도로명코드><법정동> 신월동</법정동><법정동본번코드>1030</법정동본번코드><법정동부번코드>0000</법정동부번코드><법정동시군구코드>11470</법정동시군구코드><법정동읍면동코드>10300</법정동읍면동코드><법정동지번코드>1</법정동지번코드><아파트>방주기픈샘</아파트><월>9</월><일>2</일><일련번호>11470-333</일련번호><전용면적>80.395</전용면적><중개사소재지>서울 양천구</중개사소재지><지번>1030</지번><지역코드>11470</지역코드><층>10</층><해제사유발생일> </해제사유발생일><해제여부> </해제여부></item><item><거래금액>    47,800</거래금액><거래유형>중개거래</거래유형><건축년도>2001</건축년도><년>2022</년><도로명>월정로</도로명><도로명건물본번호코드>00050</도로명건물본번호코드><도로명건물부번호코드>00000</도로명건물부번호코드><도로명시군구코드>11470</도로명시군구코드><도로명일련번호코드>01</도로명일련번호코드><도로명지상지하코드>0</도로명지상지하코드><도로명코드>3005067</도로명코드><법정동> 신월동</법정동><법정동본번코드>0446</법정동본번코드><법정동부번코드>0002</법정동부번코드><법정동시군구코드>11470</법정동시군구코드><법정동읍면동코드>10300</법정동읍면동코드><법정동지번코드>1</법정동지번코드><아파트>청솔</아파트><월>9</월><일>4</일><일련번호>11470-95</일련번호><전용면적>78.63</전용면적><중개사소재지>서울 양천구</중개사소재지><지번>446-2</지번><지역코드>11470</지역코드><층>6</층><해제사유발생일> </해제사유발생일><해제여부> </해제여부></item><item><거래금액>    60,000</거래금액><거래유형>중개거래</거래유형><건축년도>1988</건축년도><년>2022</년><도로명>신월로</도로명><도로명건물본번호코드>00099</도로명건물본번호코드><도로명건물부번호코드>00000</도로명건물부번호코드><도로명시군구코드>11470</도로명시군구코드><도로명일련번호코드>02</도로명일련번호코드><도로명지상지하코드>0</도로명지상지하코드><도로명코드>3114010</도로명코드><법정동> 신월동</법정동><법정동본번코드>0987</법정동본번코드><법정동부번코드>0001</법정동부번코드><법정동시군구코드>11470</법정동시군구코드><법정동읍면동코드>10300</법정동읍면동코드><법정동지번코드>1</법정동지번코드><아파트>신월시영</아파트><월>9</월><일>5</일><일련번호>11470-83</일련번호><전용면적>59.49</전용면적><중개사소재지>서울 양천구</중개사소재지><지번>987-1</지번><지역코드>11470</지역코드><층>2</층><해제사유발생일> </해제사유발생일><해제여부> </해제여부></item><item><거래금액>    36,000</거래금액><거래유형>직거래</거래유형><건축년도>2015</건축년도><년>2022</년><도로명>오목로</도로명><도로명건물본번호코드>00020</도로명건물본번호코드><도로명건물부번호코드>00000</도로명건물부번호코드><도로명시군구코드>11470</도로명시군구코드><도로명일련번호코드>03</도로명일련번호코드><도로명지상지하코드>0</도로명지상지하코드><도로명코드>3114014</도로명코드><법정동> 신월동</법정동><법정동본번코드>0520</법정동본번코드><법정동부번코드>0008</법정동부번코드><법정동시군구코드>11470</법정동시군구코드><법정동읍면동코드>10300</법정동읍면동코드><법정동지번코드>1</법정동지번코드><아파트>태산</아파트><월>9</월><일>5</일><일련번호>11470-5095</일련번호><전용면적>51.64</전용면적><중개사소재지> </중개사소재지><지번>520-8</지번><지역코드>11470</지역코드><층>5</층><해제사유발생일> </해제사유발생일><해제여부> </해제여부></item><item><거래금액>    23,000</거래금액><거래유형>직거래</거래유형><건축년도>2003</건축년도><년>2022</년><도로명>신월로9길</도로명><도로명건물본번호코드>00020</도로명건물본번호코드><도로명건물부번호코드>00000</도로명건물부번호코드><도로명시군구코드>11470</도로명시군구코드><도로명일련번호코드>01</도로명일련번호코드><도로명지상지하코드>0</도로명지상지하코드><도로명코드>4142255</도로명코드><법정동> 신월동</법정동><법정동본번코드>0541</법정동본번코드><법정동부번코드>0001</법정동부번코드><법정동시군구코드>11470</법정동시군구코드><법정동읍면동코드>10300</법정동읍면동코드><법정동지번코드>1</법정동지번코드><아파트>오투힐</아파트><월>9</월><일>6</일><일련번호>11470-312</일련번호><전용면적>64.02</전용면적><중개사소재지> </중개사소재지><지번>541-1</지번><지역코드>11470</지역코드><층>3</층><해제사유발생일> </해제사유발생일><해제여부> </해제여부></item><item><거래금액>    89,000</거래금액><거래유형>중개거래</거래유형><건축년도>2020</건축년도><년>2022</년><도로명>남부순환로83길</도로명><도로명건물본번호코드>00017</도로명건물본번호코드><도로명건물부번호코드>00000</도로명건물부번호코드><도로명시군구코드>11470</도로명시군구코드><도로명일련번호코드>01</도로명일련번호코드><도로명코드>4142070</도로명코드><법정동> 신월동</법정동><법정동본번코드>1075</법정동본번코드><법정동부번코드>0000</법정동부번코드><법정동시군구코드>11470</법정동시군구코드><법정동읍면동코드>10300</법정동읍면동코드><법정동지번코드>1</법정동지번코드><아파트>목동센트럴아이파크위브1단지</아파트><월>9</월><일>16</일><일련번호>11470-5627</일련번호><전용면적>59.68</전용면적><중개사소재지>서울 양천구</중개사소재지><지번>1075</지번><지역코드>11470</지역코드><층>2</층><해제사유발생일> </해제사유발생일><해제여부> </해제여부></item><item><거래금액>    45,500</거래금액><거래유형>중개거래</거래유형><건축년도>2002</건축년도><년>2022</년><도로명>오목로7길</도로명><도로명건물본번호코드>00035</도로명건물본번호코드><도로명건물부번호코드>00000</도로명건물부번호코드><도로명시군구코드>11470</도로명시군구코드><도로명일련번호코드>01</도로명일련번호코드><도로명지상지하코드>0</도로명지상지하코드><도로명코드>4142309</도로명코드><법정동> 신월동</법정동><법정동본번코드>0426</법정동본번코드><법정동부번코드>0003</법정동부번코드><법정동시군구코드>11470</법정동시군구코드><법정동읍면동코드>10300</법정동읍면동코드><법정동지번코드>1</법정동지번코드><아파트>방주아크빌</아파트><월>9</월><일>19</일><일련번호>11470-114</일련번호><전용면적>64.363</전용면적><중개사소재지>서울 양천구</중개사소재지><지번>426-3</지번><지역코드>11470</지역코드><층>3</층><해제사유발생일> </해제사유발생일><해제여부> </해제여부></item><item><거래금액>   104,800</거래금액><거래유형>중개거래</거래유형><건축년도>2020</건축년도><년>2022</년><도로명>남부순환로83길</도로명><도로명건물본번호코드>00018</도로명건물본번호코드><도로명건물부번호코드>00000</도로명건물부번호코드><도로명시군구코드>11470</도로명시군구코드><도로명일련번호코드>01</도로명일련번호코드><도로명코드>4142070</도로명코드><법정동> 신월동</법정동><법정동본번코드>1076</법정동본번코드><법정동부번코드>0000</법정동부번코드><법정동시군구코드>11470</법정동시군구코드><법정동읍면동코드>10300</법정동읍면동코드><법정동지번코드>1</법정동지번코드><아파트>목동센트럴아이파크위브2단지</아파트><월>9</월><일>26</일><일련번호>11470-5628</일련번호><전용면적>84.97</전용면적><중개사소재지>서울 양천구</중개사소재지><지번>1076</지번><지역코드>11470</지역코드><층>17</층><해제사유발생일> </해제사유발생일><해제여부> </해제여부></item><item><거래금액>    93,000</거래금액><거래유형>중개거래</거래유형><건축년도>2020</건축년도><년>2022</년><도로명>남부순환로83길</도로명><도로명건물본번호코드>00048</도로명건물본번호코드><도로명건물부번호코드>00000</도로명건물부번호코드><도로명시군구코드>11470</도로명시군구코드><도로명일련번호코드>01</도로명일련번호코드><도로명코드>4142070</도로명코드><법정동> 신월동</법정동><법정동본번코드>1077</법정동본번코드><법정동부번코드>0000</법정동부번코드><법정동시군구코드>11470</법정동시군구코드><법정동읍면동코드>10300</법정동읍면동코드><법정동지번코드>1</법정동지번코드><아파트>목동센트럴아이파크위브3단지</아파트><월>9</월><일>26</일><일련번호>11470-5629</일련번호><전용면적>84.98</전용면적><중개사소재지>서울 양천구</중개사소재지><지번>1077</지번><지역코드>11470</지역코드><층>6</층><해제사유발생일> </해제사유발생일><해제여부> </해제여부></item><item><거래금액>    59,000</거래금액><거래유형>중개거래</거래유형><건축년도>2009</건축년도><년>2022</년><도로명>남부순환로56길</도로명><도로명건물본번호코드>00009</도로명건물본번호코드><도로명건물부번호코드>00000</도로명건물부번호코드><도로명시군구코드>11470</도로명시군구코드><도로명일련번호코드>01</도로명일련번호코드><도로명지상지하코드>0</도로명지상지하코드><도로명코드>4142047</도로명코드><법정동> 신월동</법정동><법정동본번코드>0197</법정동본번코드><법정동부번코드>0002</법정동부번코드><법정동시군구코드>11470</법정동시군구코드><법정동읍면동코드>10300</법정동읍면동코드><법정동지번코드>1</법정동지번코드><아파트>코아루1단지</아파트><월>9</월><일>27</일><일련번호>11470-4382</일련번호><전용면적>84.95</전용면적><중개사소재지>서울 강서구</중개사소재지><지번>197-2</지번><지역코드>11470</지역코드><층>6</층><해제사유발생일> </해제사유발생일><해제여부> </해제여부></item><item><거래금액>    50,000</거래금액><거래유형>직거래</거래유형><건축년도>2003</건축년도><년>2022</년><도로명>신월로9길</도로명><도로명건물본번호코드>00037</도로명건물본번호코드><도로명건물부번호코드>00000</도로명건물부번호코드><도로명시군구코드>11470</도로명시군구코드><도로명일련번호코드>01</도로명일련번호코드><도로명지상지하코드>0</도로명지상지하코드><도로명코드>4142255</도로명코드><법정동> 신월동</법정동><법정동본번코드>1017</법정동본번코드><법정동부번코드>0000</법정동부번코드><법정동시군구코드>11470</법정동시군구코드><법정동읍면동코드>10300</법정동읍면동코드><법정동지번코드>1</법정동지번코드><아파트>대방샤인힐</아파트><월>9</월><일>28</일><일련번호>11470-201</일련번호><전용면적>59.648</전용면적><중개사소재지> </중개사소재지><지번>1017</지번><지역코드>11470</지역코드><층>1</층><해제사유발생일> </해제사유발생일><해제여부> </해제여부></item></items><numOfRows>999</numOfRows><pageNo>1</pageNo><totalCount>31</totalCount></body></response>