<?xml version="1.0" encoding="UTF-8" standalone="yes"?><response><header><resultCode>00</resultCode><resultMsg>NORMAL SERVICE.</resultMsg></header><body><items><item><거래금액>    63,500</거래금액><거래유형>중개거래</거래유형><건축년도>2011</건축년도><년>2022</년><도로명>신정이펜1로</도로명><도로명건물본번호코드>00051</도로명건물본번호코드><도로명건물부번호코드>00000</도로명건물부번호코드><도로명시군구코드>11470</도로명시군구코드><도로명일련번호코드>01</도로명일련번호코드><도로명지상지하코드>0</도로명지상지하코드><도로명코드>3114017</도로명코드><법정동> 신정동</법정동><법정동본번코드>1317</법정동본번코드><법정동부번코드>0000</법정동부번코드><법정동시군구코드>11470</법정동시군구코드><법정동읍면동코드>10100</법정동읍면동코드><법정동지번코드>1</법정동지번코드><아파트>이펜하우스4단지</아파트><월>10</월><일>7</일><일련번호>11470-4601</일련번호><전용면적>59.93</전용면적><중개사소재지>서울 강서구, 서울 양천구</중개사소재지><지번>1317</지번><지역코드>11470</지역코드><층>4</층><해제사유발생일> </해제사유발생일><해제여부> </해제여부></item><item><거래금액>   160,000</거래금액><거래유형>중개거래</거래유형><건축년도>1987</건축년도><년>2022</년><도로명>목동동로</도로명><도로명건물본번호코드>00130</도로명건물본번호코드><도로명건물부번호코드>00000</도로명건물부번호코드><도로명시군구코드>11470</도로명시군구코드><도로명일련번호코드>01</도로명일련번호코드><도로명지상지하코드>0</도로명지상지하코드><도로명코드>3114001</도로명코드><법정동> 신정동</법정동><법정동본번코드>0329</법정동본번코드><법정동부번코드>0000</법정동부번코드><법정동시군구코드>11470</법정동시군구코드><법정동읍면동코드>10100</법정동읍면동코드><법정동지번코드>1</법정동지번코드><아파트>목동신시가지14</아파트><월>10</월><일>15</일><일련번호>11470-123</일련번호><전용면적>108.28</전용면적><중개사소재지>서울 양천구</중개사소재지><지번>329</지번><지역코드>11470</지역코드><층>14</층><해제사유발생일> </해제사유발생일><해제여부> </해제여부></item><item><거래금액>    12,400</거래금액><거래유형>중개거래</거래유형><건축년도>2017</건축년도><년>2022</년><도로명>중앙로</도로명><도로명건물본번호코드>00286</도로명건물본번호코드><도로명건물부번호코드>00000</도로명건물부번호코드><도로명시군구코드>11470</도로명시군구코드><도로명일련번호코드>00</도로명일련번호코드><도로명지상지하코드>0</도로명지상지하코드><도로명코드>3005068</도로명코드><법정동> 신정동</법정동><법정동본번코드>0972</법정동본번코드><법정동부번코드>0002</법정동부번코드><법정동시군구코드>11470</법정동시군구코드><법정동읍면동코드>10100</법정동읍면동코드><법정동지번코드>1</법정동지번코드><아파트>목동경동미르웰</아파트><월>10</월><일>15</일><일련번호>11470-5380</일련번호><전용면적>14.02</전용면적><중개사소재지>서울 양천구</중개사소재지><지번>972-2</지번><지역코드>11470</지역코드><층>13</층><해제사유발생일> </해제사유발생일><해제여부> </해제여부></item><item><거래금액>   109,000</거래금액><거래유형>중개거래</거래유형><건축년도>1987</건축년도><년>2022</년><도로명>목동서로</도로명><도로명건물본번호코드>00400</도로명건물본번호코드><도로명건물부번호코드>00000</도로명건물부번호코드><도로명시군구코드>11470</도로명시군구코드><도로명일련번호코드>01</도로명일련번호코드><도로명지상지하코드>0</도로명지상지하코드><도로명코드>3114003</도로명코드><법정동> 신정동</법정동><법정동본번코드>0311</법정동본번코드><법정동부번코드>0000</법정동부번코드><법정동시군구코드>11470</법정동시군구코드><법정동읍면동코드>10100</법정동읍면동코드><법정동지번코드>1</법정동지번코드><아파트>목동신시가지10</아파트><월>10</월><일>16</일><일련번호>11470-119</일련번호><전용면적>53.82</전용면적><중개사소재지>서울 양천구</중개사소재지><지번>311</지번><지역코드>11470</지역코드><층>12</층><해제사유발생일> </해제사유발생일><해제여부> </해제여부></item><item><거래금액>   134,000</거래금액><거래유형>중개거래</거래유형><건축년도>1987</건축년도><년>2022</년><도로명>목동서로</도로명><도로명건물본번호코드>00340</도로명건물본번호코드><도로명건물부번호코드>00000</도로명건물부번호코드><도로명시군구코드>11470</도로명시군구코드><도로명일련번호코드>01</도로명일련번호코드><도로명지상지하코드>0</도로명지상지하코드><도로명코드>3114003</도로명코드><법정동> 신정동</법정동><법정동본번코드>0312</법정동본번코드><법정동부번코드>0000</법정동부번코드><법정동시군구코드>11470</법정동시군구코드><법정동읍면동코드>10100</법정동읍면동코드><법정동지번코드>1</법정동지번코드><아파트>목동신시가지9</아파트><월>10</월><일>18</일><일련번호>11470-125</일련번호><전용면적>71.37</전용면적><중개사소재지>서울 양천구</중개사소재지><지번>312</지번><지역코드>11470</지역코드><층>9</층><해제사유발생일> </해제사유발생일><해제여부> </해제여부></item><item><거래금액>   105,500</거래금액><거래유형>중개거래</거래유형><건축년도>2000</건축년도><년>2022</년><도로명>목동남로4길</도로명><도로명건물본번호코드>00006</도로명건물본번호코드><도로명건물부번호코드>00023</도로명건물부번호코드><도로명시군구코드>11470</도로명시군구코드><도로명일련번호코드>01</도로명일련번호코드><도로명지상지하코드>0</도로명지상지하코드><도로명코드>4142095</도로명코드><법정동> 신정동</법정동><법정동본번코드>0337</법정동본번코드><법정동부번코드>0000</법정동부번코드><법정동시군구코드>11470</법정동시군구코드><법정동읍면동코드>10100</법정동읍면동코드><법정동지번코드>1</법정동지번코드><아파트>목동우성2</아파트><월>10</월><일>19</일><일련번호>11470-126</일련번호><전용면적>113.91</전용면적><중개사소재지>서울 양천구</중개사소재지><지번>337</지번><지역코드>11470</지역코드><층>6</층><해제사유발생일> </해제사유발생일><해제여부> </해제여부></item><item><거래금액>   139,500</거래금액><거래유형>중개거래</거래유형><건축년도>1987</건축년도><년>2022</년><도로명>목동서로</도로명><도로명건물본번호코드>00340</도로명건물본번호코드><도로명건물부번호코드>00000</도로명건물부번호코드><도로명시군구코드>11470</도로명시군구코드><도로명일련번호코드>01</도로명일련번호코드><도로명지상지하코드>0</도로명지상지하코드><도로명코드>3114003</도로명코드><법정동> 신정동</법정동><법정동본번코드>0312</법정동본번코드><법정동부번코드>0000</법정동부번코드><법정동시군구코드>11470</법정동시군구코드><법정동읍면동코드>10100</법정동읍면동코드><법정동지번코드>1</법정동지번코드><아파트>목동신시가지9</아파트><월>10</월><일>28</일><일련번호>11470-125</일련번호><전용면적>71.37</전용면적><중개사소재지>서울 양천구</중개사소재지><지번>312</지번><지역코드>11470</지역코드><층>8</층><해제사유발생일> </해제사유발생일><해제여부> </해제여부></item><item><거래금액>   103,000</거래금액><거래유형>중개거래</거래유형><건축년도>2004</건축년도><년>2022</년><도로명>목동중앙서로</도로명><도로명건물본번호코드>00037</도로명건물본번호코드><도로명건물부번호코드>00000</도로명건물부번호코드><도로명시군구코드>11470</도로명시군구코드><도로명일련번호코드>01</도로명일련번호코드><도로명지상지하코드>0</도로명지상지하코드><도로명코드>3114008</도로명코드><법정동> 목동</법정동><법정동본번코드>0951</법정동본번코드><법정동부번코드>0000</법정동부번코드><법정동시군구코드>11470</법정동시군구코드><법정동읍면동코드>10200</법정동읍면동코드><법정동지번코드>1</법정동지번코드><아파트>금호어울림</아파트><월>10</월><일>7</일><일련번호>11470-271</일련번호><전용면적>84.93</전용면적><중개사소재지>서울 양천구</중개사소재지><지번>951</지번><지역코드>11470</지역코드><층>3</층><해제사유발생일> </해제사유발생일><해제여부> </해제여부></item><item><거래금액>   140,000</거래금액><거래유형>중개거래</거래유형><건축년도>2000</건축년도><년>2022</년><도로명>목동동로</도로명><도로명건물본번호코드>00339</도로명건물본번호코드><도로명건물부번호코드>00000</도로명건물부번호코드><도로명시군구코드>11470</도로명시군구코드><도로명일련번호코드>02</도로명일련번호코드><도로명지상지하코드>0</도로명지상지하코드><도로명코드>3114001</도로명코드><법정동> 목동</법정동><법정동본번코드>0905</법정동본번코드><법정동부번코드>0022</법정동부번코드><법정동시군구코드>11470</법정동시군구코드><법정동읍면동코드>10200</법정동읍면동코드><법정동지번코드>1</법정동지번코드><아파트>목동트윈빌</아파트><월>10</월><일>11</일><일련번호>11470-24</일련번호><전용면적>112.73</전용면적><중개사소재지>서울 양천구</중개사소재지><지번>905-22</지번><지역코드>11470</지역코드><층>26</층><해제사유발생일> </해제사유발생일><해제여부> </해제여부></item><item><거래금액>    45,000</거래금액><거래유형>직거래</거래유형><건축년도>2019</건축년도><년>2022</년><도로명>목동중앙북로</도로명><도로명건물본번호코드>00068</도로명건물본번호코드><도로명건물부번호코드>00000</도로명건물부번호코드><도로명시군구코드>11470</도로명시군구코드><도로명일련번호코드>00</도로명일련번호코드><도로명지상지하코드>0</도로명지상지하코드><도로명코드>3114007</도로명코드><법정동> 목동</법정동><법정동본번코드>0966</법정동본번코드><법정동부번코드>0000</법정동부번코드><법정동시군구코드>11470</법정동시군구코드><법정동읍면동코드>10200</법정동읍면동코드><법정동지번코드>1</법정동지번코드><아파트>목동에버하임</아파트><월>10</월><일>20</일><일련번호>11470-5595</일련번호><전용면적>41.06</전용면적><중개사소재지> </중개사소재지><지번>966</지번><지역코드>11470</지역코드><층>3</층><해제사유발생일> </해제사유발생일><해제여부> </해제여부></item><item><거래금액>    90,000</거래금액><거래유형>중개거래</거래유형><건축년도>2002</건축년도><년>2022</년><도로명>목동중앙본로</도로명><도로명건물본번호코드>00015</도로명건물본번호코드><도로명건물부번호코드>00000</도로명건물부번호코드><도로명시군구코드>11470</도로명시군구코드><도로명일련번호코드>01</도로명일련번호코드><도로명지상지하코드>0</도로명지상지하코드><도로명코드>3114006</도로명코드><법정동> 목동</법정동><법정동본번코드>0753</법정동본번코드><법정동부번코드>0001</법정동부번코드><법정동시군구코드>11470</법정동시군구코드><법정동읍면동코드>10200</법정동읍면동코드><법정동지번코드>1</법정동지번코드><아파트>금강에스쁘아</아파트><월>10</월><일>29</일><일련번호>11470-58</일련번호><전용면적>82.615</전용면적><중개사소재지>서울 양천구, 서울 은평구</중개사소재지><지번>753-1</지번><지역코드>11470</지역코드><층>7</층><해제사유발생일> </해제사유발생일><해제여부> </해제여부></item><item><거래금액>    97,000</거래금액><거래유형>중개거래</거래유형><건축년도>2020</건축년도><년>2022</년><도로명>남부순환로83길</도로명><도로명건물본번호코드>00047</도로명건물본번호코드><도로명건물부번호코드>00000</도로명건물부번호코드><도로명시군구코드>11470</도로명시군구코드><도로명일련번호코드>01</도로명일련번호코드><도로명코드>4142070</도로명코드><법정동> 신월동</법정동><법정동본번코드>1078</법정동본번코드><법정동부번코드>0000</법정동부번코드><법정동시군구코드>11470</법정동시군구코드><법정동읍면동코드>10300</법정동읍면동코드><법정동지번코드>1</법정동지번코드><아파트>목동센트럴아이파크위브4단지</아파트><월>10</월><일>6</일><일련번호>11470-5630</일련번호><전용면적>84.98</전용면적><중개사소재지>서울 양천구</중개사소재지><지번>1078</지번><지역코드>11470</지역코드><층>11</층><해제사유발생일> </해제사유발생일><해제여부> </해제여부></item><item><거래금액>    50,000</거래금액><거래유형>직거래</거래유형><건축년도>2010</건축년도><년>2022</년><도로명>오목로5길</도로명><도로명건물본번호코드>00019</도로명건물본번호코드><도로명건물부번호코드>00000</도로명건물부번호코드><도로명시군구코드>11470</도로명시군구코드><도로명일련번호코드>01</도로명일련번호코드><도로명지상지하코드>0</도로명지상지하코드><도로명코드>4142308</도로명코드><법정동> 신월동</법정동><법정동본번코드>1057</법정동본번코드><법정동부번코드>0000</법정동부번코드><법정동시군구코드>11470</법정동시군구코드><법정동읍면동코드>10300</법정동읍면동코드><법정동지번코드>1</법정동지번코드><아파트>롯데캐슬(1057-0)</아파트><월>10</월><일>11</일><일련번호>11470-4500</일련번호><전용면적>59.88</전용면적><중개사소재지> </중개사소재지><지번>1057</지번><지역코드>11470</지역코드><층>7</층><해제사유발생일> </해제사유발생일><해제여부> </해제여부></item><item><거래금액>    92,000</거래금액><거래유형>중개거래</거래유형><건축년도>2020</건축년도><년>2022</년><도로명>남부순환로83길</도로명><도로명건물본번호코드>00048</도로명건물본번호코드><도로명건물부번호코드>00000</도로명건물부번호코드><도로명시군구코드>11470</도로명시군구코드><도로명일련번호코드>01</도로명일련번호코드><도로명코드>4142070</도로명코드><법정동> 신월동</법정동><법정동본번코드>1077</법정동본번코드><법정동부번코드>0000</법정동부번코드><법정동시군구코드>11470</법정동시군구코드><법정동읍면동코드>10300</법정동읍면동코드><법정동지번코드>1</법정동지번코드><아파트>목동센트럴아이파크위브3단지</아파트><월>10</월><일>23</일><일련번호>11470-5629</일련번호><전용면적>84.98</전용면적><중개사소재지>서울 양천구</중개사소재지><지번>1077</지번><지역코드>11470</지역코드><층>13</층><해제사유발생일> </해제사유발생일><해제여부> </해제여부></item><item><거래금액>    49,000</거래금액><거래유형>중개거래</거래유형><건축년도>1988</건축년도><년>2022</년><도로명>신월로</도로명><도로명건물본번호코드>00099</도로명건물본번호코드><도로명건물부번호코드>00000</도로명건물부번호코드><도로명시군구코드>11470</도로명시군구코드><도로명일련번호코드>02</도로명일련번호코드><도로명지상지하코드>0</도로명지상지하코드><도로명코드>3114010</도로명코드><법정동> 신월동</법정동><법정동본번코드>0987</법정동본번코드><법정동부번코드>0001</법정동부번코드><법정동시군구코드>11470</법정동시군구코드><법정동읍면동코드>10300</법정동읍면동코드><법정동지번코드>1</법정동지번코드><아파트>신월시영</아파트><월>10</월><일>28</일><일련번호>11470-83</일련번호><전용면적>43.2</전용면적><중개사소재지>서울 양천구</중개사소재지><지번>987-1</지번><지역코드>11470</지역코드><층>12</층><해제사유발생일> </해제사유발생일><해제여부> </해제여부></item><item><거래금액>    35,000</거래금액><거래유형>중개거래</거래유형><건축년도>2002</건축년도><년>2022</년><도로명>오목로7길</도로명><도로명건물본번호코드>00035</도로명건물본번호코드><도로명건물부번호코드>00000</도로명건물부번호코드><도로명시군구코드>11470</도로명시군구코드><도로명일련번호코드>01</도로명일련번호코드><도로명지상지하코드>0</도로명지상지하코드><도로명코드>4142309</도로명코드><법정동> 신월동</법정동><법정동본번코드>0426</법정동본번코드><법정동부번코드>0003</법정동부번코드><법정동시군구코드>11470</법정동시군구코드><법정동읍면동코드>10300</법정동읍면동코드><법정동지번코드>1</법정동지번코드><아파트>방주아크빌</아파트><월>10</월><일>29</일><일련번호>11470-114</일련번호><전용면적>64.363</전용면적><중개사소재지>서울 양천구</중개사소재지><지번>426-3</지번><지역코드>11470</지역코드><층>4</층><해제사유발생일> </해제사유발생일><해제여부> </해제여부></item></items><numOfRows>999</numOfRows><pageNo>1</pageNo><totalCount>16</totalCount></body></response>