<?xml version="1.0" encoding="UTF-8" standalone="yes"?><response><header><resultCode>00</resultCode><resultMsg>NORMAL SERVICE.</resultMsg></header><body><items><item><거래금액>    21,500</거래금액><거래유형>중개거래</거래유형><건축년도>2020</건축년도><년>2022</년><도로명>경인로</도로명><도로명건물본번호코드>00900</도로명건물본번호코드><도로명건물부번호코드>00000</도로명건물부번호코드><도로명시군구코드>11560</도로명시군구코드><도로명일련번호코드>00</도로명일련번호코드><도로명코드>3000028</도로명코드><법정동> 영등포동1가</법정동><법정동본번코드>0094</법정동본번코드><법정동부번코드>0002</법정동부번코드><법정동시군구코드>11560</법정동시군구코드><법정동읍면동코드>10200</법정동읍면동코드><법정동지번코드>1</법정동지번코드><아파트>여의도더리브스타일</아파트><월>11</월><일>4</일><일련번호>11560-2153</일련번호><전용면적>14.8376</전용면적><중개사소재지>인천 서구</중개사소재지><지번>94-2</지번><지역코드>11560</지역코드><층>3</층><해제사유발생일> </해제사유발생일><해제여부> </해제여부></item><item><거래금액>    12,000</거래금액><거래유형>중개거래</거래유형><건축년도>2011</건축년도><년>2022</년><도로명>경인로114가길</도로명><도로명건물본번호코드>00014</도로명건물본번호코드><도로명건물부번호코드>00000</도로명건물부번호코드><도로명시군구코드>11560</도로명시군구코드><도로명일련번호코드>01</도로명일련번호코드><도로명지상지하코드>0</도로명지상지하코드><도로명코드>4154043</도로명코드><법정동> 영등포동1가</법정동><법정동본번코드>0144</법정동본번코드><법정동부번코드>0000</법정동부번코드><법정동시군구코드>11560</법정동시군구코드><법정동읍면동코드>10200</법정동읍면동코드><법정동지번코드>1</법정동지번코드><아파트>헤렌어반</아파트><월>11</월><일>11</일><일련번호>11560-1518</일련번호><전용면적>13.331</전용면적><중개사소재지>서울 영등포구</중개사소재지><지번>144</지번><지역코드>11560</지역코드><층>2</층><해제사유발생일> </해제사유발생일><해제여부> </해제여부></item><item><거래금액>    12,400</거래금액><거래유형>중개거래</거래유형><건축년도>2012</건축년도><년>2022</년><도로명>경인로114길</도로명><도로명건물본번호코드>00062</도로명건물본번호코드><도로명건물부번호코드>00000</도로명건물부번호코드><도로명시군구코드>11560</도로명시군구코드><도로명일련번호코드>01</도로명일련번호코드><도로명지상지하코드>0</도로명지상지하코드><도로명코드>4154044</도로명코드><법정동> 영등포동1가</법정동><법정동본번코드>0145</법정동본번코드><법정동부번코드>0000</법정동부번코드><법정동시군구코드>11560</법정동시군구코드><법정동읍면동코드>10200</법정동읍면동코드><법정동지번코드>1</법정동지번코드><아파트>내이처해밀</아파트><월>11</월><일>12</일><일련번호>11560-1549</일련번호><전용면적>14.24</전용면적><중개사소재지>서울 영등포구</중개사소재지><지번>145</지번><지역코드>11560</지역코드><층>10</층><해제사유발생일> </해제사유발생일><해제여부> </해제여부></item><item><거래금액>    13,000</거래금액><거래유형>중개거래</거래유형><건축년도>2012</건축년도><년>2022</년><도로명>경인로114길</도로명><도로명건물본번호코드>00062</도로명건물본번호코드><도로명건물부번호코드>00000</도로명건물부번호코드><도로명시군구코드>11560</도로명시군구코드><도로명일련번호코드>01</도로명일련번호코드><도로명지상지하코드>0</도로명지상지하코드><도로명코드>4154044</도로명코드><법정동> 영등포동1가</법정동><법정동본번코드>0145</법정동본번코드><법정동부번코드>0000</법정동부번코드><법정동시군구코드>11560</법정동시군구코드><법정동읍면동코드>10200</법정동읍면동코드><법정동지번코드>1</법정동지번코드><아파트>내이처해밀</아파트><월>11</월><일>17</일><일련번호>11560-1549</일련번호><전용면적>14.24</전용면적><중개사소재지>서울 영등포구</중개사소재지><지번>145</지번><지역코드>11560</지역코드><층>12</층><해제사유발생일> </해제사유발생일><해제여부> </해제여부></item><item><거래금액>    12,000</거래금액><거래유형>중개거래</거래유형><건축년도>2011</건축년도><년>2022</년><도로명>경인로114가길</도로명><도로명건물본번호코드>00014</도로명건물본번호코드><도로명건물부번호코드>00000</도로명건물부번호코드><도로명시군구코드>11560</도로명시군구코드><도로명일련번호코드>01</도로명일련번호코드><도로명지상지하코드>0</도로명지상지하코드><도로명코드>4154043</도로명코드><법정동> 영등포동1가</법정동><법정동본번코드>0144</법정동본번코드><법정동부번코드>0000</법정동부번코드><법정동시군구코드>11560</법정동시군구코드><법정동읍면동코드>10200</법정동읍면동코드><법정동지번코드>1</법정동지번코드><아파트>헤렌어반</아파트><월>11</월><일>25</일><일련번호>11560-1518</일련번호><전용면적>16.505</전용면적><중개사소재지>서울 영등포구</중개사소재지><지번>144</지번><지역코드>11560</지역코드><층>3</층><해제사유발생일> </해제사유발생일><해제여부> </해제여부></item><item><거래금액>    13,300</거래금액><거래유형>중개거래</거래유형><건축년도>2013</건축년도><년>2022</년><도로명>경인로</도로명><도로명건물본번호코드>00882</도로명건물본번호코드><도로명건물부번호코드>00000</도로명건물부번호코드><도로명시군구코드>11560</도로명시군구코드><도로명일련번호코드>02</도로명일련번호코드><도로명지상지하코드>0</도로명지상지하코드><도로명코드>3000028</도로명코드><법정동> 영등포동1가</법정동><법정동본번코드>0113</법정동본번코드><법정동부번코드>0001</법정동부번코드><법정동시군구코드>11560</법정동시군구코드><법정동읍면동코드>10200</법정동읍면동코드><법정동지번코드>1</법정동지번코드><아파트>여의도씨티아이</아파트><월>11</월><일>25</일><일련번호>11560-1637</일련번호><전용면적>12.59</전용면적><중개사소재지>서울 영등포구</중개사소재지><지번>113-1</지번><지역코드>11560</지역코드><층>13</층><해제사유발생일> </해제사유발생일><해제여부> </해제여부></item><item><거래금액>    12,390</거래금액><거래유형>중개거래</거래유형><건축년도>2012</건축년도><년>2022</년><도로명>경인로114길</도로명><도로명건물본번호코드>00062</도로명건물본번호코드><도로명건물부번호코드>00000</도로명건물부번호코드><도로명시군구코드>11560</도로명시군구코드><도로명일련번호코드>01</도로명일련번호코드><도로명지상지하코드>0</도로명지상지하코드><도로명코드>4154044</도로명코드><법정동> 영등포동1가</법정동><법정동본번코드>0145</법정동본번코드><법정동부번코드>0000</법정동부번코드><법정동시군구코드>11560</법정동시군구코드><법정동읍면동코드>10200</법정동읍면동코드><법정동지번코드>1</법정동지번코드><아파트>내이처해밀</아파트><월>11</월><일>28</일><일련번호>11560-1549</일련번호><전용면적>14.24</전용면적><중개사소재지>서울 영등포구</중개사소재지><지번>145</지번><지역코드>11560</지역코드><층>4</층><해제사유발생일> </해제사유발생일><해제여부> </해제여부></item><item><거래금액>   302,000</거래금액><거래유형>중개거래</거래유형><건축년도>2002</건축년도><년>2022</년><도로명>여의동로</도로명><도로명건물본번호코드>00143</도로명건물본번호코드><도로명건물부번호코드>00000</도로명건물부번호코드><도로명시군구코드>11560</도로명시군구코드><도로명일련번호코드>01</도로명일련번호코드><도로명지상지하코드>0</도로명지상지하코드><도로명코드>3118020</도로명코드><법정동> 여의도동</법정동><법정동본번코드>0055</법정동본번코드><법정동부번코드>0001</법정동부번코드><법정동시군구코드>11560</법정동시군구코드><법정동읍면동코드>11000</법정동읍면동코드><법정동지번코드>1</법정동지번코드><아파트>대우트럼프월드Ⅰ</아파트><월>11</월><일>9</일><일련번호>11560-28</일련번호><전용면적>178.5</전용면적><중개사소재지>서울 영등포구</중개사소재지><지번>55-1</지번><지역코드>11560</지역코드><층>28</층><해제사유발생일> </해제사유발생일><해제여부> </해제여부></item><item><거래금액>   290,000</거래금액><거래유형>중개거래</거래유형><건축년도>2005</건축년도><년>2022</년><도로명>의사당대로</도로명><도로명건물본번호코드>00127</도로명건물본번호코드><도로명건물부번호코드>00000</도로명건물부번호코드><도로명시군구코드>11560</도로명시군구코드><도로명일련번호코드>01</도로명일련번호코드><도로명지상지하코드>0</도로명지상지하코드><도로명코드>2118002</도로명코드><법정동> 여의도동</법정동><법정동본번코드>0036</법정동본번코드><법정동부번코드>0000</법정동부번코드><법정동시군구코드>11560</법정동시군구코드><법정동읍면동코드>11000</법정동읍면동코드><법정동지번코드>1</법정동지번코드><아파트>롯데캐슬엠파이어</아파트><월>11</월><일>28</일><일련번호>11560-168</일련번호><전용면적>182.62</전용면적><중개사소재지>서울 영등포구</중개사소재지><지번>36</지번><지역코드>11560</지역코드><층>39</층><해제사유발생일> </해제사유발생일><해제여부> </해제여부></item><item><거래금액>   100,500</거래금액><거래유형>중개거래</거래유형><건축년도>2009</건축년도><년>2022</년><도로명>양산로17길</도로명><도로명건물본번호코드>00022</도로명건물본번호코드><도로명건물부번호코드>00000</도로명건물부번호코드><도로명시군구코드>11560</도로명시군구코드><도로명일련번호코드>01</도로명일련번호코드><도로명지상지하코드>0</도로명지상지하코드><도로명코드>4154590</도로명코드><법정동> 당산동3가</법정동><법정동본번코드>0563</법정동본번코드><법정동부번코드>0000</법정동부번코드><법정동시군구코드>11560</법정동시군구코드><법정동읍면동코드>11300</법정동읍면동코드><법정동지번코드>1</법정동지번코드><아파트>당산어울림2차</아파트><월>11</월><일>10</일><일련번호>11560-1444</일련번호><전용면적>84.8711</전용면적><중개사소재지>서울 영등포구</중개사소재지><지번>563</지번><지역코드>11560</지역코드><층>7</층><해제사유발생일> </해제사유발생일><해제여부> </해제여부></item><item><거래금액>    61,000</거래금액><거래유형>중개거래</거래유형><건축년도>2014</건축년도><년>2022</년><도로명>양산로25길</도로명><도로명건물본번호코드>00016</도로명건물본번호코드><도로명건물부번호코드>00000</도로명건물부번호코드><도로명시군구코드>11560</도로명시군구코드><도로명일련번호코드>01</도로명일련번호코드><도로명지상지하코드>0</도로명지상지하코드><도로명코드>4154594</도로명코드><법정동> 당산동3가</법정동><법정동본번코드>0564</법정동본번코드><법정동부번코드>0000</법정동부번코드><법정동시군구코드>11560</법정동시군구코드><법정동읍면동코드>11300</법정동읍면동코드><법정동지번코드>1</법정동지번코드><아파트>당산계룡리슈빌1단지</아파트><월>11</월><일>19</일><일련번호>11560-1682</일련번호><전용면적>40.136</전용면적><중개사소재지>서울 영등포구</중개사소재지><지번>564</지번><지역코드>11560</지역코드><층>12</층><해제사유발생일> </해제사유발생일><해제여부> </해제여부></item><item><거래금액>   100,000</거래금액><거래유형>중개거래</거래유형><건축년도>2000</건축년도><년>2022</년><도로명>당산로42길</도로명><도로명건물본번호코드>00016</도로명건물본번호코드><도로명건물부번호코드>00000</도로명건물부번호코드><도로명시군구코드>11560</도로명시군구코드><도로명일련번호코드>01</도로명일련번호코드><도로명지상지하코드>0</도로명지상지하코드><도로명코드>4154121</도로명코드><법정동> 당산동4가</법정동><법정동본번코드>0030</법정동본번코드><법정동부번코드>0001</법정동부번코드><법정동시군구코드>11560</법정동시군구코드><법정동읍면동코드>11400</법정동읍면동코드><법정동지번코드>1</법정동지번코드><아파트>당산현대5차</아파트><월>11</월><일>25</일><일련번호>11560-40</일련번호><전용면적>84.69</전용면적><중개사소재지>서울 영등포구</중개사소재지><지번>30-1</지번><지역코드>11560</지역코드><층>5</층><해제사유발생일> </해제사유발생일><해제여부> </해제여부></item><item><거래금액>    89,000</거래금액><거래유형>중개거래</거래유형><건축년도>2002</건축년도><년>2022</년><도로명>버드나루로22길</도로명><도로명건물본번호코드>00007</도로명건물본번호코드><도로명건물부번호코드>00000</도로명건물부번호코드><도로명시군구코드>11560</도로명시군구코드><도로명일련번호코드>01</도로명일련번호코드><도로명지상지하코드>0</도로명지상지하코드><도로명코드>4154421</도로명코드><법정동> 당산동</법정동><법정동본번코드>0378</법정동본번코드><법정동부번코드>0000</법정동부번코드><법정동시군구코드>11560</법정동시군구코드><법정동읍면동코드>11700</법정동읍면동코드><법정동지번코드>1</법정동지번코드><아파트>드림리버빌</아파트><월>11</월><일>1</일><일련번호>11560-51</일련번호><전용면적>117.41</전용면적><중개사소재지>서울 영등포구</중개사소재지><지번>378</지번><지역코드>11560</지역코드><층>17</층><해제사유발생일> </해제사유발생일><해제여부> </해제여부></item><item><거래금액>    13,300</거래금액><거래유형>직거래</거래유형><건축년도>2015</건축년도><년>2022</년><도로명>버드나루로</도로명><도로명건물본번호코드>00097</도로명건물본번호코드><도로명건물부번호코드>00000</도로명건물부번호코드><도로명시군구코드>11560</도로명시군구코드><도로명일련번호코드>04</도로명일련번호코드><도로명지상지하코드>0</도로명지상지하코드><도로명코드>3118010</도로명코드><법정동> 당산동</법정동><법정동본번코드>0121</법정동본번코드><법정동부번코드>0130</법정동부번코드><법정동시군구코드>11560</법정동시군구코드><법정동읍면동코드>11700</법정동읍면동코드><법정동지번코드>1</법정동지번코드><아파트>리버뷰</아파트><월>11</월><일>8</일><일련번호>11560-1732</일련번호><전용면적>15.05</전용면적><중개사소재지> </중개사소재지><지번>121-130</지번><지역코드>11560</지역코드><층>13</층><해제사유발생일>22.11.08</해제사유발생일><해제여부>O</해제여부></item><item><거래금액>    13,300</거래금액><거래유형>직거래</거래유형><건축년도>2015</건축년도><년>2022</년><도로명>버드나루로</도로명><도로명건물본번호코드>00097</도로명건물본번호코드><도로명건물부번호코드>00000</도로명건물부번호코드><도로명시군구코드>11560</도로명시군구코드><도로명일련번호코드>04</도로명일련번호코드><도로명지상지하코드>0</도로명지상지하코드><도로명코드>3118010</도로명코드><법정동> 당산동</법정동><법정동본번코드>0121</법정동본번코드><법정동부번코드>0130</법정동부번코드><법정동시군구코드>11560</법정동시군구코드><법정동읍면동코드>11700</법정동읍면동코드><법정동지번코드>1</법정동지번코드><아파트>리버뷰</아파트><월>11</월><일>8</일><일련번호>11560-1732</일련번호><전용면적>15.05</전용면적><중개사소재지> </중개사소재지><지번>121-130</지번><지역코드>11560</지역코드><층>13</층><해제사유발생일> </해제사유발생일><해제여부> </해제여부></item><item><거래금액>    12,000</거래금액><거래유형>직거래</거래유형><건축년도>2015</건축년도><년>2022</년><도로명>버드나루로</도로명><도로명건물본번호코드>00097</도로명건물본번호코드><도로명건물부번호코드>00000</도로명건물부번호코드><도로명시군구코드>11560</도로명시군구코드><도로명일련번호코드>04</도로명일련번호코드><도로명지상지하코드>0</도로명지상지하코드><도로명코드>3118010</도로명코드><법정동> 당산동</법정동><법정동본번코드>0121</법정동본번코드><법정동부번코드>0130</법정동부번코드><법정동시군구코드>11560</법정동시군구코드><법정동읍면동코드>11700</법정동읍면동코드><법정동지번코드>1</법정동지번코드><아파트>리버뷰</아파트><월>11</월><일>10</일><일련번호>11560-1732</일련번호><전용면적>18.36</전용면적><중개사소재지> </중개사소재지><지번>121-130</지번><지역코드>11560</지역코드><층>8</층><해제사유발생일> </해제사유발생일><해제여부> </해제여부></item><item><거래금액>   109,000</거래금액><거래유형>중개거래</거래유형><건축년도>2003</건축년도><년>2022</년><도로명>문래로</도로명><도로명건물본번호코드>00082</도로명건물본번호코드><도로명건물부번호코드>00000</도로명건물부번호코드><도로명시군구코드>11560</도로명시군구코드><도로명일련번호코드>02</도로명일련번호코드><도로명지상지하코드>0</도로명지상지하코드><도로명코드>3118008</도로명코드><법정동> 문래동3가</법정동><법정동본번코드>0094</법정동본번코드><법정동부번코드>0000</법정동부번코드><법정동시군구코드>11560</법정동시군구코드><법정동읍면동코드>12100</법정동읍면동코드><법정동지번코드>1</법정동지번코드><아파트>문래힐스테이트</아파트><월>11</월><일>11</일><일련번호>11560-137</일련번호><전용면적>84.92</전용면적><중개사소재지>서울 영등포구</중개사소재지><지번>94</지번><지역코드>11560</지역코드><층>18</층><해제사유발생일> </해제사유발생일><해제여부> </해제여부></item><item><거래금액>    60,500</거래금액><거래유형>중개거래</거래유형><건축년도>2000</건축년도><년>2022</년><도로명>선유로</도로명><도로명건물본번호코드>00033</도로명건물본번호코드><도로명건물부번호코드>00000</도로명건물부번호코드><도로명시군구코드>11560</도로명시군구코드><도로명일련번호코드>04</도로명일련번호코드><도로명지상지하코드>0</도로명지상지하코드><도로명코드>3005074</도로명코드><법정동> 문래동5가</법정동><법정동본번코드>0001</법정동본번코드><법정동부번코드>0000</법정동부번코드><법정동시군구코드>11560</법정동시군구코드><법정동읍면동코드>12300</법정동읍면동코드><법정동지번코드>1</법정동지번코드><아파트>문래대림</아파트><월>11</월><일>23</일><일련번호>11560-65</일련번호><전용면적>59.96</전용면적><중개사소재지>서울 영등포구</중개사소재지><지번>1</지번><지역코드>11560</지역코드><층>17</층><해제사유발생일> </해제사유발생일><해제여부> </해제여부></item><item><거래금액>   123,700</거래금액><거래유형>중개거래</거래유형><건축년도>2015</건축년도><년>2022</년><도로명>가마산로</도로명><도로명건물본번호코드>00442</도로명건물본번호코드><도로명건물부번호코드>00000</도로명건물부번호코드><도로명시군구코드>11560</도로명시군구코드><도로명일련번호코드>01</도로명일련번호코드><도로명지상지하코드>0</도로명지상지하코드><도로명코드>3000023</도로명코드><법정동> 신길동</법정동><법정동본번코드>4945</법정동본번코드><법정동부번코드>0000</법정동부번코드><법정동시군구코드>11560</법정동시군구코드><법정동읍면동코드>13200</법정동읍면동코드><법정동지번코드>1</법정동지번코드><아파트>래미안영등포프레비뉴</아파트><월>11</월><일>4</일><일련번호>11560-1793</일련번호><전용면적>84.98</전용면적><중개사소재지>서울 영등포구</중개사소재지><지번>4945</지번><지역코드>11560</지역코드><층>14</층><해제사유발생일> </해제사유발생일><해제여부> </해제여부></item><item><거래금액>   115,000</거래금액><거래유형>중개거래</거래유형><건축년도>2017</건축년도><년>2022</년><도로명>신풍로</도로명><도로명건물본번호코드>00077</도로명건물본번호코드><도로명건물부번호코드>00000</도로명건물부번호코드><도로명시군구코드>11560</도로명시군구코드><도로명일련번호코드>00</도로명일련번호코드><도로명지상지하코드>0</도로명지상지하코드><도로명코드>3118015</도로명코드><법정동> 신길동</법정동><법정동본번코드>4950</법정동본번코드><법정동부번코드>0000</법정동부번코드><법정동시군구코드>11560</법정동시군구코드><법정동읍면동코드>13200</법정동읍면동코드><법정동지번코드>1</법정동지번코드><아파트>래미안에스티움</아파트><월>11</월><일>5</일><일련번호>11560-2006</일련번호><전용면적>84.93</전용면적><중개사소재지>서울 영등포구</중개사소재지><지번>4950</지번><지역코드>11560</지역코드><층>2</층><해제사유발생일> </해제사유발생일><해제여부> </해제여부></item><item><거래금액>   120,000</거래금액><거래유형>중개거래</거래유형><건축년도>2022</건축년도><년>2022</년><도로명>가마산로79길</도로명><도로명건물본번호코드>00037</도로명건물본번호코드><도로명건물부번호코드>00000</도로명건물부번호코드><도로명시군구코드>11560</도로명시군구코드><도로명일련번호코드>01</도로명일련번호코드><도로명지상지하코드>0</도로명지상지하코드><도로명코드>4154031</도로명코드><법정동> 신길동</법정동><법정동본번코드>0145</법정동본번코드><법정동부번코드>0040</법정동부번코드><법정동시군구코드>11560</법정동시군구코드><법정동읍면동코드>13200</법정동읍면동코드><법정동지번코드>1</법정동지번코드><아파트>더샵파크프레스티지</아파트><월>11</월><일>8</일><일련번호>11560-2256</일련번호><전용면적>84.9</전용면적><중개사소재지>서울 영등포구</중개사소재지><지번>145-40</지번><지역코드>11560</지역코드><층>26</층><해제사유발생일>23.02.15</해제사유발생일><해제여부>O</해제여부></item><item><거래금액>    90,000</거래금액><거래유형>직거래</거래유형><건축년도>1985</건축년도><년>2022</년><도로명>도림로</도로명><도로명건물본번호코드>00313</도로명건물본번호코드><도로명건물부번호코드>00000</도로명건물부번호코드><도로명시군구코드>11560</도로명시군구코드><도로명일련번호코드>05</도로명일련번호코드><도로명지상지하코드>0</도로명지상지하코드><도로명코드>3116010</도로명코드><법정동> 신길동</법정동><법정동본번코드>0364</법정동본번코드><법정동부번코드>0000</법정동부번코드><법정동시군구코드>11560</법정동시군구코드><법정동읍면동코드>13200</법정동읍면동코드><법정동지번코드>1</법정동지번코드><아파트>건영</아파트><월>11</월><일>9</일><일련번호>11560-101</일련번호><전용면적>95.64</전용면적><중개사소재지> </중개사소재지><지번>364</지번><지역코드>11560</지역코드><층>6</층><해제사유발생일> </해제사유발생일><해제여부> </해제여부></item><item><거래금액>    98,000</거래금액><거래유형>중개거래</거래유형><건축년도>2017</건축년도><년>2022</년><도로명>신풍로</도로명><도로명건물본번호코드>00077</도로명건물본번호코드><도로명건물부번호코드>00000</도로명건물부번호코드><도로명시군구코드>11560</도로명시군구코드><도로명일련번호코드>00</도로명일련번호코드><도로명지상지하코드>0</도로명지상지하코드><도로명코드>3118015</도로명코드><법정동> 신길동</법정동><법정동본번코드>4950</법정동본번코드><법정동부번코드>0000</법정동부번코드><법정동시군구코드>11560</법정동시군구코드><법정동읍면동코드>13200</법정동읍면동코드><법정동지번코드>1</법정동지번코드><아파트>래미안에스티움</아파트><월>11</월><일>11</일><일련번호>11560-2006</일련번호><전용면적>59.95</전용면적><중개사소재지>서울 영등포구</중개사소재지><지번>4950</지번><지역코드>11560</지역코드><층>11</층><해제사유발생일> </해제사유발생일><해제여부> </해제여부></item><item><거래금액>   105,000</거래금액><거래유형>중개거래</거래유형><건축년도>1997</건축년도><년>2022</년><도로명>가마산로</도로명><도로명건물본번호코드>00575</도로명건물본번호코드><도로명건물부번호코드>00000</도로명건물부번호코드><도로명시군구코드>11560</도로명시군구코드><도로명일련번호코드>01</도로명일련번호코드><도로명지상지하코드>0</도로명지상지하코드><도로명코드>3000023</도로명코드><법정동> 신길동</법정동><법정동본번코드>0769</법정동본번코드><법정동부번코드>0001</법정동부번코드><법정동시군구코드>11560</법정동시군구코드><법정동읍면동코드>13200</법정동읍면동코드><법정동지번코드>1</법정동지번코드><아파트>한성</아파트><월>11</월><일>13</일><일련번호>11560-118</일련번호><전용면적>84.98</전용면적><중개사소재지>서울 서대문구</중개사소재지><지번>769-1</지번><지역코드>11560</지역코드><층>12</층><해제사유발생일> </해제사유발생일><해제여부> </해제여부></item><item><거래금액>   119,000</거래금액><거래유형>중개거래</거래유형><건축년도>1997</건축년도><년>2022</년><도로명>가마산로</도로명><도로명건물본번호코드>00575</도로명건물본번호코드><도로명건물부번호코드>00000</도로명건물부번호코드><도로명시군구코드>11560</도로명시군구코드><도로명일련번호코드>01</도로명일련번호코드><도로명지상지하코드>0</도로명지상지하코드><도로명코드>3000023</도로명코드><법정동> 신길동</법정동><법정동본번코드>0769</법정동본번코드><법정동부번코드>0001</법정동부번코드><법정동시군구코드>11560</법정동시군구코드><법정동읍면동코드>13200</법정동읍면동코드><법정동지번코드>1</법정동지번코드><아파트>한성</아파트><월>11</월><일>13</일><일련번호>11560-118</일련번호><전용면적>134.33</전용면적><중개사소재지>서울 서대문구</중개사소재지><지번>769-1</지번><지역코드>11560</지역코드><층>2</층><해제사유발생일> </해제사유발생일><해제여부> </해제여부></item><item><거래금액>    13,500</거래금액><거래유형>직거래</거래유형><건축년도>2013</건축년도><년>2022</년><도로명>영등포로</도로명><도로명건물본번호코드>00390</도로명건물본번호코드><도로명건물부번호코드>00000</도로명건물부번호코드><도로명시군구코드>11560</도로명시군구코드><도로명일련번호코드>10</도로명일련번호코드><도로명지상지하코드>0</도로명지상지하코드><도로명코드>3118022</도로명코드><법정동> 신길동</법정동><법정동본번코드>0065</법정동본번코드><법정동부번코드>0021</법정동부번코드><법정동시군구코드>11560</법정동시군구코드><법정동읍면동코드>13200</법정동읍면동코드><법정동지번코드>1</법정동지번코드><아파트>프리가</아파트><월>11</월><일>14</일><일련번호>11560-1639</일련번호><전용면적>16.09</전용면적><중개사소재지> </중개사소재지><지번>65-21</지번><지역코드>11560</지역코드><층>13</층><해제사유발생일> </해제사유발생일><해제여부> </해제여부></item><item><거래금액>    88,000</거래금액><거래유형>중개거래</거래유형><건축년도>2015</건축년도><년>2022</년><도로명>가마산로</도로명><도로명건물본번호코드>00442</도로명건물본번호코드><도로명건물부번호코드>00000</도로명건물부번호코드><도로명시군구코드>11560</도로명시군구코드><도로명일련번호코드>01</도로명일련번호코드><도로명지상지하코드>0</도로명지상지하코드><도로명코드>3000023</도로명코드><법정동> 신길동</법정동><법정동본번코드>4945</법정동본번코드><법정동부번코드>0000</법정동부번코드><법정동시군구코드>11560</법정동시군구코드><법정동읍면동코드>13200</법정동읍면동코드><법정동지번코드>1</법정동지번코드><아파트>래미안영등포프레비뉴</아파트><월>11</월><일>19</일><일련번호>11560-1793</일련번호><전용면적>59.99</전용면적><중개사소재지>서울 영등포구</중개사소재지><지번>4945</지번><지역코드>11560</지역코드><층>6</층><해제사유발생일> </해제사유발생일><해제여부> </해제여부></item><item><거래금액>   122,000</거래금액><거래유형>중개거래</거래유형><건축년도>2022</건축년도><년>2022</년><도로명>신길로28길</도로명><도로명건물본번호코드>00025</도로명건물본번호코드><도로명건물부번호코드>00000</도로명건물부번호코드><도로명시군구코드>11560</도로명시군구코드><도로명일련번호코드>01</도로명일련번호코드><도로명지상지하코드>0</도로명지상지하코드><도로명코드>4154504</도로명코드><법정동> 신길동</법정동><법정동본번코드>4967</법정동본번코드><법정동부번코드>0000</법정동부번코드><법정동시군구코드>11560</법정동시군구코드><법정동읍면동코드>13200</법정동읍면동코드><법정동지번코드>1</법정동지번코드><아파트>신길파크자이</아파트><월>11</월><일>22</일><일련번호>11560-2171</일련번호><전용면적>84.98</전용면적><중개사소재지>서울 영등포구</중개사소재지><지번>4967</지번><지역코드>11560</지역코드><층>11</층><해제사유발생일> </해제사유발생일><해제여부> </해제여부></item><item><거래금액>   114,000</거래금액><거래유형>중개거래</거래유형><건축년도>2017</건축년도><년>2022</년><도로명>신풍로</도로명><도로명건물본번호코드>00077</도로명건물본번호코드><도로명건물부번호코드>00000</도로명건물부번호코드><도로명시군구코드>11560</도로명시군구코드><도로명일련번호코드>00</도로명일련번호코드><도로명지상지하코드>0</도로명지상지하코드><도로명코드>3118015</도로명코드><법정동> 신길동</법정동><법정동본번코드>4950</법정동본번코드><법정동부번코드>0000</법정동부번코드><법정동시군구코드>11560</법정동시군구코드><법정동읍면동코드>13200</법정동읍면동코드><법정동지번코드>1</법정동지번코드><아파트>래미안에스티움</아파트><월>11</월><일>25</일><일련번호>11560-2006</일련번호><전용면적>84.92</전용면적><중개사소재지>서울 영등포구</중개사소재지><지번>4950</지번><지역코드>11560</지역코드><층>2</층><해제사유발생일> </해제사유발생일><해제여부> </해제여부></item><item><거래금액>    88,000</거래금액><거래유형>중개거래</거래유형><건축년도>2017</건축년도><년>2022</년><도로명>신풍로</도로명><도로명건물본번호코드>00077</도로명건물본번호코드><도로명건물부번호코드>00000</도로명건물부번호코드><도로명시군구코드>11560</도로명시군구코드><도로명일련번호코드>00</도로명일련번호코드><도로명지상지하코드>0</도로명지상지하코드><도로명코드>3118015</도로명코드><법정동> 신길동</법정동><법정동본번코드>4950</법정동본번코드><법정동부번코드>0000</법정동부번코드><법정동시군구코드>11560</법정동시군구코드><법정동읍면동코드>13200</법정동읍면동코드><법정동지번코드>1</법정동지번코드><아파트>래미안에스티움</아파트><월>11</월><일>28</일><일련번호>11560-2006</일련번호><전용면적>59.95</전용면적><중개사소재지>서울 영등포구</중개사소재지><지번>4950</지번><지역코드>11560</지역코드><층>2</층><해제사유발생일> </해제사유발생일><해제여부> </해제여부></item><item><거래금액>    78,000</거래금액><거래유형>중개거래</거래유형><건축년도>1985</건축년도><년>2022</년><도로명>도림로</도로명><도로명건물본번호코드>00187</도로명건물본번호코드><도로명건물부번호코드>00000</도로명건물부번호코드><도로명시군구코드>11560</도로명시군구코드><도로명일련번호코드>06</도로명일련번호코드><도로명지상지하코드>0</도로명지상지하코드><도로명코드>3116010</도로명코드><법정동> 대림동</법정동><법정동본번코드>0696</법정동본번코드><법정동부번코드>0000</법정동부번코드><법정동시군구코드>11560</법정동시군구코드><법정동읍면동코드>13300</법정동읍면동코드><법정동지번코드>1</법정동지번코드><아파트>우성1</아파트><월>11</월><일>2</일><일련번호>11560-131</일련번호><전용면적>83.59</전용면적><중개사소재지>서울 영등포구</중개사소재지><지번>696</지번><지역코드>11560</지역코드><층>1</층><해제사유발생일> </해제사유발생일><해제여부> </해제여부></item><item><거래금액>     7,600</거래금액><거래유형>중개거래</거래유형><건축년도>2013</건축년도><년>2022</년><도로명>대림로29길</도로명><도로명건물본번호코드>00013</도로명건물본번호코드><도로명건물부번호코드>00000</도로명건물부번호코드><도로명시군구코드>11560</도로명시군구코드><도로명일련번호코드>01</도로명일련번호코드><도로명지상지하코드>0</도로명지상지하코드><도로명코드>4154157</도로명코드><법정동> 대림동</법정동><법정동본번코드>0717</법정동본번코드><법정동부번코드>0000</법정동부번코드><법정동시군구코드>11560</법정동시군구코드><법정동읍면동코드>13300</법정동읍면동코드><법정동지번코드>1</법정동지번코드><아파트>쌍용플래티넘S</아파트><월>11</월><일>2</일><일련번호>11560-1602</일련번호><전용면적>18.24</전용면적><중개사소재지>서울 영등포구</중개사소재지><지번>717</지번><지역코드>11560</지역코드><층>3</층><해제사유발생일> </해제사유발생일><해제여부> </해제여부></item><item><거래금액>    17,500</거래금액><거래유형>중개거래</거래유형><건축년도>2013</건축년도><년>2022</년><도로명>대림로29길</도로명><도로명건물본번호코드>00013</도로명건물본번호코드><도로명건물부번호코드>00000</도로명건물부번호코드><도로명시군구코드>11560</도로명시군구코드><도로명일련번호코드>01</도로명일련번호코드><도로명지상지하코드>0</도로명지상지하코드><도로명코드>4154157</도로명코드><법정동> 대림동</법정동><법정동본번코드>0717</법정동본번코드><법정동부번코드>0000</법정동부번코드><법정동시군구코드>11560</법정동시군구코드><법정동읍면동코드>13300</법정동읍면동코드><법정동지번코드>1</법정동지번코드><아파트>쌍용플래티넘S</아파트><월>11</월><일>3</일><일련번호>11560-1602</일련번호><전용면적>22.68</전용면적><중개사소재지>서울 영등포구</중개사소재지><지번>717</지번><지역코드>11560</지역코드><층>12</층><해제사유발생일> </해제사유발생일><해제여부> </해제여부></item><item><거래금액>    57,500</거래금액><거래유형>중개거래</거래유형><건축년도>1997</건축년도><년>2022</년><도로명>도신로</도로명><도로명건물본번호코드>00031</도로명건물본번호코드><도로명건물부번호코드>00000</도로명건물부번호코드><도로명시군구코드>11560</도로명시군구코드><도로명일련번호코드>03</도로명일련번호코드><도로명지상지하코드>0</도로명지상지하코드><도로명코드>3118006</도로명코드><법정동> 대림동</법정동><법정동본번코드>0608</법정동본번코드><법정동부번코드>0001</법정동부번코드><법정동시군구코드>11560</법정동시군구코드><법정동읍면동코드>13300</법정동읍면동코드><법정동지번코드>1</법정동지번코드><아파트>현대3차</아파트><월>11</월><일>12</일><일련번호>11560-133</일련번호><전용면적>43.92</전용면적><중개사소재지>서울 영등포구</중개사소재지><지번>608-1</지번><지역코드>11560</지역코드><층>11</층><해제사유발생일> </해제사유발생일><해제여부> </해제여부></item><item><거래금액>    73,000</거래금액><거래유형>중개거래</거래유형><건축년도>1998</건축년도><년>2022</년><도로명>도영로</도로명><도로명건물본번호코드>00002</도로명건물본번호코드><도로명건물부번호코드>00005</도로명건물부번호코드><도로명시군구코드>11560</도로명시군구코드><도로명일련번호코드>02</도로명일련번호코드><도로명지상지하코드>0</도로명지상지하코드><도로명코드>3118007</도로명코드><법정동> 대림동</법정동><법정동본번코드>0607</법정동본번코드><법정동부번코드>0001</법정동부번코드><법정동시군구코드>11560</법정동시군구코드><법정동읍면동코드>13300</법정동읍면동코드><법정동지번코드>1</법정동지번코드><아파트>코오롱</아파트><월>11</월><일>22</일><일련번호>11560-127</일련번호><전용면적>59.94</전용면적><중개사소재지>서울 영등포구</중개사소재지><지번>607-1</지번><지역코드>11560</지역코드><층>22</층><해제사유발생일> </해제사유발생일><해제여부> </해제여부></item><item><거래금액>    95,000</거래금액><거래유형>중개거래</거래유형><건축년도>1998</건축년도><년>2022</년><도로명>도영로</도로명><도로명건물본번호코드>00002</도로명건물본번호코드><도로명건물부번호코드>00005</도로명건물부번호코드><도로명시군구코드>11560</도로명시군구코드><도로명일련번호코드>02</도로명일련번호코드><도로명지상지하코드>0</도로명지상지하코드><도로명코드>3118007</도로명코드><법정동> 대림동</법정동><법정동본번코드>0607</법정동본번코드><법정동부번코드>0001</법정동부번코드><법정동시군구코드>11560</법정동시군구코드><법정동읍면동코드>13300</법정동읍면동코드><법정동지번코드>1</법정동지번코드><아파트>코오롱</아파트><월>11</월><일>26</일><일련번호>11560-127</일련번호><전용면적>84.93</전용면적><중개사소재지>서울 영등포구</중개사소재지><지번>607-1</지번><지역코드>11560</지역코드><층>4</층><해제사유발생일> </해제사유발생일><해제여부> </해제여부></item><item><거래금액>    95,000</거래금액><거래유형>중개거래</거래유형><건축년도>1998</건축년도><년>2022</년><도로명>도영로</도로명><도로명건물본번호코드>00002</도로명건물본번호코드><도로명건물부번호코드>00005</도로명건물부번호코드><도로명시군구코드>11560</도로명시군구코드><도로명일련번호코드>02</도로명일련번호코드><도로명지상지하코드>0</도로명지상지하코드><도로명코드>3118007</도로명코드><법정동> 대림동</법정동><법정동본번코드>0607</법정동본번코드><법정동부번코드>0001</법정동부번코드><법정동시군구코드>11560</법정동시군구코드><법정동읍면동코드>13300</법정동읍면동코드><법정동지번코드>1</법정동지번코드><아파트>코오롱</아파트><월>11</월><일>26</일><일련번호>11560-127</일련번호><전용면적>84.93</전용면적><중개사소재지>서울 영등포구</중개사소재지><지번>607-1</지번><지역코드>11560</지역코드><층>4</층><해제사유발생일>23.01.27</해제사유발생일><해제여부>O</해제여부></item><item><거래금액>    68,000</거래금액><거래유형>직거래</거래유형><건축년도>2013</건축년도><년>2022</년><도로명>도림로54길</도로명><도로명건물본번호코드>00014</도로명건물본번호코드><도로명건물부번호코드>00000</도로명건물부번호코드><도로명시군구코드>11560</도로명시군구코드><도로명일련번호코드>01</도로명일련번호코드><도로명지상지하코드>0</도로명지상지하코드><도로명코드>4154260</도로명코드><법정동> 대림동</법정동><법정동본번코드>1124</법정동본번코드><법정동부번코드>0000</법정동부번코드><법정동시군구코드>11560</법정동시군구코드><법정동읍면동코드>13300</법정동읍면동코드><법정동지번코드>1</법정동지번코드><아파트>신대림신동아파밀리에</아파트><월>11</월><일>30</일><일련번호>11560-1606</일련번호><전용면적>126.3249</전용면적><중개사소재지> </중개사소재지><지번>1124</지번><지역코드>11560</지역코드><층>2</층><해제사유발생일> </해제사유발생일><해제여부> </해제여부></item></items><numOfRows>999</numOfRows><pageNo>1</pageNo><totalCount>38</totalCount></body></response>