<?xml version="1.0" encoding="UTF-8" standalone="yes"?><response><header><resultCode>00</resultCode><resultMsg>NORMAL SERVICE.</resultMsg></header><body><items><item><거래금액>    11,500</거래금액><거래유형>중개거래</거래유형><건축년도>2011</건축년도><년>2022</년><도로명>경인로114가길</도로명><도로명건물본번호코드>00014</도로명건물본번호코드><도로명건물부번호코드>00000</도로명건물부번호코드><도로명시군구코드>11560</도로명시군구코드><도로명일련번호코드>01</도로명일련번호코드><도로명지상지하코드>0</도로명지상지하코드><도로명코드>4154043</도로명코드><법정동> 영등포동1가</법정동><법정동본번코드>0144</법정동본번코드><법정동부번코드>0000</법정동부번코드><법정동시군구코드>11560</법정동시군구코드><법정동읍면동코드>10200</법정동읍면동코드><법정동지번코드>1</법정동지번코드><아파트>헤렌어반</아파트><월>12</월><일>1</일><일련번호>11560-1518</일련번호><전용면적>13.195</전용면적><중개사소재지>서울 영등포구</중개사소재지><지번>144</지번><지역코드>11560</지역코드><층>8</층><해제사유발생일> </해제사유발생일><해제여부> </해제여부></item><item><거래금액>    11,000</거래금액><거래유형>중개거래</거래유형><건축년도>2011</건축년도><년>2022</년><도로명>경인로114가길</도로명><도로명건물본번호코드>00014</도로명건물본번호코드><도로명건물부번호코드>00000</도로명건물부번호코드><도로명시군구코드>11560</도로명시군구코드><도로명일련번호코드>01</도로명일련번호코드><도로명지상지하코드>0</도로명지상지하코드><도로명코드>4154043</도로명코드><법정동> 영등포동1가</법정동><법정동본번코드>0144</법정동본번코드><법정동부번코드>0000</법정동부번코드><법정동시군구코드>11560</법정동시군구코드><법정동읍면동코드>10200</법정동읍면동코드><법정동지번코드>1</법정동지번코드><아파트>헤렌어반</아파트><월>12</월><일>5</일><일련번호>11560-1518</일련번호><전용면적>13.331</전용면적><중개사소재지>서울 영등포구</중개사소재지><지번>144</지번><지역코드>11560</지역코드><층>4</층><해제사유발생일> </해제사유발생일><해제여부> </해제여부></item><item><거래금액>    12,000</거래금액><거래유형>중개거래</거래유형><건축년도>2011</건축년도><년>2022</년><도로명>경인로114가길</도로명><도로명건물본번호코드>00014</도로명건물본번호코드><도로명건물부번호코드>00000</도로명건물부번호코드><도로명시군구코드>11560</도로명시군구코드><도로명일련번호코드>01</도로명일련번호코드><도로명지상지하코드>0</도로명지상지하코드><도로명코드>4154043</도로명코드><법정동> 영등포동1가</법정동><법정동본번코드>0144</법정동본번코드><법정동부번코드>0000</법정동부번코드><법정동시군구코드>11560</법정동시군구코드><법정동읍면동코드>10200</법정동읍면동코드><법정동지번코드>1</법정동지번코드><아파트>헤렌어반</아파트><월>12</월><일>10</일><일련번호>11560-1518</일련번호><전용면적>13.063</전용면적><중개사소재지>서울 영등포구</중개사소재지><지번>144</지번><지역코드>11560</지역코드><층>7</층><해제사유발생일> </해제사유발생일><해제여부> </해제여부></item><item><거래금액>    12,000</거래금액><거래유형>중개거래</거래유형><건축년도>2011</건축년도><년>2022</년><도로명>경인로114가길</도로명><도로명건물본번호코드>00014</도로명건물본번호코드><도로명건물부번호코드>00000</도로명건물부번호코드><도로명시군구코드>11560</도로명시군구코드><도로명일련번호코드>01</도로명일련번호코드><도로명지상지하코드>0</도로명지상지하코드><도로명코드>4154043</도로명코드><법정동> 영등포동1가</법정동><법정동본번코드>0144</법정동본번코드><법정동부번코드>0000</법정동부번코드><법정동시군구코드>11560</법정동시군구코드><법정동읍면동코드>10200</법정동읍면동코드><법정동지번코드>1</법정동지번코드><아파트>헤렌어반</아파트><월>12</월><일>13</일><일련번호>11560-1518</일련번호><전용면적>13.063</전용면적><중개사소재지>서울 영등포구</중개사소재지><지번>144</지번><지역코드>11560</지역코드><층>6</층><해제사유발생일> </해제사유발생일><해제여부> </해제여부></item><item><거래금액>    17,000</거래금액><거래유형>직거래</거래유형><건축년도>2011</건축년도><년>2022</년><도로명>경인로114가길</도로명><도로명건물본번호코드>00014</도로명건물본번호코드><도로명건물부번호코드>00000</도로명건물부번호코드><도로명시군구코드>11560</도로명시군구코드><도로명일련번호코드>01</도로명일련번호코드><도로명지상지하코드>0</도로명지상지하코드><도로명코드>4154043</도로명코드><법정동> 영등포동1가</법정동><법정동본번코드>0144</법정동본번코드><법정동부번코드>0000</법정동부번코드><법정동시군구코드>11560</법정동시군구코드><법정동읍면동코드>10200</법정동읍면동코드><법정동지번코드>1</법정동지번코드><아파트>헤렌어반</아파트><월>12</월><일>20</일><일련번호>11560-1518</일련번호><전용면적>18.931</전용면적><중개사소재지> </중개사소재지><지번>144</지번><지역코드>11560</지역코드><층>8</층><해제사유발생일> </해제사유발생일><해제여부> </해제여부></item><item><거래금액>    13,390</거래금액><거래유형>직거래</거래유형><건축년도>2013</건축년도><년>2022</년><도로명>경인로</도로명><도로명건물본번호코드>00882</도로명건물본번호코드><도로명건물부번호코드>00000</도로명건물부번호코드><도로명시군구코드>11560</도로명시군구코드><도로명일련번호코드>02</도로명일련번호코드><도로명지상지하코드>0</도로명지상지하코드><도로명코드>3000028</도로명코드><법정동> 영등포동1가</법정동><법정동본번코드>0113</법정동본번코드><법정동부번코드>0001</법정동부번코드><법정동시군구코드>11560</법정동시군구코드><법정동읍면동코드>10200</법정동읍면동코드><법정동지번코드>1</법정동지번코드><아파트>여의도씨티아이</아파트><월>12</월><일>30</일><일련번호>11560-1637</일련번호><전용면적>12.59</전용면적><중개사소재지> </중개사소재지><지번>113-1</지번><지역코드>11560</지역코드><층>14</층><해제사유발생일> </해제사유발생일><해제여부> </해제여부></item><item><거래금액>    16,000</거래금액><거래유형>직거래</거래유형><건축년도>2013</건축년도><년>2022</년><도로명>국회대로54길</도로명><도로명건물본번호코드>00065</도로명건물본번호코드><도로명건물부번호코드>00000</도로명건물부번호코드><도로명시군구코드>11560</도로명시군구코드><도로명일련번호코드>01</도로명일련번호코드><도로명지상지하코드>0</도로명지상지하코드><도로명코드>4154084</도로명코드><법정동> 영등포동2가</법정동><법정동본번코드>0028</법정동본번코드><법정동부번코드>0117</법정동부번코드><법정동시군구코드>11560</법정동시군구코드><법정동읍면동코드>10300</법정동읍면동코드><법정동지번코드>1</법정동지번코드><아파트>이지리움S</아파트><월>12</월><일>13</일><일련번호>11560-1581</일련번호><전용면적>12.4</전용면적><중개사소재지> </중개사소재지><지번>28-117</지번><지역코드>11560</지역코드><층>9</층><해제사유발생일> </해제사유발생일><해제여부> </해제여부></item><item><거래금액>    93,000</거래금액><거래유형>중개거래</거래유형><건축년도>2020</건축년도><년>2022</년><도로명>국회대로50길</도로명><도로명건물본번호코드>00020</도로명건물본번호코드><도로명건물부번호코드>00000</도로명건물부번호코드><도로명시군구코드>11560</도로명시군구코드><도로명일련번호코드>00</도로명일련번호코드><도로명지상지하코드>0</도로명지상지하코드><도로명코드>4154080</도로명코드><법정동> 영등포동7가</법정동><법정동본번코드>0208</법정동본번코드><법정동부번코드>0000</법정동부번코드><법정동시군구코드>11560</법정동시군구코드><법정동읍면동코드>10800</법정동읍면동코드><법정동지번코드>1</법정동지번코드><아파트>포레나영등포센트럴</아파트><월>12</월><일>13</일><일련번호>11560-2164</일련번호><전용면적>59.8976</전용면적><중개사소재지>서울 영등포구</중개사소재지><지번>208</지번><지역코드>11560</지역코드><층>18</층><해제사유발생일> </해제사유발생일><해제여부> </해제여부></item><item><거래금액>    93,000</거래금액><거래유형>중개거래</거래유형><건축년도>2020</건축년도><년>2022</년><도로명>국회대로50길</도로명><도로명건물본번호코드>00020</도로명건물본번호코드><도로명건물부번호코드>00000</도로명건물부번호코드><도로명시군구코드>11560</도로명시군구코드><도로명일련번호코드>00</도로명일련번호코드><도로명지상지하코드>0</도로명지상지하코드><도로명코드>4154080</도로명코드><법정동> 영등포동7가</법정동><법정동본번코드>0208</법정동본번코드><법정동부번코드>0000</법정동부번코드><법정동시군구코드>11560</법정동시군구코드><법정동읍면동코드>10800</법정동읍면동코드><법정동지번코드>1</법정동지번코드><아파트>포레나영등포센트럴</아파트><월>12</월><일>17</일><일련번호>11560-2164</일련번호><전용면적>59.8976</전용면적><중개사소재지>서울 영등포구</중개사소재지><지번>208</지번><지역코드>11560</지역코드><층>18</층><해제사유발생일>23.02.27</해제사유발생일><해제여부>O</해제여부></item><item><거래금액>    13,500</거래금액><거래유형>직거래</거래유형><건축년도>2012</건축년도><년>2022</년><도로명>영중로</도로명><도로명건물본번호코드>00120</도로명건물본번호코드><도로명건물부번호코드>00000</도로명건물부번호코드><도로명시군구코드>11560</도로명시군구코드><도로명일련번호코드>06</도로명일련번호코드><도로명지상지하코드>0</도로명지상지하코드><도로명코드>3118024</도로명코드><법정동> 영등포동8가</법정동><법정동본번코드>0051</법정동본번코드><법정동부번코드>0001</법정동부번코드><법정동시군구코드>11560</법정동시군구코드><법정동읍면동코드>10900</법정동읍면동코드><법정동지번코드>1</법정동지번코드><아파트>영등포메이준2011</아파트><월>12</월><일>9</일><일련번호>11560-1577</일련번호><전용면적>12.11</전용면적><중개사소재지> </중개사소재지><지번>51-1</지번><지역코드>11560</지역코드><층>18</층><해제사유발생일> </해제사유발생일><해제여부> </해제여부></item><item><거래금액>   193,000</거래금액><거래유형>직거래</거래유형><건축년도>2005</건축년도><년>2022</년><도로명>의사당대로</도로명><도로명건물본번호코드>00127</도로명건물본번호코드><도로명건물부번호코드>00000</도로명건물부번호코드><도로명시군구코드>11560</도로명시군구코드><도로명일련번호코드>01</도로명일련번호코드><도로명지상지하코드>0</도로명지상지하코드><도로명코드>2118002</도로명코드><법정동> 여의도동</법정동><법정동본번코드>0036</법정동본번코드><법정동부번코드>0000</법정동부번코드><법정동시군구코드>11560</법정동시군구코드><법정동읍면동코드>11000</법정동읍면동코드><법정동지번코드>1</법정동지번코드><아파트>롯데캐슬엠파이어</아파트><월>12</월><일>6</일><일련번호>11560-168</일련번호><전용면적>163.86</전용면적><중개사소재지> </중개사소재지><지번>36</지번><지역코드>11560</지역코드><층>13</층><해제사유발생일> </해제사유발생일><해제여부> </해제여부></item><item><거래금액>   200,000</거래금액><거래유형>중개거래</거래유형><건축년도>1971</건축년도><년>2022</년><도로명>63로</도로명><도로명건물본번호코드>00045</도로명건물본번호코드><도로명건물부번호코드>00000</도로명건물부번호코드><도로명시군구코드>11560</도로명시군구코드><도로명일련번호코드>01</도로명일련번호코드><도로명지상지하코드>0</도로명지상지하코드><도로명코드>3118001</도로명코드><법정동> 여의도동</법정동><법정동본번코드>0050</법정동본번코드><법정동부번코드>0000</법정동부번코드><법정동시군구코드>11560</법정동시군구코드><법정동읍면동코드>11000</법정동읍면동코드><법정동지번코드>1</법정동지번코드><아파트>시범</아파트><월>12</월><일>12</일><일련번호>11560-20</일련번호><전용면적>118.12</전용면적><중개사소재지>서울 영등포구</중개사소재지><지번>50</지번><지역코드>11560</지역코드><층>2</층><해제사유발생일> </해제사유발생일><해제여부> </해제여부></item><item><거래금액>   178,000</거래금액><거래유형>중개거래</거래유형><건축년도>1974</건축년도><년>2022</년><도로명>63로</도로명><도로명건물본번호코드>00007</도로명건물본번호코드><도로명건물부번호코드>00000</도로명건물부번호코드><도로명시군구코드>11560</도로명시군구코드><도로명일련번호코드>01</도로명일련번호코드><도로명지상지하코드>0</도로명지상지하코드><도로명코드>3118001</도로명코드><법정동> 여의도동</법정동><법정동본번코드>0052</법정동본번코드><법정동부번코드>0000</법정동부번코드><법정동시군구코드>11560</법정동시군구코드><법정동읍면동코드>11000</법정동읍면동코드><법정동지번코드>1</법정동지번코드><아파트>은하</아파트><월>12</월><일>20</일><일련번호>11560-21</일련번호><전용면적>121.51</전용면적><중개사소재지>서울 영등포구</중개사소재지><지번>52</지번><지역코드>11560</지역코드><층>10</층><해제사유발생일> </해제사유발생일><해제여부> </해제여부></item><item><거래금액>    55,000</거래금액><거래유형>중개거래</거래유형><건축년도>1999</건축년도><년>2022</년><도로명>영등포로</도로명><도로명건물본번호코드>00106</도로명건물본번호코드><도로명건물부번호코드>00000</도로명건물부번호코드><도로명시군구코드>11560</도로명시군구코드><도로명일련번호코드>07</도로명일련번호코드><도로명지상지하코드>0</도로명지상지하코드><도로명코드>3118022</도로명코드><법정동> 당산동2가</법정동><법정동본번코드>0016</법정동본번코드><법정동부번코드>0001</법정동부번코드><법정동시군구코드>11560</법정동시군구코드><법정동읍면동코드>11200</법정동읍면동코드><법정동지번코드>1</법정동지번코드><아파트>당산대우</아파트><월>12</월><일>9</일><일련번호>11560-152</일련번호><전용면적>45.55</전용면적><중개사소재지>서울 영등포구</중개사소재지><지번>16-1</지번><지역코드>11560</지역코드><층>15</층><해제사유발생일> </해제사유발생일><해제여부> </해제여부></item><item><거래금액>   119,000</거래금액><거래유형>중개거래</거래유형><건축년도>2017</건축년도><년>2022</년><도로명>영신로</도로명><도로명건물본번호코드>00237</도로명건물본번호코드><도로명건물부번호코드>00000</도로명건물부번호코드><도로명시군구코드>11560</도로명시군구코드><도로명일련번호코드>00</도로명일련번호코드><도로명코드>3118023</도로명코드><법정동> 당산동4가</법정동><법정동본번코드>0099</법정동본번코드><법정동부번코드>0000</법정동부번코드><법정동시군구코드>11560</법정동시군구코드><법정동읍면동코드>11400</법정동읍면동코드><법정동지번코드>1</법정동지번코드><아파트>당산롯데캐슬프레스티지</아파트><월>12</월><일>22</일><일련번호>11560-2004</일련번호><전용면적>84.99</전용면적><중개사소재지>서울 영등포구</중개사소재지><지번>99</지번><지역코드>11560</지역코드><층>20</층><해제사유발생일> </해제사유발생일><해제여부> </해제여부></item><item><거래금액>    28,500</거래금액><거래유형>중개거래</거래유형><건축년도>2005</건축년도><년>2022</년><도로명>당산로</도로명><도로명건물본번호코드>00222</도로명건물본번호코드><도로명건물부번호코드>00000</도로명건물부번호코드><도로명시군구코드>11560</도로명시군구코드><도로명일련번호코드>05</도로명일련번호코드><도로명지상지하코드>0</도로명지상지하코드><도로명코드>3118004</도로명코드><법정동> 당산동5가</법정동><법정동본번코드>0011</법정동본번코드><법정동부번코드>0033</법정동부번코드><법정동시군구코드>11560</법정동시군구코드><법정동읍면동코드>11500</법정동읍면동코드><법정동지번코드>1</법정동지번코드><아파트>당산디오빌</아파트><월>12</월><일>9</일><일련번호>11560-165</일련번호><전용면적>29.23</전용면적><중개사소재지>서울 영등포구</중개사소재지><지번>11-33</지번><지역코드>11560</지역코드><층>7</층><해제사유발생일> </해제사유발생일><해제여부> </해제여부></item><item><거래금액>    12,000</거래금액><거래유형>중개거래</거래유형><건축년도>2015</건축년도><년>2022</년><도로명>버드나루로</도로명><도로명건물본번호코드>00097</도로명건물본번호코드><도로명건물부번호코드>00000</도로명건물부번호코드><도로명시군구코드>11560</도로명시군구코드><도로명일련번호코드>04</도로명일련번호코드><도로명지상지하코드>0</도로명지상지하코드><도로명코드>3118010</도로명코드><법정동> 당산동</법정동><법정동본번코드>0121</법정동본번코드><법정동부번코드>0130</법정동부번코드><법정동시군구코드>11560</법정동시군구코드><법정동읍면동코드>11700</법정동읍면동코드><법정동지번코드>1</법정동지번코드><아파트>리버뷰</아파트><월>12</월><일>8</일><일련번호>11560-1732</일련번호><전용면적>18.36</전용면적><중개사소재지>서울 영등포구</중개사소재지><지번>121-130</지번><지역코드>11560</지역코드><층>12</층><해제사유발생일> </해제사유발생일><해제여부> </해제여부></item><item><거래금액>    80,000</거래금액><거래유형>직거래</거래유형><건축년도>1995</건축년도><년>2022</년><도로명>당산로54길</도로명><도로명건물본번호코드>00011</도로명건물본번호코드><도로명건물부번호코드>00000</도로명건물부번호코드><도로명시군구코드>11560</도로명시군구코드><도로명일련번호코드>02</도로명일련번호코드><도로명지상지하코드>0</도로명지상지하코드><도로명코드>4154134</도로명코드><법정동> 당산동</법정동><법정동본번코드>0374</법정동본번코드><법정동부번코드>0000</법정동부번코드><법정동시군구코드>11560</법정동시군구코드><법정동읍면동코드>11700</법정동읍면동코드><법정동지번코드>1</법정동지번코드><아파트>래미안당산1차</아파트><월>12</월><일>13</일><일련번호>11560-49</일련번호><전용면적>59.97</전용면적><중개사소재지> </중개사소재지><지번>374</지번><지역코드>11560</지역코드><층>17</층><해제사유발생일> </해제사유발생일><해제여부> </해제여부></item><item><거래금액>    52,500</거래금액><거래유형>중개거래</거래유형><건축년도>2005</건축년도><년>2022</년><도로명>국회대로53길</도로명><도로명건물본번호코드>00030</도로명건물본번호코드><도로명건물부번호코드>00000</도로명건물부번호코드><도로명시군구코드>11560</도로명시군구코드><도로명일련번호코드>03</도로명일련번호코드><도로명지상지하코드>0</도로명지상지하코드><도로명코드>4154083</도로명코드><법정동> 당산동</법정동><법정동본번코드>0171</법정동본번코드><법정동부번코드>0019</법정동부번코드><법정동시군구코드>11560</법정동시군구코드><법정동읍면동코드>11700</법정동읍면동코드><법정동지번코드>1</법정동지번코드><아파트>드림시드</아파트><월>12</월><일>15</일><일련번호>11560-1246</일련번호><전용면적>64.02</전용면적><중개사소재지>서울 영등포구</중개사소재지><지번>171-19</지번><지역코드>11560</지역코드><층>3</층><해제사유발생일> </해제사유발생일><해제여부> </해제여부></item><item><거래금액>    12,500</거래금액><거래유형>중개거래</거래유형><건축년도>2013</건축년도><년>2022</년><도로명>버드나루로17길</도로명><도로명건물본번호코드>00002</도로명건물본번호코드><도로명건물부번호코드>00000</도로명건물부번호코드><도로명시군구코드>11560</도로명시군구코드><도로명일련번호코드>01</도로명일련번호코드><도로명지상지하코드>0</도로명지상지하코드><도로명코드>4154417</도로명코드><법정동> 당산동</법정동><법정동본번코드>0121</법정동본번코드><법정동부번코드>0108</법정동부번코드><법정동시군구코드>11560</법정동시군구코드><법정동읍면동코드>11700</법정동읍면동코드><법정동지번코드>1</법정동지번코드><아파트>훼미리하우스138</아파트><월>12</월><일>17</일><일련번호>11560-1580</일련번호><전용면적>14.28</전용면적><중개사소재지>서울 영등포구</중개사소재지><지번>121-108</지번><지역코드>11560</지역코드><층>8</층><해제사유발생일>23.02.16</해제사유발생일><해제여부>O</해제여부></item><item><거래금액>   100,000</거래금액><거래유형>중개거래</거래유형><건축년도>2002</건축년도><년>2022</년><도로명>버드나루로</도로명><도로명건물본번호코드>00130</도로명건물본번호코드><도로명건물부번호코드>00000</도로명건물부번호코드><도로명시군구코드>11560</도로명시군구코드><도로명일련번호코드>04</도로명일련번호코드><도로명지상지하코드>0</도로명지상지하코드><도로명코드>3118010</도로명코드><법정동> 당산동</법정동><법정동본번코드>0376</법정동본번코드><법정동부번코드>0000</법정동부번코드><법정동시군구코드>11560</법정동시군구코드><법정동읍면동코드>11700</법정동읍면동코드><법정동지번코드>1</법정동지번코드><아파트>강변래미안</아파트><월>12</월><일>29</일><일련번호>11560-50</일련번호><전용면적>79.05</전용면적><중개사소재지>서울 영등포구</중개사소재지><지번>376</지번><지역코드>11560</지역코드><층>12</층><해제사유발생일> </해제사유발생일><해제여부> </해제여부></item><item><거래금액>    30,000</거래금액><거래유형>직거래</거래유형><건축년도>2019</건축년도><년>2022</년><도로명>선유로25길</도로명><도로명건물본번호코드>00005</도로명건물본번호코드><도로명건물부번호코드>00000</도로명건물부번호코드><도로명시군구코드>11560</도로명시군구코드><도로명일련번호코드>01</도로명일련번호코드><도로명지상지하코드>0</도로명지상지하코드><도로명코드>4154438</도로명코드><법정동> 양평동1가</법정동><법정동본번코드>0147</법정동본번코드><법정동부번코드>0000</법정동부번코드><법정동시군구코드>11560</법정동시군구코드><법정동읍면동코드>12500</법정동읍면동코드><법정동지번코드>1</법정동지번코드><아파트>어반힐</아파트><월>12</월><일>26</일><일련번호>11560-2073</일련번호><전용면적>26.25</전용면적><중개사소재지> </중개사소재지><지번>147</지번><지역코드>11560</지역코드><층>9</층><해제사유발생일> </해제사유발생일><해제여부> </해제여부></item><item><거래금액>    64,500</거래금액><거래유형>중개거래</거래유형><건축년도>1998</건축년도><년>2022</년><도로명>선유로33길</도로명><도로명건물본번호코드>00022</도로명건물본번호코드><도로명건물부번호코드>00000</도로명건물부번호코드><도로명시군구코드>11560</도로명시군구코드><도로명일련번호코드>01</도로명일련번호코드><도로명지상지하코드>0</도로명지상지하코드><도로명코드>4154441</도로명코드><법정동> 양평동3가</법정동><법정동본번코드>0055</법정동본번코드><법정동부번코드>0001</법정동부번코드><법정동시군구코드>11560</법정동시군구코드><법정동읍면동코드>12700</법정동읍면동코드><법정동지번코드>1</법정동지번코드><아파트>경남아너스빌</아파트><월>12</월><일>17</일><일련번호>11560-89</일련번호><전용면적>59.9</전용면적><중개사소재지>서울 영등포구</중개사소재지><지번>55-1</지번><지역코드>11560</지역코드><층>6</층><해제사유발생일> </해제사유발생일><해제여부> </해제여부></item><item><거래금액>    65,000</거래금액><거래유형>중개거래</거래유형><건축년도>2000</건축년도><년>2022</년><도로명>양평로17길</도로명><도로명건물본번호코드>00009</도로명건물본번호코드><도로명건물부번호코드>00000</도로명건물부번호코드><도로명시군구코드>11560</도로명시군구코드><도로명일련번호코드>01</도로명일련번호코드><도로명지상지하코드>0</도로명지상지하코드><도로명코드>4154608</도로명코드><법정동> 양평동4가</법정동><법정동본번코드>0051</법정동본번코드><법정동부번코드>0001</법정동부번코드><법정동시군구코드>11560</법정동시군구코드><법정동읍면동코드>12800</법정동읍면동코드><법정동지번코드>1</법정동지번코드><아파트>경남아너스빌</아파트><월>12</월><일>22</일><일련번호>11560-93</일련번호><전용면적>70.94</전용면적><중개사소재지>서울 영등포구</중개사소재지><지번>51-1</지번><지역코드>11560</지역코드><층>5</층><해제사유발생일> </해제사유발생일><해제여부> </해제여부></item><item><거래금액>    61,950</거래금액><거래유형>직거래</거래유형><건축년도>1996</건축년도><년>2022</년><도로명>양평로24길</도로명><도로명건물본번호코드>00009</도로명건물본번호코드><도로명건물부번호코드>00000</도로명건물부번호코드><도로명시군구코드>11560</도로명시군구코드><도로명일련번호코드>01</도로명일련번호코드><도로명지상지하코드>0</도로명지상지하코드><도로명코드>4154625</도로명코드><법정동> 양평동5가</법정동><법정동본번코드>0076</법정동본번코드><법정동부번코드>0000</법정동부번코드><법정동시군구코드>11560</법정동시군구코드><법정동읍면동코드>12900</법정동읍면동코드><법정동지번코드>1</법정동지번코드><아파트>양평한신</아파트><월>12</월><일>21</일><일련번호>11560-98</일련번호><전용면적>59.94</전용면적><중개사소재지> </중개사소재지><지번>76</지번><지역코드>11560</지역코드><층>18</층><해제사유발생일> </해제사유발생일><해제여부> </해제여부></item><item><거래금액>    77,000</거래금액><거래유형>중개거래</거래유형><건축년도>1996</건축년도><년>2022</년><도로명>양평로24길</도로명><도로명건물본번호코드>00009</도로명건물본번호코드><도로명건물부번호코드>00000</도로명건물부번호코드><도로명시군구코드>11560</도로명시군구코드><도로명일련번호코드>01</도로명일련번호코드><도로명지상지하코드>0</도로명지상지하코드><도로명코드>4154625</도로명코드><법정동> 양평동5가</법정동><법정동본번코드>0076</법정동본번코드><법정동부번코드>0000</법정동부번코드><법정동시군구코드>11560</법정동시군구코드><법정동읍면동코드>12900</법정동읍면동코드><법정동지번코드>1</법정동지번코드><아파트>양평한신</아파트><월>12</월><일>31</일><일련번호>11560-98</일련번호><전용면적>59.94</전용면적><중개사소재지>서울 영등포구</중개사소재지><지번>76</지번><지역코드>11560</지역코드><층>11</층><해제사유발생일> </해제사유발생일><해제여부> </해제여부></item><item><거래금액>   105,000</거래금액><거래유형>중개거래</거래유형><건축년도>2015</건축년도><년>2022</년><도로명>가마산로</도로명><도로명건물본번호코드>00442</도로명건물본번호코드><도로명건물부번호코드>00000</도로명건물부번호코드><도로명시군구코드>11560</도로명시군구코드><도로명일련번호코드>01</도로명일련번호코드><도로명지상지하코드>0</도로명지상지하코드><도로명코드>3000023</도로명코드><법정동> 신길동</법정동><법정동본번코드>4945</법정동본번코드><법정동부번코드>0000</법정동부번코드><법정동시군구코드>11560</법정동시군구코드><법정동읍면동코드>13200</법정동읍면동코드><법정동지번코드>1</법정동지번코드><아파트>래미안영등포프레비뉴</아파트><월>12</월><일>2</일><일련번호>11560-1793</일련번호><전용면적>84.98</전용면적><중개사소재지>서울 영등포구</중개사소재지><지번>4945</지번><지역코드>11560</지역코드><층>4</층><해제사유발생일> </해제사유발생일><해제여부> </해제여부></item><item><거래금액>    88,500</거래금액><거래유형>중개거래</거래유형><건축년도>1997</건축년도><년>2022</년><도로명>가마산로</도로명><도로명건물본번호코드>00575</도로명건물본번호코드><도로명건물부번호코드>00000</도로명건물부번호코드><도로명시군구코드>11560</도로명시군구코드><도로명일련번호코드>01</도로명일련번호코드><도로명지상지하코드>0</도로명지상지하코드><도로명코드>3000023</도로명코드><법정동> 신길동</법정동><법정동본번코드>0769</법정동본번코드><법정동부번코드>0001</법정동부번코드><법정동시군구코드>11560</법정동시군구코드><법정동읍면동코드>13200</법정동읍면동코드><법정동지번코드>1</법정동지번코드><아파트>한성</아파트><월>12</월><일>12</일><일련번호>11560-118</일련번호><전용면적>84.98</전용면적><중개사소재지>서울 영등포구</중개사소재지><지번>769-1</지번><지역코드>11560</지역코드><층>5</층><해제사유발생일> </해제사유발생일><해제여부> </해제여부></item><item><거래금액>    10,200</거래금액><거래유형>중개거래</거래유형><건축년도>2013</건축년도><년>2022</년><도로명>가마산로</도로명><도로명건물본번호코드>00468</도로명건물본번호코드><도로명건물부번호코드>00000</도로명건물부번호코드><도로명시군구코드>11560</도로명시군구코드><도로명일련번호코드>01</도로명일련번호코드><도로명지상지하코드>0</도로명지상지하코드><도로명코드>3000023</도로명코드><법정동> 신길동</법정동><법정동본번코드>0261</법정동본번코드><법정동부번코드>0022</법정동부번코드><법정동시군구코드>11560</법정동시군구코드><법정동읍면동코드>13200</법정동읍면동코드><법정동지번코드>1</법정동지번코드><아파트>신길레전드힐스</아파트><월>12</월><일>13</일><일련번호>11560-1609</일련번호><전용면적>13.74</전용면적><중개사소재지>서울 영등포구</중개사소재지><지번>261-22</지번><지역코드>11560</지역코드><층>6</층><해제사유발생일> </해제사유발생일><해제여부> </해제여부></item><item><거래금액>    10,100</거래금액><거래유형>중개거래</거래유형><건축년도>2013</건축년도><년>2022</년><도로명>가마산로</도로명><도로명건물본번호코드>00468</도로명건물본번호코드><도로명건물부번호코드>00000</도로명건물부번호코드><도로명시군구코드>11560</도로명시군구코드><도로명일련번호코드>01</도로명일련번호코드><도로명지상지하코드>0</도로명지상지하코드><도로명코드>3000023</도로명코드><법정동> 신길동</법정동><법정동본번코드>0261</법정동본번코드><법정동부번코드>0022</법정동부번코드><법정동시군구코드>11560</법정동시군구코드><법정동읍면동코드>13200</법정동읍면동코드><법정동지번코드>1</법정동지번코드><아파트>신길레전드힐스</아파트><월>12</월><일>14</일><일련번호>11560-1609</일련번호><전용면적>13.74</전용면적><중개사소재지>서울 영등포구</중개사소재지><지번>261-22</지번><지역코드>11560</지역코드><층>5</층><해제사유발생일> </해제사유발생일><해제여부> </해제여부></item><item><거래금액>    10,150</거래금액><거래유형>중개거래</거래유형><건축년도>2013</건축년도><년>2022</년><도로명>가마산로</도로명><도로명건물본번호코드>00468</도로명건물본번호코드><도로명건물부번호코드>00000</도로명건물부번호코드><도로명시군구코드>11560</도로명시군구코드><도로명일련번호코드>01</도로명일련번호코드><도로명지상지하코드>0</도로명지상지하코드><도로명코드>3000023</도로명코드><법정동> 신길동</법정동><법정동본번코드>0261</법정동본번코드><법정동부번코드>0022</법정동부번코드><법정동시군구코드>11560</법정동시군구코드><법정동읍면동코드>13200</법정동읍면동코드><법정동지번코드>1</법정동지번코드><아파트>신길레전드힐스</아파트><월>12</월><일>16</일><일련번호>11560-1609</일련번호><전용면적>13.74</전용면적><중개사소재지>서울 영등포구</중개사소재지><지번>261-22</지번><지역코드>11560</지역코드><층>6</층><해제사유발생일> </해제사유발생일><해제여부> </해제여부></item><item><거래금액>    10,200</거래금액><거래유형>중개거래</거래유형><건축년도>2013</건축년도><년>2022</년><도로명>가마산로</도로명><도로명건물본번호코드>00468</도로명건물본번호코드><도로명건물부번호코드>00000</도로명건물부번호코드><도로명시군구코드>11560</도로명시군구코드><도로명일련번호코드>01</도로명일련번호코드><도로명지상지하코드>0</도로명지상지하코드><도로명코드>3000023</도로명코드><법정동> 신길동</법정동><법정동본번코드>0261</법정동본번코드><법정동부번코드>0022</법정동부번코드><법정동시군구코드>11560</법정동시군구코드><법정동읍면동코드>13200</법정동읍면동코드><법정동지번코드>1</법정동지번코드><아파트>신길레전드힐스</아파트><월>12</월><일>20</일><일련번호>11560-1609</일련번호><전용면적>13.74</전용면적><중개사소재지>서울 영등포구</중개사소재지><지번>261-22</지번><지역코드>11560</지역코드><층>6</층><해제사유발생일> </해제사유발생일><해제여부> </해제여부></item><item><거래금액>    13,400</거래금액><거래유형>중개거래</거래유형><건축년도>2013</건축년도><년>2022</년><도로명>영등포로</도로명><도로명건물본번호코드>00390</도로명건물본번호코드><도로명건물부번호코드>00000</도로명건물부번호코드><도로명시군구코드>11560</도로명시군구코드><도로명일련번호코드>10</도로명일련번호코드><도로명지상지하코드>0</도로명지상지하코드><도로명코드>3118022</도로명코드><법정동> 신길동</법정동><법정동본번코드>0065</법정동본번코드><법정동부번코드>0021</법정동부번코드><법정동시군구코드>11560</법정동시군구코드><법정동읍면동코드>13200</법정동읍면동코드><법정동지번코드>1</법정동지번코드><아파트>프리가</아파트><월>12</월><일>22</일><일련번호>11560-1639</일련번호><전용면적>13.6</전용면적><중개사소재지>서울 영등포구</중개사소재지><지번>65-21</지번><지역코드>11560</지역코드><층>13</층><해제사유발생일> </해제사유발생일><해제여부> </해제여부></item><item><거래금액>    90,000</거래금액><거래유형>중개거래</거래유형><건축년도>2020</건축년도><년>2022</년><도로명>여의대방로35가길</도로명><도로명건물본번호코드>00019</도로명건물본번호코드><도로명건물부번호코드>00000</도로명건물부번호코드><도로명시군구코드>11560</도로명시군구코드><도로명일련번호코드>01</도로명일련번호코드><도로명지상지하코드>0</도로명지상지하코드><도로명코드>4154657</도로명코드><법정동> 신길동</법정동><법정동본번코드>4958</법정동본번코드><법정동부번코드>0000</법정동부번코드><법정동시군구코드>11560</법정동시군구코드><법정동읍면동코드>13200</법정동읍면동코드><법정동지번코드>1</법정동지번코드><아파트>보라매에스케이뷰</아파트><월>12</월><일>27</일><일련번호>11560-2113</일련번호><전용면적>59.98</전용면적><중개사소재지>서울 양천구, 서울 영등포구</중개사소재지><지번>4958</지번><지역코드>11560</지역코드><층>25</층><해제사유발생일> </해제사유발생일><해제여부> </해제여부></item><item><거래금액>    12,000</거래금액><거래유형>직거래</거래유형><건축년도>2012</건축년도><년>2022</년><도로명>도림천로19길</도로명><도로명건물본번호코드>00012</도로명건물본번호코드><도로명건물부번호코드>00000</도로명건물부번호코드><도로명시군구코드>11560</도로명시군구코드><도로명일련번호코드>01</도로명일련번호코드><도로명지상지하코드>0</도로명지상지하코드><도로명코드>4154300</도로명코드><법정동> 대림동</법정동><법정동본번코드>1101</법정동본번코드><법정동부번코드>0001</법정동부번코드><법정동시군구코드>11560</법정동시군구코드><법정동읍면동코드>13300</법정동읍면동코드><법정동지번코드>1</법정동지번코드><아파트>(1101-1)</아파트><월>12</월><일>2</일><일련번호>11560-1546</일련번호><전용면적>14.46</전용면적><중개사소재지> </중개사소재지><지번>1101-1</지번><지역코드>11560</지역코드><층>8</층><해제사유발생일> </해제사유발생일><해제여부> </해제여부></item><item><거래금액>   116,000</거래금액><거래유형>중개거래</거래유형><건축년도>1997</건축년도><년>2022</년><도로명>도신로</도로명><도로명건물본번호코드>00031</도로명건물본번호코드><도로명건물부번호코드>00000</도로명건물부번호코드><도로명시군구코드>11560</도로명시군구코드><도로명일련번호코드>03</도로명일련번호코드><도로명지상지하코드>0</도로명지상지하코드><도로명코드>3118006</도로명코드><법정동> 대림동</법정동><법정동본번코드>0608</법정동본번코드><법정동부번코드>0001</법정동부번코드><법정동시군구코드>11560</법정동시군구코드><법정동읍면동코드>13300</법정동읍면동코드><법정동지번코드>1</법정동지번코드><아파트>현대3차</아파트><월>12</월><일>3</일><일련번호>11560-133</일련번호><전용면적>140.54</전용면적><중개사소재지>서울 영등포구</중개사소재지><지번>608-1</지번><지역코드>11560</지역코드><층>9</층><해제사유발생일> </해제사유발생일><해제여부> </해제여부></item><item><거래금액>    59,850</거래금액><거래유형>직거래</거래유형><건축년도>2022</건축년도><년>2022</년><도로명>대림로</도로명><도로명건물본번호코드>00181</도로명건물본번호코드><도로명건물부번호코드>00000</도로명건물부번호코드><도로명시군구코드>11560</도로명시군구코드><도로명일련번호코드>00</도로명일련번호코드><도로명지상지하코드>0</도로명지상지하코드><도로명코드>3118027</도로명코드><법정동> 대림동</법정동><법정동본번코드>0739</법정동본번코드><법정동부번코드>0004</법정동부번코드><법정동시군구코드>11560</법정동시군구코드><법정동읍면동코드>13300</법정동읍면동코드><법정동지번코드>1</법정동지번코드><아파트>삼화에코빌1차</아파트><월>12</월><일>5</일><일련번호>11560-2266</일련번호><전용면적>52.7</전용면적><중개사소재지> </중개사소재지><지번>739-4</지번><지역코드>11560</지역코드><층>2</층><해제사유발생일> </해제사유발생일><해제여부> </해제여부></item><item><거래금액>    65,750</거래금액><거래유형>직거래</거래유형><건축년도>2022</건축년도><년>2022</년><도로명>대림로</도로명><도로명건물본번호코드>00181</도로명건물본번호코드><도로명건물부번호코드>00000</도로명건물부번호코드><도로명시군구코드>11560</도로명시군구코드><도로명일련번호코드>00</도로명일련번호코드><도로명지상지하코드>0</도로명지상지하코드><도로명코드>3118027</도로명코드><법정동> 대림동</법정동><법정동본번코드>0739</법정동본번코드><법정동부번코드>0004</법정동부번코드><법정동시군구코드>11560</법정동시군구코드><법정동읍면동코드>13300</법정동읍면동코드><법정동지번코드>1</법정동지번코드><아파트>삼화에코빌1차</아파트><월>12</월><일>5</일><일련번호>11560-2266</일련번호><전용면적>52.27</전용면적><중개사소재지> </중개사소재지><지번>739-4</지번><지역코드>11560</지역코드><층>10</층><해제사유발생일> </해제사유발생일><해제여부> </해제여부></item><item><거래금액>    65,150</거래금액><거래유형>직거래</거래유형><건축년도>2022</건축년도><년>2022</년><도로명>대림로</도로명><도로명건물본번호코드>00181</도로명건물본번호코드><도로명건물부번호코드>00000</도로명건물부번호코드><도로명시군구코드>11560</도로명시군구코드><도로명일련번호코드>00</도로명일련번호코드><도로명지상지하코드>0</도로명지상지하코드><도로명코드>3118027</도로명코드><법정동> 대림동</법정동><법정동본번코드>0739</법정동본번코드><법정동부번코드>0004</법정동부번코드><법정동시군구코드>11560</법정동시군구코드><법정동읍면동코드>13300</법정동읍면동코드><법정동지번코드>1</법정동지번코드><아파트>삼화에코빌1차</아파트><월>12</월><일>5</일><일련번호>11560-2266</일련번호><전용면적>51.77</전용면적><중개사소재지> </중개사소재지><지번>739-4</지번><지역코드>11560</지역코드><층>10</층><해제사유발생일> </해제사유발생일><해제여부> </해제여부></item><item><거래금액>    65,750</거래금액><거래유형>직거래</거래유형><건축년도>2022</건축년도><년>2022</년><도로명>대림로</도로명><도로명건물본번호코드>00181</도로명건물본번호코드><도로명건물부번호코드>00000</도로명건물부번호코드><도로명시군구코드>11560</도로명시군구코드><도로명일련번호코드>00</도로명일련번호코드><도로명지상지하코드>0</도로명지상지하코드><도로명코드>3118027</도로명코드><법정동> 대림동</법정동><법정동본번코드>0739</법정동본번코드><법정동부번코드>0004</법정동부번코드><법정동시군구코드>11560</법정동시군구코드><법정동읍면동코드>13300</법정동읍면동코드><법정동지번코드>1</법정동지번코드><아파트>삼화에코빌1차</아파트><월>12</월><일>5</일><일련번호>11560-2266</일련번호><전용면적>52.27</전용면적><중개사소재지> </중개사소재지><지번>739-4</지번><지역코드>11560</지역코드><층>9</층><해제사유발생일> </해제사유발생일><해제여부> </해제여부></item><item><거래금액>    65,150</거래금액><거래유형>직거래</거래유형><건축년도>2022</건축년도><년>2022</년><도로명>대림로</도로명><도로명건물본번호코드>00181</도로명건물본번호코드><도로명건물부번호코드>00000</도로명건물부번호코드><도로명시군구코드>11560</도로명시군구코드><도로명일련번호코드>00</도로명일련번호코드><도로명지상지하코드>0</도로명지상지하코드><도로명코드>3118027</도로명코드><법정동> 대림동</법정동><법정동본번코드>0739</법정동본번코드><법정동부번코드>0004</법정동부번코드><법정동시군구코드>11560</법정동시군구코드><법정동읍면동코드>13300</법정동읍면동코드><법정동지번코드>1</법정동지번코드><아파트>삼화에코빌1차</아파트><월>12</월><일>5</일><일련번호>11560-2266</일련번호><전용면적>51.77</전용면적><중개사소재지> </중개사소재지><지번>739-4</지번><지역코드>11560</지역코드><층>9</층><해제사유발생일> </해제사유발생일><해제여부> </해제여부></item><item><거래금액>    64,900</거래금액><거래유형>직거래</거래유형><건축년도>2022</건축년도><년>2022</년><도로명>대림로</도로명><도로명건물본번호코드>00181</도로명건물본번호코드><도로명건물부번호코드>00000</도로명건물부번호코드><도로명시군구코드>11560</도로명시군구코드><도로명일련번호코드>00</도로명일련번호코드><도로명지상지하코드>0</도로명지상지하코드><도로명코드>3118027</도로명코드><법정동> 대림동</법정동><법정동본번코드>0739</법정동본번코드><법정동부번코드>0004</법정동부번코드><법정동시군구코드>11560</법정동시군구코드><법정동읍면동코드>13300</법정동읍면동코드><법정동지번코드>1</법정동지번코드><아파트>삼화에코빌1차</아파트><월>12</월><일>5</일><일련번호>11560-2266</일련번호><전용면적>54.29</전용면적><중개사소재지> </중개사소재지><지번>739-4</지번><지역코드>11560</지역코드><층>8</층><해제사유발생일> </해제사유발생일><해제여부> </해제여부></item><item><거래금액>    64,250</거래금액><거래유형>직거래</거래유형><건축년도>2022</건축년도><년>2022</년><도로명>대림로</도로명><도로명건물본번호코드>00181</도로명건물본번호코드><도로명건물부번호코드>00000</도로명건물부번호코드><도로명시군구코드>11560</도로명시군구코드><도로명일련번호코드>00</도로명일련번호코드><도로명지상지하코드>0</도로명지상지하코드><도로명코드>3118027</도로명코드><법정동> 대림동</법정동><법정동본번코드>0739</법정동본번코드><법정동부번코드>0004</법정동부번코드><법정동시군구코드>11560</법정동시군구코드><법정동읍면동코드>13300</법정동읍면동코드><법정동지번코드>1</법정동지번코드><아파트>삼화에코빌1차</아파트><월>12</월><일>5</일><일련번호>11560-2266</일련번호><전용면적>53.72</전용면적><중개사소재지> </중개사소재지><지번>739-4</지번><지역코드>11560</지역코드><층>8</층><해제사유발생일> </해제사유발생일><해제여부> </해제여부></item><item><거래금액>    63,950</거래금액><거래유형>직거래</거래유형><건축년도>2022</건축년도><년>2022</년><도로명>대림로</도로명><도로명건물본번호코드>00181</도로명건물본번호코드><도로명건물부번호코드>00000</도로명건물부번호코드><도로명시군구코드>11560</도로명시군구코드><도로명일련번호코드>00</도로명일련번호코드><도로명지상지하코드>0</도로명지상지하코드><도로명코드>3118027</도로명코드><법정동> 대림동</법정동><법정동본번코드>0739</법정동본번코드><법정동부번코드>0004</법정동부번코드><법정동시군구코드>11560</법정동시군구코드><법정동읍면동코드>13300</법정동읍면동코드><법정동지번코드>1</법정동지번코드><아파트>삼화에코빌1차</아파트><월>12</월><일>5</일><일련번호>11560-2266</일련번호><전용면적>54.29</전용면적><중개사소재지> </중개사소재지><지번>739-4</지번><지역코드>11560</지역코드><층>7</층><해제사유발생일> </해제사유발생일><해제여부> </해제여부></item><item><거래금액>    59,800</거래금액><거래유형>직거래</거래유형><건축년도>2022</건축년도><년>2022</년><도로명>대림로</도로명><도로명건물본번호코드>00181</도로명건물본번호코드><도로명건물부번호코드>00000</도로명건물부번호코드><도로명시군구코드>11560</도로명시군구코드><도로명일련번호코드>00</도로명일련번호코드><도로명지상지하코드>0</도로명지상지하코드><도로명코드>3118027</도로명코드><법정동> 대림동</법정동><법정동본번코드>0739</법정동본번코드><법정동부번코드>0004</법정동부번코드><법정동시군구코드>11560</법정동시군구코드><법정동읍면동코드>13300</법정동읍면동코드><법정동지번코드>1</법정동지번코드><아파트>삼화에코빌1차</아파트><월>12</월><일>5</일><일련번호>11560-2266</일련번호><전용면적>49.74</전용면적><중개사소재지> </중개사소재지><지번>739-4</지번><지역코드>11560</지역코드><층>7</층><해제사유발생일> </해제사유발생일><해제여부> </해제여부></item><item><거래금액>    62,100</거래금액><거래유형>직거래</거래유형><건축년도>2022</건축년도><년>2022</년><도로명>대림로</도로명><도로명건물본번호코드>00181</도로명건물본번호코드><도로명건물부번호코드>00000</도로명건물부번호코드><도로명시군구코드>11560</도로명시군구코드><도로명일련번호코드>00</도로명일련번호코드><도로명지상지하코드>0</도로명지상지하코드><도로명코드>3118027</도로명코드><법정동> 대림동</법정동><법정동본번코드>0739</법정동본번코드><법정동부번코드>0004</법정동부번코드><법정동시군구코드>11560</법정동시군구코드><법정동읍면동코드>13300</법정동읍면동코드><법정동지번코드>1</법정동지번코드><아파트>삼화에코빌1차</아파트><월>12</월><일>5</일><일련번호>11560-2266</일련번호><전용면적>52.7</전용면적><중개사소재지> </중개사소재지><지번>739-4</지번><지역코드>11560</지역코드><층>7</층><해제사유발생일> </해제사유발생일><해제여부> </해제여부></item><item><거래금액>    63,900</거래금액><거래유형>직거래</거래유형><건축년도>2022</건축년도><년>2022</년><도로명>대림로</도로명><도로명건물본번호코드>00181</도로명건물본번호코드><도로명건물부번호코드>00000</도로명건물부번호코드><도로명시군구코드>11560</도로명시군구코드><도로명일련번호코드>00</도로명일련번호코드><도로명지상지하코드>0</도로명지상지하코드><도로명코드>3118027</도로명코드><법정동> 대림동</법정동><법정동본번코드>0739</법정동본번코드><법정동부번코드>0004</법정동부번코드><법정동시군구코드>11560</법정동시군구코드><법정동읍면동코드>13300</법정동읍면동코드><법정동지번코드>1</법정동지번코드><아파트>삼화에코빌1차</아파트><월>12</월><일>5</일><일련번호>11560-2266</일련번호><전용면적>55.64</전용면적><중개사소재지> </중개사소재지><지번>739-4</지번><지역코드>11560</지역코드><층>6</층><해제사유발생일> </해제사유발생일><해제여부> </해제여부></item><item><거래금액>    61,400</거래금액><거래유형>직거래</거래유형><건축년도>2022</건축년도><년>2022</년><도로명>대림로</도로명><도로명건물본번호코드>00181</도로명건물본번호코드><도로명건물부번호코드>00000</도로명건물부번호코드><도로명시군구코드>11560</도로명시군구코드><도로명일련번호코드>00</도로명일련번호코드><도로명지상지하코드>0</도로명지상지하코드><도로명코드>3118027</도로명코드><법정동> 대림동</법정동><법정동본번코드>0739</법정동본번코드><법정동부번코드>0004</법정동부번코드><법정동시군구코드>11560</법정동시군구코드><법정동읍면동코드>13300</법정동읍면동코드><법정동지번코드>1</법정동지번코드><아파트>삼화에코빌1차</아파트><월>12</월><일>5</일><일련번호>11560-2266</일련번호><전용면적>53.47</전용면적><중개사소재지> </중개사소재지><지번>739-4</지번><지역코드>11560</지역코드><층>6</층><해제사유발생일> </해제사유발생일><해제여부> </해제여부></item><item><거래금액>    62,950</거래금액><거래유형>직거래</거래유형><건축년도>2022</건축년도><년>2022</년><도로명>대림로</도로명><도로명건물본번호코드>00181</도로명건물본번호코드><도로명건물부번호코드>00000</도로명건물부번호코드><도로명시군구코드>11560</도로명시군구코드><도로명일련번호코드>00</도로명일련번호코드><도로명지상지하코드>0</도로명지상지하코드><도로명코드>3118027</도로명코드><법정동> 대림동</법정동><법정동본번코드>0739</법정동본번코드><법정동부번코드>0004</법정동부번코드><법정동시군구코드>11560</법정동시군구코드><법정동읍면동코드>13300</법정동읍면동코드><법정동지번코드>1</법정동지번코드><아파트>삼화에코빌1차</아파트><월>12</월><일>5</일><일련번호>11560-2266</일련번호><전용면적>54.26</전용면적><중개사소재지> </중개사소재지><지번>739-4</지번><지역코드>11560</지역코드><층>6</층><해제사유발생일> </해제사유발생일><해제여부> </해제여부></item><item><거래금액>    61,800</거래금액><거래유형>직거래</거래유형><건축년도>2022</건축년도><년>2022</년><도로명>대림로</도로명><도로명건물본번호코드>00181</도로명건물본번호코드><도로명건물부번호코드>00000</도로명건물부번호코드><도로명시군구코드>11560</도로명시군구코드><도로명일련번호코드>00</도로명일련번호코드><도로명지상지하코드>0</도로명지상지하코드><도로명코드>3118027</도로명코드><법정동> 대림동</법정동><법정동본번코드>0739</법정동본번코드><법정동부번코드>0004</법정동부번코드><법정동시군구코드>11560</법정동시군구코드><법정동읍면동코드>13300</법정동읍면동코드><법정동지번코드>1</법정동지번코드><아파트>삼화에코빌1차</아파트><월>12</월><일>5</일><일련번호>11560-2266</일련번호><전용면적>52.7</전용면적><중개사소재지> </중개사소재지><지번>739-4</지번><지역코드>11560</지역코드><층>6</층><해제사유발생일> </해제사유발생일><해제여부> </해제여부></item><item><거래금액>    63,550</거래금액><거래유형>직거래</거래유형><건축년도>2022</건축년도><년>2022</년><도로명>대림로</도로명><도로명건물본번호코드>00181</도로명건물본번호코드><도로명건물부번호코드>00000</도로명건물부번호코드><도로명시군구코드>11560</도로명시군구코드><도로명일련번호코드>00</도로명일련번호코드><도로명지상지하코드>0</도로명지상지하코드><도로명코드>3118027</도로명코드><법정동> 대림동</법정동><법정동본번코드>0739</법정동본번코드><법정동부번코드>0004</법정동부번코드><법정동시군구코드>11560</법정동시군구코드><법정동읍면동코드>13300</법정동읍면동코드><법정동지번코드>1</법정동지번코드><아파트>삼화에코빌1차</아파트><월>12</월><일>5</일><일련번호>11560-2266</일련번호><전용면적>55.64</전용면적><중개사소재지> </중개사소재지><지번>739-4</지번><지역코드>11560</지역코드><층>5</층><해제사유발생일> </해제사유발생일><해제여부> </해제여부></item><item><거래금액>    61,050</거래금액><거래유형>직거래</거래유형><건축년도>2022</건축년도><년>2022</년><도로명>대림로</도로명><도로명건물본번호코드>00181</도로명건물본번호코드><도로명건물부번호코드>00000</도로명건물부번호코드><도로명시군구코드>11560</도로명시군구코드><도로명일련번호코드>00</도로명일련번호코드><도로명지상지하코드>0</도로명지상지하코드><도로명코드>3118027</도로명코드><법정동> 대림동</법정동><법정동본번코드>0739</법정동본번코드><법정동부번코드>0004</법정동부번코드><법정동시군구코드>11560</법정동시군구코드><법정동읍면동코드>13300</법정동읍면동코드><법정동지번코드>1</법정동지번코드><아파트>삼화에코빌1차</아파트><월>12</월><일>5</일><일련번호>11560-2266</일련번호><전용면적>53.47</전용면적><중개사소재지> </중개사소재지><지번>739-4</지번><지역코드>11560</지역코드><층>5</층><해제사유발생일> </해제사유발생일><해제여부> </해제여부></item><item><거래금액>    62,650</거래금액><거래유형>직거래</거래유형><건축년도>2022</건축년도><년>2022</년><도로명>대림로</도로명><도로명건물본번호코드>00181</도로명건물본번호코드><도로명건물부번호코드>00000</도로명건물부번호코드><도로명시군구코드>11560</도로명시군구코드><도로명일련번호코드>00</도로명일련번호코드><도로명지상지하코드>0</도로명지상지하코드><도로명코드>3118027</도로명코드><법정동> 대림동</법정동><법정동본번코드>0739</법정동본번코드><법정동부번코드>0004</법정동부번코드><법정동시군구코드>11560</법정동시군구코드><법정동읍면동코드>13300</법정동읍면동코드><법정동지번코드>1</법정동지번코드><아파트>삼화에코빌1차</아파트><월>12</월><일>5</일><일련번호>11560-2266</일련번호><전용면적>54.26</전용면적><중개사소재지> </중개사소재지><지번>739-4</지번><지역코드>11560</지역코드><층>5</층><해제사유발생일> </해제사유발생일><해제여부> </해제여부></item><item><거래금액>    61,500</거래금액><거래유형>직거래</거래유형><건축년도>2022</건축년도><년>2022</년><도로명>대림로</도로명><도로명건물본번호코드>00181</도로명건물본번호코드><도로명건물부번호코드>00000</도로명건물부번호코드><도로명시군구코드>11560</도로명시군구코드><도로명일련번호코드>00</도로명일련번호코드><도로명지상지하코드>0</도로명지상지하코드><도로명코드>3118027</도로명코드><법정동> 대림동</법정동><법정동본번코드>0739</법정동본번코드><법정동부번코드>0004</법정동부번코드><법정동시군구코드>11560</법정동시군구코드><법정동읍면동코드>13300</법정동읍면동코드><법정동지번코드>1</법정동지번코드><아파트>삼화에코빌1차</아파트><월>12</월><일>5</일><일련번호>11560-2266</일련번호><전용면적>52.7</전용면적><중개사소재지> </중개사소재지><지번>739-4</지번><지역코드>11560</지역코드><층>5</층><해제사유발생일> </해제사유발생일><해제여부> </해제여부></item><item><거래금액>    63,200</거래금액><거래유형>직거래</거래유형><건축년도>2022</건축년도><년>2022</년><도로명>대림로</도로명><도로명건물본번호코드>00181</도로명건물본번호코드><도로명건물부번호코드>00000</도로명건물부번호코드><도로명시군구코드>11560</도로명시군구코드><도로명일련번호코드>00</도로명일련번호코드><도로명지상지하코드>0</도로명지상지하코드><도로명코드>3118027</도로명코드><법정동> 대림동</법정동><법정동본번코드>0739</법정동본번코드><법정동부번코드>0004</법정동부번코드><법정동시군구코드>11560</법정동시군구코드><법정동읍면동코드>13300</법정동읍면동코드><법정동지번코드>1</법정동지번코드><아파트>삼화에코빌1차</아파트><월>12</월><일>5</일><일련번호>11560-2266</일련번호><전용면적>55.64</전용면적><중개사소재지> </중개사소재지><지번>739-4</지번><지역코드>11560</지역코드><층>4</층><해제사유발생일> </해제사유발생일><해제여부> </해제여부></item><item><거래금액>    60,700</거래금액><거래유형>직거래</거래유형><건축년도>2022</건축년도><년>2022</년><도로명>대림로</도로명><도로명건물본번호코드>00181</도로명건물본번호코드><도로명건물부번호코드>00000</도로명건물부번호코드><도로명시군구코드>11560</도로명시군구코드><도로명일련번호코드>00</도로명일련번호코드><도로명지상지하코드>0</도로명지상지하코드><도로명코드>3118027</도로명코드><법정동> 대림동</법정동><법정동본번코드>0739</법정동본번코드><법정동부번코드>0004</법정동부번코드><법정동시군구코드>11560</법정동시군구코드><법정동읍면동코드>13300</법정동읍면동코드><법정동지번코드>1</법정동지번코드><아파트>삼화에코빌1차</아파트><월>12</월><일>5</일><일련번호>11560-2266</일련번호><전용면적>53.47</전용면적><중개사소재지> </중개사소재지><지번>739-4</지번><지역코드>11560</지역코드><층>4</층><해제사유발생일> </해제사유발생일><해제여부> </해제여부></item><item><거래금액>    62,300</거래금액><거래유형>직거래</거래유형><건축년도>2022</건축년도><년>2022</년><도로명>대림로</도로명><도로명건물본번호코드>00181</도로명건물본번호코드><도로명건물부번호코드>00000</도로명건물부번호코드><도로명시군구코드>11560</도로명시군구코드><도로명일련번호코드>00</도로명일련번호코드><도로명지상지하코드>0</도로명지상지하코드><도로명코드>3118027</도로명코드><법정동> 대림동</법정동><법정동본번코드>0739</법정동본번코드><법정동부번코드>0004</법정동부번코드><법정동시군구코드>11560</법정동시군구코드><법정동읍면동코드>13300</법정동읍면동코드><법정동지번코드>1</법정동지번코드><아파트>삼화에코빌1차</아파트><월>12</월><일>5</일><일련번호>11560-2266</일련번호><전용면적>54.26</전용면적><중개사소재지> </중개사소재지><지번>739-4</지번><지역코드>11560</지역코드><층>4</층><해제사유발생일> </해제사유발생일><해제여부> </해제여부></item><item><거래금액>    61,150</거래금액><거래유형>직거래</거래유형><건축년도>2022</건축년도><년>2022</년><도로명>대림로</도로명><도로명건물본번호코드>00181</도로명건물본번호코드><도로명건물부번호코드>00000</도로명건물부번호코드><도로명시군구코드>11560</도로명시군구코드><도로명일련번호코드>00</도로명일련번호코드><도로명지상지하코드>0</도로명지상지하코드><도로명코드>3118027</도로명코드><법정동> 대림동</법정동><법정동본번코드>0739</법정동본번코드><법정동부번코드>0004</법정동부번코드><법정동시군구코드>11560</법정동시군구코드><법정동읍면동코드>13300</법정동읍면동코드><법정동지번코드>1</법정동지번코드><아파트>삼화에코빌1차</아파트><월>12</월><일>5</일><일련번호>11560-2266</일련번호><전용면적>52.7</전용면적><중개사소재지> </중개사소재지><지번>739-4</지번><지역코드>11560</지역코드><층>4</층><해제사유발생일> </해제사유발생일><해제여부> </해제여부></item><item><거래금액>    62,500</거래금액><거래유형>직거래</거래유형><건축년도>2022</건축년도><년>2022</년><도로명>대림로</도로명><도로명건물본번호코드>00181</도로명건물본번호코드><도로명건물부번호코드>00000</도로명건물부번호코드><도로명시군구코드>11560</도로명시군구코드><도로명일련번호코드>00</도로명일련번호코드><도로명지상지하코드>0</도로명지상지하코드><도로명코드>3118027</도로명코드><법정동> 대림동</법정동><법정동본번코드>0739</법정동본번코드><법정동부번코드>0004</법정동부번코드><법정동시군구코드>11560</법정동시군구코드><법정동읍면동코드>13300</법정동읍면동코드><법정동지번코드>1</법정동지번코드><아파트>삼화에코빌1차</아파트><월>12</월><일>5</일><일련번호>11560-2266</일련번호><전용면적>55.64</전용면적><중개사소재지> </중개사소재지><지번>739-4</지번><지역코드>11560</지역코드><층>3</층><해제사유발생일> </해제사유발생일><해제여부> </해제여부></item><item><거래금액>    60,100</거래금액><거래유형>직거래</거래유형><건축년도>2022</건축년도><년>2022</년><도로명>대림로</도로명><도로명건물본번호코드>00181</도로명건물본번호코드><도로명건물부번호코드>00000</도로명건물부번호코드><도로명시군구코드>11560</도로명시군구코드><도로명일련번호코드>00</도로명일련번호코드><도로명지상지하코드>0</도로명지상지하코드><도로명코드>3118027</도로명코드><법정동> 대림동</법정동><법정동본번코드>0739</법정동본번코드><법정동부번코드>0004</법정동부번코드><법정동시군구코드>11560</법정동시군구코드><법정동읍면동코드>13300</법정동읍면동코드><법정동지번코드>1</법정동지번코드><아파트>삼화에코빌1차</아파트><월>12</월><일>5</일><일련번호>11560-2266</일련번호><전용면적>53.47</전용면적><중개사소재지> </중개사소재지><지번>739-4</지번><지역코드>11560</지역코드><층>3</층><해제사유발생일> </해제사유발생일><해제여부> </해제여부></item><item><거래금액>    61,650</거래금액><거래유형>직거래</거래유형><건축년도>2022</건축년도><년>2022</년><도로명>대림로</도로명><도로명건물본번호코드>00181</도로명건물본번호코드><도로명건물부번호코드>00000</도로명건물부번호코드><도로명시군구코드>11560</도로명시군구코드><도로명일련번호코드>00</도로명일련번호코드><도로명지상지하코드>0</도로명지상지하코드><도로명코드>3118027</도로명코드><법정동> 대림동</법정동><법정동본번코드>0739</법정동본번코드><법정동부번코드>0004</법정동부번코드><법정동시군구코드>11560</법정동시군구코드><법정동읍면동코드>13300</법정동읍면동코드><법정동지번코드>1</법정동지번코드><아파트>삼화에코빌1차</아파트><월>12</월><일>5</일><일련번호>11560-2266</일련번호><전용면적>54.26</전용면적><중개사소재지> </중개사소재지><지번>739-4</지번><지역코드>11560</지역코드><층>3</층><해제사유발생일> </해제사유발생일><해제여부> </해제여부></item><item><거래금액>    60,500</거래금액><거래유형>직거래</거래유형><건축년도>2022</건축년도><년>2022</년><도로명>대림로</도로명><도로명건물본번호코드>00181</도로명건물본번호코드><도로명건물부번호코드>00000</도로명건물부번호코드><도로명시군구코드>11560</도로명시군구코드><도로명일련번호코드>00</도로명일련번호코드><도로명지상지하코드>0</도로명지상지하코드><도로명코드>3118027</도로명코드><법정동> 대림동</법정동><법정동본번코드>0739</법정동본번코드><법정동부번코드>0004</법정동부번코드><법정동시군구코드>11560</법정동시군구코드><법정동읍면동코드>13300</법정동읍면동코드><법정동지번코드>1</법정동지번코드><아파트>삼화에코빌1차</아파트><월>12</월><일>5</일><일련번호>11560-2266</일련번호><전용면적>52.7</전용면적><중개사소재지> </중개사소재지><지번>739-4</지번><지역코드>11560</지역코드><층>3</층><해제사유발생일> </해제사유발생일><해제여부> </해제여부></item><item><거래금액>    61,850</거래금액><거래유형>직거래</거래유형><건축년도>2022</건축년도><년>2022</년><도로명>대림로</도로명><도로명건물본번호코드>00181</도로명건물본번호코드><도로명건물부번호코드>00000</도로명건물부번호코드><도로명시군구코드>11560</도로명시군구코드><도로명일련번호코드>00</도로명일련번호코드><도로명지상지하코드>0</도로명지상지하코드><도로명코드>3118027</도로명코드><법정동> 대림동</법정동><법정동본번코드>0739</법정동본번코드><법정동부번코드>0004</법정동부번코드><법정동시군구코드>11560</법정동시군구코드><법정동읍면동코드>13300</법정동읍면동코드><법정동지번코드>1</법정동지번코드><아파트>삼화에코빌1차</아파트><월>12</월><일>5</일><일련번호>11560-2266</일련번호><전용면적>55.64</전용면적><중개사소재지> </중개사소재지><지번>739-4</지번><지역코드>11560</지역코드><층>2</층><해제사유발생일> </해제사유발생일><해제여부> </해제여부></item><item><거래금액>    59,450</거래금액><거래유형>직거래</거래유형><건축년도>2022</건축년도><년>2022</년><도로명>대림로</도로명><도로명건물본번호코드>00181</도로명건물본번호코드><도로명건물부번호코드>00000</도로명건물부번호코드><도로명시군구코드>11560</도로명시군구코드><도로명일련번호코드>00</도로명일련번호코드><도로명지상지하코드>0</도로명지상지하코드><도로명코드>3118027</도로명코드><법정동> 대림동</법정동><법정동본번코드>0739</법정동본번코드><법정동부번코드>0004</법정동부번코드><법정동시군구코드>11560</법정동시군구코드><법정동읍면동코드>13300</법정동읍면동코드><법정동지번코드>1</법정동지번코드><아파트>삼화에코빌1차</아파트><월>12</월><일>5</일><일련번호>11560-2266</일련번호><전용면적>53.47</전용면적><중개사소재지> </중개사소재지><지번>739-4</지번><지역코드>11560</지역코드><층>2</층><해제사유발생일> </해제사유발생일><해제여부> </해제여부></item><item><거래금액>    60,950</거래금액><거래유형>직거래</거래유형><건축년도>2022</건축년도><년>2022</년><도로명>대림로</도로명><도로명건물본번호코드>00181</도로명건물본번호코드><도로명건물부번호코드>00000</도로명건물부번호코드><도로명시군구코드>11560</도로명시군구코드><도로명일련번호코드>00</도로명일련번호코드><도로명지상지하코드>0</도로명지상지하코드><도로명코드>3118027</도로명코드><법정동> 대림동</법정동><법정동본번코드>0739</법정동본번코드><법정동부번코드>0004</법정동부번코드><법정동시군구코드>11560</법정동시군구코드><법정동읍면동코드>13300</법정동읍면동코드><법정동지번코드>1</법정동지번코드><아파트>삼화에코빌1차</아파트><월>12</월><일>5</일><일련번호>11560-2266</일련번호><전용면적>54.26</전용면적><중개사소재지> </중개사소재지><지번>739-4</지번><지역코드>11560</지역코드><층>2</층><해제사유발생일> </해제사유발생일><해제여부> </해제여부></item><item><거래금액>     8,000</거래금액><거래유형>중개거래</거래유형><건축년도>2013</건축년도><년>2022</년><도로명>대림로29길</도로명><도로명건물본번호코드>00013</도로명건물본번호코드><도로명건물부번호코드>00000</도로명건물부번호코드><도로명시군구코드>11560</도로명시군구코드><도로명일련번호코드>01</도로명일련번호코드><도로명지상지하코드>0</도로명지상지하코드><도로명코드>4154157</도로명코드><법정동> 대림동</법정동><법정동본번코드>0717</법정동본번코드><법정동부번코드>0000</법정동부번코드><법정동시군구코드>11560</법정동시군구코드><법정동읍면동코드>13300</법정동읍면동코드><법정동지번코드>1</법정동지번코드><아파트>쌍용플래티넘S</아파트><월>12</월><일>7</일><일련번호>11560-1602</일련번호><전용면적>18.24</전용면적><중개사소재지>서울 영등포구</중개사소재지><지번>717</지번><지역코드>11560</지역코드><층>7</층><해제사유발생일> </해제사유발생일><해제여부> </해제여부></item><item><거래금액>    15,000</거래금액><거래유형>중개거래</거래유형><건축년도>2018</건축년도><년>2022</년><도로명>도림천로19길</도로명><도로명건물본번호코드>00011</도로명건물본번호코드><도로명건물부번호코드>00000</도로명건물부번호코드><도로명시군구코드>11560</도로명시군구코드><도로명일련번호코드>00</도로명일련번호코드><도로명지상지하코드>0</도로명지상지하코드><도로명코드>4154300</도로명코드><법정동> 대림동</법정동><법정동본번코드>1101</법정동본번코드><법정동부번코드>0007</법정동부번코드><법정동시군구코드>11560</법정동시군구코드><법정동읍면동코드>13300</법정동읍면동코드><법정동지번코드>1</법정동지번코드><아파트>G밸리소홈</아파트><월>12</월><일>8</일><일련번호>11560-2043</일련번호><전용면적>16.1</전용면적><중개사소재지>서울 구로구</중개사소재지><지번>1101-7</지번><지역코드>11560</지역코드><층>10</층><해제사유발생일> </해제사유발생일><해제여부> </해제여부></item><item><거래금액>    73,000</거래금액><거래유형>직거래</거래유형><건축년도>2007</건축년도><년>2022</년><도로명>시흥대로</도로명><도로명건물본번호코드>00589</도로명건물본번호코드><도로명건물부번호코드>00008</도로명건물부번호코드><도로명시군구코드>11560</도로명시군구코드><도로명일련번호코드>01</도로명일련번호코드><도로명지상지하코드>0</도로명지상지하코드><도로명코드>2005010</도로명코드><법정동> 대림동</법정동><법정동본번코드>1122</법정동본번코드><법정동부번코드>0000</법정동부번코드><법정동시군구코드>11560</법정동시군구코드><법정동읍면동코드>13300</법정동읍면동코드><법정동지번코드>1</법정동지번코드><아파트>신대림자이2단지</아파트><월>12</월><일>19</일><일련번호>11560-1351</일련번호><전용면적>84.83</전용면적><중개사소재지> </중개사소재지><지번>1122</지번><지역코드>11560</지역코드><층>16</층><해제사유발생일> </해제사유발생일><해제여부> </해제여부></item><item><거래금액>    60,000</거래금액><거래유형>직거래</거래유형><건축년도>1985</건축년도><년>2022</년><도로명>도림로</도로명><도로명건물본번호코드>00187</도로명건물본번호코드><도로명건물부번호코드>00000</도로명건물부번호코드><도로명시군구코드>11560</도로명시군구코드><도로명일련번호코드>06</도로명일련번호코드><도로명지상지하코드>0</도로명지상지하코드><도로명코드>3116010</도로명코드><법정동> 대림동</법정동><법정동본번코드>0696</법정동본번코드><법정동부번코드>0000</법정동부번코드><법정동시군구코드>11560</법정동시군구코드><법정동읍면동코드>13300</법정동읍면동코드><법정동지번코드>1</법정동지번코드><아파트>우성1</아파트><월>12</월><일>20</일><일련번호>11560-131</일련번호><전용면적>62.37</전용면적><중개사소재지> </중개사소재지><지번>696</지번><지역코드>11560</지역코드><층>2</층><해제사유발생일> </해제사유발생일><해제여부> </해제여부></item></items><numOfRows>999</numOfRows><pageNo>1</pageNo><totalCount>69</totalCount></body></response>