<?xml version="1.0" encoding="UTF-8" standalone="yes"?><response><header><resultCode>00</resultCode><resultMsg>NORMAL SERVICE.</resultMsg></header><body><items><item><거래금액>    77,100</거래금액><거래유형>중개거래</거래유형><건축년도>2012</건축년도><년>2023</년><도로명>두텁바위로69길</도로명><도로명건물본번호코드>00029</도로명건물본번호코드><도로명건물부번호코드>00000</도로명건물부번호코드><도로명시군구코드>11170</도로명시군구코드><도로명일련번호코드>01</도로명일련번호코드><도로명지상지하코드>0</도로명지상지하코드><도로명코드>4106074</도로명코드><법정동> 후암동</법정동><법정동본번코드>0041</법정동본번코드><법정동부번코드>0001</법정동부번코드><법정동시군구코드>11170</법정동시군구코드><법정동읍면동코드>10100</법정동읍면동코드><법정동지번코드>1</법정동지번코드><아파트>(41-1)</아파트><월>2</월><일>26</일><일련번호>11170-2886</일련번호><전용면적>82.06</전용면적><중개사소재지>서울 용산구</중개사소재지><지번>41-1</지번><지역코드>11170</지역코드><층>3</층><해제사유발생일> </해제사유발생일><해제여부> </해제여부></item><item><거래금액>    60,000</거래금액><거래유형>직거래</거래유형><건축년도>1982</건축년도><년>2023</년><도로명>신흥로2길</도로명><도로명건물본번호코드>00058</도로명건물본번호코드><도로명건물부번호코드>00000</도로명건물부번호코드><도로명시군구코드>11170</도로명시군구코드><도로명일련번호코드>01</도로명일련번호코드><도로명지상지하코드>0</도로명지상지하코드><도로명코드>4106202</도로명코드><법정동> 용산동2가</법정동><법정동본번코드>0047</법정동본번코드><법정동부번코드>0005</법정동부번코드><법정동시군구코드>11170</법정동시군구코드><법정동읍면동코드>10200</법정동읍면동코드><법정동지번코드>1</법정동지번코드><아파트>용암한신</아파트><월>2</월><일>8</일><일련번호>11170-6</일련번호><전용면적>67.93</전용면적><중개사소재지> </중개사소재지><지번>47-5</지번><지역코드>11170</지역코드><층>6</층><해제사유발생일> </해제사유발생일><해제여부> </해제여부></item><item><거래금액>   208,000</거래금액><거래유형>중개거래</거래유형><건축년도>2013</건축년도><년>2023</년><도로명>한강대로</도로명><도로명건물본번호코드>00372</도로명건물본번호코드><도로명건물부번호코드>00000</도로명건물부번호코드><도로명시군구코드>11170</도로명시군구코드><도로명일련번호코드>03</도로명일련번호코드><도로명지상지하코드>0</도로명지상지하코드><도로명코드>2005005</도로명코드><법정동> 동자동</법정동><법정동본번코드>0045</법정동본번코드><법정동부번코드>0000</법정동부번코드><법정동시군구코드>11170</법정동시군구코드><법정동읍면동코드>10700</법정동읍면동코드><법정동지번코드>1</법정동지번코드><아파트>센트레빌아스테리움서울</아파트><월>2</월><일>4</일><일련번호>11170-2917</일련번호><전용면적>181.5</전용면적><중개사소재지>서울 용산구</중개사소재지><지번>45</지번><지역코드>11170</지역코드><층>32</층><해제사유발생일> </해제사유발생일><해제여부> </해제여부></item><item><거래금액>    49,500</거래금액><거래유형>중개거래</거래유형><건축년도>2018</건축년도><년>2023</년><도로명>원효로</도로명><도로명건물본번호코드>00251</도로명건물본번호코드><도로명건물부번호코드>00000</도로명건물부번호코드><도로명시군구코드>11170</도로명시군구코드><도로명일련번호코드>01</도로명일련번호코드><도로명지상지하코드>0</도로명지상지하코드><도로명코드>3102007</도로명코드><법정동> 원효로1가</법정동><법정동본번코드>0046</법정동본번코드><법정동부번코드>0003</법정동부번코드><법정동시군구코드>11170</법정동시군구코드><법정동읍면동코드>11200</법정동읍면동코드><법정동지번코드>1</법정동지번코드><아파트>용산파크뷰(46-3)</아파트><월>2</월><일>25</일><일련번호>11170-3174</일련번호><전용면적>27.57</전용면적><중개사소재지>서울 용산구</중개사소재지><지번>46-3</지번><지역코드>11170</지역코드><층>15</층><해제사유발생일> </해제사유발생일><해제여부> </해제여부></item><item><거래금액>    80,000</거래금액><거래유형>중개거래</거래유형><건축년도>2001</건축년도><년>2023</년><도로명>새창로8길</도로명><도로명건물본번호코드>00157</도로명건물본번호코드><도로명건물부번호코드>00000</도로명건물부번호코드><도로명시군구코드>11170</도로명시군구코드><도로명일련번호코드>01</도로명일련번호코드><도로명지상지하코드>0</도로명지상지하코드><도로명코드>4106144</도로명코드><법정동> 산천동</법정동><법정동본번코드>0204</법정동본번코드><법정동부번코드>0000</법정동부번코드><법정동시군구코드>11170</법정동시군구코드><법정동읍면동코드>11500</법정동읍면동코드><법정동지번코드>1</법정동지번코드><아파트>한강타운</아파트><월>2</월><일>9</일><일련번호>11170-139</일련번호><전용면적>59.69</전용면적><중개사소재지>서울 동작구</중개사소재지><지번>204</지번><지역코드>11170</지역코드><층>8</층><해제사유발생일> </해제사유발생일><해제여부> </해제여부></item><item><거래금액>   123,000</거래금액><거래유형>중개거래</거래유형><건축년도>1999</건축년도><년>2023</년><도로명>원효로</도로명><도로명건물본번호코드>00040</도로명건물본번호코드><도로명건물부번호코드>00000</도로명건물부번호코드><도로명시군구코드>11170</도로명시군구코드><도로명일련번호코드>05</도로명일련번호코드><도로명지상지하코드>0</도로명지상지하코드><도로명코드>3102007</도로명코드><법정동> 원효로4가</법정동><법정동본번코드>0178</법정동본번코드><법정동부번코드>0000</법정동부번코드><법정동시군구코드>11170</법정동시군구코드><법정동읍면동코드>11800</법정동읍면동코드><법정동지번코드>1</법정동지번코드><아파트>강변삼성스위트</아파트><월>2</월><일>28</일><일련번호>11170-13</일련번호><전용면적>59.94</전용면적><중개사소재지>서울 용산구</중개사소재지><지번>178</지번><지역코드>11170</지역코드><층>12</층><해제사유발생일> </해제사유발생일><해제여부> </해제여부></item><item><거래금액>   155,000</거래금액><거래유형>중개거래</거래유형><건축년도>2010</건축년도><년>2023</년><도로명>백범로</도로명><도로명건물본번호코드>00260</도로명건물본번호코드><도로명건물부번호코드>00000</도로명건물부번호코드><도로명시군구코드>11170</도로명시군구코드><도로명일련번호코드>03</도로명일련번호코드><도로명지상지하코드>0</도로명지상지하코드><도로명코드>3005016</도로명코드><법정동> 효창동</법정동><법정동본번코드>0274</법정동본번코드><법정동부번코드>0000</법정동부번코드><법정동시군구코드>11170</법정동시군구코드><법정동읍면동코드>11900</법정동읍면동코드><법정동지번코드>1</법정동지번코드><아파트>효창파크푸르지오</아파트><월>2</월><일>11</일><일련번호>11170-2821</일련번호><전용면적>84.45</전용면적><중개사소재지>서울 용산구</중개사소재지><지번>274</지번><지역코드>11170</지역코드><층>19</층><해제사유발생일> </해제사유발생일><해제여부> </해제여부></item><item><거래금액>   106,000</거래금액><거래유형>중개거래</거래유형><건축년도>2001</건축년도><년>2023</년><도로명>새창로</도로명><도로명건물본번호코드>00070</도로명건물본번호코드><도로명건물부번호코드>00000</도로명건물부번호코드><도로명시군구코드>11170</도로명시군구코드><도로명일련번호코드>02</도로명일련번호코드><도로명지상지하코드>0</도로명지상지하코드><도로명코드>3005018</도로명코드><법정동> 도원동</법정동><법정동본번코드>0023</법정동본번코드><법정동부번코드>0000</법정동부번코드><법정동시군구코드>11170</법정동시군구코드><법정동읍면동코드>12000</법정동읍면동코드><법정동지번코드>1</법정동지번코드><아파트>삼성래미안</아파트><월>2</월><일>21</일><일련번호>11170-27</일련번호><전용면적>59.94</전용면적><중개사소재지>서울 광진구, 서울 용산구</중개사소재지><지번>23</지번><지역코드>11170</지역코드><층>9</층><해제사유발생일> </해제사유발생일><해제여부> </해제여부></item><item><거래금액>    24,500</거래금액><거래유형>중개거래</거래유형><건축년도>1971</건축년도><년>2023</년><도로명>새창로12길</도로명><도로명건물본번호코드>00011</도로명건물본번호코드><도로명건물부번호코드>00007</도로명건물부번호코드><도로명시군구코드>11170</도로명시군구코드><도로명일련번호코드>02</도로명일련번호코드><도로명지상지하코드>0</도로명지상지하코드><도로명코드>4106131</도로명코드><법정동> 도원동</법정동><법정동본번코드>0003</법정동본번코드><법정동부번코드>0004</법정동부번코드><법정동시군구코드>11170</법정동시군구코드><법정동읍면동코드>12000</법정동읍면동코드><법정동지번코드>1</법정동지번코드><아파트>제일1</아파트><월>2</월><일>23</일><일련번호>11170-28</일련번호><전용면적>45.26</전용면적><중개사소재지>서울 용산구</중개사소재지><지번>3-4</지번><지역코드>11170</지역코드><층>1</층><해제사유발생일> </해제사유발생일><해제여부> </해제여부></item><item><거래금액>    16,000</거래금액><거래유형>중개거래</거래유형><건축년도>2012</건축년도><년>2023</년><도로명>백범로90길</도로명><도로명건물본번호코드>00038</도로명건물본번호코드><도로명건물부번호코드>00000</도로명건물부번호코드><도로명시군구코드>11170</도로명시군구코드><도로명일련번호코드>01</도로명일련번호코드><도로명지상지하코드>0</도로명지상지하코드><도로명코드>4106102</도로명코드><법정동> 문배동</법정동><법정동본번코드>0024</법정동본번코드><법정동부번코드>0008</법정동부번코드><법정동시군구코드>11170</법정동시군구코드><법정동읍면동코드>12200</법정동읍면동코드><법정동지번코드>1</법정동지번코드><아파트>프라임펠리스</아파트><월>2</월><일>21</일><일련번호>11170-2906</일련번호><전용면적>13.69</전용면적><중개사소재지>서울 용산구</중개사소재지><지번>24-8</지번><지역코드>11170</지역코드><층>17</층><해제사유발생일> </해제사유발생일><해제여부> </해제여부></item><item><거래금액>   159,000</거래금액><거래유형>중개거래</거래유형><건축년도>2011</건축년도><년>2023</년><도로명>원효로</도로명><도로명건물본번호코드>00216</도로명건물본번호코드><도로명건물부번호코드>00000</도로명건물부번호코드><도로명시군구코드>11170</도로명시군구코드><도로명일련번호코드>06</도로명일련번호코드><도로명지상지하코드>0</도로명지상지하코드><도로명코드>3102007</도로명코드><법정동> 신계동</법정동><법정동본번코드>0048</법정동본번코드><법정동부번코드>0000</법정동부번코드><법정동시군구코드>11170</법정동시군구코드><법정동읍면동코드>12300</법정동읍면동코드><법정동지번코드>1</법정동지번코드><아파트>용산e편한세상</아파트><월>2</월><일>4</일><일련번호>11170-2843</일련번호><전용면적>84.89</전용면적><중개사소재지>서울 용산구</중개사소재지><지번>48</지번><지역코드>11170</지역코드><층>6</층><해제사유발생일> </해제사유발생일><해제여부> </해제여부></item><item><거래금액>   320,000</거래금액><거래유형>중개거래</거래유형><건축년도>2020</건축년도><년>2023</년><도로명>서빙고로</도로명><도로명건물본번호코드>00017</도로명건물본번호코드><도로명건물부번호코드>00000</도로명건물부번호코드><도로명시군구코드>11170</도로명시군구코드><도로명일련번호코드>00</도로명일련번호코드><도로명코드>3102004</도로명코드><법정동> 한강로3가</법정동><법정동본번코드>0098</법정동본번코드><법정동부번코드>0000</법정동부번코드><법정동시군구코드>11170</법정동시군구코드><법정동읍면동코드>12800</법정동읍면동코드><법정동지번코드>1</법정동지번코드><아파트>센트럴파크</아파트><월>2</월><일>23</일><일련번호>11170-3299</일련번호><전용면적>114.8905</전용면적><중개사소재지>서울 용산구</중개사소재지><지번>98</지번><지역코드>11170</지역코드><층>27</층><해제사유발생일> </해제사유발생일><해제여부> </해제여부></item><item><거래금액>   279,800</거래금액><거래유형>중개거래</거래유형><건축년도>2020</건축년도><년>2023</년><도로명>서빙고로</도로명><도로명건물본번호코드>00017</도로명건물본번호코드><도로명건물부번호코드>00000</도로명건물부번호코드><도로명시군구코드>11170</도로명시군구코드><도로명일련번호코드>00</도로명일련번호코드><도로명코드>3102004</도로명코드><법정동> 한강로3가</법정동><법정동본번코드>0098</법정동본번코드><법정동부번코드>0000</법정동부번코드><법정동시군구코드>11170</법정동시군구코드><법정동읍면동코드>12800</법정동읍면동코드><법정동지번코드>1</법정동지번코드><아파트>센트럴파크</아파트><월>2</월><일>27</일><일련번호>11170-3299</일련번호><전용면적>114.8905</전용면적><중개사소재지>서울 용산구</중개사소재지><지번>98</지번><지역코드>11170</지역코드><층>22</층><해제사유발생일> </해제사유발생일><해제여부> </해제여부></item><item><거래금액>   395,000</거래금액><거래유형>중개거래</거래유형><건축년도>1971</건축년도><년>2023</년><도로명>이촌로</도로명><도로명건물본번호코드>00248</도로명건물본번호코드><도로명건물부번호코드>00000</도로명건물부번호코드><도로명시군구코드>11170</도로명시군구코드><도로명일련번호코드>02</도로명일련번호코드><도로명지상지하코드>0</도로명지상지하코드><도로명코드>3102008</도로명코드><법정동> 이촌동</법정동><법정동본번코드>0300</법정동본번코드><법정동부번코드>0023</법정동부번코드><법정동시군구코드>11170</법정동시군구코드><법정동읍면동코드>12900</법정동읍면동코드><법정동지번코드>1</법정동지번코드><아파트>한강맨숀</아파트><월>2</월><일>7</일><일련번호>11170-68</일련번호><전용면적>120.56</전용면적><중개사소재지>서울 용산구</중개사소재지><지번>300-23</지번><지역코드>11170</지역코드><층>5</층><해제사유발생일> </해제사유발생일><해제여부> </해제여부></item><item><거래금액>   173,300</거래금액><거래유형>직거래</거래유형><건축년도>1979</건축년도><년>2023</년><도로명>이촌로</도로명><도로명건물본번호코드>00260</도로명건물본번호코드><도로명건물부번호코드>00000</도로명건물부번호코드><도로명시군구코드>11170</도로명시군구코드><도로명일련번호코드>02</도로명일련번호코드><도로명지상지하코드>0</도로명지상지하코드><도로명코드>3102008</도로명코드><법정동> 이촌동</법정동><법정동본번코드>0300</법정동본번코드><법정동부번코드>0301</법정동부번코드><법정동시군구코드>11170</법정동시군구코드><법정동읍면동코드>12900</법정동읍면동코드><법정동지번코드>1</법정동지번코드><아파트>삼익</아파트><월>2</월><일>20</일><일련번호>11170-49</일련번호><전용면적>105.36</전용면적><중개사소재지> </중개사소재지><지번>300-301</지번><지역코드>11170</지역코드><층>1</층><해제사유발생일> </해제사유발생일><해제여부> </해제여부></item><item><거래금액>   190,000</거래금액><거래유형>중개거래</거래유형><건축년도>1972</건축년도><년>2023</년><도로명>이촌로75길</도로명><도로명건물본번호코드>00006</도로명건물본번호코드><도로명건물부번호코드>00000</도로명건물부번호코드><도로명시군구코드>11170</도로명시군구코드><도로명일련번호코드>01</도로명일련번호코드><도로명지상지하코드>0</도로명지상지하코드><도로명코드>4106292</도로명코드><법정동> 이촌동</법정동><법정동본번코드>0301</법정동본번코드><법정동부번코드>0010</법정동부번코드><법정동시군구코드>11170</법정동시군구코드><법정동읍면동코드>12900</법정동읍면동코드><법정동지번코드>1</법정동지번코드><아파트>로얄맨숀</아파트><월>2</월><일>25</일><일련번호>11170-43</일련번호><전용면적>186.12</전용면적><중개사소재지>서울 용산구</중개사소재지><지번>301-10</지번><지역코드>11170</지역코드><층>6</층><해제사유발생일> </해제사유발생일><해제여부> </해제여부></item><item><거래금액>   131,000</거래금액><거래유형>중개거래</거래유형><건축년도>1976</건축년도><년>2023</년><도로명>이촌로</도로명><도로명건물본번호코드>00177</도로명건물본번호코드><도로명건물부번호코드>00000</도로명건물부번호코드><도로명시군구코드>11170</도로명시군구코드><도로명일련번호코드>01</도로명일련번호코드><도로명코드>3102008</도로명코드><법정동> 이촌동</법정동><법정동본번코드>0301</법정동본번코드><법정동부번코드>0155</법정동부번코드><법정동시군구코드>11170</법정동시군구코드><법정동읍면동코드>12900</법정동읍면동코드><법정동지번코드>1</법정동지번코드><아파트>두산위브트레지움</아파트><월>2</월><일>27</일><일련번호>11170-2683</일련번호><전용면적>89.09</전용면적><중개사소재지>서울 동작구, 서울 용산구</중개사소재지><지번>301-155</지번><지역코드>11170</지역코드><층>12</층><해제사유발생일> </해제사유발생일><해제여부> </해제여부></item><item><거래금액>   282,000</거래금액><거래유형>중개거래</거래유형><건축년도>2011</건축년도><년>2023</년><도로명>독서당로</도로명><도로명건물본번호코드>00111</도로명건물본번호코드><도로명건물부번호코드>00000</도로명건물부번호코드><도로명시군구코드>11170</도로명시군구코드><도로명일련번호코드>01</도로명일련번호코드><도로명지상지하코드>0</도로명지상지하코드><도로명코드>3005014</도로명코드><법정동> 한남동</법정동><법정동본번코드>0810</법정동본번코드><법정동부번코드>0000</법정동부번코드><법정동시군구코드>11170</법정동시군구코드><법정동읍면동코드>13100</법정동읍면동코드><법정동지번코드>1</법정동지번코드><아파트>한남더힐</아파트><월>2</월><일>2</일><일련번호>11170-2839</일련번호><전용면적>59.686</전용면적><중개사소재지>서울 성동구, 서울 용산구</중개사소재지><지번>810</지번><지역코드>11170</지역코드><층>1</층><해제사유발생일> </해제사유발생일><해제여부> </해제여부></item><item><거래금액>   170,000</거래금액><거래유형>중개거래</거래유형><건축년도>1976</건축년도><년>2023</년><도로명>우사단로10길</도로명><도로명건물본번호코드>00039</도로명건물본번호코드><도로명건물부번호코드>00096</도로명건물부번호코드><도로명시군구코드>11170</도로명시군구코드><도로명일련번호코드>02</도로명일련번호코드><도로명지상지하코드>0</도로명지상지하코드><도로명코드>4106215</도로명코드><법정동> 한남동</법정동><법정동본번코드>0732</법정동본번코드><법정동부번코드>0019</법정동부번코드><법정동시군구코드>11170</법정동시군구코드><법정동읍면동코드>13100</법정동읍면동코드><법정동지번코드>1</법정동지번코드><아파트>장미1</아파트><월>2</월><일>9</일><일련번호>11170-188</일련번호><전용면적>75.31</전용면적><중개사소재지>서울 용산구</중개사소재지><지번>732-19</지번><지역코드>11170</지역코드><층>2</층><해제사유발생일> </해제사유발생일><해제여부> </해제여부></item><item><거래금액>   450,000</거래금액><거래유형>직거래</거래유형><건축년도>2008</건축년도><년>2023</년><도로명>유엔빌리지길</도로명><도로명건물본번호코드>00011</도로명건물본번호코드><도로명건물부번호코드>00000</도로명건물부번호코드><도로명시군구코드>11170</도로명시군구코드><도로명일련번호코드>01</도로명일련번호코드><도로명지상지하코드>0</도로명지상지하코드><도로명코드>4106272</도로명코드><법정동> 한남동</법정동><법정동본번코드>0026</법정동본번코드><법정동부번코드>0005</법정동부번코드><법정동시군구코드>11170</법정동시군구코드><법정동읍면동코드>13100</법정동읍면동코드><법정동지번코드>1</법정동지번코드><아파트>트윈빌에이동</아파트><월>2</월><일>20</일><일련번호>11170-2719</일련번호><전용면적>222.69</전용면적><중개사소재지> </중개사소재지><지번>26-5</지번><지역코드>11170</지역코드><층>5</층><해제사유발생일> </해제사유발생일><해제여부> </해제여부></item><item><거래금액>   145,000</거래금액><거래유형>중개거래</거래유형><건축년도>1973</건축년도><년>2023</년><도로명>보광로</도로명><도로명건물본번호코드>00040</도로명건물본번호코드><도로명건물부번호코드>00000</도로명건물부번호코드><도로명시군구코드>11170</도로명시군구코드><도로명일련번호코드>02</도로명일련번호코드><도로명지상지하코드>0</도로명지상지하코드><도로명코드>3102003</도로명코드><법정동> 보광동</법정동><법정동본번코드>0260</법정동본번코드><법정동부번코드>0006</법정동부번코드><법정동시군구코드>11170</법정동시군구코드><법정동읍면동코드>13600</법정동읍면동코드><법정동지번코드>1</법정동지번코드><아파트>주미</아파트><월>2</월><일>8</일><일련번호>11170-135</일련번호><전용면적>69.39</전용면적><중개사소재지>서울 용산구</중개사소재지><지번>260-6</지번><지역코드>11170</지역코드><층>10</층><해제사유발생일> </해제사유발생일><해제여부> </해제여부></item><item><거래금액>   143,000</거래금액><거래유형>중개거래</거래유형><건축년도>1973</건축년도><년>2023</년><도로명>보광로</도로명><도로명건물본번호코드>00040</도로명건물본번호코드><도로명건물부번호코드>00000</도로명건물부번호코드><도로명시군구코드>11170</도로명시군구코드><도로명일련번호코드>02</도로명일련번호코드><도로명지상지하코드>0</도로명지상지하코드><도로명코드>3102003</도로명코드><법정동> 보광동</법정동><법정동본번코드>0260</법정동본번코드><법정동부번코드>0006</법정동부번코드><법정동시군구코드>11170</법정동시군구코드><법정동읍면동코드>13600</법정동읍면동코드><법정동지번코드>1</법정동지번코드><아파트>주미</아파트><월>2</월><일>11</일><일련번호>11170-135</일련번호><전용면적>69.45</전용면적><중개사소재지>서울 용산구</중개사소재지><지번>260-6</지번><지역코드>11170</지역코드><층>5</층><해제사유발생일> </해제사유발생일><해제여부> </해제여부></item></items><numOfRows>999</numOfRows><pageNo>1</pageNo><totalCount>22</totalCount></body></response>